day not_working team1 team2 team3 team4 team5 team6 team7 team8 team9 team10 team11 team12 team13 team14 team15 team16 team17 team18 team19 team20 team21 team22 team23 team24 team25 team26 team27 team28 team29 team30 team31 team32 team33 team34 team35 team36 team37 team38 team39 team40 team41 team42 team43 team44 team45 team46 team47 team48 team49 team50 team51 team52 team53 team54 team55 team56 team57 team58 team59 team60
1 [24 57] [1 2] [1 2 3 4 5] [1 2 3] [1 2 3 4] [1 2 3 4 5 6] [1 2 3 5] [1 2 3 4 5 6 7] [1] [1 2 3 4 5 16] [1 2 3 4 5 7] [1 2 3 4 5 6 7 11] [1 2 3 4 5 17 27] [1 2 3 7] [1 2 3 4 6 7] [1 2 5] [1 2 3 4 5 6 16 27] [1 2 3 4 5 6 7 17 27] [1 2 3 4 6] [1 2 6] [1 3] [1 2 3 5 6 16] [1 2 3 4 5 6 7 17] [1 2 3 5 7] [1 2 3 5 6 7 11] [1 2 3 4 5 6 7 12] [1 2 3 4 5 6 7 11 14] [1 2 3 4 5 6 7 16] [1 2 3 5 6] [1 2 3 6] [1 2 3 4 5 6 16] [1 2 3 6 7] [1 2 3 4 6 7 11] [1 2 3 4 5 7 17] [1 2 3 5 7 17] [1 2 3 4 7] [1 2 3 6 7 17] [1 2 3 5 6 7] [1 2 3 4 5 6 7 16 17] [1 2 3 5 16 17] [1 2 3 5 6 7 17] [1 2 3 4 5 6 7 11 16] [1 2 3 4 5 6 17 27 40] [] [] [] [] [] [] [] [] [] [] [] [] [] [] [] [] [] []
2 [16 69] [1 2 3] [1 2 3 4] [1 2 3 4 5 6] [1 2 3 4 5 6 7] [1] [1 2 3 4 5 27] [1 2 3 4 5 7] [1 2 3 5] [1 2] [1 2 3 4 5 6 7 11] [1 2 3 4 5 17 27] [1 2 3 7] [1 2 3 4 5] [1 2 3 4 6 7] [1 2 5] [1 2 3 4 5 6 27 39] [1 2 3 4 5 6 7 17 27] [1 2 3 4 6] [1 2 6] [1 3] [1 2 3 5 6 17] [1 2 3 4 5 6 7 17] [1 2 3 5 7] [1 2 3 5 6 7 11] [1 2 3 4 5 6 7 12] [1 2 3 4 5 6 7 11 14] [1 2 3 4 5 6 7 27] [1 2 3 5 6] [1 2 3 6] [1 2 3 4 5 6 17] [1 2 3 6 7] [1 2 3 4 6 7 11] [1 2 3 4 5 7 17] [1 2 3 5 7 17] [1 2 3 4 7] [1 2 3 6 7 17] [1 2 3 5 6 7] [1 2 3 4 5 6 17 27] [1 2 3 5 17 27] [1 2 3 5 6 7 17] [1 2 3 4 5 6 17 27 39] [1 2 3 4 5 6 7 11 27] [1 2 3 4 5 6 17 27 40] [] [] [] [] [] [] [] [] [] [] [] [] [] [] [] [] []
3 [] [1 2 3 4 5 6] [1 2 3] [1 2 3 4 5 6 7] [1] [1 2 3 4 5 16] [1 2 3 4 5 7] [1 2 3 5] [1 2] [1 2 3 4] [1 2 3 4 5 6 7 11] [1 2 3 4 5 17 27] [1 2 3 7] [1 2 3 4 5] [1 2 3 4 6 7] [1 2 5] [1 2 3 4 5 6 16 27] [1 2 3 4 5 6 7 17 27] [1 2 3 4 6] [1 2 6] [1 3] [1 2 3 5 6 16] [1 2 3 4 5 6 7 17] [1 2 3 5 7] [1 2 3 5 6 7 11] [1 2 3 4 5 6 7 12] [1 2 3 4 5 6 7 11 14] [1 2 3 4 5 6 7 16] [1 2 3 5 6] [1 2 3 6] [1 2 3 4 5 6 16] [1 2 3 6 7] [1 2 3 4 6 7 11] [1 2 3 4 5 7 17] [1 2 3 5 7 17] [1 2 3 4 7] [1 2 3 6 7 17] [1 2 3 5 6 7] [1 2 3 4 5 6 7 16 17] [1 2 3 5 16 17] [1 2 3 5 6 7 17] [1 2 3 4 5 6 7 11 16] [1 2 3 4 5 6 17 27 40] [] [] [] [] [] [] [] [] [] [] [] [] [] [] [] [] [] []
4 [35] [1 2 3] [1 2 3 4 5 6 7] [1] [1 2 3 4 5 6] [1 2 3 4 5 16] [1 2 3 4 5 7] [1 2 3 5] [1 2] [1 2 3 4] [1 2 3 4 5 6 7 11] [1 2 3 4 5 17 27] [1 2 3 7] [1 2 3 4 5] [1 2 3 4 6 7] [1 2 5] [1 2 3 4 5 6 16 27] [1 2 3 4 5 6 7 17 27] [1 2 3 4 6] [1 2 6] [1 3] [1 2 3 5 6 16] [1 2 3 4 5 6 7 17] [1 2 3 5 7] [1 2 3 5 6 7 11] [1 2 3 4 5 6 7 12] [1 2 3 4 5 6 7 11 14] [1 2 3 4 5 6 7 16] [1 2 3 5 6] [1 2 3 6] [1 2 3 4 5 6 16] [1 2 3 6 7] [1 2 3 4 6 7 11] [1 2 3 4 5 7 17] [1 2 3 5 7 17] [1 2 3 4 7] [1 2 3 6 7 17] [1 2 3 5 6 7] [1 2 3 4 5 6 7 16 17] [1 2 3 5 16 17] [1 2 3 5 6 7 17] [1 2 3 4 5 6 7 11 16] [1 2 3 4 5 6 17 27 40] [] [] [] [] [] [] [] [] [] [] [] [] [] [] [] [] [] []
5 [36 44] [1 2 3] [1] [1 2 3 4 5 6] [1 2 3 4 5 16] [1 2 3 4 5 6 7] [1 2 3 4 5 7] [1 2 3 5] [1 2] [1 2 3 4] [1 2 3 4 5 6 7 11] [1 2 3 4 5 17 27] [1 2 3 7] [1 2 3 4 5] [1 2 3 4 6 7] [1 2 5] [1 2 3 4 5 6 16 27] [1 2 3 4 5 6 7 17 27] [1 2 3 4 6] [1 2 6] [1 3] [1 2 3 5 6 16] [1 2 3 4 5 6 7 17] [1 2 3 5 7] [1 2 3 5 6 7 11] [1 2 3 4 5 6 7 12] [1 2 3 4 5 6 7 11 14] [1 2 3 4 5 6 7 16] [1 2 3 5 6] [1 2 3 6] [1 2 3 4 5 6 16] [1 2 3 6 7] [1 2 3 4 6 7 11] [1 2 3 4 5 7 17] [1 2 3 5 7 17] [1 2 3 4 7] [1 2 3 6 7 17] [1 2 3 5 6 7] [1 2 3 4 5 6 7 16 17] [1 2 3 5 16 17] [1 2 3 5 6 7 17] [1 2 3 4 5 6 7 11 16] [1 2 3 4 5 6 17 27 40] [] [] [] [] [] [] [] [] [] [] [] [] [] [] [] [] [] []
6 [] [1 2 3] [1] [1 2 3 4 5 6] [1 2 3 4 5 16] [1 2 3 4 5 6 7] [1 2 3 4 5 7] [1 2 3 5] [1 2] [1 2 3 4] [1 2 3 4 5 6 7 11] [1 2 3 4 5 17 27] [1 2 3 7] [1 2 3 4 5] [1 2 3 4 6 7] [1 2 5] [1 2 3 4 5 6 16 27] [1 2 3 4 5 6 7 17 27] [1 2 3 4 6] [1 2 6] [1 3] [1 2 3 5 6 16] [1 2 3 4 5 6 7 17] [1 2 3 5 7] [1 2 3 5 6 7 11] [1 2 3 4 5 6 7 12] [1 2 3 4 5 6 7 11 14] [1 2 3 4 5 6 7 16] [1 2 3 5 6] [1 2 3 6] [1 2 3 4 5 6 16] [1 2 3 6 7] [1 2 3 4 6 7 11] [1 2 3 4 5 7 17] [1 2 3 5 7 17] [1 2 3 4 7] [1 2 3 6 7 17] [1 2 3 5 6 7] [1 2 3 4 5 6 7 16 17] [1 2 3 5 16 17] [1 2 3 5 6 7 17] [1 2 3 4 5 6 7 11 16] [1 2 3 4 5 6 17 27 40] [] [] [] [] [] [] [] [] [] [] [] [] [] [] [] [] [] []
7 [18 35] [1] [1 2 3 4 5 6] [1 2 3 4 5 16] [1 2 3 4 5 6 7] [1 2 3 4 5 7] [1 2 3 5] [1 2] [1 2 3 4] [1 2 3 4 5 6 7 11] [1 2 3 4 5 17 27] [1 2 3 7] [1 2 3 4 5] [1 2 3 4 6 7] [1 2 3] [1 2 5] [1 2 3 4 5 6 16 27] [1 2 3 4 5 6 7 17 27] [1 2 3 4 6] [1 2 6] [1 3] [1 2 3 5 6 16] [1 2 3 4 5 6 7 17] [1 2 3 5 7] [1 2 3 5 6 7 11] [1 2 3 4 5 6 7 12] [1 2 3 4 5 6 7 11 14] [1 2 3 4 5 6 7 16] [1 2 3 5 6] [1 2 3 6] [1 2 3 4 5 6 16] [1 2 3 6 7] [1 2 3 4 6 7 11] [1 2 3 4 5 7 17] [1 2 3 5 7 17] [1 2 3 4 7] [1 2 3 6 7 17] [1 2 3 5 6 7] [1 2 3 4 5 6 7 16 17] [1 2 3 5 16 17] [1 2 3 5 6 7 17] [1 2 3 4 5 6 7 11 16] [1 2 3 4 5 6 17 27 40] [] [] [] [] [] [] [] [] [] [] [] [] [] [] [] [] [] []
8 [18 35] [1 2 3 4 5 16] [1 2 3 4 5 6 7] [1 2 3 4 5 7] [1 2] [1 2 3 4] [1 2 3 5] [1 2 3 4 5 6 7 11] [1 2 3 4 5 6] [1 2 3 4 5 17 27] [1 2 3 7] [1 2 3 4 5] [1 2 3 4 6 7] [1 2 3] [1 2 5] [1 2 3 4 5 6 16 27] [1 2 3 4 5 6 7 17 27] [1] [1 2 3 4 6] [1 2 6] [1 3] [1 2 3 5 6 16] [1 2 3 4 5 6 7 17] [1 2 3 5 7] [1 2 3 5 6 7 11] [1 2 3 4 5 6 7 12] [1 2 3 4 5 6 7 11 14] [1 2 3 4 5 6 7 16] [1 2 3 5 6] [1 2 3 6] [1 2 3 4 5 6 16] [1 2 3 6 7] [1 2 3 4 6 7 11] [1 2 3 4 5 7 17] [1 2 3 5 7 17] [1 2 3 4 7] [1 2 3 6 7 17] [1 2 3 5 6 7] [1 2 3 4 5 6 7 16 17] [1 2 3 5 16 17] [1 2 3 5 6 7 17] [1 2 3 4 5 6 7 11 16] [1 2 3 4 5 6 17 27 40] [] [] [] [] [] [] [] [] [] [] [] [] [] [] [] [] [] []
9 [] [1 2 3 4 5 16] [1 2 3 4 5 6 7] [1 2 3 4 5 7] [1 2] [1 2 3 4] [1 2 3 5] [1 2 3 4 5 6 7 11] [1 2 3 4 5 6] [1 2 3 4 5 17 27] [1 2 3 7] [1 2 3 4 5] [1 2 3 4 6 7] [1 2 3] [1 2 5] [1 2 3 4 5 6 16 27] [1 2 3 4 5 6 7 17 27] [1] [1 2 3 4 6] [1 2 6] [1 3] [1 2 3 5 6 16] [1 2 3 4 5 6 7 17] [1 2 3 5 7] [1 2 3 5 6 7 11] [1 2 3 4 5 6 7 12] [1 2 3 4 5 6 7 11 14] [1 2 3 4 5 6 7 16] [1 2 3 5 6] [1 2 3 6] [1 2 3 4 5 6 16] [1 2 3 6 7] [1 2 3 4 6 7 11] [1 2 3 4 5 7 17] [1 2 3 5 7 17] [1 2 3 4 7] [1 2 3 6 7 17] [1 2 3 5 6 7] [1 2 3 4 5 6 7 16 17] [1 2 3 5 16 17] [1 2 3 5 6 7 17] [1 2 3 4 5 6 7 11 16] [1 2 3 4 5 6 17 27 40] [] [] [] [] [] [] [] [] [] [] [] [] [] [] [] [] [] []
10 [10 18 39] [1 2 3 4 5 6 7] [1 2 3 4 5 7] [1 2] [1 2 3 4] [1 2 3 5] [1 2 3 4 5 6 7 11] [1 2 3 4 5 6] [1 2 3 4 5 17 27] [1 2 3 7] [1 2 3 4 5] [1 2 3 4 6 7] [1 2 3] [1 2 5] [1 2 3 4 5 6 16 27] [1 2 3 4 5 6 7 17 27] [1] [1 2 3 4 6] [1 2 6] [1 3] [1 2 3 5 6 16] [1 2 3 4 5 6 7 17] [1 2 3 5 7] [1 2 3 5 6 7 11] [1 2 3 4 5 6 7 12] [1 2 3 4 5 6 7 11 14] [1 2 3 4 5 6 7 16] [1 2 3 5 6] [1 2 3 6] [1 2 3 4 5 6 16] [1 2 3 6 7] [1 2 3 4 6 7 11] [1 2 3 4 5 7 17] [1 2 3 5 7 17] [1 2 3 4 7] [1 2 3 6 7 17] [1 2 3 5 6 7] [1 2 3 4 5 6 7 16 17] [1 2 3 5 16 17] [1 2 3 5 6 7 17] [1 2 3 4 5 6 7 11 16] [1 2 3 4 5 6 17 27 40] [] [] [] [] [] [] [] [] [] [] [] [] [] [] [] [] [] [] []
11 [] [1 2] [1 2 3 4] [1 2 3 5] [1 2 3 4 5 6 7 11] [1 2 3 4 5 6] [1 2 3 4 5 17 27] [1 2 3 7] [1 2 3 4 5] [1 2 3 4 6 7] [1 2 3] [1 2 5] [1 2 3 4 5 6 16 27] [1 2 3 4 5 6 7] [1 2 3 4 5 6 7 17 27] [1] [1 2 3 4 6] [1 2 6] [1 2 3 4 5 7] [1 3] [1 2 3 5 6 16] [1 2 3 4 5 6 7 17] [1 2 3 5 7] [1 2 3 5 6 7 11] [1 2 3 4 5 6 7 12] [1 2 3 4 5 6 7 11 14] [1 2 3 4 5 6 7 16] [1 2 3 5 6] [1 2 3 6] [1 2 3 4 5 6 16] [1 2 3 6 7] [1 2 3 4 6 7 11] [1 2 3 4 5 7 17] [1 2 3 5 7 17] [1 2 3 4 7] [1 2 3 6 7 17] [1 2 3 5 6 7] [1 2 3 4 5 6 7 16 17] [1 2 3 5 16 17] [1 2 3 5 6 7 17] [1 2 3 4 5 6 7 11 16] [1 2 3 4 5 6 17 27 40] [] [] [] [] [] [] [] [] [] [] [] [] [] [] [] [] [] [] []
12 [49 55] [1 2 3 4] [1 2 3 5] [1 2 3 4 5 6 7 11] [1 2 3 4 5 6] [1 2 3 4 5 17 27] [1 2 3 7] [1 2 3 4 5] [1 2 3 4 6 7] [1 2 3] [1 2 5] [1 2 3 4 5 6 16 27] [1 2 3 4 5 6 7] [1 2 3 4 5 6 7 17 27] [1] [1 2 3 4 6] [1 2] [1 2 6] [1 2 3 4 5 7] [1 3] [1 2 3 5 6 16] [1 2 3 4 5 6 7 17] [1 2 3 5 7] [1 2 3 5 6 7 11] [1 2 3 4 5 6 7 12] [1 2 3 4 5 6 7 11 14] [1 2 3 4 5 6 7 16] [1 2 3 5 6] [1 2 3 6] [1 2 3 4 5 6 16] [1 2 3 6 7] [1 2 3 4 6 7 11] [1 2 3 4 5 7 17] [1 2 3 5 7 17] [1 2 3 4 7] [1 2 3 6 7 17] [1 2 3 5 6 7] [1 2 3 4 5 6 7 16 17] [1 2 3 5 16 17] [1 2 3 5 6 7 17] [1 2 3 4 5 6 7 11 16] [1 2 3 4 5 6 17 27 40] [] [] [] [] [] [] [] [] [] [] [] [] [] [] [] [] [] [] []
13 [40] [1 2 3 5] [1 2 3 4 5 6 7 11] [1 2 3 4 5 6] [1 2 3 4 5 17 27] [1 2 3 7] [1 2 3 4 5] [1 2 3 4 6 7] [1 2 3] [1 2 5] [1 2 3 4 5 6 16 27] [1 2 3 4 5 6 7] [1 2 3 4 5 6 7 17 27] [1] [1 2 3 4 6] [1 2] [1 2 6] [1 2 3 4 5 7] [1 3] [1 2 3 5 6 16] [1 2 3 4 5 6 7 17] [1 2 3 5 7] [1 2 3 5 6 7 11] [1 2 3 4 5 6 7 12] [1 2 3 4 5 6 7 11 14] [1 2 3 4] [1 2 3 4 5 6 7 16] [1 2 3 5 6] [1 2 3 6] [1 2 3 4 5 6 16] [1 2 3 6 7] [1 2 3 4 6 7 11] [1 2 3 4 5 7 17] [1 2 3 5 7 17] [1 2 3 4 7] [1 2 3 6 7 17] [1 2 3 5 6 7] [1 2 3 4 5 6 7 16 17] [1 2 3 5 16 17] [1 2 3 5 6 7 17] [1 2 3 4 5 6 7 11 16] [1 2 3 4 5 6 17 27 45] [] [] [] [] [] [] [] [] [] [] [] [] [] [] [] [] [] [] []
14 [27 31 55] [1 2 3 4 5 6 7 11] [1 2 3 4 5 6] [1 2 3 7] [1 2 3 4 5] [1 2 3 4 6 7] [1 2 5] [1 2 3 4 5 6 16 39] [1 2 3] [1 2 3 4 5 6 7] [1 2 3 4 5 6 7 17 40] [1] [1 2 3 4 6] [1 2] [1 2 3 5] [1 2 6] [1 2 3 4 5 7] [1 3] [1 2 3 5 6 16] [1 2 3 4 5 6 7 17] [1 2 3 5 7] [1 2 3 5 6 7 11] [1 2 3 4 5 6 7 12] [1 2 3 4 5 6 7 11 14] [1 2 3 4] [1 2 3 4 5 6 7 16] [1 2 3 5 6] [1 2 3 6] [1 2 3 4 5 6 16] [1 2 3 6 7] [1 2 3 4 6 7 11] [1 2 3 4 5 7 17] [1 2 3 5 7 17] [1 2 3 4 7] [1 2 3 4 5 17 40] [1 2 3 6 7 17] [1 2 3 5 6 7] [1 2 3 4 5 6 7 16 17] [1 2 3 5 16 17] [1 2 3 5 6 7 17] [1 2 3 4 5 6 7 11 16] [1 2 3 4 5 6 17 40 45] [] [] [] [] [] [] [] [] [] [] [] [] [] [] [] [] [] [] []
15 [46] [1 2 3 4 5 6] [1 2 3 7] [1 2 3 4 5] [1 2 3 4 6 7] [1 2 5] [1 2 3 4 5 6 16 27] [1 2 3] [1 2 3 4 5 6 7] [1 2 3 4 5 6 7 17 27] [1] [1 2 3 4 6] [1 2] [1 2 3 5] [1 2 6] [1 2 3 4 5 7] [1 3] [1 2 3 5 6 16] [1 2 3 4 5 6 7 17] [1 2 3 5 7] [1 2 3 5 6 7 11] [1 2 3 4 5 6 7 12] [1 2 3 4 5 6 7 11 14] [1 2 3 4] [1 2 3 4 5 6 7 16] [1 2 3 5 6] [1 2 3 6] [1 2 3 4 5 6 16] [1 2 3 4 5 6 7 11] [1 2 3 6 7] [1 2 3 4 6 7 11] [1 2 3 4 5 7 17] [1 2 3 5 7 17] [1 2 3 4 7] [1 2 3 4 5 17 27] [1 2 3 6 7 17] [1 2 3 5 6 7] [1 2 3 4 5 6 7 16 17] [1 2 3 5 16 17] [1 2 3 5 6 7 17] [1 2 3 4 5 6 7 11 16] [1 2 3 4 5 6 17 27 40] [] [] [] [] [] [] [] [] [] [] [] [] [] [] [] [] [] [] []
16 [36 61] [1 2 3 7] [1 2 3 4 5] [1 2 3 4 6 7] [1 2 5] [1 2 3 4 5 6] [1 2 3 4 5 6 16 27] [1 2 3] [1 2 3 4 5 6 7] [1 2 3 4 5 6 7 17 27] [1] [1 2 3 4 6] [1 2] [1 2 3 5] [1 2 6] [1 2 3 4 5 7] [1 3] [1 2 3 5 6 16] [1 2 3 4 5 6 7 17] [1 2 3 5 7] [1 2 3 5 6 7 11] [1 2 3 4 5 6 7 12] [1 2 3 4 5 6 7 11 14] [1 2 3 4] [1 2 3 4 5 6 7 16] [1 2 3 5 6] [1 2 3 6] [1 2 3 4 5 6 16] [1 2 3 4 5 6 7 11] [1 2 3 6 7] [1 2 3 4 6 7 11] [1 2 3 4 5 7 17] [1 2 3 5 7 17] [1 2 3 4 7] [1 2 3 4 5 17 27] [1 2 3 6 7 17] [1 2 3 5 6 7] [1 2 3 4 5 6 7 16 17] [1 2 3 5 16 17] [1 2 3 5 6 7 17] [1 2 3 4 5 6 7 11 16] [1 2 3 4 5 6 17 27 40] [] [] [] [] [] [] [] [] [] [] [] [] [] [] [] [] [] [] []
17 [41] [1 2 3 4 5] [1 2 3 4 6 7] [1 2 5] [1 2 3 4 5 6] [1 2 3 4 5 6 16 27] [1 2 3] [1 2 3 4 5 6 7] [1 2 3 4 5 6 7 17 27] [1] [1 2 3 4 6] [1 2] [1 2 3 5] [1 2 6] [1 2 3 4 5 7] [1 3] [1 2 3 5 6 16] [1 2 3 4 5 6 7 17] [1 2 3 5 7] [1 2 3 5 6 7 11] [1 2 3 4 5 6 7 12] [1 2 3 4 5 6 7 11 14] [1 2 3 4] [1 2 3 4 5 6 7 16] [1 2 3 5 6] [1 2 3 6] [1 2 3 4 5 6 16] [1 2 3 4 5 6 7 11] [1 2 3 6 7] [1 2 3 4 6 7 11] [1 2 3 4 5 7 17] [1 2 3 5 7 17] [1 2 3 4 7] [1 2 3 4 5 17 27] [1 2 3 6 7 17] [1 2 3 5 6 7] [1 2 3 4 5 6 7 16 17] [1 2 3 5 16 17] [1 2 3 5 6 7 17] [1 2 3 4 5 6 7 11 16] [1 2 3 4 5 6 17 27 40] [] [] [] [] [] [] [] [] [] [] [] [] [] [] [] [] [] [] [] []
18 [7] [1 2 3 4 6 11 17] [1 2 3 4 5 6] [1 2 3 4 5] [1 2 3 4 5 6 11 17] [1 2 3 4 5 6 11 17 18 27] [1 2 3] [1] [1 2 3 4 6] [1 2] [1 2 3 5] [1 2 6] [1 2 3 4 5 17] [1 3] [1 2 5] [1 2 3 4 6 11] [1 2 3 5 6 16] [1 2 3 4 5 6 17] [1 2 3 4 5 6 17 18] [1 2 3 5 17] [1 2 3 5 6 11 14] [1 2 3 4 5 6 11 17 18] [1 2 3 4 5 6 12 17] [1 2 3 4 5 6 11 14 17] [1 2 3 4] [1 2 3 4 5 6 16 17] [1 2 3 5 6] [1 2 3 4 5 11 12 17] [1 2 3 4 5 11] [1 2 3 6] [1 2 3 4 5 6 16] [1 2 3 4 5 6 11 14] [1 2 3 4 5 6 11] [1 2 3 4 5 11 17] [1 2 3 4 5 6 11 16] [1 2 3 6 11] [1 2 3 4 5 6 12] [1 2 3 4 5 6 11 12 17] [1 2 3 4 5 6 11 12] [1 2 3 4 6 11 14] [1 2 3 4 5 11 12 17 18] [1 2 3 5 17 18] [1 2 3 4 12] [1 2 3 6 11 17] [1 2 3 4 5 17 27] [1 2 3 4 5 6 16 27] [1 2 3 6 11 17 18] [1 2 3 4 5 11 12] [1 2 3 4 5 12 17] [1 2 3 4 5 6 11 12 17 18] [1 2 3 5 6 17] [1 2 3 4 5 12] [1 2 3 4 5 6 11 16 17 18] [1 2 3 4 5 6 12 16 17 18] [1 2 3 5 16 17] [1 2 3 5 6 11] [1 2 3 4 6 17] [1 2 3 5 6 11 17 18] [1 2 3 4 5 6 11 14 16 17] [1 2 3 4 5 17 18] [1 2 3 4 5 6 17 27 40]
19 [38] [1 2 3 4 5 6] [1 2 3 4 5] [1 2 3 4 5 6 7] [1 2 3 4 5 6 7 17 27] [1 2 3] [1] [1 2 3 4 6] [1 2] [1 2 3 5] [1 2 6] [1 2 3 4 5 7] [1 3] [1 2 5] [1 2 3 4 6 7] [1 2 3 5 6 16] [1 2 3 4 5 6 7 17] [1 2 3 5 7] [1 2 3 5 6 7 11] [1 2 3 4 5 6 7 12] [1 2 3 4 5 6 7 11 14] [1 2 3 4] [1 2 3 4 5 6 7 16] [1 2 3 5 6] [1 2 3 6] [1 2 3 4 5 6 16] [1 2 3 4 5 6 7 11] [1 2 3 6 7] [1 2 3 4 6 7 11] [1 2 3 4 5 7 17] [1 2 3 5 7 17] [1 2 3 4 7] [1 2 3 4 5 17 27] [1 2 3 4 5 6 16 27] [1 2 3 6 7 17] [1 2 3 5 6 7] [1 2 3 4 5 6 7 16 17] [1 2 3 5 16 17] [1 2 3 5 6 7 17] [1 2 3 4 5 6 7 11 16] [1 2 3 4 5 6 17 27 40] [] [] [] [] [] [] [] [] [] [] [] [] [] [] [] [] [] [] [] []
20 [47] [1 2 3 4 5] [1 2 3 4 5 6 7] [1 2 3 4 5 6 7 17 27] [1 2 3] [1] [1 2 3 4 6] [1 2 3 4 5 6] [1 2] [1 2 3 5] [1 2 6] [1 2 3 4 5 7] [1 3] [1 2 5] [1 2 3 4 6 7] [1 2 3 5 6 16] [1 2 3 4 5 6 7 17] [1 2 3 5 7] [1 2 3 5 6 7 11] [1 2 3 4 5 6 7 12] [1 2 3 4 5 6 7 11 14] [1 2 3 4] [1 2 3 4 5 6 7 16] [1 2 3 5 6] [1 2 3 6] [1 2 3 4 5 6 16] [1 2 3 4 5 6 7 11] [1 2 3 6 7] [1 2 3 4 6 7 11] [1 2 3 4 5 7 17] [1 2 3 5 7 17] [1 2 3 4 7] [1 2 3 4 5 17 27] [1 2 3 4 5 6 16 27] [1 2 3 6 7 17] [1 2 3 5 6 7] [1 2 3 4 5 6 7 16 17] [1 2 3 5 16 17] [1 2 3 5 6 7 17] [1 2 3 4 5 6 7 11 16] [1 2 3 4 5 6 17 27 40] [] [] [] [] [] [] [] [] [] [] [] [] [] [] [] [] [] [] [] []
21 [] [1 2 3 4 5 6 7] [1 2 3 4 5 6 7 17 27] [1 2 3] [1 2 3 4 5] [1 2 3 4 6] [1 2 3 4 5 6] [1 2] [1 2 3 5] [1 2 6] [1] [1 2 3 4 5 7] [1 3] [1 2 5] [1 2 3 4 6 7] [1 2 3 5 6 16] [1 2 3 4 5 6 7 17] [1 2 3 5 7] [1 2 3 5 6 7 11] [1 2 3 4 5 6 7 12] [1 2 3 4 5 6 7 11 14] [1 2 3 4] [1 2 3 4 5 6 7 16] [1 2 3 5 6] [1 2 3 6] [1 2 3 4 5 6 16] [1 2 3 4 5 6 7 11] [1 2 3 6 7] [1 2 3 4 6 7 11] [1 2 3 4 5 7 17] [1 2 3 5 7 17] [1 2 3 4 7] [1 2 3 4 5 17 27] [1 2 3 4 5 6 16 27] [1 2 3 6 7 17] [1 2 3 5 6 7] [1 2 3 4 5 6 7 16 17] [1 2 3 5 16 17] [1 2 3 5 6 7 17] [1 2 3 4 5 6 7 11 16] [1 2 3 4 5 6 17 27 40] [] [] [] [] [] [] [] [] [] [] [] [] [] [] [] [] [] [] [] []
22 [51] [1 2 3 4 5 6 7] [1 2 3 4 5 6 7 17 27] [1 2 3] [1 2 3 4 5] [1 2 3 4 6] [1 2 3 4 5 6] [1 2] [1 2 3 5] [1 2 6] [1] [1 2 3 4 5 7] [1 3] [1 2 5] [1 2 3 4 6 7] [1 2 3 5 6 16] [1 2 3 4 5 6 7 17] [1 2 3 5 7] [1 2 3 5 6 7 11] [1 2 3 4 5 6 7 12] [1 2 3 4 5 6 7 11 14] [1 2 3 4] [1 2 3 4 5 6 7 16] [1 2 3 5 6] [1 2 3 6] [1 2 3 4 5 6 16] [1 2 3 4 5 6 7 11] [1 2 3 6 7] [1 2 3 4 6 7 11] [1 2 3 4 5 7 17] [1 2 3 5 7 17] [1 2 3 4 7] [1 2 3 4 5 17 27] [1 2 3 4 5 6 16 27] [1 2 3 6 7 17] [1 2 3 5 6 7] [1 2 3 4 5 6 7 16 17] [1 2 3 5 16 17] [1 2 3 5 6 7 17] [1 2 3 4 5 6 7 11 16] [1 2 3 4 5 6 17 27 40] [] [] [] [] [] [] [] [] [] [] [] [] [] [] [] [] [] [] [] []
23 [27 54] [1 2 3 4 5 6 7 17 40] [1 2 3] [1 2 3 4 5] [1 2 3 4 6] [1 2 3 4 5 6] [1 2] [1 2 3 5] [1 2 3 4 5 6 7] [1 2 6] [1] [1 2 3 4 5 7] [1 3] [1 2 5] [1 2 3 4 6 7] [1 2 3 5 6 16] [1 2 3 4 5 6 7 17] [1 2 3 5 7] [1 2 3 5 6 7 11] [1 2 3 4 5 6 7 12] [1 2 3 4 5 6 7 11 14] [1 2 3 4] [1 2 3 4 5 6 7 16] [1 2 3 5 6] [1 2 3 6] [1 2 3 4 5 6 16] [1 2 3 4 5 6 7 11] [1 2 3 6 7] [1 2 3 4 6 7 11] [1 2 3 4 5 7 17] [1 2 3 5 7 17] [1 2 3 4 7] [1 2 3 4 5 17 40] [1 2 3 4 5 6 16 39] [1 2 3 6 7 17] [1 2 3 5 6 7] [1 2 3 4 5 6 7 16 17] [1 2 3 5 16 17] [1 2 3 5 6 7 17] [1 2 3 4 5 6 7 11 16] [1 2 3 4 5 6 17 40 45] [] [] [] [] [] [] [] [] [] [] [] [] [] [] [] [] [] [] [] []
24 [67] [1 2 3 4 5 6 7 17 27] [1 2 3] [1 2 3 4 5] [1 2 3 4 6] [1 2 3 4 5 6] [1 2] [1 2 3 5] [1 2 3 4 5 6 7] [1 2 6] [1] [1 2 3 4 5 7] [1 3] [1 2 5] [1 2 3 4 6 7] [1 2 3 5 6 16] [1 2 3 4 5 6 7 17] [1 2 3 5 7] [1 2 3 5 6 7 11] [1 2 3 4 5 6 7 12] [1 2 3 4 5 6 7 11 14] [1 2 3 4] [1 2 3 4 5 6 7 16] [1 2 3 5 6] [1 2 3 6] [1 2 3 4 5 6 16] [1 2 3 4 5 6 7 11] [1 2 3 6 7] [1 2 3 4 6 7 11] [1 2 3 4 5 7 17] [1 2 3 5 7 17] [1 2 3 4 7] [1 2 3 4 5 17 27] [1 2 3 4 5 6 16 27] [1 2 3 6 7 17] [1 2 3 5 6 7] [1 2 3 4 5 6 7 16 17] [1 2 3 5 16 17] [1 2 3 5 6 7 17] [1 2 3 4 5 6 7 11 16] [1 2 3 4 5 6 17 27 40] [] [] [] [] [] [] [] [] [] [] [] [] [] [] [] [] [] [] [] []
25 [39] [1 2 3] [1 2 3 4 5] [1 2 3 4 6] [1 2 3 4 5 6] [1 2] [1 2 3 5] [1 2 3 4 5 6 7] [1 2 6] [1] [1 2 3 4 5 7] [1 3] [1 2 5] [1 2 3 4 6 7] [1 2 3 5 6 16] [1 2 3 4 5 6 7 17] [1 2 3 5 7] [1 2 3 5 6 7 11] [1 2 3 4 5 6 7 12] [1 2 3 4 5 6 7 11 14] [1 2 3 4] [1 2 3 4 5 6 7 16] [1 2 3 5 6] [1 2 3 6] [1 2 3 4 5 6 16] [1 2 3 4 5 6 7 11] [1 2 3 6 7] [1 2 3 4 6 7 11] [1 2 3 4 5 7 17] [1 2 3 5 7 17] [1 2 3 4 7] [1 2 3 4 5 17 27] [1 2 3 4 5 6 16 27] [1 2 3 6 7 17] [1 2 3 5 6 7] [1 2 3 4 5 6 7 16 17] [1 2 3 5 16 17] [1 2 3 5 6 7 17] [1 2 3 4 5 6 7 17 27] [1 2 3 4 5 6 7 11 16] [1 2 3 4 5 6 17 27 40] [] [] [] [] [] [] [] [] [] [] [] [] [] [] [] [] [] [] [] []
26 [48 51] [1 2 3] [1 2 3 4 5] [1 2 3 4 6] [1 2 3 4 5 6] [1 2] [1 2 3 5] [1 2 3 4 5 6 7] [1 2 6] [1] [1 2 3 4 5 7] [1 3] [1 2 5] [1 2 3 4 6 7] [1 2 3 5 6 16] [1 2 3 4 5 6 7 17] [1 2 3 5 7] [1 2 3 5 6 7 11] [1 2 3 4 5 6 7 12] [1 2 3 4 5 6 7 11 14] [1 2 3 4] [1 2 3 4 5 6 7 16] [1 2 3 5 6] [1 2 3 6] [1 2 3 4 5 6 16] [1 2 3 4 5 6 7 11] [1 2 3 6 7] [1 2 3 4 6 7 11] [1 2 3 4 5 7 17] [1 2 3 5 7 17] [1 2 3 4 7] [1 2 3 4 5 17 27] [1 2 3 4 5 6 16 27] [1 2 3 6 7 17] [1 2 3 5 6 7] [1 2 3 4 5 6 7 16 17] [1 2 3 5 16 17] [1 2 3 5 6 7 17] [1 2 3 4 5 6 7 17 27] [1 2 3 4 5 6 7 11 16] [1 2 3 4 5 6 17 27 40] [] [] [] [] [] [] [] [] [] [] [] [] [] [] [] [] [] [] [] []
27 [] [1 2 3 4 6] [1 2 3 4 5 6] [1 2 3 5] [1 2 3 4 5 6 7] [1 2] [1 2 3 4 5] [1 2 3] [1 2 6] [1] [1 2 3 4 5 7] [1 3] [1 2 5] [1 2 3 4 6 7] [1 2 3 5 6 16] [1 2 3 4 5 6 7 17] [1 2 3 5 7] [1 2 3 5 6 7 11] [1 2 3 4 5 6 7 12] [1 2 3 4 5 6 7 11 14] [1 2 3 4] [1 2 3 4 5 6 7 16] [1 2 3 5 6] [1 2 3 6] [1 2 3 4 5 6 16] [1 2 3 4 5 6 7 11] [1 2 3 6 7] [1 2 3 4 6 7 11] [1 2 3 4 5 7 17] [1 2 3 5 7 17] [1 2 3 4 7] [1 2 3 4 5 17 27] [1 2 3 4 5 6 16 27] [1 2 3 6 7 17] [1 2 3 5 6 7] [1 2 3 4 5 6 7 16 17] [1 2 3 5 16 17] [1 2 3 5 6 7 17] [1 2 3 4 5 6 7 17 27] [1 2 3 4 5 6 7 11 16] [1 2 3 4 5 6 17 27 40] [] [] [] [] [] [] [] [] [] [] [] [] [] [] [] [] [] [] [] []
28 [61] [1 2 3 5] [1 2 3 4 5 6] [1 2 3 4 5 6 7] [1 2] [1 2 3 4 5] [1 2 3] [1 2 6] [1] [1 2 3 4 5 7] [1 3] [1 2 5] [1 2 3 4 6 7] [1 2 3 5 6 16] [1 2 3 4 5 6 7 17] [1 2 3 5 7] [1 2 3 5 6 7 11] [1 2 3 4 5 6 7 12] [1 2 3 4 6] [1 2 3 4 5 6 7 11 14] [1 2 3 4] [1 2 3 4 5 6 7 16] [1 2 3 5 6] [1 2 3 6] [1 2 3 4 5 6 16] [1 2 3 4 5 6 7 11] [1 2 3 6 7] [1 2 3 4 6 7 11] [1 2 3 4 5 7 17] [1 2 3 5 7 17] [1 2 3 4 7] [1 2 3 4 5 17 27] [1 2 3 4 5 6 16 27] [1 2 3 6 7 17] [1 2 3 5 6 7] [1 2 3 4 5 6 7 16 17] [1 2 3 5 16 17] [1 2 3 5 6 7 17] [1 2 3 4 5 6 7 17 27] [1 2 3 4 5 6 7 11 16] [1 2 3 4 5 6 17 27 40] [] [] [] [] [] [] [] [] [] [] [] [] [] [] [] [] [] [] [] []
29 [1 12 66] [2 3 4 5 6] [2] [2 3 4 5 6 7] [2 3] [2 3 4 5] [2 6] [2 3 4 5 7] [2 3 5] [2 3 4] [2 3 6] [2 3 4 5 6 16] [2 3 4 5 6 7 17] [2 3 4 5 6 7 11] [2 3 4 5 6 7 30] [2 3 4 5 6 7 11 14] [2 3 4 5 6 7 11 16] [2 3 4 6] [2 3 4 5 6 11 16] [2 3 4 5 6 7 16] [2 3 4 5 6 11] [2 3 5 6] [2 3 4 5 7 17] [2 3 4 5 6 17 27] [2 3 4 5 6 16 27] [2 3 4 5 6 7 16 17] [2 3 4 5 16 17] [2 3 4 5 6 7 17 27] [2 5] [2 3 4 5 6 11 16 27] [2 3 4 5 6 7 11 17 27 40] [2 3 4 6 7] [2 3 4 5 6 7 11 17] [] [] [] [] [] [] [] [] [] [] [] [] [] [] [] [] [] [] [] [] [] [] [] [] [] [] [] []
30 [16] [1] [1 2 3 4 5 6 7] [1 2] [1 2 3] [1 2 6] [1 2 3 4 5] [1 2 3 4 5 7] [1 3] [1 2 5] [1 2 3 4 6 7] [1 2 3 5 6 17] [1 2 3 4 5 6 7 17] [1 2 3 5 7] [1 2 3 5 6 7 11] [1 2 3 4 5 6 7 12] [1 2 3 4 6] [1 2 3 4 5 6] [1 2 3 4 5 6 7 11 14] [1 2 3 4] [1 2 3 5] [1 2 3 4 5 6 7 27] [1 2 3 5 6] [1 2 3 6] [1 2 3 4 5 6 17] [1 2 3 4 5 6 7 11] [1 2 3 6 7] [1 2 3 4 6 7 11] [1 2 3 4 5 7 17] [1 2 3 5 7 17] [1 2 3 4 7] [1 2 3 4 5 17 27] [1 2 3 4 5 6 27 39] [1 2 3 6 7 17] [1 2 3 5 6 7] [1 2 3 4 5 6 7 17 27] [1 2 3 4 5 6 17 27] [1 2 3 5 17 27] [1 2 3 5 6 7 17] [1 2 3 4 5 6 17 27 39] [1 2 3 4 5 6 7 11 27] [1 2 3 4 5 6 17 27 40] [] [] [] [] [] [] [] [] [] [] [] [] [] [] [] [] [] [] []
31 [] [1 2 3] [1 2 6] [1 2] [1 2 3 4 5] [1] [1 2 3 4 5 7] [1 3] [1 2 5] [1 2 3 4 6 7] [1 2 3 5 6 16] [1 2 3 4 5 6 7] [1 2 3 4 5 6 7 17] [1 2 3 5 7] [1 2 3 5 6 7 11] [1 2 3 4 5 6 7 12] [1 2 3 4 6] [1 2 3 4 5 6] [1 2 3 4 5 6 7 11 14] [1 2 3 4] [1 2 3 5] [1 2 3 4 5 6 7 16] [1 2 3 5 6] [1 2 3 6] [1 2 3 4 5 6 16] [1 2 3 4 5 6 7 11] [1 2 3 6 7] [1 2 3 4 6 7 11] [1 2 3 4 5 7 17] [1 2 3 5 7 17] [1 2 3 4 7] [1 2 3 4 5 17 27] [1 2 3 4 5 6 16 27] [1 2 3 6 7 17] [1 2 3 5 6 7] [1 2 3 4 5 6 7 16 17] [1 2 3 5 16 17] [1 2 3 5 6 7 17] [1 2 3 4 5 6 7 17 27] [1 2 3 4 5 6 7 11 16] [1 2 3 4 5 6 17 27 40] [] [] [] [] [] [] [] [] [] [] [] [] [] [] [] [] [] [] [] []
32 [] [1 2 6] [1 2] [1 2 3 4 5] [1] [1 2 3 4 5 7] [1 3] [1 2 5] [1 2 3 4 6 7] [1 2 3] [1 2 3 5 6 16] [1 2 3 4 5 6 7] [1 2 3 4 5 6 7 17] [1 2 3 5 7] [1 2 3 5 6 7 11] [1 2 3 4 5 6 7 12] [1 2 3 4 6] [1 2 3 4 5 6] [1 2 3 4 5 6 7 11 14] [1 2 3 4] [1 2 3 5] [1 2 3 4 5 6 7 16] [1 2 3 5 6] [1 2 3 6] [1 2 3 4 5 6 16] [1 2 3 4 5 6 7 11] [1 2 3 6 7] [1 2 3 4 6 7 11] [1 2 3 4 5 7 17] [1 2 3 5 7 17] [1 2 3 4 7] [1 2 3 4 5 17 27] [1 2 3 4 5 6 16 27] [1 2 3 6 7 17] [1 2 3 5 6 7] [1 2 3 4 5 6 7 16 17] [1 2 3 5 16 17] [1 2 3 5 6 7 17] [1 2 3 4 5 6 7 17 27] [1 2 3 4 5 6 7 11 16] [1 2 3 4 5 6 17 27 40] [] [] [] [] [] [] [] [] [] [] [] [] [] [] [] [] [] [] [] []
33 [] [1 2] [1] [1 2 3 4 5 7] [1 3] [1 2 5] [1 2 3 4 6 7] [1 2 3] [1 2 6] [1 2 3 4 5] [1 2 3 5 6 16] [1 2 3 4 5 6 7] [1 2 3 4 5 6 7 17] [1 2 3 5 7] [1 2 3 5 6 7 11] [1 2 3 4 5 6 7 12] [1 2 3 4 6] [1 2 3 4 5 6] [1 2 3 4 5 6 7 11 14] [1 2 3 4] [1 2 3 5] [1 2 3 4 5 6 7 16] [1 2 3 5 6] [1 2 3 6] [1 2 3 4 5 6 16] [1 2 3 4 5 6 7 11] [1 2 3 6 7] [1 2 3 4 6 7 11] [1 2 3 4 5 7 17] [1 2 3 5 7 17] [1 2 3 4 7] [1 2 3 4 5 17 27] [1 2 3 4 5 6 16 27] [1 2 3 6 7 17] [1 2 3 5 6 7] [1 2 3 4 5 6 7 16 17] [1 2 3 5 16 17] [1 2 3 5 6 7 17] [1 2 3 4 5 6 7 17 27] [1 2 3 4 5 6 7 11 16] [1 2 3 4 5 6 17 27 40] [] [] [] [] [] [] [] [] [] [] [] [] [] [] [] [] [] [] [] []
34 [] [1 2 3 4 5 7] [1 3] [1 2 5] [1 2] [1 2 3 4 6 7] [1 2 3] [1 2 6] [1 2 3 4 5] [1 2 3 5 6 16] [1 2 3 4 5 6 7] [1 2 3 4 5 6 7 17] [1] [1 2 3 5 7] [1 2 3 5 6 7 11] [1 2 3 4 5 6 7 12] [1 2 3 4 6] [1 2 3 4 5 6] [1 2 3 4 5 6 7 11 14] [1 2 3 4] [1 2 3 5] [1 2 3 4 5 6 7 16] [1 2 3 5 6] [1 2 3 6] [1 2 3 4 5 6 16] [1 2 3 4 5 6 7 11] [1 2 3 6 7] [1 2 3 4 6 7 11] [1 2 3 4 5 7 17] [1 2 3 5 7 17] [1 2 3 4 7] [1 2 3 4 5 17 27] [1 2 3 4 5 6 16 27] [1 2 3 6 7 17] [1 2 3 5 6 7] [1 2 3 4 5 6 7 16 17] [1 2 3 5 16 17] [1 2 3 5 6 7 17] [1 2 3 4 5 6 7 17 27] [1 2 3 4 5 6 7 11 16] [1 2 3 4 5 6 17 27 40] [] [] [] [] [] [] [] [] [] [] [] [] [] [] [] [] [] [] [] []
35 [] [1 2 3 4 5 7] [1 2] [1 2 3 4 6 7] [1 2 3] [1 2 6] [1 2 3 4 5] [1 2 3 5 6 16] [1 2 3 4 5 6 7] [1 2 3 4 5 6 7 17] [1] [1 2 3 5 7] [1 3] [1 2 3 5 6 7 11] [1 2 3 4 5 6 7 12] [1 2 3 4 6] [1 2 3 4 5 6] [1 2 3 4 5 6 7 11 14] [1 2 3 4] [1 2 3 5] [1 2 3 4 5 6 7 16] [1 2 3 5 6] [1 2 5] [1 2 3 6] [1 2 3 4 5 6 16] [1 2 3 4 5 6 7 11] [1 2 3 6 7] [1 2 3 4 6 7 11] [1 2 3 4 5 7 17] [1 2 3 5 7 17] [1 2 3 4 7] [1 2 3 4 5 17 27] [1 2 3 4 5 6 16 27] [1 2 3 6 7 17] [1 2 3 5 6 7] [1 2 3 4 5 6 7 16 17] [1 2 3 5 16 17] [1 2 3 5 6 7 17] [1 2 3 4 5 6 7 17 27] [1 2 3 4 5 6 7 11 16] [1 2 3 4 5 6 17 27 40] [] [] [] [] [] [] [] [] [] [] [] [] [] [] [] [] [] [] [] []
36 [] [1 2] [1 2 3 4 6 7] [1 2 3] [1 2 6] [1 2 3 4 5] [1 2 3 5 6 16] [1 2 3 4 5 6 7] [1 2 3 4 5 6 7 17] [1] [1 2 3 5 7] [1 2 3 4 5 7] [1 3] [1 2 3 5 6 7 11] [1 2 3 4 5 6 7 12] [1 2 3 4 6] [1 2 3 4 5 6] [1 2 3 4 5 6 7 11 14] [1 2 3 4] [1 2 3 5] [1 2 3 4 5 6 7 16] [1 2 3 5 6] [1 2 5] [1 2 3 6] [1 2 3 4 5 6 16] [1 2 3 4 5 6 7 11] [1 2 3 6 7] [1 2 3 4 6 7 11] [1 2 3 4 5 7 17] [1 2 3 5 7 17] [1 2 3 4 7] [1 2 3 4 5 17 27] [1 2 3 4 5 6 16 27] [1 2 3 6 7 17] [1 2 3 5 6 7] [1 2 3 4 5 6 7 16 17] [1 2 3 5 16 17] [1 2 3 5 6 7 17] [1 2 3 4 5 6 7 17 27] [1 2 3 4 5 6 7 11 16] [1 2 3 4 5 6 17 27 40] [] [] [] [] [] [] [] [] [] [] [] [] [] [] [] [] [] [] [] []
37 [] [1 2 3] [1 2 3 4 5] [1 2 3 5 6 16] [1 2 3 4 5 6 7] [1 2 3 4 5 6 7 17] [1] [1 2 3 5 7] [1 2 3 4 5 7] [1 3] [1 2 3 5 6 7 11] [1 2] [1 2 3 4 5 6 7 12] [1 2 3 4 6] [1 2 3 4 5 6] [1 2 3 4 5 6 7 11 14] [1 2 3 4] [1 2 3 5] [1 2 3 4 5 6 7 16] [1 2 3 5 6] [1 2 5] [1 2 3 6] [1 2 3 4 5 6 16] [1 2 3 4 6 7] [1 2 3 4 5 6 7 11] [1 2 3 6 7] [1 2 3 4 6 7 11] [1 2 3 4 5 7 17] [1 2 3 5 7 17] [1 2 3 4 7] [1 2 3 4 5 17 27] [1 2 3 4 5 6 16 27] [1 2 3 6 7 17] [1 2 3 5 6 7] [1 2 3 4 5 6 7 16 17] [1 2 3 5 16 17] [1 2 3 5 6 7 17] [1 2 3 4 5 6 7 17 27] [1 2 6] [1 2 3 4 5 6 7 11 16] [1 2 3 4 5 6 17 27 40] [] [] [] [] [] [] [] [] [] [] [] [] [] [] [] [] [] [] [] []
38 [] [1 2 3] [1 2 3 4 5] [1 2 3 5 6 16] [1 2 3 4 5 6 7] [1 2 3 4 5 6 7 17] [1] [1 2 3 5 7] [1 2 3 4 5 7] [1 3] [1 2 3 5 6 7 11] [1 2] [1 2 3 4 5 6 7 12] [1 2 3 4 6] [1 2 3 4 5 6] [1 2 3 4 5 6 7 11 14] [1 2 3 4] [1 2 3 5] [1 2 3 4 5 6 7 16] [1 2 3 5 6] [1 2 5] [1 2 3 6] [1 2 3 4 5 6 16] [1 2 3 4 6 7] [1 2 3 4 5 6 7 11] [1 2 3 6 7] [1 2 3 4 6 7 11] [1 2 3 4 5 7 17] [1 2 3 5 7 17] [1 2 3 4 7] [1 2 3 4 5 17 27] [1 2 3 4 5 6 16 27] [1 2 3 6 7 17] [1 2 3 5 6 7] [1 2 3 4 5 6 7 16 17] [1 2 3 5 16 17] [1 2 3 5 6 7 17] [1 2 3 4 5 6 7 17 27] [1 2 6] [1 2 3 4 5 6 7 11 16] [1 2 3 4 5 6 17 27 40] [] [] [] [] [] [] [] [] [] [] [] [] [] [] [] [] [] [] [] []
39 [] [1 2 3 4 5] [1 2 3 5 6 16] [1 2 3 4 5 6 7] [1 2 3 4 5 6 7 17] [1] [1 2 3 5 7] [1 2 3 4 5 7] [1 3] [1 2 3 5 6 7 11] [1 2] [1 2 3 4 5 6 7 12] [1 2 3 4 6] [1 2 3 4 5 6] [1 2 3 4 5 6 7 11 14] [1 2 3] [1 2 3 4] [1 2 3 5] [1 2 3 4 5 6 7 16] [1 2 3 5 6] [1 2 5] [1 2 3 6] [1 2 3 4 5 6 16] [1 2 3 4 6 7] [1 2 3 4 5 6 7 11] [1 2 3 6 7] [1 2 3 4 6 7 11] [1 2 3 4 5 7 17] [1 2 3 5 7 17] [1 2 3 4 7] [1 2 3 4 5 17 27] [1 2 3 4 5 6 16 27] [1 2 3 6 7 17] [1 2 3 5 6 7] [1 2 3 4 5 6 7 16 17] [1 2 3 5 16 17] [1 2 3 5 6 7 17] [1 2 3 4 5 6 7 17 27] [1 2 6] [1 2 3 4 5 6 7 11 16] [1 2 3 4 5 6 17 27 40] [] [] [] [] [] [] [] [] [] [] [] [] [] [] [] [] [] [] [] []
40 [] [1 2 3 5 6 16] [1 2 3 4 5 6 7] [1] [1 2 3 4 5 6 7 17] [1 2 3 5 7] [1 2 3 4 5 7] [1 3] [1 2 3 5 6 7 11] [1 2] [1 2 3 4 5] [1 2 3 4 5 6 7 12] [1 2 3 4 6] [1 2 3 4 5 6] [1 2 3 4 5 6 7 11 14] [1 2 3] [1 2 3 4] [1 2 3 5] [1 2 3 4 5 6 7 16] [1 2 3 5 6] [1 2 5] [1 2 3 6] [1 2 3 4 5 6 16] [1 2 3 4 6 7] [1 2 3 4 5 6 7 11] [1 2 3 6 7] [1 2 3 4 6 7 11] [1 2 3 4 5 7 17] [1 2 3 5 7 17] [1 2 3 4 7] [1 2 3 4 5 17 27] [1 2 3 4 5 6 16 27] [1 2 3 6 7 17] [1 2 3 5 6 7] [1 2 3 4 5 6 7 16 17] [1 2 3 5 16 17] [1 2 3 5 6 7 17] [1 2 3 4 5 6 7 17 27] [1 2 6] [1 2 3 4 5 6 7 11 16] [1 2 3 4 5 6 17 27 40] [] [] [] [] [] [] [] [] [] [] [] [] [] [] [] [] [] [] [] []
41 [] [1 2 3 4 5 6 7] [1] [1 2 3 4 5 6 7 17] [1 2 3 5 7] [1 2 3 4 5 7] [1 3] [1 2 3 5 6 7 11] [1 2] [1 2 3 4 5] [1 2 3 4 5 6 7 12] [1 2 3 4 6] [1 2 3 4 5 6] [1 2 3 4 5 6 7 11 14] [1 2 3] [1 2 3 4] [1 2 3 5] [1 2 3 4 5 6 7 16] [1 2 3 5 6] [1 2 5] [1 2 3 6] [1 2 3 4 5 6 16] [1 2 3 4 6 7] [1 2 3 4 5 6 7 11] [1 2 3 6 7] [1 2 3 4 6 7 11] [1 2 3 4 5 7 17] [1 2 3 5 7 17] [1 2 3 4 7] [1 2 3 4 5 17 27] [1 2 3 4 5 6 16 27] [1 2 3 6 7 17] [1 2 3 5 6 7] [1 2 3 4 5 6 7 16 17] [1 2 3 5 16 17] [1 2 3 5 6 7 17] [1 2 3 4 5 6 7 17 27] [1 2 6] [1 2 3 4 5 6 7 11 16] [1 2 3 4 5 6 17 27 40] [] [] [] [] [] [] [] [] [] [] [] [] [] [] [] [] [] [] [] [] []
42 [] [1] [1 2 3 4 5 6 7 17] [1 2 3 5 7] [1 2 3 4 5 7] [1 3] [1 2 3 5 6 7 11] [1 2] [1 2 3 4 5] [1 2 3 4 5 6 7 12] [1 2 3 4 6] [1 2 3 4 5 6] [1 2 3 4 5 6 7 11 14] [1 2 3] [1 2 3 4] [1 2 3 5] [1 2 3 4 5 6 7 16] [1 2 3 5 6] [1 2 5] [1 2 3 6] [1 2 3 4 5 6 16] [1 2 3 4 6 7] [1 2 3 4 5 6 7 11] [1 2 3 4 5 6 7] [1 2 3 6 7] [1 2 3 4 6 7 11] [1 2 3 4 5 7 17] [1 2 3 5 7 17] [1 2 3 4 7] [1 2 3 4 5 17 27] [1 2 3 4 5 6 16 27] [1 2 3 6 7 17] [1 2 3 5 6 7] [1 2 3 4 5 6 7 16 17] [1 2 3 5 16 17] [1 2 3 5 6 7 17] [1 2 3 4 5 6 7 17 27] [1 2 6] [1 2 3 4 5 6 7 11 16] [1 2 3 4 5 6 17 27 40] [] [] [] [] [] [] [] [] [] [] [] [] [] [] [] [] [] [] [] [] []
43 [] [1 2 3 4 5 6 7 17] [1 2 3 4 5 7] [1 3] [1 2 3 5 6 7 11] [1 2] [1] [1 2 3 4 5] [1 2 3 4 5 6 7 12] [1 2 3 4 6] [1 2 3 4 5 6] [1 2 3 4 5 6 7 11 14] [1 2 3] [1 2 3 4] [1 2 3 5] [1 2 3 4 5 6 7 16] [1 2 3 5 7] [1 2 3 5 6] [1 2 5] [1 2 3 6] [1 2 3 4 5 6 16] [1 2 3 4 6 7] [1 2 3 4 5 6 7 11] [1 2 3 4 5 6 7] [1 2 3 6 7] [1 2 3 4 6 7 11] [1 2 3 4 5 7 17] [1 2 3 5 7 17] [1 2 3 4 7] [1 2 3 4 5 17 27] [1 2 3 4 5 6 16 27] [1 2 3 6 7 17] [1 2 3 5 6 7] [1 2 3 4 5 6 7 16 17] [1 2 3 5 16 17] [1 2 3 5 6 7 17] [1 2 3 4 5 6 7 17 27] [1 2 6] [1 2 3 4 5 6 7 11 16] [1 2 3 4 5 6 17 27 40] [] [] [] [] [] [] [] [] [] [] [] [] [] [] [] [] [] [] [] [] []
44 [] [1 2 3 4 5 7] [1 3] [1 2 3 5 6 7 11] [1 2 3 4 5 6 7 17] [1 2] [1] [1 2 3 4 5] [1 2 3 4 5 6 7 12] [1 2 3 4 6] [1 2 3 4 5 6] [1 2 3 4 5 6 7 11 14] [1 2 3] [1 2 3 4] [1 2 3 5] [1 2 3 4 5 6 7 16] [1 2 3 5 7] [1 2 3 5 6] [1 2 5] [1 2 3 6] [1 2 3 4 5 6 16] [1 2 3 4 6 7] [1 2 3 4 5 6 7 11] [1 2 3 4 5 6 7] [1 2 3 6 7] [1 2 3 4 6 7 11] [1 2 3 4 5 7 17] [1 2 3 5 7 17] [1 2 3 4 7] [1 2 3 4 5 17 27] [1 2 3 4 5 6 16 27] [1 2 3 6 7 17] [1 2 3 5 6 7] [1 2 3 4 5 6 7 16 17] [1 2 3 5 16 17] [1 2 3 5 6 7 17] [1 2 3 4 5 6 7 17 27] [1 2 6] [1 2 3 4 5 6 7 11 16] [1 2 3 4 5 6 17 27 40] [] [] [] [] [] [] [] [] [] [] [] [] [] [] [] [] [] [] [] [] []
45 [] [1 2 3 5 6 7 11] [1 2 3 4 5 6 7 17] [1] [1 2 3 4 5] [1 2 3 4 5 6 7 12] [1 2 3 4 6] [1 2] [1 3] [1 2 3 4 5 6] [1 2 3 4 5 6 7 11 14] [1 2 3] [1 2 3 4] [1 2 3 5] [1 2 3 4 5 6 7 16] [1 2 3 5 7] [1 2 3 5 6] [1 2 5] [1 2 3 4 5 7] [1 2 3 6] [1 2 3 4 5 6 16] [1 2 3 4 6 7] [1 2 3 4 5 6 7 11] [1 2 3 4 5 6 7] [1 2 3 6 7] [1 2 3 4 6 7 11] [1 2 3 4 5 7 17] [1 2 3 5 7 17] [1 2 3 4 7] [1 2 3 4 5 17 27] [1 2 3 4 5 6 16 27] [1 2 3 6 7 17] [1 2 3 5 6 7] [1 2 3 4 5 6 7 16 17] [1 2 3 5 16 17] [1 2 3 5 6 7 17] [1 2 3 4 5 6 7 17 27] [1 2 6] [1 2 3 4 5 6 7 11 16] [1 2 3 4 5 6 17 27 40] [] [] [] [] [] [] [] [] [] [] [] [] [] [] [] [] [] [] [] [] []
46 [] [1 2 3 4 5 6 7 17] [1 2 3 4 5] [1 2 3 4 5 6 7 12] [1 2] [1 3] [1 2 3 4 5 6] [1] [1 2 3 4 5 6 7 11 14] [1 2 3 4] [1 2 3 5] [1 2 3] [1 2 3 4 5 6 7 16] [1 2 3 5 7] [1 2 3 5 6] [1 2 3 4 6] [1 2 5] [1 2 3 4 5 7] [1 2 3 6] [1 2 3 4 5 6 16] [1 2 3 4 6 7] [1 2 3 4 5 6 7 11] [1 2 3 4 5 6 7] [1 2 3 6 7] [1 2 3 4 6 7 11] [1 2 3 4 5 7 17] [1 2 3 5 7 17] [1 2 3 4 7] [1 2 3 4 5 17 27] [1 2 3 4 5 6 16 27] [1 2 3 6 7 17] [1 2 3 5 6 7] [1 2 3 4 5 6 7 16 17] [1 2 3 5 16 17] [1 2 3 5 6 7 17] [1 2 3 4 5 6 7 17 27] [1 2 6] [1 2 3 4 5 6 7 11 16] [1 2 3 4 5 6 17 27 40] [] [] [] [] [] [] [] [] [] [] [] [] [] [] [] [] [] [] [] [] [] []
47 [] [1 2 3 4 5] [1 2 3 4 5 6 7 12] [1 2] [1 3] [1 2 3 4 5 6] [1] [1 2 3 4 5 6 7 11 14] [1 2 3 4] [1 2 3 5] [1 2 3] [1 2 3 4 5 6 7 16] [1 2 3 5 7] [1 2 3 4 5 6 7 17] [1 2 3 5 6] [1 2 3 4 6] [1 2 5] [1 2 3 4 5 7] [1 2 3 6] [1 2 3 4 5 6 16] [1 2 3 4 6 7] [1 2 3 4 5 6 7 11] [1 2 3 4 5 6 7] [1 2 3 6 7] [1 2 3 4 6 7 11] [1 2 3 4 5 7 17] [1 2 3 5 7 17] [1 2 3 4 7] [1 2 3 4 5 17 27] [1 2 3 4 5 6 16 27] [1 2 3 6 7 17] [1 2 3 5 6 7] [1 2 3 4 5 6 7 16 17] [1 2 3 5 16 17] [1 2 3 5 6 7 17] [1 2 3 4 5 6 7 17 27] [1 2 6] [1 2 3 4 5 6 7 11 16] [1 2 3 4 5 6 17 27 40] [] [] [] [] [] [] [] [] [] [] [] [] [] [] [] [] [] [] [] [] [] []
48 [] [1 2 3 4 5 6 7 12] [1 2 3 4 5 6] [1] [1 2 3 4 5 6 7 11 14] [1 2 3 4] [1 2] [1 2 3 5] [1 2 3] [1 2 3 4 5] [1 2 3 4 5 6 7 16] [1 2 3 5 7] [1 2 3 4 5 6 7 17] [1 2 3 5 6] [1 2 3 4 6] [1 3] [1 2 5] [1 2 3 4 5 7] [1 2 3 6] [1 2 3 4 5 6 16] [1 2 3 4 6 7] [1 2 3 4 5 6 7 11] [1 2 3 4 5 6 7] [1 2 3 6 7] [1 2 3 4 6 7 11] [1 2 3 4 5 7 17] [1 2 3 5 7 17] [1 2 3 4 7] [1 2 3 4 5 17 27] [1 2 3 4 5 6 16 27] [1 2 3 6 7 17] [1 2 3 5 6 7] [1 2 3 4 5 6 7 16 17] [1 2 3 5 16 17] [1 2 3 5 6 7 17] [1 2 3 4 5 6 7 17 27] [1 2 6] [1 2 3 4 5 6 7 11 16] [1 2 3 4 5 6 17 27 40] [] [] [] [] [] [] [] [] [] [] [] [] [] [] [] [] [] [] [] [] [] []
49 [] [1 2 3 4 5 6] [1] [1 2 3 4 5 6 7 11 14] [1 2 3 4] [1 2] [1 2 3 5] [1 2 3] [1 2 3 4 5] [1 2 3 4 5 6 7 16] [1 2 3 5 7] [1 2 3 4 5 6 7 17] [1 2 3 5 6] [1 2 3 4 6] [1 3] [1 2 5] [1 2 3 4 5 7] [1 2 3 6] [1 2 3 4 5 6 16] [1 2 3 4 6 7] [1 2 3 4 5 6 7 11] [1 2 3 4 5 6 7] [1 2 3 6 7] [1 2 3 4 6 7 11] [1 2 3 4 5 7 17] [1 2 3 5 7 17] [1 2 3 4 7] [1 2 3 4 5 17 27] [1 2 3 4 5 6 16 27] [1 2 3 6 7 17] [1 2 3 5 6 7] [1 2 3 4 5 6 7 16 17] [1 2 3 5 16 17] [1 2 3 5 6 7 17] [1 2 3 4 5 6 7 17 27] [1 2 6] [1 2 3 4 5 6 7 11 16] [1 2 3 4 5 6 17 27 40] [] [] [] [] [] [] [] [] [] [] [] [] [] [] [] [] [] [] [] [] [] [] []
50 [] [1] [1 2 3 4 5 6 7 11 14] [1 2 3 4] [1 2] [1 2 3 5] [1 2 3] [1 2 3 4 5 6] [1 2 3 4 5] [1 2 3 4 5 6 7 16] [1 2 3 5 7] [1 2 3 4 5 6 7 17] [1 2 3 5 6] [1 2 3 4 6] [1 3] [1 2 5] [1 2 3 4 5 7] [1 2 3 6] [1 2 3 4 5 6 16] [1 2 3 4 6 7] [1 2 3 4 5 6 7 11] [1 2 3 4 5 6 7] [1 2 3 6 7] [1 2 3 4 6 7 11] [1 2 3 4 5 7 17] [1 2 3 5 7 17] [1 2 3 4 7] [1 2 3 4 5 17 27] [1 2 3 4 5 6 16 27] [1 2 3 6 7 17] [1 2 3 5 6 7] [1 2 3 4 5 6 7 16 17] [1 2 3 5 16 17] [1 2 3 5 6 7 17] [1 2 3 4 5 6 7 17 27] [1 2 6] [1 2 3 4 5 6 7 11 16] [1 2 3 4 5 6 17 27 40] [] [] [] [] [] [] [] [] [] [] [] [] [] [] [] [] [] [] [] [] [] [] []
51 [] [1 2 3 4] [1 2] [1 2 3 5] [1] [1 2 3] [1 2 3 4 5 6] [1 2 3 4 5] [1 2 3 4 5 6 7 16] [1 2 3 5 7] [1 2 3 4 5 6 7 17] [1 2 3 5 6] [1 2 3 4 6] [1 3] [1 2 5] [1 2 3 4 5 7] [1 2 3 6] [1 2 3 4 5 6 16] [1 2 3 4 6 7] [1 2 3 4 5 6 7 11] [1 2 3 4 5 6 7] [1 2 3 6 7] [1 2 3 4 6 7 11] [1 2 3 4 5 7 17] [1 2 3 5 7 17] [1 2 3 4 7] [1 2 3 4 5 17 27] [1 2 3 4 5 6 16 27] [1 2 3 6 7 17] [1 2 3 5 6 7] [1 2 3 4 5 6 7 16 17] [1 2 3 5 16 17] [1 2 3 5 6 7 17] [1 2 3 4 5 6 7 17 27] [1 2 6] [1 2 3 4 5 6 7 11 16] [1 2 3 4 5 6 17 27 40] [] [] [] [] [] [] [] [] [] [] [] [] [] [] [] [] [] [] [] [] [] [] [] []
52 [] [1 2 3 4] [1 2 3 5] [1] [1 2 3 4 5 6] [1 2] [1 2 3 4 5] [1 2 3 4 5 6 7 16] [1 2 3 5 7] [1 2 3 4 5 6 7 17] [1 2 3 5 6] [1 2 3 4 6] [1 3] [1 2 5] [1 2 3 4 5 7] [1 2 3 6] [1 2 3 4 5 6 16] [1 2 3] [1 2 3 4 6 7] [1 2 3 4 5 6 7 11] [1 2 3 4 5 6 7] [1 2 3 6 7] [1 2 3 4 6 7 11] [1 2 3 4 5 7 17] [1 2 3 5 7 17] [1 2 3 4 7] [1 2 3 4 5 17 27] [1 2 3 4 5 6 16 27] [1 2 3 6 7 17] [1 2 3 5 6 7] [1 2 3 4 5 6 7 16 17] [1 2 3 5 16 17] [1 2 3 5 6 7 17] [1 2 3 4 5 6 7 17 27] [1 2 6] [1 2 3 4 5 6 7 11 16] [1 2 3 4 5 6 17 27 40] [] [] [] [] [] [] [] [] [] [] [] [] [] [] [] [] [] [] [] [] [] [] [] []
53 [] [1 2 3 5] [1] [1 2 3 4 5 6] [1 2] [1 2 3 4 5] [1 2 3 4 5 6 7 16] [1 2 3 5 7] [1 2 3 4 5 6 7 17] [1 2 3 5 6] [1 2 3 4 6] [1 3] [1 2 5] [1 2 3 4] [1 2 3 4 5 7] [1 2 3 6] [1 2 3 4 5 6 16] [1 2 3] [1 2 3 4 6 7] [1 2 3 4 5 6 7 11] [1 2 3 4 5 6 7] [1 2 3 6 7] [1 2 3 4 6 7 11] [1 2 3 4 5 7 17] [1 2 3 5 7 17] [1 2 3 4 7] [1 2 3 4 5 17 27] [1 2 3 4 5 6 16 27] [1 2 3 6 7 17] [1 2 3 5 6 7] [1 2 3 4 5 6 7 16 17] [1 2 3 5 16 17] [1 2 3 5 6 7 17] [1 2 3 4 5 6 7 17 27] [1 2 6] [1 2 3 4 5 6 7 11 16] [1 2 3 4 5 6 17 27 40] [] [] [] [] [] [] [] [] [] [] [] [] [] [] [] [] [] [] [] [] [] [] [] []
54 [] [1 2 3 4 5 6] [1 2] [1 2 3] [1 2 3 4 5] [1 2 3 4 5 6 7 16] [1 2 3 5] [1 2 3 5 7] [1 2 3 4 5 6 7 17] [1 2 3 5 6] [1 2 3 4 6] [1] [1 3] [1 2 5] [1 2 3 4] [1 2 3 4 5 7] [1 2 3 6] [1 2 3 4 5 6 16] [1 2 3 4 6 7] [1 2 3 4 5 6 7 11] [1 2 3 4 5 6 7] [1 2 3 6 7] [1 2 3 4 6 7 11] [1 2 3 4 5 7 17] [1 2 3 5 7 17] [1 2 3 4 7] [1 2 3 4 5 17 27] [1 2 3 4 5 6 16 27] [1 2 3 6 7 17] [1 2 3 5 6 7] [1 2 3 4 5 6 7 16 17] [1 2 3 5 16 17] [1 2 3 5 6 7 17] [1 2 3 4 5 6 7 17 27] [1 2 6] [1 2 3 4 5 6 7 11 16] [1 2 3 4 5 6 17 27 40] [] [] [] [] [] [] [] [] [] [] [] [] [] [] [] [] [] [] [] [] [] [] [] []
55 [] [1 2 3] [1 2 3 4 5] [1 2 3 4 5 6 7 16] [1 2 3 5] [1 2 3 4 5 6] [1 2 3 5 7] [1 2 3 4 5 6 7 17] [1 2 3 5 6] [1 2] [1 2 3 4 6] [1] [1 3] [1 2 5] [1 2 3 4] [1 2 3 4 5 7] [1 2 3 6] [1 2 3 4 5 6 16] [1 2 3 4 6 7] [1 2 3 4 5 6 7 11] [1 2 3 4 5 6 7] [1 2 3 6 7] [1 2 3 4 6 7 11] [1 2 3 4 5 7 17] [1 2 3 5 7 17] [1 2 3 4 7] [1 2 3 4 5 17 27] [1 2 3 4 5 6 16 27] [1 2 3 6 7 17] [1 2 3 5 6 7] [1 2 3 4 5 6 7 16 17] [1 2 3 5 16 17] [1 2 3 5 6 7 17] [1 2 3 4 5 6 7 17 27] [1 2 6] [1 2 3 4 5 6 7 11 16] [1 2 3 4 5 6 17 27 40] [] [] [] [] [] [] [] [] [] [] [] [] [] [] [] [] [] [] [] [] [] [] [] []
56 [] [1 2 3 4 5] [1 2 3 4 5 6 7 16] [1 2 3 5] [1 2 3 4 5 6] [1 2 3 5 7] [1 2 3 4 5 6 7 17] [1 2 3 5 6] [1 2] [1 2 3 4 6] [1] [1 3] [1 2 5] [1 2 3 4] [1 2 3 4 5 7] [1 2 3 6] [1 2 3 4 5 6 16] [1 2 3] [1 2 3 4 6 7] [1 2 3 4 5 6 7 11] [1 2 3 4 5 6 7] [1 2 3 6 7] [1 2 3 4 6 7 11] [1 2 3 4 5 7 17] [1 2 3 5 7 17] [1 2 3 4 7] [1 2 3 4 5 17 27] [1 2 3 4 5 6 16 27] [1 2 3 6 7 17] [1 2 3 5 6 7] [1 2 3 4 5 6 7 16 17] [1 2 3 5 16 17] [1 2 3 5 6 7 17] [1 2 3 4 5 6 7 17 27] [1 2 6] [1 2 3 4 5 6 7 11 16] [1 2 3 4 5 6 17 27 40] [] [] [] [] [] [] [] [] [] [] [] [] [] [] [] [] [] [] [] [] [] [] [] []
57 [] [1 2 3 4 5 6 7 16] [1 2 3 4 5 6] [1 2 3 4 5] [1 2 3 5 7] [1 2 3 4 5 6 7 17] [1 2 3 5 6] [1 2] [1 2 3 4 6] [1] [1 3] [1 2 5] [1 2 3 4] [1 2 3 4 5 7] [1 2 3 6] [1 2 3 4 5 6 16] [1 2 3] [1 2 3 4 6 7] [1 2 3 4 5 6 7 11] [1 2 3 4 5 6 7] [1 2 3 5] [1 2 3 6 7] [1 2 3 4 6 7 11] [1 2 3 4 5 7 17] [1 2 3 5 7 17] [1 2 3 4 7] [1 2 3 4 5 17 27] [1 2 3 4 5 6 16 27] [1 2 3 6 7 17] [1 2 3 5 6 7] [1 2 3 4 5 6 7 16 17] [1 2 3 5 16 17] [1 2 3 5 6 7 17] [1 2 3 4 5 6 7 17 27] [1 2 6] [1 2 3 4 5 6 7 11 16] [1 2 3 4 5 6 17 27 40] [] [] [] [] [] [] [] [] [] [] [] [] [] [] [] [] [] [] [] [] [] [] [] []
58 [] [1 2 3 4 5 6] [1 2 3 4 5 7] [1 2 3 4 5] [1 2 3 5 7] [1 2 3 4 5 6 7 17] [1 2 3 5 6] [1 2] [1 2 3 4 6] [1] [1 3] [1 2 5] [1 2 3 4] [1 2 3 6] [1 2 3 4 5 6 16] [1 2 3] [1 2 3 4 6 7] [1 2 3 4 5 6 7 11] [1 2 3 4 5 6 7] [1 2 3 4 5 6 7 16] [1 2 3 5] [1 2 3 6 7] [1 2 3 4 6 7 11] [1 2 3 4 5 7 17] [1 2 3 5 7 17] [1 2 3 4 7] [1 2 3 4 5 17 27] [1 2 3 4 5 6 16 27] [1 2 3 6 7 17] [1 2 3 5 6 7] [1 2 3 4 5 6 7 16 17] [1 2 3 5 16 17] [1 2 3 5 6 7 17] [1 2 3 4 5 6 7 17 27] [1 2 6] [1 2 3 4 5 6 7 11 16] [1 2 3 4 5 6 17 27 40] [] [] [] [] [] [] [] [] [] [] [] [] [] [] [] [] [] [] [] [] [] [] [] []
59 [] [1 2 3 4 5] [1 2 3 5 7] [1 2 3 4 5 6 7 17] [1 2 3 5 6] [1 2] [1 2 3 4 6] [1] [1 2 3 4 5 6] [1 3] [1 2 5] [1 2 3 4] [1 2 3 4 5 7] [1 2 3 6] [1 2 3 4 5 6 16] [1 2 3] [1 2 3 4 6 7] [1 2 3 4 5 6 7 11] [1 2 3 4 5 6 7] [1 2 3 4 5 6 7 16] [1 2 3 5] [1 2 3 6 7] [1 2 3 4 6 7 11] [1 2 3 4 5 7 17] [1 2 3 5 7 17] [1 2 3 4 7] [1 2 3 4 5 17 27] [1 2 3 4 5 6 16 27] [1 2 3 6 7 17] [1 2 3 5 6 7] [1 2 3 4 5 6 7 16 17] [1 2 3 5 16 17] [1 2 3 5 6 7 17] [1 2 3 4 5 6 7 17 27] [1 2 6] [1 2 3 4 5 6 7 11 16] [1 2 3 4 5 6 17 27 40] [] [] [] [] [] [] [] [] [] [] [] [] [] [] [] [] [] [] [] [] [] [] [] []
60 [] [1 2 3 5 7] [1 2 3 4 5 6 7 17] [1 2 3 5 6] [1 2] [1 2 3 4 6] [1] [1 2 3 4 5 6] [1 3] [1 2 5] [1 2 3 4] [1 2 3 4 5 7] [1 2 3 4 5] [1 2 3 6] [1 2 3 4 5 6 16] [1 2 3] [1 2 3 4 6 7] [1 2 3 4 5 6 7 11] [1 2 3 4 5 6 7] [1 2 3 4 5 6 7 16] [1 2 3 5] [1 2 3 6 7] [1 2 3 4 6 7 11] [1 2 3 4 5 7 17] [1 2 3 5 7 17] [1 2 3 4 7] [1 2 3 4 5 17 27] [1 2 3 4 5 6 16 27] [1 2 3 6 7 17] [1 2 3 5 6 7] [1 2 3 4 5 6 7 16 17] [1 2 3 5 16 17] [1 2 3 5 6 7 17] [1 2 3 4 5 6 7 17 27] [1 2 6] [1 2 3 4 5 6 7 11 16] [1 2 3 4 5 6 17 27 40] [] [] [] [] [] [] [] [] [] [] [] [] [] [] [] [] [] [] [] [] [] [] [] []
61 [] [1 2 3 5 7] [1 2 3 4 5 6 7 17] [1 2 3 5 6] [1 2] [1 2 3 4 6] [1] [1 2 3 4 5 6] [1 3] [1 2 5] [1 2 3 4] [1 2 3 4 5 7] [1 2 3 4 5] [1 2 3 6] [1 2 3 4 5 6 16] [1 2 3] [1 2 3 4 6 7] [1 2 3 4 5 6 7 11] [1 2 3 4 5 6 7] [1 2 3 4 5 6 7 16] [1 2 3 5] [1 2 3 6 7] [1 2 3 4 6 7 11] [1 2 3 4 5 7 17] [1 2 3 5 7 17] [1 2 3 4 7] [1 2 3 4 5 17 27] [1 2 3 4 5 6 16 27] [1 2 3 6 7 17] [1 2 3 5 6 7] [1 2 3 4 5 6 7 16 17] [1 2 3 5 16 17] [1 2 3 5 6 7 17] [1 2 3 4 5 6 7 17 27] [1 2 6] [1 2 3 4 5 6 7 11 16] [1 2 3 4 5 6 17 27 40] [] [] [] [] [] [] [] [] [] [] [] [] [] [] [] [] [] [] [] [] [] [] [] []
62 [] [1 2 3 4 5 6 7 17] [1 2 3 5 6] [1 2] [1 2 3 4 6] [1] [1 2 3 4 5 6] [1 3] [1 2 5] [1 2 3 4] [1 2 3 4 5 7] [1 2 3 4 5] [1 2 3 6] [1 2 3 4 5 6 16] [1 2 3] [1 2 3 4 6 7] [1 2 3 4 5 6 7 11] [1 2 3 4 5 6 7] [1 2 3 4 5 6 7 16] [1 2 3 5] [1 2 3 6 7] [1 2 3 5 7] [1 2 3 4 6 7 11] [1 2 3 4 5 7 17] [1 2 3 5 7 17] [1 2 3 4 7] [1 2 3 4 5 17 27] [1 2 3 4 5 6 16 27] [1 2 3 6 7 17] [1 2 3 5 6 7] [1 2 3 4 5 6 7 16 17] [1 2 3 5 16 17] [1 2 3 5 6 7 17] [1 2 3 4 5 6 7 17 27] [1 2 6] [1 2 3 4 5 6 7 11 16] [1 2 3 4 5 6 17 27 40] [] [] [] [] [] [] [] [] [] [] [] [] [] [] [] [] [] [] [] [] [] [] [] []
63 [] [1 2 3 5 6] [1 2] [1 2 3 4 5 6 7 17] [1 2 3 4 6] [1] [1 2 3 4 5 6] [1 3] [1 2 5] [1 2 3 4] [1 2 3 4 5 7] [1 2 3 4 5] [1 2 3 6] [1 2 3 4 5 6 16] [1 2 3] [1 2 3 4 6 7] [1 2 3 4 5 6 7 11] [1 2 3 4 5 6 7] [1 2 3 4 5 6 7 16] [1 2 3 5] [1 2 3 6 7] [1 2 3 5 7] [1 2 3 4 6 7 11] [1 2 3 4 5 7 17] [1 2 3 5 7 17] [1 2 3 4 7] [1 2 3 4 5 17 27] [1 2 3 4 5 6 16 27] [1 2 3 6 7 17] [1 2 3 5 6 7] [1 2 3 4 5 6 7 16 17] [1 2 3 5 16 17] [1 2 3 5 6 7 17] [1 2 3 4 5 6 7 17 27] [1 2 6] [1 2 3 4 5 6 7 11 16] [1 2 3 4 5 6 17 27 40] [] [] [] [] [] [] [] [] [] [] [] [] [] [] [] [] [] [] [] [] [] [] [] []
64 [] [1 2] [1 2 3 4 5 6 7 17] [1 2 3 4 6] [1] [1 2 3 4 5 6] [1 3] [1 2 5] [1 2 3 4] [1 2 3 4 5 7] [1 2 3 4 5] [1 2 3 6] [1 2 3 4 5 6 16] [1 2 3] [1 2 3 4 6 7] [1 2 3 4 5 6 7 11] [1 2 3 4 5 6 7] [1 2 3 4 5 6 7 16] [1 2 3 5] [1 2 3 6 7] [1 2 3 5 7] [1 2 3 4 6 7 11] [1 2 3 4 5 7 17] [1 2 3 5 6] [1 2 3 5 7 17] [1 2 3 4 7] [1 2 3 4 5 17 27] [1 2 3 4 5 6 16 27] [1 2 3 6 7 17] [1 2 3 5 6 7] [1 2 3 4 5 6 7 16 17] [1 2 3 5 16 17] [1 2 3 5 6 7 17] [1 2 3 4 5 6 7 17 27] [1 2 6] [1 2 3 4 5 6 7 11 16] [1 2 3 4 5 6 17 27 40] [] [] [] [] [] [] [] [] [] [] [] [] [] [] [] [] [] [] [] [] [] [] [] []
65 [] [1 2 3 4 5 6 7 17] [1] [1 2] [1 2 3 4 5 6] [1 3] [1 2 5] [1 2 3 4] [1 2 3 4 5 7] [1 2 3 4 5] [1 2 3 6] [1 2 3 4 5 6 16] [1 2 3] [1 2 3 4 6 7] [1 2 3 4 5 6 7 11] [1 2 3 4 6] [1 2 3 4 5 6 7] [1 2 3 4 5 6 7 16] [1 2 3 5] [1 2 3 6 7] [1 2 3 5 7] [1 2 3 4 6 7 11] [1 2 3 4 5 7 17] [1 2 3 5 6] [1 2 3 5 7 17] [1 2 3 4 7] [1 2 3 4 5 17 27] [1 2 3 4 5 6 16 27] [1 2 3 6 7 17] [1 2 3 5 6 7] [1 2 3 4 5 6 7 16 17] [1 2 3 5 16 17] [1 2 3 5 6 7 17] [1 2 3 4 5 6 7 17 27] [1 2 6] [1 2 3 4 5 6 7 11 16] [1 2 3 4 5 6 17 27 40] [] [] [] [] [] [] [] [] [] [] [] [] [] [] [] [] [] [] [] [] [] [] [] []
66 [] [1] [1 2] [1 2 3 4 5 6] [1 3] [1 2 5] [1 2 3 4] [1 2 3 4 5 7] [1 2 3 4 5 6 7 17] [1 2 3 4 5] [1 2 3 6] [1 2 3 4 5 6 16] [1 2 3] [1 2 3 4 6 7] [1 2 3 4 5 6 7 11] [1 2 3 4 6] [1 2 3 4 5 6 7] [1 2 3 4 5 6 7 16] [1 2 3 5] [1 2 3 6 7] [1 2 3 5 7] [1 2 3 4 6 7 11] [1 2 3 4 5 7 17] [1 2 3 5 6] [1 2 3 5 7 17] [1 2 3 4 7] [1 2 3 4 5 17 27] [1 2 3 4 5 6 16 27] [1 2 3 6 7 17] [1 2 3 5 6 7] [1 2 3 4 5 6 7 16 17] [1 2 3 5 16 17] [1 2 3 5 6 7 17] [1 2 3 4 5 6 7 17 27] [1 2 6] [1 2 3 4 5 6 7 11 16] [1 2 3 4 5 6 17 27 40] [] [] [] [] [] [] [] [] [] [] [] [] [] [] [] [] [] [] [] [] [] [] [] []
67 [] [1 2] [1] [1 3] [1 2 5] [1 2 3 4] [1 2 3 4 5 7] [1 2 3 4 5 6 7 17] [1 2 3 4 5] [1 2 3 6] [1 2 3 4 5 6] [1 2 3 4 5 6 16] [1 2 3] [1 2 3 4 6 7] [1 2 3 4 5 6 7 11] [1 2 3 4 6] [1 2 3 4 5 6 7] [1 2 3 4 5 6 7 16] [1 2 3 5] [1 2 3 6 7] [1 2 3 5 7] [1 2 3 4 6 7 11] [1 2 3 4 5 7 17] [1 2 3 5 6] [1 2 3 5 7 17] [1 2 3 4 7] [1 2 3 4 5 17 27] [1 2 3 4 5 6 16 27] [1 2 3 6 7 17] [1 2 3 5 6 7] [1 2 3 4 5 6 7 16 17] [1 2 3 5 16 17] [1 2 3 5 6 7 17] [1 2 3 4 5 6 7 17 27] [1 2 6] [1 2 3 4 5 6 7 11 16] [1 2 3 4 5 6 17 27 40] [] [] [] [] [] [] [] [] [] [] [] [] [] [] [] [] [] [] [] [] [] [] [] []
68 [] [1 2] [1 2 3 4] [1 2 5] [1 2 3 4 5 7] [1] [1 2 3 4 5 6 7 17] [1 2 3 4 5] [1 2 3 6] [1 2 3 4 5 6] [1 2 3 4 5 6 16] [1 2 3] [1 2 3 4 6 7] [1 2 3 4 5 6 7 11] [1 2 3 4 6] [1 2 3 4 5 6 7] [1 2 3 4 5 6 7 16] [1 2 3 5] [1 2 3 6 7] [1 2 3 5 7] [1 2 3 4 6 7 11] [1 2 3 4 5 7 17] [1 2 3 5 6] [1 2 3 5 7 17] [1 2 3 4 7] [1 2 3 4 5 17 27] [1 2 3 4 5 6 16 27] [1 2 3 6 7 17] [1 2 3 5 6 7] [1 3] [1 2 3 4 5 6 7 16 17] [1 2 3 5 16 17] [1 2 3 5 6 7 17] [1 2 3 4 5 6 7 17 27] [1 2 6] [1 2 3 4 5 6 7 11 16] [1 2 3 4 5 6 17 27 40] [] [] [] [] [] [] [] [] [] [] [] [] [] [] [] [] [] [] [] [] [] [] [] []
69 [] [1 2 3 4] [1 2 3 4 5 7] [1 2 3 4 5 6 7 17] [1 2 3 4 5] [1 2 3 6] [1 2 3 4 5 6] [1 2 3 4 5 6 16] [1 2 3] [1 2 3 4 6 7] [1 2 3 4 5 6 7 11] [1 2 3 4 6] [1 2 3 4 5 6 7] [1 2 3 4 5 6 7 16] [1 2 3 5] [1 2 3 6 7] [1 2 3 5 7] [1 2 3 4 6 7 11] [1 2 3 4 5 7 17] [1 2 3 5 6] [1 2 3 5 7 17] [1 2] [1] [1 2 3 4 7] [1 2 3 4 5 17 27] [1 2 3 4 5 6 16 27] [1 2 3 6 7 17] [1 2 5] [1 2 3 5 6 7] [1 3] [1 2 3 4 5 6 7 16 17] [1 2 3 5 16 17] [1 2 3 5 6 7 17] [1 2 3 4 5 6 7 17 27] [1 2 6] [1 2 3 4 5 6 7 11 16] [1 2 3 4 5 6 17 27 40] [] [] [] [] [] [] [] [] [] [] [] [] [] [] [] [] [] [] [] [] [] [] [] []
70 [] [1 2 3 4] [1 2 3 4 5 7] [1 2 3 4 5 6 7 17] [1 2 3 4 5] [1 2 3 6] [1 2 3 4 5 6] [1 2 3 4 5 6 16] [1 2 3] [1 2 3 4 6 7] [1 2 3 4 5 6 7 11] [1 2 3 4 6] [1 2 3 4 5 6 7] [1 2 3 4 5 6 7 16] [1 2 3 5] [1 2 3 6 7] [1 2 3 5 7] [1 2 3 4 6 7 11] [1 2 3 4 5 7 17] [1 2 3 5 6] [1 2 3 5 7 17] [1 2] [1] [1 2 3 4 7] [1 2 3 4 5 17 27] [1 2 3 4 5 6 16 27] [1 2 3 6 7 17] [1 2 5] [1 2 3 5 6 7] [1 3] [1 2 3 4 5 6 7 16 17] [1 2 3 5 16 17] [1 2 3 5 6 7 17] [1 2 3 4 5 6 7 17 27] [1 2 6] [1 2 3 4 5 6 7 11 16] [1 2 3 4 5 6 17 27 40] [] [] [] [] [] [] [] [] [] [] [] [] [] [] [] [] [] [] [] [] [] [] [] []
71 [] [1 2 3 4] [1 2] [1 2 3 4 5 7] [1 2 3 4 5 6 7 17] [1 2 3 4 5] [1 2 3 6] [1 2 3 4 5 6] [1 2 3 4 5 6 16] [1 2 3] [1 2 3 4 6 7] [1 2 3 4 5 6 7 11] [1 2 3 4 6] [1 2 3 4 5 6 7] [1 2 3 4 5 6 7 16] [1 2 3 5] [1 2 3 6 7] [1 2 3 5 7] [1 2 3 4 6 7 11] [1 2 3 4 5 7 17] [1 2 3 5 6] [1 2 3 5 7 17] [1] [1 2 3 4 7] [1 2 3 4 5 17 27] [1 2 3 4 5 6 16 27] [1 2 3 6 7 17] [1 2 5] [1 2 3 5 6 7] [1 3] [1 2 3 4 5 6 7 16 17] [1 2 3 5 16 17] [1 2 3 5 6 7 17] [1 2 3 4 5 6 7 17 27] [1 2 6] [1 2 3 4 5 6 7 11 16] [1 2 3 4 5 6 17 27 40] [] [] [] [] [] [] [] [] [] [] [] [] [] [] [] [] [] [] [] [] [] [] [] []
72 [] [1 2] [1 2 3 4 5 7] [1 2 3 4 5 6 7 17] [1 2 3 4] [1 2 3 4 5] [1 2 3 6] [1 2 3 4 5 6] [1 2 3 4 5 6 16] [1 2 3] [1 2 3 4 6 7] [1 2 3 4 5 6 7 11] [1 2 3 4 6] [1 2 3 4 5 6 7] [1 2 3 4 5 6 7 16] [1 2 3 5] [1 2 3 6 7] [1 2 3 5 7] [1 2 3 4 6 7 11] [1 2 3 4 5 7 17] [1 2 3 5 6] [1 2 3 5 7 17] [1] [1 2 3 4 7] [1 2 3 4 5 17 27] [1 2 3 4 5 6 16 27] [1 2 3 6 7 17] [1 2 5] [1 2 3 5 6 7] [1 3] [1 2 3 4 5 6 7 16 17] [1 2 3 5 16 17] [1 2 3 5 6 7 17] [1 2 3 4 5 6 7 17 27] [1 2 6] [1 2 3 4 5 6 7 11 16] [1 2 3 4 5 6 17 27 40] [] [] [] [] [] [] [] [] [] [] [] [] [] [] [] [] [] [] [] [] [] [] [] []
73 [] [1 2 3 4 5 7] [1 2 3 4 5 6 7 17] [1 2 3 4] [1 2 3 4 5] [1 2 3 6] [1 2 3 4 5 6] [1 2 3 4 5 6 16] [1 2 3] [1 2 3 4 6 7] [1 2 3 4 5 6 7 11] [1 2 3 4 6] [1 2 3 4 5 6 7] [1 2 3 4 5 6 7 16] [1 2 3 5] [1 2 3 6 7] [1 2 3 5 7] [1 2 3 4 6 7 11] [1 2 3 4 5 7 17] [1 2 3 5 6] [1 2 3 5 7 17] [1 2] [1] [1 2 3 4 7] [1 2 3 4 5 17 27] [1 2 3 4 5 6 16 27] [1 2 3 6 7 17] [1 2 5] [1 2 3 5 6 7] [1 3] [1 2 3 4 5 6 7 16 17] [1 2 3 5 16 17] [1 2 3 5 6 7 17] [1 2 3 4 5 6 7 17 27] [1 2 6] [1 2 3 4 5 6 7 11 16] [1 2 3 4 5 6 17 27 40] [] [] [] [] [] [] [] [] [] [] [] [] [] [] [] [] [] [] [] [] [] [] [] []
74 [] [1 2 3 4 5 7] [1 2 3 4 5 6 7 17] [1 2 3 4] [1 2 3 4 5] [1 2 3 6] [1 2 3 4 5 6] [1 2 3 4 5 6 16] [1 2 3] [1 2 3 4 6 7] [1 2 3 4 5 6 7 11] [1 2 3 4 6] [1 2 3 4 5 6 7] [1 2 3 4 5 6 7 16] [1 2 3 5] [1 2 3 6 7] [1 2 3 5 7] [1 2 3 4 6 7 11] [1 2 3 4 5 7 17] [1 2 3 5 6] [1 2 3 5 7 17] [1 2] [1] [1 2 3 4 7] [1 2 3 4 5 17 27] [1 2 3 4 5 6 16 27] [1 2 3 6 7 17] [1 2 5] [1 2 3 5 6 7] [1 3] [1 2 3 4 5 6 7 16 17] [1 2 3 5 16 17] [1 2 3 5 6 7 17] [1 2 3 4 5 6 7 17 27] [1 2 6] [1 2 3 4 5 6 7 11 16] [1 2 3 4 5 6 17 27 40] [] [] [] [] [] [] [] [] [] [] [] [] [] [] [] [] [] [] [] [] [] [] [] []
75 [] [1 2 3 4 5 6 7 17] [1 2 3 4] [1 2 3 4 5 7] [1 2 3 4 5] [1 2 3 6] [1 2 3 4 5 6] [1 2 3 4 5 6 16] [1 2 3] [1 2 3 4 6 7] [1 2 3 4 5 6 7 11] [1 2 3 4 6] [1 2 3 4 5 6 7] [1 2 3 4 5 6 7 16] [1 2 3 5] [1 2 3 6 7] [1 2 3 5 7] [1 2 3 4 6 7 11] [1 2 3 4 5 7 17] [1 2 3 5 6] [1 2 3 5 7 17] [1 2] [1] [1 2 3 4 7] [1 2 3 4 5 17 27] [1 2 3 4 5 6 16 27] [1 2 3 6 7 17] [1 2 5] [1 2 3 5 6 7] [1 3] [1 2 3 4 5 6 7 16 17] [1 2 3 5 16 17] [1 2 3 5 6 7 17] [1 2 3 4 5 6 7 17 27] [1 2 6] [1 2 3 4 5 6 7 11 16] [1 2 3 4 5 6 17 27 40] [] [] [] [] [] [] [] [] [] [] [] [] [] [] [] [] [] [] [] [] [] [] [] []
76 [] [1 2 3 4 5 6 7 17] [1 2 3 4] [1 2 3 4 5 7] [1 2 3 4 5] [1 2 3 6] [1 2 3 4 5 6] [1 2 3 4 5 6 16] [1 2 3] [1 2 3 4 6 7] [1 2 3 4 5 6 7 11] [1 2 3 4 6] [1 2 3 4 5 6 7] [1 2 3 4 5 6 7 16] [1 2 3 5] [1 2 3 6 7] [1 2 3 5 7] [1 2 3 4 6 7 11] [1 2 3 4 5 7 17] [1 2 3 5 6] [1 2 3 5 7 17] [1 2] [1] [1 2 3 4 7] [1 2 3 4 5 17 27] [1 2 3 4 5 6 16 27] [1 2 3 6 7 17] [1 2 5] [1 2 3 5 6 7] [1 3] [1 2 3 4 5 6 7 16 17] [1 2 3 5 16 17] [1 2 3 5 6 7 17] [1 2 3 4 5 6 7 17 27] [1 2 6] [1 2 3 4 5 6 7 11 16] [1 2 3 4 5 6 17 27 40] [] [] [] [] [] [] [] [] [] [] [] [] [] [] [] [] [] [] [] [] [] [] [] []
77 [] [1 2 3 4 5 6 7 17] [1 2 3 4] [1 2 3 4 5 7] [1 2 3 4 5] [1 2 3 6] [1 2 3 4 5 6] [1 2 3 4 5 6 16] [1 2 3] [1 2 3 4 6 7] [1 2 3 4 5 6 7 11] [1 2 3 4 6] [1 2 3 4 5 6 7] [1 2 3 4 5 6 7 16] [1 2 3 5] [1 2 3 6 7] [1 2 3 5 7] [1 2 3 4 6 7 11] [1 2 3 4 5 7 17] [1 2 3 5 6] [1 2 3 5 7 17] [1 2] [1] [1 2 3 4 7] [1 2 3 4 5 17 27] [1 2 3 4 5 6 16 27] [1 2 3 6 7 17] [1 2 5] [1 2 3 5 6 7] [1 3] [1 2 3 4 5 6 7 16 17] [1 2 3 5 16 17] [1 2 3 5 6 7 17] [1 2 3 4 5 6 7 17 27] [1 2 6] [1 2 3 4 5 6 7 11 16] [1 2 3 4 5 6 17 27 40] [] [] [] [] [] [] [] [] [] [] [] [] [] [] [] [] [] [] [] [] [] [] [] []
78 [] [1 2 3 4] [1 2 3 4 5 7] [1 2 3 4 5] [1 2 3 6] [1 2 3 4 5 6] [1 2 3 4 5 6 16] [1 2 3] [1 2 3 4 6 7] [1 2 3 4 5 6 7 11] [1 2 3 4 6] [1 2 3 4 5 6 7] [1 2 3 4 5 6 7 16] [1 2 3 5] [1 2 3 6 7] [1 2 3 4 5 6 7 17] [1 2 3 5 7] [1 2 3 4 6 7 11] [1 2 3 4 5 7 17] [1 2 3 5 6] [1 2 3 5 7 17] [1 2] [1] [1 2 3 4 7] [1 2 3 4 5 17 27] [1 2 3 4 5 6 16 27] [1 2 3 6 7 17] [1 2 5] [1 2 3 5 6 7] [1 3] [1 2 3 4 5 6 7 16 17] [1 2 3 5 16 17] [1 2 3 5 6 7 17] [1 2 3 4 5 6 7 17 27] [1 2 6] [1 2 3 4 5 6 7 11 16] [1 2 3 4 5 6 17 27 40] [] [] [] [] [] [] [] [] [] [] [] [] [] [] [] [] [] [] [] [] [] [] [] []
79 [] [1 2 3 4 5 7] [1 2 3 4 5] [1 2 3 4] [1 2 3 6] [1 2 3 4 5 6] [1 2 3 4 5 6 16] [1 2 3] [1 2 3 4 6 7] [1 2 3 4 5 6 7 11] [1 2 3 4 6] [1 2 3 4 5 6 7] [1 2 3 4 5 6 7 16] [1 2 3 5] [1 2 3 6 7] [1 2 3 4 5 6 7 17] [1 2 3 5 7] [1 2 3 4 6 7 11] [1 2 3 4 5 7 17] [1 2 3 5 6] [1 2 3 5 7 17] [1 2] [1] [1 2 3 4 7] [1 2 3 4 5 17 27] [1 2 3 4 5 6 16 27] [1 2 3 6 7 17] [1 2 5] [1 2 3 5 6 7] [1 3] [1 2 3 4 5 6 7 16 17] [1 2 3 5 16 17] [1 2 3 5 6 7 17] [1 2 3 4 5 6 7 17 27] [1 2 6] [1 2 3 4 5 6 7 11 16] [1 2 3 4 5 6 17 27 40] [] [] [] [] [] [] [] [] [] [] [] [] [] [] [] [] [] [] [] [] [] [] [] []
80 [] [1 2 3 4] [1 2 3 4 5 7] [1 2 3 4 5] [1 2 3 6] [1 2 3 4 5 6] [1 2 3 4 5 6 16] [1 2 3] [1 2 3 4 6 7] [1 2 3 4 5 6 7 11] [1 2 3 4 6] [1 2 3 4 5 6 7] [1 2 3 4 5 6 7 16] [1 2 3 5] [1 2 3 6 7] [1 2 3 4 5 6 7 17] [1 2 3 5 7] [1 2 3 4 6 7 11] [1 2 3 4 5 7 17] [1 2 3 5 6] [1 2 3 5 7 17] [1 2] [1] [1 2 3 4 7] [1 2 3 4 5 17 27] [1 2 3 4 5 6 16 27] [1 2 3 6 7 17] [1 2 5] [1 2 3 5 6 7] [1 3] [1 2 3 4 5 6 7 16 17] [1 2 3 5 16 17] [1 2 3 5 6 7 17] [1 2 3 4 5 6 7 17 27] [1 2 6] [1 2 3 4 5 6 7 11 16] [1 2 3 4 5 6 17 27 40] [] [] [] [] [] [] [] [] [] [] [] [] [] [] [] [] [] [] [] [] [] [] [] []
81 [] [1 2 3 4 5] [1 2 3 4] [1 2 3 6] [1 2 3 4 5 6] [1 2 3 4 5 7] [1 2 3 4 5 6 16] [1 2 3] [1 2 3 4 6 7] [1 2 3 4 5 6 7 11] [1 2 3 4 6] [1 2 3 4 5 6 7] [1 2 3 4 5 6 7 16] [1 2 3 5] [1 2 3 6 7] [1 2 3 4 5 6 7 17] [1 2 3 5 7] [1 2 3 4 6 7 11] [1 2 3 4 5 7 17] [1 2 3 5 6] [1 2 3 5 7 17] [1 2] [1] [1 2 3 4 7] [1 2 3 4 5 17 27] [1 2 3 4 5 6 16 27] [1 2 3 6 7 17] [1 2 5] [1 2 3 5 6 7] [1 3] [1 2 3 4 5 6 7 16 17] [1 2 3 5 16 17] [1 2 3 5 6 7 17] [1 2 3 4 5 6 7 17 27] [1 2 6] [1 2 3 4 5 6 7 11 16] [1 2 3 4 5 6 17 27 40] [] [] [] [] [] [] [] [] [] [] [] [] [] [] [] [] [] [] [] [] [] [] [] []
82 [] [1 2 3 6] [1 2 3 4 5 6] [1 2 3 4 5 7] [1 2 3 4 5] [1 2 3 4 5 6 16] [1 2 3] [1 2 3 4 6 7] [1 2 3 4 5 6 7 11] [1 2 3 4] [1 2 3 4 6] [1 2 3 4 5 6 7] [1 2 3 4 5 6 7 16] [1 2 3 5] [1 2 3 6 7] [1 2 3 4 5 6 7 17] [1 2 3 5 7] [1 2 3 4 6 7 11] [1 2 3 4 5 7 17] [1 2 3 5 6] [1 2 3 5 7 17] [1 2] [1] [1 2 3 4 7] [1 2 3 4 5 17 27] [1 2 3 4 5 6 16 27] [1 2 3 6 7 17] [1 2 5] [1 2 3 5 6 7] [1 3] [1 2 3 4 5 6 7 16 17] [1 2 3 5 16 17] [1 2 3 5 6 7 17] [1 2 3 4 5 6 7 17 27] [1 2 6] [1 2 3 4 5 6 7 11 16] [1 2 3 4 5 6 17 27 40] [] [] [] [] [] [] [] [] [] [] [] [] [] [] [] [] [] [] [] [] [] [] [] []
83 [] [1 2 3 4 5 6] [1 2 3 4 5 7] [1 2 5] [1 2 3 4 5] [1 2 3 4 5 6 16] [1 2 3] [1 2 3 4 6 7] [1 2 3 4 5 6 7 11] [1 2 3 4] [1 2 3 4 6] [1 2 3 4 5 6 7] [1 2 3 6] [1 2 3 4 5 6 7 16] [1 2 3 5] [1 2 3 6 7] [1 2 3 4 5 6 7 17] [1 2 3 5 7] [1 2 3 4 6 7 11] [1 2 3 4 5 7 17] [1 2 3 5 6] [1 2 3 5 7 17] [1 2] [1] [1 2 3 4 7] [1 2 3 4 5 17 27] [1 2 3 4 5 6 16 27] [1 2 3 6 7 17] [1 2 3 5 6 7] [1 3] [1 2 3 4 5 6 7 16 17] [1 2 3 5 16 17] [1 2 3 5 6 7 17] [1 2 3 4 5 6 7 17 27] [1 2 6] [1 2 3 4 5 6 7 11 16] [1 2 3 4 5 6 17 27 40] [] [] [] [] [] [] [] [] [] [] [] [] [] [] [] [] [] [] [] [] [] [] [] []
84 [] [1 2 5] [1 2 3 4 5] [1 2 3 4 5 6 16] [1 2 3] [1 2 3 4 6 7] [1 2 3 4 5 7] [1 2 3 4 5 6 7 11] [1 2 3 4] [1 2 3 4 6] [1 2 3 4 5 6 7] [1 2 3 4 5 6] [1 2 3 6] [1 2 3 4 5 6 7 16] [1 2 3 5] [1 2 3 6 7] [1 2 3 4 5 6 7 17] [1 2 3 5 7] [1 2 3 4 6 7 11] [1 2 3 4 5 7 17] [1 2 3 5 6] [1 2 3 5 7 17] [1 2] [1] [1 2 3 4 7] [1 2 3 4 5 17 27] [1 2 3 4 5 6 16 27] [1 2 3 6 7 17] [1 2 3 5 6 7] [1 3] [1 2 3 4 5 6 7 16 17] [1 2 3 5 16 17] [1 2 3 5 6 7 17] [1 2 3 4 5 6 7 17 27] [1 2 6] [1 2 3 4 5 6 7 11 16] [1 2 3 4 5 6 17 27 40] [] [] [] [] [] [] [] [] [] [] [] [] [] [] [] [] [] [] [] [] [] [] [] []
85 [] [1 2 3 4 5 6 16] [1 2 3 4 5] [1 2 3] [1 2 3 4 6 7] [1 2 3 4 5 7] [1 2 3 4 5 6 7 11] [1 2 3 4] [1 2 3 4 6] [1 2 3 4 5 6 7] [1 2 3 4 5 6] [1 2 3 6] [1 2 3 4 5 6 7 16] [1 2 3 5] [1 2 3 6 7] [1 2 3 4 5 6 7 17] [1 2 3 5 7] [1 2 3 4 6 7 11] [1 2 3 4 5 7 17] [1 2 3 5 6] [1 2 3 5 7 17] [1 2] [1] [1 2 3 4 7] [1 2 3 4 5 17 27] [1 2 3 4 5 6 16 27] [1 2 3 6 7 17] [1 2 5] [1 2 3 5 6 7] [1 3] [1 2 3 4 5 6 7 16 17] [1 2 3 5 16 17] [1 2 3 5 6 7 17] [1 2 3 4 5 6 7 17 27] [1 2 6] [1 2 3 4 5 6 7 11 16] [1 2 3 4 5 6 17 27 40] [] [] [] [] [] [] [] [] [] [] [] [] [] [] [] [] [] [] [] [] [] [] [] []
86 [] [1 2 3] [1 2 3 4 5 6 16] [1 2 3 4 6 7] [1 2 3 4 5 7] [1 2 3 4 5 6 7 11] [1 2 3 4] [1 2 3 4 6] [1 2 3 4 5] [1 2 3 4 5 6 7] [1 2 3 4 5 6] [1 2 3 6] [1 2 3 4 5 6 7 16] [1 2 3 5] [1 2 3 6 7] [1 2 3 4 5 6 7 17] [1 2 3 5 7] [1 2 3 4 6 7 11] [1 2 3 4 5 7 17] [1 2 3 5 6] [1 2 3 5 7 17] [1 2] [1] [1 2 3 4 7] [1 2 3 4 5 17 27] [1 2 3 4 5 6 16 27] [1 2 3 6 7 17] [1 2 5] [1 2 3 5 6 7] [1 3] [1 2 3 4 5 6 7 16 17] [1 2 3 5 16 17] [1 2 3 5 6 7 17] [1 2 3 4 5 6 7 17 27] [1 2 6] [1 2 3 4 5 6 7 11 16] [1 2 3 4 5 6 17 27 40] [] [] [] [] [] [] [] [] [] [] [] [] [] [] [] [] [] [] [] [] [] [] [] []
87 [] [1 2 3] [1 2 3 4 5 6 16] [1 2 3 4] [1 2 3 4 6 7] [1 2 3 4 5 7] [1 2 3 4 5 6 7 11] [1 2 3 4 6] [1 2 3 4 5] [1 2 3 4 5 6 7] [1 2 3 4 5 6] [1 2 3 6] [1 2 3 4 5 6 7 16] [1 2 3 5] [1 2 3 6 7] [1 2 3 4 5 6 7 17] [1 2 3 5 7] [1 2 3 4 6 7 11] [1 2 3 4 5 7 17] [1 2 3 5 6] [1 2 3 5 7 17] [1 2] [1] [1 2 3 4 7] [1 2 3 4 5 17 27] [1 2 3 4 5 6 16 27] [1 2 3 6 7 17] [1 2 5] [1 2 3 5 6 7] [1 3] [1 2 3 4 5 6 7 16 17] [1 2 3 5 16 17] [1 2 3 5 6 7 17] [1 2 3 4 5 6 7 17 27] [1 2 6] [1 2 3 4 5 6 7 11 16] [1 2 3 4 5 6 17 27 40] [] [] [] [] [] [] [] [] [] [] [] [] [] [] [] [] [] [] [] [] [] [] [] []
88 [] [1 2 3 4] [1 2 3 4 6 7] [1 2 3 4 5 7] [1 2 3 4 5 6 7 11] [1 2 3 4 6] [1 2 3 4 5] [1 2 3 4 5 6 7] [1 2 3 4 5 6] [1 2 3] [1 2 3 6] [1 2 3 4 5 6 16] [1 2 3 4 5 6 7 16] [1 2 3 5] [1 2 3 6 7] [1 2 3 4 5 6 7 17] [1 2 3 5 7] [1 2 3 4 6 7 11] [1 2 3 4 5 7 17] [1 2 3 5 6] [1 2 3 5 7 17] [1 2] [1] [1 2 3 4 7] [1 2 3 4 5 17 27] [1 2 3 4 5 6 16 27] [1 2 3 6 7 17] [1 2 5] [1 2 3 5 6 7] [1 3] [1 2 3 4 5 6 7 16 17] [1 2 3 5 16 17] [1 2 3 5 6 7 17] [1 2 3 4 5 6 7 17 27] [1 2 6] [1 2 3 4 5 6 7 11 16] [1 2 3 4 5 6 17 27 40] [] [] [] [] [] [] [] [] [] [] [] [] [] [] [] [] [] [] [] [] [] [] [] []
89 [] [1 2 3 4 5 7] [1 2 3 4 5 6 7 11] [1 2 3 4] [1 2 3 4 6] [1 2 3 4 5] [1 2 3 4 5 6 7] [1 2 3 4 5 6] [1 2 3] [1 2 3 6] [1 2 3 4 5 6 16] [1 2 3 4 5 6 7 16] [1 2 3 5] [1 2 3 6 7] [1 2 3 4 6 7] [1 2 3 4 5 6 7 17] [1 2 3 5 7] [1 2 3 4 6 7 11] [1 2 3 4 5 7 17] [1 2 3 5 6] [1 2 3 5 7 17] [1 2] [1] [1 2 3 4 7] [1 2 3 4 5 17 27] [1 2 3 4 5 6 16 27] [1 2 3 6 7 17] [1 2 5] [1 2 3 5 6 7] [1 3] [1 2 3 4 5 6 7 16 17] [1 2 3 5 16 17] [1 2 3 5 6 7 17] [1 2 3 4 5 6 7 17 27] [1 2 6] [1 2 3 4 5 6 7 11 16] [1 2 3 4 5 6 17 27 40] [] [] [] [] [] [] [] [] [] [] [] [] [] [] [] [] [] [] [] [] [] [] [] []
90 [] [1 2 3 4] [1 2 3 4 6] [1 2 3 4 5 6] [1 2 3 4 5] [1 2 3 4 5 7] [1 2 3 4 5 6 7] [1 2 3] [1 2 3 6] [1 2 3 4 5 6 16] [1 2 3 4 5 6 7 16] [1 2 3 5] [1 2 3 6 7] [1 2 3 4 6 7] [1 2 3 4 5 6 7 17] [1 2 3 5 7] [1 2 3 4 6 7 11] [1 2 3 4 5 7 17] [1 2 3 5 6] [1 2 3 5 7 17] [1 2] [1] [1 2 3 4 7] [1 2 3 4 5 17 27] [1 2 3 4 5 6 16 27] [1 2 3 6 7 17] [1 2 5] [1 2 3 4 5 6 7 11] [1 2 3 5 6 7] [1 3] [1 2 3 4 5 6 7 16 17] [1 2 3 5 16 17] [1 2 3 5 6 7 17] [1 2 3 4 5 6 7 17 27] [1 2 6] [1 2 3 4 5 6 7 11 16] [1 2 3 4 5 6 17 27 40] [] [] [] [] [] [] [] [] [] [] [] [] [] [] [] [] [] [] [] [] [] [] [] []
91 [] [1 2 3 4 5 6] [1 2 3 4 5] [1 2 3 4] [1 2 3 4 5 7] [1 2 3 4 5 6 7] [1 2 3 4 6] [1 2 3] [1 2 3 6] [1 2 3 4 5 6 16] [1 2 3 4 5 6 7 16] [1 2 3 5] [1 2 3 6 7] [1 2 3 4 6 7] [1 2 3 4 5 6 7 17] [1 2 3 5 7] [1 2 3 4 6 7 11] [1 2 3 4 5 7 17] [1 2 3 5 6] [1 2 3 5 7 17] [1 2] [1] [1 2 3 4 7] [1 2 3 4 5 17 27] [1 2 3 4 5 6 16 27] [1 2 3 6 7 17] [1 2 5] [1 2 3 4 5 6 7 11] [1 2 3 5 6 7] [1 3] [1 2 3 4 5 6 7 16 17] [1 2 3 5 16 17] [1 2 3 5 6 7 17] [1 2 3 4 5 6 7 17 27] [1 2 6] [1 2 3 4 5 6 7 11 16] [1 2 3 4 5 6 17 27 40] [] [] [] [] [] [] [] [] [] [] [] [] [] [] [] [] [] [] [] [] [] [] [] []
92 [] [1 2 3 4] [1 2 3 4 5 7] [1 2 3 5 6] [1 2 3 4 5 6 7] [1 2 3 4 6] [1 2 3 4 5 6] [1 2 3] [1 2 3 4 5] [1 2 3 6] [1 2 3 4 5 6 16] [1 2 3 4 5 6 7 16] [1 2 3 5] [1 2 3 6 7] [1 2 3 4 6 7] [1 2 3 4 5 6 7 17] [1 2 3 5 7] [1 2 3 4 6 7 11] [1 2 3 4 5 7 17] [1 2 3 5 7 17] [1 2] [1] [1 2 3 4 7] [1 2 3 4 5 17 27] [1 2 3 4 5 6 16 27] [1 2 3 6 7 17] [1 2 5] [1 2 3 4 5 6 7 11] [1 2 3 5 6 7] [1 3] [1 2 3 4 5 6 7 16 17] [1 2 3 5 16 17] [1 2 3 5 6 7 17] [1 2 3 4 5 6 7 17 27] [1 2 6] [1 2 3 4 5 6 7 11 16] [1 2 3 4 5 6 17 27 40] [] [] [] [] [] [] [] [] [] [] [] [] [] [] [] [] [] [] [] [] [] [] [] []
93 [] [1 2 3 5 6] [1 2 3 4 5 6 7] [1 2 3 4 6] [1 2 3 4] [1 2 3 4 5 6] [1 2 3 4 5 7] [1 2 3] [1 2 3 4 5] [1 2 3 6] [1 2 3 4 5 6 16] [1 2 3 4 5 6 7 16] [1 2 3 5] [1 2 3 6 7] [1 2 3 4 6 7] [1 2 3 4 5 6 7 17] [1 2 3 5 7] [1 2 3 4 6 7 11] [1 2 3 4 5 7 17] [1 2 3 5 7 17] [1 2] [1] [1 2 3 4 7] [1 2 3 4 5 17 27] [1 2 3 4 5 6 16 27] [1 2 3 6 7 17] [1 2 5] [1 2 3 4 5 6 7 11] [1 2 3 5 6 7] [1 3] [1 2 3 4 5 6 7 16 17] [1 2 3 5 16 17] [1 2 3 5 6 7 17] [1 2 3 4 5 6 7 17 27] [1 2 6] [1 2 3 4 5 6 7 11 16] [1 2 3 4 5 6 17 27 40] [] [] [] [] [] [] [] [] [] [] [] [] [] [] [] [] [] [] [] [] [] [] [] []
94 [] [1 2 3 4 6] [1 2 3 4] [1 2 3 4 5 6] [1 2 3 4 5 7] [1 2 3] [1 2 3 4 5] [1 2 3 6] [1 2 3 4 5 6 16] [1 2 3 4 5 6 7 16] [1 2 3 5] [1 2 3 4 5 6 7] [1 2 3 6 7] [1 2 3 4 6 7] [1 2 3 4 5 6 7 17] [1 2 3 5 7] [1 2 3 4 6 7 11] [1 2 3 4 5 7 17] [1 2 3 5 6] [1 2 3 5 7 17] [1 2] [1] [1 2 3 4 7] [1 2 3 4 5 17 27] [1 2 3 4 5 6 16 27] [1 2 3 6 7 17] [1 2 5] [1 2 3 4 5 6 7 11] [1 2 3 5 6 7] [1 3] [1 2 3 4 5 6 7 16 17] [1 2 3 5 16 17] [1 2 3 5 6 7 17] [1 2 3 4 5 6 7 17 27] [1 2 6] [1 2 3 4 5 6 7 11 16] [1 2 3 4 5 6 17 27 40] [] [] [] [] [] [] [] [] [] [] [] [] [] [] [] [] [] [] [] [] [] [] [] []
95 [] [1 2 3 4] [1 2 3 4 5 6] [1 2 3 4 5 7] [1 2 3] [1 2 3 4 5] [1 2 3 6] [1 2 3 4 6] [1 2 3 4 5 6 16] [1 2 3 4 5 6 7 16] [1 2 3 5] [1 2 3 4 5 6 7] [1 2 3 6 7] [1 2 3 4 6 7] [1 2 3 4 5 6 7 17] [1 2 3 5 7] [1 2 3 4 6 7 11] [1 2 3 4 5 7 17] [1 2 3 5 6] [1 2 3 5 7 17] [1 2] [1] [1 2 3 4 7] [1 2 3 4 5 17 27] [1 2 3 4 5 6 16 27] [1 2 3 6 7 17] [1 2 5] [1 2 3 4 5 6 7 11] [1 2 3 5 6 7] [1 3] [1 2 3 4 5 6 7 16 17] [1 2 3 5 16 17] [1 2 3 5 6 7 17] [1 2 3 4 5 6 7 17 27] [1 2 6] [1 2 3 4 5 6 7 11 16] [1 2 3 4 5 6 17 27 40] [] [] [] [] [] [] [] [] [] [] [] [] [] [] [] [] [] [] [] [] [] [] [] []
96 [] [1 2 3 4 5 7] [1 2 3] [1 2 3 4 5 6] [1 2 3 4 5] [1 2 3 6] [1 2 3 4 6] [1 2 3 4] [1 2 3 4 5 6 16] [1 2 3 4 5 6 7 16] [1 2 3 5] [1 2 3 4 5 6 7] [1 2 3 6 7] [1 2 3 4 6 7] [1 2 3 4 5 6 7 17] [1 2 3 5 7] [1 2 3 4 6 7 11] [1 2 3 4 5 7 17] [1 2 3 5 6] [1 2 3 5 7 17] [1 2] [1] [1 2 3 4 7] [1 2 3 4 5 17 27] [1 2 3 4 5 6 16 27] [1 2 3 6 7 17] [1 2 5] [1 2 3 4 5 6 7 11] [1 2 3 5 6 7] [1 3] [1 2 3 4 5 6 7 16 17] [1 2 3 5 16 17] [1 2 3 5 6 7 17] [1 2 3 4 5 6 7 17 27] [1 2 6] [1 2 3 4 5 6 7 11 16] [1 2 3 4 5 6 17 27 40] [] [] [] [] [] [] [] [] [] [] [] [] [] [] [] [] [] [] [] [] [] [] [] []
97 [] [1 2 3 4 5 6] [1 2 3 4 5] [1 2 3 6] [1 2 3 4 5 7] [1 2 3] [1 2 3 4 6] [1 2 3 4] [1 2 3 4 5 6 16] [1 2 3 4 5 6 7 16] [1 2 3 5] [1 2 3 4 5 6 7] [1 2 3 6 7] [1 2 3 4 6 7] [1 2 3 4 5 6 7 17] [1 2 3 5 7] [1 2 3 4 6 7 11] [1 2 3 4 5 7 17] [1 2 3 5 6] [1 2 3 5 7 17] [1 2] [1] [1 2 3 4 7] [1 2 3 4 5 17 27] [1 2 3 4 5 6 16 27] [1 2 3 6 7 17] [1 2 5] [1 2 3 4 5 6 7 11] [1 2 3 5 6 7] [1 3] [1 2 3 4 5 6 7 16 17] [1 2 3 5 16 17] [1 2 3 5 6 7 17] [1 2 3 4 5 6 7 17 27] [1 2 6] [1 2 3 4 5 6 7 11 16] [1 2 3 4 5 6 17 27 40] [] [] [] [] [] [] [] [] [] [] [] [] [] [] [] [] [] [] [] [] [] [] [] []
98 [] [1 2 3 6] [1 2 3 4 5] [1 2 3 4 5 6] [1 2 3 4 5 7] [1 2 3] [1 2 3 4 6] [1 2 3 4] [1 2 3 4 5 6 16] [1 2 3 4 5 6 7 16] [1 2 3 5] [1 2 3 4 5 6 7] [1 2 3 6 7] [1 2 3 4 6 7] [1 2 3 4 5 6 7 17] [1 2 3 5 7] [1 2 3 4 6 7 11] [1 2 3 4 5 7 17] [1 2 3 5 6] [1 2 3 5 7 17] [1 2] [1] [1 2 3 4 7] [1 2 3 4 5 17 27] [1 2 3 4 5 6 16 27] [1 2 3 6 7 17] [1 2 5] [1 2 3 4 5 6 7 11] [1 2 3 5 6 7] [1 3] [1 2 3 4 5 6 7 16 17] [1 2 3 5 16 17] [1 2 3 5 6 7 17] [1 2 3 4 5 6 7 17 27] [1 2 6] [1 2 3 4 5 6 7 11 16] [1 2 3 4 5 6 17 27 40] [] [] [] [] [] [] [] [] [] [] [] [] [] [] [] [] [] [] [] [] [] [] [] []
99 [] [1 2 3 4 5] [1 2 3 4 5 6] [1 2 3 4 6] [1 2 3 4 5 7] [1 2 3] [1 2 3 4] [1 2 3 4 5 6 16] [1 2 3 4 5 6 7 16] [1 2 3 5] [1 2 3 4 5 6 7] [1 2 3 6 7] [1 2 3 4 6 7] [1 2 3 4 5 6 7 17] [1 2 3 6] [1 2 3 5 7] [1 2 3 4 6 7 11] [1 2 3 4 5 7 17] [1 2 3 5 6] [1 2 3 5 7 17] [1 2] [1] [1 2 3 4 7] [1 2 3 4 5 17 27] [1 2 3 4 5 6 16 27] [1 2 3 6 7 17] [1 2 5] [1 2 3 4 5 6 7 11] [1 2 3 5 6 7] [1 3] [1 2 3 4 5 6 7 16 17] [1 2 3 5 16 17] [1 2 3 5 6 7 17] [1 2 3 4 5 6 7 17 27] [1 2 6] [1 2 3 4 5 6 7 11 16] [1 2 3 4 5 6 17 27 40] [] [] [] [] [] [] [] [] [] [] [] [] [] [] [] [] [] [] [] [] [] [] [] []
100 [] [1 2 3 4 6] [1 2 3 4 5 7] [1 2 3] [1 2 3 4] [1 2 3 4 5 6 16] [1 2 3 4 5 6 7 16] [1 2 3 5] [1 2 3 4 5] [1 2 3 4 5 6 7] [1 2 3 6 7] [1 2 3 4 6 7] [1 2 3 4 5 6] [1 2 3 4 5 6 7 17] [1 2 3 6] [1 2 3 5 7] [1 2 3 4 6 7 11] [1 2 3 4 5 7 17] [1 2 3 5 6] [1 2 3 5 7 17] [1 2] [1] [1 2 3 4 7] [1 2 3 4 5 17 27] [1 2 3 4 5 6 16 27] [1 2 3 6 7 17] [1 2 5] [1 2 3 4 5 6 7 11] [1 2 3 5 6 7] [1 3] [1 2 3 4 5 6 7 16 17] [1 2 3 5 16 17] [1 2 3 5 6 7 17] [1 2 3 4 5 6 7 17 27] [1 2 6] [1 2 3 4 5 6 7 11 16] [1 2 3 4 5 6 17 27 40] [] [] [] [] [] [] [] [] [] [] [] [] [] [] [] [] [] [] [] [] [] [] [] []
101 [] [1 2 3] [1 2 3 4 5] [1 2 3 4 6] [1 2 3 4] [1 2 3 4 5 6 16] [1 2 3 4 5 6 7 16] [1 2 3 5] [1 2 3 4 5 6 7] [1 2 3 4 5 7] [1 2 3 6 7] [1 2 3 4 6 7] [1 2 3 4 5 6] [1 2 3 4 5 6 7 17] [1 2 3 6] [1 2 3 5 7] [1 2 3 4 6 7 11] [1 2 3 4 5 7 17] [1 2 3 5 6] [1 2 3 5 7 17] [1 2] [1] [1 2 3 4 7] [1 2 3 4 5 17 27] [1 2 3 4 5 6 16 27] [1 2 3 6 7 17] [1 2 5] [1 2 3 4 5 6 7 11] [1 2 3 5 6 7] [1 3] [1 2 3 4 5 6 7 16 17] [1 2 3 5 16 17] [1 2 3 5 6 7 17] [1 2 3 4 5 6 7 17 27] [1 2 6] [1 2 3 4 5 6 7 11 16] [1 2 3 4 5 6 17 27 40] [] [] [] [] [] [] [] [] [] [] [] [] [] [] [] [] [] [] [] [] [] [] [] []
102 [] [1 2 3 4 6] [1 2 3 4] [1 2 3 4 5 6 16] [1 2 3 4 5 6 7 16] [1 2 3 5] [1 2 3 4 5] [1 2 3] [1 2 3 4 5 6 7] [1 2 3 4 5 7] [1 2 3 6 7] [1 2 3 4 6 7] [1 2 3 4 5 6] [1 2 3 4 5 6 7 17] [1 2 3 6] [1 2 3 5 7] [1 2 3 4 6 7 11] [1 2 3 4 5 7 17] [1 2 3 5 6] [1 2 3 5 7 17] [1 2] [1] [1 2 3 4 7] [1 2 3 4 5 17 27] [1 2 3 4 5 6 16 27] [1 2 3 6 7 17] [1 2 5] [1 2 3 4 5 6 7 11] [1 2 3 5 6 7] [1 3] [1 2 3 4 5 6 7 16 17] [1 2 3 5 16 17] [1 2 3 5 6 7 17] [1 2 3 4 5 6 7 17 27] [1 2 6] [1 2 3 4 5 6 7 11 16] [1 2 3 4 5 6 17 27 40] [] [] [] [] [] [] [] [] [] [] [] [] [] [] [] [] [] [] [] [] [] [] [] []
103 [] [1 2 3 4 5 6 16] [1 2 3 4 5] [1 2 3 4 5 6 7 16] [1 2 3 5] [1 2 3] [1 2 3 4 6] [1 2 3 4 5 6 7] [1 2 3 4] [1 2 3 4 5 7] [1 2 3 6 7] [1 2 3 4 6 7] [1 2 3 4 5 6] [1 2 3 4 5 6 7 17] [1 2 3 6] [1 2 3 5 7] [1 2 3 4 6 7 11] [1 2 3 4 5 7 17] [1 2 3 5 6] [1 2 3 5 7 17] [1 2] [1] [1 2 3 4 7] [1 2 3 4 5 17 27] [1 2 3 4 5 6 16 27] [1 2 3 6 7 17] [1 2 5] [1 2 3 4 5 6 7 11] [1 2 3 5 6 7] [1 3] [1 2 3 4 5 6 7 16 17] [1 2 3 5 16 17] [1 2 3 5 6 7 17] [1 2 3 4 5 6 7 17 27] [1 2 6] [1 2 3 4 5 6 7 11 16] [1 2 3 4 5 6 17 27 40] [] [] [] [] [] [] [] [] [] [] [] [] [] [] [] [] [] [] [] [] [] [] [] []
104 [] [1 2 3 4 5 6 7 16] [1 2 3 5] [1 2 3 4 5] [1 2 3] [1 2 3 4 6] [1 2 3 4 5 6 7] [1 2 3 4] [1 2 3 4 5 7] [1 2 3 6 7] [1 2 3 4 6 7] [1 2 3 4 5 6] [1 2 3 4 5 6 7 17] [1 2 3 6] [1 2 3 5 7] [1 2 3 4 6 7 11] [1 2 3 4 5 7 17] [1 2 3 5 6] [1 2 3 5 7 17] [1 2 3 4 5 6 16] [1 2] [1] [1 2 3 4 7] [1 2 3 4 5 17 27] [1 2 3 4 5 6 16 27] [1 2 3 6 7 17] [1 2 5] [1 2 3 4 5 6 7 11] [1 2 3 5 6 7] [1 3] [1 2 3 4 5 6 7 16 17] [1 2 3 5 16 17] [1 2 3 5 6 7 17] [1 2 3 4 5 6 7 17 27] [1 2 6] [1 2 3 4 5 6 7 11 16] [1 2 3 4 5 6 17 27 40] [] [] [] [] [] [] [] [] [] [] [] [] [] [] [] [] [] [] [] [] [] [] [] []
105 [] [1 2 3 4 5] [1 2 3 5] [1 2 3] [1 2 3 4 6] [1 2 3 4 5 6 7] [1 2 3 4] [1 2 3 4 5 7] [1 2 3 6 7] [1 2 3 4 6 7] [1 2 3 4 5 6] [1 2 3 4 5 6 7 17] [1 2 3 6] [1 2 3 5 7] [1 2 3 4 6 7 11] [1 2 3 4 5 7 17] [1 2 3 5 6] [1 2 3 5 7 17] [1 2 3 4 5 6 16] [1 2] [1] [1 2 3 4 7] [1 2 3 4 5 17 27] [1 2 3 4 5 6 16 27] [1 2 3 6 7 17] [1 2 5] [1 2 3 4 5 6 7 16] [1 2 3 4 5 6 7 11] [1 2 3 5 6 7] [1 3] [1 2 3 4 5 6 7 16 17] [1 2 3 5 16 17] [1 2 3 5 6 7 17] [1 2 3 4 5 6 7 17 27] [1 2 6] [1 2 3 4 5 6 7 11 16] [1 2 3 4 5 6 17 27 40] [] [] [] [] [] [] [] [] [] [] [] [] [] [] [] [] [] [] [] [] [] [] [] []
106 [] [1 2 3 5] [1 2 3 4 5] [1 2 3] [1 2 3 4 6] [1 2 3 4 5 6 7] [1 2 3 4] [1 2 3 4 5 7] [1 2 3 6 7] [1 2 3 4 6 7] [1 2 3 4 5 6] [1 2 3 4 5 6 7 17] [1 2 3 6] [1 2 3 5 7] [1 2 3 4 6 7 11] [1 2 3 4 5 7 17] [1 2 3 5 6] [1 2 3 5 7 17] [1 2 3 4 5 6 16] [1 2] [1] [1 2 3 4 7] [1 2 3 4 5 17 27] [1 2 3 4 5 6 16 27] [1 2 3 6 7 17] [1 2 5] [1 2 3 4 5 6 7 16] [1 2 3 4 5 6 7 11] [1 2 3 5 6 7] [1 3] [1 2 3 4 5 6 7 16 17] [1 2 3 5 16 17] [1 2 3 5 6 7 17] [1 2 3 4 5 6 7 17 27] [1 2 6] [1 2 3 4 5 6 7 11 16] [1 2 3 4 5 6 17 27 40] [] [] [] [] [] [] [] [] [] [] [] [] [] [] [] [] [] [] [] [] [] [] [] []
107 [] [1 2 3 5] [1 2 3] [1 2 3 4 6] [1 2 3 4 5 6 7] [1 2 3 4] [1 2 3 4 5 7] [1 2 3 4 5] [1 2 3 6 7] [1 2 3 4 6 7] [1 2 3 4 5 6] [1 2 3 4 5 6 7 17] [1 2 3 6] [1 2 3 5 7] [1 2 3 4 6 7 11] [1 2 3 4 5 7 17] [1 2 3 5 6] [1 2 3 5 7 17] [1 2 3 4 5 6 16] [1 2] [1] [1 2 3 4 7] [1 2 3 4 5 17 27] [1 2 3 4 5 6 16 27] [1 2 3 6 7 17] [1 2 5] [1 2 3 4 5 6 7 16] [1 2 3 4 5 6 7 11] [1 2 3 5 6 7] [1 3] [1 2 3 4 5 6 7 16 17] [1 2 3 5 16 17] [1 2 3 5 6 7 17] [1 2 3 4 5 6 7 17 27] [1 2 6] [1 2 3 4 5 6 7 11 16] [1 2 3 4 5 6 17 27 40] [] [] [] [] [] [] [] [] [] [] [] [] [] [] [] [] [] [] [] [] [] [] [] []
108 [] [1 2 3 4 6] [1 2 3 4 5 6 7] [1 2 3 4 5 6] [1 2 3] [1 2 3 4] [1 2 3 4 5 7] [1 2 3 4 5] [1 2 3 6 7] [1 2 3 4 6 7] [1 2 3 4 5 6 7 17] [1 2 3 5] [1 2 3 6] [1 2 3 5 7] [1 2 3 4 6 7 11] [1 2 3 4 5 7 17] [1 2 3 5 6] [1 2 3 5 7 17] [1 2 3 4 5 6 16] [1 2] [1] [1 2 3 4 7] [1 2 3 4 5 17 27] [1 2 3 4 5 6 16 27] [1 2 3 6 7 17] [1 2 5] [1 2 3 4 5 6 7 16] [1 2 3 4 5 6 7 11] [1 2 3 5 6 7] [1 3] [1 2 3 4 5 6 7 16 17] [1 2 3 5 16 17] [1 2 3 5 6 7 17] [1 2 3 4 5 6 7 17 27] [1 2 6] [1 2 3 4 5 6 7 11 16] [1 2 3 4 5 6 17 27 40] [] [] [] [] [] [] [] [] [] [] [] [] [] [] [] [] [] [] [] [] [] [] [] []
109 [] [1 2 3 4 5 6] [1 2 3] [1 2 3 4 6] [1 2 3 4] [1 2 3 4 5 7] [1 2 3 4 5] [1 2 3 6 7] [1 2 3 4 5 6 7] [1 2 3 4 6 7] [1 2 3 4 5 6 7 17] [1 2 3 5] [1 2 3 6] [1 2 3 5 7] [1 2 3 4 6 7 11] [1 2 3 4 5 7 17] [1 2 3 5 6] [1 2 3 5 7 17] [1 2 3 4 5 6 16] [1 2] [1] [1 2 3 4 7] [1 2 3 4 5 17 27] [1 2 3 4 5 6 16 27] [1 2 3 6 7 17] [1 2 5] [1 2 3 4 5 6 7 16] [1 2 3 4 5 6 7 11] [1 2 3 5 6 7] [1 3] [1 2 3 4 5 6 7 16 17] [1 2 3 5 16 17] [1 2 3 5 6 7 17] [1 2 3 4 5 6 7 17 27] [1 2 6] [1 2 3 4 5 6 7 11 16] [1 2 3 4 5 6 17 27 40] [] [] [] [] [] [] [] [] [] [] [] [] [] [] [] [] [] [] [] [] [] [] [] []
110 [] [1 2 3] [1 2 3 4 6] [1 2 3 4] [1 2 3 4 5 7] [1 2 3 4 5] [1 2 3 6 7] [1 2 3 4 5 6 7] [1 2 3 4 6 7] [1 2 3 4 5 6] [1 2 3 4 5 6 7 17] [1 2 3 5] [1 2 3 6] [1 2 3 5 7] [1 2 3 4 6 7 11] [1 2 3 4 5 7 17] [1 2 3 5 6] [1 2 3 5 7 17] [1 2 3 4 5 6 16] [1 2] [1] [1 2 3 4 7] [1 2 3 4 5 17 27] [1 2 3 4 5 6 16 27] [1 2 3 6 7 17] [1 2 5] [1 2 3 4 5 6 7 16] [1 2 3 4 5 6 7 11] [1 2 3 5 6 7] [1 3] [1 2 3 4 5 6 7 16 17] [1 2 3 5 16 17] [1 2 3 5 6 7 17] [1 2 3 4 5 6 7 17 27] [1 2 6] [1 2 3 4 5 6 7 11 16] [1 2 3 4 5 6 17 27 40] [] [] [] [] [] [] [] [] [] [] [] [] [] [] [] [] [] [] [] [] [] [] [] []
111 [] [1 2 3 4] [1 2 3 4 5] [1 2 3 4 6] [1 2 3 4 5 7] [1 2 3 6 7] [1 2 3 4 5 6 7] [1 2 3] [1 2 3 4 6 7] [1 2 3 4 5 6] [1 2 3 4 5 6 7 17] [1 2 3 5] [1 2 3 6] [1 2 3 5 7] [1 2 3 4 6 7 11] [1 2 3 4 5 7 17] [1 2 3 5 6] [1 2 3 5 7 17] [1 2 3 4 5 6 16] [1 2] [1] [1 2 3 4 7] [1 2 3 4 5 17 27] [1 2 3 4 5 6 16 27] [1 2 3 6 7 17] [1 2 5] [1 2 3 4 5 6 7 16] [1 2 3 4 5 6 7 11] [1 2 3 5 6 7] [1 3] [1 2 3 4 5 6 7 16 17] [1 2 3 5 16 17] [1 2 3 5 6 7 17] [1 2 3 4 5 6 7 17 27] [1 2 6] [1 2 3 4 5 6 7 11 16] [1 2 3 4 5 6 17 27 40] [] [] [] [] [] [] [] [] [] [] [] [] [] [] [] [] [] [] [] [] [] [] [] []
112 [] [1 2 3 4 6] [1 2 3 6] [1 2 3 4 5 7] [1 2 3 4 5] [1 2 3 4] [1 2 3 6 7] [1 2 3 4 5 6 7] [1 2 3] [1 2 3 4 6 7] [1 2 3 4 5 6] [1 2 3 4 5 6 7 17] [1 2 3 5] [1 2 3 5 7] [1 2 3 4 6 7 11] [1 2 3 4 5 7 17] [1 2 3 5 6] [1 2 3 5 7 17] [1 2 3 4 5 6 16] [1 2] [1] [1 2 3 4 7] [1 2 3 4 5 17 27] [1 2 3 4 5 6 16 27] [1 2 3 6 7 17] [1 2 5] [1 2 3 4 5 6 7 16] [1 2 3 4 5 6 7 11] [1 2 3 5 6 7] [1 3] [1 2 3 4 5 6 7 16 17] [1 2 3 5 16 17] [1 2 3 5 6 7 17] [1 2 3 4 5 6 7 17 27] [1 2 6] [1 2 3 4 5 6 7 11 16] [1 2 3 4 5 6 17 27 40] [] [] [] [] [] [] [] [] [] [] [] [] [] [] [] [] [] [] [] [] [] [] [] []
113 [] [1 2 3 4 6] [1 2 3 4 5 7] [1 2 3 4 5] [1 2 3 4] [1 2 3 6 7] [1 2 3 4 5 6 7] [1 2 3] [1 2 3 4 6 7] [1 2 3 4 5 6] [1 2 3 4 5 6 7 17] [1 2 3 5] [1 2 3 6] [1 2 3 5 7] [1 2 3 4 6 7 11] [1 2 3 4 5 7 17] [1 2 3 5 6] [1 2 3 5 7 17] [1 2 3 4 5 6 16] [1 2] [1] [1 2 3 4 7] [1 2 3 4 5 17 27] [1 2 3 4 5 6 16 27] [1 2 3 6 7 17] [1 2 5] [1 2 3 4 5 6 7 16] [1 2 3 4 5 6 7 11] [1 2 3 5 6 7] [1 3] [1 2 3 4 5 6 7 16 17] [1 2 3 5 16 17] [1 2 3 5 6 7 17] [1 2 3 4 5 6 7 17 27] [1 2 6] [1 2 3 4 5 6 7 11 16] [1 2 3 4 5 6 17 27 40] [] [] [] [] [] [] [] [] [] [] [] [] [] [] [] [] [] [] [] [] [] [] [] []
114 [] [1 2 3 4 5] [1 2 3 4] [1 2 3 6 7] [1 2 3 4 5 7] [1 2 3 4 5 6 7] [1 2 3] [1 2 3 4 6 7] [1 2 3 4 5 6] [1 2 3 4 5 6 7 17] [1 2 3 5] [1 2 3 6] [1 2 3 4 6] [1 2 3 5 7] [1 2 3 4 6 7 11] [1 2 3 4 5 7 17] [1 2 3 5 6] [1 2 3 5 7 17] [1 2 3 4 5 6 16] [1 2] [1] [1 2 3 4 7] [1 2 3 4 5 17 27] [1 2 3 4 5 6 16 27] [1 2 3 6 7 17] [1 2 5] [1 2 3 4 5 6 7 16] [1 2 3 4 5 6 7 11] [1 2 3 5 6 7] [1 3] [1 2 3 4 5 6 7 16 17] [1 2 3 5 16 17] [1 2 3 5 6 7 17] [1 2 3 4 5 6 7 17 27] [1 2 6] [1 2 3 4 5 6 7 11 16] [1 2 3 4 5 6 17 27 40] [] [] [] [] [] [] [] [] [] [] [] [] [] [] [] [] [] [] [] [] [] [] [] []
115 [] [1 2 3 4] [1 2 3 6 7] [1 2 3 4 5 6 7 11] [1 2 3 4 5 7] [1 2 3 4 5 6 7] [1 2 3 4 5] [1 2 3] [1 2 3 4 6 7] [1 2 3 4 5 6] [1 2 3 4 5 6 7 17] [1 2 3 5] [1 2 3 6] [1 2 3 4 6] [1 2 3 5 7] [1 2 3 4 6 7 11] [1 2 3 4 5 7 17] [1 2 3 5 6] [1 2 3 5 7 17] [1 2 3 4 5 6 16] [1 2] [1] [1 2 3 4 7] [1 2 3 4 5 17 27] [1 2 3 4 5 6 16 27] [1 2 3 6 7 17] [1 2 5] [1 2 3 4 5 6 7 16] [1 2 3 5 6 7] [1 3] [1 2 3 4 5 6 7 16 17] [1 2 3 5 16 17] [1 2 3 5 6 7 17] [1 2 3 4 5 6 7 17 27] [1 2 6] [1 2 3 4 5 6 7 11 16] [1 2 3 4 5 6 17 27 40] [] [] [] [] [] [] [] [] [] [] [] [] [] [] [] [] [] [] [] [] [] [] [] []
116 [] [1 2 3 4 5 6 7 11] [1 2 3 4 5 7] [1 2 3 4 5 6 7] [1 2 3 4] [1 2 3 4 5] [1 2 3] [1 2 3 4 6 7] [1 2 3 4 5 6] [1 2 3 4 5 6 7 17] [1 2 3 5] [1 2 3 6] [1 2 3 4 6] [1 2 3 5 7] [1 2 3 4 6 7 11] [1 2 3 4 5 7 17] [1 2 3 5 6] [1 2 3 5 7 17] [1 2 3 6 7] [1 2 3 4 5 6 16] [1 2] [1] [1 2 3 4 7] [1 2 3 4 5 17 27] [1 2 3 4 5 6 16 27] [1 2 3 6 7 17] [1 2 5] [1 2 3 4 5 6 7 16] [1 2 3 5 6 7] [1 3] [1 2 3 4 5 6 7 16 17] [1 2 3 5 16 17] [1 2 3 5 6 7 17] [1 2 3 4 5 6 7 17 27] [1 2 6] [1 2 3 4 5 6 7 11 16] [1 2 3 4 5 6 17 27 40] [] [] [] [] [] [] [] [] [] [] [] [] [] [] [] [] [] [] [] [] [] [] [] []
117 [] [1 2 3 4 5 6 7] [1 2 3 4] [1 2 3 4 5] [1 2 3] [1 2 3 4 6 7] [1 2 3 4 5 6] [1 2 3 4 5 6 7 17] [1 2 3 5] [1 2 3 4 5 7] [1 2 3 6] [1 2 3 4 6] [1 2 3 5 7] [1 2 3 4 6 7 11] [1 2 3 4 5 7 17] [1 2 3 5 6] [1 2 3 5 7 17] [1 2 3 6 7] [1 2 3 4 5 6 16] [1 2] [1] [1 2 3 4 7] [1 2 3 4 5 17 27] [1 2 3 4 5 6 16 27] [1 2 3 6 7 17] [1 2 5] [1 2 3 4 5 6 7 16] [1 2 3 4 5 6 7 11] [1 2 3 5 6 7] [1 3] [1 2 3 4 5 6 7 16 17] [1 2 3 5 16 17] [1 2 3 5 6 7 17] [1 2 3 4 5 6 7 17 27] [1 2 6] [1 2 3 4 5 6 7 11 16] [1 2 3 4 5 6 17 27 40] [] [] [] [] [] [] [] [] [] [] [] [] [] [] [] [] [] [] [] [] [] [] [] []
118 [] [1 2 3 4 5] [1 2 3 4] [1 2 3] [1 2 3 4 6 7] [1 2 3 4 5 6 7] [1 2 3 4 5 6] [1 2 3 4 5 6 7 17] [1 2 3 5] [1 2 3 4 5 7] [1 2 3 6] [1 2 3 4 6] [1 2 3 5 7] [1 2 3 4 6 7 11] [1 2 3 4 5 7 17] [1 2 3 5 6] [1 2 3 5 7 17] [1 2 3 6 7] [1 2 3 4 5 6 16] [1 2] [1] [1 2 3 4 7] [1 2 3 4 5 17 27] [1 2 3 4 5 6 16 27] [1 2 3 6 7 17] [1 2 5] [1 2 3 4 5 6 7 16] [1 2 3 4 5 6 7 11] [1 2 3 5 6 7] [1 3] [1 2 3 4 5 6 7 16 17] [1 2 3 5 16 17] [1 2 3 5 6 7 17] [1 2 3 4 5 6 7 17 27] [1 2 6] [1 2 3 4 5 6 7 11 16] [1 2 3 4 5 6 17 27 40] [] [] [] [] [] [] [] [] [] [] [] [] [] [] [] [] [] [] [] [] [] [] [] []
119 [] [1 2 3] [1 2 3 4 5] [1 2 3 4 6 7] [1 2 3 4 5 6 7] [1 2 3 4] [1 2 3 4 5 6] [1 2 3 4 5 6 7 17] [1 2 3 5] [1 2 3 4 5 7] [1 2 3 6] [1 2 3 4 6] [1 2 3 5 7] [1 2 3 4 6 7 11] [1 2 3 4 5 7 17] [1 2 3 5 6] [1 2 3 5 7 17] [1 2 3 6 7] [1 2 3 4 5 6 16] [1 2] [1] [1 2 3 4 7] [1 2 3 4 5 17 27] [1 2 3 4 5 6 16 27] [1 2 3 6 7 17] [1 2 5] [1 2 3 4 5 6 7 16] [1 2 3 4 5 6 7 11] [1 2 3 5 6 7] [1 3] [1 2 3 4 5 6 7 16 17] [1 2 3 5 16 17] [1 2 3 5 6 7 17] [1 2 3 4 5 6 7 17 27] [1 2 6] [1 2 3 4 5 6 7 11 16] [1 2 3 4 5 6 17 27 40] [] [] [] [] [] [] [] [] [] [] [] [] [] [] [] [] [] [] [] [] [] [] [] []
120 [] [1 2 3 4 6 7] [1 2 3 4 5 6 7] [1 2 3 4 5] [1 2 3] [1 2 3 4] [1 2 3 4 5 6] [1 2 3 4 5 6 7 17] [1 2 3 5] [1 2 3 4 5 7] [1 2 3 6] [1 2 3 4 6] [1 2 3 5 7] [1 2 3 4 6 7 11] [1 2 3 4 5 7 17] [1 2 3 5 6] [1 2 3 5 7 17] [1 2 3 6 7] [1 2 3 4 5 6 16] [1 2] [1] [1 2 3 4 7] [1 2 3 4 5 17 27] [1 2 3 4 5 6 16 27] [1 2 3 6 7 17] [1 2 5] [1 2 3 4 5 6 7 16] [1 2 3 4 5 6 7 11] [1 2 3 5 6 7] [1 3] [1 2 3 4 5 6 7 16 17] [1 2 3 5 16 17] [1 2 3 5 6 7 17] [1 2 3 4 5 6 7 17 27] [1 2 6] [1 2 3 4 5 6 7 11 16] [1 2 3 4 5 6 17 27 40] [] [] [] [] [] [] [] [] [] [] [] [] [] [] [] [] [] [] [] [] [] [] [] []
121 [] [1 2 3 4 5] [1 2 3] [1 2 3 4] [1 2 3 4 6 7] [1 2 3 4 5 6 7] [1 2 3 4 5 6] [1 2 3 4 5 6 7 17] [1 2 3 5] [1 2 3 4 5 7] [1 2 3 6] [1 2 3 4 6] [1 2 3 5 7] [1 2 3 4 6 7 11] [1 2 3 4 5 7 17] [1 2 3 5 6] [1 2 3 5 7 17] [1 2 3 6 7] [1 2 3 4 5 6 16] [1 2] [1] [1 2 3 4 7] [1 2 3 4 5 17 27] [1 2 3 4 5 6 16 27] [1 2 3 6 7 17] [1 2 5] [1 2 3 4 5 6 7 16] [1 2 3 4 5 6 7 11] [1 2 3 5 6 7] [1 3] [1 2 3 4 5 6 7 16 17] [1 2 3 5 16 17] [1 2 3 5 6 7 17] [1 2 3 4 5 6 7 17 27] [1 2 6] [1 2 3 4 5 6 7 11 16] [1 2 3 4 5 6 17 27 40] [] [] [] [] [] [] [] [] [] [] [] [] [] [] [] [] [] [] [] [] [] [] [] []
122 [] [1 2 3] [1 2 3 4] [1 2 3 4 6 7] [1 2 3 4 5 6 7] [1 2 3 4 5 6] [1 2 3 4 5 6 7 17] [1 2 3 5] [1 2 3 4 5] [1 2 3 4 5 7] [1 2 3 6] [1 2 3 4 6] [1 2 3 5 7] [1 2 3 4 6 7 11] [1 2 3 4 5 7 17] [1 2 3 5 6] [1 2 3 5 7 17] [1 2 3 6 7] [1 2 3 4 5 6 16] [1 2] [1] [1 2 3 4 7] [1 2 3 4 5 17 27] [1 2 3 4 5 6 16 27] [1 2 3 6 7 17] [1 2 5] [1 2 3 4 5 6 7 16] [1 2 3 4 5 6 7 11] [1 2 3 5 6 7] [1 3] [1 2 3 4 5 6 7 16 17] [1 2 3 5 16 17] [1 2 3 5 6 7 17] [1 2 3 4 5 6 7 17 27] [1 2 6] [1 2 3 4 5 6 7 11 16] [1 2 3 4 5 6 17 27 40] [] [] [] [] [] [] [] [] [] [] [] [] [] [] [] [] [] [] [] [] [] [] [] []
123 [] [1 2 3 4] [1 2 3 4 6 7] [1 2 3 4 5 6 7] [1 2 3 4 5 6] [1 2 3 4 5 6 7 17] [1 2 3 5] [1 2 3] [1 2 3 4 5] [1 2 3 4 5 7] [1 2 3 6] [1 2 3 4 6] [1 2 3 5 7] [1 2 3 4 6 7 11] [1 2 3 4 5 7 17] [1 2 3 5 6] [1 2 3 5 7 17] [1 2 3 6 7] [1 2 3 4 5 6 16] [1 2] [1] [1 2 3 4 7] [1 2 3 4 5 17 27] [1 2 3 4 5 6 16 27] [1 2 3 6 7 17] [1 2 5] [1 2 3 4 5 6 7 16] [1 2 3 4 5 6 7 11] [1 2 3 5 6 7] [1 3] [1 2 3 4 5 6 7 16 17] [1 2 3 5 16 17] [1 2 3 5 6 7 17] [1 2 3 4 5 6 7 17 27] [1 2 6] [1 2 3 4 5 6 7 11 16] [1 2 3 4 5 6 17 27 40] [] [] [] [] [] [] [] [] [] [] [] [] [] [] [] [] [] [] [] [] [] [] [] []
124 [] [1 2 3 4 5 6 7] [1 2 3 4 5 6] [1 2 3 4 5 6 7 17] [1 2 3 4] [1 2 3 5] [1 2 3] [1 2 3 4 5] [1 2 3 4 5 7] [1 2 3 6] [1 2 3 4 6] [1 2 3 5 7] [1 2 3 4 6 7 11] [1 2 3 4 5 7 17] [1 2 3 5 6] [1 2 3 5 7 17] [1 2 3 6 7] [1 2 3 4 5 6 16] [1 2] [1] [1 2 3 4 7] [1 2 3 4 5 17 27] [1 2 3 4 5 6 16 27] [1 2 3 6 7 17] [1 2 5] [1 2 3 4 5 6 7 16] [1 2 3 4 5 6 7 11] [1 2 3 5 6 7] [1 3] [1 2 3 4 5 6 7 16 17] [1 2 3 5 16 17] [1 2 3 4 6 7] [1 2 3 5 6 7 17] [1 2 3 4 5 6 7 17 27] [1 2 6] [1 2 3 4 5 6 7 11 16] [1 2 3 4 5 6 17 27 40] [] [] [] [] [] [] [] [] [] [] [] [] [] [] [] [] [] [] [] [] [] [] [] []
125 [] [1 2 3 4 5 6 7 17] [1 2 3 4] [1 2 3 4 5 6] [1 2 3 4 5 6 7] [1 2 3 5] [1 2 3] [1 2 3 4 5] [1 2 3 4 5 7] [1 2 3 6] [1 2 3 4 6] [1 2 3 5 7] [1 2 3 4 6 7 11] [1 2 3 4 5 7 17] [1 2 3 5 6] [1 2 3 5 7 17] [1 2 3 6 7] [1 2 3 4 5 6 16] [1 2] [1] [1 2 3 4 7] [1 2 3 4 5 17 27] [1 2 3 4 5 6 16 27] [1 2 3 6 7 17] [1 2 5] [1 2 3 4 5 6 7 16] [1 2 3 4 5 6 7 11] [1 2 3 5 6 7] [1 3] [1 2 3 4 5 6 7 16 17] [1 2 3 5 16 17] [1 2 3 4 6 7] [1 2 3 5 6 7 17] [1 2 3 4 5 6 7 17 27] [1 2 6] [1 2 3 4 5 6 7 11 16] [1 2 3 4 5 6 17 27 40] [] [] [] [] [] [] [] [] [] [] [] [] [] [] [] [] [] [] [] [] [] [] [] []
126 [] [1 2 3 4 5 6] [1 2 3 4] [1 2 3 4 5 6 7] [1 2 3 5] [1 2 3] [1 2 3 4 5] [1 2 3 4 5 7] [1 2 3 6] [1 2 3 4 6] [1 2 3 5 7] [1 2 3 4 6 7 11] [1 2 3 4 5 7 17] [1 2 3 5 6] [1 2 3 5 7 17] [1 2 3 6 7] [1 2 3 4 5 6 16] [1 2] [1] [1 2 3 4 7] [1 2 3 4 5 17 27] [1 2 3 4 5 6 16 27] [1 2 3 6 7 17] [1 2 5] [1 2 3 4 5 6 7 16] [1 2 3 4 5 6 7 17] [1 2 3 4 5 6 7 11] [1 2 3 5 6 7] [1 3] [1 2 3 4 5 6 7 16 17] [1 2 3 5 16 17] [1 2 3 4 6 7] [1 2 3 5 6 7 17] [1 2 3 4 5 6 7 17 27] [1 2 6] [1 2 3 4 5 6 7 11 16] [1 2 3 4 5 6 17 27 40] [] [] [] [] [] [] [] [] [] [] [] [] [] [] [] [] [] [] [] [] [] [] [] []
127 [] [1 2 3 4 5 6] [1 2 3 4] [1 2 3 4 5 6 7] [1 2 3 5] [1 2 3] [1 2 3 4 5] [1 2 3 4 5 7] [1 2 3 6] [1 2 3 4 6] [1 2 3 5 7] [1 2 3 4 6 7 11] [1 2 3 4 5 7 17] [1 2 3 5 6] [1 2 3 5 7 17] [1 2 3 6 7] [1 2 3 4 5 6 16] [1 2] [1] [1 2 3 4 7] [1 2 3 4 5 17 27] [1 2 3 4 5 6 16 27] [1 2 3 6 7 17] [1 2 5] [1 2 3 4 5 6 7 16] [1 2 3 4 5 6 7 17] [1 2 3 4 5 6 7 11] [1 2 3 5 6 7] [1 3] [1 2 3 4 5 6 7 16 17] [1 2 3 5 16 17] [1 2 3 4 6 7] [1 2 3 5 6 7 17] [1 2 3 4 5 6 7 17 27] [1 2 6] [1 2 3 4 5 6 7 11 16] [1 2 3 4 5 6 17 27 40] [] [] [] [] [] [] [] [] [] [] [] [] [] [] [] [] [] [] [] [] [] [] [] []
128 [] [1 2 3 4 5 6 7] [1 2 3 4] [1 2 3 5] [1 2 3 4 5 6] [1 2 3] [1 2 3 4 5] [1 2 3 4 5 7] [1 2 3 6] [1 2 3 4 6] [1 2 3 5 7] [1 2 3 4 6 7 11] [1 2 3 4 5 7 17] [1 2 3 5 6] [1 2 3 5 7 17] [1 2 3 6 7] [1 2 3 4 5 6 16] [1 2] [1] [1 2 3 4 7] [1 2 3 4 5 17 27] [1 2 3 4 5 6 16 27] [1 2 3 6 7 17] [1 2 5] [1 2 3 4 5 6 7 16] [1 2 3 4 5 6 7 17] [1 2 3 4 5 6 7 11] [1 2 3 5 6 7] [1 3] [1 2 3 4 5 6 7 16 17] [1 2 3 5 16 17] [1 2 3 4 6 7] [1 2 3 5 6 7 17] [1 2 3 4 5 6 7 17 27] [1 2 6] [1 2 3 4 5 6 7 11 16] [1 2 3 4 5 6 17 27 40] [] [] [] [] [] [] [] [] [] [] [] [] [] [] [] [] [] [] [] [] [] [] [] []
129 [] [1 2 3 4] [1 2 3 5] [1 2 3 4 5 6] [1 2 3] [1 2 3 4 5 6 7] [1 2 3 4 5] [1 2 3 4 5 7] [1 2 3 6] [1 2 3 4 6] [1 2 3 5 7] [1 2 3 4 6 7 11] [1 2 3 4 5 7 17] [1 2 3 5 6] [1 2 3 5 7 17] [1 2 3 6 7] [1 2 3 4 5 6 16] [1 2] [1] [1 2 3 4 7] [1 2 3 4 5 17 27] [1 2 3 4 5 6 16 27] [1 2 3 6 7 17] [1 2 5] [1 2 3 4 5 6 7 16] [1 2 3 4 5 6 7 17] [1 2 3 4 5 6 7 11] [1 2 3 5 6 7] [1 3] [1 2 3 4 5 6 7 16 17] [1 2 3 5 16 17] [1 2 3 4 6 7] [1 2 3 5 6 7 17] [1 2 3 4 5 6 7 17 27] [1 2 6] [1 2 3 4 5 6 7 11 16] [1 2 3 4 5 6 17 27 40] [] [] [] [] [] [] [] [] [] [] [] [] [] [] [] [] [] [] [] [] [] [] [] []
130 [] [1 2 3 5] [1 2 3 4 5] [1 2 3 4 5 6] [1 2 3] [1 2 3 4 5 6 7] [1 2 3 4 5 7] [1 2 3 4] [1 2 3 6] [1 2 3 4 6] [1 2 3 5 7] [1 2 3 4 6 7 11] [1 2 3 4 5 7 17] [1 2 3 5 6] [1 2 3 5 7 17] [1 2 3 6 7] [1 2 3 4 5 6 16] [1 2] [1] [1 2 3 4 7] [1 2 3 4 5 17 27] [1 2 3 4 5 6 16 27] [1 2 3 6 7 17] [1 2 5] [1 2 3 4 5 6 7 16] [1 2 3 4 5 6 7 17] [1 2 3 4 5 6 7 11] [1 2 3 5 6 7] [1 3] [1 2 3 4 5 6 7 16 17] [1 2 3 5 16 17] [1 2 3 4 6 7] [1 2 3 5 6 7 17] [1 2 3 4 5 6 7 17 27] [1 2 6] [1 2 3 4 5 6 7 11 16] [1 2 3 4 5 6 17 27 40] [] [] [] [] [] [] [] [] [] [] [] [] [] [] [] [] [] [] [] [] [] [] [] []
131 [] [1 2 3 4 5 6] [1 2 3] [1 2 3 4 5 6 7] [1 2 3 4 5] [1 2 3 4 5 7] [1 2 3 4] [1 2 3 6] [1 2 3 5] [1 2 3 4 6] [1 2 3 5 7] [1 2 3 4 6 7 11] [1 2 3 4 5 7 17] [1 2 3 5 6] [1 2 3 5 7 17] [1 2 3 6 7] [1 2 3 4 5 6 16] [1 2] [1] [1 2 3 4 7] [1 2 3 4 5 17 27] [1 2 3 4 5 6 16 27] [1 2 3 6 7 17] [1 2 5] [1 2 3 4 5 6 7 16] [1 2 3 4 5 6 7 17] [1 2 3 4 5 6 7 11] [1 2 3 5 6 7] [1 3] [1 2 3 4 5 6 7 16 17] [1 2 3 5 16 17] [1 2 3 4 6 7] [1 2 3 5 6 7 17] [1 2 3 4 5 6 7 17 27] [1 2 6] [1 2 3 4 5 6 7 11 16] [1 2 3 4 5 6 17 27 40] [] [] [] [] [] [] [] [] [] [] [] [] [] [] [] [] [] [] [] [] [] [] [] []
132 [] [1 2 3] [1 2 3 4 5 6] [1 2 3 4 5 6 7] [1 2 3 4 5] [1 2 3 4 5 7] [1 2 3 4] [1 2 3 6] [1 2 3 5] [1 2 3 4 6] [1 2 3 5 7] [1 2 3 4 6 7 11] [1 2 3 4 5 7 17] [1 2 3 5 6] [1 2 3 5 7 17] [1 2 3 6 7] [1 2 3 4 5 6 16] [1 2] [1] [1 2 3 4 7] [1 2 3 4 5 17 27] [1 2 3 4 5 6 16 27] [1 2 3 6 7 17] [1 2 5] [1 2 3 4 5 6 7 16] [1 2 3 4 5 6 7 17] [1 2 3 4 5 6 7 11] [1 2 3 5 6 7] [1 3] [1 2 3 4 5 6 7 16 17] [1 2 3 5 16 17] [1 2 3 4 6 7] [1 2 3 5 6 7 17] [1 2 3 4 5 6 7 17 27] [1 2 6] [1 2 3 4 5 6 7 11 16] [1 2 3 4 5 6 17 27 40] [] [] [] [] [] [] [] [] [] [] [] [] [] [] [] [] [] [] [] [] [] [] [] []
133 [] [1 2 3 4 5 6] [1 2 3 4 5 6 7] [1 2 3] [1 2 3 4 5] [1 2 3 4 5 7] [1 2 3 4] [1 2 3 6] [1 2 3 5] [1 2 3 4 6] [1 2 3 5 7] [1 2 3 4 6 7 11] [1 2 3 4 5 7 17] [1 2 3 5 6] [1 2 3 5 7 17] [1 2 3 6 7] [1 2 3 4 5 6 16] [1 2] [1] [1 2 3 4 7] [1 2 3 4 5 17 27] [1 2 3 4 5 6 16 27] [1 2 3 6 7 17] [1 2 5] [1 2 3 4 5 6 7 16] [1 2 3 4 5 6 7 17] [1 2 3 4 5 6 7 11] [1 2 3 5 6 7] [1 3] [1 2 3 4 5 6 7 16 17] [1 2 3 5 16 17] [1 2 3 4 6 7] [1 2 3 5 6 7 17] [1 2 3 4 5 6 7 17 27] [1 2 6] [1 2 3 4 5 6 7 11 16] [1 2 3 4 5 6 17 27 40] [] [] [] [] [] [] [] [] [] [] [] [] [] [] [] [] [] [] [] [] [] [] [] []
134 [] [1 2 3 4 5 6 7] [1 2 3] [1 2 3 4 5] [1 2 3 4 5 7] [1 2 3 4] [1 2 3 6] [1 2 3 5] [1 2 3 4 5 6] [1 2 3 4 6] [1 2 3 5 7] [1 2 3 4 6 7 11] [1 2 3 4 5 7 17] [1 2 3 5 6] [1 2 3 5 7 17] [1 2 3 6 7] [1 2 3 4 5 6 16] [1 2] [1] [1 2 3 4 7] [1 2 3 4 5 17 27] [1 2 3 4 5 6 16 27] [1 2 3 6 7 17] [1 2 5] [1 2 3 4 5 6 7 16] [1 2 3 4 5 6 7 17] [1 2 3 4 5 6 7 11] [1 2 3 5 6 7] [1 3] [1 2 3 4 5 6 7 16 17] [1 2 3 5 16 17] [1 2 3 4 6 7] [1 2 3 5 6 7 17] [1 2 3 4 5 6 7 17 27] [1 2 6] [1 2 3 4 5 6 7 11 16] [1 2 3 4 5 6 17 27 40] [] [] [] [] [] [] [] [] [] [] [] [] [] [] [] [] [] [] [] [] [] [] [] []
135 [] [1 2 3 4 5] [1 2 3 4 5 6 7] [1 2 3 4 5 7] [1 2 3 4] [1 2 3 6] [1 2 3] [1 2 3 5] [1 2 3 4 5 6] [1 2 3 4 6] [1 2 3 5 7] [1 2 3 4 6 7 11] [1 2 3 4 5 7 17] [1 2 3 5 6] [1 2 3 5 7 17] [1 2 3 6 7] [1 2 3 4 5 6 16] [1 2] [1] [1 2 3 4 7] [1 2 3 4 5 17 27] [1 2 3 4 5 6 16 27] [1 2 3 6 7 17] [1 2 5] [1 2 3 4 5 6 7 16] [1 2 3 4 5 6 7 17] [1 2 3 4 5 6 7 11] [1 2 3 5 6 7] [1 3] [1 2 3 4 5 6 7 16 17] [1 2 3 5 16 17] [1 2 3 4 6 7] [1 2 3 5 6 7 17] [1 2 3 4 5 6 7 17 27] [1 2 6] [1 2 3 4 5 6 7 11 16] [1 2 3 4 5 6 17 27 40] [] [] [] [] [] [] [] [] [] [] [] [] [] [] [] [] [] [] [] [] [] [] [] []
136 [] [1 2 3 4 5 7] [1 2 3 4] [1 2 3 4 5] [1 2 3 6] [1 2 3 4 5 6 7] [1 2 3] [1 2 3 5] [1 2 3 4 5 6] [1 2 3 4 6] [1 2 3 5 7] [1 2 3 4 6 7 11] [1 2 3 4 5 7 17] [1 2 3 5 6] [1 2 3 5 7 17] [1 2 3 6 7] [1 2 3 4 5 6 16] [1 2] [1] [1 2 3 4 7] [1 2 3 4 5 17 27] [1 2 3 4 5 6 16 27] [1 2 3 6 7 17] [1 2 5] [1 2 3 4 5 6 7 16] [1 2 3 4 5 6 7 17] [1 2 3 4 5 6 7 11] [1 2 3 5 6 7] [1 3] [1 2 3 4 5 6 7 16 17] [1 2 3 5 16 17] [1 2 3 4 6 7] [1 2 3 5 6 7 17] [1 2 3 4 5 6 7 17 27] [1 2 6] [1 2 3 4 5 6 7 11 16] [1 2 3 4 5 6 17 27 40] [] [] [] [] [] [] [] [] [] [] [] [] [] [] [] [] [] [] [] [] [] [] [] []
137 [] [1 2 3 4 5] [1 2 3 6] [1 2 3 4 5 6 7] [1 2 3 4] [1 2 3] [1 2 3 5] [1 2 3 4 5 6] [1 2 3 4 5 7] [1 2 3 4 6] [1 2 3 5 7] [1 2 3 4 6 7 11] [1 2 3 4 5 7 17] [1 2 3 5 6] [1 2 3 5 7 17] [1 2 3 6 7] [1 2 3 4 5 6 16] [1 2] [1] [1 2 3 4 7] [1 2 3 4 5 17 27] [1 2 3 4 5 6 16 27] [1 2 3 6 7 17] [1 2 5] [1 2 3 4 5 6 7 16] [1 2 3 4 5 6 7 17] [1 2 3 4 5 6 7 11] [1 2 3 5 6 7] [1 3] [1 2 3 4 5 6 7 16 17] [1 2 3 5 16 17] [1 2 3 4 6 7] [1 2 3 5 6 7 17] [1 2 3 4 5 6 7 17 27] [1 2 6] [1 2 3 4 5 6 7 11 16] [1 2 3 4 5 6 17 27 40] [] [] [] [] [] [] [] [] [] [] [] [] [] [] [] [] [] [] [] [] [] [] [] []
138 [] [1 2 3 4 5] [1 2 3 4 5 6 7] [1 2 3 4] [1 2 3] [1 2 3 5] [1 2 3 4 5 6] [1 2 3 4 5 7] [1 2 3 4 6] [1 2 3 5 7] [1 2 3 4 6 7 11] [1 2 3 4 5 7 17] [1 2 3 5 6] [1 2 3 5 7 17] [1 2 3 6] [1 2 3 6 7] [1 2 3 4 5 6 16] [1 2] [1] [1 2 3 4 7] [1 2 3 4 5 17 27] [1 2 3 4 5 6 16 27] [1 2 3 6 7 17] [1 2 5] [1 2 3 4 5 6 7 16] [1 2 3 4 5 6 7 17] [1 2 3 4 5 6 7 11] [1 2 3 5 6 7] [1 3] [1 2 3 4 5 6 7 16 17] [1 2 3 5 16 17] [1 2 3 4 6 7] [1 2 3 5 6 7 17] [1 2 3 4 5 6 7 17 27] [1 2 6] [1 2 3 4 5 6 7 11 16] [1 2 3 4 5 6 17 27 40] [] [] [] [] [] [] [] [] [] [] [] [] [] [] [] [] [] [] [] [] [] [] [] []
139 [] [1 2 3 4 5 6 7] [1 2 3 4] [1 2 3 4 5] [1 2 3] [1 2 3 5] [1 2 3 4 5 6] [1 2 3 4 5 7] [1 2 3 4 6] [1 2 3 5 7] [1 2 3 4 6 7 11] [1 2 3 4 5 7 17] [1 2 3 5 6] [1 2 3 5 7 17] [1 2 3 6] [1 2 3 6 7] [1 2 3 4 5 6 16] [1 2] [1] [1 2 3 4 7] [1 2 3 4 5 17 27] [1 2 3 4 5 6 16 27] [1 2 3 6 7 17] [1 2 5] [1 2 3 4 5 6 7 16] [1 2 3 4 5 6 7 17] [1 2 3 4 5 6 7 11] [1 2 3 5 6 7] [1 3] [1 2 3 4 5 6 7 16 17] [1 2 3 5 16 17] [1 2 3 4 6 7] [1 2 3 5 6 7 17] [1 2 3 4 5 6 7 17 27] [1 2 6] [1 2 3 4 5 6 7 11 16] [1 2 3 4 5 6 17 27 40] [] [] [] [] [] [] [] [] [] [] [] [] [] [] [] [] [] [] [] [] [] [] [] []
140 [] [1 2 3 4 5] [1 2 3] [1 2 3 5] [1 2 3 4 5 6] [1 2 3 4] [1 2 3 4 5 6 7] [1 2 3 4 5 7] [1 2 3 4 6] [1 2 3 5 7] [1 2 3 4 6 7 11] [1 2 3 4 5 7 17] [1 2 3 5 6] [1 2 3 5 7 17] [1 2 3 6] [1 2 3 6 7] [1 2 3 4 5 6 16] [1 2] [1] [1 2 3 4 7] [1 2 3 4 5 17 27] [1 2 3 4 5 6 16 27] [1 2 3 6 7 17] [1 2 5] [1 2 3 4 5 6 7 16] [1 2 3 4 5 6 7 17] [1 2 3 4 5 6 7 11] [1 2 3 5 6 7] [1 3] [1 2 3 4 5 6 7 16 17] [1 2 3 5 16 17] [1 2 3 4 6 7] [1 2 3 5 6 7 17] [1 2 3 4 5 6 7 17 27] [1 2 6] [1 2 3 4 5 6 7 11 16] [1 2 3 4 5 6 17 27 40] [] [] [] [] [] [] [] [] [] [] [] [] [] [] [] [] [] [] [] [] [] [] [] []
141 [] [1 2 3 4 5] [1 2 3 5] [1 2 3 4 5 6] [1 2 3 4] [1 2 3] [1 2 3 4 5 6 7] [1 2 3 4 5 7] [1 2 3 4 6] [1 2 3 5 7] [1 2 3 4 6 7 11] [1 2 3 4 5 7 17] [1 2 3 5 6] [1 2 3 5 7 17] [1 2 3 6] [1 2 3 6 7] [1 2 3 4 5 6 16] [1 2] [1] [1 2 3 4 7] [1 2 3 4 5 17 27] [1 2 3 4 5 6 16 27] [1 2 3 6 7 17] [1 2 5] [1 2 3 4 5 6 7 16] [1 2 3 4 5 6 7 17] [1 2 3 4 5 6 7 11] [1 2 3 5 6 7] [1 3] [1 2 3 4 5 6 7 16 17] [1 2 3 5 16 17] [1 2 3 4 6 7] [1 2 3 5 6 7 17] [1 2 3 4 5 6 7 17 27] [1 2 6] [1 2 3 4 5 6 7 11 16] [1 2 3 4 5 6 17 27 40] [] [] [] [] [] [] [] [] [] [] [] [] [] [] [] [] [] [] [] [] [] [] [] []
142 [] [1 2 3 4 5] [1 2 3 4 5 6] [1 2 3 4] [1 2 3] [1 2 3 4 5 6 7] [1 2 3 5] [1 2 3 4 5 7] [1 2 3 4 6] [1 2 3 5 7] [1 2 3 4 6 7 11] [1 2 3 4 5 7 17] [1 2 3 5 6] [1 2 3 5 7 17] [1 2 3 6] [1 2 3 6 7] [1 2 3 4 5 6 16] [1 2] [1] [1 2 3 4 7] [1 2 3 4 5 17 27] [1 2 3 4 5 6 16 27] [1 2 3 6 7 17] [1 2 5] [1 2 3 4 5 6 7 16] [1 2 3 4 5 6 7 17] [1 2 3 4 5 6 7 11] [1 2 3 5 6 7] [1 3] [1 2 3 4 5 6 7 16 17] [1 2 3 5 16 17] [1 2 3 4 6 7] [1 2 3 5 6 7 17] [1 2 3 4 5 6 7 17 27] [1 2 6] [1 2 3 4 5 6 7 11 16] [1 2 3 4 5 6 17 27 40] [] [] [] [] [] [] [] [] [] [] [] [] [] [] [] [] [] [] [] [] [] [] [] []
143 [] [1 2 3 4] [1 2 3] [1 2 3 4 5 6 7] [1 2 3 5] [1 2 3 4 5 7] [1 2 3 4 6] [1 2 3 4 5 6] [1 2 3 5 7] [1 2 3 4 6 7 11] [1 2 3 4 5] [1 2 3 4 5 7 17] [1 2 3 5 6] [1 2 3 5 7 17] [1 2 3 6] [1 2 3 6 7] [1 2 3 4 5 6 16] [1 2] [1] [1 2 3 4 7] [1 2 3 4 5 17 27] [1 2 3 4 5 6 16 27] [1 2 3 6 7 17] [1 2 5] [1 2 3 4 5 6 7 16] [1 2 3 4 5 6 7 17] [1 2 3 4 5 6 7 11] [1 2 3 5 6 7] [1 3] [1 2 3 4 5 6 7 16 17] [1 2 3 5 16 17] [1 2 3 4 6 7] [1 2 3 5 6 7 17] [1 2 3 4 5 6 7 17 27] [1 2 6] [1 2 3 4 5 6 7 11 16] [1 2 3 4 5 6 17 27 40] [] [] [] [] [] [] [] [] [] [] [] [] [] [] [] [] [] [] [] [] [] [] [] []
144 [] [1 2 3 4 5 6 7] [1 2 3 4] [1 2 3 5] [1 2 3 4 5 7] [1 2 3 4 6] [1 2 3 4 5 6] [1 2 3 5 7] [1 2 3 4 6 7 11] [1 2 3 4 5] [1 2 3 4 5 7 17] [1 2 3 5 6] [1 2 3 5 7 17] [1 2 3 6] [1 2 3 6 7] [1 2 3 4 5 6 16] [1 2] [1] [1 2 3 4 7] [1 2 3 4 5 17 27] [1 2 3] [1 2 3 4 5 6 16 27] [1 2 3 6 7 17] [1 2 5] [1 2 3 4 5 6 7 16] [1 2 3 4 5 6 7 17] [1 2 3 4 5 6 7 11] [1 2 3 5 6 7] [1 3] [1 2 3 4 5 6 7 16 17] [1 2 3 5 16 17] [1 2 3 4 6 7] [1 2 3 5 6 7 17] [1 2 3 4 5 6 7 17 27] [1 2 6] [1 2 3 4 5 6 7 11 16] [1 2 3 4 5 6 17 27 40] [] [] [] [] [] [] [] [] [] [] [] [] [] [] [] [] [] [] [] [] [] [] [] []
145 [] [1 2 3 4 5 6 7] [1 2 3 5] [1 2 3 4 5 7] [1 2 3 4] [1 2 3 4 6] [1 2 3 4 5 6] [1 2 3 5 7] [1 2 3 4 6 7 11] [1 2 3 4 5] [1 2 3 4 5 7 17] [1 2 3 5 6] [1 2 3 5 7 17] [1 2 3 6] [1 2 3 6 7] [1 2 3 4 5 6 16] [1 2] [1] [1 2 3 4 7] [1 2 3 4 5 17 27] [1 2 3] [1 2 3 4 5 6 16 27] [1 2 3 6 7 17] [1 2 5] [1 2 3 4 5 6 7 16] [1 2 3 4 5 6 7 17] [1 2 3 4 5 6 7 11] [1 2 3 5 6 7] [1 3] [1 2 3 4 5 6 7 16 17] [1 2 3 5 16 17] [1 2 3 4 6 7] [1 2 3 5 6 7 17] [1 2 3 4 5 6 7 17 27] [1 2 6] [1 2 3 4 5 6 7 11 16] [1 2 3 4 5 6 17 27 40] [] [] [] [] [] [] [] [] [] [] [] [] [] [] [] [] [] [] [] [] [] [] [] []
146 [] [1 2 3 4 5 7] [1 2 3 4] [1 2 3 4 5 6 7] [1 2 3 4 6] [1 2 3 4 5 6] [1 2 3 5 7] [1 2 3 4 6 7 11] [1 2 3 4 5] [1 2 3 4 5 7 17] [1 2 3 5 6] [1 2 3 5] [1 2 3 5 7 17] [1 2 3 6] [1 2 3 6 7] [1 2 3 4 5 6 16] [1 2] [1] [1 2 3 4 7] [1 2 3 4 5 17 27] [1 2 3] [1 2 3 4 5 6 16 27] [1 2 3 6 7 17] [1 2 5] [1 2 3 4 5 6 7 16] [1 2 3 4 5 6 7 17] [1 2 3 4 5 6 7 11] [1 2 3 5 6 7] [1 3] [1 2 3 4 5 6 7 16 17] [1 2 3 5 16 17] [1 2 3 4 6 7] [1 2 3 5 6 7 17] [1 2 3 4 5 6 7 17 27] [1 2 6] [1 2 3 4 5 6 7 11 16] [1 2 3 4 5 6 17 27 40] [] [] [] [] [] [] [] [] [] [] [] [] [] [] [] [] [] [] [] [] [] [] [] []
147 [] [1 2 3 4 5 6 7] [1 2 3 4 6] [1 2 3 4 5 6] [1 2 3 5 7] [1 2 3 4] [1 2 3 4 5 7] [1 2 3 4 6 7 11] [1 2 3 4 5] [1 2 3 4 5 7 17] [1 2 3 5 6] [1 2 3 5] [1 2 3 5 7 17] [1 2 3 6] [1 2 3 6 7] [1 2 3 4 5 6 16] [1 2] [1] [1 2 3 4 7] [1 2 3 4 5 17 27] [1 2 3] [1 2 3 4 5 6 16 27] [1 2 3 6 7 17] [1 2 5] [1 2 3 4 5 6 7 16] [1 2 3 4 5 6 7 17] [1 2 3 4 5 6 7 11] [1 2 3 5 6 7] [1 3] [1 2 3 4 5 6 7 16 17] [1 2 3 5 16 17] [1 2 3 4 6 7] [1 2 3 5 6 7 17] [1 2 3 4 5 6 7 17 27] [1 2 6] [1 2 3 4 5 6 7 11 16] [1 2 3 4 5 6 17 27 40] [] [] [] [] [] [] [] [] [] [] [] [] [] [] [] [] [] [] [] [] [] [] [] []
148 [] [1 2 3 4 5 6 7] [1 2 3 4 6] [1 2 3 4 5 6] [1 2 3 5 7] [1 2 3 4] [1 2 3 4 5 7] [1 2 3 4 6 7 11] [1 2 3 4 5] [1 2 3 4 5 7 17] [1 2 3 5 6] [1 2 3 5] [1 2 3 5 7 17] [1 2 3 6] [1 2 3 6 7] [1 2 3 4 5 6 16] [1 2] [1] [1 2 3 4 7] [1 2 3 4 5 17 27] [1 2 3] [1 2 3 4 5 6 16 27] [1 2 3 6 7 17] [1 2 5] [1 2 3 4 5 6 7 16] [1 2 3 4 5 6 7 17] [1 2 3 4 5 6 7 11] [1 2 3 5 6 7] [1 3] [1 2 3 4 5 6 7 16 17] [1 2 3 5 16 17] [1 2 3 4 6 7] [1 2 3 5 6 7 17] [1 2 3 4 5 6 7 17 27] [1 2 6] [1 2 3 4 5 6 7 11 16] [1 2 3 4 5 6 17 27 40] [] [] [] [] [] [] [] [] [] [] [] [] [] [] [] [] [] [] [] [] [] [] [] []
149 [] [1 2 3 4 5 6] [1 2 3 4 6] [1 2 3 5 7] [1 2 3 4] [1 2 3 4 5 7] [1 2 3 4 6 7 11] [1 2 3 4 5] [1 2 3 4 5 7 17] [1 2 3 5 6] [1 2 3 4 5 6 7] [1 2 3 5] [1 2 3 5 7 17] [1 2 3 6] [1 2 3 6 7] [1 2 3 4 5 6 16] [1 2] [1] [1 2 3 4 7] [1 2 3 4 5 17 27] [1 2 3] [1 2 3 4 5 6 16 27] [1 2 3 6 7 17] [1 2 5] [1 2 3 4 5 6 7 16] [1 2 3 4 5 6 7 17] [1 2 3 4 5 6 7 11] [1 2 3 5 6 7] [1 3] [1 2 3 4 5 6 7 16 17] [1 2 3 5 16 17] [1 2 3 4 6 7] [1 2 3 5 6 7 17] [1 2 3 4 5 6 7 17 27] [1 2 6] [1 2 3 4 5 6 7 11 16] [1 2 3 4 5 6 17 27 40] [] [] [] [] [] [] [] [] [] [] [] [] [] [] [] [] [] [] [] [] [] [] [] []
150 [] [1 2 3 5 7] [1 2 3 4 5 6] [1 2 3 5 6 7] [1 2 3 4] [1 2 3 4 5 7] [1 2 3 4 6 7 11] [1 2 3 4 5] [1 2 3 4 5 7 17] [1 2 3 5 6] [1 2 3 4 5 6 7] [1 2 3 4 6] [1 2 3 5] [1 2 3 5 7 17] [1 2 3 6] [1 2 3 6 7] [1 2 3 4 5 6 16] [1 2] [1] [1 2 3 4 7] [1 2 3 4 5 17 27] [1 2 3] [1 2 3 4 5 6 16 27] [1 2 3 6 7 17] [1 2 5] [1 2 3 4 5 6 7 16] [1 2 3 4 5 6 7 17] [1 2 3 4 5 6 7 11] [1 3] [1 2 3 4 5 6 7 16 17] [1 2 3 5 16 17] [1 2 3 4 6 7] [1 2 3 5 6 7 17] [1 2 3 4 5 6 7 17 27] [1 2 6] [1 2 3 4 5 6 7 11 16] [1 2 3 4 5 6 17 27 40] [] [] [] [] [] [] [] [] [] [] [] [] [] [] [] [] [] [] [] [] [] [] [] []
151 [] [1 2 3 5 6 7] [1 2 3 4] [1 2 3 4 5 7] [1 2 3 4 6 7 11] [1 2 3 4 5] [1 2 3 4 5 7 17] [1 2 3 4 5 6] [1 2 3 5 6] [1 2 3 4 5 6 7] [1 2 3 4 6] [1 2 3 5] [1 2 3 5 7 17] [1 2 3 6] [1 2 3 6 7] [1 2 3 4 5 6 16] [1 2 3 5 7] [1 2] [1] [1 2 3 4 7] [1 2 3 4 5 17 27] [1 2 3] [1 2 3 4 5 6 16 27] [1 2 3 6 7 17] [1 2 5] [1 2 3 4 5 6 7 16] [1 2 3 4 5 6 7 17] [1 2 3 4 5 6 7 11] [1 3] [1 2 3 4 5 6 7 16 17] [1 2 3 5 16 17] [1 2 3 4 6 7] [1 2 3 5 6 7 17] [1 2 3 4 5 6 7 17 27] [1 2 6] [1 2 3 4 5 6 7 11 16] [1 2 3 4 5 6 17 27 40] [] [] [] [] [] [] [] [] [] [] [] [] [] [] [] [] [] [] [] [] [] [] [] []
152 [] [1 2 3 4 5 7] [1 2 3 4 6 7 11] [1 2 3 4 5] [1 2 3 4 5 7 17] [1 2 3 4 5 6] [1 2 3 5 6] [1 2 3 4 5 6 7] [1 2 3 4 6] [1 2 3 4] [1 2 3 5] [1 2 3 5 7 17] [1 2 3 6] [1 2 3 6 7] [1 2 3 4 5 6 16] [1 2 3 5 7] [1 2] [1] [1 2 3 4 7] [1 2 3 4 5 17 27] [1 2 3] [1 2 3 4 5 6 16 27] [1 2 3 6 7 17] [1 2 5] [1 2 3 4 5 6 7 16] [1 2 3 4 5 6 7 17] [1 2 3 4 5 6 7 11] [1 2 3 5 6 7] [1 3] [1 2 3 4 5 6 7 16 17] [1 2 3 5 16 17] [1 2 3 4 6 7] [1 2 3 5 6 7 17] [1 2 3 4 5 6 7 17 27] [1 2 6] [1 2 3 4 5 6 7 11 16] [1 2 3 4 5 6 17 27 40] [] [] [] [] [] [] [] [] [] [] [] [] [] [] [] [] [] [] [] [] [] [] [] []
153 [] [1 2 3 4 5] [1 2 3 4 5 7 17] [1 2 3 4 5 6] [1 2 3 5 6] [1 2 3 4 5 7] [1 2 3 4 5 6 7] [1 2 3 4 6] [1 2 3 4] [1 2 3 5] [1 2 3 5 7 17] [1 2 3 6] [1 2 3 6 7] [1 2 3 4 5 6 16] [1 2 3 5 7] [1 2] [1] [1 2 3 4 7] [1 2 3 4 5 17 27] [1 2 3] [1 2 3 4 5 6 16 27] [1 2 3 6 7 17] [1 2 5] [1 2 3 4 5 6 7 16] [1 2 3 4 5 6 7 17] [1 2 3 4 5 6 7 11] [1 2 3 5 6 7] [1 3] [1 2 3 4 5 6 7 16 17] [1 2 3 5 16 17] [1 2 3 4 6 7] [1 2 3 5 6 7 17] [1 2 3 4 5 6 7 17 27] [1 2 6] [1 2 3 4 5 6 7 11 16] [1 2 3 4 5 6 17 27 40] [] [] [] [] [] [] [] [] [] [] [] [] [] [] [] [] [] [] [] [] [] [] [] [] []
154 [] [1 2 3 4 5 7 17] [1 2 3 4 5 6] [1 2 3 5 6] [1 2 3 4 5 7] [1 2 3 4 5 6 7] [1 2 3 4 5] [1 2 3 4 6] [1 2 3 4] [1 2 3 5] [1 2 3 5 7 17] [1 2 3 6] [1 2 3 6 7] [1 2 3 4 5 6 16] [1 2 3 5 7] [1 2] [1] [1 2 3 4 7] [1 2 3 4 5 17 27] [1 2 3] [1 2 3 4 5 6 16 27] [1 2 3 6 7 17] [1 2 5] [1 2 3 4 5 6 7 16] [1 2 3 4 5 6 7 17] [1 2 3 4 5 6 7 11] [1 2 3 5 6 7] [1 3] [1 2 3 4 5 6 7 16 17] [1 2 3 5 16 17] [1 2 3 4 6 7] [1 2 3 5 6 7 17] [1 2 3 4 5 6 7 17 27] [1 2 6] [1 2 3 4 5 6 7 11 16] [1 2 3 4 5 6 17 27 40] [] [] [] [] [] [] [] [] [] [] [] [] [] [] [] [] [] [] [] [] [] [] [] [] []
155 [] [1 2 3 5 6] [1 2 3 4 5] [1 2 3 4 5 7] [1 2 3 4 5 6 7] [1 2 3 4 6] [1 2 3 4 5 6] [1 2 3 4] [1 2 3 5] [1 2 3 5 7 17] [1 2 3 6] [1 2 3 6 7] [1 2 3 4 5 6 16] [1 2 3 5 7] [1 2] [1] [1 2 3 4 7] [1 2 3 4 5 17 27] [1 2 3] [1 2 3 4 5 6 16 27] [1 2 3 6 7 17] [1 2 5] [1 2 3 4 5 7 17] [1 2 3 4 5 6 7 16] [1 2 3 4 5 6 7 17] [1 2 3 4 5 6 7 11] [1 2 3 5 6 7] [1 3] [1 2 3 4 5 6 7 16 17] [1 2 3 5 16 17] [1 2 3 4 6 7] [1 2 3 5 6 7 17] [1 2 3 4 5 6 7 17 27] [1 2 6] [1 2 3 4 5 6 7 11 16] [1 2 3 4 5 6 17 27 40] [] [] [] [] [] [] [] [] [] [] [] [] [] [] [] [] [] [] [] [] [] [] [] [] []
156 [] [1 2 3 4 5 7] [1 2 3 4 5 6 7] [1 2 3 4 5] [1 2 3 5 6] [1 2 3 4 6] [1 2 3 4 5 6] [1 2 3 4] [1 2 3 5] [1 2 3 5 7 17] [1 2 3 6] [1 2 3 6 7] [1 2 3 4 5 6 16] [1 2 3 5 7] [1 2] [1] [1 2 3 4 7] [1 2 3 4 5 17 27] [1 2 3] [1 2 3 4 5 6 16 27] [1 2 3 6 7 17] [1 2 5] [1 2 3 4 5 7 17] [1 2 3 4 5 6 7 16] [1 2 3 4 5 6 7 17] [1 2 3 4 5 6 7 11] [1 2 3 5 6 7] [1 3] [1 2 3 4 5 6 7 16 17] [1 2 3 5 16 17] [1 2 3 4 6 7] [1 2 3 5 6 7 17] [1 2 3 4 5 6 7 17 27] [1 2 6] [1 2 3 4 5 6 7 11 16] [1 2 3 4 5 6 17 27 40] [] [] [] [] [] [] [] [] [] [] [] [] [] [] [] [] [] [] [] [] [] [] [] [] []
157 [] [1 2 3 4 5] [1 2 3 4 5 6 7] [1 2 3 5 6] [1 2 3 4 6] [1 2 3 4 5 6] [1 2 3 4] [1 2 3 5] [1 2 3 5 7 17] [1 2 3 6] [1 2 3 6 7] [1 2 3 4 5 7] [1 2 3 4 5 6 16] [1 2 3 5 7] [1 2] [1] [1 2 3 4 7] [1 2 3 4 5 17 27] [1 2 3] [1 2 3 4 5 6 16 27] [1 2 3 6 7 17] [1 2 5] [1 2 3 4 5 7 17] [1 2 3 4 5 6 7 16] [1 2 3 4 5 6 7 17] [1 2 3 4 5 6 7 11] [1 2 3 5 6 7] [1 3] [1 2 3 4 5 6 7 16 17] [1 2 3 5 16 17] [1 2 3 4 6 7] [1 2 3 5 6 7 17] [1 2 3 4 5 6 7 17 27] [1 2 6] [1 2 3 4 5 6 7 11 16] [1 2 3 4 5 6 17 27 40] [] [] [] [] [] [] [] [] [] [] [] [] [] [] [] [] [] [] [] [] [] [] [] [] []
158 [] [1 2 3 5 6] [1 2 3 4 6] [1 2 3 4 5 6] [1 2 3 4] [1 2 3 4 5] [1 2 3 5] [1 2 3 5 7 17] [1 2 3 6] [1 2 3 6 7] [1 2 3 4 5 7] [1 2 3 4 5 6 16] [1 2 3 5 7] [1 2] [1] [1 2 3 4 5 6 7] [1 2 3 4 7] [1 2 3 4 5 17 27] [1 2 3] [1 2 3 4 5 6 16 27] [1 2 3 6 7 17] [1 2 5] [1 2 3 4 5 7 17] [1 2 3 4 5 6 7 16] [1 2 3 4 5 6 7 17] [1 2 3 4 5 6 7 11] [1 2 3 5 6 7] [1 3] [1 2 3 4 5 6 7 16 17] [1 2 3 5 16 17] [1 2 3 4 6 7] [1 2 3 5 6 7 17] [1 2 3 4 5 6 7 17 27] [1 2 6] [1 2 3 4 5 6 7 11 16] [1 2 3 4 5 6 17 27 40] [] [] [] [] [] [] [] [] [] [] [] [] [] [] [] [] [] [] [] [] [] [] [] [] []
159 [] [1 2 3 4 5 6] [1 2 3 4] [1 2 3 4 5] [1 2 3 4 6] [1 2 3 5] [1 2 3 5 7 17] [1 2 3 6] [1 2 3 6 7] [1 2 3 4 5 7] [1 2 3 4 5 6 16] [1 2 3 5 6] [1 2 3 5 7] [1 2] [1] [1 2 3 4 5 6 7] [1 2 3 4 7] [1 2 3 4 5 17 27] [1 2 3] [1 2 3 4 5 6 16 27] [1 2 3 6 7 17] [1 2 5] [1 2 3 4 5 7 17] [1 2 3 4 5 6 7 16] [1 2 3 4 5 6 7 17] [1 2 3 4 5 6 7 11] [1 2 3 5 6 7] [1 3] [1 2 3 4 5 6 7 16 17] [1 2 3 5 16 17] [1 2 3 4 6 7] [1 2 3 5 6 7 17] [1 2 3 4 5 6 7 17 27] [1 2 6] [1 2 3 4 5 6 7 11 16] [1 2 3 4 5 6 17 27 40] [] [] [] [] [] [] [] [] [] [] [] [] [] [] [] [] [] [] [] [] [] [] [] [] []
160 [] [1 2 3 4 5 6] [1 2 3 4 5] [1 2 3 4 6] [1 2 3 4] [1 2 3 5] [1 2 3 5 7 17] [1 2 3 6] [1 2 3 6 7] [1 2 3 4 5 7] [1 2 3 4 5 6 16] [1 2 3 5 6] [1 2 3 5 7] [1 2] [1] [1 2 3 4 5 6 7] [1 2 3 4 7] [1 2 3 4 5 17 27] [1 2 3] [1 2 3 4 5 6 16 27] [1 2 3 6 7 17] [1 2 5] [1 2 3 4 5 7 17] [1 2 3 4 5 6 7 16] [1 2 3 4 5 6 7 17] [1 2 3 4 5 6 7 11] [1 2 3 5 6 7] [1 3] [1 2 3 4 5 6 7 16 17] [1 2 3 5 16 17] [1 2 3 4 6 7] [1 2 3 5 6 7 17] [1 2 3 4 5 6 7 17 27] [1 2 6] [1 2 3 4 5 6 7 11 16] [1 2 3 4 5 6 17 27 40] [] [] [] [] [] [] [] [] [] [] [] [] [] [] [] [] [] [] [] [] [] [] [] [] []
161 [] [1 2 3 4 5] [1 2 3 4 6] [1 2 3 4 5 6] [1 2 3 4] [1 2 3 5] [1 2 3 5 7 17] [1 2 3 6] [1 2 3 6 7] [1 2 3 4 5 7] [1 2 3 4 5 6 16] [1 2 3 5 6] [1 2 3 5 7] [1 2] [1] [1 2 3 4 5 6 7] [1 2 3 4 7] [1 2 3 4 5 17 27] [1 2 3] [1 2 3 4 5 6 16 27] [1 2 3 6 7 17] [1 2 5] [1 2 3 4 5 7 17] [1 2 3 4 5 6 7 16] [1 2 3 4 5 6 7 17] [1 2 3 4 5 6 7 11] [1 2 3 5 6 7] [1 3] [1 2 3 4 5 6 7 16 17] [1 2 3 5 16 17] [1 2 3 4 6 7] [1 2 3 5 6 7 17] [1 2 3 4 5 6 7 17 27] [1 2 6] [1 2 3 4 5 6 7 11 16] [1 2 3 4 5 6 17 27 40] [] [] [] [] [] [] [] [] [] [] [] [] [] [] [] [] [] [] [] [] [] [] [] [] []
162 [] [1 2 3 4 5 6] [1 2 3 4 5] [1 2 3 4] [1 2 3 5] [1 2 3 5 7 17] [1 2 3 6] [1 2 3 6 7] [1 2 3 4 5 7] [1 2 3 4 5 6 16] [1 2 3 5 6] [1 2 3 5 7] [1 2] [1] [1 2 3 4 5 6 7] [1 2 3 4 7] [1 2 3 4 5 17 27] [1 2 3] [1 2 3 4 6] [1 2 3 4 5 6 16 27] [1 2 3 6 7 17] [1 2 5] [1 2 3 4 5 7 17] [1 2 3 4 5 6 7 16] [1 2 3 4 5 6 7 17] [1 2 3 4 5 6 7 11] [1 2 3 5 6 7] [1 3] [1 2 3 4 5 6 7 16 17] [1 2 3 5 16 17] [1 2 3 4 6 7] [1 2 3 5 6 7 17] [1 2 3 4 5 6 7 17 27] [1 2 6] [1 2 3 4 5 6 7 11 16] [1 2 3 4 5 6 17 27 40] [] [] [] [] [] [] [] [] [] [] [] [] [] [] [] [] [] [] [] [] [] [] [] [] []
163 [] [1 2 3 4] [1 2 3 5] [1 2 3] [1 2 3 5 7 17] [1 2 3 4 5] [1 2 3 6] [1 2 3 6 7] [1 2 3 4 5 6] [1 2 3 4 5 7] [1 2 3 4 5 6 16] [1 2 3 5 6] [1 2 3 5 7] [1 2] [1] [1 2 3 4 5 6 7] [1 2 3 4 7] [1 2 3 4 5 17 27] [1 2 3 4 6] [1 2 3 4 5 6 16 27] [1 2 3 6 7 17] [1 2 5] [1 2 3 4 5 7 17] [1 2 3 4 5 6 7 16] [1 2 3 4 5 6 7 17] [1 2 3 4 5 6 7 11] [1 2 3 5 6 7] [1 3] [1 2 3 4 5 6 7 16 17] [1 2 3 5 16 17] [1 2 3 4 6 7] [1 2 3 5 6 7 17] [1 2 3 4 5 6 7 17 27] [1 2 6] [1 2 3 4 5 6 7 11 16] [1 2 3 4 5 6 17 27 40] [] [] [] [] [] [] [] [] [] [] [] [] [] [] [] [] [] [] [] [] [] [] [] [] []
164 [] [1 2 3] [1 2 3 5 7 17] [1 2 3 4 5] [1 2 3 4] [1 2 3 6] [1 2 3 6 7] [1 2 3 4 5 6] [1 2 3 4 5 7] [1 2 3 4 5 6 16] [1 2 3 5 6] [1 2 3 5 7] [1 2 3 5] [1 2] [1] [1 2 3 4 5 6 7] [1 2 3 4 7] [1 2 3 4 5 17 27] [1 2 3 4 6] [1 2 3 4 5 6 16 27] [1 2 3 6 7 17] [1 2 5] [1 2 3 4 5 7 17] [1 2 3 4 5 6 7 16] [1 2 3 4 5 6 7 17] [1 2 3 4 5 6 7 11] [1 2 3 5 6 7] [1 3] [1 2 3 4 5 6 7 16 17] [1 2 3 5 16 17] [1 2 3 4 6 7] [1 2 3 5 6 7 17] [1 2 3 4 5 6 7 17 27] [1 2 6] [1 2 3 4 5 6 7 11 16] [1 2 3 4 5 6 17 27 40] [] [] [] [] [] [] [] [] [] [] [] [] [] [] [] [] [] [] [] [] [] [] [] [] []
165 [] [1 2 3 5 7 17] [1 2 3 4 5] [1 2 3 4] [1 2 3 6] [1 2 3 6 7] [1 2 3 4 5 6] [1 2 3 4 5 7] [1 2 3 4 5 6 16] [1 2 3 5 6] [1 2 3 5 7] [1 2 3 5] [1 2] [1] [1 2 3 4 5 6 7] [1 2 3 4 7] [1 2 3 4 5 17 27] [1 2 3] [1 2 3 4 6] [1 2 3 4 5 6 16 27] [1 2 3 6 7 17] [1 2 5] [1 2 3 4 5 7 17] [1 2 3 4 5 6 7 16] [1 2 3 4 5 6 7 17] [1 2 3 4 5 6 7 11] [1 2 3 5 6 7] [1 3] [1 2 3 4 5 6 7 16 17] [1 2 3 5 16 17] [1 2 3 4 6 7] [1 2 3 5 6 7 17] [1 2 3 4 5 6 7 17 27] [1 2 6] [1 2 3 4 5 6 7 11 16] [1 2 3 4 5 6 17 27 40] [] [] [] [] [] [] [] [] [] [] [] [] [] [] [] [] [] [] [] [] [] [] [] [] []
166 [] [1 2 3 4 5] [1 2 3 4] [1 2 3 6] [1 2 3 6 7] [1 2 3 4 5 6] [1 2 3 4 5 7] [1 2 3 4 5 6 16] [1 2 3 5 6] [1 2 3 5 7] [1 2 3 5] [1 2] [1] [1 2 3 4 5 6 7] [1 2 3 4 7] [1 2 3 4 5 17 27] [1 2 3] [1 2 3 4 6] [1 2 3 4 5 6 16 27] [1 2 3 6 7 17] [1 2 5] [1 2 3 4 5 7 17] [1 2 3 4 5 6 7 16] [1 2 3 4 5 6 7 17] [1 2 3 4 5 6 7 11] [1 2 3 5 6 7] [1 3] [1 2 3 4 5 6 7 16 17] [1 2 3 5 16 17] [1 2 3 4 6 7] [1 2 3 5 6 7 17] [1 2 3 4 5 6 7 17 27] [1 2 3 5 7 17] [1 2 6] [1 2 3 4 5 6 7 11 16] [1 2 3 4 5 6 17 27 40] [] [] [] [] [] [] [] [] [] [] [] [] [] [] [] [] [] [] [] [] [] [] [] [] []
167 [] [1 2 3 6] [1 2 3 6 7] [1 2 3 4 5 6] [1 2 3 4 5 7] [1 2 3 4 5 6 16] [1 2 3 4 5] [1 2 3 4] [1 2 3 5 6] [1 2 3 5 7] [1 2 3 5] [1 2] [1] [1 2 3 4 5 6 7] [1 2 3 4 7] [1 2 3 4 5 17 27] [1 2 3] [1 2 3 4 6] [1 2 3 4 5 6 16 27] [1 2 3 6 7 17] [1 2 5] [1 2 3 4 5 7 17] [1 2 3 4 5 6 7 16] [1 2 3 4 5 6 7 17] [1 2 3 4 5 6 7 11] [1 2 3 5 6 7] [1 3] [1 2 3 4 5 6 7 16 17] [1 2 3 5 16 17] [1 2 3 4 6 7] [1 2 3 5 6 7 17] [1 2 3 4 5 6 7 17 27] [1 2 3 5 7 17] [1 2 6] [1 2 3 4 5 6 7 11 16] [1 2 3 4 5 6 17 27 40] [] [] [] [] [] [] [] [] [] [] [] [] [] [] [] [] [] [] [] [] [] [] [] [] []
168 [] [1 2 3 4 5 6] [1 2 3 4 5 6 7] [1 2 3 4 5 7] [1 2 3 4 5 6 16] [1 2 3 4 5] [1 2 3 4] [1 2 3 5 6] [1 2 3 5 7] [1 2 3 5] [1 2] [1] [1 2 3 4 7] [1 2 3 6 7] [1 2 3 4 5 17 27] [1 2 3] [1 2 3 4 6] [1 2 3 4 5 6 16 27] [1 2 3 6 7 17] [1 2 5] [1 2 3 4 5 7 17] [1 2 3 4 5 6 7 16] [1 2 3 4 5 6 7 17] [1 2 3 4 5 6 7 11] [1 2 3 5 6 7] [1 3] [1 2 3 4 5 6 7 16 17] [1 2 3 5 16 17] [1 2 3 4 6 7] [1 2 3 5 6 7 17] [1 2 3 4 5 6 7 17 27] [1 2 3 6] [1 2 3 5 7 17] [1 2 6] [1 2 3 4 5 6 7 11 16] [1 2 3 4 5 6 17 27 40] [] [] [] [] [] [] [] [] [] [] [] [] [] [] [] [] [] [] [] [] [] [] [] [] []
169 [] [1 2 3 4 5 7] [1 2 3 4 5 6 16] [1 2 3 4 5] [1 2 3 4] [1 2 3 4 5 6] [1 2 3 5 6] [1 2 3 5 7] [1 2 3 5] [1 2] [1] [1 2 3 4 5 6 7] [1 2 3 4 7] [1 2 3 6 7] [1 2 3 4 5 17 27] [1 2 3] [1 2 3 4 6] [1 2 3 4 5 6 16 27] [1 2 3 6 7 17] [1 2 5] [1 2 3 4 5 7 17] [1 2 3 4 5 6 7 16] [1 2 3 4 5 6 7 17] [1 2 3 4 5 6 7 11] [1 2 3 5 6 7] [1 3] [1 2 3 4 5 6 7 16 17] [1 2 3 5 16 17] [1 2 3 4 6 7] [1 2 3 5 6 7 17] [1 2 3 4 5 6 7 17 27] [1 2 3 6] [1 2 3 5 7 17] [1 2 6] [1 2 3 4 5 6 7 11 16] [1 2 3 4 5 6 17 27 40] [] [] [] [] [] [] [] [] [] [] [] [] [] [] [] [] [] [] [] [] [] [] [] [] []
170 [] [1 2 3 4 5] [1 2 3 4] [1 2 3 4 5 7] [1 2 3 4 5 6] [1 2 3 5 6] [1 2 3 4 5 6 16] [1 2 3 5 7] [1 2 3 5] [1 2] [1] [1 2 3 4 5 6 7] [1 2 3 4 7] [1 2 3 6 7] [1 2 3 4 5 17 27] [1 2 3] [1 2 3 4 6] [1 2 3 4 5 6 16 27] [1 2 3 6 7 17] [1 2 5] [1 2 3 4 5 7 17] [1 2 3 4 5 6 7 16] [1 2 3 4 5 6 7 17] [1 2 3 4 5 6 7 11] [1 2 3 5 6 7] [1 3] [1 2 3 4 5 6 7 16 17] [1 2 3 5 16 17] [1 2 3 4 6 7] [1 2 3 5 6 7 17] [1 2 3 4 5 6 7 17 27] [1 2 3 6] [1 2 3 5 7 17] [1 2 6] [1 2 3 4 5 6 7 11 16] [1 2 3 4 5 6 17 27 40] [] [] [] [] [] [] [] [] [] [] [] [] [] [] [] [] [] [] [] [] [] [] [] [] []
171 [] [1 2 3 4 5] [1 2 3 4] [1 2 3 4 5 7] [1 2 3 4 5 6] [1 2 3 5 6] [1 2 3 4 5 6 16] [1 2 3 5 7] [1 2 3 5] [1 2] [1] [1 2 3 4 5 6 7] [1 2 3 4 7] [1 2 3 6 7] [1 2 3 4 5 17 27] [1 2 3] [1 2 3 4 6] [1 2 3 4 5 6 16 27] [1 2 3 6 7 17] [1 2 5] [1 2 3 4 5 7 17] [1 2 3 4 5 6 7 16] [1 2 3 4 5 6 7 17] [1 2 3 4 5 6 7 11] [1 2 3 5 6 7] [1 3] [1 2 3 4 5 6 7 16 17] [1 2 3 5 16 17] [1 2 3 4 6 7] [1 2 3 5 6 7 17] [1 2 3 4 5 6 7 17 27] [1 2 3 6] [1 2 3 5 7 17] [1 2 6] [1 2 3 4 5 6 7 11 16] [1 2 3 4 5 6 17 27 40] [] [] [] [] [] [] [] [] [] [] [] [] [] [] [] [] [] [] [] [] [] [] [] [] []
172 [] [1 2 3 4] [1 2 3 4 5] [1 2 3 4 5 7] [1 2 3 4 5 6] [1 2 3 5 6] [1 2 3 4 5 6 16] [1 2 3 5 7] [1 2 3 5] [1 2] [1] [1 2 3 4 5 6 7] [1 2 3 4 7] [1 2 3 6 7] [1 2 3 4 5 17 27] [1 2 3] [1 2 3 4 6] [1 2 3 4 5 6 16 27] [1 2 3 6 7 17] [1 2 5] [1 2 3 4 5 7 17] [1 2 3 4 5 6 7 16] [1 2 3 4 5 6 7 17] [1 2 3 4 5 6 7 11] [1 2 3 5 6 7] [1 3] [1 2 3 4 5 6 7 16 17] [1 2 3 5 16 17] [1 2 3 4 6 7] [1 2 3 5 6 7 17] [1 2 3 4 5 6 7 17 27] [1 2 3 6] [1 2 3 5 7 17] [1 2 6] [1 2 3 4 5 6 7 11 16] [1 2 3 4 5 6 17 27 40] [] [] [] [] [] [] [] [] [] [] [] [] [] [] [] [] [] [] [] [] [] [] [] [] []
173 [] [1 2 3 4] [1 2 3 4 5 7] [1 2 3 4 5] [1 2 3 4 5 6] [1 2 3 5 6] [1 2 3 4 5 6 16] [1 2 3 5 7] [1 2 3 5] [1 2] [1] [1 2 3 4 5 6 7] [1 2 3 4 7] [1 2 3 6 7] [1 2 3 4 5 17 27] [1 2 3] [1 2 3 4 6] [1 2 3 4 5 6 16 27] [1 2 3 6 7 17] [1 2 5] [1 2 3 4 5 7 17] [1 2 3 4 5 6 7 16] [1 2 3 4 5 6 7 17] [1 2 3 4 5 6 7 11] [1 2 3 5 6 7] [1 3] [1 2 3 4 5 6 7 16 17] [1 2 3 5 16 17] [1 2 3 4 6 7] [1 2 3 5 6 7 17] [1 2 3 4 5 6 7 17 27] [1 2 3 6] [1 2 3 5 7 17] [1 2 6] [1 2 3 4 5 6 7 11 16] [1 2 3 4 5 6 17 27 40] [] [] [] [] [] [] [] [] [] [] [] [] [] [] [] [] [] [] [] [] [] [] [] [] []
174 [] [1 2 3 4 5] [1 2 3 4] [1 2 3 4 5 6] [1 2 3 4 5 7] [1 2 3 5 6] [1 2 3 4 5 6 16] [1 2 3 5 7] [1 2 3 5] [1 2] [1] [1 2 3 4 5 6 7] [1 2 3 4 7] [1 2 3 6 7] [1 2 3 4 5 17 27] [1 2 3] [1 2 3 4 6] [1 2 3 4 5 6 16 27] [1 2 3 6 7 17] [1 2 5] [1 2 3 4 5 7 17] [1 2 3 4 5 6 7 16] [1 2 3 4 5 6 7 17] [1 2 3 4 5 6 7 11] [1 2 3 5 6 7] [1 3] [1 2 3 4 5 6 7 16 17] [1 2 3 5 16 17] [1 2 3 4 6 7] [1 2 3 5 6 7 17] [1 2 3 4 5 6 7 17 27] [1 2 3 6] [1 2 3 5 7 17] [1 2 6] [1 2 3 4 5 6 7 11 16] [1 2 3 4 5 6 17 27 40] [] [] [] [] [] [] [] [] [] [] [] [] [] [] [] [] [] [] [] [] [] [] [] [] []
175 [] [1 2 3 4 5 6] [1 2 3 4 5 7] [1 2 3 5 6] [1 2 3 4 5] [1 2 3 4 5 6 16] [1 2 3 5 7] [1 2 3 5] [1 2] [1 2 3 4] [1] [1 2 3 4 5 6 7] [1 2 3 4 7] [1 2 3 6 7] [1 2 3 4 5 17 27] [1 2 3] [1 2 3 4 6] [1 2 3 4 5 6 16 27] [1 2 3 6 7 17] [1 2 5] [1 2 3 4 5 7 17] [1 2 3 4 5 6 7 16] [1 2 3 4 5 6 7 17] [1 2 3 4 5 6 7 11] [1 2 3 5 6 7] [1 3] [1 2 3 4 5 6 7 16 17] [1 2 3 5 16 17] [1 2 3 4 6 7] [1 2 3 5 6 7 17] [1 2 3 4 5 6 7 17 27] [1 2 3 6] [1 2 3 5 7 17] [1 2 6] [1 2 3 4 5 6 7 11 16] [1 2 3 4 5 6 17 27 40] [] [] [] [] [] [] [] [] [] [] [] [] [] [] [] [] [] [] [] [] [] [] [] [] []
176 [] [1 2 3 4 5 7] [1 2 3 5 6] [1 2 3 4 5] [1 2 3 4 5 6] [1 2 3 4 5 6 16] [1 2 3 5 7] [1 2 3 5] [1 2] [1 2 3 4] [1] [1 2 3 4 5 6 7] [1 2 3 4 7] [1 2 3 6 7] [1 2 3 4 5 17 27] [1 2 3] [1 2 3 4 6] [1 2 3 4 5 6 16 27] [1 2 3 6 7 17] [1 2 5] [1 2 3 4 5 7 17] [1 2 3 4 5 6 7 16] [1 2 3 4 5 6 7 17] [1 2 3 4 5 6 7 11] [1 2 3 5 6 7] [1 3] [1 2 3 4 5 6 7 16 17] [1 2 3 5 16 17] [1 2 3 4 6 7] [1 2 3 5 6 7 17] [1 2 3 4 5 6 7 17 27] [1 2 3 6] [1 2 3 5 7 17] [1 2 6] [1 2 3 4 5 6 7 11 16] [1 2 3 4 5 6 17 27 40] [] [] [] [] [] [] [] [] [] [] [] [] [] [] [] [] [] [] [] [] [] [] [] [] []
177 [] [1 2 3 4 5] [1 2 3 5 6] [1 2 3 4 5 6] [1 2 3 4 5 6 16] [1 2 3 5 7] [1 2 3 5] [1 2] [1 2 3 4] [1 2 3 4 5 7] [1] [1 2 3 4 5 6 7] [1 2 3 4 7] [1 2 3 6 7] [1 2 3 4 5 17 27] [1 2 3] [1 2 3 4 6] [1 2 3 4 5 6 16 27] [1 2 3 6 7 17] [1 2 5] [1 2 3 4 5 7 17] [1 2 3 4 5 6 7 16] [1 2 3 4 5 6 7 17] [1 2 3 4 5 6 7 11] [1 2 3 5 6 7] [1 3] [1 2 3 4 5 6 7 16 17] [1 2 3 5 16 17] [1 2 3 4 6 7] [1 2 3 5 6 7 17] [1 2 3 4 5 6 7 17 27] [1 2 3 6] [1 2 3 5 7 17] [1 2 6] [1 2 3 4 5 6 7 11 16] [1 2 3 4 5 6 17 27 40] [] [] [] [] [] [] [] [] [] [] [] [] [] [] [] [] [] [] [] [] [] [] [] [] []
178 [] [1 2 3 5 6] [1 2 3 4 5] [1 2 3 4 5 6] [1 2 3 4 5 6 16] [1 2 3 5 7] [1 2 3 5] [1 2] [1 2 3 4] [1 2 3 4 5 7] [1] [1 2 3 4 5 6 7] [1 2 3 4 7] [1 2 3 6 7] [1 2 3 4 5 17 27] [1 2 3] [1 2 3 4 6] [1 2 3 4 5 6 16 27] [1 2 3 6 7 17] [1 2 5] [1 2 3 4 5 7 17] [1 2 3 4 5 6 7 16] [1 2 3 4 5 6 7 17] [1 2 3 4 5 6 7 11] [1 2 3 5 6 7] [1 3] [1 2 3 4 5 6 7 16 17] [1 2 3 5 16 17] [1 2 3 4 6 7] [1 2 3 5 6 7 17] [1 2 3 4 5 6 7 17 27] [1 2 3 6] [1 2 3 5 7 17] [1 2 6] [1 2 3 4 5 6 7 11 16] [1 2 3 4 5 6 17 27 40] [] [] [] [] [] [] [] [] [] [] [] [] [] [] [] [] [] [] [] [] [] [] [] [] []
179 [] [1 2 3 4 5 6] [1 2 3 4 5 6 16] [1 2 3 5 7] [1 2 3 5] [1 2 3 4 5] [1 2] [1 2 3 4] [1 2 3 4 5 7] [1] [1 2 3 4 5 6 7] [1 2 3 4 7] [1 2 3 6 7] [1 2 3 4 5 17 27] [1 2 3] [1 2 3 4 6] [1 2 3 4 5 6 16 27] [1 2 3 6 7 17] [1 2 5] [1 2 3 4 5 7 17] [1 2 3 4 5 6 7 16] [1 2 3 4 5 6 7 17] [1 2 3 4 5 6 7 11] [1 2 3 5 6 7] [1 3] [1 2 3 4 5 6 7 16 17] [1 2 3 5 16 17] [1 2 3 4 6 7] [1 2 3 5 6 7 17] [1 2 3 4 5 6 7 17 27] [1 2 3 6] [1 2 3 5 7 17] [1 2 6] [1 2 3 5 6] [1 2 3 4 5 6 7 11 16] [1 2 3 4 5 6 17 27 40] [] [] [] [] [] [] [] [] [] [] [] [] [] [] [] [] [] [] [] [] [] [] [] [] []
180 [] [1 2 3 5 7] [1 2 3 5] [1 2 3 4 5] [1 2] [1 2 3 4] [1 2 3 4 5 7] [1] [1 2 3 4 5 6 7] [1 2 3 4 7] [1 2 3 6 7] [1 2 3 4 5 17 27] [1 2 3] [1 2 3 4 5 6] [1 2 3 4 6] [1 2 3 4 5 6 16 27] [1 2 3 6 7 17] [1 2 5] [1 2 3 4 5 7 17] [1 2 3 4 5 6 7 16] [1 2 3 4 5 6 7 17] [1 2 3 4 5 6 7 11] [1 2 3 5 6 7] [1 3] [1 2 3 4 5 6 7 16 17] [1 2 3 4 5 6 16] [1 2 3 5 16 17] [1 2 3 4 6 7] [1 2 3 5 6 7 17] [1 2 3 4 5 6 7 17 27] [1 2 3 6] [1 2 3 5 7 17] [1 2 6] [1 2 3 5 6] [1 2 3 4 5 6 7 11 16] [1 2 3 4 5 6 17 27 40] [] [] [] [] [] [] [] [] [] [] [] [] [] [] [] [] [] [] [] [] [] [] [] [] []
181 [] [1 2 3 5] [1 2] [1 2 3 4] [1 2 3 4 5 7] [1] [1 2 3 4 5] [1 2 3 4 5 6 7] [1 2 3 4 7] [1 2 3 6 7] [1 2 3 4 5 17 27] [1 2 3] [1 2 3 4 5 6] [1 2 3 4 6] [1 2 3 4 5 6 16 27] [1 2 3 6 7 17] [1 2 5] [1 2 3 4 5 7 17] [1 2 3 4 5 6 7 16] [1 2 3 4 5 6 7 17] [1 2 3 4 5 6 7 11] [1 2 3 5 6 7] [1 3] [1 2 3 4 5 6 7 16 17] [1 2 3 4 5 6 16] [1 2 3 5 16 17] [1 2 3 4 6 7] [1 2 3 5 6 7 17] [1 2 3 4 5 6 7 17 27] [1 2 3 6] [1 2 3 5 7 17] [1 2 6] [1 2 3 5 6] [1 2 3 4 5 6 7 11 16] [1 2 3 5 7] [1 2 3 4 5 6 17 27 40] [] [] [] [] [] [] [] [] [] [] [] [] [] [] [] [] [] [] [] [] [] [] [] [] []
182 [] [1 2] [1 2 3 4] [1 2 3 4 5 7] [1] [1 2 3 4 5] [1 2 3 5] [1 2 3 4 5 6 7] [1 2 3 4 7] [1 2 3 6 7] [1 2 3 4 5 17 27] [1 2 3] [1 2 3 4 5 6] [1 2 3 4 6] [1 2 3 4 5 6 16 27] [1 2 3 6 7 17] [1 2 5] [1 2 3 4 5 7 17] [1 2 3 4 5 6 7 16] [1 2 3 4 5 6 7 17] [1 2 3 4 5 6 7 11] [1 2 3 5 6 7] [1 3] [1 2 3 4 5 6 7 16 17] [1 2 3 4 5 6 16] [1 2 3 5 16 17] [1 2 3 4 6 7] [1 2 3 5 6 7 17] [1 2 3 4 5 6 7 17 27] [1 2 3 6] [1 2 3 5 7 17] [1 2 6] [1 2 3 5 6] [1 2 3 4 5 6 7 11 16] [1 2 3 5 7] [1 2 3 4 5 6 17 27 40] [] [] [] [] [] [] [] [] [] [] [] [] [] [] [] [] [] [] [] [] [] [] [] [] []
183 [] [1 2 3 4 5] [1 2 3 5] [1 2 3 4 5 6 7] [1 2 3 4 5 7] [1 2] [1 2 3 4 7] [1 2 3 4] [1 2 3 6 7] [1 2 3 4 5 17 27] [1 2 3] [1 2 3 4 5 6] [1 2 3 4 6] [1 2 3 4 5 6 16 27] [1] [1 2 3 6 7 17] [1 2 5] [1 2 3 4 5 7 17] [1 2 3 4 5 6 7 16] [1 2 3 4 5 6 7 17] [1 2 3 4 5 6 7 11] [1 2 3 5 6 7] [1 3] [1 2 3 4 5 6 7 16 17] [1 2 3 4 5 6 16] [1 2 3 5 16 17] [1 2 3 4 6 7] [1 2 3 5 6 7 17] [1 2 3 4 5 6 7 17 27] [1 2 3 6] [1 2 3 5 7 17] [1 2 6] [1 2 3 5 6] [1 2 3 4 5 6 7 11 16] [1 2 3 5 7] [1 2 3 4 5 6 17 27 40] [] [] [] [] [] [] [] [] [] [] [] [] [] [] [] [] [] [] [] [] [] [] [] [] []
184 [] [1 2 3 5] [1 2 3 4 5 6 7] [1 2 3 4 5] [1 2 3 4 5 7] [1 2] [1 2 3 4 7] [1 2 3 4] [1 2 3 6 7] [1 2 3 4 5 17 27] [1 2 3] [1 2 3 4 5 6] [1 2 3 4 6] [1 2 3 4 5 6 16 27] [1] [1 2 3 6 7 17] [1 2 5] [1 2 3 4 5 7 17] [1 2 3 4 5 6 7 16] [1 2 3 4 5 6 7 17] [1 2 3 4 5 6 7 11] [1 2 3 5 6 7] [1 3] [1 2 3 4 5 6 7 16 17] [1 2 3 4 5 6 16] [1 2 3 5 16 17] [1 2 3 4 6 7] [1 2 3 5 6 7 17] [1 2 3 4 5 6 7 17 27] [1 2 3 6] [1 2 3 5 7 17] [1 2 6] [1 2 3 5 6] [1 2 3 4 5 6 7 11 16] [1 2 3 5 7] [1 2 3 4 5 6 17 27 40] [] [] [] [] [] [] [] [] [] [] [] [] [] [] [] [] [] [] [] [] [] [] [] [] []
185 [] [1 2 3 4 5 6 7] [1 2 3 4 5] [1 2 3 4 5 7] [1 2 3 5] [1 2 3 4 7] [1 2 3 4] [1 2 3 6 7] [1 2 3 4 5 17 27] [1 2 3 4 5 6] [1 2 3 4 6] [1 2 3 4 5 6 16 27] [1 2 3] [1] [1 2 3 6 7 17] [1 2 5] [1 2 3 4 5 7 17] [1 2] [1 2 3 4 5 6 7 16] [1 2 3 4 5 6 7 17] [1 2 3 4 5 6 7 11] [1 2 3 5 6 7] [1 3] [1 2 3 4 5 6 7 16 17] [1 2 3 4 5 6 16] [1 2 3 5 16 17] [1 2 3 4 6 7] [1 2 3 5 6 7 17] [1 2 3 4 5 6 7 17 27] [1 2 3 6] [1 2 3 5 7 17] [1 2 6] [1 2 3 5 6] [1 2 3 4 5 6 7 11 16] [1 2 3 5 7] [1 2 3 4 5 6 17 27 40] [] [] [] [] [] [] [] [] [] [] [] [] [] [] [] [] [] [] [] [] [] [] [] [] []
186 [] [1 2 3 4 5] [1 2 3 4 5 7] [1 2 3 5] [1 2 3 4 7] [1 2 3 4] [1 2 3 6 7] [1 2 3 4 5 17 27] [1 2 3 4 5 6] [1 2 3 4 6] [1 2 3 4 5 6 7] [1 2 3 4 5 6 16 27] [1 2 3] [1] [1 2 3 6 7 17] [1 2 5] [1 2 3 4 5 7 17] [1 2] [1 2 3 4 5 6 7 16] [1 2 3 4 5 6 7 17] [1 2 3 4 5 6 7 11] [1 2 3 5 6 7] [1 3] [1 2 3 4 5 6 7 16 17] [1 2 3 4 5 6 16] [1 2 3 5 16 17] [1 2 3 4 6 7] [1 2 3 5 6 7 17] [1 2 3 4 5 6 7 17 27] [1 2 3 6] [1 2 3 5 7 17] [1 2 6] [1 2 3 5 6] [1 2 3 4 5 6 7 11 16] [1 2 3 5 7] [1 2 3 4 5 6 17 27 40] [] [] [] [] [] [] [] [] [] [] [] [] [] [] [] [] [] [] [] [] [] [] [] [] []
187 [] [1 2 3 4 5] [1 2 3 4 5 7] [1 2 3 5] [1 2 3 4 7] [1 2 3 4] [1 2 3 6 7] [1 2 3 4 5 17 27] [1 2 3 4 5 6] [1 2 3 4 6] [1 2 3 4 5 6 7] [1 2 3 4 5 6 16 27] [1 2 3] [1] [1 2 3 6 7 17] [1 2 5] [1 2 3 4 5 7 17] [1 2] [1 2 3 4 5 6 7 16] [1 2 3 4 5 6 7 17] [1 2 3 4 5 6 7 11] [1 2 3 5 6 7] [1 3] [1 2 3 4 5 6 7 16 17] [1 2 3 4 5 6 16] [1 2 3 5 16 17] [1 2 3 4 6 7] [1 2 3 5 6 7 17] [1 2 3 4 5 6 7 17 27] [1 2 3 6] [1 2 3 5 7 17] [1 2 6] [1 2 3 5 6] [1 2 3 4 5 6 7 11 16] [1 2 3 5 7] [1 2 3 4 5 6 17 27 40] [] [] [] [] [] [] [] [] [] [] [] [] [] [] [] [] [] [] [] [] [] [] [] [] []
188 [] [1 2 3 4 5 7] [1 2 3 5] [1 2 3 4 7] [1 2 3 4] [1 2 3 6 7] [1 2 3 4 5 17 27] [1 2 3 4 5 6] [1 2 3 4 6] [1 2 3 4 5 6 7] [1 2 3 4 5] [1 2 3 4 5 6 16 27] [1 2 3] [1] [1 2 3 6 7 17] [1 2 5] [1 2 3 4 5 7 17] [1 2] [1 2 3 4 5 6 7 16] [1 2 3 4 5 6 7 17] [1 2 3 4 5 6 7 11] [1 2 3 5 6 7] [1 3] [1 2 3 4 5 6 7 16 17] [1 2 3 4 5 6 16] [1 2 3 5 16 17] [1 2 3 4 6 7] [1 2 3 5 6 7 17] [1 2 3 4 5 6 7 17 27] [1 2 3 6] [1 2 3 5 7 17] [1 2 6] [1 2 3 5 6] [1 2 3 4 5 6 7 11 16] [1 2 3 5 7] [1 2 3 4 5 6 17 27 40] [] [] [] [] [] [] [] [] [] [] [] [] [] [] [] [] [] [] [] [] [] [] [] [] []
189 [] [1 2 3 5] [1 2 3 4 7] [1 2 3 4] [1 2 3 6 7] [1 2 3 4 5 17 27] [1 2 3 4 5 6] [1 2 3 4 6] [1 2 3 4 5 6 7] [1 2 3 4 5] [1 2 3 4 5 6 16 27] [1 2 3] [1] [1 2 3 6 7 17] [1 2 3 4 5 7] [1 2 5] [1 2 3 4 5 7 17] [1 2] [1 2 3 4 5 6 7 16] [1 2 3 4 5 6 7 17] [1 2 3 4 5 6 7 11] [1 2 3 5 6 7] [1 3] [1 2 3 4 5 6 7 16 17] [1 2 3 4 5 6 16] [1 2 3 5 16 17] [1 2 3 4 6 7] [1 2 3 5 6 7 17] [1 2 3 4 5 6 7 17 27] [1 2 3 6] [1 2 3 5 7 17] [1 2 6] [1 2 3 5 6] [1 2 3 4 5 6 7 11 16] [1 2 3 5 7] [1 2 3 4 5 6 17 27 40] [] [] [] [] [] [] [] [] [] [] [] [] [] [] [] [] [] [] [] [] [] [] [] [] []
190 [] [1 2 3 5] [1 2 3 4 7] [1 2 3 4] [1 2 3 6 7] [1 2 3 4 5 17 27] [1 2 3 4 5 6] [1 2 3 4 6] [1 2 3 4 5 6 7] [1 2 3 4 5] [1 2 3 4 5 6 16 27] [1 2 3] [1] [1 2 3 6 7 17] [1 2 3 4 5 7] [1 2 5] [1 2 3 4 5 7 17] [1 2] [1 2 3 4 5 6 7 16] [1 2 3 4 5 6 7 17] [1 2 3 4 5 6 7 11] [1 2 3 5 6 7] [1 3] [1 2 3 4 5 6 7 16 17] [1 2 3 4 5 6 16] [1 2 3 5 16 17] [1 2 3 4 6 7] [1 2 3 5 6 7 17] [1 2 3 4 5 6 7 17 27] [1 2 3 6] [1 2 3 5 7 17] [1 2 6] [1 2 3 5 6] [1 2 3 4 5 6 7 11 16] [1 2 3 5 7] [1 2 3 4 5 6 17 27 40] [] [] [] [] [] [] [] [] [] [] [] [] [] [] [] [] [] [] [] [] [] [] [] [] []
191 [] [1 2 3 4 7] [1 2 3 4] [1 2 3 6 7] [1 2 3 4 5 17 27] [1 2 3 4 5 6] [1 2 3 4 6] [1 2 3 4 5 6 7] [1 2 3 4 5] [1 2 3 5] [1 2 3 4 5 6 16 27] [1 2 3] [1] [1 2 3 6 7 17] [1 2 3 4 5 7] [1 2 5] [1 2 3 4 5 7 17] [1 2] [1 2 3 4 5 6 7 16] [1 2 3 4 5 6 7 17] [1 2 3 4 5 6 7 11] [1 2 3 5 6 7] [1 3] [1 2 3 4 5 6 7 16 17] [1 2 3 4 5 6 16] [1 2 3 5 16 17] [1 2 3 4 6 7] [1 2 3 5 6 7 17] [1 2 3 4 5 6 7 17 27] [1 2 3 6] [1 2 3 5 7 17] [1 2 6] [1 2 3 5 6] [1 2 3 4 5 6 7 11 16] [1 2 3 5 7] [1 2 3 4 5 6 17 27 40] [] [] [] [] [] [] [] [] [] [] [] [] [] [] [] [] [] [] [] [] [] [] [] [] []
192 [] [1 2 3 4] [1 2 3 6 7] [1 2 3 4 5 17 27] [1 2 3 4 6] [1 2 3 4 5 6] [1 2 3 4 5 6 7] [1 2 3 4 5] [1 2 3 5] [1 2 3 4 5 6 16 27] [1 2 3] [1] [1 2 3 6 7 17] [1 2 3 4 5 7] [1 2 5] [1 2 3 4 5 7 17] [1 2] [1 2 3 4 5 6 7 16] [1 2 3 4 5 6 7 17] [1 2 3 4 5 6 7 11] [1 2 3 5 6 7] [1 3] [1 2 3 4 5 6 7 16 17] [1 2 3 4 5 6 16] [1 2 3 5 16 17] [1 2 3 4 6 7] [1 2 3 5 6 7 17] [1 2 3 4 5 6 7 17 27] [1 2 3 6] [1 2 3 5 7 17] [1 2 6] [1 2 3 5 6] [1 2 3 4 5 6 7 11 16] [1 2 3 5 7] [1 2 3 4 5 6 17 27 40] [] [] [] [] [] [] [] [] [] [] [] [] [] [] [] [] [] [] [] [] [] [] [] [] [] []
193 [] [1 2 3 6 7] [1 2 3 4 5 17 27] [1 2 3 4] [1 2 3 4 6] [1 2 3 4 5 6] [1 2 3 4 5 6 7] [1 2 3 4 5] [1 2 3 5] [1 2 3 4 5 6 16 27] [1 2 3] [1] [1 2 3 6 7 17] [1 2 3 4 5 7] [1 2 5] [1 2 3 4 5 7 17] [1 2] [1 2 3 4 5 6 7 16] [1 2 3 4 5 6 7 17] [1 2 3 4 5 6 7 11] [1 2 3 5 6 7] [1 3] [1 2 3 4 5 6 7 16 17] [1 2 3 4 5 6 16] [1 2 3 5 16 17] [1 2 3 4 6 7] [1 2 3 5 6 7 17] [1 2 3 4 5 6 7 17 27] [1 2 3 6] [1 2 3 5 7 17] [1 2 6] [1 2 3 5 6] [1 2 3 4 5 6 7 11 16] [1 2 3 5 7] [1 2 3 4 5 6 17 27 40] [] [] [] [] [] [] [] [] [] [] [] [] [] [] [] [] [] [] [] [] [] [] [] [] [] []
194 [] [1 2 3 6 7] [1 2 3 4 5 17 27] [1 2 3 4] [1 2 3 4 6] [1 2 3 4 5 6] [1 2 3 4 5 6 7] [1 2 3 4 5] [1 2 3 5] [1 2 3 4 5 6 16 27] [1 2 3] [1] [1 2 3 6 7 17] [1 2 3 4 5 7] [1 2 5] [1 2 3 4 5 7 17] [1 2] [1 2 3 4 5 6 7 16] [1 2 3 4 5 6 7 17] [1 2 3 4 5 6 7 11] [1 2 3 5 6 7] [1 3] [1 2 3 4 5 6 7 16 17] [1 2 3 4 5 6 16] [1 2 3 5 16 17] [1 2 3 4 6 7] [1 2 3 5 6 7 17] [1 2 3 4 5 6 7 17 27] [1 2 3 6] [1 2 3 5 7 17] [1 2 6] [1 2 3 5 6] [1 2 3 4 5 6 7 11 16] [1 2 3 5 7] [1 2 3 4 5 6 17 27 40] [] [] [] [] [] [] [] [] [] [] [] [] [] [] [] [] [] [] [] [] [] [] [] [] [] []
195 [] [1 2 3 4 5 17 27] [1 2 3 4] [1 2 3 4 6] [1 2 3 4 5 6] [1 2 3 4 5 6 7] [1 2 3 4 5] [1 2 3 5] [1 2 3 4 5 6 16 27] [1 2 3] [1] [1 2 3 6 7 17] [1 2 3 4 5 7] [1 2 5] [1 2 3 4 5 7 17] [1 2] [1 2 3 4 5 6 7 16] [1 2 3 4 5 6 7 17] [1 2 3 4 5 6 7 11] [1 2 3 5 6 7] [1 3] [1 2 3 4 5 6 7 16 17] [1 2 3 4 5 6 16] [1 2 3 5 16 17] [1 2 3 4 6 7] [1 2 3 5 6 7 17] [1 2 3 4 5 6 7 17 27] [1 2 3 6] [1 2 3 5 7 17] [1 2 6] [1 2 3 5 6] [1 2 3 4 5 6 7 11 16] [1 2 3 5 7] [1 2 3 4 5 6 17 27 40] [1 2 3 6 7] [] [] [] [] [] [] [] [] [] [] [] [] [] [] [] [] [] [] [] [] [] [] [] [] [] []
196 [] [1 2 3 4 5 17 27] [1 2 3 4] [1 2 3 4 6] [1 2 3 4 5 6] [1 2 3 4 5 6 7] [1 2 3 4 5] [1 2 3 5] [1 2 3 4 5 6 16 27] [1 2 3] [1] [1 2 3 6 7 17] [1 2 3 4 5 7] [1 2 5] [1 2 3 4 5 7 17] [1 2] [1 2 3 4 5 6 7 16] [1 2 3 4 5 6 7 17] [1 2 3 4 5 6 7 11] [1 2 3 5 6 7] [1 3] [1 2 3 4 5 6 7 16 17] [1 2 3 4 5 6 16] [1 2 3 5 16 17] [1 2 3 4 6 7] [1 2 3 5 6 7 17] [1 2 3 4 5 6 7 17 27] [1 2 3 6] [1 2 3 5 7 17] [1 2 6] [1 2 3 5 6] [1 2 3 4 5 6 7 11 16] [1 2 3 5 7] [1 2 3 4 5 6 17 27 40] [1 2 3 6 7] [] [] [] [] [] [] [] [] [] [] [] [] [] [] [] [] [] [] [] [] [] [] [] [] [] []
197 [] [1 2 3 4] [1 2 3 4 6] [1 2 3 4 5 6] [1 2 3 4 5 6 7] [1 2 3 4 5] [1 2 3 5] [1 2 3 4 5 6 16 27] [1 2 3] [1] [1 2 3 6 7 17] [1 2 3 4 5 7] [1 2 5] [1 2 3 4 5 7 17] [1 2] [1 2 3 4 5 6 7 16] [1 2 3 4 5 6 7 17] [1 2 3 4 5 6 7 11] [1 2 3 5 6 7] [1 3] [1 2 3 4 5 6 7 16 17] [1 2 3 4 5 6 16] [1 2 3 5 16 17] [1 2 3 4 6 7] [1 2 3 5 6 7 17] [1 2 3 4 5 6 7 17 27] [1 2 3 6] [1 2 3 5 7 17] [1 2 6] [1 2 3 5 6] [1 2 3 4 5 6 7 11 16] [1 2 3 5 7] [1 2 3 4 5 6 17 27 40] [1 2 3 6 7] [] [] [] [] [] [] [] [] [] [] [] [] [] [] [] [] [] [] [] [] [] [] [] [] [] [] []
198 [] [1 2 3 4] [1 2 3 4 6] [1 2 3 4 5 6] [1 2 3 4 5 6 7] [1 2 3 4 5] [1 2 3 5] [1 2 3 4 5 6 16 27] [1 2 3] [1] [1 2 3 6 7 17] [1 2 3 4 5 7] [1 2 5] [1 2 3 4 5 7 17] [1 2] [1 2 3 4 5 6 7 16] [1 2 3 4 5 6 7 17] [1 2 3 4 5 6 7 11] [1 2 3 5 6 7] [1 3] [1 2 3 4 5 6 7 16 17] [1 2 3 4 5 6 16] [1 2 3 5 16 17] [1 2 3 4 6 7] [1 2 3 5 6 7 17] [1 2 3 4 5 6 7 17 27] [1 2 3 6] [1 2 3 5 7 17] [1 2 6] [1 2 3 5 6] [1 2 3 4 5 6 7 11 16] [1 2 3 5 7] [1 2 3 4 5 6 17 27 40] [1 2 3 6 7] [] [] [] [] [] [] [] [] [] [] [] [] [] [] [] [] [] [] [] [] [] [] [] [] [] [] []
199 [] [1 2 3 4 6] [1 2 3 4] [1 2 3 4 5 6] [1 2 3 4 5 6 7] [1 2 3 4 5] [1 2 3 5] [1 2 3 4 5 6 16 27] [1 2 3] [1] [1 2 3 6 7 17] [1 2 3 4 5 7] [1 2 5] [1 2 3 4 5 7 17] [1 2] [1 2 3 4 5 6 7 16] [1 2 3 4 5 6 7 17] [1 2 3 4 5 6 7 11] [1 2 3 5 6 7] [1 3] [1 2 3 4 5 6 7 16 17] [1 2 3 4 5 6 16] [1 2 3 5 16 17] [1 2 3 4 6 7] [1 2 3 5 6 7 17] [1 2 3 4 5 6 7 17 27] [1 2 3 6] [1 2 3 5 7 17] [1 2 6] [1 2 3 5 6] [1 2 3 4 5 6 7 11 16] [1 2 3 5 7] [1 2 3 4 5 6 17 27 40] [1 2 3 6 7] [] [] [] [] [] [] [] [] [] [] [] [] [] [] [] [] [] [] [] [] [] [] [] [] [] [] []
200 [] [1 2 3 4 5 6] [1 2 3 4 6 7] [1 2 3 4 5 6 7] [1 2 3 4 5] [1 2 3 5] [1 2 3 4 5 6 16 27] [1 2 3] [1] [1 2 3 6 7 17] [1 2 3 4 5 7] [1 2 5] [1 2 3 4 5 7 17] [1 2 3 4] [1 2] [1 2 3 4 5 6 7 16] [1 2 3 4 6] [1 2 3 4 5 6 7 17] [1 2 3 4 5 6 7 11] [1 2 3 5 6 7] [1 3] [1 2 3 4 5 6 7 16 17] [1 2 3 4 5 6 16] [1 2 3 5 16 17] [1 2 3 5 6 7 17] [1 2 3 4 5 6 7 17 27] [1 2 3 6] [1 2 3 5 7 17] [1 2 6] [1 2 3 5 6] [1 2 3 4 5 6 7 11 16] [1 2 3 5 7] [1 2 3 4 5 6 17 27 40] [1 2 3 6 7] [] [] [] [] [] [] [] [] [] [] [] [] [] [] [] [] [] [] [] [] [] [] [] [] [] [] []
201 [] [1 2 3 4 6 7] [1 2 3 4 5 6 7] [1 2 3 4 5] [1 2 3 5] [1 2 3 4 5 6 16 27] [1 2 3] [1] [1 2 3 6 7 17] [1 2 3 4 5 7] [1 2 3 4 5 6] [1 2 5] [1 2 3 4 5 7 17] [1 2 3 4] [1 2] [1 2 3 4 5 6 7 16] [1 2 3 4 6] [1 2 3 4 5 6 7 17] [1 2 3 4 5 6 7 11] [1 2 3 5 6 7] [1 3] [1 2 3 4 5 6 7 16 17] [1 2 3 4 5 6 16] [1 2 3 5 16 17] [1 2 3 5 6 7 17] [1 2 3 4 5 6 7 17 27] [1 2 3 6] [1 2 3 5 7 17] [1 2 6] [1 2 3 5 6] [1 2 3 4 5 6 7 11 16] [1 2 3 5 7] [1 2 3 4 5 6 17 27 40] [1 2 3 6 7] [] [] [] [] [] [] [] [] [] [] [] [] [] [] [] [] [] [] [] [] [] [] [] [] [] [] []
202 [] [1 2 3 4 5 6 7] [1 2 3 4 5] [1 2 3 5] [1 2 3 4 5 6 16 27] [1 2 3] [1] [1 2 3 6 7 17] [1 2 3 4 5 7] [1 2 3 4 5 6] [1 2 5] [1 2 3 4 5 7 17] [1 2 3 4] [1 2] [1 2 3 4 5 6 7 16] [1 2 3 4 6] [1 2 3 4 5 6 7 17] [1 2 3 4 5 6 7 11] [1 2 3 5 6 7] [1 3] [1 2 3 4 5 6 7 16 17] [1 2 3 4 5 6 16] [1 2 3 5 16 17] [1 2 3 4 6 7] [1 2 3 5 6 7 17] [1 2 3 4 5 6 7 17 27] [1 2 3 6] [1 2 3 5 7 17] [1 2 6] [1 2 3 5 6] [1 2 3 4 5 6 7 11 16] [1 2 3 5 7] [1 2 3 4 5 6 17 27 40] [1 2 3 6 7] [] [] [] [] [] [] [] [] [] [] [] [] [] [] [] [] [] [] [] [] [] [] [] [] [] [] []
203 [] [1 2 3 5] [1 2 3 4 5 6 16 27] [1 2 3] [1 2 3 6 7 17] [1 2 3 4 5 6 7] [1 2 3 4 5 6] [1 2 5] [1 2 3 4 5 7 17] [1 2 3 4 5 7] [1 2 3 4] [1 2 3 4 5] [1] [1 2] [1 2 3 4 5 6 7 16] [1 2 3 4 6] [1 2 3 4 5 6 7 17] [1 2 3 4 5 6 7 11] [1 2 3 5 6 7] [1 3] [1 2 3 4 5 6 7 16 17] [1 2 3 4 5 6 16] [1 2 3 5 16 17] [1 2 3 4 6 7] [1 2 3 5 6 7 17] [1 2 3 4 5 6 7 17 27] [1 2 3 6] [1 2 3 5 7 17] [1 2 6] [1 2 3 5 6] [1 2 3 4 5 6 7 11 16] [1 2 3 5 7] [1 2 3 4 5 6 17 27 40] [1 2 3 6 7] [] [] [] [] [] [] [] [] [] [] [] [] [] [] [] [] [] [] [] [] [] [] [] [] [] [] []
204 [] [1 2 3 5] [1 2 3 4 5 6 16 27] [1 2 3] [1 2 3 6 7 17] [1 2 3 4 5 6 7] [1 2 3 4 5 6] [1 2 5] [1 2 3 4 5 7 17] [1 2 3 4 5 7] [1 2 3 4] [1 2 3 4 5] [1] [1 2] [1 2 3 4 5 6 7 16] [1 2 3 4 6] [1 2 3 4 5 6 7 17] [1 2 3 4 5 6 7 11] [1 2 3 5 6 7] [1 3] [1 2 3 4 5 6 7 16 17] [1 2 3 4 5 6 16] [1 2 3 5 16 17] [1 2 3 4 6 7] [1 2 3 5 6 7 17] [1 2 3 4 5 6 7 17 27] [1 2 3 6] [1 2 3 5 7 17] [1 2 6] [1 2 3 5 6] [1 2 3 4 5 6 7 11 16] [1 2 3 5 7] [1 2 3 4 5 6 17 27 40] [1 2 3 6 7] [] [] [] [] [] [] [] [] [] [] [] [] [] [] [] [] [] [] [] [] [] [] [] [] [] [] []
205 [] [1 2 3 4 5 6 16 27] [1 2 3] [1 2 3 6 7 17] [1 2 3 4 5 6 7] [1 2 3 4 5 6] [1 2 5] [1 2 3 4 5 7 17] [1 2 3 4 5 7] [1 2 3 4] [1 2 3 4 5] [1] [1 2] [1 2 3 4 5 6 7 16] [1 2 3 4 6] [1 2 3 4 5 6 7 17] [1 2 3 4 5 6 7 11] [1 2 3 5 6 7] [1 3] [1 2 3 4 5 6 7 16 17] [1 2 3 4 5 6 16] [1 2 3 5] [1 2 3 5 16 17] [1 2 3 4 6 7] [1 2 3 5 6 7 17] [1 2 3 4 5 6 7 17 27] [1 2 3 6] [1 2 3 5 7 17] [1 2 6] [1 2 3 5 6] [1 2 3 4 5 6 7 11 16] [1 2 3 5 7] [1 2 3 4 5 6 17 27 40] [1 2 3 6 7] [] [] [] [] [] [] [] [] [] [] [] [] [] [] [] [] [] [] [] [] [] [] [] [] [] [] []
206 [] [1 2 3 4 5 6 16 27] [1 2 3] [1 2 3 6 7 17] [1 2 3 4 5 6 7] [1 2 3 4 5 6] [1 2 5] [1 2 3 4 5 7 17] [1 2 3 4 5 7] [1 2 3 4] [1 2 3 4 5] [1] [1 2] [1 2 3 4 5 6 7 16] [1 2 3 4 6] [1 2 3 4 5 6 7 17] [1 2 3 4 5 6 7 11] [1 2 3 5 6 7] [1 3] [1 2 3 4 5 6 7 16 17] [1 2 3 4 5 6 16] [1 2 3 5] [1 2 3 5 16 17] [1 2 3 4 6 7] [1 2 3 5 6 7 17] [1 2 3 4 5 6 7 17 27] [1 2 3 6] [1 2 3 5 7 17] [1 2 6] [1 2 3 5 6] [1 2 3 4 5 6 7 11 16] [1 2 3 5 7] [1 2 3 4 5 6 17 27 40] [1 2 3 6 7] [] [] [] [] [] [] [] [] [] [] [] [] [] [] [] [] [] [] [] [] [] [] [] [] [] [] []
207 [] [1 2 3] [1 2 3 6 7 17] [1 2 3 4 5 6 7] [1 2 3 4 5 6] [1 2 5] [1 2 3 4 5 7 17] [1 2 3 4 5 7] [1 2 3 4] [1 2 3 4 5] [1] [1 2] [1 2 3 4 5 6 7 16] [1 2 3 4 6] [1 2 3 4 5 6 7 17] [1 2 3 4 5 6 7 11] [1 2 3 5 6 7] [1 3] [1 2 3 4 5 6 7 16 17] [1 2 3 4 5 6 16] [1 2 3 5] [1 2 3 5 16 17] [1 2 3 4 5 6 16 27] [1 2 3 4 6 7] [1 2 3 5 6 7 17] [1 2 3 4 5 6 7 17 27] [1 2 3 6] [1 2 3 5 7 17] [1 2 6] [1 2 3 5 6] [1 2 3 4 5 6 7 11 16] [1 2 3 5 7] [1 2 3 4 5 6 17 27 40] [1 2 3 6 7] [] [] [] [] [] [] [] [] [] [] [] [] [] [] [] [] [] [] [] [] [] [] [] [] [] [] []
208 [] [1 2 3 6 7 17] [1 2 3 4 5 6 7] [1 2 3 4 5 6] [1 2 5] [1 2 3 4 5 7 17] [1 2 3 4 5 7] [1 2 3 4] [1 2 3 4 5] [1] [1 2] [1 2 3 4 5 6 7 16] [1 2 3 4 6] [1 2 3 4 5 6 7 17] [1 2 3 4 5 6 7 11] [1 2 3 5 6 7] [1 2 3] [1 3] [1 2 3 4 5 6 7 16 17] [1 2 3 4 5 6 16] [1 2 3 5] [1 2 3 5 16 17] [1 2 3 4 5 6 16 27] [1 2 3 4 6 7] [1 2 3 5 6 7 17] [1 2 3 4 5 6 7 17 27] [1 2 3 6] [1 2 3 5 7 17] [1 2 6] [1 2 3 5 6] [1 2 3 4 5 6 7 11 16] [1 2 3 5 7] [1 2 3 4 5 6 17 27 40] [1 2 3 6 7] [] [] [] [] [] [] [] [] [] [] [] [] [] [] [] [] [] [] [] [] [] [] [] [] [] [] []
209 [] [1 2 3 6 7 17] [1 2 3 4 5 6 7] [1 2 3 4 5 6] [1 2 5] [1 2 3 4 5 7 17] [1 2 3 4 5 7] [1 2 3 4] [1 2 3 4 5] [1] [1 2] [1 2 3 4 5 6 7 16] [1 2 3 4 6] [1 2 3 4 5 6 7 17] [1 2 3 4 5 6 7 11] [1 2 3 5 6 7] [1 2 3] [1 3] [1 2 3 4 5 6 7 16 17] [1 2 3 4 5 6 16] [1 2 3 5] [1 2 3 5 16 17] [1 2 3 4 5 6 16 27] [1 2 3 4 6 7] [1 2 3 5 6 7 17] [1 2 3 4 5 6 7 17 27] [1 2 3 6] [1 2 3 5 7 17] [1 2 6] [1 2 3 5 6] [1 2 3 4 5 6 7 11 16] [1 2 3 5 7] [1 2 3 4 5 6 17 27 40] [1 2 3 6 7] [] [] [] [] [] [] [] [] [] [] [] [] [] [] [] [] [] [] [] [] [] [] [] [] [] [] []
210 [] [1 2 3 4 5 6 7] [1 2 3 4 5 6] [1 2 5] [1 2 3 4 5 7 17] [1 2 3 4 5 7] [1 2 3 4] [1 2 3 4 5] [1] [1 2] [1 2 3 4 5 6 7 16] [1 2 3 4 6] [1 2 3 4 5 6 7 17] [1 2 3 4 5 6 7 11] [1 2 3 5 6 7] [1 2 3] [1 3] [1 2 3 4 5 6 7 16 17] [1 2 3 4 5 6 16] [1 2 3 5] [1 2 3 5 16 17] [1 2 3 4 5 6 16 27] [1 2 3 4 6 7] [1 2 3 6 7 17] [1 2 3 5 6 7 17] [1 2 3 4 5 6 7 17 27] [1 2 3 6] [1 2 3 5 7 17] [1 2 6] [1 2 3 5 6] [1 2 3 4 5 6 7 11 16] [1 2 3 5 7] [1 2 3 4 5 6 17 27 40] [1 2 3 6 7] [] [] [] [] [] [] [] [] [] [] [] [] [] [] [] [] [] [] [] [] [] [] [] [] [] [] []
211 [] [1 2 5] [1 2 3 4 5 7 17] [1 2 3 4 5 7] [1 2 3 4] [1 2 3 4 5] [1] [1 2] [1 2 3 4 5 6] [1 2 3 4 5 6 7 16] [1 2 3 4 6] [1 2 3 4 5 6 7 17] [1 2 3 4 5 6 7] [1 2 3 4 5 6 7 11] [1 2 3 5 6 7] [1 2 3] [1 3] [1 2 3 4 5 6 7 16 17] [1 2 3 4 5 6 16] [1 2 3 5] [1 2 3 5 16 17] [1 2 3 4 5 6 16 27] [1 2 3 4 6 7] [1 2 3 6 7 17] [1 2 3 5 6 7 17] [1 2 3 4 5 6 7 17 27] [1 2 3 6] [1 2 3 5 7 17] [1 2 6] [1 2 3 5 6] [1 2 3 4 5 6 7 11 16] [1 2 3 5 7] [1 2 3 4 5 6 17 27 40] [1 2 3 6 7] [] [] [] [] [] [] [] [] [] [] [] [] [] [] [] [] [] [] [] [] [] [] [] [] [] [] []
212 [] [1 2 3 4 5 7 17] [1 2 3 4] [1 2 3 4 5 7] [1 2] [1 2 3 4 5] [1 2 3 4 5 6] [1 2 3 4 5 6 7 16] [1 2 3 4 6] [1 2 3 4 5 6 7 17] [1 2 3 4 5 6 7] [1 2 3 4 5 6 7 11] [1 2 3 5 6 7] [1] [1 2 3] [1 3] [1 2 3 4 5 6 7 16 17] [1 2 3 4 5 6 16] [1 2 3 5] [1 2 3 5 16 17] [1 2 3 4 5 6 16 27] [1 2 3 4 6 7] [1 2 3 6 7 17] [1 2 3 5 6 7 17] [1 2 3 4 5 6 7 17 27] [1 2 5] [1 2 3 6] [1 2 3 5 7 17] [1 2 6] [1 2 3 5 6] [1 2 3 4 5 6 7 11 16] [1 2 3 5 7] [1 2 3 4 5 6 17 27 40] [1 2 3 6 7] [] [] [] [] [] [] [] [] [] [] [] [] [] [] [] [] [] [] [] [] [] [] [] [] [] [] []
213 [] [1 2 3 4 5 7 17] [1 2 3 4] [1 2 3 4 5 7] [1 2] [1 2 3 4 5] [1 2 3 4 5 6] [1 2 3 4 5 6 7 16] [1 2 3 4 6] [1 2 3 4 5 6 7 17] [1 2 3 4 5 6 7] [1 2 3 4 5 6 7 11] [1 2 3 5 6 7] [1] [1 2 3] [1 3] [1 2 3 4 5 6 7 16 17] [1 2 3 4 5 6 16] [1 2 3 5] [1 2 3 5 16 17] [1 2 3 4 5 6 16 27] [1 2 3 4 6 7] [1 2 3 6 7 17] [1 2 3 5 6 7 17] [1 2 3 4 5 6 7 17 27] [1 2 5] [1 2 3 6] [1 2 3 5 7 17] [1 2 6] [1 2 3 5 6] [1 2 3 4 5 6 7 11 16] [1 2 3 5 7] [1 2 3 4 5 6 17 27 40] [1 2 3 6 7] [] [] [] [] [] [] [] [] [] [] [] [] [] [] [] [] [] [] [] [] [] [] [] [] [] [] []
214 [] [1 2 3 4] [1 2 3 4 5 7] [1 2] [1 2 3 4 5] [1 2 3 4 5 6] [1 2 3 4 5 6 7 16] [1 2 3 4 6] [1 2 3 4 5 6 7 17] [1 2 3 4 5 6 7] [1 2 3 4 5 7 17] [1 2 3 4 5 6 7 11] [1 2 3 5 6 7] [1] [1 2 3] [1 3] [1 2 3 4 5 6 7 16 17] [1 2 3 4 5 6 16] [1 2 3 5] [1 2 3 5 16 17] [1 2 3 4 5 6 16 27] [1 2 3 4 6 7] [1 2 3 6 7 17] [1 2 3 5 6 7 17] [1 2 3 4 5 6 7 17 27] [1 2 5] [1 2 3 6] [1 2 3 5 7 17] [1 2 6] [1 2 3 5 6] [1 2 3 4 5 6 7 11 16] [1 2 3 5 7] [1 2 3 4 5 6 17 27 40] [1 2 3 6 7] [] [] [] [] [] [] [] [] [] [] [] [] [] [] [] [] [] [] [] [] [] [] [] [] [] [] []
215 [] [1 2] [1 2 3 4 5] [1 2 3 4 5 6] [1 2 3 4 5 6 7 16] [1 2 3 4] [1 2 3 4 6] [1 2 3 4 5 6 7 17] [1 2 3 4 5 6 7] [1 2 3 4 5 7 17] [1 2 3 4 5 6 7 11] [1 2 3 5 6 7] [1] [1 2 3 4 5 7] [1 2 3] [1 3] [1 2 3 4 5 6 7 16 17] [1 2 3 4 5 6 16] [1 2 3 5] [1 2 3 5 16 17] [1 2 3 4 5 6 16 27] [1 2 3 4 6 7] [1 2 3 6 7 17] [1 2 3 5 6 7 17] [1 2 3 4 5 6 7 17 27] [1 2 5] [1 2 3 6] [1 2 3 5 7 17] [1 2 6] [1 2 3 5 6] [1 2 3 4 5 6 7 11 16] [1 2 3 5 7] [1 2 3 4 5 6 17 27 40] [1 2 3 6 7] [] [] [] [] [] [] [] [] [] [] [] [] [] [] [] [] [] [] [] [] [] [] [] [] [] [] []
216 [] [1 2 3 4 5] [1 2] [1 2 3 4 5 6 7 17] [1 2 3 4 5 6] [1 2 3 4 5 6 7] [1 2 3 4] [1 2 3 4 5 7 17] [1 2 3 4 5 6 7 11] [1 2 3 5 6 7] [1] [1 2 3 4 5 7] [1 2 3] [1 3] [1 2 3 4 6] [1 2 3 4 5 6 7 16 17] [1 2 3 4 5 6 16] [1 2 3 5] [1 2 3 5 16 17] [1 2 3 4 5 6 16 27] [1 2 3 4 6 7] [1 2 3 6 7 17] [1 2 3 5 6 7 17] [1 2 3 4 5 6 7 17 27] [1 2 5] [1 2 3 4 5 6 7 16] [1 2 3 6] [1 2 3 5 7 17] [1 2 6] [1 2 3 5 6] [1 2 3 4 5 6 7 11 16] [1 2 3 5 7] [1 2 3 4 5 6 17 27 40] [1 2 3 6 7] [] [] [] [] [] [] [] [] [] [] [] [] [] [] [] [] [] [] [] [] [] [] [] [] [] [] []
217 [] [1 2] [1 2 3 4 5 6 7 17] [1 2 3 4 5 6] [1 2 3 4 5 6 7] [1 2 3 4] [1 2 3 4 5 7 17] [1 2 3 4 5] [1 2 3 4 5 6 7 11] [1 2 3 5 6 7] [1] [1 2 3 4 5 7] [1 2 3] [1 3] [1 2 3 4 6] [1 2 3 4 5 6 7 16 17] [1 2 3 4 5 6 16] [1 2 3 5] [1 2 3 5 16 17] [1 2 3 4 5 6 16 27] [1 2 3 4 6 7] [1 2 3 6 7 17] [1 2 3 5 6 7 17] [1 2 3 4 5 6 7 17 27] [1 2 5] [1 2 3 4 5 6 7 16] [1 2 3 6] [1 2 3 5 7 17] [1 2 6] [1 2 3 5 6] [1 2 3 4 5 6 7 11 16] [1 2 3 5 7] [1 2 3 4 5 6 17 27 40] [1 2 3 6 7] [] [] [] [] [] [] [] [] [] [] [] [] [] [] [] [] [] [] [] [] [] [] [] [] [] [] []
218 [] [1 2 3 4 5 6 7 17] [1 2] [1 2 3 4 5 6] [1 2 3 4 5 6 7] [1 2 3 4] [1 2 3 4 5 7 17] [1 2 3 4 5] [1 2 3 4 5 6 7 11] [1 2 3 5 6 7] [1] [1 2 3 4 5 7] [1 2 3] [1 3] [1 2 3 4 6] [1 2 3 4 5 6 7 16 17] [1 2 3 4 5 6 16] [1 2 3 5] [1 2 3 5 16 17] [1 2 3 4 5 6 16 27] [1 2 3 4 6 7] [1 2 3 6 7 17] [1 2 3 5 6 7 17] [1 2 3 4 5 6 7 17 27] [1 2 5] [1 2 3 4 5 6 7 16] [1 2 3 6] [1 2 3 5 7 17] [1 2 6] [1 2 3 5 6] [1 2 3 4 5 6 7 11 16] [1 2 3 5 7] [1 2 3 4 5 6 17 27 40] [1 2 3 6 7] [] [] [] [] [] [] [] [] [] [] [] [] [] [] [] [] [] [] [] [] [] [] [] [] [] [] []
219 [] [1 2] [1 2 3 4 5 6] [1 2 3 4 5 6 7] [1 2 3 4] [1 2 3 4 5 7 17] [1 2 3 4 5] [1 2 3 4 5 6 7 11] [1 2 3 5 6 7] [1] [1 2 3 4 5 7] [1 2 3] [1 3] [1 2 3 4 6] [1 2 3 4 5 6 7 16 17] [1 2 3 4 5 6 16] [1 2 3 5] [1 2 3 5 16 17] [1 2 3 4 5 6 16 27] [1 2 3 4 6 7] [1 2 3 6 7 17] [1 2 3 5 6 7 17] [1 2 3 4 5 6 7 17 27] [1 2 5] [1 2 3 4 5 6 7 16] [1 2 3 6] [1 2 3 5 7 17] [1 2 6] [1 2 3 5 6] [1 2 3 4 5 6 7 11 16] [1 2 3 5 7] [1 2 3 4 5 6 17 27 40] [1 2 3 6 7] [1 2 3 4 5 6 7 17] [] [] [] [] [] [] [] [] [] [] [] [] [] [] [] [] [] [] [] [] [] [] [] [] [] [] []
220 [] [1 2 3 4 5 6 7] [1 2 3 4] [1 2 3 4 5 7 17] [1 2 3 4 5] [1 2 3 4 5 6 7 11] [1 2 3 5 6 7] [1 2] [1] [1 2 3] [1 2 3 4 5 7] [1 3] [1 2 3 4 6] [1 2 3 4 5 6] [1 2 3 4 5 6 7 16 17] [1 2 3 4 5 6 16] [1 2 3 5] [1 2 3 5 16 17] [1 2 3 4 5 6 16 27] [1 2 3 4 6 7] [1 2 3 6 7 17] [1 2 3 5 6 7 17] [1 2 3 4 5 6 7 17 27] [1 2 5] [1 2 3 4 5 6 7 16] [1 2 3 6] [1 2 3 5 7 17] [1 2 6] [1 2 3 5 6] [1 2 3 4 5 6 7 11 16] [1 2 3 5 7] [1 2 3 4 5 6 17 27 40] [1 2 3 6 7] [1 2 3 4 5 6 7 17] [] [] [] [] [] [] [] [] [] [] [] [] [] [] [] [] [] [] [] [] [] [] [] [] [] [] []
221 [] [1 2 3 4 5 7 17] [1 2 3 4 5] [1 2 3 4 5 6 7 11] [1 2 3 5 6 7] [1 2] [1] [1 2 3 4] [1 2 3] [1 2 3 4 5 6 7] [1 2 3 4 5 7] [1 3] [1 2 3 4 6] [1 2 3 4 5 6] [1 2 3 4 5 6 7 16 17] [1 2 3 4 5 6 16] [1 2 3 5] [1 2 3 5 16 17] [1 2 3 4 5 6 16 27] [1 2 3 4 6 7] [1 2 3 6 7 17] [1 2 3 5 6 7 17] [1 2 3 4 5 6 7 17 27] [1 2 5] [1 2 3 4 5 6 7 16] [1 2 3 6] [1 2 3 5 7 17] [1 2 6] [1 2 3 5 6] [1 2 3 4 5 6 7 11 16] [1 2 3 5 7] [1 2 3 4 5 6 17 27 40] [1 2 3 6 7] [1 2 3 4 5 6 7 17] [] [] [] [] [] [] [] [] [] [] [] [] [] [] [] [] [] [] [] [] [] [] [] [] [] [] []
222 [] [1 2 3 4 5 6 7 11] [1 2 3 5 6 7] [1 2] [1] [1 2 3 4] [1 2 3] [1 2 3 4 5 6 7] [1 2 3 4 5 7] [1 3] [1 2 3 4 5 7 17] [1 2 3 4 5] [1 2 3 4 6] [1 2 3 4 5 6] [1 2 3 4 5 6 7 16 17] [1 2 3 4 5 6 16] [1 2 3 5] [1 2 3 5 16 17] [1 2 3 4 5 6 16 27] [1 2 3 4 6 7] [1 2 3 6 7 17] [1 2 3 5 6 7 17] [1 2 3 4 5 6 7 17 27] [1 2 5] [1 2 3 4 5 6 7 16] [1 2 3 6] [1 2 3 5 7 17] [1 2 6] [1 2 3 5 6] [1 2 3 4 5 6 7 11 16] [1 2 3 5 7] [1 2 3 4 5 6 17 27 40] [1 2 3 6 7] [1 2 3 4 5 6 7 17] [] [] [] [] [] [] [] [] [] [] [] [] [] [] [] [] [] [] [] [] [] [] [] [] [] [] []
223 [] [1 2 3 5 6 7] [1 2] [1 2 3 4] [1 2 3] [1 2 3 4 5 6 7] [1 2 3 4 5 7] [1 3] [1 2 3 4 5 7 17] [1 2 3 4 5] [1 2 3 4 6] [1 2 3 4 5 6] [1 2 3 4 5 6 7 16 17] [1 2 3 4 5 6 16] [1 2 3 5] [1 2 3 5 16 17] [1] [1 2 3 4 5 6 16 27] [1 2 3 4 6 7] [1 2 3 6 7 17] [1 2 3 5 6 7 17] [1 2 3 4 5 6 7 17 27] [1 2 5] [1 2 3 4 5 6 7 16] [1 2 3 6] [1 2 3 5 7 17] [1 2 6] [1 2 3 5 6] [1 2 3 4 5 6 7 11 16] [1 2 3 5 7] [1 2 3 4 5 6 17 27 40] [1 2 3 6 7] [1 2 3 4 5 6 7 17] [] [] [] [] [] [] [] [] [] [] [] [] [] [] [] [] [] [] [] [] [] [] [] [] [] [] [] []
224 [] [1 2] [1 2 3 4] [1 2 3] [1 2 3 4 5 6 7] [1 2 3 4 5 7] [1 3] [1 2 3 4 5 7 17] [1 2 3 4 5] [1 2 3 4 6] [1 2 3 4 5 6] [1 2 3 4 5 6 7 16 17] [1 2 3 4 5 6 16] [1 2 3 5] [1 2 3 5 16 17] [1] [1 2 3 4 5 6 16 27] [1 2 3 5 6 7] [1 2 3 4 6 7] [1 2 3 6 7 17] [1 2 3 5 6 7 17] [1 2 3 4 5 6 7 17 27] [1 2 5] [1 2 3 4 5 6 7 16] [1 2 3 6] [1 2 3 5 7 17] [1 2 6] [1 2 3 5 6] [1 2 3 4 5 6 7 11 16] [1 2 3 5 7] [1 2 3 4 5 6 17 27 40] [1 2 3 6 7] [1 2 3 4 5 6 7 17] [] [] [] [] [] [] [] [] [] [] [] [] [] [] [] [] [] [] [] [] [] [] [] [] [] [] [] []
225 [] [1 2 3 4 5 7] [1 3] [1 2 3 4 5 7 17] [1 2 3 4] [1 2 3 4 6] [1 2] [1 2 3 4 5 6] [1 2 3] [1 2 3 4 5 6 7 16 17] [1 2 3 4 5 6 7] [1 2 3 4 5] [1 2 3 4 5 6 16] [1 2 3 5] [1 2 3 5 16 17] [1] [1 2 3 4 5 6 16 27] [1 2 3 5 6 7] [1 2 3 4 6 7] [1 2 3 6 7 17] [1 2 3 5 6 7 17] [1 2 3 4 5 6 7 17 27] [1 2 5] [1 2 3 4 5 6 7 16] [1 2 3 6] [1 2 3 5 7 17] [1 2 6] [1 2 3 5 6] [1 2 3 4 5 6 7 11 16] [1 2 3 5 7] [1 2 3 4 5 6 17 27 40] [1 2 3 6 7] [1 2 3 4 5 6 7 17] [] [] [] [] [] [] [] [] [] [] [] [] [] [] [] [] [] [] [] [] [] [] [] [] [] [] [] []
226 [] [1 2 3 4 5 7 17] [1 2 3 4 5 6 7] [1 2 3 4] [1 2 3 4 6] [1 2 3 4 5 6] [1 2 3] [1 2 3 4 5 7] [1 2 3 4 5 6 7 16 17] [1 2 3 4 5] [1 2 3 4 5 6 16] [1 2 3 5] [1 2 3 5 16 17] [1 2] [1] [1 2 3 4 5 6 16 27] [1 2 3 5 6 7] [1 3] [1 2 3 4 6 7] [1 2 3 6 7 17] [1 2 3 5 6 7 17] [1 2 3 4 5 6 7 17 27] [1 2 5] [1 2 3 4 5 6 7 16] [1 2 3 6] [1 2 3 5 7 17] [1 2 6] [1 2 3 5 6] [1 2 3 4 5 6 7 11 16] [1 2 3 5 7] [1 2 3 4 5 6 17 27 40] [1 2 3 6 7] [1 2 3 4 5 6 7 17] [] [] [] [] [] [] [] [] [] [] [] [] [] [] [] [] [] [] [] [] [] [] [] [] [] [] [] []
227 [] [1 2 3 4 5 6 7] [1 2 3 4] [1 2 3 4 6] [1 2 3 4 5 6] [1 2 3] [1 2 3 4 5 7] [1 2 3 4 5 6 7 16 17] [1 2 3 4 5] [1 2 3 4 5 6 16] [1 2 3 5] [1 2 3 5 16 17] [1 2] [1] [1 2 3 4 5 6 16 27] [1 2 3 5 6 7] [1 3] [1 2 3 4 6 7] [1 2 3 6 7 17] [1 2 3 5 6 7 17] [1 2 3 4 5 6 7 17 27] [1 2 3 4 5 7 17] [1 2 5] [1 2 3 4 5 6 7 16] [1 2 3 6] [1 2 3 5 7 17] [1 2 6] [1 2 3 5 6] [1 2 3 4 5 6 7 11 16] [1 2 3 5 7] [1 2 3 4 5 6 17 27 40] [1 2 3 6 7] [1 2 3 4 5 6 7 17] [] [] [] [] [] [] [] [] [] [] [] [] [] [] [] [] [] [] [] [] [] [] [] [] [] [] [] []
228 [] [1 2 3 4] [1 2 3 4 6] [1 2 3] [1 2 3 4 5 7] [1 2 3 4 5] [1 2 3 4 5 6 16] [1 2 3 4 5 6 7 16 17] [1 2 3 5] [1 2 3 5 16 17] [1 2] [1] [1 2 3 4 5 6 16 27] [1 2 3 4 5 6 7] [1 2 3 4 5 6] [1 2 3 5 6 7] [1 3] [1 2 3 4 6 7] [1 2 3 6 7 17] [1 2 3 5 6 7 17] [1 2 3 4 5 6 7 17 27] [1 2 3 4 5 7 17] [1 2 5] [1 2 3 4 5 6 7 16] [1 2 3 6] [1 2 3 5 7 17] [1 2 6] [1 2 3 5 6] [1 2 3 4 5 6 7 11 16] [1 2 3 5 7] [1 2 3 4 5 6 17 27 40] [1 2 3 6 7] [1 2 3 4 5 6 7 17] [] [] [] [] [] [] [] [] [] [] [] [] [] [] [] [] [] [] [] [] [] [] [] [] [] [] [] []
229 [] [1 2 3 4] [1 2 3 4 6] [1 2 3] [1 2 3 4 5 7] [1 2 3 4 5] [1 2 3 4 5 6 16] [1 2 3 4 5 6 7 16 17] [1 2 3 5] [1 2 3 5 16 17] [1 2] [1] [1 2 3 4 5 6 16 27] [1 2 3 4 5 6 7] [1 2 3 4 5 6] [1 2 3 5 6 7] [1 3] [1 2 3 4 6 7] [1 2 3 6 7 17] [1 2 3 5 6 7 17] [1 2 3 4 5 6 7 17 27] [1 2 3 4 5 7 17] [1 2 5] [1 2 3 4 5 6 7 16] [1 2 3 6] [1 2 3 5 7 17] [1 2 6] [1 2 3 5 6] [1 2 3 4 5 6 7 11 16] [1 2 3 5 7] [1 2 3 4 5 6 17 27 40] [1 2 3 6 7] [1 2 3 4 5 6 7 17] [] [] [] [] [] [] [] [] [] [] [] [] [] [] [] [] [] [] [] [] [] [] [] [] [] [] [] []
230 [] [1 2 3 4 6] [1 2 3] [1 2 3 4 5 7] [1 2 3 4] [1 2 3 4 5] [1 2 3 4 5 6 16] [1 2 3 4 5 6 7 16 17] [1 2 3 5] [1 2 3 5 16 17] [1 2] [1] [1 2 3 4 5 6 16 27] [1 2 3 4 5 6 7] [1 2 3 4 5 6] [1 2 3 5 6 7] [1 3] [1 2 3 4 6 7] [1 2 3 6 7 17] [1 2 3 5 6 7 17] [1 2 3 4 5 6 7 17 27] [1 2 3 4 5 7 17] [1 2 5] [1 2 3 4 5 6 7 16] [1 2 3 6] [1 2 3 5 7 17] [1 2 6] [1 2 3 5 6] [1 2 3 4 5 6 7 11 16] [1 2 3 5 7] [1 2 3 4 5 6 17 27 40] [1 2 3 6 7] [1 2 3 4 5 6 7 17] [] [] [] [] [] [] [] [] [] [] [] [] [] [] [] [] [] [] [] [] [] [] [] [] [] [] [] []
231 [] [1 2 3 4 6] [1 2 3] [1 2 3 4 5 7] [1 2 3 4] [1 2 3 4 5] [1 2 3 4 5 6 16] [1 2 3 4 5 6 7 16 17] [1 2 3 5] [1 2 3 5 16 17] [1 2] [1] [1 2 3 4 5 6 16 27] [1 2 3 4 5 6 7] [1 2 3 4 5 6] [1 2 3 5 6 7] [1 3] [1 2 3 4 6 7] [1 2 3 6 7 17] [1 2 3 5 6 7 17] [1 2 3 4 5 6 7 17 27] [1 2 3 4 5 7 17] [1 2 5] [1 2 3 4 5 6 7 16] [1 2 3 6] [1 2 3 5 7 17] [1 2 6] [1 2 3 5 6] [1 2 3 4 5 6 7 11 16] [1 2 3 5 7] [1 2 3 4 5 6 17 27 40] [1 2 3 6 7] [1 2 3 4 5 6 7 17] [] [] [] [] [] [] [] [] [] [] [] [] [] [] [] [] [] [] [] [] [] [] [] [] [] [] [] []
232 [] [1 2 3] [1 2 3 4 5 7] [1 2 3 4] [1 2 3 4 5] [1 2 3 4 5 6 16] [1 2 3 4 5 6 7 16 17] [1 2 3 5] [1 2 3 5 16 17] [1 2] [1] [1 2 3 4 5 6 16 27] [1 2 3 4 5 6 7] [1 2 3 4 5 6] [1 2 3 4 6] [1 2 3 5 6 7] [1 3] [1 2 3 4 6 7] [1 2 3 6 7 17] [1 2 3 5 6 7 17] [1 2 3 4 5 6 7 17 27] [1 2 3 4 5 7 17] [1 2 5] [1 2 3 4 5 6 7 16] [1 2 3 6] [1 2 3 5 7 17] [1 2 6] [1 2 3 5 6] [1 2 3 4 5 6 7 11 16] [1 2 3 5 7] [1 2 3 4 5 6 17 27 40] [1 2 3 6 7] [1 2 3 4 5 6 7 17] [] [] [] [] [] [] [] [] [] [] [] [] [] [] [] [] [] [] [] [] [] [] [] [] [] [] [] []
233 [] [1 2 3] [1 2 3 4 5 7] [1 2 3 4] [1 2 3 4 5] [1 2 3 4 5 6 16] [1 2 3 4 5 6 7 16 17] [1 2 3 5] [1 2 3 5 16 17] [1 2] [1] [1 2 3 4 5 6 16 27] [1 2 3 4 5 6 7] [1 2 3 4 5 6] [1 2 3 4 6] [1 2 3 5 6 7] [1 3] [1 2 3 4 6 7] [1 2 3 6 7 17] [1 2 3 5 6 7 17] [1 2 3 4 5 6 7 17 27] [1 2 3 4 5 7 17] [1 2 5] [1 2 3 4 5 6 7 16] [1 2 3 6] [1 2 3 5 7 17] [1 2 6] [1 2 3 5 6] [1 2 3 4 5 6 7 11 16] [1 2 3 5 7] [1 2 3 4 5 6 17 27 40] [1 2 3 6 7] [1 2 3 4 5 6 7 17] [] [] [] [] [] [] [] [] [] [] [] [] [] [] [] [] [] [] [] [] [] [] [] [] [] [] [] []
234 [] [1 2 3 4 5 7] [1 2 3] [1 2 3 4] [1 2 3 4 5] [1 2 3 4 5 6 16] [1 2 3 4 5 6 7 16 17] [1 2 3 5] [1 2 3 5 16 17] [1 2] [1] [1 2 3 4 5 6 16 27] [1 2 3 4 5 6 7] [1 2 3 4 5 6] [1 2 3 4 6] [1 2 3 5 6 7] [1 3] [1 2 3 4 6 7] [1 2 3 6 7 17] [1 2 3 5 6 7 17] [1 2 3 4 5 6 7 17 27] [1 2 3 4 5 7 17] [1 2 5] [1 2 3 4 5 6 7 16] [1 2 3 6] [1 2 3 5 7 17] [1 2 6] [1 2 3 5 6] [1 2 3 4 5 6 7 11 16] [1 2 3 5 7] [1 2 3 4 5 6 17 27 40] [1 2 3 6 7] [1 2 3 4 5 6 7 17] [] [] [] [] [] [] [] [] [] [] [] [] [] [] [] [] [] [] [] [] [] [] [] [] [] [] [] []
235 [] [1 2 3] [1 2 3 5] [1 2 3 4 5 7] [1 2 3 5 16 17] [1 2 3 4 5 6 7 16 17] [1 2 3 4] [1 2] [1] [1 2 3 4 5 6 16 27] [1 2 3 4 5 6 7] [1 2 3 4 5] [1 2 3 4 5 6] [1 2 3 4 6] [1 2 3 5 6 7] [1 3] [1 2 3 4 6 7] [1 2 3 6 7 17] [1 2 3 5 6 7 17] [1 2 3 4 5 6 16] [1 2 3 4 5 6 7 17 27] [1 2 3 4 5 7 17] [1 2 5] [1 2 3 4 5 6 7 16] [1 2 3 6] [1 2 3 5 7 17] [1 2 6] [1 2 3 5 6] [1 2 3 4 5 6 7 11 16] [1 2 3 5 7] [1 2 3 4 5 6 17 27 40] [1 2 3 6 7] [1 2 3 4 5 6 7 17] [] [] [] [] [] [] [] [] [] [] [] [] [] [] [] [] [] [] [] [] [] [] [] [] [] [] [] []
236 [] [1 2 3 5] [1 2 3 4 5 7] [1 2 3 5 16 17] [1 2 3] [1 2 3 4 5 6 7 16 17] [1 2 3 4] [1 2] [1] [1 2 3 4 5 6 16 27] [1 2 3 4 5 6 7] [1 2 3 4 5] [1 2 3 4 5 6] [1 2 3 4 6] [1 2 3 5 6 7] [1 3] [1 2 3 4 6 7] [1 2 3 6 7 17] [1 2 3 5 6 7 17] [1 2 3 4 5 6 16] [1 2 3 4 5 6 7 17 27] [1 2 3 4 5 7 17] [1 2 5] [1 2 3 4 5 6 7 16] [1 2 3 6] [1 2 3 5 7 17] [1 2 6] [1 2 3 5 6] [1 2 3 4 5 6 7 11 16] [1 2 3 5 7] [1 2 3 4 5 6 17 27 40] [1 2 3 6 7] [1 2 3 4 5 6 7 17] [] [] [] [] [] [] [] [] [] [] [] [] [] [] [] [] [] [] [] [] [] [] [] [] [] [] [] []
237 [] [1 2] [1 2 3 4 5 7] [1] [1 2 3 4 5 6 16 27] [1 2 3 4 5 6 7] [1 2 3 4 5] [1 2 3 4 5 6] [1 2 3 4 6] [1 2 3 4] [1 2 3 5] [1 2 3 5 6 7] [1 2 3] [1 3] [1 2 3 4 6 7] [1 2 3 6 7 17] [1 2 3 5 6 7 17] [1 2 3 4 5 6 16] [1 2 3 4 5 6 7 17 27] [1 2 3 4 5 7 17] [1 2 5] [1 2 3 4 5 6 7 16] [1 2 3 6] [1 2 3 5 7 17] [1 2 6] [1 2 3 5 6] [1 2 3 4 5 6 7 16 17] [1 2 3 4 5 6 7 11 16] [1 2 3 5 16 17] [1 2 3 5 7] [1 2 3 4 5 6 17 27 40] [1 2 3 6 7] [1 2 3 4 5 6 7 17] [] [] [] [] [] [] [] [] [] [] [] [] [] [] [] [] [] [] [] [] [] [] [] [] [] [] [] []
238 [] [1 2 3 4 5 7] [1 2 3 4 5 6 16 27] [1 2 3 4 5 6 7] [1 2 3 4 5] [1 2 3 4 5 6] [1 2 3 4 6] [1 2 3 4] [1 2] [1 2 3 5] [1 2 3 5 6 7] [1 2 3] [1] [1 3] [1 2 3 4 6 7] [1 2 3 6 7 17] [1 2 3 5 6 7 17] [1 2 3 4 5 6 16] [1 2 3 4 5 6 7 17 27] [1 2 3 4 5 7 17] [1 2 5] [1 2 3 4 5 6 7 16] [1 2 3 6] [1 2 3 5 7 17] [1 2 6] [1 2 3 5 6] [1 2 3 4 5 6 7 16 17] [1 2 3 4 5 6 7 11 16] [1 2 3 5 16 17] [1 2 3 5 7] [1 2 3 4 5 6 17 27 40] [1 2 3 6 7] [1 2 3 4 5 6 7 17] [] [] [] [] [] [] [] [] [] [] [] [] [] [] [] [] [] [] [] [] [] [] [] [] [] [] [] []
239 [] [1 2 3 4 5 7] [1 2 3 4 5 6 16 27] [1 2 3 4 5 6 7] [1 2 3 4 5] [1 2 3 4 5 6] [1 2 3 4 6] [1 2 3 4] [1 2] [1 2 3 5] [1 2 3 5 6 7] [1 2 3] [1] [1 3] [1 2 3 4 6 7] [1 2 3 6 7 17] [1 2 3 5 6 7 17] [1 2 3 4 5 6 16] [1 2 3 4 5 6 7 17 27] [1 2 3 4 5 7 17] [1 2 5] [1 2 3 4 5 6 7 16] [1 2 3 6] [1 2 3 5 7 17] [1 2 6] [1 2 3 5 6] [1 2 3 4 5 6 7 16 17] [1 2 3 4 5 6 7 11 16] [1 2 3 5 16 17] [1 2 3 5 7] [1 2 3 4 5 6 17 27 40] [1 2 3 6 7] [1 2 3 4 5 6 7 17] [] [] [] [] [] [] [] [] [] [] [] [] [] [] [] [] [] [] [] [] [] [] [] [] [] [] [] []
240 [] [1 2 3 4 5 6 16 27] [1 2 3 4 5 6 7] [1 2 3 4 5] [1 2 3 4 5 6] [1 2 3 4 5 7] [1 2 3 4 6] [1 2 3 4] [1 2] [1 2 3 5] [1 2 3 5 6 7] [1 2 3] [1] [1 3] [1 2 3 4 6 7] [1 2 3 6 7 17] [1 2 3 5 6 7 17] [1 2 3 4 5 6 16] [1 2 3 4 5 6 7 17 27] [1 2 3 4 5 7 17] [1 2 5] [1 2 3 4 5 6 7 16] [1 2 3 6] [1 2 3 5 7 17] [1 2 6] [1 2 3 5 6] [1 2 3 4 5 6 7 16 17] [1 2 3 4 5 6 7 11 16] [1 2 3 5 16 17] [1 2 3 5 7] [1 2 3 4 5 6 17 27 40] [1 2 3 6 7] [1 2 3 4 5 6 7 17] [] [] [] [] [] [] [] [] [] [] [] [] [] [] [] [] [] [] [] [] [] [] [] [] [] [] [] []
241 [] [1 2 3 4 5 6 16 27] [1 2 3 4 6] [1 2 3 4 5 6 7] [1 2 3 4 5] [1 2 3 4 5 6] [1 2 3 4 5 7] [1 2 3 4] [1 2] [1 2 3 5] [1 2 3 5 6 7] [1 2 3] [1] [1 3] [1 2 3 4 6 7] [1 2 3 6 7 17] [1 2 3 5 6 7 17] [1 2 3 4 5 6 16] [1 2 3 4 5 6 7 17 27] [1 2 3 4 5 7 17] [1 2 5] [1 2 3 4 5 6 7 16] [1 2 3 6] [1 2 3 5 7 17] [1 2 6] [1 2 3 5 6] [1 2 3 4 5 6 7 16 17] [1 2 3 4 5 6 7 11 16] [1 2 3 5 16 17] [1 2 3 5 7] [1 2 3 4 5 6 17 27 40] [1 2 3 6 7] [1 2 3 4 5 6 7 17] [] [] [] [] [] [] [] [] [] [] [] [] [] [] [] [] [] [] [] [] [] [] [] [] [] [] [] []
242 [] [1 2 3 4 6] [1 2 3 4 5 6 7] [1 2 3 4 5] [1 2 3 4 5 6] [1 2 3 4 5 7] [1 2 3] [1 2 3 4] [1 2] [1 2 3 5] [1 2 3 5 6 7] [1] [1 3] [1 2 3 4 6 7] [1 2 3 6 7 17] [1 2 3 5 6 7 17] [1 2 3 4 5 6 16] [1 2 3 4 5 6 7 17 27] [1 2 3 4 5 7 17] [1 2 5] [1 2 3 4 5 6 7 16] [1 2 3 6] [1 2 3 5 7 17] [1 2 6] [1 2 3 5 6] [1 2 3 4 5 6 7 16 17] [1 2 3 4 5 6 16 27] [1 2 3 4 5 6 7 11 16] [1 2 3 5 16 17] [1 2 3 5 7] [1 2 3 4 5 6 17 27 40] [1 2 3 6 7] [1 2 3 4 5 6 7 17] [] [] [] [] [] [] [] [] [] [] [] [] [] [] [] [] [] [] [] [] [] [] [] [] [] [] [] []
243 [] [1 2 3 4 5 6 7] [1 2 3 4 5] [1 2 3 4 5 6] [1 2 3] [1 2 3 4 6] [1 2 3 4] [1 2 3 4 5 7] [1 2] [1 2 3 5] [1 2 3 5 6 7] [1] [1 3] [1 2 3 4 6 7] [1 2 3 6 7 17] [1 2 3 5 6 7 17] [1 2 3 4 5 6 16] [1 2 3 4 5 6 7 17 27] [1 2 3 4 5 7 17] [1 2 5] [1 2 3 4 5 6 7 16] [1 2 3 6] [1 2 3 5 7 17] [1 2 6] [1 2 3 5 6] [1 2 3 4 5 6 7 16 17] [1 2 3 4 5 6 16 27] [1 2 3 4 5 6 7 11 16] [1 2 3 5 16 17] [1 2 3 5 7] [1 2 3 4 5 6 17 27 40] [1 2 3 6 7] [1 2 3 4 5 6 7 17] [] [] [] [] [] [] [] [] [] [] [] [] [] [] [] [] [] [] [] [] [] [] [] [] [] [] [] []
244 [] [1 2 3 4 5] [1 2 3 4 5 6 7] [1 2 3 4 5 6] [1 2 3] [1 2 3 4 6] [1 2 3 4] [1 2 3 4 5 7] [1 2] [1 2 3 5] [1 2 3 5 6 7] [1] [1 3] [1 2 3 4 6 7] [1 2 3 6 7 17] [1 2 3 5 6 7 17] [1 2 3 4 5 6 16] [1 2 3 4 5 6 7 17 27] [1 2 3 4 5 7 17] [1 2 5] [1 2 3 4 5 6 7 16] [1 2 3 6] [1 2 3 5 7 17] [1 2 6] [1 2 3 5 6] [1 2 3 4 5 6 7 16 17] [1 2 3 4 5 6 16 27] [1 2 3 4 5 6 7 11 16] [1 2 3 5 16 17] [1 2 3 5 7] [1 2 3 4 5 6 17 27 40] [1 2 3 6 7] [1 2 3 4 5 6 7 17] [] [] [] [] [] [] [] [] [] [] [] [] [] [] [] [] [] [] [] [] [] [] [] [] [] [] [] []
245 [] [1 2 3 4 5 6 7] [1 2 3 4 5 6] [1 2 3] [1 2 3 4 6] [1 2 3 4 5] [1 2 3 4] [1 2 3 4 5 7] [1 2] [1 2 3 5] [1 2 3 5 6 7] [1] [1 3] [1 2 3 4 6 7] [1 2 3 6 7 17] [1 2 3 5 6 7 17] [1 2 3 4 5 6 16] [1 2 3 4 5 6 7 17 27] [1 2 3 4 5 7 17] [1 2 5] [1 2 3 4 5 6 7 16] [1 2 3 6] [1 2 3 5 7 17] [1 2 6] [1 2 3 5 6] [1 2 3 4 5 6 7 16 17] [1 2 3 4 5 6 16 27] [1 2 3 4 5 6 7 11 16] [1 2 3 5 16 17] [1 2 3 5 7] [1 2 3 4 5 6 17 27 40] [1 2 3 6 7] [1 2 3 4 5 6 7 17] [] [] [] [] [] [] [] [] [] [] [] [] [] [] [] [] [] [] [] [] [] [] [] [] [] [] [] []
246 [] [1 2 3 4 5 6 7] [1 2 3 4 5 6] [1 2 3] [1 2 3 4 6] [1 2 3 4 5] [1 2 3 4] [1 2 3 4 5 7] [1 2] [1 2 3 5] [1 2 3 5 6 7] [1] [1 3] [1 2 3 4 6 7] [1 2 3 6 7 17] [1 2 3 5 6 7 17] [1 2 3 4 5 6 16] [1 2 3 4 5 6 7 17 27] [1 2 3 4 5 7 17] [1 2 5] [1 2 3 4 5 6 7 16] [1 2 3 6] [1 2 3 5 7 17] [1 2 6] [1 2 3 5 6] [1 2 3 4 5 6 7 16 17] [1 2 3 4 5 6 16 27] [1 2 3 4 5 6 7 11 16] [1 2 3 5 16 17] [1 2 3 5 7] [1 2 3 4 5 6 17 27 40] [1 2 3 6 7] [1 2 3 4 5 6 7 17] [] [] [] [] [] [] [] [] [] [] [] [] [] [] [] [] [] [] [] [] [] [] [] [] [] [] [] []
247 [] [1 2 3 4 5 6] [1 2 3] [1 2 3 4 6] [1 2 3 4 5] [1 2 3 4] [1 2 3 4 5 7] [1 2] [1 2 3 5] [1 2 3 5 6 7] [1] [1 3] [1 2 3 4 6 7] [1 2 3 6 7 17] [1 2 3 5 6 7 17] [1 2 3 4 5 6 16] [1 2 3 4 5 6 7 17 27] [1 2 3 4 5 6 7] [1 2 3 4 5 7 17] [1 2 5] [1 2 3 4 5 6 7 16] [1 2 3 6] [1 2 3 5 7 17] [1 2 6] [1 2 3 5 6] [1 2 3 4 5 6 7 16 17] [1 2 3 4 5 6 16 27] [1 2 3 4 5 6 7 11 16] [1 2 3 5 16 17] [1 2 3 5 7] [1 2 3 4 5 6 17 27 40] [1 2 3 6 7] [1 2 3 4 5 6 7 17] [] [] [] [] [] [] [] [] [] [] [] [] [] [] [] [] [] [] [] [] [] [] [] [] [] [] [] []
248 [] [1 2 3] [1 2 3 4 6] [1 2 3 4 6 7] [1 2 3 4 5 6] [1 2 3 4 5] [1 2 3 4] [1 2 3 4 5 7] [1 2] [1 2 3 5] [1 2 3 5 6 7] [1] [1 3] [1 2 3 6 7 17] [1 2 3 5 6 7 17] [1 2 3 4 5 6 16] [1 2 3 4 5 6 7 17 27] [1 2 3 4 5 6 7] [1 2 3 4 5 7 17] [1 2 5] [1 2 3 4 5 6 7 16] [1 2 3 6] [1 2 3 5 7 17] [1 2 6] [1 2 3 5 6] [1 2 3 4 5 6 7 16 17] [1 2 3 4 5 6 16 27] [1 2 3 4 5 6 7 11 16] [1 2 3 5 16 17] [1 2 3 5 7] [1 2 3 4 5 6 17 27 40] [1 2 3 6 7] [1 2 3 4 5 6 7 17] [] [] [] [] [] [] [] [] [] [] [] [] [] [] [] [] [] [] [] [] [] [] [] [] [] [] [] []
249 [] [1 2 3 4 6 7] [1 2 3 4 5 6] [1 2 3 4 5] [1 2 3 4] [1 2 3 4 5 7] [1 2] [1 2 3 5] [1 2 3 5 6 7] [1 2 3] [1] [1 3] [1 2 3 6 7 17] [1 2 3 5 6 7 17] [1 2 3 4 5 6 16] [1 2 3 4 5 6 7 17 27] [1 2 3 4 5 6 7] [1 2 3 4 5 7 17] [1 2 5] [1 2 3 4 5 6 7 16] [1 2 3 6] [1 2 3 4 6] [1 2 3 5 7 17] [1 2 6] [1 2 3 5 6] [1 2 3 4 5 6 7 16 17] [1 2 3 4 5 6 16 27] [1 2 3 4 5 6 7 11 16] [1 2 3 5 16 17] [1 2 3 5 7] [1 2 3 4 5 6 17 27 40] [1 2 3 6 7] [1 2 3 4 5 6 7 17] [] [] [] [] [] [] [] [] [] [] [] [] [] [] [] [] [] [] [] [] [] [] [] [] [] [] [] []
250 [] [1 2 3 4 5] [1 2 3 4] [1 2 3 4 5 6] [1 2 3 4 5 7] [1 2] [1 2 3 5] [1 2 3 5 6 7] [1 2 3] [1] [1 3] [1 2 3 4 6 7] [1 2 3 6 7 17] [1 2 3 5 6 7 17] [1 2 3 4 5 6 16] [1 2 3 4 5 6 7 17 27] [1 2 3 4 5 6 7] [1 2 3 4 5 7 17] [1 2 5] [1 2 3 4 5 6 7 16] [1 2 3 6] [1 2 3 4 6] [1 2 3 5 7 17] [1 2 6] [1 2 3 5 6] [1 2 3 4 5 6 7 16 17] [1 2 3 4 5 6 16 27] [1 2 3 4 5 6 7 11 16] [1 2 3 5 16 17] [1 2 3 5 7] [1 2 3 4 5 6 17 27 40] [1 2 3 6 7] [1 2 3 4 5 6 7 17] [] [] [] [] [] [] [] [] [] [] [] [] [] [] [] [] [] [] [] [] [] [] [] [] [] [] [] []
251 [] [1 2 3 4] [1 2 3 4 5 7] [1 2] [1 2 3 5] [1 2 3 5 6 7] [1 2 3 4 5 6] [1 2 3] [1] [1 2 3 4 5] [1 3] [1 2 3 4 6 7] [1 2 3 6 7 17] [1 2 3 5 6 7 17] [1 2 3 4 5 6 16] [1 2 3 4 5 6 7 17 27] [1 2 3 4 5 6 7] [1 2 3 4 5 7 17] [1 2 5] [1 2 3 4 5 6 7 16] [1 2 3 6] [1 2 3 4 6] [1 2 3 5 7 17] [1 2 6] [1 2 3 5 6] [1 2 3 4 5 6 7 16 17] [1 2 3 4 5 6 16 27] [1 2 3 4 5 6 7 11 16] [1 2 3 5 16 17] [1 2 3 5 7] [1 2 3 4 5 6 17 27 40] [1 2 3 6 7] [1 2 3 4 5 6 7 17] [] [] [] [] [] [] [] [] [] [] [] [] [] [] [] [] [] [] [] [] [] [] [] [] [] [] [] []
252 [] [1 2 3 4 5 7] [1 2] [1 2 3 5] [1 2 3 5 6 7] [1 2 3 4 5 6] [1 2 3] [1] [1 2 3 4] [1 2 3 4 5] [1 3] [1 2 3 4 6 7] [1 2 3 6 7 17] [1 2 3 5 6 7 17] [1 2 3 4 5 6 16] [1 2 3 4 5 6 7 17 27] [1 2 3 4 5 6 7] [1 2 3 4 5 7 17] [1 2 5] [1 2 3 4 5 6 7 16] [1 2 3 6] [1 2 3 4 6] [1 2 3 5 7 17] [1 2 6] [1 2 3 5 6] [1 2 3 4 5 6 7 16 17] [1 2 3 4 5 6 16 27] [1 2 3 4 5 6 7 11 16] [1 2 3 5 16 17] [1 2 3 5 7] [1 2 3 4 5 6 17 27 40] [1 2 3 6 7] [1 2 3 4 5 6 7 17] [] [] [] [] [] [] [] [] [] [] [] [] [] [] [] [] [] [] [] [] [] [] [] [] [] [] [] []
253 [] [1 2 3 4 5 7] [1 2 3 5 6 7] [1 2 3 4 5 6] [1] [1 2 3 4] [1 2 3 4 5] [1 2] [1 3] [1 2 3] [1 2 3 6 7 17] [1 2 3 5 6 7 17] [1 2 3 4 5 6 16] [1 2 3 4 5 6 7 17 27] [1 2 3 4 5 6 7] [1 2 3 4 5 7 17] [1 2 5] [1 2 3 4 5 6 7 16] [1 2 3 6] [1 2 3 4 6 7] [1 2 3 4 6] [1 2 3 5 7 17] [1 2 6] [1 2 3 5] [1 2 3 5 6] [1 2 3 4 5 6 7 16 17] [1 2 3 4 5 6 16 27] [1 2 3 4 5 6 7 11 16] [1 2 3 5 16 17] [1 2 3 5 7] [1 2 3 4 5 6 17 27 40] [1 2 3 6 7] [1 2 3 4 5 6 7 17] [] [] [] [] [] [] [] [] [] [] [] [] [] [] [] [] [] [] [] [] [] [] [] [] [] [] [] []
254 [] [1 2 3 4 5 7] [1 2 3 5 6 7] [1 2 3 4 5 6] [1] [1 2 3 4] [1 2 3 4 5] [1 2] [1 3] [1 2 3] [1 2 3 6 7 17] [1 2 3 5 6 7 17] [1 2 3 4 5 6 16] [1 2 3 4 5 6 7 17 27] [1 2 3 4 5 6 7] [1 2 3 4 5 7 17] [1 2 5] [1 2 3 4 5 6 7 16] [1 2 3 6] [1 2 3 4 6 7] [1 2 3 4 6] [1 2 3 5 7 17] [1 2 6] [1 2 3 5] [1 2 3 5 6] [1 2 3 4 5 6 7 16 17] [1 2 3 4 5 6 16 27] [1 2 3 4 5 6 7 11 16] [1 2 3 5 16 17] [1 2 3 5 7] [1 2 3 4 5 6 17 27 40] [1 2 3 6 7] [1 2 3 4 5 6 7 17] [] [] [] [] [] [] [] [] [] [] [] [] [] [] [] [] [] [] [] [] [] [] [] [] [] [] [] []
255 [] [1 2 3 4 5 7] [1 2 3 5 6 7] [1 2 3 4 5 6] [1] [1 2 3 4] [1 2 3 4 5] [1 2] [1 3] [1 2 3] [1 2 3 6 7 17] [1 2 3 5 6 7 17] [1 2 3 4 5 6 16] [1 2 3 4 5 6 7 17 27] [1 2 3 4 5 6 7] [1 2 3 4 5 7 17] [1 2 5] [1 2 3 4 5 6 7 16] [1 2 3 6] [1 2 3 4 6 7] [1 2 3 4 6] [1 2 3 5 7 17] [1 2 6] [1 2 3 5] [1 2 3 5 6] [1 2 3 4 5 6 7 16 17] [1 2 3 4 5 6 16 27] [1 2 3 4 5 6 7 11 16] [1 2 3 5 16 17] [1 2 3 5 7] [1 2 3 4 5 6 17 27 40] [1 2 3 6 7] [1 2 3 4 5 6 7 17] [] [] [] [] [] [] [] [] [] [] [] [] [] [] [] [] [] [] [] [] [] [] [] [] [] [] [] []
256 [] [1 2 3 4 5 6] [1] [1 2 3 4] [1 2 3 4 5] [1 2] [1 3] [1 2 3] [1 2 3 6 7 17] [1 2 3 5 6 7 17] [1 2 3 4 5 6 16] [1 2 3 4 5 6 7 17 27] [1 2 3 4 5 6 7] [1 2 3 4 5 7] [1 2 3 4 5 7 17] [1 2 5] [1 2 3 4 5 6 7 16] [1 2 3 6] [1 2 3 4 6 7] [1 2 3 4 6] [1 2 3 5 7 17] [1 2 6] [1 2 3 5] [1 2 3 5 6] [1 2 3 4 5 6 7 16 17] [1 2 3 4 5 6 16 27] [1 2 3 4 5 6 7 11 16] [1 2 3 5 16 17] [1 2 3 5 7] [1 2 3 4 5 6 17 27 40] [1 2 3 6 7] [1 2 3 4 5 6 7 17] [] [] [] [] [] [] [] [] [] [] [] [] [] [] [] [] [] [] [] [] [] [] [] [] [] [] [] [] []
257 [] [1 2 3 4] [1 2 3 4 5] [1 3] [1] [1 2] [1 2 3] [1 2 3 6 7 17] [1 2 3 5 6 7 17] [1 2 3 4 5 6] [1 2 3 4 5 6 16] [1 2 3 4 5 6 7 17 27] [1 2 3 4 5 6 7] [1 2 3 4 5 7] [1 2 3 4 5 7 17] [1 2 5] [1 2 3 4 5 6 7 16] [1 2 3 6] [1 2 3 4 6 7] [1 2 3 4 6] [1 2 3 5 7 17] [1 2 6] [1 2 3 5] [1 2 3 5 6] [1 2 3 4 5 6 7 16 17] [1 2 3 4 5 6 16 27] [1 2 3 4 5 6 7 11 16] [1 2 3 5 16 17] [1 2 3 5 7] [1 2 3 4 5 6 17 27 40] [1 2 3 6 7] [1 2 3 4 5 6 7 17] [] [] [] [] [] [] [] [] [] [] [] [] [] [] [] [] [] [] [] [] [] [] [] [] [] [] [] [] []
258 [] [1 2 3 4 5] [1 2 3 4] [1 3] [1] [1 2] [1 2 3] [1 2 3 6 7 17] [1 2 3 5 6 7 17] [1 2 3 4 5 6] [1 2 3 4 5 6 16] [1 2 3 4 5 6 7 17 27] [1 2 3 4 5 6 7] [1 2 3 4 5 7] [1 2 3 4 5 7 17] [1 2 5] [1 2 3 4 5 6 7 16] [1 2 3 6] [1 2 3 4 6 7] [1 2 3 4 6] [1 2 3 5 7 17] [1 2 6] [1 2 3 5] [1 2 3 5 6] [1 2 3 4 5 6 7 16 17] [1 2 3 4 5 6 16 27] [1 2 3 4 5 6 7 11 16] [1 2 3 5 16 17] [1 2 3 5 7] [1 2 3 4 5 6 17 27 40] [1 2 3 6 7] [1 2 3 4 5 6 7 17] [] [] [] [] [] [] [] [] [] [] [] [] [] [] [] [] [] [] [] [] [] [] [] [] [] [] [] [] []
259 [] [1 2 3 4] [1 2] [1 2 3 4 5] [1 2 3] [1 2 3 6 7 17] [1 2 3 5 6 7 17] [1 2 3 4 5 6] [1] [1 2 3 4 5 6 16] [1 3] [1 2 3 4 5 6 7 17 27] [1 2 3 4 5 6 7] [1 2 3 4 5 7] [1 2 3 4 5 7 17] [1 2 5] [1 2 3 4 5 6 7 16] [1 2 3 6] [1 2 3 4 6 7] [1 2 3 4 6] [1 2 3 5 7 17] [1 2 6] [1 2 3 5] [1 2 3 5 6] [1 2 3 4 5 6 7 16 17] [1 2 3 4 5 6 16 27] [1 2 3 4 5 6 7 11 16] [1 2 3 5 16 17] [1 2 3 5 7] [1 2 3 4 5 6 17 27 40] [1 2 3 6 7] [1 2 3 4 5 6 7 17] [] [] [] [] [] [] [] [] [] [] [] [] [] [] [] [] [] [] [] [] [] [] [] [] [] [] [] [] []
260 [] [1 2] [1 2 3 4] [1 2 3 4 5] [1 2 3] [1 2 3 6 7 17] [1 2 3 5 6 7 17] [1 2 3 4 5 6] [1] [1 2 3 4 5 6 16] [1 3] [1 2 3 4 5 6 7 17 27] [1 2 3 4 5 6 7] [1 2 3 4 5 7] [1 2 3 4 5 7 17] [1 2 5] [1 2 3 4 5 6 7 16] [1 2 3 6] [1 2 3 4 6 7] [1 2 3 4 6] [1 2 3 5 7 17] [1 2 6] [1 2 3 5] [1 2 3 5 6] [1 2 3 4 5 6 7 16 17] [1 2 3 4 5 6 16 27] [1 2 3 4 5 6 7 11 16] [1 2 3 5 16 17] [1 2 3 5 7] [1 2 3 4 5 6 17 27 40] [1 2 3 6 7] [1 2 3 4 5 6 7 17] [] [] [] [] [] [] [] [] [] [] [] [] [] [] [] [] [] [] [] [] [] [] [] [] [] [] [] [] []
261 [] [1 2 3 4] [1 2 3 4 5] [1 2] [1 2 3] [1 2 3 6 7 17] [1 2 3 5 6 7 17] [1 2 3 4 5 6] [1] [1 2 3 4 5 6 16] [1 3] [1 2 3 4 5 6 7 17 27] [1 2 3 4 5 6 7] [1 2 3 4 5 7] [1 2 3 4 5 7 17] [1 2 5] [1 2 3 4 5 6 7 16] [1 2 3 6] [1 2 3 4 6 7] [1 2 3 4 6] [1 2 3 5 7 17] [1 2 6] [1 2 3 5] [1 2 3 5 6] [1 2 3 4 5 6 7 16 17] [1 2 3 4 5 6 16 27] [1 2 3 4 5 6 7 11 16] [1 2 3 5 16 17] [1 2 3 5 7] [1 2 3 4 5 6 17 27 40] [1 2 3 6 7] [1 2 3 4 5 6 7 17] [] [] [] [] [] [] [] [] [] [] [] [] [] [] [] [] [] [] [] [] [] [] [] [] [] [] [] [] []
262 [] [1 2 3 4] [1 2 3 5] [1 2] [1 2 3] [1 2 3 6 7 17] [1 2 3 5 6 7 17] [1 2 3 4 5 6] [1] [1 2 3 4 5] [1 2 3 4 5 6 16] [1 3] [1 2 3 4 5 6 7 17 27] [1 2 3 4 5 6 7] [1 2 3 4 5 7] [1 2 3 4 5 7 17] [1 2 5] [1 2 3 4 5 6 7 16] [1 2 3 6] [1 2 3 4 6 7] [1 2 3 4 6] [1 2 3 5 7 17] [1 2 6] [1 2 3 5 6] [1 2 3 4 5 6 7 16 17] [1 2 3 4 5 6 16 27] [1 2 3 4 5 6 7 11 16] [1 2 3 5 16 17] [1 2 3 5 7] [1 2 3 4 5 6 17 27 40] [1 2 3 6 7] [1 2 3 4 5 6 7 17] [] [] [] [] [] [] [] [] [] [] [] [] [] [] [] [] [] [] [] [] [] [] [] [] [] [] [] [] []
263 [] [1 2 3 5] [1 2] [1 2 3] [1 2 3 6 7 17] [1 2 3 4] [1 2 3 5 6 7 17] [1 2 3 4 5 6] [1] [1 2 3 4 5] [1 2 3 4 5 6 16] [1 3] [1 2 3 4 5 6 7 17 27] [1 2 3 4 5 6 7] [1 2 3 4 5 7] [1 2 3 4 5 7 17] [1 2 5] [1 2 3 4 5 6 7 16] [1 2 3 6] [1 2 3 4 6 7] [1 2 3 4 6] [1 2 3 5 7 17] [1 2 6] [1 2 3 5 6] [1 2 3 4 5 6 7 16 17] [1 2 3 4 5 6 16 27] [1 2 3 4 5 6 7 11 16] [1 2 3 5 16 17] [1 2 3 5 7] [1 2 3 4 5 6 17 27 40] [1 2 3 6 7] [1 2 3 4 5 6 7 17] [] [] [] [] [] [] [] [] [] [] [] [] [] [] [] [] [] [] [] [] [] [] [] [] [] [] [] [] []
264 [] [1 2] [1 2 3] [1 2 3 6 7 17] [1 2 3 4] [1 2 3 5 6 7 17] [1 2 3 4 5 6] [1] [1 2 3 4 5] [1 2 3 4 5 6 16] [1 3] [1 2 3 4 5 6 7 17 27] [1 2 3 4 5 6 7] [1 2 3 4 5 7] [1 2 3 4 5 7 17] [1 2 5] [1 2 3 4 5 6 7 16] [1 2 3 6] [1 2 3 4 6 7] [1 2 3 4 6] [1 2 3 5 7 17] [1 2 6] [1 2 3 5] [1 2 3 5 6] [1 2 3 4 5 6 7 16 17] [1 2 3 4 5 6 16 27] [1 2 3 4 5 6 7 11 16] [1 2 3 5 16 17] [1 2 3 5 7] [1 2 3 4 5 6 17 27 40] [1 2 3 6 7] [1 2 3 4 5 6 7 17] [] [] [] [] [] [] [] [] [] [] [] [] [] [] [] [] [] [] [] [] [] [] [] [] [] [] [] [] []
265 [] [1 2 3] [1 2 3 6 7 17] [1 2 3 4] [1 2 3 4 5 6] [1] [1 2 3 4 5] [1 2 3 4 5 6 16] [1 3] [1 2 3 4 5 6 7 17 27] [1 2] [1 2 3 4 5 6 7] [1 2 3 4 5 7] [1 2 3 4 5 7 17] [1 2 5] [1 2 3 4 5 6 7 16] [1 2 3 6] [1 2 3 4 6 7] [1 2 3 4 6] [1 2 3 5 7 17] [1 2 6] [1 2 3 5] [1 2 3 5 6] [1 2 3 4 5 6 7 16 17] [1 2 3 4 5 6 16 27] [1 2 3 4 5 6 7 11 16] [1 2 3 5 16 17] [1 2 3 5 7] [1 2 3 4 5 6 17 27 40] [1 2 3 6 7] [1 2 3 4 5 6 7 17] [] [] [] [] [] [] [] [] [] [] [] [] [] [] [] [] [] [] [] [] [] [] [] [] [] [] [] [] [] []
266 [] [1 2 3 6 7 17] [1 2 3 4] [1 2 3 4 5 6] [1] [1 2 3 4 5] [1 2 3 4 5 6 16] [1 3] [1 2 3 4 5 6 7 17 27] [1 2] [1 2 3 4 5 6 7] [1 2 3 4 5 7] [1 2 3 4 5 7 17] [1 2 5] [1 2 3 4 5 6 7 16] [1 2 3 6] [1 2 3 4 6 7] [1 2 3 4 6] [1 2 3] [1 2 3 5 7 17] [1 2 6] [1 2 3 5] [1 2 3 5 6] [1 2 3 4 5 6 7 16 17] [1 2 3 4 5 6 16 27] [1 2 3 4 5 6 7 11 16] [1 2 3 5 16 17] [1 2 3 5 7] [1 2 3 4 5 6 17 27 40] [1 2 3 6 7] [1 2 3 4 5 6 7 17] [] [] [] [] [] [] [] [] [] [] [] [] [] [] [] [] [] [] [] [] [] [] [] [] [] [] [] [] [] []
267 [] [1 2 3 4] [1 2 3 4 5 6] [1] [1 2 3 4 5] [1 2 3 4 5 6 16] [1 3] [1 2 3 4 5 6 7 17 27] [1 2] [1 2 3 4 5 6 7] [1 2 3 4 5 7] [1 2 3 4 5 7 17] [1 2 5] [1 2 3 4 5 6 7 16] [1 2 3 6] [1 2 3 4 6 7] [1 2 3 4 6] [1 2 3] [1 2 3 5 7 17] [1 2 6] [1 2 3 5] [1 2 3 6 7 17] [1 2 3 5 6] [1 2 3 4 5 6 7 16 17] [1 2 3 4 5 6 16 27] [1 2 3 4 5 6 7 11 16] [1 2 3 5 16 17] [1 2 3 5 7] [1 2 3 4 5 6 17 27 40] [1 2 3 6 7] [1 2 3 4 5 6 7 17] [] [] [] [] [] [] [] [] [] [] [] [] [] [] [] [] [] [] [] [] [] [] [] [] [] [] [] [] [] []
268 [] [1 2 3 4 5 6] [1] [1 2 3 4 5] [1 2 3 4 5 6 7] [1 2 3 4 5 6 16] [1 3] [1 2 3 4 5 6 7 17 27] [1 2] [1 2 3 4 5 7] [1 2 3 4 5 7 17] [1 2 5] [1 2 3 4] [1 2 3 4 5 6 7 16] [1 2 3 6] [1 2 3 4 6 7] [1 2 3 4 6] [1 2 3] [1 2 3 5 7 17] [1 2 6] [1 2 3 5] [1 2 3 6 7 17] [1 2 3 5 6] [1 2 3 4 5 6 7 16 17] [1 2 3 4 5 6 16 27] [1 2 3 4 5 6 7 11 16] [1 2 3 5 16 17] [1 2 3 5 7] [1 2 3 4 5 6 17 27 40] [1 2 3 6 7] [1 2 3 4 5 6 7 17] [] [] [] [] [] [] [] [] [] [] [] [] [] [] [] [] [] [] [] [] [] [] [] [] [] [] [] [] [] []
269 [] [1 2 3 4 5] [1 2 3 4 5 6 7] [1 2 3 4 5 6] [1 2 3 4 5 6 16] [1 3] [1 2 3 4 5 6 7 17 27] [1 2] [1 2 3 4 5 7] [1 2 3 4 5 7 17] [1 2 5] [1 2 3 4] [1 2 3 4 5 6 7 16] [1 2 3 6] [1 2 3 4 6 7] [1] [1 2 3 4 6] [1 2 3] [1 2 3 5 7 17] [1 2 6] [1 2 3 5] [1 2 3 6 7 17] [1 2 3 5 6] [1 2 3 4 5 6 7 16 17] [1 2 3 4 5 6 16 27] [1 2 3 4 5 6 7 11 16] [1 2 3 5 16 17] [1 2 3 5 7] [1 2 3 4 5 6 17 27 40] [1 2 3 6 7] [1 2 3 4 5 6 7 17] [] [] [] [] [] [] [] [] [] [] [] [] [] [] [] [] [] [] [] [] [] [] [] [] [] [] [] [] [] []
270 [] [1 2 3 4 5 6 7] [1 2] [1 2 3 4 5 7] [1 2 3 4 5 7 17] [1 2 5] [1 2 3 4 5] [1 2 3 4 5 6] [1 2 3 4] [1 2 3 4 5 6 7 16] [1 2 3 6] [1 2 3 4 6 7] [1] [1 2 3 4 6] [1 2 3] [1 2 3 5 7 17] [1 2 6] [1 2 3 5] [1 2 3 6 7 17] [1 2 3 5 6] [1 2 3 4 5 6 7 16 17] [1 2 3 4 5 6 16] [1 2 3 4 5 6 16 27] [1 2 3 4 5 6 7 11 16] [1 2 3 5 16 17] [1 2 3 5 7] [1 2 3 4 5 6 17 27 40] [1 2 3 6 7] [1 2 3 4 5 6 7 17] [1 2 3 4 5 6 7 17 27] [] [] [] [] [] [] [] [] [] [] [] [] [] [] [] [] [] [] [] [] [] [] [] [] [] [] [] [] [] [] []
271 [] [1 2 3 4 5 6 7] [1 2] [1 2 3 4 5 7] [1 2 3 4 5 7 17] [1 2 5] [1 2 3 4 5] [1 2 3 4 5 6] [1 2 3 4] [1 2 3 4 5 6 7 16] [1 2 3 6] [1 2 3 4 6 7] [1] [1 2 3 4 6] [1 2 3] [1 2 3 5 7 17] [1 2 6] [1 2 3 5] [1 2 3 6 7 17] [1 2 3 5 6] [1 2 3 4 5 6 7 16 17] [1 2 3 4 5 6 16] [1 2 3 4 5 6 16 27] [1 2 3 4 5 6 7 11 16] [1 2 3 5 16 17] [1 2 3 5 7] [1 2 3 4 5 6 17 27 40] [1 2 3 6 7] [1 2 3 4 5 6 7 17] [1 2 3 4 5 6 7 17 27] [] [] [] [] [] [] [] [] [] [] [] [] [] [] [] [] [] [] [] [] [] [] [] [] [] [] [] [] [] [] []
272 [] [1 2] [1 2 3 4 5 6 7] [1 2 3 4 5 7] [1 2 3 4 5 7 17] [1 2 5] [1 2 3 4 5] [1 2 3 4 5 6] [1 2 3 4] [1 2 3 4 5 6 7 16] [1 2 3 6] [1 2 3 4 6 7] [1] [1 2 3 4 6] [1 2 3] [1 2 3 5 7 17] [1 2 6] [1 2 3 5] [1 2 3 6 7 17] [1 2 3 5 6] [1 2 3 4 5 6 7 16 17] [1 2 3 4 5 6 16] [1 2 3 4 5 6 16 27] [1 2 3 4 5 6 7 11 16] [1 2 3 5 16 17] [1 2 3 5 7] [1 2 3 4 5 6 17 27 40] [1 2 3 6 7] [1 2 3 4 5 6 7 17] [1 2 3 4 5 6 7 17 27] [] [] [] [] [] [] [] [] [] [] [] [] [] [] [] [] [] [] [] [] [] [] [] [] [] [] [] [] [] [] []
273 [] [1 2 3 4 5 6 7] [1 2 3 4 5 7] [1 2 5] [1 2 3 4 5] [1 2 3 4 5 6] [1 2 3 4] [1 2 3 4 5 6 7 16] [1 2 3 4 6 7] [1] [1 2] [1 2 3 4 6] [1 2 3] [1 2 3 5 7 17] [1 2 6] [1 2 3 5] [1 2 3 6 7 17] [1 2 3 5 6] [1 2 3 4 5 6 7 16 17] [1 2 3 4 5 6 16] [1 2 3 4 5 6 16 27] [1 2 3 6] [1 2 3 4 5 6 7 11 16] [1 2 3 5 16 17] [1 2 3 5 7] [1 2 3 4 5 7 17] [1 2 3 4 5 6 17 27 40] [1 2 3 6 7] [1 2 3 4 5 6 7 17] [1 2 3 4 5 6 7 17 27] [] [] [] [] [] [] [] [] [] [] [] [] [] [] [] [] [] [] [] [] [] [] [] [] [] [] [] [] [] [] []
274 [] [1 2 3 4 5 6 7] [1 2 3 4 5 7] [1 2 5] [1 2 3 4 5] [1 2 3 4 5 6] [1 2 3 4] [1 2 3 4 5 6 7 16] [1 2 3 4 6 7] [1] [1 2] [1 2 3 4 6] [1 2 3] [1 2 3 5 7 17] [1 2 6] [1 2 3 5] [1 2 3 6 7 17] [1 2 3 5 6] [1 2 3 4 5 6 7 16 17] [1 2 3 4 5 6 16] [1 2 3 4 5 6 16 27] [1 2 3 6] [1 2 3 4 5 6 7 11 16] [1 2 3 5 16 17] [1 2 3 5 7] [1 2 3 4 5 7 17] [1 2 3 4 5 6 17 27 40] [1 2 3 6 7] [1 2 3 4 5 6 7 17] [1 2 3 4 5 6 7 17 27] [] [] [] [] [] [] [] [] [] [] [] [] [] [] [] [] [] [] [] [] [] [] [] [] [] [] [] [] [] [] []
275 [] [1 2 3 4 5 7] [1 2 3 4 5 6 16] [1 2 5] [1 2 3 4 5] [1 2 3 4 5 6] [1 2 3 4] [1 2 3 4 5 6 7 16] [1 2 3 4 6 7] [1] [1 2] [1 2 3 4 6] [1 2 3] [1 2 3 5 7 17] [1 2 6] [1 2 3 4 5 6 7] [1 2 3 5] [1 2 3 6 7 17] [1 2 3 5 6] [1 2 3 4 5 6 7 16 17] [1 2 3 4 5 6 16 27] [1 2 3 6] [1 2 3 4 5 6 7 11 16] [1 2 3 5 16 17] [1 2 3 5 7] [1 2 3 4 5 7 17] [1 2 3 4 5 6 17 27 40] [1 2 3 6 7] [1 2 3 4 5 6 7 17] [1 2 3 4 5 6 7 17 27] [] [] [] [] [] [] [] [] [] [] [] [] [] [] [] [] [] [] [] [] [] [] [] [] [] [] [] [] [] [] []
276 [] [1 2 3 4 5 6 16] [1 2 3 4 5 7] [1 2 5] [1 2 3 4 5] [1 2 3 4 5 6] [1 2 3 4] [1 2 3 4 5 6 7 16] [1 2 3 4 6 7] [1] [1 2] [1 2 3 4 6] [1 2 3] [1 2 3 5 7 17] [1 2 6] [1 2 3 4 5 6 7] [1 2 3 5] [1 2 3 6 7 17] [1 2 3 5 6] [1 2 3 4 5 6 7 16 17] [1 2 3 4 5 6 16 27] [1 2 3 6] [1 2 3 4 5 6 7 11 16] [1 2 3 5 16 17] [1 2 3 5 7] [1 2 3 4 5 7 17] [1 2 3 4 5 6 17 27 40] [1 2 3 6 7] [1 2 3 4 5 6 7 17] [1 2 3 4 5 6 7 17 27] [] [] [] [] [] [] [] [] [] [] [] [] [] [] [] [] [] [] [] [] [] [] [] [] [] [] [] [] [] [] []
277 [] [1 2 3 4 5 6 16] [1 2 3 4 5 7] [1 2 5] [1 2 3 4 5] [1 2 3 4 5 6] [1 2 3 4] [1 2 3 4 5 6 7 16] [1 2 3 4 6 7] [1] [1 2] [1 2 3 4 6] [1 2 3] [1 2 3 5 7 17] [1 2 6] [1 2 3 4 5 6 7] [1 2 3 5] [1 2 3 6 7 17] [1 2 3 5 6] [1 2 3 4 5 6 7 16 17] [1 2 3 4 5 6 16 27] [1 2 3 6] [1 2 3 4 5 6 7 11 16] [1 2 3 5 16 17] [1 2 3 5 7] [1 2 3 4 5 7 17] [1 2 3 4 5 6 17 27 40] [1 2 3 6 7] [1 2 3 4 5 6 7 17] [1 2 3 4 5 6 7 17 27] [] [] [] [] [] [] [] [] [] [] [] [] [] [] [] [] [] [] [] [] [] [] [] [] [] [] [] [] [] [] []
278 [] [1 2 3 4 5 7] [1 2 5] [1 2 3 4 5] [1 2 3 4 5 6] [1 2 3 4] [1 2 3 4 5 6 7 16] [1 2 3 4 6 7] [1] [1 2] [1 2 3 4 6] [1 2 3] [1 2 3 5 7 17] [1 2 6] [1 2 3 4 5 6 7] [1 2 3 5] [1 2 3 6 7 17] [1 2 3 5 6] [1 2 3 4 5 6 7 16 17] [1 2 3 4 5 6 16] [1 2 3 4 5 6 16 27] [1 2 3 6] [1 2 3 4 5 6 7 11 16] [1 2 3 5 16 17] [1 2 3 5 7] [1 2 3 4 5 7 17] [1 2 3 4 5 6 17 27 40] [1 2 3 6 7] [1 2 3 4 5 6 7 17] [1 2 3 4 5 6 7 17 27] [] [] [] [] [] [] [] [] [] [] [] [] [] [] [] [] [] [] [] [] [] [] [] [] [] [] [] [] [] [] []
279 [] [1 2 5] [1 2 3 4 5 7] [1 2 3 4 5] [1 2 3 4 5 6] [1 2 3 4] [1 2 3 4 5 6 7 16] [1 2 3 4 6 7] [1] [1 2] [1 2 3 4 6] [1 2 3] [1 2 3 5 7 17] [1 2 6] [1 2 3 4 5 6 7] [1 2 3 5] [1 2 3 6 7 17] [1 2 3 5 6] [1 2 3 4 5 6 7 16 17] [1 2 3 4 5 6 16] [1 2 3 4 5 6 16 27] [1 2 3 6] [1 2 3 4 5 6 7 11 16] [1 2 3 5 16 17] [1 2 3 5 7] [1 2 3 4 5 7 17] [1 2 3 4 5 6 17 27 40] [1 2 3 6 7] [1 2 3 4 5 6 7 17] [1 2 3 4 5 6 7 17 27] [] [] [] [] [] [] [] [] [] [] [] [] [] [] [] [] [] [] [] [] [] [] [] [] [] [] [] [] [] [] []
280 [] [1 2 5] [1 2 3 4 5 7] [1 2 3 4 5] [1 2 3 4 5 6] [1 2 3 4] [1 2 3 4 5 6 7 16] [1 2 3 4 6 7] [1] [1 2] [1 2 3 4 6] [1 2 3] [1 2 3 5 7 17] [1 2 6] [1 2 3 4 5 6 7] [1 2 3 5] [1 2 3 6 7 17] [1 2 3 5 6] [1 2 3 4 5 6 7 16 17] [1 2 3 4 5 6 16] [1 2 3 4 5 6 16 27] [1 2 3 6] [1 2 3 4 5 6 7 11 16] [1 2 3 5 16 17] [1 2 3 5 7] [1 2 3 4 5 7 17] [1 2 3 4 5 6 17 27 40] [1 2 3 6 7] [1 2 3 4 5 6 7 17] [1 2 3 4 5 6 7 17 27] [] [] [] [] [] [] [] [] [] [] [] [] [] [] [] [] [] [] [] [] [] [] [] [] [] [] [] [] [] [] []
281 [] [1 2 3 4 5 7] [1 2 3 4 5 6] [1 2 3 4 5] [1 2 3 4] [1 2 3 4 5 6 7 16] [1 2 3 4 6 7] [1] [1 2] [1 2 3 4 6] [1 2 3] [1 2 3 5 7 17] [1 2 6] [1 2 3 4 5 6 7] [1 2 3 5] [1 2 3 6 7 17] [1 2 5] [1 2 3 5 6] [1 2 3 4 5 6 7 16 17] [1 2 3 4 5 6 16] [1 2 3 4 5 6 16 27] [1 2 3 6] [1 2 3 4 5 6 7 11 16] [1 2 3 5 16 17] [1 2 3 5 7] [1 2 3 4 5 7 17] [1 2 3 4 5 6 17 27 40] [1 2 3 6 7] [1 2 3 4 5 6 7 17] [1 2 3 4 5 6 7 17 27] [] [] [] [] [] [] [] [] [] [] [] [] [] [] [] [] [] [] [] [] [] [] [] [] [] [] [] [] [] [] []
282 [] [1 2 3 4 5 6] [1 2 3 4 5] [1 2 3 4] [1 2 3 4 5 6 7 16] [1 2 3 4 6 7] [1] [1 2] [1 2 3 4 6] [1 2 3] [1 2 3 5 7 17] [1 2 6] [1 2 3 4 5 6 7] [1 2 3 4 5 7] [1 2 3 5] [1 2 3 6 7 17] [1 2 5] [1 2 3 5 6] [1 2 3 4 5 6 7 16 17] [1 2 3 4 5 6 16] [1 2 3 4 5 6 16 27] [1 2 3 6] [1 2 3 4 5 6 7 11 16] [1 2 3 5 16 17] [1 2 3 5 7] [1 2 3 4 5 7 17] [1 2 3 4 5 6 17 27 40] [1 2 3 6 7] [1 2 3 4 5 6 7 17] [1 2 3 4 5 6 7 17 27] [] [] [] [] [] [] [] [] [] [] [] [] [] [] [] [] [] [] [] [] [] [] [] [] [] [] [] [] [] [] []
283 [] [1 2 3 4 5] [1 2 3 4] [1 2 3 4 5 6 7 16] [1 2 3 4 6 7] [1] [1 2] [1 2 3 4 6] [1 2 3] [1 2 3 5 7 17] [1 2 6] [1 2 3 4 5 6 7] [1 2 3 4 5 7] [1 2 3 5] [1 2 3 6 7 17] [1 2 5] [1 2 3 4 5 6] [1 2 3 5 6] [1 2 3 4 5 6 7 16 17] [1 2 3 4 5 6 16] [1 2 3 4 5 6 16 27] [1 2 3 6] [1 2 3 4 5 6 7 11 16] [1 2 3 5 16 17] [1 2 3 5 7] [1 2 3 4 5 7 17] [1 2 3 4 5 6 17 27 40] [1 2 3 6 7] [1 2 3 4 5 6 7 17] [1 2 3 4 5 6 7 17 27] [] [] [] [] [] [] [] [] [] [] [] [] [] [] [] [] [] [] [] [] [] [] [] [] [] [] [] [] [] [] []
284 [] [1 2 3 4] [1 2 3 4 5 6 7 16] [1 2 3 4 6 7] [1] [1 2] [1 2 3 4 6] [1 2 3] [1 2 3 5 7 17] [1 2 3 4 5] [1 2 6] [1 2 3 4 5 6 7] [1 2 3 4 5 7] [1 2 3 5] [1 2 3 6 7 17] [1 2 5] [1 2 3 4 5 6] [1 2 3 5 6] [1 2 3 4 5 6 7 16 17] [1 2 3 4 5 6 16] [1 2 3 4 5 6 16 27] [1 2 3 6] [1 2 3 4 5 6 7 11 16] [1 2 3 5 16 17] [1 2 3 5 7] [1 2 3 4 5 7 17] [1 2 3 4 5 6 17 27 40] [1 2 3 6 7] [1 2 3 4 5 6 7 17] [1 2 3 4 5 6 7 17 27] [] [] [] [] [] [] [] [] [] [] [] [] [] [] [] [] [] [] [] [] [] [] [] [] [] [] [] [] [] [] []
285 [] [1 2 3 4 5 6 7 16] [1 2 3 4] [1 2 3 4 6 7] [1] [1 2] [1 2 3 4 6] [1 2 3] [1 2 3 5 7 17] [1 2 3 4 5] [1 2 6] [1 2 3 4 5 6 7] [1 2 3 4 5 7] [1 2 3 5] [1 2 3 6 7 17] [1 2 5] [1 2 3 4 5 6] [1 2 3 5 6] [1 2 3 4 5 6 7 16 17] [1 2 3 4 5 6 16] [1 2 3 4 5 6 16 27] [1 2 3 6] [1 2 3 4 5 6 7 11 16] [1 2 3 5 16 17] [1 2 3 5 7] [1 2 3 4 5 7 17] [1 2 3 4 5 6 17 27 40] [1 2 3 6 7] [1 2 3 4 5 6 7 17] [1 2 3 4 5 6 7 17 27] [] [] [] [] [] [] [] [] [] [] [] [] [] [] [] [] [] [] [] [] [] [] [] [] [] [] [] [] [] [] []
286 [] [1 2 3 4] [1 2 3 4 6 7] [1] [1 2] [1 2 3 4 6] [1 2 3] [1 2 3 5 7 17] [1 2 3 4 5] [1 2 6] [1 2 3 4 5 6 7] [1 2 3 4 5 7] [1 2 3 5] [1 2 3 6 7 17] [1 2 5] [1 2 3 4 5 6] [1 2 3 5 6] [1 2 3 4 5 6 7 16 17] [1 2 3 4 5 6 7 16] [1 2 3 4 5 6 16] [1 2 3 4 5 6 16 27] [1 2 3 6] [1 2 3 4 5 6 7 11 16] [1 2 3 5 16 17] [1 2 3 5 7] [1 2 3 4 5 7 17] [1 2 3 4 5 6 17 27 40] [1 2 3 6 7] [1 2 3 4 5 6 7 17] [1 2 3 4 5 6 7 17 27] [] [] [] [] [] [] [] [] [] [] [] [] [] [] [] [] [] [] [] [] [] [] [] [] [] [] [] [] [] [] []
287 [] [1 2 3 4] [1] [1 2] [1 2 3 4 6] [1 2 3] [1 2 3 5 7 17] [1 2 3 4 5] [1 2 6] [1 2 3 4 5 6 7] [1 2 3 4 5 7] [1 2 3 5] [1 2 3 6 7 17] [1 2 5] [1 2 3 4 5 6] [1 2 3 5 6] [1 2 3 4 5 6 7 16 17] [1 2 3 4 5 6 7 16] [1 2 3 4 5 6 16] [1 2 3 4 5 6 16 27] [1 2 3 4 6 7] [1 2 3 6] [1 2 3 4 5 6 7 11 16] [1 2 3 5 16 17] [1 2 3 5 7] [1 2 3 4 5 7 17] [1 2 3 4 5 6 17 27 40] [1 2 3 6 7] [1 2 3 4 5 6 7 17] [1 2 3 4 5 6 7 17 27] [] [] [] [] [] [] [] [] [] [] [] [] [] [] [] [] [] [] [] [] [] [] [] [] [] [] [] [] [] [] []
288 [] [1] [1 2] [1 2 3 4 6] [1 2 3] [1 2 3 5 7 17] [1 2 3 4 5] [1 2 3 4] [1 2 6] [1 2 3 4 5 6 7] [1 2 3 4 5 7] [1 2 3 5] [1 2 3 6 7 17] [1 2 5] [1 2 3 4 5 6] [1 2 3 5 6] [1 2 3 4 5 6 7 16 17] [1 2 3 4 5 6 7 16] [1 2 3 4 5 6 16] [1 2 3 4 5 6 16 27] [1 2 3 4 6 7] [1 2 3 6] [1 2 3 4 5 6 7 11 16] [1 2 3 5 16 17] [1 2 3 5 7] [1 2 3 4 5 7 17] [1 2 3 4 5 6 17 27 40] [1 2 3 6 7] [1 2 3 4 5 6 7 17] [1 2 3 4 5 6 7 17 27] [] [] [] [] [] [] [] [] [] [] [] [] [] [] [] [] [] [] [] [] [] [] [] [] [] [] [] [] [] [] []
289 [] [1 2 3 4 6] [1 2 3] [1 2] [1 2 3 4 5] [1 2 3 4] [1 2 6] [1] [1 2 3 4 5 7] [1 2 3 5] [1 2 3 4 5 6 7] [1 2 3 6 7 17] [1 2 5] [1 2 3 4 5 6] [1 2 3 5 6] [1 2 3 4 5 6 7 16 17] [1 2 3 4 5 6 7 16] [1 2 3 4 5 6 16] [1 2 3 4 5 6 16 27] [1 2 3 4 6 7] [1 2 3 6] [1 2 3 4 5 6 7 11 16] [1 2 3 5 16 17] [1 2 3 5 7] [1 2 3 4 5 7 17] [1 2 3 4 5 6 17 27 40] [1 2 3 6 7] [1 2 3 4 5 6 7 17] [1 2 3 4 5 6 7 17 27] [1 2 3 5 7 17] [] [] [] [] [] [] [] [] [] [] [] [] [] [] [] [] [] [] [] [] [] [] [] [] [] [] [] [] [] [] []
290 [] [1 2 3] [1 2] [1 2 3 4 5] [1 2 3 4] [1 2 6] [1] [1 2 3 4 5 7] [1 2 3 5] [1 2 3 4 5 6 7] [1 2 3 6 7 17] [1 2 5] [1 2 3 4 5 6] [1 2 3 5 6] [1 2 3 4 5 6 7 16 17] [1 2 3 4 5 6 7 16] [1 2 3 4 5 6 16] [1 2 3 4 5 6 16 27] [1 2 3 4 6 7] [1 2 3 6] [1 2 3 4 6] [1 2 3 4 5 6 7 11 16] [1 2 3 5 16 17] [1 2 3 5 7] [1 2 3 4 5 7 17] [1 2 3 4 5 6 17 27 40] [1 2 3 6 7] [1 2 3 4 5 6 7 17] [1 2 3 4 5 6 7 17 27] [1 2 3 5 7 17] [] [] [] [] [] [] [] [] [] [] [] [] [] [] [] [] [] [] [] [] [] [] [] [] [] [] [] [] [] [] []
291 [] [1 2] [1 2 3 4 5] [1 2 3 4] [1 2 6] [1] [1 2 3 4 5 7] [1 2 3 5] [1 2 3 4 5 6 7] [1 2 3 6 7 17] [1 2 3] [1 2 5] [1 2 3 4 5 6] [1 2 3 5 6] [1 2 3 4 5 6 7 16 17] [1 2 3 4 5 6 7 16] [1 2 3 4 5 6 16] [1 2 3 4 5 6 16 27] [1 2 3 4 6 7] [1 2 3 6] [1 2 3 4 6] [1 2 3 4 5 6 7 11 16] [1 2 3 5 16 17] [1 2 3 5 7] [1 2 3 4 5 7 17] [1 2 3 4 5 6 17 27 40] [1 2 3 6 7] [1 2 3 4 5 6 7 17] [1 2 3 4 5 6 7 17 27] [1 2 3 5 7 17] [] [] [] [] [] [] [] [] [] [] [] [] [] [] [] [] [] [] [] [] [] [] [] [] [] [] [] [] [] [] []
292 [] [1 2] [1 2 3 4 5] [1 2 3 4] [1 2 6] [1] [1 2 3 4 5 7] [1 2 3 5] [1 2 3 4 5 6 7] [1 2 3 6 7 17] [1 2 3] [1 2 5] [1 2 3 4 5 6] [1 2 3 5 6] [1 2 3 4 5 6 7 16 17] [1 2 3 4 5 6 7 16] [1 2 3 4 5 6 16] [1 2 3 4 5 6 16 27] [1 2 3 4 6 7] [1 2 3 6] [1 2 3 4 6] [1 2 3 4 5 6 7 11 16] [1 2 3 5 16 17] [1 2 3 5 7] [1 2 3 4 5 7 17] [1 2 3 4 5 6 17 27 40] [1 2 3 6 7] [1 2 3 4 5 6 7 17] [1 2 3 4 5 6 7 17 27] [1 2 3 5 7 17] [] [] [] [] [] [] [] [] [] [] [] [] [] [] [] [] [] [] [] [] [] [] [] [] [] [] [] [] [] [] []
293 [] [1 2 3 4 5] [1 2 3 4] [1 2 6] [1] [1 2] [1 2 3 4 5 7] [1 2 3 5] [1 2 3 4 5 6 7] [1 2 3 6 7 17] [1 2 3] [1 2 5] [1 2 3 4 5 6] [1 2 3 5 6] [1 2 3 4 5 6 7 16 17] [1 2 3 4 5 6 7 16] [1 2 3 4 5 6 16] [1 2 3 4 5 6 16 27] [1 2 3 4 6 7] [1 2 3 6] [1 2 3 4 6] [1 2 3 4 5 6 7 11 16] [1 2 3 5 16 17] [1 2 3 5 7] [1 2 3 4 5 7 17] [1 2 3 4 5 6 17 27 40] [1 2 3 6 7] [1 2 3 4 5 6 7 17] [1 2 3 4 5 6 7 17 27] [1 2 3 5 7 17] [] [] [] [] [] [] [] [] [] [] [] [] [] [] [] [] [] [] [] [] [] [] [] [] [] [] [] [] [] [] []
294 [] [1 2 6] [1] [1 2 3 4 5] [1 2 3 4] [1 2] [1 2 3 4 5 7] [1 2 3 5] [1 2 3 4 5 6 7] [1 2 3 6 7 17] [1 2 3] [1 2 5] [1 2 3 4 5 6] [1 2 3 5 6] [1 2 3 4 5 6 7 16 17] [1 2 3 4 5 6 7 16] [1 2 3 4 5 6 16] [1 2 3 4 5 6 16 27] [1 2 3 4 6 7] [1 2 3 6] [1 2 3 4 6] [1 2 3 4 5 6 7 11 16] [1 2 3 5 16 17] [1 2 3 5 7] [1 2 3 4 5 7 17] [1 2 3 4 5 6 17 27 40] [1 2 3 6 7] [1 2 3 4 5 6 7 17] [1 2 3 4 5 6 7 17 27] [1 2 3 5 7 17] [] [] [] [] [] [] [] [] [] [] [] [] [] [] [] [] [] [] [] [] [] [] [] [] [] [] [] [] [] [] []
295 [] [1 2 3 4] [1 2 3 4 5] [1 2] [1 2 3 4 5 7] [1] [1 2 3 5] [1 2 3 4 5 6 7] [1 2 3 6 7 17] [1 2 3] [1 2 5] [1 2 3 4 5 6] [1 2 3 5 6] [1 2 3 4 5 6 7 16 17] [1 2 3 4 5 6 7 16] [1 2 3 4 5 6 16] [1 2 3 4 5 6 16 27] [1 2 3 4 6 7] [1 2 3 6] [1 2 3 4 6] [1 2 3 4 5 6 7 11 16] [1 2 3 5 16 17] [1 2 3 5 7] [1 2 3 4 5 7 17] [1 2 3 4 5 6 17 27 40] [1 2 3 6 7] [1 2 3 4 5 6 7 17] [1 2 3 4 5 6 7 17 27] [1 2 3 5 7 17] [] [] [] [] [] [] [] [] [] [] [] [] [] [] [] [] [] [] [] [] [] [] [] [] [] [] [] [] [] [] [] []
296 [] [1 2 3 4 5] [1 2 3 4 5 7] [1 2] [1] [1 2 3 4] [1 2 3 5] [1 2 3 4 5 6 7] [1 2 3 6 7 17] [1 2 3] [1 2 5] [1 2 3 4 5 6] [1 2 3 5 6] [1 2 3 4 5 6 7 16 17] [1 2 3 4 5 6 7 16] [1 2 3 4 5 6 16] [1 2 3 4 5 6 16 27] [1 2 3 4 6 7] [1 2 3 6] [1 2 3 4 6] [1 2 3 4 5 6 7 11 16] [1 2 3 5 16 17] [1 2 3 5 7] [1 2 3 4 5 7 17] [1 2 3 4 5 6 17 27 40] [1 2 3 6 7] [1 2 3 4 5 6 7 17] [1 2 3 4 5 6 7 17 27] [1 2 3 5 7 17] [] [] [] [] [] [] [] [] [] [] [] [] [] [] [] [] [] [] [] [] [] [] [] [] [] [] [] [] [] [] [] []
297 [] [1 2 3 4 5 7] [1 2 3 4 5 6] [1 2] [1] [1 2 3 4] [1 2 3 5] [1 2 3 4 5 6 7] [1 2 3 6 7 17] [1 2 3] [1 2 3 4 5] [1 2 5] [1 2 3 5 6] [1 2 3 4 5 6 7 16 17] [1 2 3 4 5 6 7 16] [1 2 3 4 5 6 16] [1 2 3 4 5 6 16 27] [1 2 3 4 6 7] [1 2 3 6] [1 2 3 4 6] [1 2 3 4 5 6 7 11 16] [1 2 3 5 16 17] [1 2 3 5 7] [1 2 3 4 5 7 17] [1 2 3 4 5 6 17 27 40] [1 2 3 6 7] [1 2 3 4 5 6 7 17] [1 2 3 4 5 6 7 17 27] [1 2 3 5 7 17] [] [] [] [] [] [] [] [] [] [] [] [] [] [] [] [] [] [] [] [] [] [] [] [] [] [] [] [] [] [] [] []
298 [] [1 2 3 4 5 6] [1 2] [1 2 3 4 5 7] [1] [1 2 3 4] [1 2 3 5] [1 2 3 4 5 6 7] [1 2 3 6 7 17] [1 2 3] [1 2 3 4 5] [1 2 5] [1 2 3 5 6] [1 2 3 4 5 6 7 16 17] [1 2 3 4 5 6 7 16] [1 2 3 4 5 6 16] [1 2 3 4 5 6 16 27] [1 2 3 4 6 7] [1 2 3 6] [1 2 3 4 6] [1 2 3 4 5 6 7 11 16] [1 2 3 5 16 17] [1 2 3 5 7] [1 2 3 4 5 7 17] [1 2 3 4 5 6 17 27 40] [1 2 3 6 7] [1 2 3 4 5 6 7 17] [1 2 3 4 5 6 7 17 27] [1 2 3 5 7 17] [] [] [] [] [] [] [] [] [] [] [] [] [] [] [] [] [] [] [] [] [] [] [] [] [] [] [] [] [] [] [] []
299 [] [1 2 3 4 5 7] [1 2 3 4] [1 2 3 5] [1 2 3 4 5 6 7] [1 2 3 6 7 17] [1 2 3] [1 2 3 4 5] [1 2 5] [1 2] [1 2 3 4 5 6] [1] [1 2 3 5 6] [1 2 3 4 5 6 7 16 17] [1 2 3 4 5 6 7 16] [1 2 3 4 5 6 16] [1 2 3 4 5 6 16 27] [1 2 3 4 6 7] [1 2 3 6] [1 2 3 4 6] [1 2 3 4 5 6 7 11 16] [1 2 3 5 16 17] [1 2 3 5 7] [1 2 3 4 5 7 17] [1 2 3 4 5 6 17 27 40] [1 2 3 6 7] [1 2 3 4 5 6 7 17] [1 2 3 4 5 6 7 17 27] [1 2 3 5 7 17] [] [] [] [] [] [] [] [] [] [] [] [] [] [] [] [] [] [] [] [] [] [] [] [] [] [] [] [] [] [] [] []
300 [] [1 2 3 4] [1 2 3 5] [1 2 3 4 5 6 7] [1 2 3 6 7 17] [1 2 3] [1 2 3 4 5] [1 2 5] [1 2] [1 2 3 4 5 6] [1] [1 2 3 5 6] [1 2 3 4 5 7] [1 2 3 4 5 6 7 16 17] [1 2 3 4 5 6 7 16] [1 2 3 4 5 6 16] [1 2 3 4 5 6 16 27] [1 2 3 4 6 7] [1 2 3 6] [1 2 3 4 6] [1 2 3 4 5 6 7 11 16] [1 2 3 5 16 17] [1 2 3 5 7] [1 2 3 4 5 7 17] [1 2 3 4 5 6 17 27 40] [1 2 3 6 7] [1 2 3 4 5 6 7 17] [1 2 3 4 5 6 7 17 27] [1 2 3 5 7 17] [] [] [] [] [] [] [] [] [] [] [] [] [] [] [] [] [] [] [] [] [] [] [] [] [] [] [] [] [] [] [] []
301 [] [1 2 3 5] [1] [1 2 3 4 5 6 7] [1 2 3 6 7 17] [1 2 3] [1 2 3 4 5] [1 2 5] [1 2] [1 2 3 4 5 6] [1 2 3 5 6] [1 2 3 4 5 7] [1 2 3 4 5 6 7 16 17] [1 2 3 4] [1 2 3 4 5 6 7 16] [1 2 3 4 5 6 16] [1 2 3 4 5 6 16 27] [1 2 3 4 6 7] [1 2 3 6] [1 2 3 4 6] [1 2 3 4 5 6 7 11 16] [1 2 3 5 16 17] [1 2 3 5 7] [1 2 3 4 5 7 17] [1 2 3 4 5 6 17 27 40] [1 2 3 6 7] [1 2 3 4 5 6 7 17] [1 2 3 4 5 6 7 17 27] [1 2 3 5 7 17] [] [] [] [] [] [] [] [] [] [] [] [] [] [] [] [] [] [] [] [] [] [] [] [] [] [] [] [] [] [] [] []
302 [] [1 2 3 5] [1 2 3 4 5 6 7] [1 2 3 4 5] [1 2 5] [1 2] [1 2 3 4 5 6] [1] [1 2 3 5 6] [1 2 3 4 5 7] [1 2 3 4 5 6 7 16 17] [1 2 3 4] [1 2 3] [1 2 3 4 5 6 7 16] [1 2 3 4 5 6 16] [1 2 3 4 5 6 16 27] [1 2 3 4 6 7] [1 2 3 6] [1 2 3 4 6] [1 2 3 4 5 6 7 11 16] [1 2 3 5 16 17] [1 2 3 5 7] [1 2 3 4 5 7 17] [1 2 3 4 5 6 17 27 40] [1 2 3 6 7] [1 2 3 4 5 6 7 17] [1 2 3 4 5 6 7 17 27] [1 2 3 5 7 17] [1 2 3 6 7 17] [] [] [] [] [] [] [] [] [] [] [] [] [] [] [] [] [] [] [] [] [] [] [] [] [] [] [] [] [] [] [] []
303 [] [1 2 3 4 5 6 7] [1 2 3 4 5] [1 2 5] [1 2] [1 2 3 4 5 6] [1] [1 2 3 5 6] [1 2 3 4 5 7] [1 2 3 4 5 6 7 16 17] [1 2 3 4] [1 2 3] [1 2 3 4 5 6 7 16] [1 2 3 5] [1 2 3 4 5 6 16] [1 2 3 4 5 6 16 27] [1 2 3 4 6 7] [1 2 3 6] [1 2 3 4 6] [1 2 3 4 5 6 7 11 16] [1 2 3 5 16 17] [1 2 3 5 7] [1 2 3 4 5 7 17] [1 2 3 4 5 6 17 27 40] [1 2 3 6 7] [1 2 3 4 5 6 7 17] [1 2 3 4 5 6 7 17 27] [1 2 3 5 7 17] [1 2 3 6 7 17] [] [] [] [] [] [] [] [] [] [] [] [] [] [] [] [] [] [] [] [] [] [] [] [] [] [] [] [] [] [] [] []
304 [] [1 2 3 4 5 6 7] [1 2 3 4 5] [1 2 5] [1 2] [1 2 3 4 5 6] [1] [1 2 3 5 6] [1 2 3 4 5 7] [1 2 3 4 5 6 7 16 17] [1 2 3 4] [1 2 3] [1 2 3 4 5 6 7 16] [1 2 3 5] [1 2 3 4 5 6 16] [1 2 3 4 5 6 16 27] [1 2 3 4 6 7] [1 2 3 6] [1 2 3 4 6] [1 2 3 4 5 6 7 11 16] [1 2 3 5 16 17] [1 2 3 5 7] [1 2 3 4 5 7 17] [1 2 3 4 5 6 17 27 40] [1 2 3 6 7] [1 2 3 4 5 6 7 17] [1 2 3 4 5 6 7 17 27] [1 2 3 5 7 17] [1 2 3 6 7 17] [] [] [] [] [] [] [] [] [] [] [] [] [] [] [] [] [] [] [] [] [] [] [] [] [] [] [] [] [] [] [] []
305 [] [1 2 3 4 5] [1 2 3 4 5 6] [1 2 3 4 5 6 7] [1] [1 2 3 5 6] [1 2 3 4 5 7] [1 2 3 4 5 6 7 16 17] [1 2] [1 2 3 4] [1 2 3] [1 2 3 4 5 6 7 16] [1 2 3 5] [1 2 3 4 5 6 16] [1 2 3 4 5 6 16 27] [1 2 3 4 6 7] [1 2 3 6] [1 2 3 4 6] [1 2 3 4 5 6 7 11 16] [1 2 3 5 16 17] [1 2 3 5 7] [1 2 3 4 5 7 17] [1 2 3 4 5 6 17 27 40] [1 2 3 6 7] [1 2 3 4 5 6 7 17] [1 2 3 4 5 6 7 17 27] [1 2 5] [1 2 3 5 7 17] [1 2 3 6 7 17] [] [] [] [] [] [] [] [] [] [] [] [] [] [] [] [] [] [] [] [] [] [] [] [] [] [] [] [] [] [] [] []
306 [] [1 2 3 4 5 6] [1 2 3 4 5 6 7] [1] [1 2 3 5 6] [1 2 3 4 5 7] [1 2 3 4 5 6 7 16 17] [1 2] [1 2 3 4 5] [1 2 3 4] [1 2 3] [1 2 3 4 5 6 7 16] [1 2 3 5] [1 2 3 4 5 6 16] [1 2 3 4 5 6 16 27] [1 2 3 4 6 7] [1 2 3 6] [1 2 3 4 6] [1 2 3 4 5 6 7 11 16] [1 2 3 5 16 17] [1 2 3 5 7] [1 2 3 4 5 7 17] [1 2 3 4 5 6 17 27 40] [1 2 3 6 7] [1 2 3 4 5 6 7 17] [1 2 3 4 5 6 7 17 27] [1 2 5] [1 2 3 5 7 17] [1 2 3 6 7 17] [] [] [] [] [] [] [] [] [] [] [] [] [] [] [] [] [] [] [] [] [] [] [] [] [] [] [] [] [] [] [] []
307 [] [1 2 3 4 5 6] [1 2 3 4 5 6 7] [1] [1 2 3 5 6] [1 2 3 4 5 7] [1 2 3 4 5 6 7 16 17] [1 2] [1 2 3 4 5] [1 2 3 4] [1 2 3] [1 2 3 4 5 6 7 16] [1 2 3 5] [1 2 3 4 5 6 16] [1 2 3 4 5 6 16 27] [1 2 3 4 6 7] [1 2 3 6] [1 2 3 4 6] [1 2 3 4 5 6 7 11 16] [1 2 3 5 16 17] [1 2 3 5 7] [1 2 3 4 5 7 17] [1 2 3 4 5 6 17 27 40] [1 2 3 6 7] [1 2 3 4 5 6 7 17] [1 2 3 4 5 6 7 17 27] [1 2 5] [1 2 3 5 7 17] [1 2 3 6 7 17] [] [] [] [] [] [] [] [] [] [] [] [] [] [] [] [] [] [] [] [] [] [] [] [] [] [] [] [] [] [] [] []
308 [] [1 2 3 4 5 6 7] [1] [1 2 3 5 6] [1 2 3 4 5 7] [1 2 3 4 5 6 7 16 17] [1 2] [1 2 3 4 5] [1 2 3 4] [1 2 3] [1 2 3 4 5 6 7 16] [1 2 3 5] [1 2 3 4 5 6] [1 2 3 4 5 6 16] [1 2 3 4 5 6 16 27] [1 2 3 4 6 7] [1 2 3 6] [1 2 3 4 6] [1 2 3 4 5 6 7 11 16] [1 2 3 5 16 17] [1 2 3 5 7] [1 2 3 4 5 7 17] [1 2 3 4 5 6 17 27 40] [1 2 3 6 7] [1 2 3 4 5 6 7 17] [1 2 3 4 5 6 7 17 27] [1 2 5] [1 2 3 5 7 17] [1 2 3 6 7 17] [] [] [] [] [] [] [] [] [] [] [] [] [] [] [] [] [] [] [] [] [] [] [] [] [] [] [] [] [] [] [] []
309 [] [1] [1 2 3 5 6] [1 2 3 4 5 7] [1 2 3 4 5 6 7] [1 2 3 4 5 6 7 16 17] [1 2] [1 2 3 4 5] [1 2 3 4] [1 2 3] [1 2 3 4 5 6 7 16] [1 2 3 5] [1 2 3 4 5 6] [1 2 3 4 5 6 16] [1 2 3 4 5 6 16 27] [1 2 3 4 6 7] [1 2 3 6] [1 2 3 4 6] [1 2 3 4 5 6 7 11 16] [1 2 3 5 16 17] [1 2 3 5 7] [1 2 3 4 5 7 17] [1 2 3 4 5 6 17 27 40] [1 2 3 6 7] [1 2 3 4 5 6 7 17] [1 2 3 4 5 6 7 17 27] [1 2 5] [1 2 3 5 7 17] [1 2 3 6 7 17] [] [] [] [] [] [] [] [] [] [] [] [] [] [] [] [] [] [] [] [] [] [] [] [] [] [] [] [] [] [] [] []
310 [] [1 2 3 4 5 7] [1] [1 2 3 4 5 6 7 16 17] [1 2] [1 2 3 4 5] [1 2 3 4] [1 2 3 4 5 6 7] [1 2 3] [1 2 3 4 5 6 7 16] [1 2 3 5] [1 2 3 4 5 6] [1 2 3 4 5 6 16] [1 2 3 4 5 6 16 27] [1 2 3 4 6 7] [1 2 3 6] [1 2 3 4 6] [1 2 3 4 5 6 7 11 16] [1 2 3 5 16 17] [1 2 3 5 7] [1 2 3 5 6] [1 2 3 4 5 7 17] [1 2 3 4 5 6 17 27 40] [1 2 3 6 7] [1 2 3 4 5 6 7 17] [1 2 3 4 5 6 7 17 27] [1 2 5] [1 2 3 5 7 17] [1 2 3 6 7 17] [] [] [] [] [] [] [] [] [] [] [] [] [] [] [] [] [] [] [] [] [] [] [] [] [] [] [] [] [] [] [] []
311 [] [1] [1 2 3 4 5 6 7 16 17] [1 2] [1 2 3 4 5] [1 2 3 4] [1 2 3 4 5 6 7] [1 2 3 4 5 7] [1 2 3] [1 2 3 4 5 6 7 16] [1 2 3 5] [1 2 3 4 5 6] [1 2 3 4 5 6 16] [1 2 3 4 5 6 16 27] [1 2 3 4 6 7] [1 2 3 6] [1 2 3 4 6] [1 2 3 4 5 6 7 11 16] [1 2 3 5 16 17] [1 2 3 5 7] [1 2 3 5 6] [1 2 3 4 5 7 17] [1 2 3 4 5 6 17 27 40] [1 2 3 6 7] [1 2 3 4 5 6 7 17] [1 2 3 4 5 6 7 17 27] [1 2 5] [1 2 3 5 7 17] [1 2 3 6 7 17] [] [] [] [] [] [] [] [] [] [] [] [] [] [] [] [] [] [] [] [] [] [] [] [] [] [] [] [] [] [] [] []
312 [] [1 2 3 4 5 6 7 16 17] [1 2 3 4 5] [1 2 3 4] [1 2] [1 2 3 4 5 6 7] [1] [1 2 3 4 5 7] [1 2 3] [1 2 3 4 5 6 7 16] [1 2 3 5] [1 2 3 4 5 6] [1 2 3 4 5 6 16] [1 2 3 4 5 6 16 27] [1 2 3 4 6 7] [1 2 3 6] [1 2 3 4 6] [1 2 3 4 5 6 7 11 16] [1 2 3 5 16 17] [1 2 3 5 7] [1 2 3 5 6] [1 2 3 4 5 7 17] [1 2 3 4 5 6 17 27 40] [1 2 3 6 7] [1 2 3 4 5 6 7 17] [1 2 3 4 5 6 7 17 27] [1 2 5] [1 2 3 5 7 17] [1 2 3 6 7 17] [] [] [] [] [] [] [] [] [] [] [] [] [] [] [] [] [] [] [] [] [] [] [] [] [] [] [] [] [] [] [] []
313 [] [1 2 3 4 5] [1 2] [1 2 3 4] [1 2 3 5 7] [1 2 3 4 5 6 7] [1] [1 2 3 4 5 7] [1 2 3] [1 2 3 4 5 6 7 16] [1 2 3 5] [1 2 3 4 5 6] [1 2 3 4 5 6 16] [1 2 3 4 5 6 7 16 17] [1 2 3 4 5 6 16 27] [1 2 3 4 6 7] [1 2 3 6] [1 2 3 4 6] [1 2 3 4 5 6 7 11 16] [1 2 3 5 16 17] [1 2 3 5 6] [1 2 3 4 5 7 17] [1 2 3 4 5 6 17 27 40] [1 2 3 6 7] [1 2 3 4 5 6 7 17] [1 2 3 4 5 6 7 17 27] [1 2 5] [1 2 3 5 7 17] [1 2 3 6 7 17] [] [] [] [] [] [] [] [] [] [] [] [] [] [] [] [] [] [] [] [] [] [] [] [] [] [] [] [] [] [] [] []
314 [] [1 2 3 4] [1 2 3 5 7] [1 2 3 4 5 6 7] [1] [1 2 3 4 5 7] [1 2] [1 2 3] [1 2 3 4 5 6 7 16] [1 2 3 5] [1 2 3 4 5] [1 2 3 4 5 6] [1 2 3 4 5 6 16] [1 2 3 4 5 6 7 16 17] [1 2 3 4 5 6 16 27] [1 2 3 4 6 7] [1 2 3 6] [1 2 3 4 6] [1 2 3 4 5 6 7 11 16] [1 2 3 5 16 17] [1 2 3 5 6] [1 2 3 4 5 7 17] [1 2 3 4 5 6 17 27 40] [1 2 3 6 7] [1 2 3 4 5 6 7 17] [1 2 3 4 5 6 7 17 27] [1 2 5] [1 2 3 5 7 17] [1 2 3 6 7 17] [] [] [] [] [] [] [] [] [] [] [] [] [] [] [] [] [] [] [] [] [] [] [] [] [] [] [] [] [] [] [] []
315 [] [1 2 3 4 5 6 7] [1] [1 2 3 4 5 7] [1 2] [1 2 3] [1 2 3 4 5 6 7 16] [1 2 3 5] [1 2 3 4 5] [1 2 3 4 5 6] [1 2 3 4 5 6 16] [1 2 3 4 5 6 7 16 17] [1 2 3 4 5 6 16 27] [1 2 3 4 6 7] [1 2 3 6] [1 2 3 4 6] [1 2 3 4 5 6 7 11 16] [1 2 3 5 16 17] [1 2 3 5 7] [1 2 3 5 6] [1 2 3 4 5 7 17] [1 2 3 4 5 6 17 27 40] [1 2 3 4] [1 2 3 6 7] [1 2 3 4 5 6 7 17] [1 2 3 4 5 6 7 17 27] [1 2 5] [1 2 3 5 7 17] [1 2 3 6 7 17] [] [] [] [] [] [] [] [] [] [] [] [] [] [] [] [] [] [] [] [] [] [] [] [] [] [] [] [] [] [] [] []
316 [] [1 2 3 4 5 6 7] [1] [1 2 3 4 5 7] [1 2] [1 2 3] [1 2 3 4 5 6 7 16] [1 2 3 5] [1 2 3 4 5] [1 2 3 4 5 6] [1 2 3 4 5 6 16] [1 2 3 4 5 6 7 16 17] [1 2 3 4 5 6 16 27] [1 2 3 4 6 7] [1 2 3 6] [1 2 3 4 6] [1 2 3 4 5 6 7 11 16] [1 2 3 5 16 17] [1 2 3 5 7] [1 2 3 5 6] [1 2 3 4 5 7 17] [1 2 3 4 5 6 17 27 40] [1 2 3 4] [1 2 3 6 7] [1 2 3 4 5 6 7 17] [1 2 3 4 5 6 7 17 27] [1 2 5] [1 2 3 5 7 17] [1 2 3 6 7 17] [] [] [] [] [] [] [] [] [] [] [] [] [] [] [] [] [] [] [] [] [] [] [] [] [] [] [] [] [] [] [] []
317 [] [1] [1 2 3 4 5 6] [1 2 3 4 5 7] [1 2] [1 2 3 4 5 6 7] [1 2 3] [1 2 3 4 5 6 7 16] [1 2 3 5] [1 2 3 4 5] [1 2 3 4 5 6 16] [1 2 3 4 5 6 7 16 17] [1 2 3 4 5 6 16 27] [1 2 3 4 6 7] [1 2 3 6] [1 2 3 4 6] [1 2 3 4 5 6 7 11 16] [1 2 3 5 16 17] [1 2 3 5 7] [1 2 3 5 6] [1 2 3 4 5 7 17] [1 2 3 4 5 6 17 27 40] [1 2 3 4] [1 2 3 6 7] [1 2 3 4 5 6 7 17] [1 2 3 4 5 6 7 17 27] [1 2 5] [1 2 3 5 7 17] [1 2 3 6 7 17] [] [] [] [] [] [] [] [] [] [] [] [] [] [] [] [] [] [] [] [] [] [] [] [] [] [] [] [] [] [] [] []
318 [] [1 2 3 4 5 7] [1 2] [1] [1 2 3 4 5 6 7] [1 2 3] [1 2 3 4 5 6 7 16] [1 2 3 5] [1 2 3 4 5] [1 2 3 4 5 6] [1 2 3 4 5 6 16] [1 2 3 4 5 6 7 16 17] [1 2 3 4 5 6 16 27] [1 2 3 4 6 7] [1 2 3 6] [1 2 3 4 6] [1 2 3 4 5 6 7 11 16] [1 2 3 5 16 17] [1 2 3 5 7] [1 2 3 5 6] [1 2 3 4 5 7 17] [1 2 3 4 5 6 17 27 40] [1 2 3 4] [1 2 3 6 7] [1 2 3 4 5 6 7 17] [1 2 3 4 5 6 7 17 27] [1 2 5] [1 2 3 5 7 17] [1 2 3 6 7 17] [] [] [] [] [] [] [] [] [] [] [] [] [] [] [] [] [] [] [] [] [] [] [] [] [] [] [] [] [] [] [] []
319 [] [1 2] [1] [1 2 3 4 5 6 7] [1 2 3] [1 2 3 4 5 6 7 16] [1 2 3 5] [1 2 3 4 5] [1 2 3 4 5 6] [1 2 3 4 5 6 16] [1 2 3 4 5 7] [1 2 3 4 5 6 7 16 17] [1 2 3 4 5 6 16 27] [1 2 3 4 6 7] [1 2 3 6] [1 2 3 4 6] [1 2 3 4 5 6 7 11 16] [1 2 3 5 16 17] [1 2 3 5 7] [1 2 3 5 6] [1 2 3 4 5 7 17] [1 2 3 4 5 6 17 27 40] [1 2 3 4] [1 2 3 6 7] [1 2 3 4 5 6 7 17] [1 2 3 4 5 6 7 17 27] [1 2 5] [1 2 3 5 7 17] [1 2 3 6 7 17] [] [] [] [] [] [] [] [] [] [] [] [] [] [] [] [] [] [] [] [] [] [] [] [] [] [] [] [] [] [] [] []
320 [] [1 2 3 4 5 6 7] [1 2 3 4] [1 2 3 4 5 6 7 16] [1 2] [1 2 3 5] [1 2 3 4 5] [1] [1 2 3 4 5 6] [1 2 3 4 5 6 16] [1 2 3 4 5 7] [1 2 3 4 5 6 7 16 17] [1 2 3] [1 2 3 4 5 6 16 27] [1 2 3 4 6 7] [1 2 3 6] [1 2 3 4 6] [1 2 3 4 5 6 7 11 16] [1 2 3 5 16 17] [1 2 3 5 7] [1 2 3 5 6] [1 2 3 4 5 7 17] [1 2 3 4 5 6 17 27 40] [1 2 3 6 7] [1 2 3 4 5 6 7 17] [1 2 3 4 5 6 7 17 27] [1 2 5] [1 2 3 5 7 17] [1 2 3 6 7 17] [] [] [] [] [] [] [] [] [] [] [] [] [] [] [] [] [] [] [] [] [] [] [] [] [] [] [] [] [] [] [] []
321 [] [1 2 3 4] [1 2 3 4 5 7] [1 2 3 4 5 6 7 16] [1 2 3 4 5 6 7] [1 2] [1 2 3 5] [1 2 3 4 5] [1] [1 2 3 4 5 6] [1 2 3 4 5 6 16] [1 2 3 4 5 6 7 16 17] [1 2 3] [1 2 3 4 5 6 16 27] [1 2 3 4 6 7] [1 2 3 6] [1 2 3 4 6] [1 2 3 4 5 6 7 11 16] [1 2 3 5 16 17] [1 2 3 5 7] [1 2 3 5 6] [1 2 3 4 5 7 17] [1 2 3 4 5 6 17 27 40] [1 2 3 6 7] [1 2 3 4 5 6 7 17] [1 2 3 4 5 6 7 17 27] [1 2 5] [1 2 3 5 7 17] [1 2 3 6 7 17] [] [] [] [] [] [] [] [] [] [] [] [] [] [] [] [] [] [] [] [] [] [] [] [] [] [] [] [] [] [] [] []
322 [] [1 2 3 4 5 7] [1 2 3 4 5 6 7] [1 2] [1 2 3 5] [1 2 3 4 5] [1] [1 2 3 4 5 6] [1 2 3 4 5 6 16] [1 2 3 4 5 6 7 16 17] [1 2 3] [1 2 3 4 5 6 16 27] [1 2 3 4 6 7] [1 2 3 6] [1 2 3 4 6] [1 2 3 4 5 6 7 11 16] [1 2 3 5 16 17] [1 2 3 5 7] [1 2 3 5 6] [1 2 3 4 5 7 17] [1 2 3 4 5 6 17 27 40] [1 2 3 4] [1 2 3 6 7] [1 2 3 4 5 6 7 17] [1 2 3 4 5 6 7 17 27] [1 2 5] [1 2 3 5 7 17] [1 2 3 6 7 17] [] [] [] [] [] [] [] [] [] [] [] [] [] [] [] [] [] [] [] [] [] [] [] [] [] [] [] [] [] [] [] [] []
323 [] [1 2 3 4 5 7] [1 2 3 4 5 6 7] [1 2] [1 2 3 5] [1 2 3 4 5] [1] [1 2 3 4 5 6] [1 2 3 4 5 6 16] [1 2 3 4 5 6 7 16 17] [1 2 3] [1 2 3 4 5 6 16 27] [1 2 3 4 6 7] [1 2 3 6] [1 2 3 4 6] [1 2 3 4 5 6 7 11 16] [1 2 3 5 16 17] [1 2 3 5 7] [1 2 3 5 6] [1 2 3 4 5 7 17] [1 2 3 4 5 6 17 27 40] [1 2 3 4] [1 2 3 6 7] [1 2 3 4 5 6 7 17] [1 2 3 4 5 6 7 17 27] [1 2 5] [1 2 3 5 7 17] [1 2 3 6 7 17] [] [] [] [] [] [] [] [] [] [] [] [] [] [] [] [] [] [] [] [] [] [] [] [] [] [] [] [] [] [] [] [] []
324 [] [1 2 3 4 5 6 7] [1 2] [1 2 3 5] [1 2 3 4 5] [1] [1 2 3 4 5 6] [1 2 3 4 5 6 16] [1 2 3 4 5 7] [1 2 3 4 5 6 7 16 17] [1 2 3] [1 2 3 4 5 6 16 27] [1 2 3 4 6 7] [1 2 3 6] [1 2 3 4 6] [1 2 3 4 5 6 7 11 16] [1 2 3 5 16 17] [1 2 3 5 7] [1 2 3 5 6] [1 2 3 4 5 7 17] [1 2 3 4 5 6 17 27 40] [1 2 3 4] [1 2 3 6 7] [1 2 3 4 5 6 7 17] [1 2 3 4 5 6 7 17 27] [1 2 5] [1 2 3 5 7 17] [1 2 3 6 7 17] [] [] [] [] [] [] [] [] [] [] [] [] [] [] [] [] [] [] [] [] [] [] [] [] [] [] [] [] [] [] [] [] []
325 [] [1 2 3 5] [1 2 3 4 5] [1] [1 2 3 4 5 6 7] [1 2 3 4 5 6] [1 2 3 4 5 6 16] [1 2 3 4 5 7] [1 2 3 4 5 6 7 16 17] [1 2 3] [1 2 3 4 5 6 16 27] [1 2] [1 2 3 4 6 7] [1 2 3 6] [1 2 3 4 6] [1 2 3 4 5 6 7 11 16] [1 2 3 5 16 17] [1 2 3 5 7] [1 2 3 5 6] [1 2 3 4 5 7 17] [1 2 3 4 5 6 17 27 40] [1 2 3 4] [1 2 3 6 7] [1 2 3 4 5 6 7 17] [1 2 3 4 5 6 7 17 27] [1 2 5] [1 2 3 5 7 17] [1 2 3 6 7 17] [] [] [] [] [] [] [] [] [] [] [] [] [] [] [] [] [] [] [] [] [] [] [] [] [] [] [] [] [] [] [] [] []
326 [] [1 2 3 5] [1 2 3 4] [1] [1 2 3 4 5 6 7] [1 2 3 4 5 6] [1 2 3 4 5] [1 2 3 4 5 6 16] [1 2 3 4 5 7] [1 2 3 4 5 6 7 16 17] [1 2 3] [1 2 3 4 5 6 16 27] [1 2] [1 2 3 4 6 7] [1 2 3 6] [1 2 3 4 6] [1 2 3 4 5 6 7 11 16] [1 2 3 5 16 17] [1 2 3 5 7] [1 2 3 5 6] [1 2 3 4 5 7 17] [1 2 3 4 5 6 17 27 40] [1 2 3 6 7] [1 2 3 4 5 6 7 17] [1 2 3 4 5 6 7 17 27] [1 2 5] [1 2 3 5 7 17] [1 2 3 6 7 17] [] [] [] [] [] [] [] [] [] [] [] [] [] [] [] [] [] [] [] [] [] [] [] [] [] [] [] [] [] [] [] [] []
327 [] [1 2 3 4] [1] [1 2 3 4 5 6 7] [1 2 3 4 5 6] [1 2 3 4 5] [1 2 3 4 5 6 16] [1 2 3 4 5 7] [1 2 3 4 5 6 7 16 17] [1 2 3] [1 2 3 4 5 6 16 27] [1 2] [1 2 3 4 6 7] [1 2 3 6] [1 2 3 5] [1 2 3 4 6] [1 2 3 4 5 6 7 11 16] [1 2 3 5 16 17] [1 2 3 5 7] [1 2 3 5 6] [1 2 3 4 5 7 17] [1 2 3 4 5 6 17 27 40] [1 2 3 6 7] [1 2 3 4 5 6 7 17] [1 2 3 4 5 6 7 17 27] [1 2 5] [1 2 3 5 7 17] [1 2 3 6 7 17] [] [] [] [] [] [] [] [] [] [] [] [] [] [] [] [] [] [] [] [] [] [] [] [] [] [] [] [] [] [] [] [] []
328 [] [1] [1 2 3 4 5 6 7] [1 2 3 4 5 6] [1 2 3 4 5] [1 2 3 4 5 6 16] [1 2 3 4 5 7] [1 2 3 4 5 6 7 16 17] [1 2 3] [1 2 3 4 5 6 16 27] [1 2] [1 2 3 4 6 7] [1 2 3 6] [1 2 3 5] [1 2 3 4 6] [1 2 3 4 5 6 7 11 16] [1 2 3 5 16 17] [1 2 3 5 7] [1 2 3 5 6] [1 2 3 4 5 7 17] [1 2 3 4 5 6 17 27 40] [1 2 3 4] [1 2 3 6 7] [1 2 3 4 5 6 7 17] [1 2 3 4 5 6 7 17 27] [1 2 5] [1 2 3 5 7 17] [1 2 3 6 7 17] [] [] [] [] [] [] [] [] [] [] [] [] [] [] [] [] [] [] [] [] [] [] [] [] [] [] [] [] [] [] [] [] []
329 [] [1 2 3 4 5 6 7] [1 2 3 4 5] [1 2 3 4 5 6] [1 2 3 4 5 6 16] [1 2 3 4 5 7] [1 2 3 4 5 6 7 16 17] [1 2 3] [1 2 3 4 5 6 16 27] [1 2] [1 2 3 4 6 7] [1 2 3 6] [1 2 3 5] [1 2 3 4 6] [1 2 3 4 5 6 7 11 16] [1 2 3 5 16 17] [1 2 3 5 7] [1] [1 2 3 5 6] [1 2 3 4 5 7 17] [1 2 3 4 5 6 17 27 40] [1 2 3 4] [1 2 3 6 7] [1 2 3 4 5 6 7 17] [1 2 3 4 5 6 7 17 27] [1 2 5] [1 2 3 5 7 17] [1 2 3 6 7 17] [] [] [] [] [] [] [] [] [] [] [] [] [] [] [] [] [] [] [] [] [] [] [] [] [] [] [] [] [] [] [] [] []
330 [] [1 2 3 4 5] [1 2 3 4 5 6 16] [1 2 3 4 5 7] [1 2 3 4 5 6 7 16 17] [1 2 3] [1 2 3 4 5 6 7] [1 2 3 4 5 6 16 27] [1 2] [1 2 3 4 6 7] [1 2 3 6] [1 2 3 5] [1 2 3 4 6] [1 2 3 4 5 6] [1 2 3 4 5 6 7 11 16] [1 2 3 5 16 17] [1 2 3 5 7] [1] [1 2 3 5 6] [1 2 3 4 5 7 17] [1 2 3 4 5 6 17 27 40] [1 2 3 4] [1 2 3 6 7] [1 2 3 4 5 6 7 17] [1 2 3 4 5 6 7 17 27] [1 2 5] [1 2 3 5 7 17] [1 2 3 6 7 17] [] [] [] [] [] [] [] [] [] [] [] [] [] [] [] [] [] [] [] [] [] [] [] [] [] [] [] [] [] [] [] [] []
331 [] [1 2 3 4 5] [1 2 3] [1 2 3 4 5 6 16] [1 2 3 4 5 7] [1 2 3 4 5 6 7 16 17] [1 2 3 4 5 6 7] [1 2 3 4 5 6 16 27] [1 2] [1 2 3 4 6 7] [1 2 3 6] [1 2 3 5] [1 2 3 4 6] [1 2 3 4 5 6] [1 2 3 4 5 6 7 11 16] [1 2 3 5 16 17] [1 2 3 5 7] [1] [1 2 3 5 6] [1 2 3 4 5 7 17] [1 2 3 4 5 6 17 27 40] [1 2 3 4] [1 2 3 6 7] [1 2 3 4 5 6 7 17] [1 2 3 4 5 6 7 17 27] [1 2 5] [1 2 3 5 7 17] [1 2 3 6 7 17] [] [] [] [] [] [] [] [] [] [] [] [] [] [] [] [] [] [] [] [] [] [] [] [] [] [] [] [] [] [] [] [] []
332 [] [1 2 3] [1 2 3 4 5] [1 2 3 4 5 6 16] [1 2 3 4 5 7] [1 2 3 4 5 6 7 16 17] [1 2 3 4 5 6 7] [1 2 3 4 5 6 16 27] [1 2] [1 2 3 4 6 7] [1 2 3 6] [1 2 3 5] [1 2 3 4 6] [1 2 3 4 5 6] [1 2 3 4 5 6 7 11 16] [1 2 3 5 16 17] [1 2 3 5 7] [1] [1 2 3 5 6] [1 2 3 4 5 7 17] [1 2 3 4 5 6 17 27 40] [1 2 3 4] [1 2 3 6 7] [1 2 3 4 5 6 7 17] [1 2 3 4 5 6 7 17 27] [1 2 5] [1 2 3 5 7 17] [1 2 3 6 7 17] [] [] [] [] [] [] [] [] [] [] [] [] [] [] [] [] [] [] [] [] [] [] [] [] [] [] [] [] [] [] [] [] []
333 [] [1 2 3 4 5] [1 2 3 4 5 6 16] [1 2 3 4 5 7] [1 2 3 4 5 6 7 16 17] [1 2 3] [1 2 3 4 5 6 7] [1 2 3 4 5 6 16 27] [1 2 3 4 6 7] [1 2 3 6] [1 2] [1 2 3 5] [1 2 3 4 6] [1 2 3 4 5 6] [1 2 3 4 5 6 7 11 16] [1 2 3 5 16 17] [1 2 3 5 7] [1] [1 2 3 5 6] [1 2 3 4 5 7 17] [1 2 3 4 5 6 17 27 40] [1 2 3 4] [1 2 3 6 7] [1 2 3 4 5 6 7 17] [1 2 3 4 5 6 7 17 27] [1 2 5] [1 2 3 5 7 17] [1 2 3 6 7 17] [] [] [] [] [] [] [] [] [] [] [] [] [] [] [] [] [] [] [] [] [] [] [] [] [] [] [] [] [] [] [] [] []
334 [] [1 2 3 4 5 6 16] [1 2 3 4 5 7] [1 2 3 4 5] [1 2 3 4 5 6 7 16 17] [1 2 3] [1 2 3 4 5 6 7] [1 2 3 4 5 6 16 27] [1 2 3 4 6 7] [1 2 3 6] [1 2] [1 2 3 5] [1 2 3 4 6] [1 2 3 4 5 6] [1 2 3 4 5 6 7 11 16] [1 2 3 5 16 17] [1 2 3 5 7] [1] [1 2 3 5 6] [1 2 3 4 5 7 17] [1 2 3 4 5 6 17 27 40] [1 2 3 4] [1 2 3 6 7] [1 2 3 4 5 6 7 17] [1 2 3 4 5 6 7 17 27] [1 2 5] [1 2 3 5 7 17] [1 2 3 6 7 17] [] [] [] [] [] [] [] [] [] [] [] [] [] [] [] [] [] [] [] [] [] [] [] [] [] [] [] [] [] [] [] [] []
335 [] [1 2 3 4 5 6 16] [1 2 3 4 5 7] [1 2 3 4 5] [1 2 3 4 5 6 7 16 17] [1 2 3] [1 2 3 4 5 6 7] [1 2 3 4 5 6 16 27] [1 2 3 4 6 7] [1 2 3 6] [1 2] [1 2 3 5] [1 2 3 4 6] [1 2 3 4 5 6] [1 2 3 4 5 6 7 11 16] [1 2 3 5 16 17] [1 2 3 5 7] [1] [1 2 3 5 6] [1 2 3 4 5 7 17] [1 2 3 4 5 6 17 27 40] [1 2 3 4] [1 2 3 6 7] [1 2 3 4 5 6 7 17] [1 2 3 4 5 6 7 17 27] [1 2 5] [1 2 3 5 7 17] [1 2 3 6 7 17] [] [] [] [] [] [] [] [] [] [] [] [] [] [] [] [] [] [] [] [] [] [] [] [] [] [] [] [] [] [] [] [] []
336 [] [1 2 3 4 5 7] [1 2 3 4 5] [1 2 3 4 5 6 7 16 17] [1 2 3] [1 2 3 4 5 6 7] [1 2 3 4 5 6 16 27] [1 2 3 4 6 7] [1 2 3 6] [1 2] [1 2 3 5] [1 2 3 4 6] [1 2 3 4 5 6] [1 2 3 4 5 6 7 11 16] [1 2 3 5 16 17] [1 2 3 5 7] [1] [1 2 3 5 6] [1 2 3 4 5 7 17] [1 2 3 4 5 6 17 27 40] [1 2 3 4] [1 2 3 6 7] [1 2 3 4 5 6 7 17] [1 2 3 4 5 6 16] [1 2 3 4 5 6 7 17 27] [1 2 5] [1 2 3 5 7 17] [1 2 3 6 7 17] [] [] [] [] [] [] [] [] [] [] [] [] [] [] [] [] [] [] [] [] [] [] [] [] [] [] [] [] [] [] [] [] []
337 [] [1 2 3 4 5] [1 2 3 4 5 6 7 16 17] [1 2 3] [1 2 3 4 5 6 7] [1 2 3 4 5 6 16 27] [1 2 3 4 6 7] [1 2 3 6] [1 2] [1 2 3 5] [1 2 3 4 5 7] [1 2 3 4 6] [1 2 3 4 5 6] [1 2 3 4 5 6 7 11 16] [1 2 3 5 16 17] [1 2 3 5 7] [1] [1 2 3 5 6] [1 2 3 4 5 7 17] [1 2 3 4 5 6 17 27 40] [1 2 3 4] [1 2 3 6 7] [1 2 3 4 5 6 7 17] [1 2 3 4 5 6 16] [1 2 3 4 5 6 7 17 27] [1 2 5] [1 2 3 5 7 17] [1 2 3 6 7 17] [] [] [] [] [] [] [] [] [] [] [] [] [] [] [] [] [] [] [] [] [] [] [] [] [] [] [] [] [] [] [] [] []
338 [] [1 2 3 4 5 6 7 16 17] [1 2 3] [1 2 3 4 5 6 7] [1 2 3 4 5] [1 2 3 4 5 6 16 27] [1 2 3 4 6 7] [1 2 3 6] [1 2] [1 2 3 5] [1 2 3 4 5 7] [1 2 3 4 6] [1 2 3 4 5 6] [1 2 3 4 5 6 7 11 16] [1 2 3 5 16 17] [1 2 3 5 7] [1] [1 2 3 5 6] [1 2 3 4 5 7 17] [1 2 3 4 5 6 17 27 40] [1 2 3 4] [1 2 3 6 7] [1 2 3 4 5 6 7 17] [1 2 3 4 5 6 16] [1 2 3 4 5 6 7 17 27] [1 2 5] [1 2 3 5 7 17] [1 2 3 6 7 17] [] [] [] [] [] [] [] [] [] [] [] [] [] [] [] [] [] [] [] [] [] [] [] [] [] [] [] [] [] [] [] [] []
339 [] [1 2 3] [1 2 3 4 5 6 7] [1 2 3 4 5] [1 2 3 4 5 6 16 27] [1 2 3 4 6 7] [1 2 3 6] [1 2] [1 2 3 5] [1 2 3 4 5 7] [1 2 3 4 6] [1 2 3 4 5 6] [1 2 3 4 5 6 7 11 16] [1 2 3 5 16 17] [1 2 3 5 7] [1 2 3 4 5 6 7 16 17] [1] [1 2 3 5 6] [1 2 3 4 5 7 17] [1 2 3 4 5 6 17 27 40] [1 2 3 4] [1 2 3 6 7] [1 2 3 4 5 6 7 17] [1 2 3 4 5 6 16] [1 2 3 4 5 6 7 17 27] [1 2 5] [1 2 3 5 7 17] [1 2 3 6 7 17] [] [] [] [] [] [] [] [] [] [] [] [] [] [] [] [] [] [] [] [] [] [] [] [] [] [] [] [] [] [] [] [] []
340 [] [1 2 3] [1 2 3 4 5 6 7] [1 2 3 4 5] [1 2 3 4 5 6 16 27] [1 2 3 4 6 7] [1 2 3 6] [1 2] [1 2 3 5] [1 2 3 4 5 7] [1 2 3 4 6] [1 2 3 4 5 6] [1 2 3 4 5 6 7 11 16] [1 2 3 5 16 17] [1 2 3 5 7] [1 2 3 4 5 6 7 16 17] [1] [1 2 3 5 6] [1 2 3 4 5 7 17] [1 2 3 4 5 6 17 27 40] [1 2 3 4] [1 2 3 6 7] [1 2 3 4 5 6 7 17] [1 2 3 4 5 6 16] [1 2 3 4 5 6 7 17 27] [1 2 5] [1 2 3 5 7 17] [1 2 3 6 7 17] [] [] [] [] [] [] [] [] [] [] [] [] [] [] [] [] [] [] [] [] [] [] [] [] [] [] [] [] [] [] [] [] []
341 [] [1 2 3 4 5 6 7] [1 2 3 4 5] [1 2 3 4 5 6 16 27] [1 2 3 4 6 7] [1 2 3 6] [1 2] [1 2 3 5] [1 2 3 4 5 7] [1 2 3 4 6] [1 2 3 4 5 6] [1 2 3 4 5 6 7 11 16] [1 2 3 5 16 17] [1 2 3 5 7] [1 2 3] [1 2 3 4 5 6 7 16 17] [1] [1 2 3 5 6] [1 2 3 4 5 7 17] [1 2 3 4 5 6 17 27 40] [1 2 3 4] [1 2 3 6 7] [1 2 3 4 5 6 7 17] [1 2 3 4 5 6 16] [1 2 3 4 5 6 7 17 27] [1 2 5] [1 2 3 5 7 17] [1 2 3 6 7 17] [] [] [] [] [] [] [] [] [] [] [] [] [] [] [] [] [] [] [] [] [] [] [] [] [] [] [] [] [] [] [] [] []
342 [] [1 2 3 4 5] [1 2 3 4 5 6 16 27] [1 2 3 4 5 6 7] [1 2 3 4 6 7] [1 2 3 6] [1 2] [1 2 3 5] [1 2 3 4 5 7] [1 2 3 4 6] [1 2 3 4 5 6] [1 2 3 4 5 6 7 11 16] [1 2 3 5 16 17] [1 2 3 5 7] [1 2 3] [1 2 3 4 5 6 7 16 17] [1] [1 2 3 5 6] [1 2 3 4 5 7 17] [1 2 3 4 5 6 17 27 40] [1 2 3 4] [1 2 3 6 7] [1 2 3 4 5 6 7 17] [1 2 3 4 5 6 16] [1 2 3 4 5 6 7 17 27] [1 2 5] [1 2 3 5 7 17] [1 2 3 6 7 17] [] [] [] [] [] [] [] [] [] [] [] [] [] [] [] [] [] [] [] [] [] [] [] [] [] [] [] [] [] [] [] [] []
343 [] [1 2 3 4 5 6 16 27] [1 2 3 4 5 6] [1 2 3 4 5] [1 2 3 4 6 7] [1 2 3 6] [1 2 3 4 5 6 7] [1 2] [1 2 3 5] [1 2 3 4 5 7] [1 2 3 4 6] [1 2 3 4 5 6 7 11 16] [1 2 3 5 16 17] [1 2 3 5 7] [1 2 3] [1 2 3 4 5 6 7 16 17] [1] [1 2 3 5 6] [1 2 3 4 5 7 17] [1 2 3 4 5 6 17 27 40] [1 2 3 4] [1 2 3 6 7] [1 2 3 4 5 6 7 17] [1 2 3 4 5 6 16] [1 2 3 4 5 6 7 17 27] [1 2 5] [1 2 3 5 7 17] [1 2 3 6 7 17] [] [] [] [] [] [] [] [] [] [] [] [] [] [] [] [] [] [] [] [] [] [] [] [] [] [] [] [] [] [] [] [] []
344 [] [1 2 3 4 5 6] [1 2 3 4 5] [1 2 3 4 6 7] [1 2 3 6] [1 2 3 4 5 6 7] [1 2] [1 2 3 5] [1 2 3 4 5 7] [1 2 3 4 6] [1 2 3 4 5 6 7 11 16] [1 2 3 5 16 17] [1 2 3 5 7] [1 2 3] [1 2 3 4 5 6 7 16 17] [1] [1 2 3 5 6] [1 2 3 4 5 7 17] [1 2 3 4 5 6 17 27 40] [1 2 3 4] [1 2 3 6 7] [1 2 3 4 5 6 7 17] [1 2 3 4 5 6 16] [1 2 3 4 5 6 7 17 27] [1 2 5] [1 2 3 5 7 17] [1 2 3 6 7 17] [] [] [] [] [] [] [] [] [] [] [] [] [] [] [] [] [] [] [] [] [] [] [] [] [] [] [] [] [] [] [] [] [] []
345 [] [1 2 3 4 5] [1 2 3 4 6 7] [1 2 3 6] [1 2 3 4 5 6 7] [1 2] [1 2 3 5] [1 2 3 4 5 7] [1 2 3 4 6] [1 2 3 4 5 6] [1 2 3 4 5 6 7 11 16] [1 2 3 5 16 17] [1 2 3 5 7] [1 2 3] [1 2 3 4 5 6 7 16 17] [1] [1 2 3 5 6] [1 2 3 4 5 7 17] [1 2 3 4 5 6 17 27 40] [1 2 3 4] [1 2 3 6 7] [1 2 3 4 5 6 7 17] [1 2 3 4 5 6 16] [1 2 3 4 5 6 7 17 27] [1 2 5] [1 2 3 5 7 17] [1 2 3 6 7 17] [] [] [] [] [] [] [] [] [] [] [] [] [] [] [] [] [] [] [] [] [] [] [] [] [] [] [] [] [] [] [] [] [] []
346 [] [1 2 3 4 6 7] [1 2] [1 2 3 4 5 6 7] [1 2 3 5] [1 2 3 4 5 7] [1 2 3 4 6] [1 2 3 4 5] [1 2 3 4 5 6] [1 2 3 4 5 6 7 11 16] [1 2 3 5 16 17] [1 2 3 5 7] [1 2 3] [1 2 3 4 5 6 7 16 17] [1] [1 2 3 5 6] [1 2 3 4 5 7 17] [1 2 3 4 5 6 17 27 40] [1 2 3 4] [1 2 3 6 7] [1 2 3 4 5 6 7 17] [1 2 3 4 5 6 16] [1 2 3 4 5 6 7 17 27] [1 2 5] [1 2 3 5 7 17] [1 2 3 6 7 17] [] [] [] [] [] [] [] [] [] [] [] [] [] [] [] [] [] [] [] [] [] [] [] [] [] [] [] [] [] [] [] [] [] [] []
347 [] [1 2] [1 2 3 4 5 6 7] [1 2 3 5] [1 2 3 4 5 7] [1 2 3 4 6] [1 2 3 4 5] [1 2 3 4 5 6] [1 2 3 4 5 6 7 11 16] [1 2 3 5 16 17] [1 2 3 5 7] [1 2 3] [1 2 3 4 5 6 7 16 17] [1] [1 2 3 5 6] [1 2 3 4 5 7 17] [1 2 3 4 5 6 17 27 40] [1 2 3 4] [1 2 3 4 6 7] [1 2 3 6 7] [1 2 3 4 5 6 7 17] [1 2 3 4 5 6 16] [1 2 3 4 5 6 7 17 27] [1 2 5] [1 2 3 5 7 17] [1 2 3 6 7 17] [] [] [] [] [] [] [] [] [] [] [] [] [] [] [] [] [] [] [] [] [] [] [] [] [] [] [] [] [] [] [] [] [] [] []
348 [] [1 2 3 5] [1 2 3 4 5 7] [1 2 3 4 6] [1 2 3 4 5] [1 2 3 4 5 6] [1 2 3 4 5 6 7 11 16] [1 2 3 5 16 17] [1 2 3 5 7] [1 2 3] [1 2 3 4 5 6 7 16 17] [1 2 3 4 5 6 7] [1 2] [1] [1 2 3 5 6] [1 2 3 4 5 7 17] [1 2 3 4 5 6 17 27 40] [1 2 3 4] [1 2 3 4 6 7] [1 2 3 6 7] [1 2 3 4 5 6 7 17] [1 2 3 4 5 6 16] [1 2 3 4 5 6 7 17 27] [1 2 5] [1 2 3 5 7 17] [1 2 3 6 7 17] [] [] [] [] [] [] [] [] [] [] [] [] [] [] [] [] [] [] [] [] [] [] [] [] [] [] [] [] [] [] [] [] [] [] []
349 [] [1 2 3 4 5 7] [1 2 3 4 6] [1 2 3 4 5] [1 2 3 4 5 6] [1 2 3 4 5 6 7 11 16] [1 2 3 5 16 17] [1 2 3 5 7] [1 2 3] [1 2 3 4 5 6 7 16 17] [1 2 3 4 5 6 7] [1 2] [1] [1 2 3 5] [1 2 3 5 6] [1 2 3 4 5 7 17] [1 2 3 4 5 6 17 27 40] [1 2 3 4] [1 2 3 4 6 7] [1 2 3 6 7] [1 2 3 4 5 6 7 17] [1 2 3 4 5 6 16] [1 2 3 4 5 6 7 17 27] [1 2 5] [1 2 3 5 7 17] [1 2 3 6 7 17] [] [] [] [] [] [] [] [] [] [] [] [] [] [] [] [] [] [] [] [] [] [] [] [] [] [] [] [] [] [] [] [] [] [] []
350 [] [1 2 3 4 5 7] [1 2 3 4 6] [1 2 3 4 5] [1 2 3 4 5 6] [1 2 3 4 5 6 7 11 16] [1 2 3 5 16 17] [1 2 3 5 7] [1 2 3] [1 2 3 4 5 6 7 16 17] [1 2 3 4 5 6 7] [1 2] [1] [1 2 3 5] [1 2 3 5 6] [1 2 3 4 5 7 17] [1 2 3 4 5 6 17 27 40] [1 2 3 4] [1 2 3 4 6 7] [1 2 3 6 7] [1 2 3 4 5 6 7 17] [1 2 3 4 5 6 16] [1 2 3 4 5 6 7 17 27] [1 2 5] [1 2 3 5 7 17] [1 2 3 6 7 17] [] [] [] [] [] [] [] [] [] [] [] [] [] [] [] [] [] [] [] [] [] [] [] [] [] [] [] [] [] [] [] [] [] [] []
351 [] [1 2 3 4 6] [1 2 3 4 5] [1 2 3 4 5 6] [1 2 3 4 5 6 7 11 16] [1 2 3 5 16 17] [1 2 3 5 7] [1 2 3] [1 2 3 4 5 6 7 16 17] [1 2 3 4 5 6 7] [1 2] [1] [1 2 3 5] [1 2 3 4 5 7] [1 2 3 5 6] [1 2 3 4 5 7 17] [1 2 3 4 5 6 17 27 40] [1 2 3 4] [1 2 3 4 6 7] [1 2 3 6 7] [1 2 3 4 5 6 7 17] [1 2 3 4 5 6 16] [1 2 3 4 5 6 7 17 27] [1 2 5] [1 2 3 5 7 17] [1 2 3 6 7 17] [] [] [] [] [] [] [] [] [] [] [] [] [] [] [] [] [] [] [] [] [] [] [] [] [] [] [] [] [] [] [] [] [] [] []
352 [] [1 2 3 4 5] [1 2 3 4 5 6] [1 2 3 4 5 6 7 11 16] [1 2 3 5 16 17] [1 2 3] [1 2 3 4 5 6 7 16 17] [1 2 3 4 5 6 7] [1 2] [1] [1 2 3 5] [1 2 3 4 5 7] [1 2 3 5 6] [1 2 3 4 5 7 17] [1 2 3 4 5 6 17 27 40] [1 2 3 4] [1 2 3 4 6] [1 2 3 4 6 7] [1 2 3 6 7] [1 2 3 4 5 6 7 17] [1 2 3 4 5 6 16] [1 2 3 4 5 6 7 17 27] [1 2 5] [1 2 3 5 7 17] [1 2 3 6 7 17] [] [] [] [] [] [] [] [] [] [] [] [] [] [] [] [] [] [] [] [] [] [] [] [] [] [] [] [] [] [] [] [] [] [] [] []
353 [] [1 2 3 4 5 6] [1 2 3 4 5 6 7 11 16] [1 2 3 5 16 17] [1 2 3] [1 2 3 4 5 6 7 16 17] [1 2 3 4 5 6 7] [1 2] [1 2 3 4 5] [1] [1 2 3 5] [1 2 3 4 5 7] [1 2 3 5 6] [1 2 3 4 5 7 17] [1 2 3 4 5 6 17 27 40] [1 2 3 4] [1 2 3 4 6] [1 2 3 4 6 7] [1 2 3 6 7] [1 2 3 4 5 6 7 17] [1 2 3 4 5 6 16] [1 2 3 4 5 6 7 17 27] [1 2 5] [1 2 3 5 7 17] [1 2 3 6 7 17] [] [] [] [] [] [] [] [] [] [] [] [] [] [] [] [] [] [] [] [] [] [] [] [] [] [] [] [] [] [] [] [] [] [] [] []
354 [] [1 2 3 4 5 6] [1 2 3 4 5 6 7 11 16] [1 2 3 5 16 17] [1 2 3] [1 2 3 4 5 6 7 16 17] [1 2 3 4 5 6 7] [1 2] [1 2 3 4 5] [1] [1 2 3 5] [1 2 3 4 5 7] [1 2 3 5 6] [1 2 3 4 5 7 17] [1 2 3 4 5 6 17 27 40] [1 2 3 4] [1 2 3 4 6] [1 2 3 4 6 7] [1 2 3 6 7] [1 2 3 4 5 6 7 17] [1 2 3 4 5 6 16] [1 2 3 4 5 6 7 17 27] [1 2 5] [1 2 3 5 7 17] [1 2 3 6 7 17] [] [] [] [] [] [] [] [] [] [] [] [] [] [] [] [] [] [] [] [] [] [] [] [] [] [] [] [] [] [] [] [] [] [] [] []
355 [] [1 2 3 4 5 6 7 11 16] [1 2 3 5 16 17] [1 2 3] [1 2 3 4 5 6 7 16 17] [1 2 3 4 5 6 7] [1 2] [1 2 3 4 5] [1] [1 2 3 4 5 6] [1 2 3 5] [1 2 3 4 5 7] [1 2 3 5 6] [1 2 3 4 5 7 17] [1 2 3 4 5 6 17 27 40] [1 2 3 4] [1 2 3 4 6] [1 2 3 4 6 7] [1 2 3 6 7] [1 2 3 4 5 6 7 17] [1 2 3 4 5 6 16] [1 2 3 4 5 6 7 17 27] [1 2 5] [1 2 3 5 7 17] [1 2 3 6 7 17] [] [] [] [] [] [] [] [] [] [] [] [] [] [] [] [] [] [] [] [] [] [] [] [] [] [] [] [] [] [] [] [] [] [] [] []
356 [] [1 2 3 5 16 17] [1 2 3] [1 2 3 4 5 6 7 16 17] [1 2 3 4 5 6 7] [1 2] [1 2 3 4 5] [1] [1 2 3 4 5 6] [1 2 3 5] [1 2 3 4 5 7] [1 2 3 5 6] [1 2 3 4 5 7 17] [1 2 3 4 5 6 17 27 40] [1 2 3 4] [1 2 3 4 6] [1 2 3 4 6 7] [1 2 3 6 7] [1 2 3 4 5 6 7 17] [1 2 3 4 5 6 16] [1 2 3 4 5 6 7 17 27] [1 2 5] [1 2 3 5 7 17] [1 2 3 6 7 17] [] [] [] [] [] [] [] [] [] [] [] [] [] [] [] [] [] [] [] [] [] [] [] [] [] [] [] [] [] [] [] [] [] [] [] [] []
357 [] [1 2 3] [1 2 3 4 5 6 7 16 17] [1 2 3 4 5 6 7] [1 2] [1 2 3 4 5] [1] [1 2 3 4 5 6] [1 2 3 5] [1 2 3 4 5 7] [1 2 3 5 6] [1 2 3 4 5 7 17] [1 2 3 4 5 6 17 27 40] [1 2 3 4] [1 2 3 4 6] [1 2 3 4 6 7] [1 2 3 6 7] [1 2 3 4 5 6 7 17] [1 2 3 4 5 6 16] [1 2 3 4 5 6 7 17 27] [1 2 5] [1 2 3 5 7 17] [1 2 3 6 7 17] [] [] [] [] [] [] [] [] [] [] [] [] [] [] [] [] [] [] [] [] [] [] [] [] [] [] [] [] [] [] [] [] [] [] [] [] [] []
358 [] [1 2 3] [1 2 3 4 5 6 7 16 17] [1 2 3 4 5 6 7] [1 2] [1 2 3 4 5] [1] [1 2 3 4 5 6] [1 2 3 5] [1 2 3 4 5 7] [1 2 3 5 6] [1 2 3 4 5 7 17] [1 2 3 4 5 6 17 27 40] [1 2 3 4] [1 2 3 4 6] [1 2 3 4 6 7] [1 2 3 6 7] [1 2 3 4 5 6 7 17] [1 2 3 4 5 6 16] [1 2 3 4 5 6 7 17 27] [1 2 5] [1 2 3 5 7 17] [1 2 3 6 7 17] [] [] [] [] [] [] [] [] [] [] [] [] [] [] [] [] [] [] [] [] [] [] [] [] [] [] [] [] [] [] [] [] [] [] [] [] [] []
359 [] [1 2 3 4 5 6 7 16 17] [1 2 3 4 5] [1 2 3 4 5 6 7] [1 2] [1] [1 2 3 4 5 6] [1 2 3 5] [1 2 3 4 5 7] [1 2 3] [1 2 3 5 6] [1 2 3 4 5 7 17] [1 2 3 4 5 6 17 27 40] [1 2 3 4] [1 2 3 4 6] [1 2 3 4 6 7] [1 2 3 6 7] [1 2 3 4 5 6 7 17] [1 2 3 4 5 6 16] [1 2 3 4 5 6 7 17 27] [1 2 5] [1 2 3 5 7 17] [1 2 3 6 7 17] [] [] [] [] [] [] [] [] [] [] [] [] [] [] [] [] [] [] [] [] [] [] [] [] [] [] [] [] [] [] [] [] [] [] [] [] [] []
360 [] [1 2 3 4 5] [1 2] [1 2 3 4 5 6 7] [1] [1 2 3 4 5 6] [1 2 3 5] [1 2 3 4 5 7] [1 2 3] [1 2 3 5 6] [1 2 3 4 5 7 17] [1 2 3 4 5 6 17 27 40] [1 2 3 4] [1 2 3 4 6] [1 2 3 4 6 7] [1 2 3 6 7] [1 2 3 4 5 6 7 17] [1 2 3 4 5 6 16] [1 2 3 4 5 6 7 17 27] [1 2 5] [1 2 3 5 7 17] [1 2 3 6 7 17] [] [] [] [] [] [] [] [] [] [] [] [] [] [] [] [] [] [] [] [] [] [] [] [] [] [] [] [] [] [] [] [] [] [] [] [] [] [] []
361 [] [1 2 3 4 5 6 7] [1 2 3 4 5] [1 2 3 5] [1] [1 2 3 4 5 6] [1 2 3 4 5 7] [1 2] [1 2 3] [1 2 3 5 6] [1 2 3 4 5 7 17] [1 2 3 4 5 6 17 27 40] [1 2 3 4] [1 2 3 4 6] [1 2 3 4 6 7] [1 2 3 6 7] [1 2 3 4 5 6 7 17] [1 2 3 4 5 6 16] [1 2 3 4 5 6 7 17 27] [1 2 5] [1 2 3 5 7 17] [1 2 3 6 7 17] [] [] [] [] [] [] [] [] [] [] [] [] [] [] [] [] [] [] [] [] [] [] [] [] [] [] [] [] [] [] [] [] [] [] [] [] [] [] []
362 [] [1 2 3 5] [1] [1 2 3 4 5 6 7] [1 2 3 4 5 6] [1 2 3 4 5 7] [1 2] [1 2 3] [1 2 3 5 6] [1 2 3 4 5 7 17] [1 2 3 4 5] [1 2 3 4 5 6 17 27 40] [1 2 3 4] [1 2 3 4 6] [1 2 3 4 6 7] [1 2 3 6 7] [1 2 3 4 5 6 7 17] [1 2 3 4 5 6 16] [1 2 3 4 5 6 7 17 27] [1 2 5] [1 2 3 5 7 17] [1 2 3 6 7 17] [] [] [] [] [] [] [] [] [] [] [] [] [] [] [] [] [] [] [] [] [] [] [] [] [] [] [] [] [] [] [] [] [] [] [] [] [] [] []
363 [] [1 2 3 4 5 6 7] [1 2 3 4 5 6] [1 2 3 5] [1 2 3 4 5 7] [1 2] [1 2 3] [1 2 3 5 6] [1] [1 2 3 4 5 7 17] [1 2 3 4 5] [1 2 3 4 5 6 17 27 40] [1 2 3 4] [1 2 3 4 6] [1 2 3 4 6 7] [1 2 3 6 7] [1 2 3 4 5 6 7 17] [1 2 3 4 5 6 16] [1 2 3 4 5 6 7 17 27] [1 2 5] [1 2 3 5 7 17] [1 2 3 6 7 17] [] [] [] [] [] [] [] [] [] [] [] [] [] [] [] [] [] [] [] [] [] [] [] [] [] [] [] [] [] [] [] [] [] [] [] [] [] [] []
364 [] [1 2 3 4 5 6 7] [1 2 3 4 5 6] [1 2 3 5] [1 2 3 4 5 7] [1 2] [1 2 3] [1 2 3 5 6] [1] [1 2 3 4 5 7 17] [1 2 3 4 5] [1 2 3 4 5 6 17 27 40] [1 2 3 4] [1 2 3 4 6] [1 2 3 4 6 7] [1 2 3 6 7] [1 2 3 4 5 6 7 17] [1 2 3 4 5 6 16] [1 2 3 4 5 6 7 17 27] [1 2 5] [1 2 3 5 7 17] [1 2 3 6 7 17] [] [] [] [] [] [] [] [] [] [] [] [] [] [] [] [] [] [] [] [] [] [] [] [] [] [] [] [] [] [] [] [] [] [] [] [] [] [] []
365 [] [1 2 3 4 5 6] [1 2 3 5] [1 2 3 4 5 7] [1 2] [1 2 3] [1 2 3 5 6] [1] [1 2 3 4 5 7 17] [1 2 3 4 5] [1 2 3 4 5 6 17 27 40] [1 2 3 4] [1 2 3 4 6] [1 2 3 4 6 7] [1 2 3 6 7] [1 2 3 4 5 6 7 17] [1 2 3 4 5 6 16] [1 2 3 4 5 6 7 17 27] [1 2 5] [1 2 3 4 5 6 7] [1 2 3 5 7 17] [1 2 3 6 7 17] [] [] [] [] [] [] [] [] [] [] [] [] [] [] [] [] [] [] [] [] [] [] [] [] [] [] [] [] [] [] [] [] [] [] [] [] [] [] []
366 [] [1 2 3 4 5 7] [1 2 3 4 5 6] [1 2 3 5] [1 2] [1 2 3] [1 2 3 5 6] [1] [1 2 3 4 5 7 17] [1 2 3 4 5] [1 2 3 4 5 6 17 27 40] [1 2 3 4] [1 2 3 4 6] [1 2 3 4 6 7] [1 2 3 6 7] [1 2 3 4 5 6 7 17] [1 2 3 4 5 6 16] [1 2 3 4 5 6 7 17 27] [1 2 5] [1 2 3 4 5 6 7] [1 2 3 5 7 17] [1 2 3 6 7 17] [] [] [] [] [] [] [] [] [] [] [] [] [] [] [] [] [] [] [] [] [] [] [] [] [] [] [] [] [] [] [] [] [] [] [] [] [] [] []
367 [] [1 2 3 4 5 7] [1 2 3 4 5 6] [1 2 3 5] [1 2] [1 2 3] [1 2 3 5 6] [1] [1 2 3 4 5 7 17] [1 2 3 4 5] [1 2 3 4 5 6 17 27 40] [1 2 3 4] [1 2 3 4 6] [1 2 3 4 6 7] [1 2 3 6 7] [1 2 3 4 5 6 7 17] [1 2 3 4 5 6 16] [1 2 3 4 5 6 7 17 27] [1 2 5] [1 2 3 4 5 6 7] [1 2 3 5 7 17] [1 2 3 6 7 17] [] [] [] [] [] [] [] [] [] [] [] [] [] [] [] [] [] [] [] [] [] [] [] [] [] [] [] [] [] [] [] [] [] [] [] [] [] [] []
368 [] [1 2 3 4 5 6] [1 2 3 5] [1 2] [1 2 3] [1 2 3 5 6] [1] [1 2 3 4 5 7 17] [1 2 3 4 5] [1 2 3 4 5 6 17 27 40] [1 2 3 4] [1 2 3 4 6] [1 2 3 4 6 7] [1 2 3 6 7] [1 2 3 4 5 6 7 17] [1 2 3 4 5 7] [1 2 3 4 5 6 16] [1 2 3 4 5 6 7 17 27] [1 2 5] [1 2 3 4 5 6 7] [1 2 3 5 7 17] [1 2 3 6 7 17] [] [] [] [] [] [] [] [] [] [] [] [] [] [] [] [] [] [] [] [] [] [] [] [] [] [] [] [] [] [] [] [] [] [] [] [] [] [] []
369 [] [1 2 3 5] [1 2] [1 2 3] [1 2 3 5 6] [1] [1 2 3 4 5 7 17] [1 2 3 4 5] [1 2 3 4 5 6 17 27 40] [1 2 3 4] [1 2 3 4 6] [1 2 3 4 6 7] [1 2 3 6 7] [1 2 3 4 5 6 7 17] [1 2 3 4 5 7] [1 2 3 4 5 6] [1 2 3 4 5 6 16] [1 2 3 4 5 6 7 17 27] [1 2 5] [1 2 3 4 5 6 7] [1 2 3 5 7 17] [1 2 3 6 7 17] [] [] [] [] [] [] [] [] [] [] [] [] [] [] [] [] [] [] [] [] [] [] [] [] [] [] [] [] [] [] [] [] [] [] [] [] [] [] []
370 [] [1 2 3 5] [1 2] [1 2 3] [1 2 3 5 6] [1] [1 2 3 4 5 7 17] [1 2 3 4 5] [1 2 3 4 5 6 17 27 40] [1 2 3 4] [1 2 3 4 6] [1 2 3 4 6 7] [1 2 3 6 7] [1 2 3 4 5 6 7 17] [1 2 3 4 5 7] [1 2 3 4 5 6] [1 2 3 4 5 6 16] [1 2 3 4 5 6 7 17 27] [1 2 5] [1 2 3 4 5 6 7] [1 2 3 5 7 17] [1 2 3 6 7 17] [] [] [] [] [] [] [] [] [] [] [] [] [] [] [] [] [] [] [] [] [] [] [] [] [] [] [] [] [] [] [] [] [] [] [] [] [] [] []
371 [] [1 2 3 5] [1 2] [1 2 3] [1 2 3 5 6] [1] [1 2 3 4 5 7 17] [1 2 3 4 5] [1 2 3 4 5 6 17 27 40] [1 2 3 4] [1 2 3 4 6] [1 2 3 4 6 7] [1 2 3 6 7] [1 2 3 4 5 6 7 17] [1 2 3 4 5 7] [1 2 3 4 5 6] [1 2 3 4 5 6 16] [1 2 3 4 5 6 7 17 27] [1 2 5] [1 2 3 4 5 6 7] [1 2 3 5 7 17] [1 2 3 6 7 17] [] [] [] [] [] [] [] [] [] [] [] [] [] [] [] [] [] [] [] [] [] [] [] [] [] [] [] [] [] [] [] [] [] [] [] [] [] [] []
372 [] [1 2] [1 2 3] [1 2 3 5 6] [1 2 3 4 5] [1] [1 2 3 4 5 7 17] [1 2 3 4 5 6 17 27 40] [1 2 3 4] [1 2 3 4 6] [1 2 3 4 6 7] [1 2 3 6 7] [1 2 3 4 5 6 7 17] [1 2 3 4 5 7] [1 2 3 4 5 6] [1 2 3 4 5 6 16] [1 2 3 4 5 6 7 17 27] [1 2 5] [1 2 3 4 5 6 7] [1 2 3 5 7 17] [1 2 3 6 7 17] [] [] [] [] [] [] [] [] [] [] [] [] [] [] [] [] [] [] [] [] [] [] [] [] [] [] [] [] [] [] [] [] [] [] [] [] [] [] [] []
373 [] [1 2 3] [1 2 3 4 5] [1 2 3 4 5 7 17] [1 2] [1] [1 2 3 4 5 6 17 27 40] [1 2 3 4] [1 2 3 4 6] [1 2 3 4 6 7] [1 2 3 6 7] [1 2 3 4 5 6 7 17] [1 2 3 4 5 7] [1 2 3 4 5 6] [1 2 3 4 5 6 16] [1 2 3 4 5 6 7 17 27] [1 2 5] [1 2 3 4 5 6 7] [1 2 3 5 7 17] [1 2 3 6 7 17] [] [] [] [] [] [] [] [] [] [] [] [] [] [] [] [] [] [] [] [] [] [] [] [] [] [] [] [] [] [] [] [] [] [] [] [] [] [] [] [] []
374 [] [1 2 3] [1 2] [1 2 3 4 5] [1 2 3 4 5 7 17] [1] [1 2 3 4 5 6 17 27 40] [1 2 3 4] [1 2 3 4 6] [1 2 3 4 6 7] [1 2 3 6 7] [1 2 3 4 5 6 7 17] [1 2 3 4 5 7] [1 2 3 4 5 6] [1 2 3 4 5 6 16] [1 2 3 4 5 6 7 17 27] [1 2 5] [1 2 3 4 5 6 7] [1 2 3 5 7 17] [1 2 3 6 7 17] [] [] [] [] [] [] [] [] [] [] [] [] [] [] [] [] [] [] [] [] [] [] [] [] [] [] [] [] [] [] [] [] [] [] [] [] [] [] [] [] []
375 [] [1 2] [1 2 3 4 5] [1 2 3 4 5 7 17] [1] [1 2 3 4 5 6 17 27 40] [1 2 3 4] [1 2 3 4 6] [1 2 3 4 6 7] [1 2 3 6 7] [1 2 3 4 5 6 7 17] [1 2 3 4 5 7] [1 2 3 4 5 6] [1 2 3] [1 2 3 4 5 6 16] [1 2 3 4 5 6 7 17 27] [1 2 5] [1 2 3 4 5 6 7] [1 2 3 5 7 17] [1 2 3 6 7 17] [] [] [] [] [] [] [] [] [] [] [] [] [] [] [] [] [] [] [] [] [] [] [] [] [] [] [] [] [] [] [] [] [] [] [] [] [] [] [] [] []
376 [] [1 2 3 4 5 7 17] [1] [1 2 3 4 5] [1 2 3 4 5 6 17 27 40] [1 2 3 4] [1 2 3 4 6] [1 2 3 4 6 7] [1 2 3 6 7] [1 2 3 4 5 6 7 17] [1 2 3 4 5 7] [1 2 3 4 5 6] [1 2 3] [1 2 3 4 5 6 16] [1 2] [1 2 3 4 5 6 7 17 27] [1 2 5] [1 2 3 4 5 6 7] [1 2 3 5 7 17] [1 2 3 6 7 17] [] [] [] [] [] [] [] [] [] [] [] [] [] [] [] [] [] [] [] [] [] [] [] [] [] [] [] [] [] [] [] [] [] [] [] [] [] [] [] [] []
377 [] [1 2 3 4 5] [1 2 3 4 5 6 17 27 40] [1 2 3 4] [1 2 3 4 5 7] [1 2 3 4 6] [1 2 3 4 6 7] [1 2 3 6 7] [1 2 3 4 5 6 7 17] [1 2 3 4 5 6] [1 2 3 4 5 6 16] [1 2] [1 2 3 4 5 6 7 17 27] [1 2 5] [1 2 3] [1 2 3 4 5 6 7] [1] [1 2 3 5 7 17] [1 2 3 6 7 17] [] [] [] [] [] [] [] [] [] [] [] [] [] [] [] [] [] [] [] [] [] [] [] [] [] [] [] [] [] [] [] [] [] [] [] [] [] [] [] [] [] []
378 [] [1 2 3 4 5 6 17 27 40] [1 2 3 4 5 7] [1 2 3 4 6] [1 2 3 4 6 7] [1 2 3 6 7] [1 2 3 4 5] [1 2 3 4 5 6 7 17] [1 2 3 4] [1 2 3 4 5 6] [1 2 3 4 5 6 16] [1 2] [1 2 3 4 5 6 7 17 27] [1 2 5] [1 2 3] [1 2 3 4 5 6 7] [1] [1 2 3 5 7 17] [1 2 3 6 7 17] [] [] [] [] [] [] [] [] [] [] [] [] [] [] [] [] [] [] [] [] [] [] [] [] [] [] [] [] [] [] [] [] [] [] [] [] [] [] [] [] [] []
379 [] [1 2 3 4 5 7] [1 2 3 4 6] [1 2 3 4 6 7] [1 2 3 6 7] [1 2 3 4 5] [1 2 3 4 5 6 7 17] [1 2 3 4] [1 2 3 4 5 6] [1 2 3 4 5 6 16] [1 2] [1 2 3 4 5 6 7 17 27] [1 2 5] [1 2 3] [1 2 3 4 5 6 7] [1] [1 2 3 5 7 17] [1 2 3 6 7 17] [] [] [] [] [] [] [] [] [] [] [] [] [] [] [] [] [] [] [] [] [] [] [] [] [] [] [] [] [] [] [] [] [] [] [] [] [] [] [] [] [] [] []
380 [] [1 2 3 4 6] [1 2 3 4 6 7] [1 2 3 6 7] [1 2 3 4 5] [1 2 3 4 5 6 7 17] [1 2 3 4] [1 2 3 4 5 7] [1 2 3 4 5 6] [1 2 3 4 5 6 16] [1 2] [1 2 3 4 5 6 7 17 27] [1 2 5] [1 2 3] [1 2 3 4 5 6 7] [1] [1 2 3 5 7 17] [1 2 3 6 7 17] [] [] [] [] [] [] [] [] [] [] [] [] [] [] [] [] [] [] [] [] [] [] [] [] [] [] [] [] [] [] [] [] [] [] [] [] [] [] [] [] [] [] []
381 [] [1 2 3 4 6 7] [1 2 3 6 7] [1 2 3 4 5] [1 2 3 4 5 6 7 17] [1 2 3 4] [1 2 3 4 5 7] [1 2 3 4 5 6] [1 2 3 4 5 6 16] [1 2] [1 2 3 4 5 6 7 17 27] [1 2 5] [1 2 3] [1 2 3 4 5 6 7] [1] [1 2 3 5 7 17] [1 2 3 6 7 17] [] [] [] [] [] [] [] [] [] [] [] [] [] [] [] [] [] [] [] [] [] [] [] [] [] [] [] [] [] [] [] [] [] [] [] [] [] [] [] [] [] [] [] []
382 [] [1 2 3 6 7] [1 2 3 4 5] [1 2 3 4 5 6 7 17] [1 2 3 4] [1 2 3 4 5 7] [1 2 3 4 5 6] [1 2 3 4 5 6 16] [1 2] [1 2 3 4 5 6 7 17 27] [1 2 5] [1 2 3] [1 2 3 4 5 6 7] [1] [1 2 3 4 6 7] [1 2 3 5 7 17] [1 2 3 6 7 17] [] [] [] [] [] [] [] [] [] [] [] [] [] [] [] [] [] [] [] [] [] [] [] [] [] [] [] [] [] [] [] [] [] [] [] [] [] [] [] [] [] [] [] []
383 [] [1 2 3 4 5] [1 2] [1 2 3 4 5 6 7 17] [1 2 3 4 5 7] [1 2 3 4] [1 2 3 4 5 6] [1 2 3 4 5 6 16] [1 2 3 4 5 6 7 17 27] [1 2 5] [1 2 3] [1 2 3 4 5 6 7] [1] [1 2 3 4 6 7] [1 2 3 5 7 17] [1 2 3 6 7 17] [] [] [] [] [] [] [] [] [] [] [] [] [] [] [] [] [] [] [] [] [] [] [] [] [] [] [] [] [] [] [] [] [] [] [] [] [] [] [] [] [] [] [] [] []
384 [] [1 2] [1 2 3 4 5 6 7 17] [1 2 3 4 5 7] [1 2 3 4] [1 2 3 4 5 6] [1 2 3 4 5 6 16] [1 2 3 4 5 6 7 17 27] [1 2 5] [1 2 3] [1 2 3 4 5 6 7] [1] [1 2 3 4 5] [1 2 3 4 6 7] [1 2 3 5 7 17] [1 2 3 6 7 17] [] [] [] [] [] [] [] [] [] [] [] [] [] [] [] [] [] [] [] [] [] [] [] [] [] [] [] [] [] [] [] [] [] [] [] [] [] [] [] [] [] [] [] [] []
385 [] [1 2 3 4 5 6 7 17] [1 2 3 4] [1 2 3 4 5 6] [1 2 3 4 5 6 16] [1 2] [1 2 3 4 5 6 7 17 27] [1 2 5] [1 2 3] [1 2 3 4 5 6 7] [1] [1 2 3 4 5] [1 2 3 4 5 7] [1 2 3 4 6 7] [1 2 3 5 7 17] [1 2 3 6 7 17] [] [] [] [] [] [] [] [] [] [] [] [] [] [] [] [] [] [] [] [] [] [] [] [] [] [] [] [] [] [] [] [] [] [] [] [] [] [] [] [] [] [] [] [] []
386 [] [1 2 3 4] [1 2 3 4 5 6] [1 2 3 4 5 6 16] [1 2] [1 2 3 4 5 6 7 17 27] [1 2 5] [1 2 3 4 5 6 7 17] [1 2 3] [1 2 3 4 5 6 7] [1] [1 2 3 4 5] [1 2 3 4 5 7] [1 2 3 4 6 7] [1 2 3 5 7 17] [1 2 3 6 7 17] [] [] [] [] [] [] [] [] [] [] [] [] [] [] [] [] [] [] [] [] [] [] [] [] [] [] [] [] [] [] [] [] [] [] [] [] [] [] [] [] [] [] [] [] []
387 [] [1 2 3 4 5 6] [1 2 3 4 5 6 16] [1 2 3 4 5 6 7 17 27] [1 2 3 4] [1 2 3 4 5 6 7 17] [1 2 3] [1 2 3 4 5 6 7] [1] [1 2] [1 2 3 4 5] [1 2 3 4 5 7] [1 2 3 4 6 7] [1 2 3 5 7 17] [1 2 3 6 7 17] [] [] [] [] [] [] [] [] [] [] [] [] [] [] [] [] [] [] [] [] [] [] [] [] [] [] [] [] [] [] [] [] [] [] [] [] [] [] [] [] [] [] [] [] [] []
388 [] [1 2 3 4 5 6 16] [1 2 3 4 5 6 16 27] [1 2 3 4 5 6 7 17 27] [1 2 3 4] [1 2 3 4 5 6 7 17] [1 2 3] [1 2 3 4 5 6 7] [1] [1 2] [1 2 3 4 5] [1 2 3 4 5 6] [1 2 3 4 5 7] [1 2 3 4 6 7] [1 2 3 5 7 17] [1 2 3 6 7 17] [] [] [] [] [] [] [] [] [] [] [] [] [] [] [] [] [] [] [] [] [] [] [] [] [] [] [] [] [] [] [] [] [] [] [] [] [] [] [] [] [] [] [] [] []
389 [] [1 2 3 4 5 6 16 27] [1 2 3 4 5 6 7 17 27] [1 2 3 4] [1 2 3 4 5 6 7 17] [1 2 3] [1 2 3 4 5 6 7] [1] [1 2] [1 2 3 4 5] [1 2 3 4 5 6] [1 2 3 4 5 7] [1 2 3 4 6 7] [1 2 3 5 7 17] [1 2 3 6 7 17] [1 2 3 4 5 6 16] [] [] [] [] [] [] [] [] [] [] [] [] [] [] [] [] [] [] [] [] [] [] [] [] [] [] [] [] [] [] [] [] [] [] [] [] [] [] [] [] [] [] [] [] []
390 [] [1 2 3 4 5 6 7 17 27] [1 2 3 4] [1 2 3 4 5 6 7 17] [1 2 3] [1 2 3 4 5 6 7] [1] [1 2] [1 2 3 4 5] [1 2 3 4 5 6] [1 2 3 4 5 7] [1 2 3 4 6 7] [1 2 3 5 7 17] [1 2 3 6 7 17] [1 2 3 4 5 6 16] [] [] [] [] [] [] [] [] [] [] [] [] [] [] [] [] [] [] [] [] [] [] [] [] [] [] [] [] [] [] [] [] [] [] [] [] [] [] [] [] [] [] [] [] [] []
391 [] [1 2 3 4] [1 2 3 4 5 6 7 17] [1 2 3] [1 2 3 4 5 6 7] [1] [1 2] [1 2 3 4 5] [1 2 3 4 5 6] [1 2 3 4 5 7] [1 2 3 4 6 7] [1 2 3 5 7 17] [1 2 3 6 7 17] [1 2 3 4 5 6 16] [] [] [] [] [] [] [] [] [] [] [] [] [] [] [] [] [] [] [] [] [] [] [] [] [] [] [] [] [] [] [] [] [] [] [] [] [] [] [] [] [] [] [] [] [] [] []
392 [] [1 2 3 4] [1 2 3 4 5 6 7 17] [1 2 3] [1 2 3 4 5 6 7] [1] [1 2] [1 2 3 4 5] [1 2 3 4 5 6] [1 2 3 4 5 7] [1 2 3 4 6 7] [1 2 3 5 7 17] [1 2 3 6 7 17] [1 2 3 4 5 6 16] [] [] [] [] [] [] [] [] [] [] [] [] [] [] [] [] [] [] [] [] [] [] [] [] [] [] [] [] [] [] [] [] [] [] [] [] [] [] [] [] [] [] [] [] [] [] []
393 [] [1 2 3 4] [1 2 3 4 5 7 17] [1 2 3 4 5 6 7 17] [1 2 3] [1 2 3 4 5 6 7] [1] [1 2] [1 2 3 4 5] [1 2 3 4 5 6] [1 2 3 4 5 7] [1 2 3 4 6 7] [1 2 3 5 7 17] [1 2 3 6 7 17] [1 2 3 4 5 6 16] [] [] [] [] [] [] [] [] [] [] [] [] [] [] [] [] [] [] [] [] [] [] [] [] [] [] [] [] [] [] [] [] [] [] [] [] [] [] [] [] [] [] [] [] [] []
394 [] [1 2 3 4 5 7 17] [1 2 3 4 5 6 7 17] [1 2 3 4 5 6 7] [1 2] [1 2 3 4 5] [1 2 3 4 5 6] [1] [1 2 3 4 5 7] [1 2 3 4 6 7] [1 2 3 4] [1 2 3 5 7 17] [1 2 3] [1 2 3 6 7 17] [1 2 3 4 5 6 16] [] [] [] [] [] [] [] [] [] [] [] [] [] [] [] [] [] [] [] [] [] [] [] [] [] [] [] [] [] [] [] [] [] [] [] [] [] [] [] [] [] [] [] [] [] []
395 [] [1 2 3 4 5 7 17] [1 2 3 4 5 6 7 17] [1 2 3 4 5 6 7] [1 2] [1 2 3 4 5] [1 2 3 4 5 6] [1] [1 2 3 4 5 7] [1 2 3 4 6 7] [1 2 3 4] [1 2 3 5 7 17] [1 2 3] [1 2 3 6 7 17] [1 2 3 4 5 6 16] [] [] [] [] [] [] [] [] [] [] [] [] [] [] [] [] [] [] [] [] [] [] [] [] [] [] [] [] [] [] [] [] [] [] [] [] [] [] [] [] [] [] [] [] [] []
396 [] [1 2 3 4 5 6 7 17] [1 2 3 4 5 6 7] [1 2] [1 2 3 4 5] [1 2 3 4 5 6] [1] [1 2 3 4 5 7] [1 2 3 4 6 7] [1 2 3 4] [1 2 3 5 7 17] [1 2 3] [1 2 3 6 7 17] [1 2 3 4 5 6 16] [] [] [] [] [] [] [] [] [] [] [] [] [] [] [] [] [] [] [] [] [] [] [] [] [] [] [] [] [] [] [] [] [] [] [] [] [] [] [] [] [] [] [] [] [] [] []
397 [] [1 2 3 4 5 6 7 17] [1 2 3 4 5] [1 2 3 4 5 6 7] [1 2] [1 2 3 4 5 6] [1] [1 2 3 4 5 7] [1 2 3 4 6 7] [1 2 3 4] [1 2 3 5 7 17] [1 2 3] [1 2 3 6 7 17] [1 2 3 4 5 6 16] [] [] [] [] [] [] [] [] [] [] [] [] [] [] [] [] [] [] [] [] [] [] [] [] [] [] [] [] [] [] [] [] [] [] [] [] [] [] [] [] [] [] [] [] [] [] []
398 [] [1 2 3 4 5] [1 2 3 4 5 6 7] [1 2 3 4 5 6 7 17] [1 2] [1 2 3 4 5 6] [1] [1 2 3 4 5 7] [1 2 3 4 6 7] [1 2 3 4] [1 2 3 5 7 17] [1 2 3] [1 2 3 6 7 17] [1 2 3 4 5 6 16] [] [] [] [] [] [] [] [] [] [] [] [] [] [] [] [] [] [] [] [] [] [] [] [] [] [] [] [] [] [] [] [] [] [] [] [] [] [] [] [] [] [] [] [] [] [] []
399 [] [1 2 3 4 5 6 7] [1 2 3 4 5 6 7 17] [1 2] [1 2 3 4 5] [1 2 3 4 5 6] [1] [1 2 3 4 5 7] [1 2 3 4 6 7] [1 2 3 4] [1 2 3 5 7 17] [1 2 3] [1 2 3 6 7 17] [1 2 3 4 5 6 16] [] [] [] [] [] [] [] [] [] [] [] [] [] [] [] [] [] [] [] [] [] [] [] [] [] [] [] [] [] [] [] [] [] [] [] [] [] [] [] [] [] [] [] [] [] [] []
400 [] [1 2 3 4 5 6 7 17] [1 2] [1 2 3 4 5] [1 2 3 4 5 6] [1] [1 2 3 4 5 7] [1 2 3 4 6 7] [1 2 3 4] [1 2 3 5 7 17] [1 2 3 4 5 6 7] [1 2 3] [1 2 3 6 7 17] [1 2 3 4 5 6 16] [] [] [] [] [] [] [] [] [] [] [] [] [] [] [] [] [] [] [] [] [] [] [] [] [] [] [] [] [] [] [] [] [] [] [] [] [] [] [] [] [] [] [] [] [] [] []
401 [] [1 2] [1 2 3 4 5] [1 2 3 4 5 6] [1] [1 2 3 4 5 7] [1 2 3 4 6 7] [1 2 3 4] [1 2 3 5 7 17] [1 2 3 4 5 6 7] [1 2 3] [1 2 3 6 7 17] [1 2 3 4 5 6 16] [] [] [] [] [] [] [] [] [] [] [] [] [] [] [] [] [] [] [] [] [] [] [] [] [] [] [] [] [] [] [] [] [] [] [] [] [] [] [] [] [] [] [] [] [] [] [] []
402 [] [1 2 3 4 5] [1 2 3 6] [1 2 3 4 5 6] [1 2 3 4 5 7] [1 2 3 4 6 7] [1 2] [1 2 3 4] [1 2 3 5 7 17] [1 2 3 4 5 6 7] [1 2 3] [1] [1 2 3 6 7 17] [1 2 3 4 5 6 16] [] [] [] [] [] [] [] [] [] [] [] [] [] [] [] [] [] [] [] [] [] [] [] [] [] [] [] [] [] [] [] [] [] [] [] [] [] [] [] [] [] [] [] [] [] [] []
403 [] [1 2 3 6] [1 2 3 4 5] [1 2 3 4 5 6] [1 2 3 4 5 7] [1 2 3 4 6 7] [1 2] [1 2 3 4] [1 2 3 5 7 17] [1 2 3 4 5 6 7] [1 2 3] [1] [1 2 3 6 7 17] [1 2 3 4 5 6 16] [] [] [] [] [] [] [] [] [] [] [] [] [] [] [] [] [] [] [] [] [] [] [] [] [] [] [] [] [] [] [] [] [] [] [] [] [] [] [] [] [] [] [] [] [] [] []
404 [] [1 2 3 6] [1 2 3 4 5] [1 2 3 4 5 6] [1 2 3 4 5 7] [1 2 3 4 6 7] [1 2] [1 2 3 4] [1 2 3 5 7 17] [1 2 3 4 5 6 7] [1 2 3] [1] [1 2 3 6 7 17] [1 2 3 4 5 6 16] [] [] [] [] [] [] [] [] [] [] [] [] [] [] [] [] [] [] [] [] [] [] [] [] [] [] [] [] [] [] [] [] [] [] [] [] [] [] [] [] [] [] [] [] [] [] []
405 [] [1 2 3 4 5] [1 2 3 4 5 6] [1 2 3 4 5 7] [1 2 3 4 6 7] [1 2] [1 2 3 4] [1 2 3 5 7 17] [1 2 3 4 5 6 7] [1 2 3] [1] [1 2 3 6 7 17] [1 2 3 4 5 6 16] [] [] [] [] [] [] [] [] [] [] [] [] [] [] [] [] [] [] [] [] [] [] [] [] [] [] [] [] [] [] [] [] [] [] [] [] [] [] [] [] [] [] [] [] [] [] [] []
406 [] [1 2 3 4 5 6] [1 2 3 4 5 7] [1 2] [1 2 3 4] [1 2 3 5 7 17] [1 2 3 4 5 6 7] [1 2 3] [1] [1 2 3 6 7 17] [1 2 3 4 5] [1 2 3 4 5 6 16] [] [] [] [] [] [] [] [] [] [] [] [] [] [] [] [] [] [] [] [] [] [] [] [] [] [] [] [] [] [] [] [] [] [] [] [] [] [] [] [] [] [] [] [] [] [] [] [] []
407 [] [1 2 3 4 5 7] [1 2] [1 2 3 4] [1 2 3 5 7 17] [1 2 3 4 5 6 7] [1 2 3] [1] [1 2 3 6 7 17] [1 2 3 4 5] [1 2 3 4 5 6 16] [] [] [] [] [] [] [] [] [] [] [] [] [] [] [] [] [] [] [] [] [] [] [] [] [] [] [] [] [] [] [] [] [] [] [] [] [] [] [] [] [] [] [] [] [] [] [] [] [] []
408 [] [1 2] [1 2 3 4] [1 2 3 5 7 17] [1 2 3 4 5 6 7] [1 2 3] [1] [1 2 3 6 7 17] [1 2 3 4 5 7] [1 2 3 4 5] [1 2 3 4 5 6 16] [] [] [] [] [] [] [] [] [] [] [] [] [] [] [] [] [] [] [] [] [] [] [] [] [] [] [] [] [] [] [] [] [] [] [] [] [] [] [] [] [] [] [] [] [] [] [] [] [] []
409 [] [1 2 3 4] [1 2 3 5 7 17] [1 2 3 4 5 6 7] [1 2 3] [1 2] [1] [1 2 3 6 7 17] [1 2 3 4 5 7] [1 2 3 4 5] [1 2 3 4 5 6 16] [] [] [] [] [] [] [] [] [] [] [] [] [] [] [] [] [] [] [] [] [] [] [] [] [] [] [] [] [] [] [] [] [] [] [] [] [] [] [] [] [] [] [] [] [] [] [] [] [] []
410 [] [1 2 3 5 7 17] [1 2 3 4] [1 2 3 4 5 6 7] [1 2 3] [1 2] [1] [1 2 3 6 7 17] [1 2 3 4 5 7] [1 2 3 4 5] [1 2 3 4 5 6 16] [] [] [] [] [] [] [] [] [] [] [] [] [] [] [] [] [] [] [] [] [] [] [] [] [] [] [] [] [] [] [] [] [] [] [] [] [] [] [] [] [] [] [] [] [] [] [] [] [] []
411 [] [1 2 3 5 7 17] [1 2 3 4] [1 2 3 4 5 6 7] [1 2 3] [1 2] [1] [1 2 3 6 7 17] [1 2 3 4 5 7] [1 2 3 4 5] [1 2 3 4 5 6 16] [] [] [] [] [] [] [] [] [] [] [] [] [] [] [] [] [] [] [] [] [] [] [] [] [] [] [] [] [] [] [] [] [] [] [] [] [] [] [] [] [] [] [] [] [] [] [] [] [] []
412 [] [1 2 3 4] [1 2 3 4 5 6 7] [1 2 3] [1 2] [1] [1 2 3 6 7 17] [1 2 3 4 5 7] [1 2 3 4 5] [1 2 3 4 5 6 16] [] [] [] [] [] [] [] [] [] [] [] [] [] [] [] [] [] [] [] [] [] [] [] [] [] [] [] [] [] [] [] [] [] [] [] [] [] [] [] [] [] [] [] [] [] [] [] [] [] [] []
413 [] [1 2 3 4] [1 2 3 4 5 6 7] [1 2 3] [1 2] [1] [1 2 3 6 7 17] [1 2 3 4 5 7] [1 2 3 4 5] [1 2 3 4 5 6 16] [] [] [] [] [] [] [] [] [] [] [] [] [] [] [] [] [] [] [] [] [] [] [] [] [] [] [] [] [] [] [] [] [] [] [] [] [] [] [] [] [] [] [] [] [] [] [] [] [] [] []
414 [] [1 2 3 4 5 6 7] [1 2 3] [1 2] [1] [1 2 3 6 7 17] [1 2 3 4 5 7] [1 2 3 4 5] [1 2 3 4 5 6 16] [1 2 3 4] [] [] [] [] [] [] [] [] [] [] [] [] [] [] [] [] [] [] [] [] [] [] [] [] [] [] [] [] [] [] [] [] [] [] [] [] [] [] [] [] [] [] [] [] [] [] [] [] [] [] []
415 [] [1 2 3] [1 2] [1] [1 2 3 6 7 17] [1 2 3 4 5 7] [1 2 3 4 5] [1 2 3 4 5 6 16] [1 2 3 4 5 6 7] [1 2 3 4] [] [] [] [] [] [] [] [] [] [] [] [] [] [] [] [] [] [] [] [] [] [] [] [] [] [] [] [] [] [] [] [] [] [] [] [] [] [] [] [] [] [] [] [] [] [] [] [] [] [] []
416 [] [1 2 3] [1 2] [1] [1 2 3 6 7 17] [1 2 3 4 5 7] [1 2 3 4 5] [1 2 3 4 5 6 16] [1 2 3 4 5 6 7] [1 2 3 4] [] [] [] [] [] [] [] [] [] [] [] [] [] [] [] [] [] [] [] [] [] [] [] [] [] [] [] [] [] [] [] [] [] [] [] [] [] [] [] [] [] [] [] [] [] [] [] [] [] [] []
417 [] [1 2] [1] [1 2 3] [1 2 3 6 7 17] [1 2 3 4 5 7] [1 2 3 4 5] [1 2 3 4 5 6 16] [1 2 3 4 5 6 7] [1 2 3 4] [] [] [] [] [] [] [] [] [] [] [] [] [] [] [] [] [] [] [] [] [] [] [] [] [] [] [] [] [] [] [] [] [] [] [] [] [] [] [] [] [] [] [] [] [] [] [] [] [] [] []
418 [] [1 2 3] [1 2 3 6 7 17] [1] [1 2 3 4 5 7] [1 2 3 4 5] [1 2 3 4 5 6 16] [1 2 3 4 5 6 7] [1 2 3 4] [] [] [] [] [] [] [] [] [] [] [] [] [] [] [] [] [] [] [] [] [] [] [] [] [] [] [] [] [] [] [] [] [] [] [] [] [] [] [] [] [] [] [] [] [] [] [] [] [] [] [] []
419 [] [1 2 3 6 7 17] [1 2 3] [1 2 3 4 5 7] [1 2 3 4 5] [1 2 3 4 5 6 16] [1 2 3 4 5 6 7] [1 2 3 4] [] [] [] [] [] [] [] [] [] [] [] [] [] [] [] [] [] [] [] [] [] [] [] [] [] [] [] [] [] [] [] [] [] [] [] [] [] [] [] [] [] [] [] [] [] [] [] [] [] [] [] [] []
420 [] [1 2 3 6 7 17] [1 2 3] [1 2 3 4 5 7] [1 2 3 4 5] [1 2 3 4 5 6 16] [1 2 3 4 5 6 7] [1 2 3 4] [] [] [] [] [] [] [] [] [] [] [] [] [] [] [] [] [] [] [] [] [] [] [] [] [] [] [] [] [] [] [] [] [] [] [] [] [] [] [] [] [] [] [] [] [] [] [] [] [] [] [] [] []
421 [] [1 2 3] [1 2 3 4 5 7] [1 2 3 4 5] [1 2 3 4 5 6 16] [1 2 3 4 5 6 7] [1 2 3 4] [] [] [] [] [] [] [] [] [] [] [] [] [] [] [] [] [] [] [] [] [] [] [] [] [] [] [] [] [] [] [] [] [] [] [] [] [] [] [] [] [] [] [] [] [] [] [] [] [] [] [] [] [] []
422 [] [1 2 3] [1 2 3 4 5 7] [1 2 3 4 5] [1 2 3 4 5 6 16] [1 2 3 4 5 6 7] [1 2 3 4] [] [] [] [] [] [] [] [] [] [] [] [] [] [] [] [] [] [] [] [] [] [] [] [] [] [] [] [] [] [] [] [] [] [] [] [] [] [] [] [] [] [] [] [] [] [] [] [] [] [] [] [] [] []
423 [] [1 2 3] [1 2 3 4 5 7] [1 2 3 4 5] [1 2 3 4 5 6 16] [1 2 3 4 5 6 7] [1 2 3 4] [] [] [] [] [] [] [] [] [] [] [] [] [] [] [] [] [] [] [] [] [] [] [] [] [] [] [] [] [] [] [] [] [] [] [] [] [] [] [] [] [] [] [] [] [] [] [] [] [] [] [] [] [] []
424 [] [1 2 3] [1 2 3 4 5 7] [1 2 3 4 5] [1 2 3 4 5 6 16] [1 2 3 4 5 6 7] [1 2 3 4] [] [] [] [] [] [] [] [] [] [] [] [] [] [] [] [] [] [] [] [] [] [] [] [] [] [] [] [] [] [] [] [] [] [] [] [] [] [] [] [] [] [] [] [] [] [] [] [] [] [] [] [] [] []
425 [] [1 2 3 4 5 7] [1 2 3 4 5] [1 2 3 4 5 6 16] [1 2 3 4 5 6 7] [1 2 3 4] [] [] [] [] [] [] [] [] [] [] [] [] [] [] [] [] [] [] [] [] [] [] [] [] [] [] [] [] [] [] [] [] [] [] [] [] [] [] [] [] [] [] [] [] [] [] [] [] [] [] [] [] [] [] []
426 [] [1 2 3 4 5 7] [1 2 3 4 5] [1 2 3 4 5 6 16] [1 2 3 4 5 6 7] [1 2 3 4] [] [] [] [] [] [] [] [] [] [] [] [] [] [] [] [] [] [] [] [] [] [] [] [] [] [] [] [] [] [] [] [] [] [] [] [] [] [] [] [] [] [] [] [] [] [] [] [] [] [] [] [] [] [] []
427 [] [1 2 3 4 5 7] [1 2 3 4 5] [1 2 3 4 5 6 16] [1 2 3 4 5 6 7] [1 2 3 4] [] [] [] [] [] [] [] [] [] [] [] [] [] [] [] [] [] [] [] [] [] [] [] [] [] [] [] [] [] [] [] [] [] [] [] [] [] [] [] [] [] [] [] [] [] [] [] [] [] [] [] [] [] [] []
428 [] [1 2 3 4 5 6 16] [1 2 3 4 5 6 7] [1 2 3 4] [] [] [] [] [] [] [] [] [] [] [] [] [] [] [] [] [] [] [] [] [] [] [] [] [] [] [] [] [] [] [] [] [] [] [] [] [] [] [] [] [] [] [] [] [] [] [] [] [] [] [] [] [] [] [] [] []
429 [] [1 2 3 4 5 6 7] [1 2 3 4] [] [] [] [] [] [] [] [] [] [] [] [] [] [] [] [] [] [] [] [] [] [] [] [] [] [] [] [] [] [] [] [] [] [] [] [] [] [] [] [] [] [] [] [] [] [] [] [] [] [] [] [] [] [] [] [] [] []
430 [] [1 2 3 4] [] [] [] [] [] [] [] [] [] [] [] [] [] [] [] [] [] [] [] [] [] [] [] [] [] [] [] [] [] [] [] [] [] [] [] [] [] [] [] [] [] [] [] [] [] [] [] [] [] [] [] [] [] [] [] [] [] [] []
