day not_working team1 team2 team3 team4 team5 team6 team7 team8 team9 team10 team11 team12 team13 team14 team15 team16 team17 team18 team19 team20 team21 team22 team23 team24 team25 team26 team27 team28 team29 team30 team31 team32 team33 team34 team35 team36 team37 team38 team39 team40 team41 team42 team43 team44 team45 team46 team47 team48 team49 team50 team51 team52 team53 team54 team55 team56 team57 team58 team59 team60 team61 team62 team63 team64 team65 team66 team67 team68 team69 team70 team71 team72 team73 team74 team75 team76 team77 team78 team79 team80 team81 team82 team83 team84 team85 team86 team87 team88 team89 team90 team91 team92 team93 team94 team95 team96 team97 team98 team99 team100 team101 team102 team103 team104 team105 team106 team107 team108 team109 team110 team111 team112 team113 team114 team115 team116 team117 team118 team119 team120 team121 team122 team123 team124 team125 team126 team127 team128 team129 team130 team131 team132 team133 team134 team135 team136 team137 team138 team139 team140 team141 team142 team143 team144 team145 team146 team147 team148 team149 team150 team151 team152 team153 team154 team155 team156 team157 team158 team159 team160 team161 team162 team163 team164 team165 team166 team167 team168 team169 team170 team171 team172 team173 team174 team175 team176 team177 team178 team179 team180 team181 team182 team183 team184 team185 team186 team187 team188 team189 team190 team191 team192 team193 team194 team195 team196 team197 team198 team199 team200
1 [16 17 51 55] [1 2 3 4 5 8 10] [1 2] [1 2 3 4 5 7 8 13] [1 2 13] [1] [1 2 3 4 5 7 9 10 18 43] [1 2 4 5 10] [1 2 3 5 13] [1 2 3 4 5 7 13 52] [1 2 3 4 5 6] [1 2 3 4 5 7 8 10 13 43] [1 2 3] [1 2 3 4 5] [1 2 3 4 5 6 8 10 11 19] [1 2 5 7] [1 2 5 7 10] [1 2 3 4 5 7 10] [1 2 4 5 7 13] [1 2 3 5 7 8 10 13 19] [1 2 3 4 5 7 9 10 13 43 52] [1 2 3 5 7] [1 2 3 4 5 7] [1 2 3 4 5 6 7 8 9 13 52] [1 2 3 4 5 7 13] [1 2 3 4 5 6 7 9 10] [1 2 3 5 7 8 10] [1 2 3 4 5 8 13] [1 2 3 4 5 8] [1 2 4 5 7] [1 2 3 4 5 7 13 52 58] [1 2 3 5] [1 2 4] [1 2 3 5 7 10] [1 2 3 4 5 7 10 13] [1 2 3 4 5 7 8 10 13] [1 2 3 4 5 10 13] [1 2 3 4 5 13 52] [1 2 3 5 7 10 13] [1 2 3 5 7 10 13 52] [1 2 3 4 5 7 8] [1 2 5 8 13] [1 2 4 5 13 52] [1 2 3 4 5 7 8 13 52] [1 2 4 5 13] [1 2 3 4 5 13] [1 2 5 7 10 13 52] [1 2 4 5] [1 2 3 4 5 7 8 10] [1 2 3 4 5 8 13 24] [1 2 3 4 5 8 10 13 19] [1 2 3 4 5 7 8 10 13 52] [1 2 3 4 5 8 10 19] [1 2 3 4 5 7 8 10 19] [1 2 3 5 10] [1 2 3 4 5 8 13 52] [1 2 3 5 8 13] [1 2 3 5 7 8] [1 2 5 13] [1 2 3 4 5 8 10 13] [1 2 4 13] [1 2 3 5 8 10] [1 2 3 4 5 7 13 43] [1 2 3 4] [1 2 4 5 7 10] [1 2 3 5 13 52] [1 2 3 8 13] [1 2 4 5 7 10 13] [1 2 3 4 5 7 8 10 13 43 58] [1 2 3 5 7 13] [1 2 3 5 7 8 13] [1 2 3 4 13 52] [1 2 3 4 5 7 10 52] [1 2 13 52] [1 2 4 8 13] [1 2 3 4 5 7 10 43] [1 2 5] [1 2 5 7 13 52] [1 2 3 4 5 7 8 10 13 19] [1 2 3 4 5 7 8 10 52] [1 2 3 5 8] [1 2 3 4 5 7 8 10 13 24 43] [1 2 3 4 5 10 13 52] [1 2 3 4 5 7 9 10 13 52] [1 2 3 4 5 7 8 9 10 13 52] [1 10] [1 2 5 10 13] [1 2 3 5 7 9] [1 5] [1 2 10] [1 2 3 5 7 8 10 11] [1 2 3 4 5 6 7 8 10 11 18] [1 2 4 5 7 9] [1 2 3 4 5 7 8 9 13] [1 2 3 4 5 6 7 8 13 52] [1 2 3 4 5 7 8 13 43 52 58] [1 2 4 5 6 7 8 11 13] [1 2 3 4 5 7 9 13] [1 2 3 4 5 6 7] [1 2 3 4 5 6 7 8 9] [1 2 4 5 7 8 10 13] [1 2 3 4 5 7 9] [1 2 3 4 5 7 8 9 10 13 24] [1 2 4 5 7 8 9 10 13 43 58] [1 2 3 4 5 8 13 52 58] [1 2 3 4 5 6 8 13] [1 2 4 5 6 8 11] [1 2 3 5 8 10 13 19 52] [1 2 3 5 8 10 13] [1 2 3 5 7 8 10 19] [1 2 4 5 8] [1 2 3 4 5 7 10 13 52] [1 2 4 5 7 13 52] [1 2 3 4 5 7 8 10 13 24] [1 2 3 5 7 8 10 13] [1 2 3 4 5 10] [1 2 3 4 5 7 8 13 43] [1 2 3 13] [1 2 3 4 5 7 10 13 43] [1 2 3 4 5 8 10 13 19 52 58] [1 2 3 4 5 8 10 13 24] [1 2 3 4 5 6 8 11 13 52 58] [1 2 3 5 10 13] [1 5 27] [1 2 4 5 6 7 8 9 10 13] [1 2 3 4 5 7 43] [1 2 7 13] [1 2 4 5 6 8] [1 2 3 4 5 13 52 58] [1 2 4 5 7 9 10] [1 13] [1 2 5 7 10 13 52 60] [1 2 3 4 5 7 8 10 13 19 24] [1 2 3 4 5 7 8 9 10 11] [1 2 3 4 5 7 8 43] [1 2 3 4 5 6 7 8 9 13 52 58] [] [] [] [] [] [] [] [] [] [] [] [] [] [] [] [] [] [] [] [] [] [] [] [] [] [] [] [] [] [] [] [] [] [] [] [] [] [] [] [] [] [] [] [] [] [] [] [] [] [] [] [] [] [] [] [] [] [] [] [] [] [] [] [] []
2 [44] [1 2] [1 2 13] [1] [1 2 3 4 5 7 9 10 17] [1 2 4 5 10] [1 2 3 4 5 8 10] [1 2 3 5 13] [1 2 3 4 5 7 13 52] [1 2 3 4 5 6] [1 2 3 4 5 7 8 10 13 17] [1 2 3] [1 2 3 4 5] [1 2 3 4 5 6 8 10 11 19] [1 2 5 7] [1 2 5 7 10] [1 2 3 4 5 7 10] [1 2 4 5 7 13] [1 2 3 5 7 8 10 13 19] [1 2 3 4 5 7 9 10 13 17 52] [1 2 3 5 7] [1 2 3 4 5 7] [1 2 3 4 5 6 7 8 9 13 52] [1 2 3 4 5 7 13] [1 2 3 4 5 6 7 9 10] [1 2 3 5 7 8 10] [1 2 3 4 5 8 13] [1 2 3 4 5 8] [1 2 4 5 7] [1 2 3 4 5 7 13 52 58] [1 2 3 5] [1 2 4] [1 2 3 5 7 10] [1 2 3 4 5 7 10 13] [1 2 3 4 5 7 8 10 13] [1 2 3 4 5 10 13] [1 2 3 4 5 13 52] [1 2 3 5 7 10 13] [1 2 3 5 7 10 13 52] [1 2 3 4 5 7 8] [1 2 5 8 13] [1 2 4 5 13 52] [1 2 3 5 8 10 13 17 24] [1 2 3 4 5 7 8 13 52] [1 2 4 5 13] [1 2 3 4 5 13] [1 2 5 7 10 13 17] [1 2 4 5] [1 2 3 4 5 7 8 10] [1 2 3 4 5 8 13 17] [1 2 3 4 5 8 10 13 19] [1 2 3 4 5 7 8 10 13 52] [1 2 3 4 5 8 10 19] [1 2 3 4 5 7 8 10 19] [1 2 3 5 10] [1 2 3 4 5 8 13 52] [1 2 3 5 8 13] [1 2 3 5 7 8] [1 2 5 13] [1 2 3 4 5 8 10 13] [1 2 3 4 5 7 8 10 13 17 24] [1 2 4 13] [1 2 3 5 8 10] [1 2 3 4 5 7 13 17] [1 2 3 4] [1 2 4 5 7 10] [1 2 3 5 13 52] [1 2 3 8 13] [1 2 4 5 7 10 13] [1 2 3 4 5 7 8 10 13 17 43] [1 2 3 5 7 13] [1 2 3 5 7 8 13] [1 2 3 4 13 52] [1 2 3 4 5 7 10 17] [1 2 13 52] [1 2 4 8 13] [1 2 5] [1 2 5 7 13 52] [1 2 3 4 5 7 8 10 13 19] [1 2 3 4 5 7 8 10 17] [1 2 3 5 8] [1 2 3 4 5 10 13 52] [1 2 3 4 5 7 9 10 13 52] [1 2 3 4 5 7 8 9 10 13 52] [1 10] [1 2 5 10 13] [1 2 3 4 5 6 7 8 9 10 13 17 24] [1 2 3 5 7 9] [1 5] [1 2 10] [1 2 3 5 7 8 10 11] [1 2 3 4 5 6 7 8 10 11 17] [1 2 4 5 7 9] [1 2 3 4 5 7 8 9 13] [1 2 3 4 5 6 7 8 13 52] [1 2 3 4 5 7 8 13 17 52 58] [1 2 4 5 6 7 8 11 13] [1 2 3 4 5 7 9 13] [1 2 3 4 5 6 7] [1 2 3 4 5 6 7 8 9] [1 2 4 5 7 8 10 13] [1 2 3 4 5 7 9] [1 2 3 4 5 7 8 9 10 13 17] [1 2 4 5 7 8 9 10 13 17 43] [1 2 3 4 5 8 13 52 58] [1 2 3 4 5 6 8 13] [1 2 4 5 6 8 11] [1 2 3 5 8 10 13 19 52] [1 2 3 4 5 7 8 13] [1 2 3 5 8 10 13] [1 2 3 5 7 8 10 19] [1 2 4 5 8] [1 2 3 4 5 7 10 13 17 52] [1 2 4 5 7 13 52] [1 2 3 5 7 8 10 13] [1 2 3 4 5 10] [1 2 3 4 5 7 8 13 17] [1 2 3 13] [1 2 3 4 5 7 10 13 17] [1 2 3 4 5 8 10 13 19 52 58] [1 2 3 4 5 8 10 13 17] [1 2 3 4 5 6 8 11 13 52 58] [1 2 3 5 10 13] [1 5 27] [1 2 4 5 6 7 8 9 10 13] [1 2 3 4 5 7 17] [1 2 7 13] [1 2 4 5 6 8] [1 2 3 4 5 7 8 10 13 17 52] [1 2 3 4 5 13 52 58] [1 2 4 5 7 9 10] [1 2 3 4 5 7 10 17 43 58] [1 13] [1 2 5 7 10 13 17 52] [1 2 3 4 5 7 8 10 13 17 19] [1 2 3 4 5 7 8 9 10 11] [1 2 3 4 5 7 8 17] [1 2 3 4 5 6 7 8 9 13 52 58] [] [] [] [] [] [] [] [] [] [] [] [] [] [] [] [] [] [] [] [] [] [] [] [] [] [] [] [] [] [] [] [] [] [] [] [] [] [] [] [] [] [] [] [] [] [] [] [] [] [] [] [] [] [] [] [] [] [] [] [] [] [] []
3 [53] [1 2 13] [1] [1 2 3 4 5 7 9 10 17] [1 2 4 5 10] [1 2 3 4 5 8 10] [1 2 3 5 13] [1 2 3 4 5 7 13 52] [1 2 3 4 5 6] [1 2] [1 2 3 4 5 7 8 10 13 17] [1 2 3] [1 2 3 4 5] [1 2 3 4 5 6 8 10 11 19] [1 2 5 7] [1 2 5 7 10] [1 2 3 4 5 7 10] [1 2 4 5 7 13] [1 2 3 5 7 8 10 13 19] [1 2 3 4 5 7 9 10 13 17 52] [1 2 3 5 7] [1 2 3 4 5 7] [1 2 3 4 5 6 7 8 9 13 52] [1 2 3 4 5 7 13] [1 2 3 4 5 6 7 9 10] [1 2 3 5 7 8 10] [1 2 3 4 5 8 13] [1 2 3 4 5 8] [1 2 4 5 7] [1 2 3 4 5 7 13 52 58] [1 2 3 5] [1 2 4] [1 2 3 5 7 10] [1 2 3 4 5 7 10 13] [1 2 3 4 5 7 8 10 13] [1 2 3 4 5 10 13] [1 2 3 4 5 13 52] [1 2 3 5 7 10 13] [1 2 3 5 7 10 13 52] [1 2 3 4 5 7 8] [1 2 5 8 13] [1 2 4 5 13 52] [1 2 3 5 8 10 13 17 24] [1 2 3 4 5 7 8 13 52] [1 2 4 5 13] [1 2 3 4 5 13] [1 2 5 7 10 13 17] [1 2 4 5] [1 2 3 4 5 7 8 10] [1 2 3 4 5 8 13 17] [1 2 3 4 5 8 10 13 19] [1 2 3 4 5 7 8 10 13 52] [1 2 3 4 5 8 10 19] [1 2 3 4 5 7 8 10 19] [1 2 3 5 10] [1 2 3 4 5 8 13 52] [1 2 3 5 8 13] [1 2 3 5 7 8] [1 2 5 13] [1 2 3 4 5 8 10 13] [1 2 3 4 5 7 8 10 13 17 24] [1 2 4 13] [1 2 3 5 8 10] [1 2 3 4 5 7 13 17] [1 2 3 4] [1 2 4 5 7 10] [1 2 3 5 13 52] [1 2 3 8 13] [1 2 4 5 7 10 13] [1 2 3 4 5 7 8 10 13 17 43] [1 2 3 5 7 13] [1 2 3 5 7 8 13] [1 2 3 4 13 52] [1 2 3 4 5 7 10 17] [1 2 13 52] [1 2 4 8 13] [1 2 5] [1 2 5 7 13 52] [1 2 3 4 5 7 8 10 13 19] [1 2 3 4 5 7 8 10 17] [1 2 3 5 8] [1 2 3 4 5 10 13 52] [1 2 3 4 5 7 9 10 13 52] [1 2 3 4 5 7 8 9 10 13 52] [1 10] [1 2 5 10 13] [1 2 3 4 5 6 7 8 9 10 13 17 24] [1 2 3 5 7 9] [1 5] [1 2 10] [1 2 3 5 7 8 10 11] [1 2 3 4 5 6 7 8 10 11 17] [1 2 4 5 7 9] [1 2 3 4 5 7 8 9 13] [1 2 3 4 5 6 7 8 13 52] [1 2 3 4 5 7 8 13 17 52 58] [1 2 4 5 6 7 8 11 13] [1 2 3 4 5 7 9 13] [1 2 3 4 5 6 7] [1 2 3 4 5 6 7 8 9] [1 2 4 5 7 8 10 13] [1 2 3 4 5 7 9] [1 2 3 4 5 7 8 9 10 13 17] [1 2 4 5 7 8 9 10 13 17 43] [1 2 3 4 5 8 13 52 58] [1 2 3 4 5 6 8 13] [1 2 4 5 6 8 11] [1 2 3 5 8 10 13 19 52] [1 2 3 4 5 7 8 13] [1 2 3 5 8 10 13] [1 2 3 5 7 8 10 19] [1 2 4 5 8] [1 2 3 4 5 7 10 13 17 52] [1 2 4 5 7 13 52] [1 2 3 5 7 8 10 13] [1 2 3 4 5 10] [1 2 3 4 5 7 8 13 17] [1 2 3 13] [1 2 3 4 5 7 10 13 17] [1 2 3 4 5 8 10 13 19 52 58] [1 2 3 4 5 8 10 13 17] [1 2 3 4 5 6 8 11 13 52 58] [1 2 3 5 10 13] [1 5 27] [1 2 4 5 6 7 8 9 10 13] [1 2 3 4 5 7 17] [1 2 7 13] [1 2 4 5 6 8] [1 2 3 4 5 7 8 10 13 17 52] [1 2 3 4 5 13 52 58] [1 2 4 5 7 9 10] [1 2 3 4 5 7 10 17 43 58] [1 13] [1 2 5 7 10 13 17 52] [1 2 3 4 5 7 8 10 13 17 19] [1 2 3 4 5 7 8 9 10 11] [1 2 3 4 5 7 8 17] [1 2 3 4 5 6 7 8 9 13 52 58] [] [] [] [] [] [] [] [] [] [] [] [] [] [] [] [] [] [] [] [] [] [] [] [] [] [] [] [] [] [] [] [] [] [] [] [] [] [] [] [] [] [] [] [] [] [] [] [] [] [] [] [] [] [] [] [] [] [] [] [] [] [] []
4 [58] [1 2 3 4 5 7 9 10 17] [1 2 3 4 5 8 10] [1 2 3 5 13] [1 2 3 4 5 7 13 52] [1 2 3 4 5 6] [1 2 3 4 5 7 8 10 13 17] [1 2 3] [1 2 3 4 5] [1 2 3 4 5 6 8 10 11 19] [1 2 5 7] [1 2 5 7 10] [1 2 3 4 5 7 10] [1 2 4 5 7 13] [1 2 3 5 7 8 10 13 19] [1 2 3 4 5 7 9 10 13 17 52] [1 2 3 5 7] [1 2 3 4 5 7] [1 2 3 4 5 6 7 8 9 13 52] [1 2 3 4 5 7 13] [1 2] [1 2 3 4 5 6 7 9 10] [1 2 3 5 7 8 10] [1 2 3 4 5 8 13] [1 2 3 4 5 8] [1 2 4 5 7] [1 2 3 5] [1 2 4] [1 2 3 5 7 10] [1 2 3 4 5 7 10 13] [1 2 3 4 5 7 8 10 13] [1 2 3 4 5 10 13] [1 2 3 4 5 13 52] [1 2 3 5 7 10 13] [1 2 3 5 7 10 13 52] [1 2 3 4 5 7 8] [1 2 5 8 13] [1 2 4 5 13 52] [1 2 3 5 8 10 13 17 24] [1 2 3 4 5 7 8 13 52] [1 2 4 5 13] [1 2 3 4 5 13] [1 2 5 7 10 13 17] [1 2 4 5] [1 2 3 4 5 7 8 10] [1 2 3 4 5 8 13 17] [1 2 3 4 5 8 10 13 19] [1 2 3 4 5 7 8 10 13 52] [1 2 3 4 5 8 10 19] [1 2 3 4 5 7 8 10 19] [1 2 3 5 10] [1 2 3 4 5 8 13 52] [1 2 3 5 8 13] [1 2 3 5 7 8] [1 2 5 13] [1 2 3 4 5 8 10 13] [1 2 3 4 5 7 8 10 13 17 24] [1 2 4 13] [1 2 13] [1 2 3 5 8 10] [1 2 3 4 5 7 13 17] [1 2 3 4] [1 2 4 5 7 10] [1 2 3 5 13 52] [1 2 3 8 13] [1 2 4 5 7 10 13] [1 2 3 4 5 7 8 10 13 17 43] [1 2 3 5 7 13] [1 2 3 5 7 8 13] [1 2 3 4 13 52] [1 2 3 4 5 7 10 17] [1 2 13 52] [1 2 4 8 13] [1 2 5] [1 2 5 7 13 52] [1 2 3 4 5 7 8 10 13 19] [1 2 3 4 5 7 8 10 17] [1 2 3 5 8] [1 2 3 4 5 10 13 52] [1 2 3 4 5 7 9 10 13 52] [1 2 3 4 5 7 8 9 10 13 52] [1 10] [1 2 5 10 13] [1 2 3 4 5 6 7 8 9 10 13 17 24] [1 2 3 5 7 9] [1 5] [1] [1 2 10] [1 2 3 5 7 8 10 11] [1 2 3 4 5 6 7 8 10 11 17] [1 2 4 5 7 9] [1 2 3 4 5 7 8 9 13] [1 2 3 4 5 6 7 8 13 52] [1 2 4 5 6 7 8 11 13] [1 2 3 4 5 7 9 13] [1 2 3 4 5 6 7] [1 2 3 4 5 6 7 8 9] [1 2 4 5 7 8 10 13] [1 2 3 4 5 7 9] [1 2 3 4 5 7 8 9 10 13 17] [1 2 4 5 7 8 9 10 13 17 43] [1 2 3 4 5 6 8 13] [1 2 4 5 6 8 11] [1 2 3 5 8 10 13 19 52] [1 2 3 4 5 7 8 13] [1 2 3 5 8 10 13] [1 2 3 5 7 8 10 19] [1 2 4 5 8] [1 2 3 4 5 7 10 13 17 52] [1 2 4 5 7 13 52] [1 2 3 5 7 8 10 13] [1 2 3 4 5 10] [1 2 3 4 5 7 8 13 17] [1 2 3 13] [1 2 3 4 5 7 10 13 17] [1 2 3 4 5 8 10 13 17] [1 2 3 5 10 13] [1 5 27] [1 2 4 5 6 7 8 9 10 13] [1 2 3 4 5 7 17] [1 2 7 13] [1 2 4 5 6 8] [1 2 3 4 5 7 8 10 13 17 52] [1 2 4 5 7 9 10] [1 13] [1 2 5 7 10 13 17 52] [1 2 3 4 5 7 8 10 13 17 19] [1 2 3 4 5 7 8 9 10 11] [1 2 3 4 5 7 8 17] [] [] [] [] [] [] [] [] [] [] [] [] [] [] [] [] [] [] [] [] [] [] [] [] [] [] [] [] [] [] [] [] [] [] [] [] [] [] [] [] [] [] [] [] [] [] [] [] [] [] [] [] [] [] [] [] [] [] [] [] [] [] [] [] [] [] [] [] [] [] [] []
5 [43 55] [1 2 3 4 5 8 10] [1 2 3 5 13] [1 2 3 4 5 7 13 52] [1 2 3 4 5 6] [1 2 3 4 5 7 8 10 13 17] [1 2 3] [1 2 3 4 5] [1 2 3 4 5 6 8 10 11 19] [1 2 5 7] [1 2 5 7 10] [1 2 3 4 5 7 10] [1 2 4 5 7 13] [1 2 3 5 7 8 10 13 19] [1 2 3 4 5 7 9 10 13 17 52] [1 2 3 5 7] [1 2 3 4 5 7] [1 2 3 4 5 6 7 8 9 13 52] [1 2 3 4 5 7 13] [1 2] [1 2 3 4 5 6 7 9 10] [1 2 3 5 7 8 10] [1 2 3 4 5 8 13] [1 2 3 4 5 8] [1 2 4 5 7] [1 2 3 4 5 7 13 52 58] [1 2 3 5] [1 2 4] [1 2 3 5 7 10] [1 2 3 4 5 7 10 13] [1 2 3 4 5 7 8 10 13] [1 2 3 4 5 10 13] [1 2 3 4 5 13 52] [1 2 3 5 7 10 13] [1 2 3 5 7 10 13 52] [1 2 3 4 5 7 8] [1 2 5 8 13] [1 2 4 5 13 52] [1 2 3 5 8 10 13 17 24] [1 2 3 4 5 7 8 13 52] [1 2 4 5 13] [1 2 3 4 5 13] [1 2 5 7 10 13 17] [1 2 4 5] [1 2 3 4 5 7 8 10] [1 2 3 4 5 8 13 17] [1 2 3 4 5 8 10 13 19] [1 2 3 4 5 7 8 10 13 52] [1 2 3 4 5 8 10 19] [1 2 3 4 5 7 8 10 19] [1 2 3 5 10] [1 2 3 4 5 8 13 52] [1 2 3 5 8 13] [1 2 3 5 7 8] [1 2 5 13] [1 2 3 4 5 8 10 13] [1 2 3 4 5 7 8 10 13 17 24] [1 2 4 13] [1 2 13] [1 2 3 5 8 10] [1 2 3 4 5 7 13 17] [1 2 3 4] [1 2 4 5 7 10] [1 2 3 5 13 52] [1 2 3 8 13] [1 2 4 5 7 10 13] [1 2 3 4 5 7 8 10 13 17 58] [1 2 3 5 7 13] [1 2 3 5 7 8 13] [1 2 3 4 13 52] [1 2 3 4 5 7 10 17] [1 2 13 52] [1 2 4 8 13] [1 2 5] [1 2 5 7 13 52] [1 2 3 4 5 7 8 10 13 19] [1 2 3 4 5 7 8 10 17] [1 2 3 5 8] [1 2 3 4 5 10 13 52] [1 2 3 4 5 7 9 10 13 52] [1 2 3 4 5 6 7 8 10] [1 2 3 4 5 7 8 9 10 13 52] [1 10] [1 2 5 10 13] [1 2 3 4 5 6 7 8 9 10 13 17 24] [1 2 3 5 7 9] [1 5] [1] [1 2 10] [1 2 3 5 7 8 10 11] [1 2 3 4 5 6 7 8 10 11 17] [1 2 4 5 7 9] [1 2 3 4 5 7 8 9 13] [1 2 3 4 5 6 7 8 13 52] [1 2 3 4 5 7 8 13 17 52 58] [1 2 4 5 6 7 8 11 13] [1 2 3 4 5 7 9 13] [1 2 3 4 5 6 7] [1 2 3 4 5 6 7 8 9] [1 2 4 5 7 8 10 13] [1 2 3 4 5 7 9] [1 2 3 4 5 7 8 9 10 13 17] [1 2 4 5 7 8 9 10 13 17 58] [1 2 3 4 5 8 13 52 58] [1 2 3 4 5 6 8 13] [1 2 4 5 6 8 11] [1 2 3 5 8 10 13 19 52] [1 2 3 4 5 7 8 13] [1 2 3 5 8 10 13] [1 2 3 5 7 8 10 19] [1 2 4 5 8] [1 2 3 4 5 7 10 13 17 52] [1 2 4 5 7 13 52] [1 2 3 5 7 8 10 13] [1 2 3 4 5 10] [1 2 3 4 5 7 8 13 17] [1 2 3 13] [1 2 3 4 5 7 10 13 17] [1 2 3 4 5 8 10 13 19 52 58] [1 2 3 4 5 8 10 13 17] [1 2 3 4 5 6 8 11 13 52 58] [1 2 3 5 10 13] [1 5 27] [1 2 4 5 6 7 8 9 10 13] [1 2 3 4 5 7 17] [1 2 7 13] [1 2 4 5 6 8] [1 2 3 4 5 7 8 10 13 17 52] [1 2 3 4 5 13 52 58] [1 2 4 5 7 9 10] [1 13] [1 2 5 7 10 13 17 52] [1 2 3 4 5 7 8 10 13 17 19] [1 2 3 4 5 7 8 9 10 11] [1 2 3 4 5 7 8 17] [1 2 3 4 5 6 7 8 9 13 52 58] [] [] [] [] [] [] [] [] [] [] [] [] [] [] [] [] [] [] [] [] [] [] [] [] [] [] [] [] [] [] [] [] [] [] [] [] [] [] [] [] [] [] [] [] [] [] [] [] [] [] [] [] [] [] [] [] [] [] [] [] [] [] [] [] []
6 [58 60] [1 2 3 5 13] [1 2 3 5 7] [1 2 3 4 5 6] [1 2 3 4 5 7 8 10 13 17] [1 2 3] [1 2 3 4 5] [1 2 3 4 5 7 13 52] [1 2 3 4 5 6 8 10 11 19] [1 2 5 7] [1 2 5 7 10] [1 2 3 4 5 7 10] [1 2 4 5 7 13] [1 2 3 5 7 8 10 13 19] [1 2 3 4 5 7 9 10 13 17 52] [1 2 3 4 5 7] [1 2 3 4 5 6 7 8 9 13 52] [1 2 3 4 5 7 13] [1 2] [1 2 3 4 5 6 7 9 10] [1 2 3 5 7 8 10] [1 2 3 4 5 8 13] [1 2 3 4 5 8] [1 2 4 5 7] [1 2 3 4 5 8 10] [1 2 3 5] [1 2 4] [1 2 3 5 7 10] [1 2 3 4 5 7 10 13] [1 2 3 4 5 7 8 10 13] [1 2 3 4 5 10 13] [1 2 3 4 5 13 52] [1 2 3 5 7 10 13] [1 2 3 5 7 10 13 52] [1 2 3 4 5 7 8] [1 2 5 8 13] [1 2 4 5 13 52] [1 2 3 5 8 10 13 17 24] [1 2 3 4 5 7 8 13 52] [1 2 4 5 13] [1 2 3 4 5 13] [1 2 5 7 10 13 17] [1 2 4 5] [1 2 3 4 5 7 8 10] [1 2 3 4 5 8 13 17] [1 2 3 4 5 8 10 13 19] [1 2 3 4 5 7 8 10 13 52] [1 2 3 4 5 8 10 19] [1 2 3 4 5 7 8 10 19] [1 2 3 5 10] [1 2 3 4 5 8 13 52] [1 2 3 5 8 13] [1 2 3 5 7 8] [1 2 5 13] [1 2 3 4 5 8 10 13] [1 2 3 4 5 7 8 10 13 17 24] [1 2 4 13] [1 2 13] [1 2 3 5 8 10] [1 2 3 4 5 7 13 17] [1 2 3 4] [1 2 4 5 7 10] [1 2 3 5 13 52] [1 2 3 8 13] [1 2 4 5 7 10 13] [1 2 3 4 5 7 8 10 13 17 43] [1 2 3 5 7 13] [1 2 3 5 7 8 13] [1 2 3 4 13 52] [1 2 3 4 5 7 10 17] [1 2 13 52] [1 2 4 8 13] [1 2 5] [1 2 5 7 13 52] [1 2 3 4 5 7 8 10 13 19] [1 2 3 4 5 7 8 10 17] [1 2 3 5 8] [1 2 3 4 5 10 13 52] [1 2 3 4 5 7 9 10 13 52] [1 2 3 4 5 6 7 8 10] [1 2 3 4 5 7 8 9 10 13 52] [1 10] [1 2 5 10 13] [1 2 3 4 5 6 7 8 9 10 13 17 24] [1 2 3 5 7 9] [1 5] [1] [1 2 10] [1 2 3 5 7 8 10 11] [1 2 3 4 5 6 7 8 10 11 17] [1 2 4 5 7 9] [1 2 3 4 5 7 8 9 13] [1 2 3 4 5 6 7 8 13 52] [1 2 4 5 6 7 8 11 13] [1 2 3 4 5 7 9 13] [1 2 3 4 5 6 7] [1 2 3 4 5 6 7 8 9] [1 2 4 5 7 8 10 13] [1 2 3 4 5 7 9] [1 2 3 4 5 7 8 9 10 13 17] [1 2 4 5 7 8 9 10 13 17 43] [1 2 3 4 5 6 8 13] [1 2 4 5 6 8 11] [1 2 3 5 8 10 13 19 52] [1 2 3 4 5 7 8 13] [1 2 3 5 8 10 13] [1 2 3 5 7 8 10 19] [1 2 4 5 8] [1 2 3 4 5 7 10 13 17 52] [1 2 4 5 7 13 52] [1 2 3 5 7 8 10 13] [1 2 3 4 5 10] [1 2 3 4 5 7 8 13 17] [1 2 3 13] [1 2 3 4 5 7 10 13 17] [1 2 3 4 5 8 10 13 17] [1 2 3 5 10 13] [1 5 27] [1 2 4 5 6 7 8 9 10 13] [1 2 3 4 5 7 17] [1 2 7 13] [1 2 4 5 6 8] [1 2 3 4 5 7 8 10 13 17 52] [1 2 4 5 7 9 10] [1 13] [1 2 5 7 10 13 17 52] [1 2 3 4 5 7 8 10 13 17 19] [1 2 3 4 5 7 8 9 10 11] [1 2 3 4 5 7 8 17] [] [] [] [] [] [] [] [] [] [] [] [] [] [] [] [] [] [] [] [] [] [] [] [] [] [] [] [] [] [] [] [] [] [] [] [] [] [] [] [] [] [] [] [] [] [] [] [] [] [] [] [] [] [] [] [] [] [] [] [] [] [] [] [] [] [] [] [] [] [] [] []
7 [21 22 24 42] [1 2 3 5 7] [1 2 3 4 5 6] [1 2 3 4 5 7 8 10 13 17] [1 2 3] [1 2 3 4 5] [1 2 3 4 5 7 13 52] [1 2 3 4 5 6 8 10 11 19] [1 2 5 7] [1 2 5 7 10] [1 2 3 4 5 7 10] [1 2 4 5 7 13] [1 2 3 5 7 8 10 13 19] [1 2 3 4 5 7 9 10 13 17 52] [1 2 3 4 5 7] [1 2 3 4 5 6 7 8 9 13 52] [1 2 3 4 5 7 13] [1 2] [1 2 3 4 5 6 7 9 10] [1 2 3 5 7 8 10] [1 2 3 4 5 8 13] [1 2 3 4 5 8] [1 2 4 5 7] [1 2 3 4 5 8 10] [1 2 3 4 5 7 13 52 58] [1 2 3 5] [1 2 4] [1 2 3 5 7 10] [1 2 3 4 5 7 10 13] [1 2 3 4 5 7 8 10 13] [1 2 3 4 5 10 13] [1 2 3 4 5 13 52] [1 2 3 5 7 10 13] [1 2 3 5 7 10 13 52] [1 2 3 4 5 7 8] [1 2 5 8 13] [1 2 4 5 13 52] [1 2 3 4 5 7 8 13 52] [1 2 4 5 13] [1 2 3 4 5 13] [1 2 5 7 10 13 17] [1 2 4 5] [1 2 3 4 5 7 8 10] [1 2 3 4 5 8 13 17] [1 2 3 4 5 8 10 13 19] [1 2 3 4 5 7 8 10 13 52] [1 2 3 4 5 8 10 19] [1 2 3 4 5 7 8 10 19] [1 2 3 5 10] [1 2 3 4 5 8 13 52] [1 2 3 5 8 13] [1 2 3 5 7 8] [1 2 5 13] [1 2 3 4 5 8 10 13] [1 2 4 13] [1 2 13] [1 2 3 5 8 10] [1 2 3 4 5 7 13 17] [1 2 3 4] [1 2 4 5 7 10] [1 2 3 5 13 52] [1 2 3 8 13] [1 2 4 5 7 10 13] [1 2 3 4 5 7 8 10 13 17 43] [1 2 3 5 7 13] [1 2 3 5 7 8 13] [1 2 3 4 13 52] [1 2 3 4 5 7 10 17] [1 2 13 52] [1 2 4 8 13] [1 2 3 5 13] [1 2 5] [1 2 5 7 13 52] [1 2 3 4 5 7 8 10 13 19] [1 2 3 4 5 7 8 10 17] [1 2 3 5 8] [1 2 3 4 5 10 13 52] [1 2 3 4 5 7 9 10 13 52] [1 2 3 4 5 6 7 8 10] [1 2 3 4 5 7 8 9 10 13 52] [1 10] [1 2 5 10 13] [1 2 3 5 7 9] [1 5] [1] [1 2 10] [1 2 3 5 7 8 10 11] [1 2 3 4 5 6 7 8 10 11 17] [1 2 4 5 7 9] [1 2 3 4 5 7 8 9 13] [1 2 3 4 5 6 7 8 13 52] [1 2 3 4 5 7 8 13 17 52 58] [1 2 4 5 6 7 8 11 13] [1 2 3 4 5 7 9 13] [1 2 3 4 5 6 7] [1 2 3 4 5 6 7 8 9] [1 2 4 5 7 8 10 13] [1 2 3 4 5 7 9] [1 2 3 4 5 7 8 9 10 13 17] [1 2 4 5 7 8 9 10 13 17 43] [1 2 3 4 5 8 13 52 58] [1 2 3 4 5 6 8 13] [1 2 4 5 6 8 11] [1 2 3 5 8 10 13 19 52] [1 2 3 4 5 7 8 13] [1 2 3 5 8 10 13] [1 2 3 5 7 8 10 19] [1 2 4 5 8] [1 2 3 4 5 7 10 13 17 52] [1 2 4 5 7 13 52] [1 2 3 5 7 8 10 13] [1 2 3 4 5 10] [1 2 3 4 5 7 8 13 17] [1 2 3 13] [1 2 3 4 5 7 10 13 17] [1 2 3 4 5 8 10 13 19 52 58] [1 2 3 4 5 8 10 13 17] [1 2 3 4 5 6 8 11 13 52 58] [1 2 3 5 10 13] [1 5 27] [1 2 4 5 6 7 8 9 10 13] [1 2 3 4 5 7 17] [1 2 7 13] [1 2 4 5 6 8] [1 2 3 4 5 7 8 10 13 17 52] [1 2 3 4 5 13 52 58] [1 2 4 5 7 9 10] [1 2 3 4 5 7 10 17 43 58] [1 13] [1 2 5 7 10 13 17 52] [1 2 3 4 5 7 8 10 13 17 19] [1 2 3 4 5 7 8 9 10 11] [1 2 3 4 5 7 8 17] [1 2 3 4 5 6 7 8 9 13 52 58] [] [] [] [] [] [] [] [] [] [] [] [] [] [] [] [] [] [] [] [] [] [] [] [] [] [] [] [] [] [] [] [] [] [] [] [] [] [] [] [] [] [] [] [] [] [] [] [] [] [] [] [] [] [] [] [] [] [] [] [] [] [] [] [] [] [] []
8 [] [1 2 3 4 5 6] [1 2 3 4 5 7 8 10 13 17] [1 2 3] [1 2 3 4 5] [1 2 3 4 5 7 13 52] [1 2 3 4 5 6 8 10 11 19] [1 2 5 7] [1 2 5 7 10] [1 2 3 4 5 7 10] [1 2 4 5 7 13] [1 2 3 5 7 8 10 13 19] [1 2 3 4 5 7 9 10 13 17 52] [1 2 3 5 7] [1 2 3 4 5 7] [1 2 3 4 5 6 7 8 9 13 52] [1 2 3 4 5 7 13] [1 2] [1 2 3 4 5 6 7 9 10] [1 2 3 5 7 8 10] [1 2 3 4 5 8 13] [1 2 3 4 5 8] [1 2 4 5 7] [1 2 3 4 5 8 10] [1 2 3 4 5 7 13 52 58] [1 2 3 5] [1 2 4] [1 2 3 5 7 10] [1 2 3 4 5 7 10 13] [1 2 3 4 5 7 8 10 13] [1 2 3 4 5 10 13] [1 2 3 4 5 13 52] [1 2 3 5 7 10 13] [1 2 3 5 7 10 13 52] [1 2 3 4 5 7 8] [1 2 5 8 13] [1 2 4 5 13 52] [1 2 3 5 8 10 13 17 24] [1 2 3 4 5 7 8 13 52] [1 2 4 5 13] [1 2 3 4 5 13] [1 2 5 7 10 13 17] [1 2 4 5] [1 2 3 4 5 7 8 10] [1 2 3 4 5 8 13 17] [1 2 3 4 5 8 10 13 19] [1 2 3 4 5 7 8 10 13 52] [1 2 3 4 5 8 10 19] [1 2 3 4 5 7 8 10 19] [1 2 3 5 10] [1 2 3 4 5 8 13 52] [1 2 3 5 8 13] [1 2 3 5 7 8] [1 2 5 13] [1 2 3 4 5 8 10 13] [1 2 3 4 5 7 8 10 13 17 24] [1 2 4 13] [1 2 13] [1 2 3 5 8 10] [1 2 3 4 5 7 13 17] [1 2 3 4] [1 2 4 5 7 10] [1 2 3 5 13 52] [1 2 3 8 13] [1 2 4 5 7 10 13] [1 2 3 4 5 7 8 10 13 17 43] [1 2 3 5 7 13] [1 2 3 5 7 8 13] [1 2 3 4 13 52] [1 2 3 4 5 7 10 17] [1 2 13 52] [1 2 4 8 13] [1 2 3 5 13] [1 2 5] [1 2 5 7 13 52] [1 2 3 4 5 7 8 10 13 19] [1 2 3 4 5 7 8 10 17] [1 2 3 5 8] [1 2 3 4 5 10 13 52] [1 2 3 4 5 7 9 10 13 52] [1 2 3 4 5 6 7 8 10] [1 2 3 4 5 7 8 9 10 13 52] [1 10] [1 2 5 10 13] [1 2 3 4 5 6 7 8 9 10 13 17 24] [1 2 3 5 7 9] [1 5] [1] [1 2 10] [1 2 3 5 7 8 10 11] [1 2 3 4 5 6 7 8 10 11 17] [1 2 4 5 7 9] [1 2 3 4 5 7 8 9 13] [1 2 3 4 5 6 7 8 13 52] [1 2 3 4 5 7 8 13 17 52 58] [1 2 4 5 6 7 8 11 13] [1 2 3 4 5 7 9 13] [1 2 3 4 5 6 7] [1 2 3 4 5 6 7 8 9] [1 2 4 5 7 8 10 13] [1 2 3 4 5 7 9] [1 2 3 4 5 7 8 9 10 13 17] [1 2 4 5 7 8 9 10 13 17 43] [1 2 3 4 5 8 13 52 58] [1 2 3 4 5 6 8 13] [1 2 4 5 6 8 11] [1 2 3 5 8 10 13 19 52] [1 2 3 4 5 7 8 13] [1 2 3 5 8 10 13] [1 2 3 5 7 8 10 19] [1 2 4 5 8] [1 2 3 4 5 7 10 13 17 52] [1 2 4 5 7 13 52] [1 2 3 5 7 8 10 13] [1 2 3 4 5 10] [1 2 3 4 5 7 8 13 17] [1 2 3 13] [1 2 3 4 5 7 10 13 17] [1 2 3 4 5 8 10 13 19 52 58] [1 2 3 4 5 8 10 13 17] [1 2 3 4 5 6 8 11 13 52 58] [1 2 3 5 10 13] [1 5 27] [1 2 4 5 6 7 8 9 10 13] [1 2 3 4 5 7 17] [1 2 7 13] [1 2 4 5 6 8] [1 2 3 4 5 7 8 10 13 17 52] [1 2 3 4 5 13 52 58] [1 2 4 5 7 9 10] [1 2 3 4 5 7 10 17 43 58] [1 13] [1 2 5 7 10 13 17 52] [1 2 3 4 5 7 8 10 13 17 19] [1 2 3 4 5 7 8 9 10 11] [1 2 3 4 5 7 8 17] [1 2 3 4 5 6 7 8 9 13 52 58] [] [] [] [] [] [] [] [] [] [] [] [] [] [] [] [] [] [] [] [] [] [] [] [] [] [] [] [] [] [] [] [] [] [] [] [] [] [] [] [] [] [] [] [] [] [] [] [] [] [] [] [] [] [] [] [] [] [] [] [] [] [] [] []
9 [34] [1 2 3 4 5 7 8 10 13 17] [1 2 3] [1 2 3 4 5] [1 2 3 4 5 7 13 52] [1 2 3 4 5 6 8 10 11 19] [1 2 5 7] [1 2 5 7 10] [1 2 3 4 5 7 10] [1 2 4 5 7 13] [1 2 3 5 7 8 10 13 19] [1 2 3 4 5 7 9 10 13 17 52] [1 2 3 5 7] [1 2 3 4 5 7] [1 2 3 4 5 6 7 8 9 13 52] [1 2 3 4 5 7 13] [1 2] [1 2 3 4 5 6 7 9 10] [1 2 3 5 7 8 10] [1 2 3 4 5 8 13] [1 2 3 4 5 8] [1 2 4 5 7] [1 2 3 4 5 8 10] [1 2 3 4 5 7 13 52 58] [1 2 3 5] [1 2 4] [1 2 3 5 7 10] [1 2 3 4 5 7 10 13] [1 2 3 4 5 7 8 10 13] [1 2 3 4 5 10 13] [1 2 3 4 5 13 52] [1 2 3 5 7 10 13] [1 2 3 5 7 10 13 52] [1 2 3 4 5 7 8] [1 2 5 8 13] [1 2 4 5 13 52] [1 2 3 5 8 10 13 17 24] [1 2 3 4 5 7 8 13 52] [1 2 4 5 13] [1 2 3 4 5 13] [1 2 5 7 10 13 17] [1 2 4 5] [1 2 3 4 5 7 8 10] [1 2 3 4 5 8 13 17] [1 2 3 4 5 8 10 13 19] [1 2 3 4 5 7 8 10 13 52] [1 2 3 4 5 8 10 19] [1 2 3 4 5 7 8 10 19] [1 2 3 5 10] [1 2 3 4 5 8 13 52] [1 2 3 5 8 13] [1 2 3 5 7 8] [1 2 5 13] [1 2 3 4 5 8 10 13] [1 2 3 4 5 7 8 10 13 17 24] [1 2 4 13] [1 2 13] [1 2 3 5 8 10] [1 2 3 4 5 7 13 17] [1 2 3 4] [1 2 4 5 7 10] [1 2 3 5 13 52] [1 2 3 8 13] [1 2 4 5 7 10 13] [1 2 3 4 5 7 8 10 13 17 43] [1 2 3 5 7 13] [1 2 3 5 7 8 13] [1 2 3 4 13 52] [1 2 3 4 5 7 10 17] [1 2 13 52] [1 2 4 8 13] [1 2 3 5 13] [1 2 5] [1 2 5 7 13 52] [1 2 3 4 5 7 8 10 13 19] [1 2 3 4 5 7 8 10 17] [1 2 3 5 8] [1 2 3 4 5 10 13 52] [1 2 3 4 5 7 9 10 13 52] [1 2 3 4 5 6 7 8 10] [1 2 3 4 5 7 8 9 10 13 52] [1 10] [1 2 5 10 13] [1 2 3 4 5 6 7 8 9 10 13 17 24] [1 2 3 5 7 9] [1 5] [1] [1 2 10] [1 2 3 5 7 8 10 11] [1 2 3 4 5 6 7 8 10 11 17] [1 2 4 5 7 9] [1 2 3 4 5 7 8 9 13] [1 2 3 4 5 6 7 8 13 52] [1 2 3 4 5 7 8 13 17 52 58] [1 2 4 5 6 7 8 11 13] [1 2 3 4 5 7 9 13] [1 2 3 4 5 6 7] [1 2 3 4 5 6 7 8 9] [1 2 4 5 7 8 10 13] [1 2 3 4 5 7 9] [1 2 3 4 5 7 8 9 10 13 17] [1 2 4 5 7 8 9 10 13 17 43] [1 2 3 4 5 8 13 52 58] [1 2 3 4 5 6 8 13] [1 2 4 5 6 8 11] [1 2 3 5 8 10 13 19 52] [1 2 3 4 5 7 8 13] [1 2 3 5 8 10 13] [1 2 3 5 7 8 10 19] [1 2 4 5 8] [1 2 3 4 5 7 10 13 17 52] [1 2 4 5 7 13 52] [1 2 3 5 7 8 10 13] [1 2 3 4 5 10] [1 2 3 4 5 7 8 13 17] [1 2 3 13] [1 2 3 4 5 7 10 13 17] [1 2 3 4 5 8 10 13 19 52 58] [1 2 3 4 5 8 10 13 17] [1 2 3 4 5 6 8 11 13 52 58] [1 2 3 5 10 13] [1 5 27] [1 2 4 5 6 7 8 9 10 13] [1 2 3 4 5 7 17] [1 2 7 13] [1 2 4 5 6 8] [1 2 3 4 5 7 8 10 13 17 52] [1 2 3 4 5 13 52 58] [1 2 4 5 7 9 10] [1 2 3 4 5 7 10 17 43 58] [1 2 3 4 5 6] [1 13] [1 2 5 7 10 13 17 52] [1 2 3 4 5 7 8 10 13 17 19] [1 2 3 4 5 7 8 9 10 11] [1 2 3 4 5 7 8 17] [1 2 3 4 5 6 7 8 9 13 52 58] [] [] [] [] [] [] [] [] [] [] [] [] [] [] [] [] [] [] [] [] [] [] [] [] [] [] [] [] [] [] [] [] [] [] [] [] [] [] [] [] [] [] [] [] [] [] [] [] [] [] [] [] [] [] [] [] [] [] [] [] [] [] [] []
10 [9 41 46 55 57] [1 2 3] [1 2 3 4 5] [1 2 3 4 5 7 13 52] [1 2 3 4 5 6 8 10 11 19] [1 2 5 7] [1 2 5 7 10] [1 2 3 4 5 7 10] [1 2 4 5 7 13] [1 2 3 5 7 8 10 13 19] [1 2 3 4 5 7 10 13 17 52] [1 2 3 5 7] [1 2 3 4 5 7] [1 2 3 4 5 6 7 8 10 13 52] [1 2 3 4 5 7 13] [1 2] [1 2 3 4 5 6 7 10] [1 2 3 5 7 8 10] [1 2 3 4 5 8 13] [1 2 3 4 5 8] [1 2 4 5 7] [1 2 3 4 5 8 10] [1 2 3 4 5 7 13 52 58] [1 2 3 5] [1 2 4] [1 2 3 5 7 10] [1 2 3 4 5 7 10 13] [1 2 3 4 5 7 8 10 13] [1 2 3 4 5 10 13] [1 2 3 4 5 13 52] [1 2 3 5 7 10 13] [1 2 3 5 7 10 13 52] [1 2 3 4 5 7 8] [1 2 5 8 13] [1 2 4 5 13 52] [1 2 3 5 8 10 13 17 24] [1 2 3 4 5 7 8 13 52] [1 2 4 5 13] [1 2 3 4 5 13] [1 2 5 7 10 13 17] [1 2 4 5] [1 2 3 4 5 7 8 10] [1 2 3 4 5 8 13 17] [1 2 3 4 5 8 10 13 19] [1 2 3 4 5 7 8 10 13 52] [1 2 3 4 5 8 10 19] [1 2 3 4 5 7 8 10 19] [1 2 3 5 10] [1 2 3 4 5 8 13 52] [1 2 3 5 8 13] [1 2 3 5 7 8] [1 2 5 13] [1 2 3 4 5 8 10 13] [1 2 3 4 5 7 8 10 13 17 24] [1 2 4 13] [1 2 13] [1 2 3 5 8 10] [1 2 3 4 5 7 13 17] [1 2 3 4] [1 2 4 5 7 10] [1 2 3 5 13 52] [1 2 3 8 13] [1 2 4 5 7 10 13] [1 2 3 4 5 7 8 10 13 17 43] [1 2 3 5 7 13] [1 2 3 5 7 8 13] [1 2 3 4 13 52] [1 2 3 4 5 7 10 17] [1 2 13 52] [1 2 4 8 13] [1 2 3 5 13] [1 2 5] [1 2 5 7 13 52] [1 2 3 4 5 7 8 10 13 19] [1 2 3 4 5 7 8 10 17] [1 2 3 5 8] [1 2 3 4 5 7 8 10 13 17] [1 2 3 4 5 10 13 52] [1 2 3 4 5 7 10 13 52] [1 2 3 4 5 6 7 8 10] [1 10] [1 2 5 10 13] [1 2 3 4 5 6 7 8 10 13 17 24] [1 5] [1] [1 2 10] [1 2 3 5 7 8 10 11] [1 2 3 4 5 6 7 8 10 11 17] [1 2 3 4 5 6 7 8 13 52] [1 2 3 4 5 7 8 13 17 52 58] [1 2 4 5 6 7 8 11 13] [1 2 3 4 5 6 7] [1 2 4 5 7 8 10 13] [1 2 4 5 7 8 10 13 17 43] [1 2 3 4 5 8 13 52 58] [1 2 3 4 5 6 8 13] [1 2 4 5 6 8 11] [1 2 3 5 8 10 13 19 52] [1 2 3 4 5 7 8 13] [1 2 3 5 8 10 13] [1 2 3 5 7 8 10 19] [1 2 4 5 8] [1 2 4 5 7 13 52] [1 2 3 5 7 8 10 13] [1 2 3 4 5 10] [1 2 3 4 5 7 8 13 17] [1 2 3 13] [1 2 3 4 5 7 10 13 17] [1 2 3 4 5 8 10 13 19 52 58] [1 2 3 4 5 8 10 13 17] [1 2 3 4 5 6 8 11 13 52 58] [1 2 3 5 10 13] [1 5 27] [1 2 4 5 6 7 8 10 13] [1 2 3 4 5 7 17] [1 2 7 13] [1 2 4 5 6 8] [1 2 3 4 5 7 8 10 13 17 52] [1 2 3 4 5 13 52 58] [1 2 3 4 5 7 10 17 43 58] [1 2 3 4 5 6] [1 13] [1 2 5 7 10 13 17 52] [1 2 3 4 5 7 8 10 13 17 19] [1 2 3 4 5 7 8 10 11] [1 2 3 4 5 7 8 17] [1 2 3 4 5 6 7 8 10 13 52 58] [] [] [] [] [] [] [] [] [] [] [] [] [] [] [] [] [] [] [] [] [] [] [] [] [] [] [] [] [] [] [] [] [] [] [] [] [] [] [] [] [] [] [] [] [] [] [] [] [] [] [] [] [] [] [] [] [] [] [] [] [] [] [] [] [] [] [] [] [] [] [] [] [] []
11 [5 31 35 59] [1 2 3 4 7] [1 2 3 4 7 8 9 13 52] [1 2 3 4 6 7 8 10 11 12 19 51] [1 2 7 10] [1 2 7 9 10] [1 2 3 4 7 8 9 10 19] [1 2 4 6 7 13] [1 2 3 7 8 10 13 19 51] [1 2 3 4 7 8 9 10 13 17 19 52] [1 2 3 7] [1 2 3 4 6 7 8] [1 2 3 4 6 7 8 9 10 11 13 52] [1 2 3 4 7 8 13] [1 2] [1 2 3 4 6 7 8 9 10] [1 2 3 4 7 8 10] [1 2 3 7 8 9 10 19] [1 2 3 4 6 7 8 11 13] [1 2 3 4 6 7 8 11] [1 2 4 7 9] [1 2 3 7 9 10] [1 2 3 4 6 7 8 10] [1 2 3 4 6 7 8 9 10 13 52 58] [1 2 3 4 7 10] [1 2 4] [1 2 3 4 7 8] [1 2 3 4 7 8 9 10 13] [1 2 3 4 7 8 9 13] [1 2 3 4 6 7 9 10] [1 2 3 4 8 10] [1 2 3 4 6 7 9] [1 2 3 4 7 10 17] [1 2 3 4 7 8 9 10 13 19] [1 2 3 4 6 7 10 13] [1 2 3 4 7 9 10] [1 2 3 4 7 8 10 13 52] [1 2 3 7 8 9 10 13 19] [1 2 3 7 9 10 13 52] [1 2 3 4 7 8 9] [1 2 3 4 6 7 8 9 11] [1 2 8 13] [1 2 4 6 13 52] [1 2 3 7 8 10 13 17 24] [1 2 3 4 6 7 8 9 11 13 52] [1 2 3 7 8 9 10] [1 2 4 6 8 13] [1 2 4 6 7 8 9 13] [1 2 7 10 13 17] [1 2 3 4 8] [1 2 4 7 8 10] [1 2 3 4 6 7 8 9 10 19] [1 2 3 4 6 7 8 13 17] [1 2 4 6 7 9] [1 2 3 4 7 8 10 13 19 51] [1 2 3 4 6 8 10 13] [1 2 3 4 7 8 9 10] [1 2 3 4 6 7 8 10 19] [1 2 3 4 6 7 8 10 11 13 19 52] [1 2 3 4 6 7 8 10 13 19 51] [1 2 3 4 6 7 8 9 10 19 51] [1 2 3 7 10] [1 2 3 4 6 7 8 9 10 11] [1 2 4 6 7] [1 2 3 4 6 7 8 10 11 13 52] [1 2 4 10] [1 2 3 4 6 7 8 9] [1 2 3 7 8 13] [1 2 3 4 6 8 10 19] [1 2 3 7 8 10] [1 2 7 13] [1 2 3 7 9] [1 2 3 4 7 8 10 13 19] [1 2 3 4 7 8 9 10 13 17 24] [1 2 3 4 7 9] [1 2 4 13] [1 2 13] [1 2 3 7 8 10 19] [1 2 4 7 9 13] [1 2 3 4 7 8 10 13 17] [1 2 3 4] [1 2 3 4 7 8 10 13] [1 2 4 6 7 8 10] [1 2 3 7 8 13 52] [1 2 3 8 13] [1 2 4 7 9 10] [1 2 4 7 8 10 13] [1 2 3 4 6 7 8 9 10 13 17 43] [1 2 7 9] [1 2 3 4 7 8 9 13 52 58] [1 2 3 7 8 9 10 13] [1 2 4 8] [1 2 4 6 7 8] [1 2 4 7] [1 2 3 4 6 7 8 9 10 13] [1 2 3 4 6 7] [1 2 3 4 7 8 9 10 13 19 52] [1 2 3 4 13 52] [1 2 3 4 6 7 8 9 10 17] [1 2 13 52] [1 2 3 4 6 7 8 10 19 51] [1 2 4 8 13] [1 2 3 4 8 13] [1 2 4 7 10] [1 2 3 4 7 8 10 19 51] [1 2 3 4 6 7 9 10 13] [1 2 7] [1 2 3 7 8 9] [1 2 4 6 13] [1 2 7 10 13 52] [1 2 7 8 10] [1 2 3 4 6 8 10 11] [1 2 3 4 6 7 8 9 10 13 19 51] [1 2 3] [1 2 3 4 6 7 8 9 10 11 17] [1 2 3 7 8] [1 2 3 4 6 7 8 9 13 52] [1 2 3 4 7 8 9 10 13 17] [1 2 3 4 8 10 13] [1 2 3 4 6 7 8 10 13 52] [1 2 10] [1 2 3 4 7 8 9 10 13 52] [1 2 3 4 6 7 8 9 10 11 13 14 52] [1 10] [1 2 3 4 7 10 13] [1 2 7 10 13] [1 2 3 4 6 7 8 9 10 13 17 24] [1 2 3 4 8 10 13 19] [1 7 8] [1] [1 2 4 8 10] [1 2 3 7 8 9 10 11] [1 2 3 4 6 7 8 9 10 11 17 18 19] [1 2 8] [1 2 3 4 7 8 9 10 17 19] [1 2 4 6 8] [1 2 4 6 7 9 10] [1 2 3 7 9 10 13] [1 2 3 4 6 7 8 11 13 14 52] [1 2 3 4 6 7 8 9 10 13 17 52 58] [1 2 3 4 6 7 8 10 13 19 52] [1 2 4 6 7 8 9 11 12 13] [1 2 3 4 7 9 10 13] [1 2 4 6 7 8 10 11 13 19] [1 2 3 4 6 7 8 9 10 13 17] [1 2 4 6 7 8 9 10 13 17 43] [1 2 3 4 6 7 8 10 17] [1 2 3 4 6 7 8 11 13 14 52 58] [1 2 4 6 8 11 12 13] [1 2 3 4 6 7 8 10 13] [1 2 3 7 8 10 13 19 51 52] [1 2 3 4 6] [1 2 4 6] [1 2 4 7 8 9 10] [1 2 3 4 6 7 10] [1 2 3 4 6 7 8 9 11 13] [1 2 4 7 8] [1 2 3 4 7 9 13] [1 2 4 7 8 9 10 13] [1 2 3 7 8 10 13] [1 2 3 4 6 8] [1 2 3 7 8 10 19 51] [1 2 3 4 7 8 10 19] [1 2 3 4 10] [1 2 4 7 8 9 13] [1 2 3 4 7 8 13 17] [1 2 3 7 13] [1 2 3 4 7 9 10 13 17 52] [1 2 3 4 7 10 13 52] [1 2 4 6 7 8 10 13 52] [1 2 4 6 8 10] [1 2 3 4 7 8 9 10 13 17 19] [1 2 3 13] [1 2 3 4 7 8 10 13 17 24] [1 2 3 4 7 10 13 17] [1 2 3 4 6 7 8 10 11 13 19 51 52 58] [1 2 4 6 7 10] [1 2 3 4 7 8 13 52] [1 2 3 4 6 7 8 10 11] [1 7] [1 2 3 4 6 8 10 11 12 13 14 52 58] [1 2 3 7 8 10 13 19] [1 8 27] [1 2 4 6 7 8 9 10 11 13 19] [1 2 3 4 6 13] [1 2 3 4 7 8 10 17] [1 2 4 6 8 11] [1 2 3 4 6 7 8 9 10 13 17 19 52] [1 2 3 4 6 8 13 52 58] [1 2 4 6 7 8 9 10] [1 2 3 7 9 13] [1 2 3 4 6 7 10 17 18 43 58] [1 2 3 10 13] [1 13] [1 2 3 4 6 8 13 17] [1 2 7 9 10 13 17 52] [1 2 3 4 8 10 13 52] [1 2 3 7 13 52] [1 2 3 4 7 8 10 13 17 19 51] [1 2 3 4 6 7 8 9 10 11 19] [1 2 3 4 6 7 8 9 10 11 13 52 58]
12 [14 36] [1 2 3 4 5 7 13 52] [1 2 3 4 5 6 8 10 11 19] [1 2 5 7] [1 2 5 7 10] [1 2 3 4 5 7 10] [1 2 4 5 7 13] [1 2 3 5 7 8 10 13 19] [1 2 3 4 5 7 9 10 13 17 52] [1 2 3 5 7] [1 2 3 4 5 7] [1 2 3 4 5 6 7 8 9 13 52] [1 2 3 4 5 7 13] [1 2] [1 2 3 4 5 6 7 9 10] [1 2 3 5 7 8 10] [1 2 3 4 5 8 13] [1 2 3 4 5 8] [1 2 3 4 5] [1 2 4 5 7] [1 2 3 4 5 8 10] [1 2 3 4 5 7 13 52 58] [1 2 3 5] [1 2 4] [1 2 3 5 7 10] [1 2 3 4 5 7 10 13] [1 2 3 4 5 7 8 10 13] [1 2 3 4 5 10 13] [1 2 3 4 5 13 52] [1 2 3 5 7 10 13] [1 2 3 5 7 10 13 52] [1 2 3 4 5 7 8] [1 2 5 8 13] [1 2 4 5 13 52] [1 2 3 5 8 10 13 17 24] [1 2 3 4 5 7 8 13 52] [1 2 4 5 13] [1 2 3 4 5 13] [1 2 5 7 10 13 17] [1 2 4 5] [1 2 3 4 5 7 8 10] [1 2 3 4 5 8 13 17] [1 2 3 4 5 8 10 13 19] [1 2 3 4 5 7 8 10 13 52] [1 2 3 4 5 8 10 19] [1 2 3 4 5 7 8 10 19] [1 2 3 5 10] [1 2 3 4 5 8 13 52] [1 2 3 5 8 13] [1 2 3 5 7 8] [1 2 5 13] [1 2 3 4 5 8 10 13] [1 2 3 4 5 7 8 10 13 17 24] [1 2 4 13] [1 2 13] [1 2 3 5 8 10] [1 2 3 4 5 7 13 17] [1 2 3 4] [1 2 4 5 7 10] [1 2 3 5 13 52] [1 2 3 8 13] [1 2 4 5 7 10 13] [1 2 3 4 5 7 8 10 13 17 43] [1 2 3 5 7 13] [1 2 3 5 7 8 13] [1 2 3 4 13 52] [1 2 3 4 5 7 10 17] [1 2 13 52] [1 2 4 8 13] [1 2 3 5 13] [1 2 5] [1 2 5 7 13 52] [1 2 3 4 5 7 8 10 13 19] [1 2 3] [1 2 3 4 5 7 8 10 17] [1 2 3 5 8] [1 2 3 4 5 7 8 10 13 17] [1 2 3 4 5 10 13 52] [1 2 3 4 5 7 9 10 13 52] [1 2 3 4 5 6 7 8 10] [1 2 3 4 5 7 8 9 10 13 52] [1 10] [1 2 5 10 13] [1 2 3 4 5 6 7 8 9 10 13 17 24] [1 2 3 5 7 9] [1 5] [1] [1 2 10] [1 2 3 5 7 8 10 11] [1 2 3 4 5 6 7 8 10 11 17] [1 2 4 5 7 9] [1 2 3 4 5 7 8 9 13] [1 2 3 4 5 6 7 8 13 52] [1 2 3 4 5 7 8 13 17 52 58] [1 2 4 5 6 7 8 11 13] [1 2 3 4 5 7 9 13] [1 2 3 4 5 6 7] [1 2 3 4 5 6 7 8 9] [1 2 4 5 7 8 10 13] [1 2 3 4 5 7 9] [1 2 3 4 5 7 8 9 10 13 17] [1 2 4 5 7 8 9 10 13 17 43] [1 2 3 4 5 8 13 52 58] [1 2 3 4 5 6 8 13] [1 2 4 5 6 8 11] [1 2 3 5 8 10 13 19 52] [1 2 3 4 5 7 8 13] [1 2 3 5 8 10 13] [1 2 3 5 7 8 10 19] [1 2 4 5 8] [1 2 3 4 5 7 10 13 17 52] [1 2 4 5 7 13 52] [1 2 3 5 7 8 10 13] [1 2 3 4 5 10] [1 2 3 4 5 7 8 13 17] [1 2 3 13] [1 2 3 4 5 7 10 13 17] [1 2 3 4 5 8 10 13 19 52 58] [1 2 3 4 5 8 10 13 17] [1 2 3 4 5 6 8 11 13 52 58] [1 2 3 5 10 13] [1 5 27] [1 2 4 5 6 7 8 9 10 13] [1 2 3 4 5 7 17] [1 2 7 13] [1 2 4 5 6 8] [1 2 3 4 5 7 8 10 13 17 52] [1 2 3 4 5 13 52 58] [1 2 4 5 7 9 10] [1 2 3 4 5 7 10 17 43 58] [1 2 3 4 5 6] [1 13] [1 2 5 7 10 13 17 52] [1 2 3 4 5 7 8 10 13 17 19] [1 2 3 4 5 7 8 9 10 11] [1 2 3 4 5 7 8 17] [1 2 3 4 5 6 7 8 9 13 52 58] [] [] [] [] [] [] [] [] [] [] [] [] [] [] [] [] [] [] [] [] [] [] [] [] [] [] [] [] [] [] [] [] [] [] [] [] [] [] [] [] [] [] [] [] [] [] [] [] [] [] [] [] [] [] [] [] [] [] [] [] [] [] [] []
13 [17 48 58] [1 2 3 4 5 6 8 10 11 19] [1 2 5 7 10] [1 2 3 4 5 7 10] [1 2 4 5 7 13] [1 2 3 5 7 8 10 13 19] [1 2 3 4 5 7 9 10 13 43 52] [1 2 3 5 7] [1 2 3 4 5 7] [1 2 3 4 5 6 7 8 9 13 52] [1 2 3 4 5 7 13] [1 2 3 4 5 6 7 9 10] [1 2 3 5 7 8 10] [1 2 3 4 5 8 13] [1 2 3 4 5 8] [1 2 3 4 5] [1 2 4 5 7] [1 2 3 4 5 8 10] [1 2 3 5] [1 2 4] [1 2 3 5 7 10] [1 2 3 4 5 7 10 13] [1 2 3 4 5 7 8 10 13] [1 2 3 4 5 10 13] [1 2 3 4 5 13 52] [1 2 3 5 7 10 13] [1 2 3 5 7 10 13 52] [1 2 3 4 5 7 8] [1 2 5 8 13] [1 2 4 5 13 52] [1 2 3 4 5 7 8 13 52] [1 2 4 5 13] [1 2 3 4 5 13] [1 2 5 7 10 13 52] [1 2 4 5] [1 2 3 4 5 7 8 10] [1 2 3 4 5 8 13 24] [1 2 3 4 5 8 10 13 19] [1 2 3 4 5 7 8 10 13 52] [1 2 3 4 5 8 10 19] [1 2 3 4 5 7 8 10 19] [1 2 3 5 10] [1 2 3 4 5 8 13 52] [1 2 3 5 8 13] [1 2 5 7] [1 2 3 5 7 8] [1 2 5 13] [1 2 3 4 5 8 10 13] [1 2 4 13] [1 2 13] [1 2 3 5 8 10] [1 2 3 4 5 7 13 43] [1 2 3 4] [1 2 3 4 5 7 13 52] [1 2 4 5 7 10] [1 2 3 5 13 52] [1 2 3 8 13] [1 2 4 5 7 10 13] [1 2 3 5 7 13] [1 2 3 5 7 8 13] [1 2 3 4 13 52] [1 2 3 4 5 7 10 52] [1 2 13 52] [1 2 4 8 13] [1 2 3 5 13] [1 2 3 4 5 7 10 43] [1 2 5] [1 2 5 7 13 52] [1 2 3 4 5 7 8 10 13 19] [1 2 3] [1 2 3 4 5 7 8 10 52] [1 2 3 5 8] [1 2 3 4 5 7 8 10 13 24 43] [1 2 3 4 5 10 13 52] [1 2 3 4 5 7 9 10 13 52] [1 2 3 4 5 6 7 8 10] [1 2] [1 2 3 4 5 7 8 9 10 13 52] [1 10] [1 2 5 10 13] [1 2 3 5 7 9] [1 5] [1] [1 2 10] [1 2 3 5 7 8 10 11] [1 2 3 4 5 6 7 8 10 11 18] [1 2 4 5 7 9] [1 2 3 4 5 7 8 9 13] [1 2 3 4 5 6 7 8 13 52] [1 2 4 5 6 7 8 11 13] [1 2 3 4 5 7 9 13] [1 2 3 4 5 6 7] [1 2 3 4 5 6 7 8 9] [1 2 4 5 7 8 10 13] [1 2 3 4 5 7 9] [1 2 3 4 5 7 8 9 10 13 24] [1 2 3 4 5 6 8 13] [1 2 4 5 6 8 11] [1 2 3 5 8 10 13 19 52] [1 2 3 4 5 7 8 13] [1 2 3 5 8 10 13] [1 2 3 5 7 8 10 19] [1 2 4 5 8] [1 2 3 4 5 7 10 13 52] [1 2 4 5 7 13 52] [1 2 3 4 5 7 8 10 13 24] [1 2 3 5 7 8 10 13] [1 2 3 4 5 10] [1 2 3 4 5 7 8 13 43] [1 2 3 13] [1 2 3 4 5 7 10 13 43] [1 2 3 4 5 8 10 13 24] [1 2 3 5 10 13] [1 5 27] [1 2 4 5 6 7 8 9 10 13] [1 2 3 4 5 7 43] [1 2 7 13] [1 2 4 5 6 8] [1 2 4 5 7 9 10] [1 2 3 4 5 6] [1 13] [1 2 5 7 10 13 52 60] [1 2 3 4 5 7 8 10 13 19 24] [1 2 3 4 5 7 8 9 10 11] [1 2 3 4 5 7 8 43] [] [] [] [] [] [] [] [] [] [] [] [] [] [] [] [] [] [] [] [] [] [] [] [] [] [] [] [] [] [] [] [] [] [] [] [] [] [] [] [] [] [] [] [] [] [] [] [] [] [] [] [] [] [] [] [] [] [] [] [] [] [] [] [] [] [] [] [] [] [] [] [] [] [] [] []
14 [] [1 2 3 4 5 6 8 10 11 19] [1 2 5 7 10] [1 2 3 4 5 7 10] [1 2 4 5 7 13] [1 2 3 5 7 8 10 13 19] [1 2 3 4 5 7 9 10 13 17 52] [1 2 3 5 7] [1 2 3 4 5 7] [1 2 3 4 5 6 7 8 9 13 52] [1 2 3 4 5 7 13] [1 2 3 4 5 6 7 9 10] [1 2 3 5 7 8 10] [1 2 3 4 5 8 13] [1 2 3 4 5 8] [1 2 3 4 5] [1 2 4 5 7] [1 2 3 4 5 8 10] [1 2 3 4 5 7 13 52 58] [1 2 3 5] [1 2 4] [1 2 3 5 7 10] [1 2 3 4 5 7 10 13] [1 2 3 4 5 7 8 10 13] [1 2 3 4 5 10 13] [1 2 3 4 5 13 52] [1 2 3 5 7 10 13] [1 2 3 5 7 10 13 52] [1 2 3 4 5 7 8] [1 2 5 8 13] [1 2 4 5 13 52] [1 2 3 5 8 10 13 17 24] [1 2 3 4 5 7 8 13 52] [1 2 4 5 13] [1 2 3 4 5 13] [1 2 5 7 10 13 17] [1 2 4 5] [1 2 3 4 5 7 8 10] [1 2 3 4 5 8 13 17] [1 2 3 4 5 8 10 13 19] [1 2 3 4 5 7 8 10 13 52] [1 2 3 4 5 8 10 19] [1 2 3 4 5 7 8 10 19] [1 2 3 5 10] [1 2 3 4 5 8 13 52] [1 2 3 5 8 13] [1 2 5 7] [1 2 3 5 7 8] [1 2 5 13] [1 2 3 4 5 8 10 13] [1 2 3 4 5 7 8 10 13 17 24] [1 2 4 13] [1 2 13] [1 2 3 5 8 10] [1 2 3 4 5 7 13 17] [1 2 3 4] [1 2 3 4 5 7 13 52] [1 2 4 5 7 10] [1 2 3 5 13 52] [1 2 3 8 13] [1 2 4 5 7 10 13] [1 2 3 4 5 7 8 10 13 17 43] [1 2 3 5 7 13] [1 2 3 5 7 8 13] [1 2 3 4 13 52] [1 2 3 4 5 7 10 17] [1 2 13 52] [1 2 4 8 13] [1 2 3 5 13] [1 2 5] [1 2 5 7 13 52] [1 2 3 4 5 7 8 10 13 19] [1 2 3] [1 2 3 4 5 7 8 10 17] [1 2 3 5 8] [1 2 3 4 5 7 8 10 13 17] [1 2 3 4 5 10 13 52] [1 2 3 4 5 7 9 10 13 52] [1 2 3 4 5 6 7 8 10] [1 2] [1 2 3 4 5 7 8 9 10 13 52] [1 10] [1 2 5 10 13] [1 2 3 4 5 6 7 8 9 10 13 17 24] [1 2 3 5 7 9] [1 5] [1] [1 2 10] [1 2 3 5 7 8 10 11] [1 2 3 4 5 6 7 8 10 11 17] [1 2 4 5 7 9] [1 2 3 4 5 7 8 9 13] [1 2 3 4 5 6 7 8 13 52] [1 2 3 4 5 7 8 13 17 52 58] [1 2 4 5 6 7 8 11 13] [1 2 3 4 5 7 9 13] [1 2 3 4 5 6 7] [1 2 3 4 5 6 7 8 9] [1 2 4 5 7 8 10 13] [1 2 3 4 5 7 9] [1 2 3 4 5 7 8 9 10 13 17] [1 2 4 5 7 8 9 10 13 17 43] [1 2 3 4 5 8 13 52 58] [1 2 3 4 5 6 8 13] [1 2 4 5 6 8 11] [1 2 3 5 8 10 13 19 52] [1 2 3 4 5 7 8 13] [1 2 3 5 8 10 13] [1 2 3 5 7 8 10 19] [1 2 4 5 8] [1 2 3 4 5 7 10 13 17 52] [1 2 4 5 7 13 52] [1 2 3 5 7 8 10 13] [1 2 3 4 5 10] [1 2 3 4 5 7 8 13 17] [1 2 3 13] [1 2 3 4 5 7 10 13 17] [1 2 3 4 5 8 10 13 19 52 58] [1 2 3 4 5 8 10 13 17] [1 2 3 4 5 6 8 11 13 52 58] [1 2 3 5 10 13] [1 5 27] [1 2 4 5 6 7 8 9 10 13] [1 2 3 4 5 7 17] [1 2 7 13] [1 2 4 5 6 8] [1 2 3 4 5 7 8 10 13 17 52] [1 2 3 4 5 13 52 58] [1 2 4 5 7 9 10] [1 2 3 4 5 7 10 17 43 58] [1 2 3 4 5 6] [1 13] [1 2 5 7 10 13 17 52] [1 2 3 4 5 7 8 10 13 17 19] [1 2 3 4 5 7 8 9 10 11] [1 2 3 4 5 7 8 17] [1 2 3 4 5 6 7 8 9 13 52 58] [] [] [] [] [] [] [] [] [] [] [] [] [] [] [] [] [] [] [] [] [] [] [] [] [] [] [] [] [] [] [] [] [] [] [] [] [] [] [] [] [] [] [] [] [] [] [] [] [] [] [] [] [] [] [] [] [] [] [] [] [] [] [] []
15 [27 35 37 52] [1 2 5 7 10] [1 2 3 4 5 7 10] [1 2 4 5 7 13] [1 2 3 5 7 8 10 13 19] [1 2 3 4 5 7 9 10 13 17 58] [1 2 3 5 7] [1 2 3 4 5 7] [1 2 3 4 5 6 7 8 9 13 58] [1 2 3 4 5 7 13] [1 2 3 4 5 6 7 9 10] [1 2 3 5 7 8 10] [1 2 3 4 5 8 13] [1 2 3 4 5 8] [1 2 3 4 5] [1 2 4 5 7] [1 2 3 4 5 8 10] [1 2 3 5] [1 2 4] [1 2 3 5 7 10] [1 2 3 4 5 7 10 13] [1 2 3 4 5 7 8 10 13] [1 2 3 4 5 10 13] [1 2 3 4 5 13 58] [1 2 3 5 7 10 13] [1 2 3 5 7 10 13 58] [1 2 3 4 5 7 8] [1 2 5 8 13] [1 2 4 5 13 58] [1 2 3 5 8 10 13 17 24] [1 2 3 4 5 7 8 13 58] [1 2 4 5 13] [1 2 3 4 5 13] [1 2 5 7 10 13 17] [1 2 4 5] [1 2 3 4 5 7 8 10] [1 2 3 4 5 8 13 17] [1 2 3 4 5 8 10 13 19] [1 2 3 4 5 7 8 10 13 58] [1 2 3 4 5 8 10 19] [1 2 3 4 5 7 8 10 19] [1 2 3 5 10] [1 2 3 4 5 8 13 58] [1 2 3 5 8 13] [1 2 5 7] [1 2 3 5 7 8] [1 2 5 13] [1 2 3 4 5 8 10 13] [1 2 3 4 5 7 8 10 13 17 24] [1 2 4 13] [1 2 13] [1 2 3 5 8 10] [1 2 3 4 5 7 13 17] [1 2 3 4] [1 2 3 4 5 7 13 58] [1 2 4 5 7 10] [1 2 3 5 13 58] [1 2 3 8 13] [1 2 4 5 7 10 13] [1 2 3 4 5 7 8 10 13 17 43] [1 2 3 5 7 13] [1 2 3 5 7 8 13] [1 2 3 4 13 58] [1 2 3 4 5 7 10 17] [1 2 13 58] [1 2 4 8 13] [1 2 3 5 13] [1 2 5] [1 2 5 7 13 58] [1 2 3 4 5 7 8 10 13 19] [1 2 3] [1 2 3 4 5 7 8 10 17] [1 2 3 5 8] [1 2 3 4 5 7 8 10 13 17] [1 2 3 4 5 10 13 58] [1 2 3 4 5 7 9 10 13 58] [1 2 3 4 5 6 7 8 10] [1 2] [1 2 3 4 5 7 8 9 10 13 58] [1 10] [1 2 5 10 13] [1 2 3 4 5 6 7 8 9 10 13 17 24] [1 2 3 5 7 9] [1 5] [1] [1 2 10] [1 2 3 5 7 8 10 11] [1 2 3 4 5 6 7 8 10 11 17] [1 2 4 5 7 9] [1 2 3 4 5 7 8 9 13] [1 2 3 4 5 6 7 8 13 58] [1 2 4 5 6 7 8 11 13] [1 2 3 4 5 7 9 13] [1 2 3 4 5 6 7] [1 2 3 4 5 6 7 8 9] [1 2 4 5 7 8 10 13] [1 2 3 4 5 7 9] [1 2 3 4 5 7 8 9 10 13 17] [1 2 4 5 7 8 9 10 13 17 43] [1 2 3 4 5 6 8 13] [1 2 4 5 6 8 11] [1 2 3 5 8 10 13 19 58] [1 2 3 4 5 7 8 13] [1 2 3 5 8 10 13] [1 2 3 5 7 8 10 19] [1 2 4 5 8] [1 2 3 4 5 7 10 13 17 58] [1 2 4 5 7 13 58] [1 2 3 5 7 8 10 13] [1 2 3 4 5 10] [1 2 3 4 5 7 8 13 17] [1 2 3 13] [1 2 3 4 5 7 10 13 17] [1 2 3 4 5 8 10 13 17] [1 2 3 5 10 13] [1 2 4 5 6 7 8 9 10 13] [1 2 3 4 5 7 17] [1 2 7 13] [1 2 4 5 6 8] [1 2 3 4 5 7 8 10 13 17 58] [1 2 4 5 7 9 10] [1 2 3 4 5 7 10 17 43 58] [1 2 3 4 5 6] [1 13] [1 2 5 7 10 13 17 58 60] [1 2 3 4 5 7 8 10 13 17 19] [1 2 3 4 5 7 8 9 10 11] [1 2 3 4 5 7 8 17] [] [] [] [] [] [] [] [] [] [] [] [] [] [] [] [] [] [] [] [] [] [] [] [] [] [] [] [] [] [] [] [] [] [] [] [] [] [] [] [] [] [] [] [] [] [] [] [] [] [] [] [] [] [] [] [] [] [] [] [] [] [] [] [] [] [] [] [] [] [] [] [] []
16 [37 53 57] [1 2 4 5 7 13] [1 2 3 5 7 8 10 13 19] [1 2 3 4 5 7 9 10 13 17 52] [1 2 3 5 7] [1 2 3 4 5 7] [1 2 3 4 5 6 7 8 9 13 52] [1 2 3 4 5 7 13] [1 2 3 4 5 7 10] [1 2 3 4 5 6 7 9 10] [1 2 3 5 7 8 10] [1 2 3 4 5 8 13] [1 2 3 4 5 8] [1 2 3 4 5] [1 2 4 5 7] [1 2 3 4 5 8 10] [1 2 3 4 5 7 13 52 58] [1 2 3 5] [1 2 4] [1 2 3 5 7 10] [1 2 3 4 5 7 10 13] [1 2 3 4 5 7 8 10 13] [1 2 3 4 5 10 13] [1 2 3 4 5 13 52] [1 2 3 5 7 10 13] [1 2 3 5 7 10 13 52] [1 2 3 4 5 7 8] [1 2 5 8 13] [1 2 4 5 13 52] [1 2 3 5 8 10 13 17 24] [1 2 3 4 5 7 8 13 52] [1 2 4 5 13] [1 2 3 4 5 13] [1 2 5 7 10 13 17] [1 2 4 5] [1 2 3 4 5 7 8 10] [1 2 3 4 5 8 13 17] [1 2 3 4 5 8 10 13 19] [1 2 5 7 10] [1 2 3 4 5 7 8 10 13 52] [1 2 3 4 5 8 10 19] [1 2 3 4 5 7 8 10 19] [1 2 3 5 10] [1 2 3 4 5 8 13 52] [1 2 3 5 8 13] [1 2 5 7] [1 2 3 5 7 8] [1 2 5 13] [1 2 3 4 5 8 10 13] [1 2 3 4 5 7 8 10 13 17 24] [1 2 4 13] [1 2 13] [1 2 3 5 8 10] [1 2 3 4 5 7 13 17] [1 2 3 4] [1 2 3 4 5 7 13 52] [1 2 4 5 7 10] [1 2 3 5 13 52] [1 2 3 8 13] [1 2 4 5 7 10 13] [1 2 3 4 5 7 8 10 13 17 43] [1 2 3 5 7 13] [1 2 3 5 7 8 13] [1 2 3 4 13 52] [1 2 3 4 5 7 10 17] [1 2 13 52] [1 2 4 8 13] [1 2 3 5 13] [1 2 5] [1 2 5 7 13 52] [1 2 3 4 5 7 8 10 13 19] [1 2 3] [1 2 3 4 5 7 8 10 17] [1 2 3 5 8] [1 2 3 4 5 7 8 10 13 17] [1 2 3 4 5 10 13 52] [1 2 3 4 5 7 9 10 13 52] [1 2 3 4 5 6 7 8 10] [1 2] [1 2 3 4 5 7 8 9 10 13 52] [1 10] [1 2 5 10 13] [1 2 3 4 5 6 7 8 9 10 13 17 24] [1 2 3 5 7 9] [1 5] [1] [1 2 10] [1 2 3 5 7 8 10 11] [1 2 3 4 5 6 7 8 10 11 17] [1 2 4 5 7 9] [1 2 3 4 5 7 8 9 13] [1 2 3 4 5 6 7 8 13 52] [1 2 3 4 5 7 8 13 17 52 58] [1 2 4 5 6 7 8 11 13] [1 2 3 4 5 7 9 13] [1 2 3 4 5 6 7] [1 2 3 4 5 6 7 8 9] [1 2 4 5 7 8 10 13] [1 2 3 4 5 7 9] [1 2 3 4 5 7 8 9 10 13 17] [1 2 4 5 7 8 9 10 13 17 43] [1 2 3 4 5 8 13 52 58] [1 2 3 4 5 6 8 13] [1 2 4 5 6 8 11] [1 2 3 5 8 10 13 19 52] [1 2 3 4 5 7 8 13] [1 2 3 5 8 10 13] [1 2 3 5 7 8 10 19] [1 2 4 5 8] [1 2 3 4 5 7 10 13 17 52] [1 2 4 5 7 13 52] [1 2 3 5 7 8 10 13] [1 2 3 4 5 10] [1 2 3 4 5 7 8 13 17] [1 2 3 13] [1 2 3 4 5 7 10 13 17] [1 2 3 4 5 8 10 13 19 52 58] [1 2 3 4 5 8 10 13 17] [1 2 3 4 5 6 8 11 13 52 58] [1 2 3 5 10 13] [1 5 27] [1 2 4 5 6 7 8 9 10 13] [1 2 3 4 5 7 17] [1 2 7 13] [1 2 4 5 6 8] [1 2 3 4 5 7 8 10 13 17 52] [1 2 3 4 5 13 52 58] [1 2 4 5 7 9 10] [1 2 3 4 5 7 10 17 43 58] [1 2 3 4 5 6] [1 13] [1 2 5 7 10 13 17 52] [1 2 3 4 5 7 8 10 13 17 19] [1 2 3 4 5 7 8 9 10 11] [1 2 3 4 5 7 8 17] [1 2 3 4 5 6 7 8 9 13 52 58] [] [] [] [] [] [] [] [] [] [] [] [] [] [] [] [] [] [] [] [] [] [] [] [] [] [] [] [] [] [] [] [] [] [] [] [] [] [] [] [] [] [] [] [] [] [] [] [] [] [] [] [] [] [] [] [] [] [] [] [] [] [] [] [] []
17 [13 28 59] [1 2 3 5 7 8 10 19 52] [1 2 3 4 5 7 9 10 17 52 58] [1 2 3 4 5 7] [1 2 3 4 5 6 7 8 9 52 58] [1 2 3 4 5 7 52] [1 2 3 4 5 7 10] [1 2 3 4 5 6 7 9 10] [1 2 3 5 7 8 10] [1 2 3 4 5 8 52] [1 2 3 4 5 8] [1 2 3 4 5] [1 2 4 5 7] [1 2 3 5 7] [1 2 3 4 5 8 10] [1 2 3 5] [1 2 4] [1 2 3 5 7 10] [1 2 3 4 5 7 10 52] [1 2 3 4 5 7 8 10 52] [1 2 3 4 5 10 52] [1 2 3 4 5 52 58] [1 2 3 5 7 10 52] [1 2 3 5 7 10 52 58] [1 2 3 4 5 7 8] [1 2 5 8 52] [1 2 4 5 52 58] [1 2 3 4 5 7 8 52 58] [1 2 4 5 52] [1 2 3 4 5 17 52] [1 2 4 5 7 52] [1 2 5 7 10 17 52] [1 2 4 5] [1 2 3 4 5 7 8 10] [1 2 3 4 5 8 17 24] [1 2 3 4 5 8 10 19 52] [1 2 5 7 10] [1 2 3 4 5 17] [1 2 3 4 5 7 8 10 52 58] [1 2 3 4 5 8 10 19] [1 2 3 4 5 7 8 10 19] [1 2 3 5 10] [1 2 3 4 5 8 52 58] [1 2 3 5 8 17 52] [1 2 5 7] [1 2 3 5 7 8] [1 2 5 52] [1 2 3 4 5 8 10 52] [1 2 4 17] [1 2 3 4 5 8 10 17 52] [1 2 17] [1 2 3 5 8 10] [1 2 4 5 7 17 52] [1 2 3 4 5 7 17 52] [1 2 3 4 5 7 17] [1 2 3 4] [1 2 3 4 5 7 52 58] [1 2 4 5 7 10] [1 2 3 5 17 52 58] [1 2 3 8 17] [1 2 4 5 7 10 52] [1 2 3 4 5 7 8 10 17 43 52] [1 2 3 5 7 52] [1 2 3 5 7 8 17] [1 2 3 4 5 7 8 10 17] [1 2 3 4 5 8 10 17] [1 2 3 4 5 7 8 10 17 52 58] [1 2 3 4 52 58] [1 2 3 4 5 8 17] [1 2 3 4 5 7 10 17] [1 2 52 58] [1 2 4 8 17] [1 2 3 4 5 52] [1 2 3 5 17] [1 2 3 5 7 8 52] [1 2 5] [1 2 4 5 17] [1 2 5 7 52 58] [1 2 3 4 5 7 8 10 19 52] [1 2 3] [1 2 3 5 8] [1 2 3 4 5 7 8 10 17 24] [1 2 3 4 5 10 52 58] [1 2 3 4 5 7 9 10 52 58] [1 2 3 4 5 6 7 8 10] [1 2] [1 2 3 4 5 7 8 9 10 14 52 58] [1 10] [1 2 5 10 17] [1 2 3 5 7 9] [1 5] [1] [1 2 10] [1 2 3 5 7 8 10 11] [1 2 3 4 5 6 7 8 10 11 17] [1 2 4 5 7 9] [1 2 3 4 5 7 8 9 52] [1 2 3 5 7 10 17] [1 2 3 4 5 6 7 8 14 52 58] [1 2 4 5 6 7 8 11 52] [1 2 3 4 5 7 9 52] [1 2 3 4 5 6 7] [1 2 3 4 5 6 7 8 9] [1 2 4 5 7 8 10 52] [1 2 3 4 5 7 9] [1 2 3 4 5 6 7 8 52 58] [1 2 3 4 5 7 8 9 10 17 24] [1 2 4 5 7 8 9 10 17 43] [1 2 3 4 5 10 17] [1 2 3 4 5 6 8 52] [1 2 4 5 6 8 11] [1 2 3 5 8 10 19 52 58] [1 2 3 4 5 7 8 17] [1 2 3 5 8 10 17] [1 2 3 5 7 8 10 19] [1 2 4 5 8] [1 2 3 4 5 8 17 24 52] [1 2 3 4 5 7 10 17 52 58] [1 2 4 5 7 52 58] [1 2 3 5 7 8 10 52] [1 2 3 5 7 8 10 17 52] [1 2 3 4 5 10] [1 2 3 52] [1 2 3 4 5 7 10 17 52] [1 2 3 4 5 8 10 17 24 52] [1 2 3 5 10 52] [1 2 3 5 52] [1 5 27] [1 2 4 5 6 7 8 9 10 52] [1 2 4 5 6 8] [1 2 4 5 7 9 10] [1 2 3 4 5 7 10 17 43 58] [1 2 3 4 5 6] [1 52] [1 2 5 7 10 17 52 58] [1 2 3 5 52 58] [1 2 3 4 5 7 8 10 17 19 24] [1 2 3 4 5 7 8 9 10 11] [1 2 3 5 7 17] [] [] [] [] [] [] [] [] [] [] [] [] [] [] [] [] [] [] [] [] [] [] [] [] [] [] [] [] [] [] [] [] [] [] [] [] [] [] [] [] [] [] [] [] [] [] [] [] [] [] [] [] [] [] [] [] [] [] [] [] [] []
18 [44] [1 2 3 5 7 8 10 13 19] [1 2 3 4 5 7 9 10 13 17 52] [1 2 3 4 5 7] [1 2 3 4 5 6 7 8 9 13 52] [1 2 3 4 5 7 13] [1 2 3 4 5 7 10] [1 2 3 4 5 6 7 9 10] [1 2 3 5 7 8 10] [1 2 3 4 5 8 13] [1 2 3 4 5 8] [1 2 3 4 5] [1 2 4 5 7] [1 2 3 5 7] [1 2 3 4 5 8 10] [1 2 3 4 5 7 13 52 58] [1 2 3 5] [1 2 4] [1 2 3 5 7 10] [1 2 3 4 5 7 10 13] [1 2 3 4 5 7 8 10 13] [1 2 3 4 5 10 13] [1 2 3 4 5 13 52] [1 2 3 5 7 10 13] [1 2 3 5 7 10 13 52] [1 2 3 4 5 7 8] [1 2 5 8 13] [1 2 4 5 13 52] [1 2 3 5 8 10 13 17 24] [1 2 3 4 5 7 8 13 52] [1 2 4 5 13] [1 2 3 4 5 13] [1 2 4 5 7 13] [1 2 5 7 10 13 17] [1 2 4 5] [1 2 3 4 5 7 8 10] [1 2 3 4 5 8 13 17] [1 2 3 4 5 8 10 13 19] [1 2 5 7 10] [1 2 3 4 5 7 8 10 13 52] [1 2 3 4 5 8 10 19] [1 2 3 4 5 7 8 10 19] [1 2 3 5 10] [1 2 3 4 5 8 13 52] [1 2 3 5 8 13] [1 2 5 7] [1 2 3 5 7 8] [1 2 5 13] [1 2 3 4 5 8 10 13] [1 2 3 4 5 7 8 10 13 17 24] [1 2 4 13] [1 2 13] [1 2 3 5 8 10] [1 2 3 4 5 7 13 17] [1 2 3 4] [1 2 3 4 5 7 13 52] [1 2 4 5 7 10] [1 2 3 5 13 52] [1 2 3 8 13] [1 2 4 5 7 10 13] [1 2 3 4 5 7 8 10 13 17 43] [1 2 3 5 7 13] [1 2 3 5 7 8 13] [1 2 3 4 13 52] [1 2 3 4 5 7 10 17] [1 2 13 52] [1 2 4 8 13] [1 2 3 5 13] [1 2 5] [1 2 5 7 13 52] [1 2 3 4 5 7 8 10 13 19] [1 2 3] [1 2 3 4 5 7 8 10 17] [1 2 3 5 8] [1 2 3 4 5 7 8 10 13 17] [1 2 3 4 5 10 13 52] [1 2 3 4 5 7 9 10 13 52] [1 2 3 4 5 6 7 8 10] [1 2] [1 2 3 4 5 7 8 9 10 13 52] [1 10] [1 2 5 10 13] [1 2 3 4 5 6 7 8 9 10 13 17 24] [1 2 3 5 7 9] [1 5] [1] [1 2 10] [1 2 3 5 7 8 10 11] [1 2 3 4 5 6 7 8 10 11 17] [1 2 4 5 7 9] [1 2 3 4 5 7 8 9 13] [1 2 3 4 5 6 7 8 13 52] [1 2 3 4 5 7 8 13 17 52 58] [1 2 4 5 6 7 8 11 13] [1 2 3 4 5 7 9 13] [1 2 3 4 5 6 7] [1 2 3 4 5 6 7 8 9] [1 2 4 5 7 8 10 13] [1 2 3 4 5 7 9] [1 2 3 4 5 7 8 9 10 13 17] [1 2 4 5 7 8 9 10 13 17 43] [1 2 3 4 5 8 13 52 58] [1 2 3 4 5 6 8 13] [1 2 4 5 6 8 11] [1 2 3 5 8 10 13 19 52] [1 2 3 4 5 7 8 13] [1 2 3 5 8 10 13] [1 2 3 5 7 8 10 19] [1 2 4 5 8] [1 2 3 4 5 7 10 13 17 52] [1 2 4 5 7 13 52] [1 2 3 5 7 8 10 13] [1 2 3 4 5 10] [1 2 3 4 5 7 8 13 17] [1 2 3 13] [1 2 3 4 5 7 10 13 17] [1 2 3 4 5 8 10 13 19 52 58] [1 2 3 4 5 8 10 13 17] [1 2 3 4 5 6 8 11 13 52 58] [1 2 3 5 10 13] [1 5 27] [1 2 4 5 6 7 8 9 10 13] [1 2 3 4 5 7 17] [1 2 7 13] [1 2 4 5 6 8] [1 2 3 4 5 7 8 10 13 17 52] [1 2 3 4 5 13 52 58] [1 2 4 5 7 9 10] [1 2 3 4 5 7 10 17 43 58] [1 2 3 4 5 6] [1 13] [1 2 5 7 10 13 17 52] [1 2 3 4 5 7 8 10 13 17 19] [1 2 3 4 5 7 8 9 10 11] [1 2 3 4 5 7 8 17] [1 2 3 4 5 6 7 8 9 13 52 58] [] [] [] [] [] [] [] [] [] [] [] [] [] [] [] [] [] [] [] [] [] [] [] [] [] [] [] [] [] [] [] [] [] [] [] [] [] [] [] [] [] [] [] [] [] [] [] [] [] [] [] [] [] [] [] [] [] [] [] [] [] [] [] [] []
19 [2 32] [1 3 4 5 7 8 9 10 13 17 52] [1 3 4 5 6 7 8] [1 3 4 5 6 7 8 9 10 11 13 52] [1 3 4 5 7 8 13] [1 3 4 5 7 8 9 10] [1 3 4 5 6 7 8 9 10 11] [1 3 4 5 7 8 10] [1 3 4 5 6 7 8 11 13] [1 3 4 5 6 7 8 11] [1 3 4 5 7 9] [1 3 4 5 7 9 10] [1 3 4 5 6 7 8 10 17] [1 3 4 5 6 7 8 9 13 52 58] [1 3 4 5 7] [1 3 4 5 7 10] [1 3 4 5 7 8] [1 3 4 5 7 9 10 17] [1 3 4 5 7 8 9 10 13 17] [1 3 4 5 6 7 8 9] [1 3 4 5 7 8 9 13] [1 3 4 5 6 7 9 10 11] [1 3 4 5 6 7 9 10] [1 3 4 5 6 7 10 13 17] [1 3 4 5 7 9 10 11] [1 3 4 5 7 8 13 52] [1 3 4 5 7 8 9 10 13] [1 3 4 5 7 9 10 13 17 52] [1 3 4 5 6 7 8 9 11] [1 3 4 5 8 10 13] [1 3 4 5 6 7 10 13 52] [1 3 4 5 7 8 10 13 17 24] [1 3 4 5 6 7 8 9 11 13 52] [1 3 4 5 7 8 9 10 17] [1 3 4 5 6 7 8 10 13] [1 3 4 5 6 7 8 9 10 13] [1 3 4 5 7 10 13 17 52] [1 3 4 5 6 7 8 9 10 19] [1 3 4 5 6 7 8 13 17] [1 3 4 5 7 8 10 13 19] [1 3 4 5 6 7 8 13] [1 3 4 5 7 8 9 10 11 12] [1 3 4 5 6 7 8 10] [1 3 4 5 6 7 8 10 11 13 52] [1 3 4 5 6 7 8 10 13 19] [1 3 4 5 6 7 8 9 10 17 19] [1 3 4 5 7 10 17] [1 3 4 5 6 7] [1 3 4 5 6 7 8 9 10] [1 3 4 5 6 7 8 9 10 17] [1 3 4 5 7 13] [1 3 4 5 7 8 10 13] [1 3 4 5 7 8 9] [1 3 4 5 7 8 10 17] [1 3 4 5 7 8 9 10 13 17 24] [1 3 4 5 13] [1 3 4 5 7 9 10 13] [1 3 4 5 7 8 13 17] [1 3 4 5 7 8 9 13 52] [1 3 4 5 7 8 10 13 17] [1 3 4 5 6 7 8 9 10 13 17 43] [1 3 4 5 7 8 9 10 13 52 58] [1 3 4 5 6 7 10] [1 3 4 5 7 8 9 10 13 52] [1 3 4 5 7 10 13 52] [1 3 4 5 6 7 8 9 10 11 17 52] [1 3 4 5 7 13 52] [1 3 4 5 6 7 8 10 19] [1 3 4 5 8 13] [1 3 4 5 6 7 9] [1 3 4 5 6 7 8 9 10 11 17] [1 3 4 5 7 8 10 19] [1 3 4 5 6 7 9 13] [1 3 4 5 6 7 13] [1 3 4 5 6 7 8 9 10 13 19] [1 3 4 5] [1 3 4 5 6 7 8 9 10 11 12 17 52] [1 3 4 5 6 7 8 9 13 52] [1 3 4 5 6 7 8 10 13 17 52] [1 3 4 5 7 8 9 10 11 13 52] [1 4 5] [1 3 4 5 6 7 8 9 10 11 13 14 52] [1 10] [1 3] [1 3 4 5 7 10 13 17] [1 3 4 5 6 7 8 9 10 11 13 17 24] [1 5] [1] [1 5 7 10 17] [1 3 4 5 8] [1 3 4 5 7 8 9 10 11 17] [1 3 5] [1 3 4 5 7 8 9 10 17 52] [1 3 4 5 7 9 10 11 13] [1 3 4 5 6 7 8 11 13 14 52] [1 3 4 5 6 7 8 9 10 13 17 52 58] [1 3 4 5 6 7 8 10 13 19 52] [1 3 4 5 6 7 8 9 11 12 13] [1 3 4 5 6 7 8 10 11 13] [1 3 4 5 13 52] [1 3 4 5 6 7 8 9 10 13 17] [1 3 4 5 6 7 8 9 10 11 13 17 43] [1 3 4 5 6 7 8 10 11 13 14 52 58] [1 3 4 5 6 8 11 12 13] [1 3 4 5 7 8 10 13 19 52] [1 3 4 5 6] [1 3 4 5 7 8 9 10 19] [1 3 4 5 6 7 10 17] [1 3 4 5 6 7 8 9 10 11 13] [1 3 4 5 7 8 9 10 11 12 17] [1 3 4 5 7 9 13] [1 3 4 5 6 8] [1 3 4 5 7 9 10 11 12 13 17 52] [1 3 4 5 6 7 8 10 13 52] [1 3 4 5 6 7 8 10 13 17] [1 3 4 5 6 7 8 10 11 13 19 52 58] [1 3 4 5 6 7 8 10 11 17] [1 3 4 5 6 8 10 11 12 13 14 52 58] [1 5 27] [1 3 4 5 6 13] [1 3 4 5 7 8 17] [1 3 4 5 7 8 10 17 52] [1 3 7 13] [1 3 4 5 6 8 11] [1 3 4 5 6 7 8 9 10 11 13 17 52] [1 3 4 5 6 8 13 52 58] [1 7] [1 3 4 5 6 7 10 17 43 58] [1 13] [1 3 4 5 7 9 10 11 12 13 17 52 60] [1 5 7 10] [1 3 4 5 7 8 10 13 52] [1 3 4 5 7 8 10 13 17 19] [1 3 4 5 6 7 8 9 10 11 12] [1 3 4 5 6 7 8 17] [1 3 4 5 6 7 8 9 10 11 13 52 58] [1 5 7] [1 3 4 5 7 10 13] [] [] [] [] [] [] [] [] [] [] [] [] [] [] [] [] [] [] [] [] [] [] [] [] [] [] [] [] [] [] [] [] [] [] [] [] [] [] [] [] [] [] [] [] [] [] [] [] [] [] [] [] [] [] [] [] [] [] [] [] [] [] []
20 [20 58] [1 2 3 4 5 7] [1 2 3 4 5 6 7 8 9 13 52] [1 2 3 4 5 7 13] [1 2 3 4 5 7 10] [1 2 3 4 5 6 7 9 10] [1 2 3 5 7 8 10] [1 2 3 4 5 8 13] [1 2 3 4 5 8] [1 2 3 4 5] [1 2 4 5 7] [1 2 3 5 7] [1 2 3 4 5 8 10] [1 2 3 5] [1 2 4] [1 2 3 5 7 10] [1 2 3 4 5 7 10 13] [1 2 3 4 5 7 8 10 13] [1 2 3 4 5 10 13] [1 2 3 4 5 13 52] [1 2 3 5 7 10 13] [1 2 3 5 7 10 13 52] [1 2 3 4 5 7 8] [1 2 5 8 13] [1 2 4 5 13 52] [1 2 3 5 8 10 13 17 24] [1 2 3 4 5 7 8 13 52] [1 2 4 5 13] [1 2 3 4 5 13] [1 2 4 5 7 13] [1 2 5 7 10 13 17] [1 2 4 5] [1 2 3 4 5 7 8 10] [1 2 3 4 5 8 13 17] [1 2 3 4 5 8 10 13 19] [1 2 5 7 10] [1 2 3 4 5 7 8 10 13 52] [1 2 3 4 5 8 10 19] [1 2 3 4 5 7 8 10 19] [1 2 3 5 10] [1 2 3 4 5 8 13 52] [1 2 3 5 8 13] [1 2 5 7] [1 2 3 5 7 8] [1 2 5 13] [1 2 3 4 5 8 10 13] [1 2 3 4 5 7 8 10 13 17 24] [1 2 4 13] [1 2 13] [1 2 3 5 8 10] [1 2 3 4 5 7 13 17] [1 2 3 4] [1 2 3 4 5 7 13 52] [1 2 4 5 7 10] [1 2 3 5 13 52] [1 2 3 8 13] [1 2 4 5 7 10 13] [1 2 3 4 5 7 8 10 13 17 43] [1 2 3 5 7 13] [1 2 3 5 7 8 13] [1 2 3 4 13 52] [1 2 3 4 5 7 10 17] [1 2 13 52] [1 2 4 8 13] [1 2 3 5 13] [1 2 5] [1 2 5 7 13 52] [1 2 3 4 5 7 8 10 13 19] [1 2 3] [1 2 3 4 5 7 8 10 17] [1 2 3 5 8] [1 2 3 4 5 7 8 10 13 17] [1 2 3 4 5 10 13 52] [1 2 3 4 5 7 9 10 13 52] [1 2 3 4 5 6 7 8 10] [1 2] [1 2 3 4 5 7 8 9 10 13 52] [1 10] [1 2 5 10 13] [1 2 3 4 5 6 7 8 9 10 13 17 24] [1 2 3 5 7 9] [1 5] [1] [1 2 10] [1 2 3 5 7 8 10 11] [1 2 3 4 5 6 7 8 10 11 17] [1 2 4 5 7 9] [1 2 3 4 5 7 8 9 13] [1 2 3 4 5 6 7 8 13 52] [1 2 4 5 6 7 8 11 13] [1 2 3 4 5 7 9 13] [1 2 3 4 5 6 7] [1 2 3 4 5 6 7 8 9] [1 2 4 5 7 8 10 13] [1 2 3 4 5 7 9] [1 2 3 4 5 7 8 9 10 13 17] [1 2 4 5 7 8 9 10 13 17 43] [1 2 3 4 5 6 8 13] [1 2 4 5 6 8 11] [1 2 3 5 8 10 13 19 52] [1 2 3 4 5 7 8 13] [1 2 3 5 8 10 13] [1 2 3 5 7 8 10 19] [1 2 4 5 8] [1 2 3 4 5 7 10 13 17 52] [1 2 4 5 7 13 52] [1 2 3 5 7 8 10 13] [1 2 3 4 5 10] [1 2 3 4 5 7 8 13 17] [1 2 3 13] [1 2 3 4 5 7 10 13 17] [1 2 3 4 5 8 10 13 17] [1 2 3 5 10 13] [1 5 27] [1 2 4 5 6 7 8 9 10 13] [1 2 3 4 5 7 17] [1 2 7 13] [1 2 4 5 6 8] [1 2 3 4 5 7 8 10 13 17 52] [1 2 4 5 7 9 10] [1 2 3 4 5 6] [1 13] [1 2 5 7 10 13 17 52] [1 2 3 4 5 7 8 10 13 17 19] [1 2 3 4 5 7 8 9 10 11] [1 2 3 4 5 7 8 17] [] [] [] [] [] [] [] [] [] [] [] [] [] [] [] [] [] [] [] [] [] [] [] [] [] [] [] [] [] [] [] [] [] [] [] [] [] [] [] [] [] [] [] [] [] [] [] [] [] [] [] [] [] [] [] [] [] [] [] [] [] [] [] [] [] [] [] [] [] [] [] [] [] [] []
21 [42 49] [1 2 3 4 5 6 7 8 9 13 52] [1 2 3 4 5 7 13] [1 2 3 4 5 7 10] [1 2 3 4 5 6 7 9 10] [1 2 3 4 5 7] [1 2 3 5 7 8 10] [1 2 3 4 5 8 13] [1 2 3 4 5 8] [1 2 3 4 5] [1 2 4 5 7] [1 2 3 5 7] [1 2 3 4 5 8 10] [1 2 3 4 5 7 13 52 58] [1 2 3 5] [1 2 4] [1 2 3 5 7 10] [1 2 3 4 5 7 10 13] [1 2 3 4 5 7 8 10 13] [1 2 3 4 5 10 13] [1 2 3 4 5 13 52] [1 2 3 5 7 10 13] [1 2 3 5 7 10 13 52] [1 2 3 4 5 7 8] [1 2 5 8 13] [1 2 4 5 13 52] [1 2 3 5 8 10 13 17 24] [1 2 3 4 5 7 8 13 52] [1 2 4 5 13] [1 2 3 4 5 13] [1 2 4 5 7 13] [1 2 5 7 10 13 17] [1 2 4 5] [1 2 3 4 5 7 8 10] [1 2 3 4 5 8 13 17] [1 2 3 4 5 8 10 13 19] [1 2 5 7 10] [1 2 3 4 5 7 8 10 13 52] [1 2 3 4 5 8 10 19] [1 2 3 4 5 7 8 10 19] [1 2 3 5 10] [1 2 3 4 5 8 13 52] [1 2 3 5 8 13] [1 2 5 7] [1 2 3 5 7 8] [1 2 5 13] [1 2 3 4 5 8 10 13] [1 2 3 4 5 7 8 10 13 17 24] [1 2 4 13] [1 2 13] [1 2 3 5 8 10] [1 2 3 4 5 7 13 17] [1 2 3 4] [1 2 3 4 5 7 13 52] [1 2 4 5 7 10] [1 2 3 5 13 52] [1 2 3 8 13] [1 2 4 5 7 10 13] [1 2 3 4 5 7 8 10 13 17 43] [1 2 3 5 7 13] [1 2 3 5 7 8 13] [1 2 3 4 13 52] [1 2 3 4 5 7 10 17] [1 2 13 52] [1 2 4 8 13] [1 2 3 5 13] [1 2 5] [1 2 5 7 13 52] [1 2 3 4 5 7 8 10 13 19] [1 2 3] [1 2 3 4 5 7 8 10 17] [1 2 3 5 8] [1 2 3 4 5 7 8 10 13 17] [1 2 3 4 5 10 13 52] [1 2 3 4 5 7 9 10 13 52] [1 2 3 4 5 6 7 8 10] [1 2] [1 2 3 4 5 7 8 9 10 13 52] [1 10] [1 2 5 10 13] [1 2 3 4 5 6 7 8 9 10 13 17 24] [1 2 3 5 7 9] [1 5] [1] [1 2 10] [1 2 3 5 7 8 10 11] [1 2 3 4 5 6 7 8 10 11 17] [1 2 4 5 7 9] [1 2 3 4 5 7 8 9 13] [1 2 3 4 5 6 7 8 13 52] [1 2 3 4 5 7 8 13 17 52 58] [1 2 4 5 6 7 8 11 13] [1 2 3 4 5 7 9 13] [1 2 3 4 5 6 7] [1 2 3 4 5 6 7 8 9] [1 2 4 5 7 8 10 13] [1 2 3 4 5 7 9] [1 2 3 4 5 7 8 9 10 13 17] [1 2 4 5 7 8 9 10 13 17 43] [1 2 3 4 5 8 13 52 58] [1 2 3 4 5 6 8 13] [1 2 4 5 6 8 11] [1 2 3 5 8 10 13 19 52] [1 2 3 4 5 7 8 13] [1 2 3 5 8 10 13] [1 2 3 5 7 8 10 19] [1 2 4 5 8] [1 2 3 4 5 7 10 13 17 52] [1 2 4 5 7 13 52] [1 2 3 5 7 8 10 13] [1 2 3 4 5 10] [1 2 3 4 5 7 8 13 17] [1 2 3 13] [1 2 3 4 5 7 10 13 17] [1 2 3 4 5 8 10 13 19 52 58] [1 2 3 4 5 8 10 13 17] [1 2 3 4 5 6 8 11 13 52 58] [1 2 3 5 10 13] [1 5 27] [1 2 4 5 6 7 8 9 10 13] [1 2 3 4 5 7 17] [1 2 7 13] [1 2 4 5 6 8] [1 2 3 4 5 7 8 10 13 17 52] [1 2 3 4 5 13 52 58] [1 2 4 5 7 9 10] [1 2 3 4 5 7 10 17 43 58] [1 2 3 4 5 6] [1 13] [1 2 5 7 10 13 17 52] [1 2 3 4 5 7 8 10 13 17 19] [1 2 3 4 5 7 8 9 10 11] [1 2 3 4 5 7 8 17] [1 2 3 4 5 6 7 8 9 13 52 58] [] [] [] [] [] [] [] [] [] [] [] [] [] [] [] [] [] [] [] [] [] [] [] [] [] [] [] [] [] [] [] [] [] [] [] [] [] [] [] [] [] [] [] [] [] [] [] [] [] [] [] [] [] [] [] [] [] [] [] [] [] [] [] [] [] [] []
22 [12 44] [1 2 3 4 5 7 13] [1 2 3 4 5 7 10] [1 2 3 4 5 6 7 9 10] [1 2 3 4 5 7] [1 2 3 5 7 8 10] [1 2 3 4 5 8 13] [1 2 3 4 5 8] [1 2 3 4 5] [1 2 4 5 7] [1 2 3 5 7] [1 2 3 4 5 8 10] [1 2 3 4 5 7 13 52 58] [1 2 3 5] [1 2 4] [1 2 3 5 7 10] [1 2 3 4 5 7 10 13] [1 2 3 4 5 7 8 10 13] [1 2 3 4 5 10 13] [1 2 3 4 5 13 52] [1 2 3 5 7 10 13] [1 2 3 5 7 10 13 52] [1 2 3 4 5 7 8] [1 2 5 8 13] [1 2 4 5 13 52] [1 2 3 5 8 10 13 17 24] [1 2 3 4 5 7 8 13 52] [1 2 4 5 13] [1 2 3 4 5 13] [1 2 4 5 7 13] [1 2 5 7 10 13 17] [1 2 4 5] [1 2 3 4 5 7 8 10] [1 2 3 4 5 8 13 17] [1 2 3 4 5 8 10 13 19] [1 2 5 7 10] [1 2 3 4 5 7 8 10 13 52] [1 2 3 4 5 8 10 19] [1 2 3 4 5 7 8 10 19] [1 2 3 5 10] [1 2 3 4 5 8 13 52] [1 2 3 5 8 13] [1 2 5 7] [1 2 3 5 7 8] [1 2 5 13] [1 2 3 4 5 8 10 13] [1 2 3 4 5 7 8 10 13 17 24] [1 2 4 13] [1 2 13] [1 2 3 5 8 10] [1 2 3 4 5 7 13 17] [1 2 3 4] [1 2 3 4 5 7 13 52] [1 2 4 5 7 10] [1 2 3 5 13 52] [1 2 3 8 13] [1 2 4 5 7 10 13] [1 2 3 4 5 7 8 10 13 17 43] [1 2 3 5 7 13] [1 2 3 5 7 8 13] [1 2 3 4 13 52] [1 2 3 4 5 7 10 17] [1 2 13 52] [1 2 4 8 13] [1 2 3 5 13] [1 2 5] [1 2 5 7 13 52] [1 2 3 4 5 7 8 10 13 19] [1 2 3] [1 2 3 4 5 7 8 10 17] [1 2 3 5 8] [1 2 3 4 5 7 8 10 13 17] [1 2 3 4 5 10 13 52] [1 2 3 4 5 7 9 10 13 52] [1 2 3 4 5 6 7 8 10] [1 2] [1 2 3 4 5 7 8 9 10 13 52] [1 10] [1 2 5 10 13] [1 2 3 4 5 6 7 8 9 10 13 17 24] [1 2 3 5 7 9] [1 5] [1] [1 2 10] [1 2 3 5 7 8 10 11] [1 2 3 4 5 6 7 8 10 11 17] [1 2 4 5 7 9] [1 2 3 4 5 7 8 9 13] [1 2 3 4 5 6 7 8 13 52] [1 2 3 4 5 7 8 13 17 52 58] [1 2 4 5 6 7 8 11 13] [1 2 3 4 5 7 9 13] [1 2 3 4 5 6 7] [1 2 3 4 5 6 7 8 9] [1 2 4 5 7 8 10 13] [1 2 3 4 5 7 9] [1 2 3 4 5 7 8 9 10 13 17] [1 2 4 5 7 8 9 10 13 17 43] [1 2 3 4 5 8 13 52 58] [1 2 3 4 5 6 8 13] [1 2 4 5 6 8 11] [1 2 3 5 8 10 13 19 52] [1 2 3 4 5 7 8 13] [1 2 3 5 8 10 13] [1 2 3 5 7 8 10 19] [1 2 4 5 8] [1 2 3 4 5 7 10 13 17 52] [1 2 4 5 7 13 52] [1 2 3 5 7 8 10 13] [1 2 3 4 5 10] [1 2 3 4 5 7 8 13 17] [1 2 3 13] [1 2 3 4 5 7 10 13 17] [1 2 3 4 5 8 10 13 19 52 58] [1 2 3 4 5 8 10 13 17] [1 2 3 4 5 6 8 11 13 52 58] [1 2 3 5 10 13] [1 5 27] [1 2 4 5 6 7 8 9 10 13] [1 2 3 4 5 7 17] [1 2 7 13] [1 2 4 5 6 8] [1 2 3 4 5 7 8 10 13 17 52] [1 2 3 4 5 13 52 58] [1 2 4 5 7 9 10] [1 2 3 4 5 7 10 17 43 58] [1 2 3 4 5 6] [1 13] [1 2 5 7 10 13 17 52] [1 2 3 4 5 7 8 10 13 17 19] [1 2 3 4 5 7 8 9 10 11] [1 2 3 4 5 7 8 17] [1 2 3 4 5 6 7 8 9 13 52 58] [] [] [] [] [] [] [] [] [] [] [] [] [] [] [] [] [] [] [] [] [] [] [] [] [] [] [] [] [] [] [] [] [] [] [] [] [] [] [] [] [] [] [] [] [] [] [] [] [] [] [] [] [] [] [] [] [] [] [] [] [] [] [] [] [] [] [] []
23 [21 24 43] [1 2 3 4 5 7 10] [1 2 3 4 5 6 7 9 10] [1 2 3 4 5 7] [1 2 3 5 7 8 10] [1 2 3 4 5 8 13] [1 2 3 4 5 8] [1 2 3 4 5] [1 2 4 5 7] [1 2 3 5 7] [1 2 3 4 5 8 10] [1 2 3 4 5 7 13 52 58] [1 2 3 5] [1 2 4] [1 2 3 5 7 10] [1 2 3 4 5 7 10 13] [1 2 3 4 5 7 13] [1 2 3 4 5 7 8 10 13] [1 2 3 4 5 10 13] [1 2 3 4 5 13 52] [1 2 3 5 7 10 13] [1 2 3 5 7 10 13 52] [1 2 3 4 5 7 8] [1 2 5 8 13] [1 2 4 5 13 52] [1 2 3 4 5 7 8 13 52] [1 2 4 5 13] [1 2 3 4 5 13] [1 2 4 5 7 13] [1 2 5 7 10 13 17] [1 2 4 5] [1 2 3 4 5 7 8 10] [1 2 3 4 5 8 13 17] [1 2 3 4 5 8 10 13 19] [1 2 5 7 10] [1 2 3 4 5 7 8 10 13 52] [1 2 3 4 5 8 10 19] [1 2 3 4 5 7 8 10 19] [1 2 3 5 10] [1 2 3 4 5 8 13 52] [1 2 3 5 8 13] [1 2 5 7] [1 2 3 5 7 8] [1 2 5 13] [1 2 3 4 5 8 10 13] [1 2 4 13] [1 2 13] [1 2 3 5 8 10] [1 2 3 4 5 7 13 17] [1 2 3 4] [1 2 3 4 5 7 13 52] [1 2 4 5 7 10] [1 2 3 5 13 52] [1 2 3 8 13] [1 2 4 5 7 10 13] [1 2 3 4 5 7 8 10 13 17 58] [1 2 3 5 7 13] [1 2 3 5 7 8 13] [1 2 3 4 13 52] [1 2 3 4 5 7 10 17] [1 2 13 52] [1 2 4 8 13] [1 2 3 5 13] [1 2 5] [1 2 5 7 13 52] [1 2 3 4 5 7 8 10 13 19] [1 2 3] [1 2 3 4 5 7 8 10 17] [1 2 3 5 8] [1 2 3 4 5 7 8 10 13 17] [1 2 3 4 5 10 13 52] [1 2 3 4 5 7 9 10 13 52] [1 2 3 4 5 6 7 8 10] [1 2] [1 2 3 4 5 7 8 9 10 13 52] [1 10] [1 2 5 10 13] [1 2 3 5 7 9] [1 5] [1] [1 2 10] [1 2 3 5 7 8 10 11] [1 2 3 4 5 6 7 8 10 11 17] [1 2 4 5 7 9] [1 2 3 4 5 7 8 9 13] [1 2 3 4 5 6 7 8 13 52] [1 2 3 4 5 7 8 13 17 52 58] [1 2 4 5 6 7 8 11 13] [1 2 3 4 5 7 9 13] [1 2 3 4 5 6 7] [1 2 3 4 5 6 7 8 9] [1 2 4 5 7 8 10 13] [1 2 3 4 5 7 9] [1 2 3 4 5 7 8 9 10 13 17] [1 2 4 5 7 8 9 10 13 17 58] [1 2 3 4 5 8 13 52 58] [1 2 3 4 5 6 8 13] [1 2 4 5 6 8 11] [1 2 3 5 8 10 13 19 52] [1 2 3 4 5 7 8 13] [1 2 3 5 8 10 13] [1 2 3 5 7 8 10 19] [1 2 4 5 8] [1 2 3 4 5 7 10 13 17 52] [1 2 4 5 7 13 52] [1 2 3 5 7 8 10 13] [1 2 3 4 5 10] [1 2 3 4 5 7 8 13 17] [1 2 3 13] [1 2 3 4 5 7 10 13 17] [1 2 3 4 5 8 10 13 19 52 58] [1 2 3 4 5 8 10 13 17] [1 2 3 4 5 6 8 11 13 52 58] [1 2 3 5 10 13] [1 5 27] [1 2 4 5 6 7 8 9 10 13] [1 2 3 4 5 7 17] [1 2 7 13] [1 2 4 5 6 8] [1 2 3 4 5 7 8 10 13 17 52] [1 2 3 4 5 13 52 58] [1 2 4 5 7 9 10] [1 2 3 4 5 6] [1 13] [1 2 5 7 10 13 17 52] [1 2 3 4 5 7 8 10 13 17 19] [1 2 3 4 5 7 8 9 10 11] [1 2 3 4 5 7 8 17] [1 2 3 4 5 6 7 8 9 13 52 58] [] [] [] [] [] [] [] [] [] [] [] [] [] [] [] [] [] [] [] [] [] [] [] [] [] [] [] [] [] [] [] [] [] [] [] [] [] [] [] [] [] [] [] [] [] [] [] [] [] [] [] [] [] [] [] [] [] [] [] [] [] [] [] [] [] [] [] [] [] [] [] []
24 [] [1 2 3 4 5 6 7 9 10] [1 2 3 4 5 7] [1 2 3 5 7 8 10] [1 2 3 4 5 8] [1 2 3 4 5] [1 2 4 5 7] [1 2 3 5 7] [1 2 3 4 5 8 10] [1 2 3 4 5 7 13 52 58] [1 2 3 5] [1 2 4] [1 2 3 5 7 10] [1 2 3 4 5 7 10 13] [1 2 3 4 5 7 13] [1 2 3 4 5 7 10] [1 2 3 4 5 7 8 10 13] [1 2 3 4 5 10 13] [1 2 3 4 5 13 52] [1 2 3 5 7 10 13] [1 2 3 5 7 10 13 52] [1 2 3 4 5 7 8] [1 2 5 8 13] [1 2 4 5 13 52] [1 2 3 5 8 10 13 17 24] [1 2 3 4 5 7 8 13 52] [1 2 4 5 13] [1 2 3 4 5 13] [1 2 4 5 7 13] [1 2 5 7 10 13 17] [1 2 4 5] [1 2 3 4 5 7 8 10] [1 2 3 4 5 8 13 17] [1 2 3 4 5 8 10 13 19] [1 2 5 7 10] [1 2 3 4 5 7 8 10 13 52] [1 2 3 4 5 8 10 19] [1 2 3 4 5 7 8 10 19] [1 2 3 5 10] [1 2 3 4 5 8 13 52] [1 2 3 5 8 13] [1 2 5 7] [1 2 3 5 7 8] [1 2 5 13] [1 2 3 4 5 8 10 13] [1 2 3 4 5 7 8 10 13 17 24] [1 2 4 13] [1 2 13] [1 2 3 5 8 10] [1 2 3 4 5 7 13 17] [1 2 3 4] [1 2 3 4 5 7 13 52] [1 2 4 5 7 10] [1 2 3 5 13 52] [1 2 3 8 13] [1 2 4 5 7 10 13] [1 2 3 4 5 7 8 10 13 17 43] [1 2 3 5 7 13] [1 2 3 5 7 8 13] [1 2 3 4 13 52] [1 2 3 4 5 8 13] [1 2 3 4 5 7 10 17] [1 2 13 52] [1 2 4 8 13] [1 2 3 5 13] [1 2 5] [1 2 5 7 13 52] [1 2 3 4 5 7 8 10 13 19] [1 2 3] [1 2 3 4 5 7 8 10 17] [1 2 3 5 8] [1 2 3 4 5 7 8 10 13 17] [1 2 3 4 5 10 13 52] [1 2 3 4 5 7 9 10 13 52] [1 2 3 4 5 6 7 8 10] [1 2] [1 2 3 4 5 7 8 9 10 13 52] [1 10] [1 2 5 10 13] [1 2 3 4 5 6 7 8 9 10 13 17 24] [1 2 3 5 7 9] [1 5] [1] [1 2 10] [1 2 3 5 7 8 10 11] [1 2 3 4 5 6 7 8 10 11 17] [1 2 4 5 7 9] [1 2 3 4 5 7 8 9 13] [1 2 3 4 5 6 7 8 13 52] [1 2 3 4 5 7 8 13 17 52 58] [1 2 4 5 6 7 8 11 13] [1 2 3 4 5 7 9 13] [1 2 3 4 5 6 7] [1 2 3 4 5 6 7 8 9] [1 2 4 5 7 8 10 13] [1 2 3 4 5 7 9] [1 2 3 4 5 7 8 9 10 13 17] [1 2 4 5 7 8 9 10 13 17 43] [1 2 3 4 5 8 13 52 58] [1 2 3 4 5 6 8 13] [1 2 4 5 6 8 11] [1 2 3 5 8 10 13 19 52] [1 2 3 4 5 7 8 13] [1 2 3 5 8 10 13] [1 2 3 5 7 8 10 19] [1 2 4 5 8] [1 2 3 4 5 7 10 13 17 52] [1 2 4 5 7 13 52] [1 2 3 5 7 8 10 13] [1 2 3 4 5 10] [1 2 3 4 5 7 8 13 17] [1 2 3 13] [1 2 3 4 5 7 10 13 17] [1 2 3 4 5 8 10 13 19 52 58] [1 2 3 4 5 8 10 13 17] [1 2 3 4 5 6 8 11 13 52 58] [1 2 3 5 10 13] [1 5 27] [1 2 4 5 6 7 8 9 10 13] [1 2 3 4 5 7 17] [1 2 7 13] [1 2 4 5 6 8] [1 2 3 4 5 7 8 10 13 17 52] [1 2 3 4 5 13 52 58] [1 2 4 5 7 9 10] [1 2 3 4 5 7 10 17 43 58] [1 2 3 4 5 6] [1 13] [1 2 5 7 10 13 17 52] [1 2 3 4 5 7 8 10 13 17 19] [1 2 3 4 5 7 8 9 10 11] [1 2 3 4 5 7 8 17] [1 2 3 4 5 6 7 8 9 13 52 58] [] [] [] [] [] [] [] [] [] [] [] [] [] [] [] [] [] [] [] [] [] [] [] [] [] [] [] [] [] [] [] [] [] [] [] [] [] [] [] [] [] [] [] [] [] [] [] [] [] [] [] [] [] [] [] [] [] [] [] [] [] [] [] [] [] [] [] []
25 [2 8 18 20 54] [1 3 4 5 6 7 9 10 11] [1] [1 3 4 5 7 10] [1 3 4 5 7 9 10 19] [1 3 4 5 6 7 11 12] [1 3 4 5 6 7 10] [1 3 4 5 7 9] [1 3 4 5 7 9 10] [1 3 4 5 6 7 10 11 17] [1 3 4 5 6 7 9 11 13 52 58] [1 3 4 5 7] [1 3 4 5 7 9 10 17] [1 3 4 5 7 9 10 11 13 17] [1 3 4 5 7 9 11 13] [1 3 4 5 6 7 9 10] [1 3 4 5 6 7 10 13 17] [1 3 4 5 7 9 10 11] [1 3 4 5 7 11 13 52] [1 3 4 5 7 9 10 13] [1 3 4 5 7 9 10 13 17 52] [1 3 4 5 6 7 9 11 12] [1 3 4 5 10 13] [1 3 4 5 6 7 10 13 52] [1 3 4 5 7 10 11 13 17 24] [1 3 4 5 6 7 9 10 11 12 13 52] [1 3 4 5 6 7 10 11 13] [1 3 4 5 6 7 9 10 11 13] [1 3 4 5 7 10 13 17 52] [1 3 4 5 6 7 9 10 19 28] [1 3 4 5 6 7 10 11 13 17] [1 3 4 5 7 10 13 19] [1 3 4 5 7 9 10 11 12] [1 3 4 5 6 7 10 11] [1 3 4 5 6 7 10 11 12 13 19 52] [1 3 4 5 6 7 9 10 11 13 19 28] [1 3 4 5 6 7 9 10 17 19] [1 3 4 5 7 10 17] [1 3 4 5 6 7 9 10 11 12] [1 3 4 5 6 7] [1 3 4 5 6 7 9 10 11 12 13 19 52] [1 3 4 5 7 10 13] [1 3 4 5 6 7 10 19] [1 3 4 5 7 10 11] [1 3 4 5 7 13] [1 3 4 5 7 11] [1 3 4 5 7 10 11 13 19] [1 3 4 5 7 9 11] [1 3 4 5 7 9 10 11 13 17 24] [1 3 4 5 13] [1 3 4 5 7 11 13 17] [1 3 4 5 7 10 11 13] [1 3 4 5 6 7 9 11] [1 3 4 5 7 9 10 13 52] [1 3 4 5 7 10 13 52] [1 3 4 5 6 7 9 10 19] [1 3 4 5 7 10 11 13 17] [1 3 4 5 6 7 9 10 11 13 17 43] [1 3 4 5 7 9 10 11 13 52 58] [1 3 4 5 7 9 10 13 19] [1 3 4 5 7 10 13 17] [1 3 4 5 7 9 10 11 13 19 52] [1 3 4 5 6 7 9 10 11 17 52] [1 3 4 5 7 13 52] [1 3 4 5 10 11 13] [1 3 4 5 11 13] [1 3 4 5 6 7 9] [1 3 4 5 6 7 9 10 11 17] [1 3 4 5 7 9 10 19 28] [1 3 4 5 6 7 9 13] [1 3 4 5 6 7 13] [1 3 4 5 6 7 10 11 12] [1 3 4 5 6 7 9 10 13 19] [1 3 4 5] [1 3 4 5 6 7 9 10 11 12 17 52] [1 3 4 5 6 7 9 10 11 13 52] [1 3 4 5 6 7 10 11 13 17 52] [1 3 4 5 7 9 10 11 13 52] [1 4 5] [1 3 4 5 6 7 9 10 11 12 17] [1 3 4 5 6 7 9 10 11 12 13 14 52] [1 3 4 5 7 10 19] [1 10] [1 3] [1 3 4 5 6 7 9 10 11 13 17 24] [1 5] [1 5 7 10 17] [1 3 4 5 10] [1 3 4 5 6 7 9 10 11 13 17 19] [1 3 5] [1 3 4 5 7 9 10 17 52] [1 3 4 5 6 7 11] [1 3 4 5 6 7 9 10 11 19] [1 3 4 5 7 9 10 11 13] [1 3 4 5 6 7 9 11 12 13 14 52] [1 3 4 5 6 7 9 10 11 13 17 52 58] [1 3 4 5 6 7 9 10 11 13 19 28 52] [1 3 4 5 6 7 9 10 11 12 13] [1 3 4 5 6 7 10 11 12 13] [1 3 4 5 13 52] [1 3 4 5 6 7 9 10 11 13 17] [1 3 4 5 6 7 10 17] [1 3 4 5 6 7 10 11 12 13 14 52 58] [1 3 4 5 6 7 9 11 12 13] [1 3 4 5 6 9 11 12 13] [1 3 4 5 7 9 10 13 19 52] [1 3 4 5 6] [1 3 4 5 6 7 9 10 11 19 28] [1 3 4 5 7 9 10 11 12 17] [1 3 4 5 7 9 13] [1 3 4 5 6 10] [1 3 4 5 7 10 17 19] [1 3 4 5 7 11 13] [1 3 4 5 7 9 10 11 12 13 17 52] [1 3 4 5 6 7 10 11 13 52] [1 3 4 5 7 9 10 13 17 19] [1 3 4 5 6 7 10 11 12 13 19 52 58] [1 3 4 5 6 7 10 11 12 17 19] [1 3 4 5 6 9 10 11 12 13 14 19 52 58] [1 5 27] [1 3 4 5 6 13] [1 3 4 5 7 11 17] [1 3 4 5 7 9 10 13 17] [1 3 4 5 7 10 11 17 52] [1 3 7 13] [1 3 4 5 6 9 11 12] [1 3 4 5 6 7 9 10 11 13 17 19 52] [1 3 4 5 6 7 9 10 11 13 19] [1 3 4 5 6 11 13 52 58] [1 7] [1 3 4 5 6 7 10 17 43 58] [1 3 4 5 6 9 10 11] [1 13] [1 3 4 5 7 9 10 11 12 13 17 52 60] [1 5 7 10] [1 3 4 5 7 10 11 13 52] [1 3 4 5 7 9 10 11 13 17 19] [1 3 4 5 6 7 9 10 11 12 19] [1 3 4 5 6 7 9 10 11 12 13 52 58] [1 5 7] [1 3 4 5 6 7 11 12 13] [] [] [] [] [] [] [] [] [] [] [] [] [] [] [] [] [] [] [] [] [] [] [] [] [] [] [] [] [] [] [] [] [] [] [] [] [] [] [] [] [] [] [] [] [] [] [] [] [] [] [] [] [] [] [] [] [] [] [] []
26 [19 27 52 54] [1] [1 2 3 4 5 7] [1 2 3 5 7 8 10] [1 2 3 4 5 8] [1 2 3 5] [1 2 3 4 5] [1 2 4 5 7] [1 2 3 5 7] [1 2 3 4 5 8 10] [1 2 4] [1 2 3 5 7 10] [1 2 3 4 5 7 10 13] [1 2 3 4 5 7 13] [1 2 3 4 5 7 10] [1 2 3 4 5 7 8 10 13] [1 2 3 4 5 10 13] [1 2 3 4 5 13 58] [1 2 3 5 7 10 13] [1 2 3 5 7 10 13 58] [1 2 3 4 5 7 8] [1 2 5 8 13] [1 2 4 5 13 58] [1 2 3 5 8 10 13 17 24] [1 2 3 4 5 7 8 13 58] [1 2 4 5 13] [1 2 3 4 5 13] [1 2 4 5 7 13] [1 2 5 7 10 13 17] [1 2 4 5] [1 2 3 4 5 7 8 10] [1 2 3 4 5 8 13 17] [1 2 3 4 5 8 10 13 51] [1 2 5 7 10] [1 2 3 4 5 7 8 10 13 58] [1 2 3 4 5 8 10 51] [1 2 3 4 5 7 8 10 51] [1 2 3 5 10] [1 2 3 4 5 8 13 58] [1 2 3 5 8 13] [1 2 5 7] [1 2 3 5 7 8] [1 2 5 13] [1 2 3 4 5 8 10 13] [1 2 3 4 5 7 8 10 13 17 24] [1 2 4 13] [1 2 13] [1 2 3 5 8 10] [1 2 3 4 5 7 13 17] [1 2 3 4] [1 2 3 4 5 7 13 58] [1 2 4 5 7 10] [1 2 3 5 13 58] [1 2 3 8 13] [1 2 4 5 7 10 13] [1 2 3 4 5 7 8 10 13 17 43] [1 2 3 5 7 13] [1 2 3 5 7 8 13] [1 2 3 4 13 58] [1 2 3 4 5 8 13] [1 2 3 4 5 7 10 17] [1 2 13 58] [1 2 4 8 13] [1 2 3 5 13] [1 2 5] [1 2 5 7 13 58] [1 2 3 4 5 7 8 10 13 51] [1 2 3] [1 2 3 4 5 7 8 10 17] [1 2 3 5 8] [1 2 3 4 5 7 8 10 13 17] [1 2 3 4 5 10 13 58] [1 2 3 4 5 7 9 10 13 58] [1 2 3 4 5 6 7 8 10] [1 2] [1 2 3 4 5 7 8 9 10 13 58] [1 10] [1 2 3 4 5 7 10 13 17 58] [1 2 5 10 13] [1 2 3 4 5 6 7 8 9 10 13 17 24] [1 2 3 5 7 9] [1 5] [1 2 10] [1 2 3 5 7 8 10 11] [1 2 3 4 5 6 7 8 10 11 17] [1 2 4 5 7 9] [1 2 3 4 5 7 8 9 13] [1 2 3 4 5 6 7 8 13 58] [1 2 4 5 6 7 8 11 13] [1 2 3 4 5 7 9 13] [1 2 3 4 5 6 7] [1 2 3 4 5 6 7 8 9] [1 2 4 5 7 8 10 13] [1 2 3 4 5 7 9] [1 2 3 4 5 7 8 9 10 13 17] [1 2 4 5 7 8 9 10 13 17 43] [1 2 3 4 5 6 8 13] [1 2 4 5 6 8 11] [1 2 3 5 8 10 13 51 58] [1 2 3 4 5 7 8 13] [1 2 3 5 8 10 13] [1 2 3 5 7 8 10 51] [1 2 4 5 8] [1 2 4 5 7 13 58] [1 2 3 5 7 8 10 13] [1 2 3 4 5 10] [1 2 3 4 5 7 8 13 17] [1 2 3 13] [1 2 3 4 5 7 10 13 17] [1 2 3 4 5 8 10 13 17] [1 2 3 5 10 13] [1 2 4 5 6 7 8 9 10 13] [1 2 3 4 5 7 17] [1 2 7 13] [1 2 4 5 6 8] [1 2 3 4 5 7 8 10 13 17 58] [1 2 4 5 7 9 10] [1 2 3 4 5 7 10 17 43 58] [1 2 3 4 5 6] [1 13] [1 2 5 7 10 13 17 58 60] [1 2 3 4 5 7 8 10 13 17 51] [1 2 3 4 5 7 8 9 10 11] [1 2 3 4 5 7 8 17] [] [] [] [] [] [] [] [] [] [] [] [] [] [] [] [] [] [] [] [] [] [] [] [] [] [] [] [] [] [] [] [] [] [] [] [] [] [] [] [] [] [] [] [] [] [] [] [] [] [] [] [] [] [] [] [] [] [] [] [] [] [] [] [] [] [] [] [] [] [] [] [] [] [] [] [] []
27 [] [1 2 3 4 5 7] [1 2 3 5 7 8 10] [1 2 3 5] [1 2 3 4 5] [1 2 4 5 7] [1 2 3 5 7] [1 2 3 4 5 8 10] [1 2 3 4 5 7 13 52 58] [1 2 4] [1 2 3 5 7 10] [1 2 3 4 5 7 10 13] [1 2 3 4 5 7 13] [1 2 3 4 5 7 10] [1 2 3 4 5 7 8 10 13] [1 2 3 4 5 10 13] [1 2 3 4 5 13 52] [1 2 3 5 7 10 13] [1 2 3 5 7 10 13 52] [1 2 3 4 5 7 8] [1 2 5 8 13] [1 2 4 5 13 52] [1 2 3 5 8 10 13 17 24] [1 2 3 4 5 7 8 13 52] [1 2 4 5 13] [1 2 3 4 5 13] [1 2 4 5 7 13] [1 2 5 7 10 13 17] [1 2 4 5] [1 2 3 4 5 7 8 10] [1 2 3 4 5 8 13 17] [1 2 3 4 5 8 10 13 19] [1 2 5 7 10] [1 2 3 4 5 7 8 10 13 52] [1 2 3 4 5 8 10 19] [1 2 3 4 5 7 8 10 19] [1 2 3 5 10] [1 2 3 4 5 8 13 52] [1 2 3 5 8 13] [1 2 5 7] [1 2 3 5 7 8] [1 2 5 13] [1 2 3 4 5 8 10 13] [1 2 3 4 5 7 8 10 13 17 24] [1 2 4 13] [1 2 13] [1 2 3 5 8 10] [1 2 3 4 5 7 13 17] [1 2 3 4] [1 2 3 4 5 7 13 52] [1 2 4 5 7 10] [1 2 3 5 13 52] [1 2 3 8 13] [1 2 4 5 7 10 13] [1 2 3 4 5 7 8 10 13 17 43] [1 2 3 5 7 13] [1 2 3 5 7 8 13] [1 2 3 4 13 52] [1 2 3 4 5 8 13] [1 2 3 4 5 7 10 17] [1 2 13 52] [1 2 4 8 13] [1 2 3 5 13] [1 2 5] [1 2 5 7 13 52] [1 2 3 4 5 8] [1 2 3 4 5 7 8 10 13 19] [1 2 3] [1 2 3 4 5 7 8 10 17] [1 2 3 5 8] [1 2 3 4 5 7 8 10 13 17] [1 2 3 4 5 10 13 52] [1 2 3 4 5 7 9 10 13 52] [1 2 3 4 5 6 7 8 10] [1 2] [1 2 3 4 5 7 8 9 10 13 52] [1 2 3 4 5 7 10 13 17 52] [1 2 5 10 13] [1 2 3 4 5 6 7 8 9 10 13 17 24] [1 2 3 5 7 9] [1 5] [1] [1 2 10] [1 2 3 5 7 8 10 11] [1 2 3 4 5 6 7 8 10 11 17] [1 2 4 5 7 9] [1 2 3 4 5 7 8 9 13] [1 2 3 4 5 6 7 8 13 52] [1 2 3 4 5 7 8 13 17 52 58] [1 2 4 5 6 7 8 11 13] [1 2 3 4 5 7 9 13] [1 2 3 4 5 6 7] [1 2 3 4 5 6 7 8 9] [1 2 4 5 7 8 10 13] [1 2 3 4 5 7 9] [1 2 3 4 5 7 8 9 10 13 17] [1 2 4 5 7 8 9 10 13 17 43] [1 2 3 4 5 8 13 52 58] [1 2 3 4 5 6 8 13] [1 2 4 5 6 8 11] [1 2 3 5 8 10 13 19 52] [1 2 3 4 5 7 8 13] [1 2 3 5 8 10 13] [1 2 3 5 7 8 10 19] [1 2 4 5 8] [1 2 4 5 7 13 52] [1 2 3 5 7 8 10 13] [1 2 3 4 5 10] [1 2 3 4 5 7 8 13 17] [1 2 3 13] [1 2 3 4 5 7 10 13 17] [1 2 3 4 5 8 10 13 19 52 58] [1 2 3 4 5 8 10 13 17] [1 2 3 4 5 6 8 11 13 52 58] [1 2 3 5 10 13] [1 5 27] [1 2 4 5 6 7 8 9 10 13] [1 2 3 4 5 7 17] [1 2 7 13] [1 2 4 5 6 8] [1 2 3 4 5 7 8 10 13 17 52] [1 2 3 4 5 13 52 58] [1 2 4 5 7 9 10] [1 2 3 4 5 7 10 17 43 58] [1 2 3 4 5 6] [1 13] [1 2 5 7 10 13 17 52] [1 2 3 4 5 7 8 10 13 17 19] [1 2 3 4 5 7 8 9 10 11] [1 2 3 4 5 7 8 17] [1 2 3 4 5 6 7 8 9 13 52 58] [] [] [] [] [] [] [] [] [] [] [] [] [] [] [] [] [] [] [] [] [] [] [] [] [] [] [] [] [] [] [] [] [] [] [] [] [] [] [] [] [] [] [] [] [] [] [] [] [] [] [] [] [] [] [] [] [] [] [] [] [] [] [] [] [] [] [] [] [] []
28 [6 27] [1 2 3 4 5 7] [1 2 3 5 7 8 10] [1 2 3 5] [1 2 3 4 5] [1 2 4 5 7] [1 2 3 5 7] [1 2 3 4 5 8 10] [1 2 3 4 5 7 13 52 58] [1 2 4] [1 2 3 5 7 10] [1 2 3 4 5 7 10 13] [1 2 3 4 5 7 13] [1 2 3 4 5 7 10] [1 2 3 4 5 7 8 10 13] [1 2 3 4 5 10 13] [1 2 3 4 5 13 52] [1 2 3 5 7 10 13] [1 2 3 5 7 10 13 52] [1 2 3 4 5 7 8] [1 2 5 8 13] [1 2 4 5 13 52] [1 2 3 5 8 10 13 17 24] [1 2 3 4 5 7 8 13 52] [1 2 4 5 13] [1 2 3 4 5 13] [1 2 4 5 7 13] [1 2 5 7 10 13 17] [1 2 4 5] [1 2 3 4 5 7 8 10] [1 2 3 4 5 8 13 17] [1 2 3 4 5 8 10 13 19] [1 2 5 7 10] [1 2 3 4 5 7 8 10 13 52] [1 2 3 4 5 8 10 19] [1 2 3 4 5 7 8 10 19] [1 2 3 5 10] [1 2 3 4 5 8 13 52] [1 2 3 5 8 13] [1 2 5 7] [1 2 3 5 7 8] [1 2 5 13] [1 2 3 4 5 8 10 13] [1 2 3 4 5 7 8 10 13 17 24] [1 2 4 13] [1 2 13] [1 2 3 5 8 10] [1 2 3 4 5 7 13 17] [1 2 3 4] [1 2 3 4 5 7 13 52] [1 2 4 5 7 10] [1 2 3 5 13 52] [1 2 3 8 13] [1 2 4 5 7 10 13] [1 2 3 4 5 7 8 10 13 17 43] [1 2 3 5 7 13] [1 2 3 5 7 8 13] [1 2 3 4 13 52] [1 2 3 4 5 8 13] [1 2 3 4 5 7 10 17] [1 2 13 52] [1 2 4 8 13] [1 2 3 5 13] [1 2 5] [1 2 5 7 13 52] [1 2 3 4 5 8] [1 2 3 4 5 7 8 10 13 19] [1 2 3] [1 2 3 4 5 7 8 10 17] [1 2 3 5 8] [1 2 3 4 5 7 8 10 13 17] [1 2 3 4 5 10 13 52] [1 2 3 4 5 7 9 10 13 52] [1 2] [1 2 3 4 5 7 8 9 10 13 52] [1 2 3 4 5 7 10 13 17 52] [1 2 5 10 13] [1 2 3 4 5 7 8 9 10 13 17 24] [1 2 3 5 7 9] [1 5] [1] [1 2 10] [1 2 3 5 7 8 10 11] [1 2 3 4 5 7 8 10 11 17] [1 2 4 5 7 9] [1 2 3 4 5 7 8 9 13] [1 2 3 4 5 7 8 13 17 52 58] [1 2 4 5 7 8 11 13] [1 2 3 4 5 7 9 13] [1 2 3 4 5 7 8 9] [1 2 4 5 7 8 10 13] [1 2 3 4 5 7 9] [1 2 3 4 5 7 8 9 10 13 17] [1 2 4 5 7 8 9 10 13 17 43] [1 2 3 4 5 8 13 52 58] [1 2 4 5 8 11] [1 2 3 5 8 10 13 19 52] [1 2 3 4 5 7 8 13] [1 2 3 5 8 10 13] [1 2 3 5 7 8 10 19] [1 2 4 5 8] [1 2 4 5 7 13 52] [1 2 3 5 7 8 10 13] [1 2 3 4 5 10] [1 2 3 4 5 7 8 13 17] [1 2 3 13] [1 2 3 4 5 7 10 13 17] [1 2 3 4 5 8 10 13 19 52 58] [1 2 3 4 5 8 10 13 17] [1 2 3 4 5 8 11 13 52 58] [1 2 3 5 10 13] [1 2 4 5 7 8 9 10 13] [1 2 3 4 5 7 17] [1 2 7 13] [1 2 3 4 5 7 8 10 13 17 52] [1 2 3 4 5 13 52 58] [1 2 4 5 7 9 10] [1 2 3 4 5 7 10 17 43 58] [1 13] [1 2 5 7 10 13 17 52] [1 2 3 4 5 7 8 10 13 17 19] [1 2 3 4 5 7 8 9 10 11] [1 2 3 4 5 7 8 17] [1 2 3 4 5 7 8 9 13 52 58] [] [] [] [] [] [] [] [] [] [] [] [] [] [] [] [] [] [] [] [] [] [] [] [] [] [] [] [] [] [] [] [] [] [] [] [] [] [] [] [] [] [] [] [] [] [] [] [] [] [] [] [] [] [] [] [] [] [] [] [] [] [] [] [] [] [] [] [] [] [] [] [] [] [] [] [] []
29 [12 16 40 49] [1 2 3 5 7 8 10] [1 2 3 5] [1 2 3 4 5] [1 2 4 5 7] [1 2 3 5 7] [1 2 3 4 5 8 10] [1 2 3 4 5 7 13 52 58] [1 2 3 4 5 7] [1 2 4] [1 2 3 5 7 10] [1 2 3 4 5 7 10 13] [1 2 3 4 5 7 13] [1 2 3 4 5 7 10] [1 2 3 4 5 7 8 10 13] [1 2 3 4 5 10 13] [1 2 3 4 5 13 52] [1 2 3 5 7 10 13] [1 2 3 5 7 10 13 52] [1 2 3 4 5 7 8] [1 2 5 8 13] [1 2 4 5 13 52] [1 2 3 5 8 10 13 17 24] [1 2 3 4 5 7 8 13 52] [1 2 4 5 13] [1 2 3 4 5 13] [1 2 4 5 7 13] [1 2 5 7 10 13 17] [1 2 4 5] [1 2 3 4 5 7 8 10] [1 2 3 4 5 8 13 17] [1 2 3 4 5 8 10 13 19] [1 2 5 7 10] [1 2 3 4 5 7 8 10 13 52] [1 2 3 4 5 8 10 19] [1 2 3 4 5 7 8 10 19] [1 2 3 5 10] [1 2 3 4 5 8 13 52] [1 2 3 5 8 13] [1 2 5 7] [1 2 3 5 7 8] [1 2 5 13] [1 2 3 4 5 8 10 13] [1 2 3 4 5 7 8 10 13 17 24] [1 2 4 13] [1 2 13] [1 2 3 5 8 10] [1 2 3 4 5 7 13 17] [1 2 3 4] [1 2 3 4 5 7 13 52] [1 2 4 5 7 10] [1 2 3 5 13 52] [1 2 3 8 13] [1 2 4 5 7 10 13] [1 2 3 4 5 7 8 10 13 17 43] [1 2 3 5 7 13] [1 2 3 5 7 8 13] [1 2 3 4 13 52] [1 2 3 4 5 8 13] [1 2 3 4 5 7 10 17] [1 2 13 52] [1 2 4 8 13] [1 2 3 5 13] [1 2 5] [1 2 5 7 13 52] [1 2 3 4 5 8] [1 2 3 4 5 7 8 10 13 19] [1 2 3] [1 2 3 4 5 7 8 10 17] [1 2 3 5 8] [1 2 3 4 5 7 8 10 13 17] [1 2 3 4 5 10 13 52] [1 2 3 4 5 7 9 10 13 52] [1 2 3 4 5 6 7 8 10] [1 2] [1 2 3 4 5 7 8 9 10 13 52] [1 2 3 4 5 7 10 13 17 52] [1 2 5 10 13] [1 2 3 4 5 6 7 8 9 10 13 17 24] [1 2 3 5 7 9] [1 5] [1] [1 2 10] [1 2 3 5 7 8 10 11] [1 2 3 4 5 6 7 8 10 11 17] [1 2 4 5 7 9] [1 2 3 4 5 7 8 9 13] [1 2 3 4 5 6 7 8 13 52] [1 2 3 4 5 7 8 13 17 52 58] [1 2 4 5 6 7 8 11 13] [1 2 3 4 5 7 9 13] [1 2 3 4 5 6 7] [1 2 3 4 5 6 7 8 9] [1 2 4 5 7 8 10 13] [1 2 3 4 5 7 9] [1 2 3 4 5 7 8 9 10 13 17] [1 2 4 5 7 8 9 10 13 17 43] [1 2 3 4 5 8 13 52 58] [1 2 3 4 5 6 8 13] [1 2 4 5 6 8 11] [1 2 3 5 8 10 13 19 52] [1 2 3 4 5 7 8 13] [1 2 3 5 8 10 13] [1 2 3 5 7 8 10 19] [1 2 4 5 8] [1 2 4 5 7 13 52] [1 2 3 5 7 8 10 13] [1 2 3 4 5 10] [1 2 3 4 5 7 8 13 17] [1 2 3 13] [1 2 3 4 5 7 10 13 17] [1 2 3 4 5 8 10 13 19 52 58] [1 2 3 4 5 8 10 13 17] [1 2 3 4 5 6 8 11 13 52 58] [1 2 3 5 10 13] [1 5 27] [1 2 4 5 6 7 8 9 10 13] [1 2 3 4 5 7 17] [1 2 7 13] [1 2 4 5 6 8] [1 2 3 4 5 7 8 10 13 17 52] [1 2 3 4 5 13 52 58] [1 2 4 5 7 9 10] [1 2 3 4 5 7 10 17 43 58] [1 2 3 4 5 6] [1 13] [1 2 5 7 10 13 17 52] [1 2 3 4 5 7 8 10 13 17 19] [1 2 3 4 5 7 8 9 10 11] [1 2 3 4 5 7 8 17] [1 2 3 4 5 6 7 8 9 13 52 58] [] [] [] [] [] [] [] [] [] [] [] [] [] [] [] [] [] [] [] [] [] [] [] [] [] [] [] [] [] [] [] [] [] [] [] [] [] [] [] [] [] [] [] [] [] [] [] [] [] [] [] [] [] [] [] [] [] [] [] [] [] [] [] [] [] [] [] [] [] []
30 [16 19] [1 2 3 5 7 8 10] [1 2 3 5] [1 2 3 4 5] [1 2 4 5 7] [1 2 3 5 7] [1 2 3 4 5 8 10] [1 2 3 4 5 7 13 52 58] [1 2 3 4 5 7] [1 2 4] [1 2 3 5 7 10] [1 2 3 4 5 7 10 13] [1 2 3 4 5 7 13] [1 2 3 4 5 7 10] [1 2 3 4 5 7 8 10 13] [1 2 3 4 5 10 13] [1 2 3 4 5 13 52] [1 2 3 5 7 10 13] [1 2 3 5 7 10 13 52] [1 2 3 4 5 7 8] [1 2 5 8 13] [1 2 4 5 13 52] [1 2 3 5 8 10 13 17 24] [1 2 3 4 5 7 8 13 52] [1 2 4 5 13] [1 2 3 4 5 13] [1 2 4 5 7 13] [1 2 5 7 10 13 17] [1 2 4 5] [1 2 3 4 5 7 8 10] [1 2 3 4 5 8 13 17] [1 2 3 4 5 8 10 13 51] [1 2 5 7 10] [1 2 3 4 5 7 8 10 13 52] [1 2 3 4 5 8 10 51] [1 2 3 4 5 7 8 10 51] [1 2 3 5 10] [1 2 3 4 5 8 13 52] [1 2 3 5 8 13] [1 2 5 7] [1 2 3 5 7 8] [1 2 5 13] [1 2 3 4 5 8 10 13] [1 2 3 4 5 7 8 10 13 17 24] [1 2 4 13] [1 2 13] [1 2 3 5 8 10] [1 2 3 4 5 7 13 17] [1 2 3 4] [1 2 3 4 5 7 13 52] [1 2 4 5 7 10] [1 2 3 5 13 52] [1 2 3 8 13] [1 2 4 5 7 10 13] [1 2 3 4 5 7 8 10 13 17 43] [1 2 3 5 7 13] [1 2 3 5 7 8 13] [1 2 3 4 13 52] [1 2 3 4 5 8 13] [1 2 3 4 5 7 10 17] [1 2 13 52] [1 2 4 8 13] [1 2 3 5 13] [1 2 5] [1 2 5 7 13 52] [1 2 3 4 5 8] [1 2 3 4 5 7 8 10 13 51] [1 2 3] [1 2 3 4 5 7 8 10 17] [1 2 3 5 8] [1 2 3 4 5 7 8 10 13 17] [1 2 3 4 5 10 13 52] [1 2 3 4 5 7 9 10 13 52] [1 2 3 4 5 6 7 8 10] [1 2] [1 2 3 4 5 7 8 9 10 13 52] [1 2 3 4 5 7 10 13 17 52] [1 2 5 10 13] [1 2 3 4 5 6 7 8 9 10 13 17 24] [1 2 3 5 7 9] [1 5] [1] [1 2 10] [1 2 3 5 7 8 10 11] [1 2 3 4 5 6 7 8 10 11 17] [1 2 4 5 7 9] [1 2 3 4 5 7 8 9 13] [1 2 3 4 5 6 7 8 13 52] [1 2 3 4 5 7 8 13 17 52 58] [1 2 4 5 6 7 8 11 13] [1 2 3 4 5 7 9 13] [1 2 3 4 5 6 7] [1 2 3 4 5 6 7 8 9] [1 2 4 5 7 8 10 13] [1 2 3 4 5 7 9] [1 2 3 4 5 7 8 9 10 13 17] [1 2 4 5 7 8 9 10 13 17 43] [1 2 3 4 5 8 13 52 58] [1 2 3 4 5 6 8 13] [1 2 4 5 6 8 11] [1 2 3 5 8 10 13 51 52] [1 2 3 4 5 7 8 13] [1 2 3 5 8 10 13] [1 2 3 5 7 8 10 51] [1 2 4 5 8] [1 2 4 5 7 13 52] [1 2 3 5 7 8 10 13] [1 2 3 4 5 10] [1 2 3 4 5 7 8 13 17] [1 2 3 13] [1 2 3 4 5 7 10 13 17] [1 2 3 4 5 8 10 13 51 52 58] [1 2 3 4 5 8 10 13 17] [1 2 3 4 5 6 8 11 13 52 58] [1 2 3 5 10 13] [1 5 27] [1 2 4 5 6 7 8 9 10 13] [1 2 3 4 5 7 17] [1 2 7 13] [1 2 4 5 6 8] [1 2 3 4 5 7 8 10 13 17 52] [1 2 3 4 5 13 52 58] [1 2 4 5 7 9 10] [1 2 3 4 5 7 10 17 43 58] [1 2 3 4 5 6] [1 13] [1 2 5 7 10 13 17 52] [1 2 3 4 5 7 8 10 13 17 51] [1 2 3 4 5 7 8 9 10 11] [1 2 3 4 5 7 8 17] [1 2 3 4 5 6 7 8 9 13 52 58] [] [] [] [] [] [] [] [] [] [] [] [] [] [] [] [] [] [] [] [] [] [] [] [] [] [] [] [] [] [] [] [] [] [] [] [] [] [] [] [] [] [] [] [] [] [] [] [] [] [] [] [] [] [] [] [] [] [] [] [] [] [] [] [] [] [] [] [] [] []
31 [] [1 2 3 5] [1 2 3 4 5] [1 2 4 5 7] [1 2 3 5 7] [1 2 3 4 5 8 10] [1 2 3 4 5 7 13 52 58] [1 2 3 4 5 7] [1 2 4] [1 2 3 5 7 10] [1 2 3 4 5 7 10 13] [1 2 3 4 5 7 13] [1 2 3 4 5 7 10] [1 2 3 4 5 7 8 10 13] [1 2 3 4 5 10 13] [1 2 3 4 5 13 52] [1 2 3 5 7 10 13] [1 2 3 5 7 10 13 52] [1 2 3 4 5 7 8] [1 2 5 8 13] [1 2 4 5 13 52] [1 2 3 5 8 10 13 17 24] [1 2 3 4 5 7 8 13 52] [1 2 4 5 13] [1 2 3 4 5 13] [1 2 4 5 7 13] [1 2 5 7 10 13 17] [1 2 4 5] [1 2 3 4 5 7 8 10] [1 2 3 4 5 8 13 17] [1 2 3 4 5 8 10 13 19] [1 2 5 7 10] [1 2 3 4 5 7 8 10 13 52] [1 2 3 4 5 8 10 19] [1 2 3 4 5 7 8 10 19] [1 2 3 5 10] [1 2 3 4 5 8 13 52] [1 2 3 5 8 13] [1 2 5 7] [1 2 3 5 7 8] [1 2 5 13] [1 2 3 4 5 8 10 13] [1 2 3 4 5 7 8 10 13 17 24] [1 2 4 13] [1 2 13] [1 2 3 5 8 10] [1 2 3 4 5 7 13 17] [1 2 3 4] [1 2 3 4 5 7 13 52] [1 2 4 5 7 10] [1 2 3 5 13 52] [1 2 3 8 13] [1 2 4 5 7 10 13] [1 2 3 4 5 7 8 10 13 17 43] [1 2 3 5 7 13] [1 2 3 5 7 8 13] [1 2 3 4 13 52] [1 2 3 4 5 8 13] [1 2 3 4 5 7 10 17] [1 2 13 52] [1 2 4 8 13] [1 2 3 5 13] [1 2 5] [1 2 5 7 13 52] [1 2 3 5 7 8 10] [1 2 3 4 5 8] [1 2 3 4 5 7 8 10 13 19] [1 2 3] [1 2 3 4 5 7 8 10 17] [1 2 3 5 8] [1 2 3 4 5 7 8 10 13 17] [1 2 3 4 5 10 13 52] [1 2 3 4 5 7 9 10 13 52] [1 2 3 4 5 6 7 8 10] [1 2] [1 2 3 4 5 7 8 9 10 13 52] [1 2 3 4 5 7 10 13 17 52] [1 2 5 10 13] [1 2 3 4 5 6 7 8 9 10 13 17 24] [1 2 3 5 7 9] [1 5] [1] [1 2 10] [1 2 3 5 7 8 10 11] [1 2 3 4 5 6 7 8 10 11 17] [1 2 4 5 7 9] [1 2 3 4 5 7 8 9 13] [1 2 3 4 5 6 7 8 13 52] [1 2 3 4 5 7 8 13 17 52 58] [1 2 4 5 6 7 8 11 13] [1 2 3 4 5 7 9 13] [1 2 3 4 5 6 7] [1 2 3 4 5 6 7 8 9] [1 2 4 5 7 8 10 13] [1 2 3 4 5 7 9] [1 2 3 4 5 7 8 9 10 13 17] [1 2 4 5 7 8 9 10 13 17 43] [1 2 3 4 5 8 13 52 58] [1 2 3 4 5 6 8 13] [1 2 4 5 6 8 11] [1 2 3 5 8 10 13 19 52] [1 2 3 4 5 7 8 13] [1 2 3 5 8 10 13] [1 2 3 5 7 8 10 19] [1 2 4 5 8] [1 2 4 5 7 13 52] [1 2 3 5 7 8 10 13] [1 2 3 4 5 10] [1 2 3 4 5 7 8 13 17] [1 2 3 13] [1 2 3 4 5 7 10 13 17] [1 2 3 4 5 8 10 13 19 52 58] [1 2 3 4 5 8 10 13 17] [1 2 3 4 5 6 8 11 13 52 58] [1 2 3 5 10 13] [1 5 27] [1 2 4 5 6 7 8 9 10 13] [1 2 3 4 5 7 17] [1 2 7 13] [1 2 4 5 6 8] [1 2 3 4 5 7 8 10 13 17 52] [1 2 3 4 5 13 52 58] [1 2 4 5 7 9 10] [1 2 3 4 5 7 10 17 43 58] [1 2 3 4 5 6] [1 13] [1 2 5 7 10 13 17 52] [1 2 3 4 5 7 8 10 13 17 19] [1 2 3 4 5 7 8 9 10 11] [1 2 3 4 5 7 8 17] [1 2 3 4 5 6 7 8 9 13 52 58] [] [] [] [] [] [] [] [] [] [] [] [] [] [] [] [] [] [] [] [] [] [] [] [] [] [] [] [] [] [] [] [] [] [] [] [] [] [] [] [] [] [] [] [] [] [] [] [] [] [] [] [] [] [] [] [] [] [] [] [] [] [] [] [] [] [] [] [] [] []
32 [] [1 2 4 5 7] [1 2 3 4 5 7] [1 2 3 5 7] [1 2 3 4 5 8 10] [1 2 3 4 5 7 13 52 58] [1 2 3 5] [1 2 4] [1 2 3 4 5] [1 2 3 5 7 10] [1 2 3 4 5 7 10 13] [1 2 3 4 5 7 13] [1 2 3 4 5 7 10] [1 2 3 4 5 7 8 10 13] [1 2 3 4 5 10 13] [1 2 3 4 5 13 52] [1 2 3 5 7 10 13] [1 2 3 5 7 10 13 52] [1 2 3 4 5 7 8] [1 2 5 8 13] [1 2 4 5 13 52] [1 2 3 5 8 10 13 17 24] [1 2 3 4 5 7 8 13 52] [1 2 4 5 13] [1 2 3 4 5 13] [1 2 4 5 7 13] [1 2 5 7 10 13 17] [1 2 4 5] [1 2 3 4 5 7 8 10] [1 2 3 4 5 8 13 17] [1 2 3 4 5 8 10 13 19] [1 2 5 7 10] [1 2 3 4 5 7 8 10 13 52] [1 2 3 4 5 8 10 19] [1 2 3 4 5 7 8 10 19] [1 2 3 5 10] [1 2 3 4 5 8 13 52] [1 2 3 5 8 13] [1 2 5 7] [1 2 3 5 7 8] [1 2 5 13] [1 2 3 4 5 8 10 13] [1 2 3 4 5 7 8 10 13 17 24] [1 2 4 13] [1 2 13] [1 2 3 5 8 10] [1 2 3 4 5 7 13 17] [1 2 3 4] [1 2 3 4 5 7 13 52] [1 2 4 5 7 10] [1 2 3 5 13 52] [1 2 3 8 13] [1 2 4 5 7 10 13] [1 2 3 4 5 7 8 10 13 17 43] [1 2 3 5 7 13] [1 2 3 5 7 8 13] [1 2 3 4 13 52] [1 2 3 4 5 8 13] [1 2 3 4 5 7 10 17] [1 2 13 52] [1 2 4 8 13] [1 2 3 5 13] [1 2 5] [1 2 5 7 13 52] [1 2 3 5 7 8 10] [1 2 3 4 5 8] [1 2 3 4 5 7 8 10 13 19] [1 2 3] [1 2 3 4 5 7 8 10 17] [1 2 3 5 8] [1 2 3 4 5 7 8 10 13 17] [1 2 3 4 5 10 13 52] [1 2 3 4 5 7 9 10 13 52] [1 2 3 4 5 6 7 8 10] [1 2] [1 2 3 4 5 7 8 9 10 13 52] [1 2 3 4 5 7 10 13 17 52] [1 2 5 10 13] [1 2 3 4 5 6 7 8 9 10 13 17 24] [1 2 3 5 7 9] [1 5] [1] [1 2 10] [1 2 3 5 7 8 10 11] [1 2 3 4 5 6 7 8 10 11 17] [1 2 4 5 7 9] [1 2 3 4 5 7 8 9 13] [1 2 3 4 5 6 7 8 13 52] [1 2 3 4 5 7 8 13 17 52 58] [1 2 4 5 6 7 8 11 13] [1 2 3 4 5 7 9 13] [1 2 3 4 5 6 7] [1 2 3 4 5 6 7 8 9] [1 2 4 5 7 8 10 13] [1 2 3 4 5 7 9] [1 2 3 4 5 7 8 9 10 13 17] [1 2 4 5 7 8 9 10 13 17 43] [1 2 3 4 5 8 13 52 58] [1 2 3 4 5 6 8 13] [1 2 4 5 6 8 11] [1 2 3 5 8 10 13 19 52] [1 2 3 4 5 7 8 13] [1 2 3 5 8 10 13] [1 2 3 5 7 8 10 19] [1 2 4 5 8] [1 2 4 5 7 13 52] [1 2 3 5 7 8 10 13] [1 2 3 4 5 10] [1 2 3 4 5 7 8 13 17] [1 2 3 13] [1 2 3 4 5 7 10 13 17] [1 2 3 4 5 8 10 13 19 52 58] [1 2 3 4 5 8 10 13 17] [1 2 3 4 5 6 8 11 13 52 58] [1 2 3 5 10 13] [1 5 27] [1 2 4 5 6 7 8 9 10 13] [1 2 3 4 5 7 17] [1 2 7 13] [1 2 4 5 6 8] [1 2 3 4 5 7 8 10 13 17 52] [1 2 3 4 5 13 52 58] [1 2 4 5 7 9 10] [1 2 3 4 5 7 10 17 43 58] [1 2 3 4 5 6] [1 13] [1 2 5 7 10 13 17 52] [1 2 3 4 5 7 8 10 13 17 19] [1 2 3 4 5 7 8 9 10 11] [1 2 3 4 5 7 8 17] [1 2 3 4 5 6 7 8 9 13 52 58] [] [] [] [] [] [] [] [] [] [] [] [] [] [] [] [] [] [] [] [] [] [] [] [] [] [] [] [] [] [] [] [] [] [] [] [] [] [] [] [] [] [] [] [] [] [] [] [] [] [] [] [] [] [] [] [] [] [] [] [] [] [] [] [] [] [] [] [] [] []
33 [] [1 2 3 5 7] [1 2 3 4 5 8 10] [1 2 3 4 5 7 13 52 58] [1 2 3 5] [1 2 3 4 5 7] [1 2 4] [1 2 3 4 5] [1 2 3 5 7 10] [1 2 3 4 5 7 10 13] [1 2 3 4 5 7 13] [1 2 3 4 5 7 10] [1 2 3 4 5 7 8 10 13] [1 2 3 4 5 10 13] [1 2 3 4 5 13 52] [1 2 3 5 7 10 13] [1 2 3 5 7 10 13 52] [1 2 3 4 5 7 8] [1 2 5 8 13] [1 2 4 5 13 52] [1 2 3 5 8 10 13 17 24] [1 2 3 4 5 7 8 13 52] [1 2 4 5 13] [1 2 3 4 5 13] [1 2 4 5 7 13] [1 2 5 7 10 13 17] [1 2 4 5] [1 2 3 4 5 7 8 10] [1 2 3 4 5 8 13 17] [1 2 4 5 7] [1 2 3 4 5 8 10 13 19] [1 2 5 7 10] [1 2 3 4 5 7 8 10 13 52] [1 2 3 4 5 8 10 19] [1 2 3 4 5 7 8 10 19] [1 2 3 5 10] [1 2 3 4 5 8 13 52] [1 2 3 5 8 13] [1 2 5 7] [1 2 3 5 7 8] [1 2 5 13] [1 2 3 4 5 8 10 13] [1 2 3 4 5 7 8 10 13 17 24] [1 2 4 13] [1 2 13] [1 2 3 5 8 10] [1 2 3 4 5 7 13 17] [1 2 3 4] [1 2 3 4 5 7 13 52] [1 2 4 5 7 10] [1 2 3 5 13 52] [1 2 3 8 13] [1 2 4 5 7 10 13] [1 2 3 4 5 7 8 10 13 17 43] [1 2 3 5 7 13] [1 2 3 5 7 8 13] [1 2 3 4 13 52] [1 2 3 4 5 8 13] [1 2 3 4 5 7 10 17] [1 2 13 52] [1 2 4 8 13] [1 2 3 5 13] [1 2 5] [1 2 5 7 13 52] [1 2 3 5 7 8 10] [1 2 3 4 5 8] [1 2 3 4 5 7 8 10 13 19] [1 2 3] [1 2 3 4 5 7 8 10 17] [1 2 3 5 8] [1 2 3 4 5 7 8 10 13 17] [1 2 3 4 5 10 13 52] [1 2 3 4 5 7 9 10 13 52] [1 2 3 4 5 6 7 8 10] [1 2] [1 2 3 4 5 7 8 9 10 13 52] [1 2 3 4 5 7 10 13 17 52] [1 2 5 10 13] [1 2 3 4 5 6 7 8 9 10 13 17 24] [1 2 3 5 7 9] [1 5] [1] [1 2 10] [1 2 3 5 7 8 10 11] [1 2 3 4 5 6 7 8 10 11 17] [1 2 4 5 7 9] [1 2 3 4 5 7 8 9 13] [1 2 3 4 5 6 7 8 13 52] [1 2 3 4 5 7 8 13 17 52 58] [1 2 4 5 6 7 8 11 13] [1 2 3 4 5 7 9 13] [1 2 3 4 5 6 7] [1 2 3 4 5 6 7 8 9] [1 2 4 5 7 8 10 13] [1 2 3 4 5 7 9] [1 2 3 4 5 7 8 9 10 13 17] [1 2 4 5 7 8 9 10 13 17 43] [1 2 3 4 5 8 13 52 58] [1 2 3 4 5 6 8 13] [1 2 4 5 6 8 11] [1 2 3 5 8 10 13 19 52] [1 2 3 4 5 7 8 13] [1 2 3 5 8 10 13] [1 2 3 5 7 8 10 19] [1 2 4 5 8] [1 2 4 5 7 13 52] [1 2 3 5 7 8 10 13] [1 2 3 4 5 10] [1 2 3 4 5 7 8 13 17] [1 2 3 13] [1 2 3 4 5 7 10 13 17] [1 2 3 4 5 8 10 13 19 52 58] [1 2 3 4 5 8 10 13 17] [1 2 3 4 5 6 8 11 13 52 58] [1 2 3 5 10 13] [1 5 27] [1 2 4 5 6 7 8 9 10 13] [1 2 3 4 5 7 17] [1 2 7 13] [1 2 4 5 6 8] [1 2 3 4 5 7 8 10 13 17 52] [1 2 3 4 5 13 52 58] [1 2 4 5 7 9 10] [1 2 3 4 5 7 10 17 43 58] [1 2 3 4 5 6] [1 13] [1 2 5 7 10 13 17 52] [1 2 3 4 5 7 8 10 13 17 19] [1 2 3 4 5 7 8 9 10 11] [1 2 3 4 5 7 8 17] [1 2 3 4 5 6 7 8 9 13 52 58] [] [] [] [] [] [] [] [] [] [] [] [] [] [] [] [] [] [] [] [] [] [] [] [] [] [] [] [] [] [] [] [] [] [] [] [] [] [] [] [] [] [] [] [] [] [] [] [] [] [] [] [] [] [] [] [] [] [] [] [] [] [] [] [] [] [] [] [] [] []
34 [] [1 2 3 4 5 7 13 52 58] [1 2 3 5] [1 2 3 4 5 7] [1 2 4] [1 2 3 4 5] [1 2 3 5 7 10] [1 2 3 4 5 7 10 13] [1 2 3 4 5 7 13] [1 2 3 4 5 7 10] [1 2 3 4 5 7 8 10 13] [1 2 3 4 5 10 13] [1 2 3 4 5 13 52] [1 2 3 5 7 10 13] [1 2 3 5 7 10 13 52] [1 2 3 4 5 7 8] [1 2 5 8 13] [1 2 4 5 13 52] [1 2 3 5 8 10 13 17 24] [1 2 3 4 5 7 8 13 52] [1 2 4 5 13] [1 2 3 4 5 13] [1 2 4 5 7 13] [1 2 5 7 10 13 17] [1 2 4 5] [1 2 3 4 5 7 8 10] [1 2 3 4 5 8 13 17] [1 2 4 5 7] [1 2 3 4 5 8 10 13 19] [1 2 5 7 10] [1 2 3 4 5 7 8 10 13 52] [1 2 3 4 5 8 10 19] [1 2 3 4 5 7 8 10 19] [1 2 3 5 10] [1 2 3 4 5 8 13 52] [1 2 3 5 8 13] [1 2 5 7] [1 2 3 4 5 8 10] [1 2 3 5 7 8] [1 2 5 13] [1 2 3 5 7] [1 2 3 4 5 8 10 13] [1 2 3 4 5 7 8 10 13 17 24] [1 2 4 13] [1 2 13] [1 2 3 5 8 10] [1 2 3 4 5 7 13 17] [1 2 3 4] [1 2 3 4 5 7 13 52] [1 2 4 5 7 10] [1 2 3 5 13 52] [1 2 3 8 13] [1 2 4 5 7 10 13] [1 2 3 4 5 7 8 10 13 17 43] [1 2 3 5 7 13] [1 2 3 5 7 8 13] [1 2 3 4 13 52] [1 2 3 4 5 8 13] [1 2 3 4 5 7 10 17] [1 2 13 52] [1 2 4 8 13] [1 2 3 5 13] [1 2 5] [1 2 5 7 13 52] [1 2 3 5 7 8 10] [1 2 3 4 5 8] [1 2 3 4 5 7 8 10 13 19] [1 2 3] [1 2 3 4 5 7 8 10 17] [1 2 3 5 8] [1 2 3 4 5 7 8 10 13 17] [1 2 3 4 5 10 13 52] [1 2 3 4 5 7 9 10 13 52] [1 2 3 4 5 6 7 8 10] [1 2] [1 2 3 4 5 7 8 9 10 13 52] [1 2 3 4 5 7 10 13 17 52] [1 2 5 10 13] [1 2 3 4 5 6 7 8 9 10 13 17 24] [1 2 3 5 7 9] [1 5] [1] [1 2 10] [1 2 3 5 7 8 10 11] [1 2 3 4 5 6 7 8 10 11 17] [1 2 4 5 7 9] [1 2 3 4 5 7 8 9 13] [1 2 3 4 5 6 7 8 13 52] [1 2 3 4 5 7 8 13 17 52 58] [1 2 4 5 6 7 8 11 13] [1 2 3 4 5 7 9 13] [1 2 3 4 5 6 7] [1 2 3 4 5 6 7 8 9] [1 2 4 5 7 8 10 13] [1 2 3 4 5 7 9] [1 2 3 4 5 7 8 9 10 13 17] [1 2 4 5 7 8 9 10 13 17 43] [1 2 3 4 5 8 13 52 58] [1 2 3 4 5 6 8 13] [1 2 4 5 6 8 11] [1 2 3 5 8 10 13 19 52] [1 2 3 4 5 7 8 13] [1 2 3 5 8 10 13] [1 2 3 5 7 8 10 19] [1 2 4 5 8] [1 2 4 5 7 13 52] [1 2 3 5 7 8 10 13] [1 2 3 4 5 10] [1 2 3 4 5 7 8 13 17] [1 2 3 13] [1 2 3 4 5 7 10 13 17] [1 2 3 4 5 8 10 13 19 52 58] [1 2 3 4 5 8 10 13 17] [1 2 3 4 5 6 8 11 13 52 58] [1 2 3 5 10 13] [1 5 27] [1 2 4 5 6 7 8 9 10 13] [1 2 3 4 5 7 17] [1 2 7 13] [1 2 4 5 6 8] [1 2 3 4 5 7 8 10 13 17 52] [1 2 3 4 5 13 52 58] [1 2 4 5 7 9 10] [1 2 3 4 5 7 10 17 43 58] [1 2 3 4 5 6] [1 13] [1 2 5 7 10 13 17 52] [1 2 3 4 5 7 8 10 13 17 19] [1 2 3 4 5 7 8 9 10 11] [1 2 3 4 5 7 8 17] [1 2 3 4 5 6 7 8 9 13 52 58] [] [] [] [] [] [] [] [] [] [] [] [] [] [] [] [] [] [] [] [] [] [] [] [] [] [] [] [] [] [] [] [] [] [] [] [] [] [] [] [] [] [] [] [] [] [] [] [] [] [] [] [] [] [] [] [] [] [] [] [] [] [] [] [] [] [] [] [] [] []
35 [] [1 2 3 4 5 7] [1 2 4] [1 2 3 4 5] [1 2 3 5 7 10] [1 2 3 4 5 7 10 13] [1 2 3 4 5 7 13] [1 2 3 4 5 7 10] [1 2 3 4 5 7 8 10 13] [1 2 3 4 5 10 13] [1 2 3 4 5 13 52] [1 2 3 5 7 10 13] [1 2 3 5 7 10 13 52] [1 2 3 4 5 7 8] [1 2 5 8 13] [1 2 4 5 13 52] [1 2 3 5 8 10 13 17 24] [1 2 3 4 5 7 8 13 52] [1 2 4 5 13] [1 2 3 4 5 13] [1 2 4 5 7 13] [1 2 5 7 10 13 17] [1 2 4 5] [1 2 3 4 5 7 8 10] [1 2 3 4 5 8 13 17] [1 2 4 5 7] [1 2 3 4 5 8 10 13 19] [1 2 5 7 10] [1 2 3 4 5 7 8 10 13 52] [1 2 3 4 5 8 10 19] [1 2 3 4 5 7 8 10 19] [1 2 3 5] [1 2 3 5 10] [1 2 3 4 5 8 13 52] [1 2 3 5 8 13] [1 2 5 7] [1 2 3 4 5 8 10] [1 2 3 5 7 8] [1 2 5 13] [1 2 3 5 7] [1 2 3 4 5 8 10 13] [1 2 3 4 5 7 8 10 13 17 24] [1 2 4 13] [1 2 13] [1 2 3 5 8 10] [1 2 3 4 5 7 13 17] [1 2 3 4] [1 2 3 4 5 7 13 52] [1 2 4 5 7 10] [1 2 3 5 13 52] [1 2 3 8 13] [1 2 4 5 7 10 13] [1 2 3 4 5 7 8 10 13 17 43] [1 2 3 4 5 7 13 52 58] [1 2 3 5 7 13] [1 2 3 5 7 8 13] [1 2 3 4 13 52] [1 2 3 4 5 8 13] [1 2 3 4 5 7 10 17] [1 2 13 52] [1 2 4 8 13] [1 2 3 5 13] [1 2 5] [1 2 5 7 13 52] [1 2 3 5 7 8 10] [1 2 3 4 5 8] [1 2 3 4 5 7 8 10 13 19] [1 2 3] [1 2 3 4 5 7 8 10 17] [1 2 3 5 8] [1 2 3 4 5 7 8 10 13 17] [1 2 3 4 5 10 13 52] [1 2 3 4 5 7 9 10 13 52] [1 2 3 4 5 6 7 8 10] [1 2] [1 2 3 4 5 7 8 9 10 13 52] [1 2 3 4 5 7 10 13 17 52] [1 2 5 10 13] [1 2 3 4 5 6 7 8 9 10 13 17 24] [1 2 3 5 7 9] [1 5] [1] [1 2 10] [1 2 3 5 7 8 10 11] [1 2 3 4 5 6 7 8 10 11 17] [1 2 4 5 7 9] [1 2 3 4 5 7 8 9 13] [1 2 3 4 5 6 7 8 13 52] [1 2 3 4 5 7 8 13 17 52 58] [1 2 4 5 6 7 8 11 13] [1 2 3 4 5 7 9 13] [1 2 3 4 5 6 7] [1 2 3 4 5 6 7 8 9] [1 2 4 5 7 8 10 13] [1 2 3 4 5 7 9] [1 2 3 4 5 7 8 9 10 13 17] [1 2 4 5 7 8 9 10 13 17 43] [1 2 3 4 5 8 13 52 58] [1 2 3 4 5 6 8 13] [1 2 4 5 6 8 11] [1 2 3 5 8 10 13 19 52] [1 2 3 4 5 7 8 13] [1 2 3 5 8 10 13] [1 2 3 5 7 8 10 19] [1 2 4 5 8] [1 2 4 5 7 13 52] [1 2 3 5 7 8 10 13] [1 2 3 4 5 10] [1 2 3 4 5 7 8 13 17] [1 2 3 13] [1 2 3 4 5 7 10 13 17] [1 2 3 4 5 8 10 13 19 52 58] [1 2 3 4 5 8 10 13 17] [1 2 3 4 5 6 8 11 13 52 58] [1 2 3 5 10 13] [1 5 27] [1 2 4 5 6 7 8 9 10 13] [1 2 3 4 5 7 17] [1 2 7 13] [1 2 4 5 6 8] [1 2 3 4 5 7 8 10 13 17 52] [1 2 3 4 5 13 52 58] [1 2 4 5 7 9 10] [1 2 3 4 5 7 10 17 43 58] [1 2 3 4 5 6] [1 13] [1 2 5 7 10 13 17 52] [1 2 3 4 5 7 8 10 13 17 19] [1 2 3 4 5 7 8 9 10 11] [1 2 3 4 5 7 8 17] [1 2 3 4 5 6 7 8 9 13 52 58] [] [] [] [] [] [] [] [] [] [] [] [] [] [] [] [] [] [] [] [] [] [] [] [] [] [] [] [] [] [] [] [] [] [] [] [] [] [] [] [] [] [] [] [] [] [] [] [] [] [] [] [] [] [] [] [] [] [] [] [] [] [] [] [] [] [] [] [] [] []
36 [] [1 2 3 4 5] [1 2 3 5 7 10] [1 2 3 4 5 7 10 13] [1 2 3 4 5 7] [1 2 3 4 5 7 13] [1 2 3 4 5 7 10] [1 2 3 4 5 7 8 10 13] [1 2 3 4 5 10 13] [1 2 3 4 5 13 52] [1 2 3 5 7 10 13] [1 2 3 5 7 10 13 52] [1 2 3 4 5 7 8] [1 2 5 8 13] [1 2 4 5 13 52] [1 2 3 5 8 10 13 17 24] [1 2 3 4 5 7 8 13 52] [1 2 4 5 13] [1 2 3 4 5 13] [1 2 4 5 7 13] [1 2 5 7 10 13 17] [1 2 4 5] [1 2 3 4 5 7 8 10] [1 2 3 4 5 8 13 17] [1 2 4 5 7] [1 2 3 4 5 8 10 13 19] [1 2 5 7 10] [1 2 3 4 5 7 8 10 13 52] [1 2 3 4 5 8 10 19] [1 2 3 4 5 7 8 10 19] [1 2 3 5] [1 2 3 5 10] [1 2 3 4 5 8 13 52] [1 2 3 5 8 13] [1 2 5 7] [1 2 3 4 5 8 10] [1 2 3 5 7 8] [1 2 4] [1 2 5 13] [1 2 3 5 7] [1 2 3 4 5 8 10 13] [1 2 3 4 5 7 8 10 13 17 24] [1 2 4 13] [1 2 13] [1 2 3 5 8 10] [1 2 3 4 5 7 13 17] [1 2 3 4] [1 2 3 4 5 7 13 52] [1 2 4 5 7 10] [1 2 3 5 13 52] [1 2 3 8 13] [1 2 4 5 7 10 13] [1 2 3 4 5 7 8 10 13 17 43] [1 2 3 4 5 7 13 52 58] [1 2 3 5 7 13] [1 2 3 5 7 8 13] [1 2 3 4 13 52] [1 2 3 4 5 8 13] [1 2 3 4 5 7 10 17] [1 2 13 52] [1 2 4 8 13] [1 2 3 5 13] [1 2 5] [1 2 5 7 13 52] [1 2 3 5 7 8 10] [1 2 3 4 5 8] [1 2 3 4 5 7 8 10 13 19] [1 2 3] [1 2 3 4 5 7 8 10 17] [1 2 3 5 8] [1 2 3 4 5 7 8 10 13 17] [1 2 3 4 5 10 13 52] [1 2 3 4 5 7 9 10 13 52] [1 2 3 4 5 6 7 8 10] [1 2] [1 2 3 4 5 7 8 9 10 13 52] [1 2 3 4 5 7 10 13 17 52] [1 2 5 10 13] [1 2 3 4 5 6 7 8 9 10 13 17 24] [1 2 3 5 7 9] [1 5] [1] [1 2 10] [1 2 3 5 7 8 10 11] [1 2 3 4 5 6 7 8 10 11 17] [1 2 4 5 7 9] [1 2 3 4 5 7 8 9 13] [1 2 3 4 5 6 7 8 13 52] [1 2 3 4 5 7 8 13 17 52 58] [1 2 4 5 6 7 8 11 13] [1 2 3 4 5 7 9 13] [1 2 3 4 5 6 7] [1 2 3 4 5 6 7 8 9] [1 2 4 5 7 8 10 13] [1 2 3 4 5 7 9] [1 2 3 4 5 7 8 9 10 13 17] [1 2 4 5 7 8 9 10 13 17 43] [1 2 3 4 5 8 13 52 58] [1 2 3 4 5 6 8 13] [1 2 4 5 6 8 11] [1 2 3 5 8 10 13 19 52] [1 2 3 4 5 7 8 13] [1 2 3 5 8 10 13] [1 2 3 5 7 8 10 19] [1 2 4 5 8] [1 2 4 5 7 13 52] [1 2 3 5 7 8 10 13] [1 2 3 4 5 10] [1 2 3 4 5 7 8 13 17] [1 2 3 13] [1 2 3 4 5 7 10 13 17] [1 2 3 4 5 8 10 13 19 52 58] [1 2 3 4 5 8 10 13 17] [1 2 3 4 5 6 8 11 13 52 58] [1 2 3 5 10 13] [1 5 27] [1 2 4 5 6 7 8 9 10 13] [1 2 3 4 5 7 17] [1 2 7 13] [1 2 4 5 6 8] [1 2 3 4 5 7 8 10 13 17 52] [1 2 3 4 5 13 52 58] [1 2 4 5 7 9 10] [1 2 3 4 5 7 10 17 43 58] [1 2 3 4 5 6] [1 13] [1 2 5 7 10 13 17 52] [1 2 3 4 5 7 8 10 13 17 19] [1 2 3 4 5 7 8 9 10 11] [1 2 3 4 5 7 8 17] [1 2 3 4 5 6 7 8 9 13 52 58] [] [] [] [] [] [] [] [] [] [] [] [] [] [] [] [] [] [] [] [] [] [] [] [] [] [] [] [] [] [] [] [] [] [] [] [] [] [] [] [] [] [] [] [] [] [] [] [] [] [] [] [] [] [] [] [] [] [] [] [] [] [] [] [] [] [] [] [] [] []
37 [] [1 2 3 4 5 7 10 13] [1 2 3 4 5 7] [1 2 3 4 5 7 13] [1 2 3 4 5] [1 2 3 4 5 7 10] [1 2 3 4 5 7 8 10 13] [1 2 3 4 5 10 13] [1 2 3 4 5 13 52] [1 2 3 5 7 10 13] [1 2 3 5 7 10 13 52] [1 2 3 4 5 7 8] [1 2 5 8 13] [1 2 4 5 13 52] [1 2 3 5 8 10 13 17 24] [1 2 3 4 5 7 8 13 52] [1 2 3 5 7 10] [1 2 4 5 13] [1 2 3 4 5 13] [1 2 4 5 7 13] [1 2 5 7 10 13 17] [1 2 4 5] [1 2 3 4 5 7 8 10] [1 2 3 4 5 8 13 17] [1 2 4 5 7] [1 2 3 4 5 8 10 13 19] [1 2 5 7 10] [1 2 3 4 5 7 8 10 13 52] [1 2 3 4 5 8 10 19] [1 2 3 4 5 7 8 10 19] [1 2 3 5] [1 2 3 5 10] [1 2 3 4 5 8 13 52] [1 2 3 5 8 13] [1 2 5 7] [1 2 3 4 5 8 10] [1 2 3 5 7 8] [1 2 4] [1 2 5 13] [1 2 3 5 7] [1 2 3 4 5 8 10 13] [1 2 3 4 5 7 8 10 13 17 24] [1 2 4 13] [1 2 13] [1 2 3 5 8 10] [1 2 3 4 5 7 13 17] [1 2 3 4] [1 2 3 4 5 7 13 52] [1 2 4 5 7 10] [1 2 3 5 13 52] [1 2 3 8 13] [1 2 4 5 7 10 13] [1 2 3 4 5 7 8 10 13 17 43] [1 2 3 4 5 7 13 52 58] [1 2 3 5 7 13] [1 2 3 5 7 8 13] [1 2 3 4 13 52] [1 2 3 4 5 8 13] [1 2 3 4 5 7 10 17] [1 2 13 52] [1 2 4 8 13] [1 2 3 5 13] [1 2 5] [1 2 5 7 13 52] [1 2 3 5 7 8 10] [1 2 3 4 5 8] [1 2 3 4 5 7 8 10 13 19] [1 2 3] [1 2 3 4 5 7 8 10 17] [1 2 3 5 8] [1 2 3 4 5 7 8 10 13 17] [1 2 3 4 5 10 13 52] [1 2 3 4 5 7 9 10 13 52] [1 2 3 4 5 6 7 8 10] [1 2] [1 2 3 4 5 7 8 9 10 13 52] [1 2 3 4 5 7 10 13 17 52] [1 2 5 10 13] [1 2 3 4 5 6 7 8 9 10 13 17 24] [1 2 3 5 7 9] [1 5] [1] [1 2 10] [1 2 3 5 7 8 10 11] [1 2 3 4 5 6 7 8 10 11 17] [1 2 4 5 7 9] [1 2 3 4 5 7 8 9 13] [1 2 3 4 5 6 7 8 13 52] [1 2 3 4 5 7 8 13 17 52 58] [1 2 4 5 6 7 8 11 13] [1 2 3 4 5 7 9 13] [1 2 3 4 5 6 7] [1 2 3 4 5 6 7 8 9] [1 2 4 5 7 8 10 13] [1 2 3 4 5 7 9] [1 2 3 4 5 7 8 9 10 13 17] [1 2 4 5 7 8 9 10 13 17 43] [1 2 3 4 5 8 13 52 58] [1 2 3 4 5 6 8 13] [1 2 4 5 6 8 11] [1 2 3 5 8 10 13 19 52] [1 2 3 4 5 7 8 13] [1 2 3 5 8 10 13] [1 2 3 5 7 8 10 19] [1 2 4 5 8] [1 2 4 5 7 13 52] [1 2 3 5 7 8 10 13] [1 2 3 4 5 10] [1 2 3 4 5 7 8 13 17] [1 2 3 13] [1 2 3 4 5 7 10 13 17] [1 2 3 4 5 8 10 13 19 52 58] [1 2 3 4 5 8 10 13 17] [1 2 3 4 5 6 8 11 13 52 58] [1 2 3 5 10 13] [1 5 27] [1 2 4 5 6 7 8 9 10 13] [1 2 3 4 5 7 17] [1 2 7 13] [1 2 4 5 6 8] [1 2 3 4 5 7 8 10 13 17 52] [1 2 3 4 5 13 52 58] [1 2 4 5 7 9 10] [1 2 3 4 5 7 10 17 43 58] [1 2 3 4 5 6] [1 13] [1 2 5 7 10 13 17 52] [1 2 3 4 5 7 8 10 13 17 19] [1 2 3 4 5 7 8 9 10 11] [1 2 3 4 5 7 8 17] [1 2 3 4 5 6 7 8 9 13 52 58] [] [] [] [] [] [] [] [] [] [] [] [] [] [] [] [] [] [] [] [] [] [] [] [] [] [] [] [] [] [] [] [] [] [] [] [] [] [] [] [] [] [] [] [] [] [] [] [] [] [] [] [] [] [] [] [] [] [] [] [] [] [] [] [] [] [] [] [] [] []
38 [] [1 2 3 4 5 7 13] [1 2 3 4 5] [1 2 3 4 5 7] [1 2 3 4 5 7 10] [1 2 3 4 5 7 8 10 13] [1 2 3 4 5 10 13] [1 2 3 4 5 13 52] [1 2 3 5 7 10 13] [1 2 3 5 7 10 13 52] [1 2 3 4 5 7 8] [1 2 5 8 13] [1 2 4 5 13 52] [1 2 3 5 8 10 13 17 24] [1 2 3 4 5 7 8 13 52] [1 2 3 5 7 10] [1 2 4 5 13] [1 2 3 4 5 13] [1 2 4 5 7 13] [1 2 5 7 10 13 17] [1 2 4 5] [1 2 3 4 5 7 8 10] [1 2 3 4 5 8 13 17] [1 2 4 5 7] [1 2 3 4 5 8 10 13 19] [1 2 5 7 10] [1 2 3 4 5 7 8 10 13 52] [1 2 3 4 5 8 10 19] [1 2 3 4 5 7 8 10 19] [1 2 3 5] [1 2 3 5 10] [1 2 3 4 5 8 13 52] [1 2 3 5 8 13] [1 2 5 7] [1 2 3 4 5 8 10] [1 2 3 5 7 8] [1 2 4] [1 2 5 13] [1 2 3 5 7] [1 2 3 4 5 8 10 13] [1 2 3 4 5 7 8 10 13 17 24] [1 2 4 13] [1 2 13] [1 2 3 5 8 10] [1 2 3 4 5 7 13 17] [1 2 3 4] [1 2 3 4 5 7 13 52] [1 2 4 5 7 10] [1 2 3 5 13 52] [1 2 3 8 13] [1 2 4 5 7 10 13] [1 2 3 4 5 7 8 10 13 17 43] [1 2 3 4 5 7 13 52 58] [1 2 3 5 7 13] [1 2 3 5 7 8 13] [1 2 3 4 5 7 10 13] [1 2 3 4 13 52] [1 2 3 4 5 8 13] [1 2 3 4 5 7 10 17] [1 2 13 52] [1 2 4 8 13] [1 2 3 5 13] [1 2 5] [1 2 5 7 13 52] [1 2 3 5 7 8 10] [1 2 3 4 5 8] [1 2 3 4 5 7 8 10 13 19] [1 2 3] [1 2 3 4 5 7 8 10 17] [1 2 3 5 8] [1 2 3 4 5 7 8 10 13 17] [1 2 3 4 5 10 13 52] [1 2 3 4 5 7 9 10 13 52] [1 2 3 4 5 6 7 8 10] [1 2] [1 2 3 4 5 7 8 9 10 13 52] [1 2 3 4 5 7 10 13 17 52] [1 2 5 10 13] [1 2 3 4 5 6 7 8 9 10 13 17 24] [1 2 3 5 7 9] [1 5] [1] [1 2 10] [1 2 3 5 7 8 10 11] [1 2 3 4 5 6 7 8 10 11 17] [1 2 4 5 7 9] [1 2 3 4 5 7 8 9 13] [1 2 3 4 5 6 7 8 13 52] [1 2 3 4 5 7 8 13 17 52 58] [1 2 4 5 6 7 8 11 13] [1 2 3 4 5 7 9 13] [1 2 3 4 5 6 7] [1 2 3 4 5 6 7 8 9] [1 2 4 5 7 8 10 13] [1 2 3 4 5 7 9] [1 2 3 4 5 7 8 9 10 13 17] [1 2 4 5 7 8 9 10 13 17 43] [1 2 3 4 5 8 13 52 58] [1 2 3 4 5 6 8 13] [1 2 4 5 6 8 11] [1 2 3 5 8 10 13 19 52] [1 2 3 4 5 7 8 13] [1 2 3 5 8 10 13] [1 2 3 5 7 8 10 19] [1 2 4 5 8] [1 2 4 5 7 13 52] [1 2 3 5 7 8 10 13] [1 2 3 4 5 10] [1 2 3 4 5 7 8 13 17] [1 2 3 13] [1 2 3 4 5 7 10 13 17] [1 2 3 4 5 8 10 13 19 52 58] [1 2 3 4 5 8 10 13 17] [1 2 3 4 5 6 8 11 13 52 58] [1 2 3 5 10 13] [1 5 27] [1 2 4 5 6 7 8 9 10 13] [1 2 3 4 5 7 17] [1 2 7 13] [1 2 4 5 6 8] [1 2 3 4 5 7 8 10 13 17 52] [1 2 3 4 5 13 52 58] [1 2 4 5 7 9 10] [1 2 3 4 5 7 10 17 43 58] [1 2 3 4 5 6] [1 13] [1 2 5 7 10 13 17 52] [1 2 3 4 5 7 8 10 13 17 19] [1 2 3 4 5 7 8 9 10 11] [1 2 3 4 5 7 8 17] [1 2 3 4 5 6 7 8 9 13 52 58] [] [] [] [] [] [] [] [] [] [] [] [] [] [] [] [] [] [] [] [] [] [] [] [] [] [] [] [] [] [] [] [] [] [] [] [] [] [] [] [] [] [] [] [] [] [] [] [] [] [] [] [] [] [] [] [] [] [] [] [] [] [] [] [] [] [] [] [] [] []
39 [] [1 2 3 4 5 7] [1 2 3 4 5 8] [1 2 3 4 5 7 10] [1 2 3 4 5] [1 2 3 4 5 7 8 10 13] [1 2 3 4 5 10 13] [1 2 3 4 5 13 52] [1 2 3 5 7 10 13] [1 2 3 5 7 10 13 52] [1 2 3 4 5 7 8] [1 2 5 8 13] [1 2 4 5 13 52] [1 2 3 5 8 10 13 17 24] [1 2 3 4 5 7 8 13 52] [1 2 3 5 7 10] [1 2 4 5 13] [1 2 3 4 5 13] [1 2 4 5 7 13] [1 2 5 7 10 13 17] [1 2 4 5] [1 2 3 4 5 7 8 10] [1 2 3 4 5 8 13 17] [1 2 4 5 7] [1 2 3 4 5 8 10 13 19] [1 2 5 7 10] [1 2 3 4 5 7 8 10 13 52] [1 2 3 4 5 8 10 19] [1 2 3 4 5 7 8 10 19] [1 2 3 5] [1 2 3 5 10] [1 2 3 4 5 8 13 52] [1 2 3 5 8 13] [1 2 5 7] [1 2 3 4 5 8 10] [1 2 3 5 7 8] [1 2 4] [1 2 5 13] [1 2 3 5 7] [1 2 3 4 5 8 10 13] [1 2 3 4 5 7 8 10 13 17 24] [1 2 4 13] [1 2 13] [1 2 3 5 8 10] [1 2 3 4 5 7 13 17] [1 2 3 4 5 7 13] [1 2 3 4] [1 2 3 4 5 7 13 52] [1 2 4 5 7 10] [1 2 3 5 13 52] [1 2 3 8 13] [1 2 4 5 7 10 13] [1 2 3 4 5 7 8 10 13 17 43] [1 2 3 4 5 7 13 52 58] [1 2 3 5 7 13] [1 2 3 5 7 8 13] [1 2 3 4 5 7 10 13] [1 2 3 4 13 52] [1 2 3 4 5 8 13] [1 2 3 4 5 7 10 17] [1 2 13 52] [1 2 4 8 13] [1 2 3 5 13] [1 2 5] [1 2 5 7 13 52] [1 2 3 5 7 8 10] [1 2 3 4 5 7 8 10 13 19] [1 2 3] [1 2 3 4 5 7 8 10 17] [1 2 3 5 8] [1 2 3 4 5 7 8 10 13 17] [1 2 3 4 5 10 13 52] [1 2 3 4 5 7 9 10 13 52] [1 2 3 4 5 6 7 8 10] [1 2] [1 2 3 4 5 7 8 9 10 13 52] [1 2 3 4 5 7 10 13 17 52] [1 2 5 10 13] [1 2 3 4 5 6 7 8 9 10 13 17 24] [1 2 3 5 7 9] [1 5] [1] [1 2 10] [1 2 3 5 7 8 10 11] [1 2 3 4 5 6 7 8 10 11 17] [1 2 4 5 7 9] [1 2 3 4 5 7 8 9 13] [1 2 3 4 5 6 7 8 13 52] [1 2 3 4 5 7 8 13 17 52 58] [1 2 4 5 6 7 8 11 13] [1 2 3 4 5 7 9 13] [1 2 3 4 5 6 7] [1 2 3 4 5 6 7 8 9] [1 2 4 5 7 8 10 13] [1 2 3 4 5 7 9] [1 2 3 4 5 7 8 9 10 13 17] [1 2 4 5 7 8 9 10 13 17 43] [1 2 3 4 5 8 13 52 58] [1 2 3 4 5 6 8 13] [1 2 4 5 6 8 11] [1 2 3 5 8 10 13 19 52] [1 2 3 4 5 7 8 13] [1 2 3 5 8 10 13] [1 2 3 5 7 8 10 19] [1 2 4 5 8] [1 2 4 5 7 13 52] [1 2 3 5 7 8 10 13] [1 2 3 4 5 10] [1 2 3 4 5 7 8 13 17] [1 2 3 13] [1 2 3 4 5 7 10 13 17] [1 2 3 4 5 8 10 13 19 52 58] [1 2 3 4 5 8 10 13 17] [1 2 3 4 5 6 8 11 13 52 58] [1 2 3 5 10 13] [1 5 27] [1 2 4 5 6 7 8 9 10 13] [1 2 3 4 5 7 17] [1 2 7 13] [1 2 4 5 6 8] [1 2 3 4 5 7 8 10 13 17 52] [1 2 3 4 5 13 52 58] [1 2 4 5 7 9 10] [1 2 3 4 5 7 10 17 43 58] [1 2 3 4 5 6] [1 13] [1 2 5 7 10 13 17 52] [1 2 3 4 5 7 8 10 13 17 19] [1 2 3 4 5 7 8 9 10 11] [1 2 3 4 5 7 8 17] [1 2 3 4 5 6 7 8 9 13 52 58] [] [] [] [] [] [] [] [] [] [] [] [] [] [] [] [] [] [] [] [] [] [] [] [] [] [] [] [] [] [] [] [] [] [] [] [] [] [] [] [] [] [] [] [] [] [] [] [] [] [] [] [] [] [] [] [] [] [] [] [] [] [] [] [] [] [] [] [] [] []
40 [] [1 2 3 4 5 7 10] [1 2 3 4 5] [1 2 3 4 5 7] [1 2 3 4 5 7 8 10 13] [1 2 3 4 5 10 13] [1 2 3 4 5 13 52] [1 2 3 5 7 10 13] [1 2 3 5 7 10 13 52] [1 2 3 4 5 7 8] [1 2 5 8 13] [1 2 4 5 13 52] [1 2 3 5 8 10 13 17 24] [1 2 3 4 5 7 8 13 52] [1 2 3 5 7 10] [1 2 4 5 13] [1 2 3 4 5 13] [1 2 4 5 7 13] [1 2 5 7 10 13 17] [1 2 4 5] [1 2 3 4 5 7 8 10] [1 2 3 4 5 8 13 17] [1 2 4 5 7] [1 2 3 4 5 8 10 13 19] [1 2 5 7 10] [1 2 3 4 5 7 8 10 13 52] [1 2 3 4 5 8 10 19] [1 2 3 4 5 7 8 10 19] [1 2 3 5] [1 2 3 5 10] [1 2 3 4 5 8 13 52] [1 2 3 5 8 13] [1 2 5 7] [1 2 3 4 5 8 10] [1 2 3 5 7 8] [1 2 4] [1 2 5 13] [1 2 3 5 7] [1 2 3 4 5 8 10 13] [1 2 3 4 5 7 8 10 13 17 24] [1 2 4 13] [1 2 13] [1 2 3 5 8 10] [1 2 3 4 5 7 13 17] [1 2 3 4 5 7 13] [1 2 3 4] [1 2 3 4 5 7 13 52] [1 2 4 5 7 10] [1 2 3 5 13 52] [1 2 3 8 13] [1 2 4 5 7 10 13] [1 2 3 4 5 7 8 10 13 17 43] [1 2 3 4 5 7 13 52 58] [1 2 3 5 7 13] [1 2 3 5 7 8 13] [1 2 3 4 5 7 10 13] [1 2 3 4 13 52] [1 2 3 4 5 8 13] [1 2 3 4 5 7 10 17] [1 2 13 52] [1 2 4 8 13] [1 2 3 5 13] [1 2 5] [1 2 5 7 13 52] [1 2 3 5 7 8 10] [1 2 3 4 5 8] [1 2 3 4 5 7 8 10 13 19] [1 2 3] [1 2 3 4 5 7 8 10 17] [1 2 3 5 8] [1 2 3 4 5 7 8 10 13 17] [1 2 3 4 5 10 13 52] [1 2 3 4 5 7 9 10 13 52] [1 2 3 4 5 6 7 8 10] [1 2] [1 2 3 4 5 7 8 9 10 13 52] [1 2 3 4 5 7 10 13 17 52] [1 2 5 10 13] [1 2 3 4 5 6 7 8 9 10 13 17 24] [1 2 3 5 7 9] [1 5] [1] [1 2 10] [1 2 3 5 7 8 10 11] [1 2 3 4 5 6 7 8 10 11 17] [1 2 4 5 7 9] [1 2 3 4 5 7 8 9 13] [1 2 3 4 5 6 7 8 13 52] [1 2 3 4 5 7 8 13 17 52 58] [1 2 4 5 6 7 8 11 13] [1 2 3 4 5 7 9 13] [1 2 3 4 5 6 7] [1 2 3 4 5 6 7 8 9] [1 2 4 5 7 8 10 13] [1 2 3 4 5 7 9] [1 2 3 4 5 7 8 9 10 13 17] [1 2 4 5 7 8 9 10 13 17 43] [1 2 3 4 5 8 13 52 58] [1 2 3 4 5 6 8 13] [1 2 4 5 6 8 11] [1 2 3 5 8 10 13 19 52] [1 2 3 4 5 7 8 13] [1 2 3 5 8 10 13] [1 2 3 5 7 8 10 19] [1 2 4 5 8] [1 2 4 5 7 13 52] [1 2 3 5 7 8 10 13] [1 2 3 4 5 10] [1 2 3 4 5 7 8 13 17] [1 2 3 13] [1 2 3 4 5 7 10 13 17] [1 2 3 4 5 8 10 13 19 52 58] [1 2 3 4 5 8 10 13 17] [1 2 3 4 5 6 8 11 13 52 58] [1 2 3 5 10 13] [1 5 27] [1 2 4 5 6 7 8 9 10 13] [1 2 3 4 5 7 17] [1 2 7 13] [1 2 4 5 6 8] [1 2 3 4 5 7 8 10 13 17 52] [1 2 3 4 5 13 52 58] [1 2 4 5 7 9 10] [1 2 3 4 5 7 10 17 43 58] [1 2 3 4 5 6] [1 13] [1 2 5 7 10 13 17 52] [1 2 3 4 5 7 8 10 13 17 19] [1 2 3 4 5 7 8 9 10 11] [1 2 3 4 5 7 8 17] [1 2 3 4 5 6 7 8 9 13 52 58] [] [] [] [] [] [] [] [] [] [] [] [] [] [] [] [] [] [] [] [] [] [] [] [] [] [] [] [] [] [] [] [] [] [] [] [] [] [] [] [] [] [] [] [] [] [] [] [] [] [] [] [] [] [] [] [] [] [] [] [] [] [] [] [] [] [] [] [] [] []
41 [] [1 2 3 4 5 7] [1 2 3 4 5 7 10] [1 2 3 4 5 7 8 10 13] [1 2 3 4 5 10 13] [1 2 3 4 5 13 52] [1 2 3 5 7 10 13] [1 2 3 5 7 10 13 52] [1 2 3 4 5 7 8] [1 2 5 8 13] [1 2 4 5 13 52] [1 2 3 5 8 10 13 17 24] [1 2 3 4 5 7 8 13 52] [1 2 3 5 7 10] [1 2 4 5 13] [1 2 3 4 5 13] [1 2 4 5 7 13] [1 2 3 4 5] [1 2 5 7 10 13 17] [1 2 4 5] [1 2 3 4 5 7 8 10] [1 2 3 4 5 8 13 17] [1 2 4 5 7] [1 2 3 4 5 8 10 13 19] [1 2 5 7 10] [1 2 3 4 5 7 8 10 13 52] [1 2 3 4 5 8 10 19] [1 2 3 4 5 7 8 10 19] [1 2 3 5] [1 2 3 5 10] [1 2 3 4 5 8 13 52] [1 2 3 5 8 13] [1 2 5 7] [1 2 3 4 5 8 10] [1 2 3 5 7 8] [1 2 4] [1 2 5 13] [1 2 3 5 7] [1 2 3 4 5 8 10 13] [1 2 3 4 5 7 8 10 13 17 24] [1 2 4 13] [1 2 13] [1 2 3 5 8 10] [1 2 3 4 5 7 13 17] [1 2 3 4 5 7 13] [1 2 3 4] [1 2 3 4 5 7 13 52] [1 2 4 5 7 10] [1 2 3 5 13 52] [1 2 3 8 13] [1 2 4 5 7 10 13] [1 2 3 4 5 7 8 10 13 17 43] [1 2 3 4 5 7 13 52 58] [1 2 3 5 7 13] [1 2 3 5 7 8 13] [1 2 3 4 5 7 10 13] [1 2 3 4 13 52] [1 2 3 4 5 8 13] [1 2 3 4 5 7 10 17] [1 2 13 52] [1 2 4 8 13] [1 2 3 5 13] [1 2 5] [1 2 5 7 13 52] [1 2 3 5 7 8 10] [1 2 3 4 5 8] [1 2 3 4 5 7 8 10 13 19] [1 2 3] [1 2 3 4 5 7 8 10 17] [1 2 3 5 8] [1 2 3 4 5 7 8 10 13 17] [1 2 3 4 5 10 13 52] [1 2 3 4 5 7 9 10 13 52] [1 2 3 4 5 6 7 8 10] [1 2] [1 2 3 4 5 7 8 9 10 13 52] [1 2 3 4 5 7 10 13 17 52] [1 2 5 10 13] [1 2 3 4 5 6 7 8 9 10 13 17 24] [1 2 3 5 7 9] [1 5] [1] [1 2 10] [1 2 3 5 7 8 10 11] [1 2 3 4 5 6 7 8 10 11 17] [1 2 4 5 7 9] [1 2 3 4 5 7 8 9 13] [1 2 3 4 5 6 7 8 13 52] [1 2 3 4 5 7 8 13 17 52 58] [1 2 4 5 6 7 8 11 13] [1 2 3 4 5 7 9 13] [1 2 3 4 5 6 7] [1 2 3 4 5 6 7 8 9] [1 2 4 5 7 8 10 13] [1 2 3 4 5 7 9] [1 2 3 4 5 7 8 9 10 13 17] [1 2 4 5 7 8 9 10 13 17 43] [1 2 3 4 5 8 13 52 58] [1 2 3 4 5 6 8 13] [1 2 4 5 6 8 11] [1 2 3 5 8 10 13 19 52] [1 2 3 4 5 7 8 13] [1 2 3 5 8 10 13] [1 2 3 5 7 8 10 19] [1 2 4 5 8] [1 2 4 5 7 13 52] [1 2 3 5 7 8 10 13] [1 2 3 4 5 10] [1 2 3 4 5 7 8 13 17] [1 2 3 13] [1 2 3 4 5 7 10 13 17] [1 2 3 4 5 8 10 13 19 52 58] [1 2 3 4 5 8 10 13 17] [1 2 3 4 5 6 8 11 13 52 58] [1 2 3 5 10 13] [1 5 27] [1 2 4 5 6 7 8 9 10 13] [1 2 3 4 5 7 17] [1 2 7 13] [1 2 4 5 6 8] [1 2 3 4 5 7 8 10 13 17 52] [1 2 3 4 5 13 52 58] [1 2 4 5 7 9 10] [1 2 3 4 5 7 10 17 43 58] [1 2 3 4 5 6] [1 13] [1 2 5 7 10 13 17 52] [1 2 3 4 5 7 8 10 13 17 19] [1 2 3 4 5 7 8 9 10 11] [1 2 3 4 5 7 8 17] [1 2 3 4 5 6 7 8 9 13 52 58] [] [] [] [] [] [] [] [] [] [] [] [] [] [] [] [] [] [] [] [] [] [] [] [] [] [] [] [] [] [] [] [] [] [] [] [] [] [] [] [] [] [] [] [] [] [] [] [] [] [] [] [] [] [] [] [] [] [] [] [] [] [] [] [] [] [] [] [] [] []
42 [] [1 2 3 4 5 7 8 10 13] [1 2 3 4 5 7 10] [1 2 3 4 5 13] [1 2 3 4 5 10 13] [1 2 3 4 5 13 52] [1 2 3 5 7 10 13] [1 2 3 5 7 10 13 52] [1 2 3 4 5 7] [1 2 3 4 5 7 8] [1 2 5 8 13] [1 2 4 5 13 52] [1 2 3 5 8 10 13 17 24] [1 2 3 4 5 7 8 13 52] [1 2 3 5 7 10] [1 2 4 5 13] [1 2 4 5 7 13] [1 2 3 4 5] [1 2 5 7 10 13 17] [1 2 4 5] [1 2 3 4 5 7 8 10] [1 2 3 4 5 8 13 17] [1 2 4 5 7] [1 2 3 4 5 8 10 13 19] [1 2 5 7 10] [1 2 3 4 5 7 8 10 13 52] [1 2 3 4 5 8 10 19] [1 2 3 4 5 7 8 10 19] [1 2 3 5] [1 2 3 5 10] [1 2 3 4 5 8 13 52] [1 2 3 5 8 13] [1 2 5 7] [1 2 3 4 5 8 10] [1 2 3 5 7 8] [1 2 4] [1 2 5 13] [1 2 3 5 7] [1 2 3 4 5 8 10 13] [1 2 3 4 5 7 8 10 13 17 24] [1 2 4 13] [1 2 13] [1 2 3 5 8 10] [1 2 3 4 5 7 13 17] [1 2 3 4 5 7 13] [1 2 3 4] [1 2 3 4 5 7 13 52] [1 2 4 5 7 10] [1 2 3 5 13 52] [1 2 3 8 13] [1 2 4 5 7 10 13] [1 2 3 4 5 7 8 10 13 17 43] [1 2 3 4 5 7 13 52 58] [1 2 3 5 7 13] [1 2 3 5 7 8 13] [1 2 3 4 5 7 10 13] [1 2 3 4 13 52] [1 2 3 4 5 8 13] [1 2 3 4 5 7 10 17] [1 2 13 52] [1 2 4 8 13] [1 2 3 5 13] [1 2 5] [1 2 5 7 13 52] [1 2 3 5 7 8 10] [1 2 3 4 5 8] [1 2 3 4 5 7 8 10 13 19] [1 2 3] [1 2 3 4 5 7 8 10 17] [1 2 3 5 8] [1 2 3 4 5 7 8 10 13 17] [1 2 3 4 5 10 13 52] [1 2 3 4 5 7 9 10 13 52] [1 2 3 4 5 6 7 8 10] [1 2] [1 2 3 4 5 7 8 9 10 13 52] [1 2 3 4 5 7 10 13 17 52] [1 2 5 10 13] [1 2 3 4 5 6 7 8 9 10 13 17 24] [1 2 3 5 7 9] [1 5] [1] [1 2 10] [1 2 3 5 7 8 10 11] [1 2 3 4 5 6 7 8 10 11 17] [1 2 4 5 7 9] [1 2 3 4 5 7 8 9 13] [1 2 3 4 5 6 7 8 13 52] [1 2 3 4 5 7 8 13 17 52 58] [1 2 4 5 6 7 8 11 13] [1 2 3 4 5 7 9 13] [1 2 3 4 5 6 7] [1 2 3 4 5 6 7 8 9] [1 2 4 5 7 8 10 13] [1 2 3 4 5 7 9] [1 2 3 4 5 7 8 9 10 13 17] [1 2 4 5 7 8 9 10 13 17 43] [1 2 3 4 5 8 13 52 58] [1 2 3 4 5 6 8 13] [1 2 4 5 6 8 11] [1 2 3 5 8 10 13 19 52] [1 2 3 4 5 7 8 13] [1 2 3 5 8 10 13] [1 2 3 5 7 8 10 19] [1 2 4 5 8] [1 2 4 5 7 13 52] [1 2 3 5 7 8 10 13] [1 2 3 4 5 10] [1 2 3 4 5 7 8 13 17] [1 2 3 13] [1 2 3 4 5 7 10 13 17] [1 2 3 4 5 8 10 13 19 52 58] [1 2 3 4 5 8 10 13 17] [1 2 3 4 5 6 8 11 13 52 58] [1 2 3 5 10 13] [1 5 27] [1 2 4 5 6 7 8 9 10 13] [1 2 3 4 5 7 17] [1 2 7 13] [1 2 4 5 6 8] [1 2 3 4 5 7 8 10 13 17 52] [1 2 3 4 5 13 52 58] [1 2 4 5 7 9 10] [1 2 3 4 5 7 10 17 43 58] [1 2 3 4 5 6] [1 13] [1 2 5 7 10 13 17 52] [1 2 3 4 5 7 8 10 13 17 19] [1 2 3 4 5 7 8 9 10 11] [1 2 3 4 5 7 8 17] [1 2 3 4 5 6 7 8 9 13 52 58] [] [] [] [] [] [] [] [] [] [] [] [] [] [] [] [] [] [] [] [] [] [] [] [] [] [] [] [] [] [] [] [] [] [] [] [] [] [] [] [] [] [] [] [] [] [] [] [] [] [] [] [] [] [] [] [] [] [] [] [] [] [] [] [] [] [] [] [] [] []
43 [] [1 2 3 4 5 13] [1 2 3 4 5 10 13] [1 2 3 4 5 7 8 10] [1 2 3 4 5 7 10] [1 2 3 4 5 13 52] [1 2 3 5 7 10 13] [1 2 3 5 7 10 13 52] [1 2 3 4 5 7] [1 2 3 4 5 7 8] [1 2 5 8 13] [1 2 4 5 13 52] [1 2 3 5 8 10 13 17 24] [1 2 3 4 5 7 8 13 52] [1 2 3 5 7 10] [1 2 4 5 13] [1 2 4 5 7 13] [1 2 3 4 5] [1 2 5 7 10 13 17] [1 2 4 5] [1 2 3 4 5 8 13 17] [1 2 4 5 7] [1 2 3 4 5 8 10 13 19] [1 2 5 7 10] [1 2 3 4 5 7 8 10 13 52] [1 2 3 4 5 8 10 19] [1 2 3 4 5 7 8 10 19] [1 2 3 5] [1 2 3 5 10] [1 2 3 4 5 8 13 52] [1 2 3 5 8 13] [1 2 5 7] [1 2 3 4 5 8 10] [1 2 3 5 7 8] [1 2 4] [1 2 5 13] [1 2 3 5 7] [1 2 3 4 5 8 10 13] [1 2 3 4 5 7 8 10 13 17 24] [1 2 4 13] [1 2 13] [1 2 3 5 8 10] [1 2 3 4 5 7 13 17] [1 2 3 4 5 7 13] [1 2 3 4] [1 2 3 4 5 7 13 52] [1 2 4 5 7 10] [1 2 3 5 13 52] [1 2 3 8 13] [1 2 4 5 7 10 13] [1 2 3 4 5 7 8 10 13 17 43] [1 2 3 4 5 7 13 52 58] [1 2 3 5 7 13] [1 2 3 5 7 8 13] [1 2 3 4 5 7 10 13] [1 2 3 4 5 7 8 10 13] [1 2 3 4 13 52] [1 2 3 4 5 8 13] [1 2 3 4 5 7 10 17] [1 2 13 52] [1 2 4 8 13] [1 2 3 5 13] [1 2 5] [1 2 5 7 13 52] [1 2 3 5 7 8 10] [1 2 3 4 5 8] [1 2 3 4 5 7 8 10 13 19] [1 2 3] [1 2 3 4 5 7 8 10 17] [1 2 3 5 8] [1 2 3 4 5 7 8 10 13 17] [1 2 3 4 5 10 13 52] [1 2 3 4 5 7 9 10 13 52] [1 2 3 4 5 6 7 8 10] [1 2] [1 2 3 4 5 7 8 9 10 13 52] [1 2 3 4 5 7 10 13 17 52] [1 2 5 10 13] [1 2 3 4 5 6 7 8 9 10 13 17 24] [1 2 3 5 7 9] [1 5] [1] [1 2 10] [1 2 3 5 7 8 10 11] [1 2 3 4 5 6 7 8 10 11 17] [1 2 4 5 7 9] [1 2 3 4 5 7 8 9 13] [1 2 3 4 5 6 7 8 13 52] [1 2 3 4 5 7 8 13 17 52 58] [1 2 4 5 6 7 8 11 13] [1 2 3 4 5 7 9 13] [1 2 3 4 5 6 7] [1 2 3 4 5 6 7 8 9] [1 2 4 5 7 8 10 13] [1 2 3 4 5 7 9] [1 2 3 4 5 7 8 9 10 13 17] [1 2 4 5 7 8 9 10 13 17 43] [1 2 3 4 5 8 13 52 58] [1 2 3 4 5 6 8 13] [1 2 4 5 6 8 11] [1 2 3 5 8 10 13 19 52] [1 2 3 4 5 7 8 13] [1 2 3 5 8 10 13] [1 2 3 5 7 8 10 19] [1 2 4 5 8] [1 2 4 5 7 13 52] [1 2 3 5 7 8 10 13] [1 2 3 4 5 10] [1 2 3 4 5 7 8 13 17] [1 2 3 13] [1 2 3 4 5 7 10 13 17] [1 2 3 4 5 8 10 13 19 52 58] [1 2 3 4 5 8 10 13 17] [1 2 3 4 5 6 8 11 13 52 58] [1 2 3 5 10 13] [1 5 27] [1 2 4 5 6 7 8 9 10 13] [1 2 3 4 5 7 17] [1 2 7 13] [1 2 4 5 6 8] [1 2 3 4 5 7 8 10 13 17 52] [1 2 3 4 5 13 52 58] [1 2 4 5 7 9 10] [1 2 3 4 5 7 10 17 43 58] [1 2 3 4 5 6] [1 13] [1 2 5 7 10 13 17 52] [1 2 3 4 5 7 8 10 13 17 19] [1 2 3 4 5 7 8 9 10 11] [1 2 3 4 5 7 8 17] [1 2 3 4 5 6 7 8 9 13 52 58] [] [] [] [] [] [] [] [] [] [] [] [] [] [] [] [] [] [] [] [] [] [] [] [] [] [] [] [] [] [] [] [] [] [] [] [] [] [] [] [] [] [] [] [] [] [] [] [] [] [] [] [] [] [] [] [] [] [] [] [] [] [] [] [] [] [] [] [] [] []
44 [] [1 2 3 4 5 7 8 10] [1 2 3 4 5 8 10] [1 2 3 5] [1 2 3 4 5 7 10] [1 2 3 4 5 13 52] [1 2 3 5 7 10 13] [1 2 3 5 7 10 13 52] [1 2 3 4 5 7] [1 2 3 4 5 7 8] [1 2 5 8 13] [1 2 4 5 13 52] [1 2 3 5 8 10 13 17 24] [1 2 3 4 5 7 8 13 52] [1 2 3 5 7 10] [1 2 4 5 13] [1 2 3 4 5 13] [1 2 4 5 7 13] [1 2 3 4 5] [1 2 5 7 10 13 17] [1 2 4 5] [1 2 3 4 5 8 13 17] [1 2 4 5 7] [1 2 3 4 5 8 10 13 19] [1 2 5 7 10] [1 2 3 4 5 7 8 10 13 52] [1 2 3 4 5 8 10 19] [1 2 3 4 5 7 8 10 19] [1 2 3 5 10] [1 2 3 4 5 8 13 52] [1 2 3 5 8 13] [1 2 5 7] [1 2 3 5 7 8] [1 2 4] [1 2 5 13] [1 2 3 5 7] [1 2 3 4 5 8 10 13] [1 2 3 4 5 7 8 10 13 17 24] [1 2 4 13] [1 2 13] [1 2 3 5 8 10] [1 2 3 4 5 7 13 17] [1 2 3 4 5 7 13] [1 2 3 4] [1 2 3 4 5 7 13 52] [1 2 4 5 7 10] [1 2 3 5 13 52] [1 2 3 8 13] [1 2 4 5 7 10 13] [1 2 3 4 5 7 8 10 13 17 43] [1 2 3 4 5 7 13 52 58] [1 2 3 5 7 13] [1 2 3 5 7 8 13] [1 2 3 4 5 7 10 13] [1 2 3 4 5 7 8 10 13] [1 2 3 4 13 52] [1 2 3 4 5 8 13] [1 2 3 4 5 7 10 17] [1 2 13 52] [1 2 4 8 13] [1 2 3 5 13] [1 2 5] [1 2 5 7 13 52] [1 2 3 5 7 8 10] [1 2 3 4 5 8] [1 2 3 4 5 7 8 10 13 19] [1 2 3] [1 2 3 4 5 7 8 10 17] [1 2 3 5 8] [1 2 3 4 5 7 8 10 13 17] [1 2 3 4 5 10 13 52] [1 2 3 4 5 7 9 10 13 52] [1 2 3 4 5 6 7 8 10] [1 2] [1 2 3 4 5 7 8 9 10 13 52] [1 2 3 4 5 7 10 13 17 52] [1 2 5 10 13] [1 2 3 4 5 6 7 8 9 10 13 17 24] [1 2 3 5 7 9] [1 5] [1] [1 2 10] [1 2 3 5 7 8 10 11] [1 2 3 4 5 6 7 8 10 11 17] [1 2 4 5 7 9] [1 2 3 4 5 7 8 9 13] [1 2 3 4 5 6 7 8 13 52] [1 2 3 4 5 7 8 13 17 52 58] [1 2 4 5 6 7 8 11 13] [1 2 3 4 5 7 9 13] [1 2 3 4 5 6 7] [1 2 3 4 5 6 7 8 9] [1 2 4 5 7 8 10 13] [1 2 3 4 5 7 9] [1 2 3 4 5 7 8 9 10 13 17] [1 2 4 5 7 8 9 10 13 17 43] [1 2 3 4 5 10 13] [1 2 3 4 5 8 13 52 58] [1 2 3 4 5 6 8 13] [1 2 4 5 6 8 11] [1 2 3 5 8 10 13 19 52] [1 2 3 4 5 7 8 13] [1 2 3 5 8 10 13] [1 2 3 5 7 8 10 19] [1 2 4 5 8] [1 2 4 5 7 13 52] [1 2 3 5 7 8 10 13] [1 2 3 4 5 10] [1 2 3 4 5 7 8 13 17] [1 2 3 13] [1 2 3 4 5 7 10 13 17] [1 2 3 4 5 8 10 13 19 52 58] [1 2 3 4 5 8 10 13 17] [1 2 3 4 5 6 8 11 13 52 58] [1 2 3 5 10 13] [1 5 27] [1 2 4 5 6 7 8 9 10 13] [1 2 3 4 5 7 17] [1 2 7 13] [1 2 4 5 6 8] [1 2 3 4 5 7 8 10 13 17 52] [1 2 3 4 5 13 52 58] [1 2 4 5 7 9 10] [1 2 3 4 5 7 10 17 43 58] [1 2 3 4 5 6] [1 13] [1 2 5 7 10 13 17 52] [1 2 3 4 5 7 8 10 13 17 19] [1 2 3 4 5 7 8 9 10 11] [1 2 3 4 5 7 8 17] [1 2 3 4 5 6 7 8 9 13 52 58] [] [] [] [] [] [] [] [] [] [] [] [] [] [] [] [] [] [] [] [] [] [] [] [] [] [] [] [] [] [] [] [] [] [] [] [] [] [] [] [] [] [] [] [] [] [] [] [] [] [] [] [] [] [] [] [] [] [] [] [] [] [] [] [] [] [] [] [] [] []
45 [] [1 2 3 5] [1 2 3 4] [1 2 3 4 5 7 10] [1 2 3 4 5 13 52] [1 2 3 5 7 10 13] [1 2 3 5 7 10 13 52] [1 2 3 4 5 7] [1 2 3 4 5 7 8] [1 2 5 8 13] [1 2 4 5 13 52] [1 2 3 5 8 10 13 17 24] [1 2 3 4 5 7 8 13 52] [1 2 3 5 7 10] [1 2 4 5 13] [1 2 3 4 5 13] [1 2 4 5 7 13] [1 2 3 4 5] [1 2 5 7 10 13 17] [1 2 4 5] [1 2 3 4 5 7 8 10] [1 2 3 4 5 8 13 17] [1 2 4 5 7] [1 2 3 4 5 8 10 13 19] [1 2 5 7 10] [1 2 3 4 5 7 8 10 13 52] [1 2 3 4 5 8 10 19] [1 2 3 4 5 7 8 10 19] [1 2 3 5 10] [1 2 3 4 5 8 13 52] [1 2 3 5 8 13] [1 2 5 7] [1 2 3 4 5 8 10] [1 2 3 5 7 8] [1 2 4] [1 2 5 13] [1 2 3 5 7] [1 2 3 4 5 8 10 13] [1 2 3 4 5 7 8 10 13 17 24] [1 2 4 13] [1 2 13] [1 2 3 5 8 10] [1 2 3 4 5 7 13 17] [1 2 3 4 5 7 13] [1 2 3 4 5 7 13 52] [1 2 4 5 7 10] [1 2 3 5 13 52] [1 2 3 8 13] [1 2 4 5 7 10 13] [1 2 3 4 5 7 8 10 13 17 43] [1 2 3 4 5 7 13 52 58] [1 2 3 5 7 13] [1 2 3 5 7 8 13] [1 2 3 4 5 7 10 13] [1 2 3 4 5 7 8 10 13] [1 2 3 4 13 52] [1 2 3 4 5 8 13] [1 2 3 4 5 7 10 17] [1 2 13 52] [1 2 4 8 13] [1 2 3 5 13] [1 2 5] [1 2 5 7 13 52] [1 2 3 5 7 8 10] [1 2 3 4 5 8] [1 2 3 4 5 7 8 10 13 19] [1 2 3] [1 2 3 4 5 7 8 10 17] [1 2 3 5 8] [1 2 3 4 5 7 8 10 13 17] [1 2 3 4 5 10 13 52] [1 2 3 4 5 7 9 10 13 52] [1 2 3 4 5 6 7 8 10] [1 2] [1 2 3 4 5 7 8 9 10 13 52] [1 2 3 4 5 7 10 13 17 52] [1 2 5 10 13] [1 2 3 4 5 6 7 8 9 10 13 17 24] [1 2 3 5 7 9] [1 5] [1] [1 2 10] [1 2 3 5 7 8 10 11] [1 2 3 4 5 6 7 8 10 11 17] [1 2 4 5 7 9] [1 2 3 4 5 7 8 9 13] [1 2 3 4 5 6 7 8 13 52] [1 2 3 4 5 7 8 13 17 52 58] [1 2 4 5 6 7 8 11 13] [1 2 3 4 5 7 9 13] [1 2 3 4 5 6 7] [1 2 3 4 5 6 7 8 9] [1 2 4 5 7 8 10 13] [1 2 3 4 5 7 9] [1 2 3 4 5 7 8 9 10 13 17] [1 2 4 5 7 8 9 10 13 17 43] [1 2 3 4 5 10 13] [1 2 3 4 5 8 13 52 58] [1 2 3 4 5 6 8 13] [1 2 4 5 6 8 11] [1 2 3 5 8 10 13 19 52] [1 2 3 4 5 7 8 13] [1 2 3 5 8 10 13] [1 2 3 5 7 8 10 19] [1 2 4 5 8] [1 2 4 5 7 13 52] [1 2 3 5 7 8 10 13] [1 2 3 4 5 10] [1 2 3 4 5 7 8 13 17] [1 2 3 13] [1 2 3 4 5 7 10 13 17] [1 2 3 4 5 8 10 13 19 52 58] [1 2 3 4 5 8 10 13 17] [1 2 3 4 5 6 8 11 13 52 58] [1 2 3 5 10 13] [1 5 27] [1 2 4 5 6 7 8 9 10 13] [1 2 3 4 5 7 17] [1 2 7 13] [1 2 4 5 6 8] [1 2 3 4 5 7 8 10 13 17 52] [1 2 3 4 5 13 52 58] [1 2 4 5 7 9 10] [1 2 3 4 5 7 10 17 43 58] [1 2 3 4 5 6] [1 13] [1 2 5 7 10 13 17 52] [1 2 3 4 5 7 8 10 13 17 19] [1 2 3 4 5 7 8 9 10 11] [1 2 3 4 5 7 8 17] [1 2 3 4 5 6 7 8 9 13 52 58] [] [] [] [] [] [] [] [] [] [] [] [] [] [] [] [] [] [] [] [] [] [] [] [] [] [] [] [] [] [] [] [] [] [] [] [] [] [] [] [] [] [] [] [] [] [] [] [] [] [] [] [] [] [] [] [] [] [] [] [] [] [] [] [] [] [] [] [] [] []
46 [] [1 2 3 4 5 7 10] [1 2 3 4 5 13 52] [1 2 4 5 13 52] [1 2 3 5 7 10 13] [1 2 3 5 7 10 13 52] [1 2 3 4 5 7] [1 2 3 4 5 7 8] [1 2 5 8 13] [1 2 3 5 8 10 13 17 24] [1 2 3 4 5 7 8 13 52] [1 2 3 5 7 10] [1 2 4 5 13] [1 2 3 4 5 13] [1 2 4 5 7 13] [1 2 3 4 5] [1 2 5 7 10 13 17] [1 2 4 5] [1 2 3 4 5 7 8 10] [1 2 3 4 5 8 13 17] [1 2 4 5 7] [1 2 3 4 5 8 10 13 19] [1 2 5 7 10] [1 2 3 4 5 7 8 10 13 52] [1 2 3 4 5 8 10 19] [1 2 3 4 5 7 8 10 19] [1 2 3 5] [1 2 3 5 10] [1 2 3 4 5 8 13 52] [1 2 3 5 8 13] [1 2 5 7] [1 2 3 4 5 8 10] [1 2 3 5 7 8] [1 2 4] [1 2 5 13] [1 2 3 5 7] [1 2 3 4 5 8 10 13] [1 2 3 4 5 7 8 10 13 17 24] [1 2 4 13] [1 2 13] [1 2 3 5 8 10] [1 2 3 4 5 7 13 17] [1 2 3 4 5 7 13] [1 2 3 4] [1 2 3 4 5 7 13 52] [1 2 4 5 7 10] [1 2 3 5 13 52] [1 2 3 8 13] [1 2 4 5 7 10 13] [1 2 3 4 5 7 8 10 13 17 43] [1 2 3 4 5 7 13 52 58] [1 2 3 5 7 13] [1 2 3 5 7 8 13] [1 2 3 4 5 7 10 13] [1 2 3 4 5 7 8 10 13] [1 2 3 4 13 52] [1 2 3 4 5 8 13] [1 2 3 4 5 7 10 17] [1 2 13 52] [1 2 4 8 13] [1 2 3 5 13] [1 2 5] [1 2 5 7 13 52] [1 2 3 5 7 8 10] [1 2 3 4 5 8] [1 2 3 4 5 7 8 10 13 19] [1 2 3] [1 2 3 4 5 7 8 10 17] [1 2 3 5 8] [1 2 3 4 5 7 8 10 13 17] [1 2 3 4 5 10 13 52] [1 2 3 4 5 7 9 10 13 52] [1 2 3 4 5 6 7 8 10] [1 2] [1 2 3 4 5 7 8 9 10 13 52] [1 2 3 4 5 7 10 13 17 52] [1 2 5 10 13] [1 2 3 4 5 6 7 8 9 10 13 17 24] [1 2 3 5 7 9] [1 5] [1] [1 2 10] [1 2 3 5 7 8 10 11] [1 2 3 4 5 6 7 8 10 11 17] [1 2 4 5 7 9] [1 2 3 4 5 7 8 9 13] [1 2 3 4 5 6 7 8 13 52] [1 2 3 4 5 7 8 13 17 52 58] [1 2 4 5 6 7 8 11 13] [1 2 3 4 5 7 9 13] [1 2 3 4 5 6 7] [1 2 3 4 5 6 7 8 9] [1 2 4 5 7 8 10 13] [1 2 3 4 5 7 9] [1 2 3 4 5 7 8 9 10 13 17] [1 2 4 5 7 8 9 10 13 17 43] [1 2 3 4 5 10 13] [1 2 3 4 5 8 13 52 58] [1 2 3 4 5 6 8 13] [1 2 4 5 6 8 11] [1 2 3 5 8 10 13 19 52] [1 2 3 4 5 7 8 13] [1 2 3 5 8 10 13] [1 2 3 5 7 8 10 19] [1 2 4 5 8] [1 2 4 5 7 13 52] [1 2 3 5 7 8 10 13] [1 2 3 4 5 10] [1 2 3 4 5 7 8 13 17] [1 2 3 13] [1 2 3 4 5 7 10 13 17] [1 2 3 4 5 8 10 13 19 52 58] [1 2 3 4 5 8 10 13 17] [1 2 3 4 5 6 8 11 13 52 58] [1 2 3 5 10 13] [1 5 27] [1 2 4 5 6 7 8 9 10 13] [1 2 3 4 5 7 17] [1 2 7 13] [1 2 4 5 6 8] [1 2 3 4 5 7 8 10 13 17 52] [1 2 3 4 5 13 52 58] [1 2 4 5 7 9 10] [1 2 3 4 5 7 10 17 43 58] [1 2 3 4 5 6] [1 13] [1 2 5 7 10 13 17 52] [1 2 3 4 5 7 8 10 13 17 19] [1 2 3 4 5 7 8 9 10 11] [1 2 3 4 5 7 8 17] [1 2 3 4 5 6 7 8 9 13 52 58] [] [] [] [] [] [] [] [] [] [] [] [] [] [] [] [] [] [] [] [] [] [] [] [] [] [] [] [] [] [] [] [] [] [] [] [] [] [] [] [] [] [] [] [] [] [] [] [] [] [] [] [] [] [] [] [] [] [] [] [] [] [] [] [] [] [] [] [] [] []
47 [] [1 2 4 5 13 52] [1 2 3 5 7 10 13] [1 2 3 5 7 10 13 52] [1 2 3 4 5 7] [1 2 3 4 5 7 8] [1 2 5 8 13] [1 2 3 5 8 10 13 17 24] [1 2 3 4 5 7 8 13 52] [1 2 3 5 7 10] [1 2 4 5 13] [1 2 3 4 5 13] [1 2 4 5 7 13] [1 2 3 4 5] [1 2 5 7 10 13 17] [1 2 4 5] [1 2 3 4 5 7 8 10] [1 2 3 4 5 8 13 17] [1 2 4 5 7] [1 2 3 4 5 8 10 13 19] [1 2 5 7 10] [1 2 3 4 5 7 10] [1 2 3 4 5 7 8 10 13 52] [1 2 3 4 5 8 10 19] [1 2 3 4 5 7 8 10 19] [1 2 3 5] [1 2 3 5 10] [1 2 3 4 5 8 13 52] [1 2 3 5 8 13] [1 2 5 7] [1 2 3 4 5 8 10] [1 2 3 5 7 8] [1 2 4] [1 2 5 13] [1 2 3 5 7] [1 2 3 4 5 8 10 13] [1 2 3 4 5 7 8 10 13 17 24] [1 2 4 13] [1 2 13] [1 2 3 5 8 10] [1 2 3 4 5 7 13 17] [1 2 3 4 5 7 13] [1 2 3 4] [1 2 3 4 5 7 13 52] [1 2 4 5 7 10] [1 2 3 5 13 52] [1 2 3 8 13] [1 2 4 5 7 10 13] [1 2 3 4 5 7 8 10 13 17 43] [1 2 3 4 5 7 13 52 58] [1 2 3 5 7 13] [1 2 3 5 7 8 13] [1 2 3 4 5 7 10 13] [1 2 3 4 5 7 8 10 13] [1 2 3 4 13 52] [1 2 3 4 5 8 13] [1 2 3 4 5 7 10 17] [1 2 13 52] [1 2 4 8 13] [1 2 3 5 13] [1 2 5] [1 2 5 7 13 52] [1 2 3 5 7 8 10] [1 2 3 4 5 8] [1 2 3 4 5 7 8 10 13 19] [1 2 3] [1 2 3 4 5 7 8 10 17] [1 2 3 5 8] [1 2 3 4 5 7 8 10 13 17] [1 2 3 4 5 10 13 52] [1 2 3 4 5 7 9 10 13 52] [1 2 3 4 5 6 7 8 10] [1 2] [1 2 3 4 5 7 8 9 10 13 52] [1 2 3 4 5 7 10 13 17 52] [1 2 5 10 13] [1 2 3 4 5 6 7 8 9 10 13 17 24] [1 2 3 5 7 9] [1 5] [1] [1 2 10] [1 2 3 5 7 8 10 11] [1 2 3 4 5 6 7 8 10 11 17] [1 2 4 5 7 9] [1 2 3 4 5 7 8 9 13] [1 2 3 4 5 6 7 8 13 52] [1 2 3 4 5 7 8 13 17 52 58] [1 2 4 5 6 7 8 11 13] [1 2 3 4 5 7 9 13] [1 2 3 4 5 6 7] [1 2 3 4 5 6 7 8 9] [1 2 4 5 7 8 10 13] [1 2 3 4 5 7 9] [1 2 3 4 5 7 8 9 10 13 17] [1 2 4 5 7 8 9 10 13 17 43] [1 2 3 4 5 10 13] [1 2 3 4 5 8 13 52 58] [1 2 3 4 5 6 8 13] [1 2 4 5 6 8 11] [1 2 3 5 8 10 13 19 52] [1 2 3 4 5 7 8 13] [1 2 3 5 8 10 13] [1 2 3 5 7 8 10 19] [1 2 4 5 8] [1 2 4 5 7 13 52] [1 2 3 5 7 8 10 13] [1 2 3 4 5 10] [1 2 3 4 5 7 8 13 17] [1 2 3 13] [1 2 3 4 5 7 10 13 17] [1 2 3 4 5 8 10 13 19 52 58] [1 2 3 4 5 8 10 13 17] [1 2 3 4 5 13 52] [1 2 3 4 5 6 8 11 13 52 58] [1 2 3 5 10 13] [1 5 27] [1 2 4 5 6 7 8 9 10 13] [1 2 3 4 5 7 17] [1 2 7 13] [1 2 4 5 6 8] [1 2 3 4 5 7 8 10 13 17 52] [1 2 3 4 5 13 52 58] [1 2 4 5 7 9 10] [1 2 3 4 5 7 10 17 43 58] [1 2 3 4 5 6] [1 13] [1 2 5 7 10 13 17 52] [1 2 3 4 5 7 8 10 13 17 19] [1 2 3 4 5 7 8 9 10 11] [1 2 3 4 5 7 8 17] [1 2 3 4 5 6 7 8 9 13 52 58] [] [] [] [] [] [] [] [] [] [] [] [] [] [] [] [] [] [] [] [] [] [] [] [] [] [] [] [] [] [] [] [] [] [] [] [] [] [] [] [] [] [] [] [] [] [] [] [] [] [] [] [] [] [] [] [] [] [] [] [] [] [] [] [] [] [] [] [] [] []
48 [] [1 2 3 5 7 10 13 52] [1 2 3 4 5 7] [1 2 3 4 5 7 8] [1 2 5 8 13] [1 2 4 5 13 52] [1 2 3 5 8 10 13 17 24] [1 2 3 4 5 7 8 13 52] [1 2 3 5 7 10] [1 2 4 5 13] [1 2 3 4 5 13] [1 2 4 5 7 13] [1 2 3 4 5] [1 2 5 7 10 13 17] [1 2 4 5] [1 2 3 4 5 7 8 10] [1 2 3 4 5 8 13 17] [1 2 4 5 7] [1 2 3 4 5 8 10 13 19] [1 2 5 7 10] [1 2 3 4 5 7 10] [1 2 3 4 5 7 8 10 13 52] [1 2 3 4 5 8 10 19] [1 2 3 4 5 7 8 10 19] [1 2 3 5] [1 2 3 5 10] [1 2 3 4 5 8 13 52] [1 2 3 5 8 13] [1 2 5 7] [1 2 3 4 5 8 10] [1 2 3 5 7 8] [1 2 4] [1 2 5 13] [1 2 3 5 7] [1 2 3 4 5 8 10 13] [1 2 3 4 5 7 8 10 13 17 24] [1 2 4 13] [1 2 13] [1 2 3 5 8 10] [1 2 3 4 5 7 13 17] [1 2 3 4 5 7 13] [1 2 3 4] [1 2 3 4 5 7 13 52] [1 2 4 5 7 10] [1 2 3 5 13 52] [1 2 3 8 13] [1 2 4 5 7 10 13] [1 2 3 4 5 7 8 10 13 17 43] [1 2 3 4 5 7 13 52 58] [1 2 3 5 7 13] [1 2 3 5 7 8 13] [1 2 3 4 5 7 10 13] [1 2 3 4 5 7 8 10 13] [1 2 3 4 13 52] [1 2 3 4 5 8 13] [1 2 3 4 5 7 10 17] [1 2 13 52] [1 2 4 8 13] [1 2 3 5 13] [1 2 5] [1 2 5 7 13 52] [1 2 3 5 7 8 10] [1 2 3 4 5 8] [1 2 3 4 5 7 8 10 13 19] [1 2 3] [1 2 3 4 5 7 8 10 17] [1 2 3 5 8] [1 2 3 4 5 7 8 10 13 17] [1 2 3 4 5 10 13 52] [1 2 3 4 5 7 9 10 13 52] [1 2 3 4 5 6 7 8 10] [1 2] [1 2 3 4 5 7 8 9 10 13 52] [1 2 3 4 5 7 10 13 17 52] [1 2 5 10 13] [1 2 3 4 5 6 7 8 9 10 13 17 24] [1 2 3 5 7 9] [1 5] [1] [1 2 10] [1 2 3 5 7 8 10 11] [1 2 3 4 5 6 7 8 10 11 17] [1 2 4 5 7 9] [1 2 3 4 5 7 8 9 13] [1 2 3 5 7 10 13] [1 2 3 4 5 6 7 8 13 52] [1 2 3 4 5 7 8 13 17 52 58] [1 2 4 5 6 7 8 11 13] [1 2 3 4 5 7 9 13] [1 2 3 4 5 6 7] [1 2 3 4 5 6 7 8 9] [1 2 4 5 7 8 10 13] [1 2 3 4 5 7 9] [1 2 3 4 5 7 8 9 10 13 17] [1 2 4 5 7 8 9 10 13 17 43] [1 2 3 4 5 10 13] [1 2 3 4 5 8 13 52 58] [1 2 3 4 5 6 8 13] [1 2 4 5 6 8 11] [1 2 3 5 8 10 13 19 52] [1 2 3 4 5 7 8 13] [1 2 3 5 8 10 13] [1 2 3 5 7 8 10 19] [1 2 4 5 8] [1 2 4 5 7 13 52] [1 2 3 5 7 8 10 13] [1 2 3 4 5 10] [1 2 3 4 5 7 8 13 17] [1 2 3 13] [1 2 3 4 5 7 10 13 17] [1 2 3 4 5 8 10 13 19 52 58] [1 2 3 4 5 8 10 13 17] [1 2 3 4 5 13 52] [1 2 3 4 5 6 8 11 13 52 58] [1 2 3 5 10 13] [1 5 27] [1 2 4 5 6 7 8 9 10 13] [1 2 3 4 5 7 17] [1 2 7 13] [1 2 4 5 6 8] [1 2 3 4 5 7 8 10 13 17 52] [1 2 3 4 5 13 52 58] [1 2 4 5 7 9 10] [1 2 3 4 5 7 10 17 43 58] [1 2 3 4 5 6] [1 13] [1 2 5 7 10 13 17 52] [1 2 3 4 5 7 8 10 13 17 19] [1 2 3 4 5 7 8 9 10 11] [1 2 3 4 5 7 8 17] [1 2 3 4 5 6 7 8 9 13 52 58] [] [] [] [] [] [] [] [] [] [] [] [] [] [] [] [] [] [] [] [] [] [] [] [] [] [] [] [] [] [] [] [] [] [] [] [] [] [] [] [] [] [] [] [] [] [] [] [] [] [] [] [] [] [] [] [] [] [] [] [] [] [] [] [] [] [] [] [] [] []
49 [] [1 2 3 4 5 7] [1 2 5 7 10] [1 2 3 4 5 13] [1 2 3 4 5 7 8] [1 2 5 8 13] [1 2 4 5 13 52] [1 2 3 5 8 10 13 17 24] [1 2 3 4 5 7 8 13 52] [1 2 3 5 7 10] [1 2 4 5 13] [1 2 4 5 7 13] [1 2 3 4 5] [1 2 5 7 10 13 17] [1 2 4 5] [1 2 3 4 5 7 8 10] [1 2 3 4 5 8 13 17] [1 2 4 5 7] [1 2 3 4 5 8 10 13 19] [1 2 3 4 5 7 10] [1 2 3 4 5 7 8 10 13 52] [1 2 3 4 5 8 10 19] [1 2 3 4 5 7 8 10 19] [1 2 3 5] [1 2 3 5 10] [1 2 3 4 5 8 13 52] [1 2 3 5 8 13] [1 2 5 7] [1 2 3 4 5 8 10] [1 2 3 5 7 8] [1 2 4] [1 2 5 13] [1 2 3 5 7] [1 2 3 4 5 8 10 13] [1 2 3 4 5 7 8 10 13 17 24] [1 2 4 13] [1 2 13] [1 2 3 5 8 10] [1 2 3 4 5 7 13 17] [1 2 3 4 5 7 13] [1 2 3 4] [1 2 3 4 5 7 13 52] [1 2 4 5 7 10] [1 2 3 5 13 52] [1 2 3 8 13] [1 2 4 5 7 10 13] [1 2 3 4 5 7 8 10 13 17 43] [1 2 3 4 5 7 13 52 58] [1 2 3 5 7 13] [1 2 3 5 7 8 13] [1 2 3 4 5 7 10 13] [1 2 3 4 5 7 8 10 13] [1 2 3 4 13 52] [1 2 3 4 5 8 13] [1 2 3 4 5 7 10 17] [1 2 13 52] [1 2 4 8 13] [1 2 3 5 13] [1 2 5] [1 2 5 7 13 52] [1 2 3 5 7 8 10] [1 2 3 4 5 8] [1 2 3 4 5 7 8 10 13 19] [1 2 3] [1 2 3 4 5 7 8 10 17] [1 2 3 5 8] [1 2 3 4 5 7 8 10 13 17] [1 2 3 4 5 10 13 52] [1 2 3 4 5 7 9 10 13 52] [1 2 3 4 5 6 7 8 10] [1 2] [1 2 3 4 5 7 8 9 10 13 52] [1 2 3 4 5 7 10 13 17 52] [1 2 5 10 13] [1 2 3 4 5 6 7 8 9 10 13 17 24] [1 2 3 5 7 9] [1 5] [1] [1 2 10] [1 2 3 5 7 8 10 11] [1 2 3 4 5 6 7 8 10 11 17] [1 2 4 5 7 9] [1 2 3 4 5 7 8 9 13] [1 2 3 5 7 10 13] [1 2 3 4 5 6 7 8 13 52] [1 2 3 4 5 7 8 13 17 52 58] [1 2 4 5 6 7 8 11 13] [1 2 3 4 5 7 9 13] [1 2 3 4 5 6 7] [1 2 3 4 5 6 7 8 9] [1 2 4 5 7 8 10 13] [1 2 3 4 5 7 9] [1 2 3 4 5 7 8 9 10 13 17] [1 2 4 5 7 8 9 10 13 17 43] [1 2 3 4 5 10 13] [1 2 3 4 5 8 13 52 58] [1 2 3 4 5 6 8 13] [1 2 4 5 6 8 11] [1 2 3 5 8 10 13 19 52] [1 2 3 4 5 7 8 13] [1 2 3 5 8 10 13] [1 2 3 5 7 8 10 19] [1 2 4 5 8] [1 2 4 5 7 13 52] [1 2 3 5 7 8 10 13] [1 2 3 4 5 10] [1 2 3 4 5 7 8 13 17] [1 2 3 13] [1 2 3 4 5 7 10 13 17] [1 2 3 4 5 8 10 13 19 52 58] [1 2 3 4 5 8 10 13 17] [1 2 3 4 5 13 52] [1 2 3 4 5 6 8 11 13 52 58] [1 2 3 5 10 13] [1 5 27] [1 2 4 5 6 7 8 9 10 13] [1 2 3 4 5 7 17] [1 2 7 13] [1 2 4 5 6 8] [1 2 3 4 5 7 8 10 13 17 52] [1 2 3 4 5 13 52 58] [1 2 4 5 7 9 10] [1 2 3 5 7 10 13 52] [1 2 3 4 5 7 10 17 43 58] [1 2 3 4 5 6] [1 13] [1 2 5 7 10 13 17 52] [1 2 3 4 5 7 8 10 13 17 19] [1 2 3 4 5 7 8 9 10 11] [1 2 3 4 5 7 8 17] [1 2 3 4 5 6 7 8 9 13 52 58] [] [] [] [] [] [] [] [] [] [] [] [] [] [] [] [] [] [] [] [] [] [] [] [] [] [] [] [] [] [] [] [] [] [] [] [] [] [] [] [] [] [] [] [] [] [] [] [] [] [] [] [] [] [] [] [] [] [] [] [] [] [] [] [] [] [] [] [] [] []
50 [] [1 2 3 4 5 13] [1 2 3 4 5 7] [1 2 3 4 5 7 8] [1 2 5 8 13] [1 2 4 5 13 52] [1 2 3 5 8 10 13 17 24] [1 2 3 4 5 7 8 13 52] [1 2 3 5 7 10] [1 2 4 5 13] [1 2 4 5 7 13] [1 2 3 4 5] [1 2 5 7 10 13 17] [1 2 4 5] [1 2 3 4 5 7 8 10] [1 2 3 4 5 8 13 17] [1 2 4 5 7] [1 2 3 4 5 8 10 13 19] [1 2 5 7 10] [1 2 3 4 5 7 10] [1 2 3 4 5 7 8 10 13 52] [1 2 3 4 5 8 10 19] [1 2 3 4 5 7 8 10 19] [1 2 3 5] [1 2 3 5 10] [1 2 3 4 5 8 13 52] [1 2 3 5 8 13] [1 2 5 7] [1 2 3 4 5 8 10] [1 2 3 5 7 8] [1 2 4] [1 2 5 13] [1 2 3 5 7] [1 2 3 4 5 8 10 13] [1 2 3 4 5 7 8 10 13 17 24] [1 2 4 13] [1 2 13] [1 2 3 5 8 10] [1 2 3 4 5 7 13 17] [1 2 3 4 5 7 13] [1 2 3 4] [1 2 3 4 5 7 13 52] [1 2 4 5 7 10] [1 2 3 5 13 52] [1 2 3 8 13] [1 2 4 5 7 10 13] [1 2 3 4 5 7 8 10 13 17 43] [1 2 3 4 5 7 13 52 58] [1 2 3 5 7 13] [1 2 3 5 7 8 13] [1 2 3 4 5 7 10 13] [1 2 3 4 5 7 8 10 13] [1 2 3 4 13 52] [1 2 3 4 5 8 13] [1 2 3 4 5 7 10 17] [1 2 13 52] [1 2 4 8 13] [1 2 3 5 13] [1 2 5] [1 2 5 7 13 52] [1 2 3 5 7 8 10] [1 2 3 4 5 8] [1 2 3 4 5 7 8 10 13 19] [1 2 3] [1 2 3 4 5 7 8 10 17] [1 2 3 5 8] [1 2 3 4 5 7 8 10 13 17] [1 2 3 4 5 10 13 52] [1 2 3 4 5 7 9 10 13 52] [1 2 3 4 5 6 7 8 10] [1 2] [1 2 3 4 5 7 8 9 10 13 52] [1 2 3 4 5 7 10 13 17 52] [1 2 5 10 13] [1 2 3 4 5 6 7 8 9 10 13 17 24] [1 2 3 5 7 9] [1 5] [1] [1 2 10] [1 2 3 5 7 8 10 11] [1 2 3 4 5 6 7 8 10 11 17] [1 2 4 5 7 9] [1 2 3 4 5 7 8 9 13] [1 2 3 5 7 10 13] [1 2 3 4 5 6 7 8 13 52] [1 2 3 4 5 7 8 13 17 52 58] [1 2 4 5 6 7 8 11 13] [1 2 3 4 5 7 9 13] [1 2 3 4 5 6 7] [1 2 3 4 5 6 7 8 9] [1 2 4 5 7 8 10 13] [1 2 3 4 5 7 9] [1 2 3 4 5 7 8 9 10 13 17] [1 2 4 5 7 8 9 10 13 17 43] [1 2 3 4 5 10 13] [1 2 3 4 5 8 13 52 58] [1 2 3 4 5 6 8 13] [1 2 4 5 6 8 11] [1 2 3 5 8 10 13 19 52] [1 2 3 4 5 7 8 13] [1 2 3 5 8 10 13] [1 2 3 5 7 8 10 19] [1 2 4 5 8] [1 2 4 5 7 13 52] [1 2 3 5 7 8 10 13] [1 2 3 4 5 10] [1 2 3 4 5 7 8 13 17] [1 2 3 13] [1 2 3 4 5 7 10 13 17] [1 2 3 4 5 8 10 13 19 52 58] [1 2 3 4 5 8 10 13 17] [1 2 3 4 5 13 52] [1 2 3 4 5 6 8 11 13 52 58] [1 2 3 5 10 13] [1 5 27] [1 2 4 5 6 7 8 9 10 13] [1 2 3 4 5 7 17] [1 2 7 13] [1 2 4 5 6 8] [1 2 3 4 5 7 8 10 13 17 52] [1 2 3 4 5 13 52 58] [1 2 4 5 7 9 10] [1 2 3 5 7 10 13 52] [1 2 3 4 5 7 10 17 43 58] [1 2 3 4 5 6] [1 13] [1 2 5 7 10 13 17 52] [1 2 3 4 5 7 8 10 13 17 19] [1 2 3 4 5 7 8 9 10 11] [1 2 3 4 5 7 8 17] [1 2 3 4 5 6 7 8 9 13 52 58] [] [] [] [] [] [] [] [] [] [] [] [] [] [] [] [] [] [] [] [] [] [] [] [] [] [] [] [] [] [] [] [] [] [] [] [] [] [] [] [] [] [] [] [] [] [] [] [] [] [] [] [] [] [] [] [] [] [] [] [] [] [] [] [] [] [] [] [] [] []
51 [] [1 2 3 4 5 7 8] [1 2 5 8 13] [1 2 4 5 13 52] [1 2 3 5 8 10 13 17 24] [1 2 3 4 5 7 8 13 52] [1 2 3 5 7 10] [1 2 3 4 5 7] [1 2 4 5 13] [1 2 3 4 5 13] [1 2 4 5 7 13] [1 2 3 4 5] [1 2 5 7 10 13 17] [1 2 4 5] [1 2 3 4 5 7 8 10] [1 2 3 4 5 8 13 17] [1 2 4 5 7] [1 2 3 4 5 8 10 13 19] [1 2 5 7 10] [1 2 3 4 5 7 10] [1 2 3 4 5 7 8 10 13 52] [1 2 3 4 5 8 10 19] [1 2 3 4 5 7 8 10 19] [1 2 3 5] [1 2 3 5 10] [1 2 3 4 5 8 13 52] [1 2 3 5 8 13] [1 2 5 7] [1 2 3 4 5 8 10] [1 2 3 5 7 8] [1 2 4] [1 2 5 13] [1 2 3 5 7] [1 2 3 4 5 8 10 13] [1 2 3 4 5 7 8 10 13 17 24] [1 2 4 13] [1 2 13] [1 2 3 5 8 10] [1 2 3 4 5 7 13 17] [1 2 3 4 5 7 13] [1 2 3 4] [1 2 3 4 5 7 13 52] [1 2 4 5 7 10] [1 2 3 5 13 52] [1 2 3 8 13] [1 2 4 5 7 10 13] [1 2 3 4 5 7 8 10 13 17 43] [1 2 3 4 5 7 13 52 58] [1 2 3 5 7 13] [1 2 3 5 7 8 13] [1 2 3 4 5 7 10 13] [1 2 3 4 5 7 8 10 13] [1 2 3 4 13 52] [1 2 3 4 5 8 13] [1 2 3 4 5 7 10 17] [1 2 13 52] [1 2 4 8 13] [1 2 3 5 13] [1 2 5] [1 2 5 7 13 52] [1 2 3 5 7 8 10] [1 2 3 4 5 8] [1 2 3 4 5 7 8 10 13 19] [1 2 3] [1 2 3 4 5 7 8 10 17] [1 2 3 5 8] [1 2 3 4 5 7 8 10 13 17] [1 2 3 4 5 10 13 52] [1 2 3 4 5 7 9 10 13 52] [1 2 3 4 5 6 7 8 10] [1 2] [1 2 3 4 5 7 8 9 10 13 52] [1 2 3 4 5 7 10 13 17 52] [1 2 5 10 13] [1 2 3 4 5 6 7 8 9 10 13 17 24] [1 2 3 5 7 9] [1 5] [1] [1 2 10] [1 2 3 5 7 8 10 11] [1 2 3 4 5 6 7 8 10 11 17] [1 2 4 5 7 9] [1 2 3 4 5 7 8 9 13] [1 2 3 5 7 10 13] [1 2 3 4 5 6 7 8 13 52] [1 2 3 4 5 7 8 13 17 52 58] [1 2 4 5 6 7 8 11 13] [1 2 3 4 5 7 9 13] [1 2 3 4 5 6 7] [1 2 3 4 5 6 7 8 9] [1 2 4 5 7 8 10 13] [1 2 3 4 5 7 9] [1 2 3 4 5 7 8 9 10 13 17] [1 2 4 5 7 8 9 10 13 17 43] [1 2 3 4 5 10 13] [1 2 3 4 5 8 13 52 58] [1 2 3 4 5 6 8 13] [1 2 4 5 6 8 11] [1 2 3 5 8 10 13 19 52] [1 2 3 4 5 7 8 13] [1 2 3 5 8 10 13] [1 2 3 5 7 8 10 19] [1 2 4 5 8] [1 2 4 5 7 13 52] [1 2 3 5 7 8 10 13] [1 2 3 4 5 10] [1 2 3 4 5 7 8 13 17] [1 2 3 13] [1 2 3 4 5 7 10 13 17] [1 2 3 4 5 8 10 13 19 52 58] [1 2 3 4 5 8 10 13 17] [1 2 3 4 5 13 52] [1 2 3 4 5 6 8 11 13 52 58] [1 2 3 5 10 13] [1 5 27] [1 2 4 5 6 7 8 9 10 13] [1 2 3 4 5 7 17] [1 2 7 13] [1 2 4 5 6 8] [1 2 3 4 5 7 8 10 13 17 52] [1 2 3 4 5 13 52 58] [1 2 4 5 7 9 10] [1 2 3 5 7 10 13 52] [1 2 3 4 5 7 10 17 43 58] [1 2 3 4 5 6] [1 13] [1 2 5 7 10 13 17 52] [1 2 3 4 5 7 8 10 13 17 19] [1 2 3 4 5 7 8 9 10 11] [1 2 3 4 5 7 8 17] [1 2 3 4 5 6 7 8 9 13 52 58] [] [] [] [] [] [] [] [] [] [] [] [] [] [] [] [] [] [] [] [] [] [] [] [] [] [] [] [] [] [] [] [] [] [] [] [] [] [] [] [] [] [] [] [] [] [] [] [] [] [] [] [] [] [] [] [] [] [] [] [] [] [] [] [] [] [] [] [] [] []
52 [] [1 2 4 5 13 52] [1 2 4 5 7 8 10 17] [1 2 3 5 8 10 13 17 24] [1 2 3 4 5 7 8 13 52] [1 2 3 5 7 10] [1 2 3 4 5 7] [1 2 4 5 13] [1 2 3 4 5 13] [1 2 4 5 7 13] [1 2 3 4 5] [1 2 5 7 10 13 17] [1 2 4 5] [1 2 3 4 5 7 8 10] [1 2 3 4 5 8 13 17] [1 2 4 5 7] [1 2 3 4 5 8 10 13 19] [1 2 5 7 10] [1 2 3 4 5 7 10] [1 2 3 4 5 7 8 10 13 52] [1 2 3 4 5 8 10 19] [1 2 3 4 5 7 8 10 19] [1 2 3 5] [1 2 3 5 10] [1 2 3 4 5 8 13 52] [1 2 3 5 8 13] [1 2 5 7] [1 2 3 4 5 8 10] [1 2 3 5 7 8] [1 2 4] [1 2 3 4 5 7 8] [1 2 5 13] [1 2 3 5 7] [1 2 3 4 5 8 10 13] [1 2 3 4 5 7 8 10 13 17 24] [1 2 4 13] [1 2 13] [1 2 3 5 8 10] [1 2 3 4 5 7 13 17] [1 2 3 4 5 7 13] [1 2 3 4] [1 2 3 4 5 7 13 52] [1 2 4 5 7 10] [1 2 3 5 13 52] [1 2 3 8 13] [1 2 4 5 7 10 13] [1 2 3 4 5 7 8 10 13 17 43] [1 2 3 4 5 7 13 52 58] [1 2 3 5 7 13] [1 2 3 5 7 8 13] [1 2 3 4 5 7 10 13] [1 2 3 4 5 7 8 10 13] [1 2 3 4 13 52] [1 2 3 4 5 8 13] [1 2 3 4 5 7 10 17] [1 2 13 52] [1 2 4 8 13] [1 2 3 5 13] [1 2 5] [1 2 5 7 13 52] [1 2 3 5 7 8 10] [1 2 3 4 5 8] [1 2 3 4 5 7 8 10 13 19] [1 2 3] [1 2 3 4 5 7 8 10 17] [1 2 3 5 8] [1 2 3 4 5 7 8 10 13 17] [1 2 3 4 5 10 13 52] [1 2 3 4 5 7 9 10 13 52] [1 2 3 4 5 6 7 8 10] [1 2] [1 2 3 4 5 7 8 9 10 13 52] [1 2 3 4 5 7 10 13 17 52] [1 2 5 10 13] [1 2 3 4 5 6 7 8 9 10 13 17 24] [1 2 3 5 7 9] [1 5] [1] [1 2 10] [1 2 3 5 7 8 10 11] [1 2 3 4 5 6 7 8 10 11 17] [1 2 4 5 7 9] [1 2 3 4 5 7 8 9 13] [1 2 3 5 7 10 13] [1 2 3 4 5 6 7 8 13 52] [1 2 3 4 5 7 8 13 17 52 58] [1 2 4 5 6 7 8 11 13] [1 2 3 4 5 7 9 13] [1 2 3 4 5 6 7] [1 2 3 4 5 6 7 8 9] [1 2 4 5 7 8 10 13] [1 2 3 4 5 7 9] [1 2 3 4 5 7 8 9 10 13 17] [1 2 4 5 7 8 9 10 13 17 43] [1 2 3 4 5 10 13] [1 2 3 4 5 8 13 52 58] [1 2 3 4 5 6 8 13] [1 2 4 5 6 8 11] [1 2 3 5 8 10 13 19 52] [1 2 3 4 5 7 8 13] [1 2 3 5 8 10 13] [1 2 3 5 7 8 10 19] [1 2 4 5 8] [1 2 4 5 7 13 52] [1 2 3 5 7 8 10 13] [1 2 3 4 5 10] [1 2 3 4 5 7 8 13 17] [1 2 3 13] [1 2 3 4 5 7 10 13 17] [1 2 3 4 5 8 10 13 19 52 58] [1 2 3 4 5 8 10 13 17] [1 2 3 4 5 13 52] [1 2 3 4 5 6 8 11 13 52 58] [1 2 3 5 10 13] [1 5 27] [1 2 4 5 6 7 8 9 10 13] [1 2 3 4 5 7 17] [1 2 7 13] [1 2 4 5 6 8] [1 2 3 4 5 7 8 10 13 17 52] [1 2 3 4 5 13 52 58] [1 2 4 5 7 9 10] [1 2 3 5 7 10 13 52] [1 2 3 4 5 7 10 17 43 58] [1 2 3 4 5 6] [1 13] [1 2 5 7 10 13 17 52] [1 2 3 4 5 7 8 10 13 17 19] [1 2 3 4 5 7 8 9 10 11] [1 2 3 4 5 7 8 17] [1 2 3 4 5 6 7 8 9 13 52 58] [] [] [] [] [] [] [] [] [] [] [] [] [] [] [] [] [] [] [] [] [] [] [] [] [] [] [] [] [] [] [] [] [] [] [] [] [] [] [] [] [] [] [] [] [] [] [] [] [] [] [] [] [] [] [] [] [] [] [] [] [] [] [] [] [] [] [] [] [] []
53 [] [1 2 3 5 8 10 13 17 24] [1 2 3 4 5 7 8 13 52] [1 2 3 5 7 10] [1 2 3 4 5 7] [1 2 4 5 13] [1 2 3 4 5 13] [1 2 4 5 7 13] [1 2 3 4 5] [1 2 5 7 10 13 17] [1 2 4 5] [1 2 3 4 5 7 8 10] [1 2 3 4 5 8 13 17] [1 2 4 5 7] [1 2 3 4 5 8 10 13 19] [1 2 5 7 10] [1 2 3 4 5 7 10] [1 2 3 4 5 7 8 10 13 52] [1 2 3 4 5 8 10 19] [1 2 3 4 5 7 8 10 19] [1 2 3 5] [1 2 3 5 10] [1 2 3 4 5 8 13 52] [1 2 3 5 8 13] [1 2 5 7] [1 2 3 4 5 8 10] [1 2 3 5 7 8] [1 2 4] [1 2 3 4 5 7 8] [1 2 5 13] [1 2 3 5 7] [1 2 3 4 5 8 10 13] [1 2 3 4 5 7 8 10 13 17 24] [1 2 4 13] [1 2 13] [1 2 3 5 8 10] [1 2 3 4 5 7 13 17] [1 2 3 4 5 7 13] [1 2 3 4] [1 2 3 4 5 7 13 52] [1 2 4 5 7 10] [1 2 3 5 13 52] [1 2 3 8 13] [1 2 4 5 7 10 13] [1 2 3 4 5 7 8 10 13 17 43] [1 2 3 4 5 7 13 52 58] [1 2 3 5 7 13] [1 2 3 5 7 8 13] [1 2 3 4 5 7 10 13] [1 2 3 4 5 7 8 10 13] [1 2 3 4 13 52] [1 2 3 4 5 8 13] [1 2 3 4 5 7 10 17] [1 2 13 52] [1 2 4 8 13] [1 2 3 5 13] [1 2 5] [1 2 5 7 13 52] [1 2 3 5 7 8 10] [1 2 3 4 5 8] [1 2 3 4 5 7 8 10 13 19] [1 2 3] [1 2 3 4 5 7 8 10 17] [1 2 3 5 8] [1 2 3 4 5 7 8 10 13 17] [1 2 3 4 5 10 13 52] [1 2 3 4 5 7 9 10 13 52] [1 2 3 4 5 6 7 8 10] [1 2] [1 2 3 4 5 7 8 9 10 13 52] [1 2 3 4 5 7 10 13 17 52] [1 2 5 10 13] [1 2 3 4 5 6 7 8 9 10 13 17 24] [1 2 3 5 7 9] [1 5] [1] [1 2 10] [1 2 3 5 7 8 10 11] [1 2 3 4 5 6 7 8 10 11 17] [1 2 4 5 7 9] [1 2 3 4 5 7 8 9 13] [1 2 3 5 7 10 13] [1 2 3 4 5 6 7 8 13 52] [1 2 3 4 5 7 8 13 17 52 58] [1 2 4 5 6 7 8 11 13] [1 2 3 4 5 7 9 13] [1 2 3 4 5 6 7] [1 2 3 4 5 6 7 8 9] [1 2 4 5 7 8 10 13] [1 2 3 4 5 7 9] [1 2 3 4 5 7 8 9 10 13 17] [1 2 4 5 7 8 9 10 13 17 43] [1 2 3 4 5 10 13] [1 2 3 4 5 8 13 52 58] [1 2 3 4 5 6 8 13] [1 2 4 5 6 8 11] [1 2 3 5 8 10 13 19 52] [1 2 3 4 5 7 8 13] [1 2 3 5 8 10 13] [1 2 3 5 7 8 10 19] [1 2 4 5 8] [1 2 4 5 7 13 52] [1 2 3 5 7 8 10 13] [1 2 3 4 5 10] [1 2 3 4 5 7 8 13 17] [1 2 3 13] [1 2 3 4 5 7 10 13 17] [1 2 3 4 5 8 10 13 19 52 58] [1 2 3 4 5 8 10 13 17] [1 2 3 4 5 13 52] [1 2 3 4 5 6 8 11 13 52 58] [1 2 3 5 10 13] [1 5 27] [1 2 4 5 6 7 8 9 10 13] [1 2 3 4 5 7 17] [1 2 7 13] [1 2 4 5 6 8] [1 2 3 4 5 7 8 10 13 17 52] [1 2 3 4 5 13 52 58] [1 2 4 5 7 9 10] [1 2 3 5 7 10 13 52] [1 2 3 4 5 7 10 17 43 58] [1 2 3 4 5 6] [1 13] [1 2 5 7 10 13 17 52] [1 2 3 4 5 7 8 10 13 17 19] [1 2 3 4 5 7 8 9 10 11] [1 2 3 4 5 7 8 17] [1 2 3 4 5 6 7 8 9 13 52 58] [] [] [] [] [] [] [] [] [] [] [] [] [] [] [] [] [] [] [] [] [] [] [] [] [] [] [] [] [] [] [] [] [] [] [] [] [] [] [] [] [] [] [] [] [] [] [] [] [] [] [] [] [] [] [] [] [] [] [] [] [] [] [] [] [] [] [] [] [] [] [] []
54 [] [1 2 3 5 7 10] [1 2 3 4 5 7] [1 2 4 5 13] [1 2 3 4 5 13] [1 2 4 5 7 13] [1 2 3 4 5] [1 2 5 7 10 13 17] [1 2 4 5] [1 2 3 4 5 7 8 10] [1 2 3 4 5 8 13 17] [1 2 4 5 7] [1 2 3 4 5 8 10 13 19] [1 2 5 7 10] [1 2 3 4 5 7 10] [1 2 3 4 5 7 8 10 13 52] [1 2 3 4 5 8 10 19] [1 2 3 4 5 7 8 10 19] [1 2 3 5] [1 2 3 5 10] [1 2 3 4 5 8 13 52] [1 2 3 5 8 13] [1 2 5 7] [1 2 3 4 5 8 10] [1 2 3 5 7 8] [1 2 4] [1 2 3 4 5 7 8] [1 2 5 13] [1 2 3 5 7] [1 2 3 4 5 8 10 13] [1 2 3 4 5 7 8 10 13 17 24] [1 2 4 13] [1 2 13] [1 2 3 5 8 10] [1 2 3 4 5 7 13 17] [1 2 3 4 5 7 13] [1 2 3 4] [1 2 3 4 5 7 13 52] [1 2 4 5 7 10] [1 2 3 5 13 52] [1 2 3 8 13] [1 2 4 5 7 10 13] [1 2 3 4 5 7 8 10 13 17 43] [1 2 3 4 5 7 13 52 58] [1 2 3 5 7 13] [1 2 3 5 7 8 13] [1 2 3 4 5 7 10 13] [1 2 3 4 5 7 8 10 13] [1 2 3 4 13 52] [1 2 3 4 5 8 13] [1 2 3 4 5 7 10 17] [1 2 13 52] [1 2 4 8 13] [1 2 3 5 13] [1 2 5] [1 2 5 7 13 52] [1 2 3 5 7 8 10] [1 2 3 4 5 8] [1 2 3 4 5 7 8 10 13 19] [1 2 3] [1 2 3 4 5 7 8 10 17] [1 2 3 5 8] [1 2 3 4 5 7 8 10 13 17] [1 2 3 4 5 10 13 52] [1 2 3 4 5 7 9 10 13 52] [1 2 3 4 5 6 7 8 10] [1 2] [1 2 3 4 5 7 8 9 10 13 52] [1 2 3 4 5 7 10 13 17 52] [1 2 5 10 13] [1 2 3 4 5 6 7 8 9 10 13 17 24] [1 2 3 5 7 9] [1 5] [1] [1 2 10] [1 2 3 5 7 8 10 11] [1 2 3 4 5 6 7 8 10 11 17] [1 2 4 5 7 9] [1 2 3 4 5 7 8 9 13] [1 2 3 5 7 10 13] [1 2 3 4 5 6 7 8 13 52] [1 2 3 4 5 7 8 13 17 52 58] [1 2 4 5 6 7 8 11 13] [1 2 3 4 5 7 9 13] [1 2 3 4 5 6 7] [1 2 3 4 5 6 7 8 9] [1 2 4 5 7 8 10 13] [1 2 3 4 5 7 9] [1 2 3 4 5 7 8 9 10 13 17] [1 2 4 5 7 8 9 10 13 17 43] [1 2 3 4 5 10 13] [1 2 3 4 5 8 13 52 58] [1 2 3 4 5 6 8 13] [1 2 4 5 6 8 11] [1 2 3 5 8 10 13 19 52] [1 2 3 4 5 7 8 13] [1 2 3 5 8 10 13] [1 2 3 5 7 8 10 19] [1 2 4 5 8] [1 2 4 5 7 13 52] [1 2 3 5 7 8 10 13] [1 2 3 4 5 10] [1 2 3 4 5 7 8 13 17] [1 2 3 13] [1 2 3 4 5 7 10 13 17] [1 2 3 4 5 8 10 13 19 52 58] [1 2 3 4 5 8 10 13 17] [1 2 3 4 5 13 52] [1 2 3 4 5 6 8 11 13 52 58] [1 2 3 5 10 13] [1 5 27] [1 2 4 5 6 7 8 9 10 13] [1 2 3 4 5 7 17] [1 2 7 13] [1 2 4 5 6 8] [1 2 3 4 5 7 8 10 13 17 52] [1 2 3 4 5 13 52 58] [1 2 4 5 7 9 10] [1 2 3 4 5 7 8 13 52] [1 2 3 5 7 10 13 52] [1 2 3 4 5 7 10 17 43 58] [1 2 3 4 5 6] [1 13] [1 2 5 7 10 13 17 52] [1 2 3 4 5 7 8 10 13 17 19] [1 2 3 4 5 7 8 9 10 11] [1 2 3 4 5 7 8 17] [1 2 3 4 5 6 7 8 9 13 52 58] [] [] [] [] [] [] [] [] [] [] [] [] [] [] [] [] [] [] [] [] [] [] [] [] [] [] [] [] [] [] [] [] [] [] [] [] [] [] [] [] [] [] [] [] [] [] [] [] [] [] [] [] [] [] [] [] [] [] [] [] [] [] [] [] [] [] [] [] [] [] [] [] []
55 [] [1 2 4 5 13] [1 2 3 5 7 10] [1 2 3 4 5 13] [1 2 4 5 7 13] [1 2 3 4 5] [1 2 5 7 10 13 17] [1 2 4 5] [1 2 3 4 5 7 8 10] [1 2 3 4 5 8 13 17] [1 2 4 5 7] [1 2 3 4 5 8 10 13 19] [1 2 5 7 10] [1 2 3 4 5 7 10] [1 2 3 4 5 7] [1 2 3 4 5 7 8 10 13 52] [1 2 3 4 5 8 10 19] [1 2 3 4 5 7 8 10 19] [1 2 3 5] [1 2 3 5 10] [1 2 3 4 5 8 13 52] [1 2 3 5 8 13] [1 2 5 7] [1 2 3 4 5 8 10] [1 2 3 5 7 8] [1 2 4] [1 2 3 4 5 7 8] [1 2 5 13] [1 2 3 5 7] [1 2 3 4 5 8 10 13] [1 2 3 4 5 7 8 10 13 17 24] [1 2 4 13] [1 2 13] [1 2 3 5 8 10] [1 2 3 4 5 7 13 17] [1 2 3 4 5 7 13] [1 2 3 4] [1 2 3 4 5 7 13 52] [1 2 4 5 7 10] [1 2 3 5 13 52] [1 2 3 8 13] [1 2 4 5 7 10 13] [1 2 3 4 5 7 8 10 13 17 43] [1 2 3 4 5 7 13 52 58] [1 2 3 5 7 13] [1 2 3 5 7 8 13] [1 2 3 4 5 7 10 13] [1 2 3 4 5 7 8 10 13] [1 2 3 4 13 52] [1 2 3 4 5 8 13] [1 2 3 4 5 7 10 17] [1 2 13 52] [1 2 4 8 13] [1 2 3 5 13] [1 2 5] [1 2 5 7 13 52] [1 2 3 5 7 8 10] [1 2 3 4 5 8] [1 2 3 4 5 7 8 10 13 19] [1 2 3] [1 2 3 4 5 7 8 10 17] [1 2 3 5 8] [1 2 3 4 5 7 8 10 13 17] [1 2 3 4 5 10 13 52] [1 2 3 4 5 7 9 10 13 52] [1 2 3 4 5 6 7 8 10] [1 2] [1 2 3 4 5 7 8 9 10 13 52] [1 2 3 4 5 7 10 13 17 52] [1 2 5 10 13] [1 2 3 4 5 6 7 8 9 10 13 17 24] [1 2 3 5 7 9] [1 5] [1] [1 2 10] [1 2 3 5 7 8 10 11] [1 2 3 4 5 6 7 8 10 11 17] [1 2 4 5 7 9] [1 2 3 4 5 7 8 9 13] [1 2 3 5 7 10 13] [1 2 3 4 5 6 7 8 13 52] [1 2 3 4 5 7 8 13 17 52 58] [1 2 4 5 6 7 8 11 13] [1 2 3 4 5 7 9 13] [1 2 3 4 5 6 7] [1 2 3 4 5 6 7 8 9] [1 2 4 5 7 8 10 13] [1 2 3 4 5 7 9] [1 2 3 4 5 7 8 9 10 13 17] [1 2 4 5 7 8 9 10 13 17 43] [1 2 3 4 5 10 13] [1 2 3 4 5 8 13 52 58] [1 2 3 4 5 6 8 13] [1 2 4 5 6 8 11] [1 2 3 5 8 10 13 19 52] [1 2 3 4 5 7 8 13] [1 2 3 5 8 10 13] [1 2 3 5 7 8 10 19] [1 2 4 5 8] [1 2 4 5 7 13 52] [1 2 3 5 7 8 10 13] [1 2 3 4 5 10] [1 2 3 4 5 7 8 13 17] [1 2 3 13] [1 2 3 4 5 7 10 13 17] [1 2 3 4 5 8 10 13 19 52 58] [1 2 3 4 5 8 10 13 17] [1 2 3 4 5 13 52] [1 2 3 4 5 6 8 11 13 52 58] [1 2 3 5 10 13] [1 5 27] [1 2 4 5 6 7 8 9 10 13] [1 2 3 4 5 7 17] [1 2 7 13] [1 2 4 5 6 8] [1 2 3 4 5 7 8 10 13 17 52] [1 2 3 4 5 13 52 58] [1 2 4 5 7 9 10] [1 2 3 4 5 7 8 13 52] [1 2 3 5 7 10 13 52] [1 2 3 4 5 7 10 17 43 58] [1 2 3 4 5 6] [1 13] [1 2 5 7 10 13 17 52] [1 2 3 4 5 7 8 10 13 17 19] [1 2 3 4 5 7 8 9 10 11] [1 2 3 4 5 7 8 17] [1 2 3 4 5 6 7 8 9 13 52 58] [] [] [] [] [] [] [] [] [] [] [] [] [] [] [] [] [] [] [] [] [] [] [] [] [] [] [] [] [] [] [] [] [] [] [] [] [] [] [] [] [] [] [] [] [] [] [] [] [] [] [] [] [] [] [] [] [] [] [] [] [] [] [] [] [] [] [] [] [] [] [] [] []
56 [] [1 2 3 4 5 13] [1 2 5 7] [1 2 3 4 5 7 8] [1 2 4 5 7 13] [1 2 3 4 5] [1 2 5 7 10 13 17] [1 2 4 5] [1 2 3 4 5 7 8 10] [1 2 3 4 5 8 13 17] [1 2 4 5 7] [1 2 3 4 5 8 10 13 19] [1 2 5 7 10] [1 2 3 4 5 7 10] [1 2 3 4 5 7] [1 2 3 4 5 7 8 10 13 52] [1 2 3 4 5 8 10 19] [1 2 3 4 5 7 8 10 19] [1 2 3 5] [1 2 3 5 10] [1 2 3 4 5 8 13 52] [1 2 3 5 8 13] [1 2 3 4 5 8 10] [1 2 3 5 7 8] [1 2 4] [1 2 3 5 7 10] [1 2 5 13] [1 2 3 5 7] [1 2 3 4 5 8 10 13] [1 2 3 4 5 7 8 10 13 17 24] [1 2 4 13] [1 2 13] [1 2 3 5 8 10] [1 2 3 4 5 7 13 17] [1 2 3 4 5 7 13] [1 2 3 4] [1 2 3 4 5 7 13 52] [1 2 4 5 7 10] [1 2 3 5 13 52] [1 2 3 8 13] [1 2 4 5 7 10 13] [1 2 3 4 5 7 8 10 13 17 43] [1 2 3 4 5 7 13 52 58] [1 2 3 5 7 13] [1 2 3 5 7 8 13] [1 2 3 4 5 7 10 13] [1 2 3 4 5 7 8 10 13] [1 2 3 4 13 52] [1 2 3 4 5 8 13] [1 2 3 4 5 7 10 17] [1 2 13 52] [1 2 4 8 13] [1 2 4 5 13] [1 2 3 5 13] [1 2 5] [1 2 5 7 13 52] [1 2 3 5 7 8 10] [1 2 3 4 5 8] [1 2 3 4 5 7 8 10 13 19] [1 2 3] [1 2 3 4 5 7 8 10 17] [1 2 3 5 8] [1 2 3 4 5 7 8 10 13 17] [1 2 3 4 5 10 13 52] [1 2 3 4 5 7 9 10 13 52] [1 2 3 4 5 6 7 8 10] [1 2] [1 2 3 4 5 7 8 9 10 13 52] [1 2 3 4 5 7 10 13 17 52] [1 2 5 10 13] [1 2 3 4 5 6 7 8 9 10 13 17 24] [1 2 3 5 7 9] [1 5] [1] [1 2 10] [1 2 3 5 7 8 10 11] [1 2 3 4 5 6 7 8 10 11 17] [1 2 4 5 7 9] [1 2 3 4 5 7 8 9 13] [1 2 3 5 7 10 13] [1 2 3 4 5 6 7 8 13 52] [1 2 3 4 5 7 8 13 17 52 58] [1 2 4 5 6 7 8 11 13] [1 2 3 4 5 7 9 13] [1 2 3 4 5 6 7] [1 2 3 4 5 6 7 8 9] [1 2 4 5 7 8 10 13] [1 2 3 4 5 7 9] [1 2 3 4 5 7 8 9 10 13 17] [1 2 4 5 7 8 9 10 13 17 43] [1 2 3 4 5 10 13] [1 2 3 4 5 8 13 52 58] [1 2 3 4 5 6 8 13] [1 2 4 5 6 8 11] [1 2 3 5 8 10 13 19 52] [1 2 3 4 5 7 8 13] [1 2 3 5 8 10 13] [1 2 3 5 7 8 10 19] [1 2 4 5 8] [1 2 4 5 7 13 52] [1 2 3 5 7 8 10 13] [1 2 3 4 5 10] [1 2 3 4 5 7 8 13 17] [1 2 3 13] [1 2 3 4 5 7 10 13 17] [1 2 3 4 5 8 10 13 19 52 58] [1 2 3 4 5 8 10 13 17] [1 2 3 4 5 13 52] [1 2 3 4 5 6 8 11 13 52 58] [1 2 3 5 10 13] [1 5 27] [1 2 4 5 6 7 8 9 10 13] [1 2 3 4 5 7 17] [1 2 7 13] [1 2 4 5 6 8] [1 2 3 4 5 7 8 10 13 17 52] [1 2 3 4 5 13 52 58] [1 2 4 5 7 9 10] [1 2 3 4 5 7 8 13 52] [1 2 3 5 7 10 13 52] [1 2 3 4 5 7 10 17 43 58] [1 2 3 4 5 6] [1 13] [1 2 5 7 10 13 17 52] [1 2 3 4 5 7 8 10 13 17 19] [1 2 3 4 5 7 8 9 10 11] [1 2 3 4 5 7 8 17] [1 2 3 4 5 6 7 8 9 13 52 58] [] [] [] [] [] [] [] [] [] [] [] [] [] [] [] [] [] [] [] [] [] [] [] [] [] [] [] [] [] [] [] [] [] [] [] [] [] [] [] [] [] [] [] [] [] [] [] [] [] [] [] [] [] [] [] [] [] [] [] [] [] [] [] [] [] [] [] [] [] [] [] [] []
57 [] [1 2 3 4 5 7 8] [1 2 4 5 7 13] [1 2 3 4 5] [1 2 5 7 10 13 17] [1 2 4 5] [1 2 3 4 5 7 8 10] [1 2 3 4 5 8 13 17] [1 2 4 5 7] [1 2 3 4 5 8 10 13 19] [1 2 5 7 10] [1 2 3 4 5 13] [1 2 3 4 5 7 10] [1 2 3 4 5 7] [1 2 3 4 5 7 8 10 13 52] [1 2 3 4 5 8 10 19] [1 2 3 4 5 7 8 10 19] [1 2 3 5] [1 2 3 5 10] [1 2 3 4 5 8 13 52] [1 2 3 5 8 13] [1 2 5 7] [1 2 3 4 5 8 10] [1 2 3 5 7 8] [1 2 4] [1 2 3 5 7 10] [1 2 5 13] [1 2 3 5 7] [1 2 3 4 5 8 10 13] [1 2 3 4 5 7 8 10 13 17 24] [1 2 4 13] [1 2 13] [1 2 3 5 8 10] [1 2 3 4 5 7 13 17] [1 2 3 4 5 7 13] [1 2 3 4] [1 2 3 4 5 7 13 52] [1 2 4 5 7 10] [1 2 3 5 13 52] [1 2 3 8 13] [1 2 4 5 7 10 13] [1 2 3 4 5 7 8 10 13 17 43] [1 2 3 4 5 7 13 52 58] [1 2 3 5 7 13] [1 2 3 5 7 8 13] [1 2 3 4 5 7 10 13] [1 2 3 4 5 7 8 10 13] [1 2 3 4 13 52] [1 2 3 4 5 8 13] [1 2 3 4 5 7 10 17] [1 2 13 52] [1 2 4 8 13] [1 2 4 5 13] [1 2 3 5 13] [1 2 5] [1 2 5 7 13 52] [1 2 3 5 7 8 10] [1 2 3 4 5 8] [1 2 3 4 5 7 8 10 13 19] [1 2 3] [1 2 3 4 5 7 8 10 17] [1 2 3 5 8] [1 2 3 4 5 7 8 10 13 17] [1 2 3 4 5 10 13 52] [1 2 3 4 5 7 9 10 13 52] [1 2 3 4 5 6 7 8 10] [1 2] [1 2 3 4 5 7 8 9 10 13 52] [1 2 3 4 5 7 10 13 17 52] [1 2 5 10 13] [1 2 3 4 5 6 7 8 9 10 13 17 24] [1 2 3 5 7 9] [1 5] [1] [1 2 10] [1 2 3 5 7 8 10 11] [1 2 3 4 5 6 7 8 10 11 17] [1 2 4 5 7 9] [1 2 3 4 5 7 8 9 13] [1 2 3 5 7 10 13] [1 2 3 4 5 6 7 8 13 52] [1 2 3 4 5 7 8 13 17 52 58] [1 2 4 5 6 7 8 11 13] [1 2 3 4 5 7 9 13] [1 2 3 4 5 6 7] [1 2 3 4 5 6 7 8 9] [1 2 4 5 7 8 10 13] [1 2 3 4 5 7 9] [1 2 3 4 5 7 8 9 10 13 17] [1 2 4 5 7 8 9 10 13 17 43] [1 2 3 4 5 10 13] [1 2 3 4 5 8 13 52 58] [1 2 3 4 5 6 8 13] [1 2 4 5 6 8 11] [1 2 3 5 8 10 13 19 52] [1 2 3 4 5 7 8 13] [1 2 3 5 8 10 13] [1 2 3 5 7 8 10 19] [1 2 4 5 8] [1 2 4 5 7 13 52] [1 2 3 5 7 8 10 13] [1 2 3 4 5 10] [1 2 3 4 5 7 8 13 17] [1 2 3 13] [1 2 3 4 5 7 10 13 17] [1 2 3 4 5 8 10 13 19 52 58] [1 2 3 4 5 8 10 13 17] [1 2 3 4 5 13 52] [1 2 3 4 5 6 8 11 13 52 58] [1 2 3 5 10 13] [1 5 27] [1 2 4 5 6 7 8 9 10 13] [1 2 3 4 5 7 17] [1 2 7 13] [1 2 4 5 6 8] [1 2 3 4 5 7 8 10 13 17 52] [1 2 3 4 5 13 52 58] [1 2 4 5 7 9 10] [1 2 3 4 5 7 8 13 52] [1 2 3 5 7 10 13 52] [1 2 3 4 5 7 10 17 43 58] [1 2 3 4 5 6] [1 13] [1 2 5 7 10 13 17 52] [1 2 3 4 5 7 8 10 13 17 19] [1 2 3 4 5 7 8 9 10 11] [1 2 3 4 5 7 8 17] [1 2 3 4 5 6 7 8 9 13 52 58] [] [] [] [] [] [] [] [] [] [] [] [] [] [] [] [] [] [] [] [] [] [] [] [] [] [] [] [] [] [] [] [] [] [] [] [] [] [] [] [] [] [] [] [] [] [] [] [] [] [] [] [] [] [] [] [] [] [] [] [] [] [] [] [] [] [] [] [] [] [] [] [] []
58 [] [1 2 3 4 5] [1 2 5 7 10 13 17] [1 2 4 5] [1 2 3 4 5 7 8 10] [1 2 3 4 5 8 13 17] [1 2 4 5 7] [1 2 3 4 5 8 10 13 19] [1 2 5 7 10] [1 2 3 4 5 13] [1 2 3 4 5 7 10] [1 2 3 4 5 7] [1 2 3 4 5 7 8 10 13 52] [1 2 3 4 5 8 10 19] [1 2 3 4 5 7 8 10 19] [1 2 3 5] [1 2 3 5 10] [1 2 3 4 5 8 13 52] [1 2 3 5 8 13] [1 2 5 7] [1 2 3 4 5 8 10] [1 2 3 5 7 8] [1 2 4] [1 2 3 5 7 10] [1 2 3 4 5 7 8] [1 2 5 13] [1 2 3 5 7] [1 2 3 4 5 8 10 13] [1 2 3 4 5 7 8 10 13 17 24] [1 2 4 13] [1 2 13] [1 2 3 5 8 10] [1 2 4 5 7 13] [1 2 3 4 5 7 13 17] [1 2 3 4 5 7 13] [1 2 3 4] [1 2 3 4 5 7 13 52] [1 2 4 5 7 10] [1 2 3 5 13 52] [1 2 3 8 13] [1 2 4 5 7 10 13] [1 2 3 4 5 7 8 10 13 17 43] [1 2 3 4 5 7 13 52 58] [1 2 3 5 7 13] [1 2 3 5 7 8 13] [1 2 3 4 5 7 10 13] [1 2 3 4 5 7 8 10 13] [1 2 3 4 13 52] [1 2 3 4 5 8 13] [1 2 3 4 5 7 10 17] [1 2 13 52] [1 2 4 8 13] [1 2 4 5 13] [1 2 3 5 13] [1 2 5] [1 2 5 7 13 52] [1 2 3 5 7 8 10] [1 2 3 4 5 8] [1 2 3 4 5 7 8 10 13 19] [1 2 3] [1 2 3 4 5 7 8 10 17] [1 2 3 5 8] [1 2 3 4 5 7 8 10 13 17] [1 2 3 4 5 10 13 52] [1 2 3 4 5 7 9 10 13 52] [1 2 3 4 5 6 7 8 10] [1 2] [1 2 3 4 5 7 8 9 10 13 52] [1 2 3 4 5 7 10 13 17 52] [1 2 5 10 13] [1 2 3 4 5 6 7 8 9 10 13 17 24] [1 2 3 5 7 9] [1 5] [1] [1 2 10] [1 2 3 5 7 8 10 11] [1 2 3 4 5 6 7 8 10 11 17] [1 2 4 5 7 9] [1 2 3 4 5 7 8 9 13] [1 2 3 5 7 10 13] [1 2 3 4 5 6 7 8 13 52] [1 2 3 4 5 7 8 13 17 52 58] [1 2 4 5 6 7 8 11 13] [1 2 3 4 5 7 9 13] [1 2 3 4 5 6 7] [1 2 3 4 5 6 7 8 9] [1 2 4 5 7 8 10 13] [1 2 3 4 5 7 9] [1 2 3 4 5 7 8 9 10 13 17] [1 2 4 5 7 8 9 10 13 17 43] [1 2 3 4 5 10 13] [1 2 3 4 5 8 13 52 58] [1 2 3 4 5 6 8 13] [1 2 4 5 6 8 11] [1 2 3 5 8 10 13 19 52] [1 2 3 4 5 7 8 13] [1 2 3 5 8 10 13] [1 2 3 5 7 8 10 19] [1 2 4 5 8] [1 2 4 5 7 13 52] [1 2 3 5 7 8 10 13] [1 2 3 4 5 10] [1 2 3 4 5 7 8 13 17] [1 2 3 13] [1 2 3 4 5 7 10 13 17] [1 2 3 4 5 8 10 13 19 52 58] [1 2 3 4 5 8 10 13 17] [1 2 3 4 5 13 52] [1 2 3 4 5 6 8 11 13 52 58] [1 2 3 5 10 13] [1 5 27] [1 2 4 5 6 7 8 9 10 13] [1 2 3 4 5 7 17] [1 2 7 13] [1 2 4 5 6 8] [1 2 3 4 5 7 8 10 13 17 52] [1 2 3 4 5 13 52 58] [1 2 4 5 7 9 10] [1 2 3 4 5 7 8 13 52] [1 2 3 5 7 10 13 52] [1 2 3 4 5 7 10 17 43 58] [1 2 3 4 5 6] [1 13] [1 2 5 7 10 13 17 52] [1 2 3 4 5 7 8 10 13 17 19] [1 2 3 4 5 7 8 9 10 11] [1 2 3 4 5 7 8 17] [1 2 3 4 5 6 7 8 9 13 52 58] [] [] [] [] [] [] [] [] [] [] [] [] [] [] [] [] [] [] [] [] [] [] [] [] [] [] [] [] [] [] [] [] [] [] [] [] [] [] [] [] [] [] [] [] [] [] [] [] [] [] [] [] [] [] [] [] [] [] [] [] [] [] [] [] [] [] [] [] [] [] [] [] []
59 [] [1 2 3 4 5] [1 2 4 5] [1 2 3 4 5 7 8 10] [1 2 3 4 5 8 13 17] [1 2 4 5 7] [1 2 3 4 5 8 10 13 19] [1 2 5 7 10] [1 2 3 4 5 13] [1 2 3 4 5 7 10] [1 2 3 4 5 7] [1 2 3 4 5 7 8 10 13 52] [1 2 3 4 5 8 10 19] [1 2 3 4 5 7 8 10 19] [1 2 3 5] [1 2 3 5 10] [1 2 3 4 5 8 13 52] [1 2 3 5 8 13] [1 2 5 7] [1 2 3 4 5 8 10] [1 2 3 5 7 8] [1 2 4] [1 2 3 5 7 10] [1 2 3 4 5 7 8] [1 2 5 13] [1 2 3 5 7] [1 2 3 4 5 8 10 13] [1 2 3 4 5 7 8 10 13 17 24] [1 2 4 13] [1 2 13] [1 2 3 5 8 10] [1 2 4 5 7 13] [1 2 3 4 5 7 13 17] [1 2 3 4 5 7 13] [1 2 3 4] [1 2 3 4 5 7 13 52] [1 2 4 5 7 10] [1 2 3 5 13 52] [1 2 3 8 13] [1 2 4 5 7 10 13] [1 2 3 4 5 7 8 10 13 17 43] [1 2 3 4 5 7 13 52 58] [1 2 3 5 7 13] [1 2 3 5 7 8 13] [1 2 3 4 5 7 10 13] [1 2 3 4 5 7 8 10 13] [1 2 3 4 13 52] [1 2 3 4 5 8 13] [1 2 3 4 5 7 10 17] [1 2 13 52] [1 2 4 8 13] [1 2 4 5 13] [1 2 3 5 13] [1 2 5] [1 2 5 7 13 52] [1 2 3 5 7 8 10] [1 2 3 4 5 8] [1 2 3 4 5 7 8 10 13 19] [1 2 3] [1 2 3 4 5 7 8 10 17] [1 2 3 5 8] [1 2 3 4 5 7 8 10 13 17] [1 2 3 4 5 10 13 52] [1 2 3 4 5 7 9 10 13 52] [1 2 3 4 5 6 7 8 10] [1 2] [1 2 3 4 5 7 8 9 10 13 52] [1 2 3 4 5 7 10 13 17 52] [1 2 5 10 13] [1 2 3 4 5 6 7 8 9 10 13 17 24] [1 2 3 5 7 9] [1 5] [1] [1 2 10] [1 2 3 5 7 8 10 11] [1 2 3 4 5 6 7 8 10 11 17] [1 2 4 5 7 9] [1 2 3 4 5 7 8 9 13] [1 2 3 5 7 10 13] [1 2 3 4 5 6 7 8 13 52] [1 2 3 4 5 7 8 13 17 52 58] [1 2 4 5 6 7 8 11 13] [1 2 3 4 5 7 9 13] [1 2 3 4 5 6 7] [1 2 3 4 5 6 7 8 9] [1 2 4 5 7 8 10 13] [1 2 3 4 5 7 9] [1 2 3 4 5 7 8 9 10 13 17] [1 2 4 5 7 8 9 10 13 17 43] [1 2 3 4 5 10 13] [1 2 3 4 5 8 13 52 58] [1 2 3 4 5 6 8 13] [1 2 4 5 6 8 11] [1 2 3 5 8 10 13 19 52] [1 2 3 4 5 7 8 13] [1 2 3 5 8 10 13] [1 2 3 5 7 8 10 19] [1 2 4 5 8] [1 2 4 5 7 13 52] [1 2 3 5 7 8 10 13] [1 2 3 4 5 10] [1 2 3 4 5 7 8 13 17] [1 2 3 13] [1 2 3 4 5 7 10 13 17] [1 2 3 4 5 8 10 13 19 52 58] [1 2 3 4 5 8 10 13 17] [1 2 3 4 5 13 52] [1 2 3 4 5 6 8 11 13 52 58] [1 2 3 5 10 13] [1 5 27] [1 2 4 5 6 7 8 9 10 13] [1 2 3 4 5 7 17] [1 2 7 13] [1 2 4 5 6 8] [1 2 3 4 5 7 8 10 13 17 52] [1 2 3 4 5 13 52 58] [1 2 4 5 7 9 10] [1 2 3 4 5 7 8 13 52] [1 2 3 5 7 10 13 52] [1 2 3 4 5 7 10 17 43 58] [1 2 3 4 5 6] [1 13] [1 2 5 7 10 13 17 52] [1 2 3 4 5 7 8 10 13 17 19] [1 2 3 4 5 7 8 9 10 11] [1 2 3 4 5 7 8 17] [1 2 3 4 5 6 7 8 9 13 52 58] [] [] [] [] [] [] [] [] [] [] [] [] [] [] [] [] [] [] [] [] [] [] [] [] [] [] [] [] [] [] [] [] [] [] [] [] [] [] [] [] [] [] [] [] [] [] [] [] [] [] [] [] [] [] [] [] [] [] [] [] [] [] [] [] [] [] [] [] [] [] [] [] [] []
60 [] [1 2 3 4 5 7 8 10] [1 2 3 4 5 8 13 17] [1 2 4 5 7] [1 2 3 4 5 8 10 13 19] [1 2 5 7 10] [1 2 3 4 5 13] [1 2 3 4 5 7 10] [1 2 3 4 5 7] [1 2 3 4 5 7 8 10 13 52] [1 2 3 4 5 8 10 19] [1 2 3 4 5 7 8 10 19] [1 2 3 5] [1 2 3 5 10] [1 2 4 5] [1 2 3 4 5 8 13 52] [1 2 3 5 8 13] [1 2 5 7] [1 2 3 4 5 8 10] [1 2 3 5 7 8] [1 2 4] [1 2 3 5 7 10] [1 2 3 4 5 7 8] [1 2 5 13] [1 2 3 4 5] [1 2 3 5 7] [1 2 3 4 5 8 10 13] [1 2 3 4 5 7 8 10 13 17 24] [1 2 4 13] [1 2 13] [1 2 3 5 8 10] [1 2 4 5 7 13] [1 2 3 4 5 7 13 17] [1 2 3 4 5 7 13] [1 2 3 4] [1 2 3 4 5 7 13 52] [1 2 4 5 7 10] [1 2 3 5 13 52] [1 2 3 8 13] [1 2 4 5 7 10 13] [1 2 3 4 5 7 8 10 13 17 43] [1 2 3 4 5 7 13 52 58] [1 2 3 5 7 13] [1 2 3 5 7 8 13] [1 2 3 4 5 7 10 13] [1 2 3 4 5 7 8 10 13] [1 2 3 4 13 52] [1 2 3 4 5 8 13] [1 2 3 4 5 7 10 17] [1 2 13 52] [1 2 4 8 13] [1 2 4 5 13] [1 2 3 5 13] [1 2 5] [1 2 5 7 13 52] [1 2 3 5 7 8 10] [1 2 3 4 5 8] [1 2 3 4 5 7 8 10 13 19] [1 2 3] [1 2 3 4 5 7 8 10 17] [1 2 3 5 8] [1 2 3 4 5 7 8 10 13 17] [1 2 3 4 5 10 13 52] [1 2 3 4 5 7 9 10 13 52] [1 2 3 4 5 6 7 8 10] [1 2] [1 2 3 4 5 7 8 9 10 13 52] [1 2 3 4 5 7 10 13 17 52] [1 2 5 10 13] [1 2 3 4 5 6 7 8 9 10 13 17 24] [1 2 3 5 7 9] [1 5] [1] [1 2 10] [1 2 3 5 7 8 10 11] [1 2 3 4 5 6 7 8 10 11 17] [1 2 4 5 7 9] [1 2 3 4 5 7 8 9 13] [1 2 3 5 7 10 13] [1 2 3 4 5 6 7 8 13 52] [1 2 3 4 5 7 8 13 17 52 58] [1 2 4 5 6 7 8 11 13] [1 2 3 4 5 7 9 13] [1 2 3 4 5 6 7] [1 2 3 4 5 6 7 8 9] [1 2 4 5 7 8 10 13] [1 2 3 4 5 7 9] [1 2 3 4 5 7 8 9 10 13 17] [1 2 4 5 7 8 9 10 13 17 43] [1 2 3 4 5 10 13] [1 2 3 4 5 8 13 52 58] [1 2 3 4 5 6 8 13] [1 2 4 5 6 8 11] [1 2 3 5 8 10 13 19 52] [1 2 3 4 5 7 8 13] [1 2 3 5 8 10 13] [1 2 3 5 7 8 10 19] [1 2 4 5 8] [1 2 4 5 7 13 52] [1 2 3 5 7 8 10 13] [1 2 3 4 5 10] [1 2 3 4 5 7 8 13 17] [1 2 3 13] [1 2 3 4 5 7 10 13 17] [1 2 3 4 5 8 10 13 19 52 58] [1 2 3 4 5 8 10 13 17] [1 2 3 4 5 13 52] [1 2 3 4 5 6 8 11 13 52 58] [1 2 3 5 10 13] [1 5 27] [1 2 4 5 6 7 8 9 10 13] [1 2 3 4 5 7 17] [1 2 7 13] [1 2 4 5 6 8] [1 2 3 4 5 7 8 10 13 17 52] [1 2 3 4 5 13 52 58] [1 2 4 5 7 9 10] [1 2 3 4 5 7 8 13 52] [1 2 3 5 7 10 13 52] [1 2 3 4 5 7 10 17 43 58] [1 2 3 4 5 6] [1 13] [1 2 5 7 10 13 17 52] [1 2 3 4 5 7 8 10 13 17 19] [1 2 3 4 5 7 8 9 10 11] [1 2 3 4 5 7 8 17] [1 2 3 4 5 6 7 8 9 13 52 58] [] [] [] [] [] [] [] [] [] [] [] [] [] [] [] [] [] [] [] [] [] [] [] [] [] [] [] [] [] [] [] [] [] [] [] [] [] [] [] [] [] [] [] [] [] [] [] [] [] [] [] [] [] [] [] [] [] [] [] [] [] [] [] [] [] [] [] [] [] [] [] [] [] []
61 [] [1 2 4 5 7] [1 2 3 4 5 8 10 13 19] [1 2 5 7 10] [1 2 3 4 5 13] [1 2 3 4 5 7 10] [1 2 3 4 5 7] [1 2 3 4 5 7 8 10 13 52] [1 2 3 4 5 8 10 19] [1 2 3 4 5 7 8 10 19] [1 2 3 5] [1 2 3 5 10] [1 2 3 4 5 7 8 10] [1 2 4 5] [1 2 3 4 5 8 13 52] [1 2 3 5 8 13] [1 2 5 7] [1 2 3 4 5 8 10] [1 2 3 5 7 8] [1 2 4] [1 2 3 5 7 10] [1 2 3 4 5 7 8] [1 2 5 13] [1 2 3 4 5] [1 2 3 5 7] [1 2 3 4 5 8 10 13] [1 2 3 4 5 7 8 10 13 17 24] [1 2 4 13] [1 2 13] [1 2 3 5 8 10] [1 2 4 5 7 13] [1 2 3 4 5 7 13 17] [1 2 3 4 5 7 13] [1 2 3 4] [1 2 3 4 5 7 13 52] [1 2 4 5 7 10] [1 2 3 5 13 52] [1 2 3 8 13] [1 2 4 5 7 10 13] [1 2 3 4 5 7 8 10 13 17 43] [1 2 3 4 5 7 13 52 58] [1 2 3 5 7 13] [1 2 3 5 7 8 13] [1 2 3 4 5 7 10 13] [1 2 3 4 5 7 8 10 13] [1 2 3 4 13 52] [1 2 3 4 5 8 13] [1 2 3 4 5 7 10 17] [1 2 13 52] [1 2 4 8 13] [1 2 4 5 13] [1 2 3 4 5 8 13 17] [1 2 3 5 13] [1 2 5] [1 2 5 7 13 52] [1 2 3 5 7 8 10] [1 2 3 4 5 8] [1 2 3 4 5 7 8 10 13 19] [1 2 3] [1 2 3 4 5 7 8 10 17] [1 2 3 5 8] [1 2 3 4 5 7 8 10 13 17] [1 2 3 4 5 10 13 52] [1 2 3 4 5 7 9 10 13 52] [1 2 3 4 5 6 7 8 10] [1 2] [1 2 3 4 5 7 8 9 10 13 52] [1 2 3 4 5 7 10 13 17 52] [1 2 5 10 13] [1 2 3 4 5 6 7 8 9 10 13 17 24] [1 2 3 5 7 9] [1 5] [1] [1 2 10] [1 2 3 5 7 8 10 11] [1 2 3 4 5 6 7 8 10 11 17] [1 2 4 5 7 9] [1 2 3 4 5 7 8 9 13] [1 2 3 5 7 10 13] [1 2 3 4 5 6 7 8 13 52] [1 2 3 4 5 7 8 13 17 52 58] [1 2 4 5 6 7 8 11 13] [1 2 3 4 5 7 9 13] [1 2 3 4 5 6 7] [1 2 3 4 5 6 7 8 9] [1 2 4 5 7 8 10 13] [1 2 3 4 5 7 9] [1 2 3 4 5 7 8 9 10 13 17] [1 2 4 5 7 8 9 10 13 17 43] [1 2 3 4 5 10 13] [1 2 3 4 5 8 13 52 58] [1 2 3 4 5 6 8 13] [1 2 4 5 6 8 11] [1 2 3 5 8 10 13 19 52] [1 2 3 4 5 7 8 13] [1 2 3 5 8 10 13] [1 2 3 5 7 8 10 19] [1 2 4 5 8] [1 2 4 5 7 13 52] [1 2 3 5 7 8 10 13] [1 2 3 4 5 10] [1 2 3 4 5 7 8 13 17] [1 2 3 13] [1 2 3 4 5 7 10 13 17] [1 2 3 4 5 8 10 13 19 52 58] [1 2 3 4 5 8 10 13 17] [1 2 3 4 5 13 52] [1 2 3 4 5 6 8 11 13 52 58] [1 2 3 5 10 13] [1 5 27] [1 2 4 5 6 7 8 9 10 13] [1 2 3 4 5 7 17] [1 2 7 13] [1 2 4 5 6 8] [1 2 3 4 5 7 8 10 13 17 52] [1 2 3 4 5 13 52 58] [1 2 4 5 7 9 10] [1 2 3 4 5 7 8 13 52] [1 2 3 5 7 10 13 52] [1 2 3 4 5 7 10 17 43 58] [1 2 3 4 5 6] [1 13] [1 2 5 7 10 13 17 52] [1 2 3 4 5 7 8 10 13 17 19] [1 2 3 4 5 7 8 9 10 11] [1 2 3 4 5 7 8 17] [1 2 3 4 5 6 7 8 9 13 52 58] [] [] [] [] [] [] [] [] [] [] [] [] [] [] [] [] [] [] [] [] [] [] [] [] [] [] [] [] [] [] [] [] [] [] [] [] [] [] [] [] [] [] [] [] [] [] [] [] [] [] [] [] [] [] [] [] [] [] [] [] [] [] [] [] [] [] [] [] [] [] [] [] [] []
62 [] [1 2 5 7 10] [1 2 3 4 5 13] [1 2 3 4 5 7 10] [1 2 3 4 5 7] [1 2 3 4 5 7 8 10 13 52] [1 2 3 4 5 8 10 19] [1 2 3 4 5 7 8 10 19] [1 2 3 5] [1 2 3 5 10] [1 2 3 4 5 7 8 10] [1 2 4 5] [1 2 3 4 5 8 13 52] [1 2 4 5 7] [1 2 3 5 8 13] [1 2 5 7] [1 2 3 4 5 8 10] [1 2 3 5 7 8] [1 2 4] [1 2 3 5 7 10] [1 2 3 4 5 7 8] [1 2 5 13] [1 2 3 4 5] [1 2 3 5 7] [1 2 3 4 5 8 10 13] [1 2 3 4 5 7 8 10 13 17 24] [1 2 4 13] [1 2 13] [1 2 3 5 8 10] [1 2 4 5 7 13] [1 2 3 4 5 7 13 17] [1 2 3 4 5 7 13] [1 2 3 4] [1 2 3 4 5 7 13 52] [1 2 4 5 7 10] [1 2 3 5 13 52] [1 2 3 8 13] [1 2 4 5 7 10 13] [1 2 3 4 5 7 8 10 13 17 43] [1 2 3 4 5 7 13 52 58] [1 2 3 5 7 13] [1 2 3 5 7 8 13] [1 2 3 4 5 7 10 13] [1 2 3 4 5 7 8 10 13] [1 2 3 4 13 52] [1 2 3 4 5 8 13] [1 2 3 4 5 7 10 17] [1 2 13 52] [1 2 4 8 13] [1 2 4 5 13] [1 2 3 4 5 8 13 17] [1 2 3 5 13] [1 2 5] [1 2 5 7 13 52] [1 2 3 5 7 8 10] [1 2 3 4 5 8] [1 2 3 4 5 7 8 10 13 19] [1 2 3] [1 2 3 4 5 7 8 10 17] [1 2 3 5 8] [1 2 3 4 5 7 8 10 13 17] [1 2 3 4 5 10 13 52] [1 2 3 4 5 7 9 10 13 52] [1 2 3 4 5 6 7 8 10] [1 2] [1 2 3 4 5 7 8 9 10 13 52] [1 2 3 4 5 7 10 13 17 52] [1 2 5 10 13] [1 2 3 4 5 6 7 8 9 10 13 17 24] [1 2 3 5 7 9] [1 5] [1] [1 2 10] [1 2 3 5 7 8 10 11] [1 2 3 4 5 6 7 8 10 11 17] [1 2 4 5 7 9] [1 2 3 4 5 7 8 9 13] [1 2 3 5 7 10 13] [1 2 3 4 5 6 7 8 13 52] [1 2 3 4 5 7 8 13 17 52 58] [1 2 4 5 6 7 8 11 13] [1 2 3 4 5 7 9 13] [1 2 3 4 5 6 7] [1 2 3 4 5 6 7 8 9] [1 2 4 5 7 8 10 13] [1 2 3 4 5 7 9] [1 2 3 4 5 7 8 9 10 13 17] [1 2 4 5 7 8 9 10 13 17 43] [1 2 3 4 5 10 13] [1 2 3 4 5 8 13 52 58] [1 2 3 4 5 6 8 13] [1 2 4 5 6 8 11] [1 2 3 5 8 10 13 19 52] [1 2 3 4 5 7 8 13] [1 2 3 5 8 10 13] [1 2 3 5 7 8 10 19] [1 2 4 5 8] [1 2 4 5 7 13 52] [1 2 3 5 7 8 10 13] [1 2 3 4 5 10] [1 2 3 4 5 7 8 13 17] [1 2 3 13] [1 2 3 4 5 7 10 13 17] [1 2 3 4 5 8 10 13 19 52 58] [1 2 3 4 5 8 10 13 17] [1 2 3 4 5 13 52] [1 2 3 4 5 6 8 11 13 52 58] [1 2 3 5 10 13] [1 5 27] [1 2 4 5 6 7 8 9 10 13] [1 2 3 4 5 7 17] [1 2 7 13] [1 2 4 5 6 8] [1 2 3 4 5 7 8 10 13 17 52] [1 2 3 4 5 13 52 58] [1 2 4 5 7 9 10] [1 2 3 4 5 7 8 13 52] [1 2 3 5 7 10 13 52] [1 2 3 4 5 7 10 17 43 58] [1 2 3 4 5 6] [1 13] [1 2 5 7 10 13 17 52] [1 2 3 4 5 7 8 10 13 17 19] [1 2 3 4 5 7 8 9 10 11] [1 2 3 4 5 7 8 17] [1 2 3 4 5 6 7 8 9 13 52 58] [] [] [] [] [] [] [] [] [] [] [] [] [] [] [] [] [] [] [] [] [] [] [] [] [] [] [] [] [] [] [] [] [] [] [] [] [] [] [] [] [] [] [] [] [] [] [] [] [] [] [] [] [] [] [] [] [] [] [] [] [] [] [] [] [] [] [] [] [] [] [] [] [] [] []
63 [] [1 2 3 4 5 7 10] [1 2 3 4 5 7] [1 2 3 4 5 7 8 10 13 52] [1 2 3 4 5 8 10 19] [1 2 3 4 5 7 8 10 19] [1 2 3 5] [1 2 3 5 10] [1 2 3 4 5 7 8 10] [1 2 4 5] [1 2 3 4 5 8 13 52] [1 2 4 5 7] [1 2 3 5 8 13] [1 2 5 7] [1 2 3 4 5 8 10] [1 2 3 5 7 8] [1 2 4] [1 2 3 5 7 10] [1 2 3 4 5 7 8] [1 2 5 13] [1 2 3 4 5] [1 2 3 5 7] [1 2 3 4 5 8 10 13] [1 2 3 4 5 7 8 10 13 17 24] [1 2 4 13] [1 2 13] [1 2 3 5 8 10] [1 2 4 5 7 13] [1 2 3 4 5 7 13 17] [1 2 3 4 5 7 13] [1 2 3 4] [1 2 3 4 5 7 13 52] [1 2 4 5 7 10] [1 2 3 5 13 52] [1 2 3 8 13] [1 2 4 5 7 10 13] [1 2 3 4 5 7 8 10 13 17 43] [1 2 3 4 5 7 13 52 58] [1 2 3 5 7 13] [1 2 3 5 7 8 13] [1 2 3 4 5 7 10 13] [1 2 3 4 5 7 8 10 13] [1 2 3 4 13 52] [1 2 3 4 5 8 13] [1 2 3 4 5 7 10 17] [1 2 13 52] [1 2 4 8 13] [1 2 4 5 13] [1 2 3 4 5 8 13 17] [1 2 3 4 5 13] [1 2 3 5 13] [1 2 5] [1 2 5 7 13 52] [1 2 3 5 7 8 10] [1 2 3 4 5 8] [1 2 3 4 5 7 8 10 13 19] [1 2 3] [1 2 3 4 5 7 8 10 17] [1 2 3 5 8] [1 2 3 4 5 7 8 10 13 17] [1 2 3 4 5 10 13 52] [1 2 3 4 5 7 9 10 13 52] [1 2 3 4 5 6 7 8 10] [1 2] [1 2 3 4 5 7 8 9 10 13 52] [1 2 3 4 5 7 10 13 17 52] [1 2 5 10 13] [1 2 3 4 5 6 7 8 9 10 13 17 24] [1 2 3 5 7 9] [1 5] [1] [1 2 10] [1 2 3 5 7 8 10 11] [1 2 3 4 5 6 7 8 10 11 17] [1 2 4 5 7 9] [1 2 3 4 5 7 8 9 13] [1 2 3 5 7 10 13] [1 2 3 4 5 6 7 8 13 52] [1 2 3 4 5 7 8 13 17 52 58] [1 2 4 5 6 7 8 11 13] [1 2 3 4 5 7 9 13] [1 2 3 4 5 6 7] [1 2 3 4 5 6 7 8 9] [1 2 4 5 7 8 10 13] [1 2 3 4 5 7 9] [1 2 3 4 5 7 8 9 10 13 17] [1 2 4 5 7 8 9 10 13 17 43] [1 2 3 4 5 10 13] [1 2 3 4 5 8 13 52 58] [1 2 3 4 5 6 8 13] [1 2 4 5 6 8 11] [1 2 3 5 8 10 13 19 52] [1 2 3 4 5 7 8 13] [1 2 3 5 8 10 13] [1 2 3 5 7 8 10 19] [1 2 4 5 8] [1 2 4 5 7 13 52] [1 2 3 5 7 8 10 13] [1 2 3 4 5 10] [1 2 3 4 5 7 8 13 17] [1 2 3 13] [1 2 3 4 5 7 10 13 17] [1 2 5 7 10] [1 2 3 4 5 8 10 13 19 52 58] [1 2 3 4 5 8 10 13 17] [1 2 3 4 5 13 52] [1 2 3 4 5 6 8 11 13 52 58] [1 2 3 5 10 13] [1 5 27] [1 2 4 5 6 7 8 9 10 13] [1 2 3 4 5 7 17] [1 2 7 13] [1 2 4 5 6 8] [1 2 3 4 5 7 8 10 13 17 52] [1 2 3 4 5 13 52 58] [1 2 4 5 7 9 10] [1 2 3 4 5 7 8 13 52] [1 2 3 5 7 10 13 52] [1 2 3 4 5 7 10 17 43 58] [1 2 3 4 5 6] [1 13] [1 2 5 7 10 13 17 52] [1 2 3 4 5 7 8 10 13 17 19] [1 2 3 4 5 7 8 9 10 11] [1 2 3 4 5 7 8 17] [1 2 3 4 5 6 7 8 9 13 52 58] [] [] [] [] [] [] [] [] [] [] [] [] [] [] [] [] [] [] [] [] [] [] [] [] [] [] [] [] [] [] [] [] [] [] [] [] [] [] [] [] [] [] [] [] [] [] [] [] [] [] [] [] [] [] [] [] [] [] [] [] [] [] [] [] [] [] [] [] [] [] [] [] [] [] []
64 [] [1 2 3 4 5 7 10] [1 2 3 4 5 7 8 10 13 52] [1 2 3 4 5 8 10 19] [1 2 3 4 5 7 8 10 19] [1 2 3 5] [1 2 3 5 10] [1 2 3 4 5 7 8 10] [1 2 4 5] [1 2 3 4 5 8 13 52] [1 2 4 5 7] [1 2 3 4 5 7] [1 2 3 5 8 13] [1 2 5 7] [1 2 3 4 5 8 10] [1 2 3 5 7 8] [1 2 4] [1 2 3 5 7 10] [1 2 3 4 5 7 8] [1 2 5 13] [1 2 3 4 5] [1 2 3 5 7] [1 2 3 4 5 8 10 13] [1 2 3 4 5 7 8 10 13 17 24] [1 2 4 13] [1 2 13] [1 2 3 5 8 10] [1 2 4 5 7 13] [1 2 3 4 5 7 13 17] [1 2 3 4 5 7 13] [1 2 3 4] [1 2 3 4 5 7 13 52] [1 2 4 5 7 10] [1 2 3 5 13 52] [1 2 3 8 13] [1 2 4 5 7 10 13] [1 2 3 4 5 7 8 10 13 17 43] [1 2 3 4 5 7 13 52 58] [1 2 3 5 7 13] [1 2 3 5 7 8 13] [1 2 3 4 5 7 10 13] [1 2 3 4 5 7 8 10 13] [1 2 3 4 13 52] [1 2 3 4 5 8 13] [1 2 3 4 5 7 10 17] [1 2 13 52] [1 2 4 8 13] [1 2 4 5 13] [1 2 3 4 5 8 13 17] [1 2 3 4 5 13] [1 2 3 5 13] [1 2 5] [1 2 5 7 13 52] [1 2 3 5 7 8 10] [1 2 3 4 5 8] [1 2 3 4 5 7 8 10 13 19] [1 2 3] [1 2 3 4 5 7 8 10 17] [1 2 3 5 8] [1 2 3 4 5 7 8 10 13 17] [1 2 3 4 5 10 13 52] [1 2 3 4 5 7 9 10 13 52] [1 2 3 4 5 6 7 8 10] [1 2] [1 2 3 4 5 7 8 9 10 13 52] [1 2 3 4 5 7 10 13 17 52] [1 2 5 10 13] [1 2 3 4 5 6 7 8 9 10 13 17 24] [1 2 3 5 7 9] [1 5] [1] [1 2 10] [1 2 3 5 7 8 10 11] [1 2 3 4 5 6 7 8 10 11 17] [1 2 4 5 7 9] [1 2 3 4 5 7 8 9 13] [1 2 3 5 7 10 13] [1 2 3 4 5 6 7 8 13 52] [1 2 3 4 5 7 8 13 17 52 58] [1 2 4 5 6 7 8 11 13] [1 2 3 4 5 7 9 13] [1 2 3 4 5 6 7] [1 2 3 4 5 6 7 8 9] [1 2 4 5 7 8 10 13] [1 2 3 4 5 7 9] [1 2 3 4 5 7 8 9 10 13 17] [1 2 4 5 7 8 9 10 13 17 43] [1 2 3 4 5 10 13] [1 2 3 4 5 8 13 52 58] [1 2 3 4 5 6 8 13] [1 2 4 5 6 8 11] [1 2 3 5 8 10 13 19 52] [1 2 3 4 5 7 8 13] [1 2 3 5 8 10 13] [1 2 3 5 7 8 10 19] [1 2 4 5 8] [1 2 4 5 7 13 52] [1 2 3 5 7 8 10 13] [1 2 3 4 5 10] [1 2 3 4 5 7 8 13 17] [1 2 3 13] [1 2 3 4 5 7 10 13 17] [1 2 5 7 10] [1 2 3 4 5 8 10 13 19 52 58] [1 2 3 4 5 8 10 13 17] [1 2 3 4 5 13 52] [1 2 3 4 5 6 8 11 13 52 58] [1 2 3 5 10 13] [1 5 27] [1 2 4 5 6 7 8 9 10 13] [1 2 3 4 5 7 17] [1 2 7 13] [1 2 4 5 6 8] [1 2 3 4 5 7 8 10 13 17 52] [1 2 3 4 5 13 52 58] [1 2 4 5 7 9 10] [1 2 3 4 5 7 8 13 52] [1 2 3 5 7 10 13 52] [1 2 3 4 5 7 10 17 43 58] [1 2 3 4 5 6] [1 13] [1 2 5 7 10 13 17 52] [1 2 3 4 5 7 8 10 13 17 19] [1 2 3 4 5 7 8 9 10 11] [1 2 3 4 5 7 8 17] [1 2 3 4 5 6 7 8 9 13 52 58] [] [] [] [] [] [] [] [] [] [] [] [] [] [] [] [] [] [] [] [] [] [] [] [] [] [] [] [] [] [] [] [] [] [] [] [] [] [] [] [] [] [] [] [] [] [] [] [] [] [] [] [] [] [] [] [] [] [] [] [] [] [] [] [] [] [] [] [] [] [] [] [] [] [] []
65 [] [1 2 3 4 5 8 10 19] [1 2 3 4 5 7 8 10 19] [1 2 3 5] [1 2 3 5 10] [1 2 3 4 5 7 8 10] [1 2 4 5] [1 2 3 4 5 8 13 52] [1 2 4 5 7] [1 2 3 4 5 7] [1 2 3 5 8 13] [1 2 5 7] [1 2 3 4 5 8 10] [1 2 3 5 7 8] [1 2 3 4 5 7 10] [1 2 4] [1 2 3 5 7 10] [1 2 3 4 5 7 8] [1 2 5 13] [1 2 3 4 5] [1 2 3 5 7] [1 2 3 4 5 8 10 13] [1 2 3 4 5 7 8 10 13 17 24] [1 2 4 13] [1 2 13] [1 2 3 5 8 10] [1 2 4 5 7 13] [1 2 3 4 5 7 13 17] [1 2 3 4 5 7 13] [1 2 3 4] [1 2 3 4 5 7 13 52] [1 2 4 5 7 10] [1 2 3 5 13 52] [1 2 3 8 13] [1 2 4 5 7 10 13] [1 2 3 4 5 7 8 10 13 17 43] [1 2 3 4 5 7 13 52 58] [1 2 3 5 7 13] [1 2 3 5 7 8 13] [1 2 3 4 5 7 10 13] [1 2 3 4 5 7 8 10 13] [1 2 3 4 5 7 8 10 13 52] [1 2 3 4 13 52] [1 2 3 4 5 8 13] [1 2 3 4 5 7 10 17] [1 2 13 52] [1 2 4 8 13] [1 2 4 5 13] [1 2 3 4 5 8 13 17] [1 2 3 4 5 13] [1 2 3 5 13] [1 2 5] [1 2 5 7 13 52] [1 2 3 5 7 8 10] [1 2 3 4 5 8] [1 2 3 4 5 7 8 10 13 19] [1 2 3] [1 2 3 4 5 7 8 10 17] [1 2 3 5 8] [1 2 3 4 5 7 8 10 13 17] [1 2 3 4 5 10 13 52] [1 2 3 4 5 7 9 10 13 52] [1 2 3 4 5 6 7 8 10] [1 2] [1 2 3 4 5 7 8 9 10 13 52] [1 2 3 4 5 7 10 13 17 52] [1 2 5 10 13] [1 2 3 4 5 6 7 8 9 10 13 17 24] [1 2 3 5 7 9] [1 5] [1] [1 2 10] [1 2 3 5 7 8 10 11] [1 2 3 4 5 6 7 8 10 11 17] [1 2 4 5 7 9] [1 2 3 4 5 7 8 9 13] [1 2 3 5 7 10 13] [1 2 3 4 5 6 7 8 13 52] [1 2 3 4 5 7 8 13 17 52 58] [1 2 4 5 6 7 8 11 13] [1 2 3 4 5 7 9 13] [1 2 3 4 5 6 7] [1 2 3 4 5 6 7 8 9] [1 2 4 5 7 8 10 13] [1 2 3 4 5 7 9] [1 2 3 4 5 7 8 9 10 13 17] [1 2 4 5 7 8 9 10 13 17 43] [1 2 3 4 5 10 13] [1 2 3 4 5 8 13 52 58] [1 2 3 4 5 6 8 13] [1 2 4 5 6 8 11] [1 2 3 5 8 10 13 19 52] [1 2 3 4 5 7 8 13] [1 2 3 5 8 10 13] [1 2 3 5 7 8 10 19] [1 2 4 5 8] [1 2 4 5 7 13 52] [1 2 3 5 7 8 10 13] [1 2 3 4 5 10] [1 2 3 4 5 7 8 13 17] [1 2 3 13] [1 2 3 4 5 7 10 13 17] [1 2 5 7 10] [1 2 3 4 5 8 10 13 19 52 58] [1 2 3 4 5 8 10 13 17] [1 2 3 4 5 13 52] [1 2 3 4 5 6 8 11 13 52 58] [1 2 3 5 10 13] [1 5 27] [1 2 4 5 6 7 8 9 10 13] [1 2 3 4 5 7 17] [1 2 7 13] [1 2 4 5 6 8] [1 2 3 4 5 7 8 10 13 17 52] [1 2 3 4 5 13 52 58] [1 2 4 5 7 9 10] [1 2 3 4 5 7 8 13 52] [1 2 3 5 7 10 13 52] [1 2 3 4 5 7 10 17 43 58] [1 2 3 4 5 6] [1 13] [1 2 5 7 10 13 17 52] [1 2 3 4 5 7 8 10 13 17 19] [1 2 3 4 5 7 8 9 10 11] [1 2 3 4 5 7 8 17] [1 2 3 4 5 6 7 8 9 13 52 58] [] [] [] [] [] [] [] [] [] [] [] [] [] [] [] [] [] [] [] [] [] [] [] [] [] [] [] [] [] [] [] [] [] [] [] [] [] [] [] [] [] [] [] [] [] [] [] [] [] [] [] [] [] [] [] [] [] [] [] [] [] [] [] [] [] [] [] [] [] [] [] [] [] [] []
66 [] [1 2 3 5] [1 2 3 5 10] [1 2 3 4 5 7 8 10] [1 2 4 5] [1 2 3 4 5 8 13 52] [1 2 4 5 7] [1 2 3 4 5 7] [1 2 3 5 8 13] [1 2 5 7] [1 2 3 4 5 8 10] [1 2 3 5 7 8] [1 2 3 4 5 7 10] [1 2 4] [1 2 3 5 7 10] [1 2 3 4 5 7 8] [1 2 5 13] [1 2 3 4 5] [1 2 3 5 7] [1 2 3 4 5 8 10 13] [1 2 3 4 5 7 8 10 13 17 24] [1 2 4 13] [1 2 13] [1 2 3 5 8 10] [1 2 4 5 7 13] [1 2 3 4 5 7 13 17] [1 2 3 4 5 7 13] [1 2 3 4] [1 2 3 4 5 7 13 52] [1 2 4 5 7 10] [1 2 3 5 13 52] [1 2 3 8 13] [1 2 4 5 7 10 13] [1 2 3 4 5 7 8 10 13 17 43] [1 2 3 4 5 7 13 52 58] [1 2 3 5 7 13] [1 2 3 5 7 8 13] [1 2 3 4 5 7 10 13] [1 2 3 4 5 7 8 10 13] [1 2 3 4 5 7 8 10 13 52] [1 2 3 4 13 52] [1 2 3 4 5 8 13] [1 2 3 4 5 7 10 17] [1 2 13 52] [1 2 3 4 5 8 10 19] [1 2 4 8 13] [1 2 4 5 13] [1 2 3 4 5 8 13 17] [1 2 3 4 5 13] [1 2 3 5 13] [1 2 5] [1 2 5 7 13 52] [1 2 3 5 7 8 10] [1 2 3 4 5 8] [1 2 3 4 5 7 8 10 13 19] [1 2 3] [1 2 3 4 5 7 8 10 17] [1 2 3 5 8] [1 2 3 4 5 7 8 10 13 17] [1 2 3 4 5 10 13 52] [1 2 3 4 5 7 9 10 13 52] [1 2 3 4 5 6 7 8 10] [1 2] [1 2 3 4 5 7 8 9 10 13 52] [1 2 3 4 5 7 10 13 17 52] [1 2 5 10 13] [1 2 3 4 5 6 7 8 9 10 13 17 24] [1 2 3 5 7 9] [1 5] [1] [1 2 10] [1 2 3 5 7 8 10 11] [1 2 3 4 5 6 7 8 10 11 17] [1 2 4 5 7 9] [1 2 3 4 5 7 8 9 13] [1 2 3 5 7 10 13] [1 2 3 4 5 6 7 8 13 52] [1 2 3 4 5 7 8 13 17 52 58] [1 2 4 5 6 7 8 11 13] [1 2 3 4 5 7 9 13] [1 2 3 4 5 6 7] [1 2 3 4 5 6 7 8 9] [1 2 4 5 7 8 10 13] [1 2 3 4 5 7 9] [1 2 3 4 5 7 8 9 10 13 17] [1 2 4 5 7 8 9 10 13 17 43] [1 2 3 4 5 10 13] [1 2 3 4 5 8 13 52 58] [1 2 3 4 5 6 8 13] [1 2 4 5 6 8 11] [1 2 3 5 8 10 13 19 52] [1 2 3 4 5 7 8 13] [1 2 3 5 8 10 13] [1 2 3 5 7 8 10 19] [1 2 4 5 8] [1 2 4 5 7 13 52] [1 2 3 5 7 8 10 13] [1 2 3 4 5 10] [1 2 3 4 5 7 8 13 17] [1 2 3 13] [1 2 3 4 5 7 10 13 17] [1 2 5 7 10] [1 2 3 4 5 8 10 13 19 52 58] [1 2 3 4 5 8 10 13 17] [1 2 3 4 5 13 52] [1 2 3 4 5 6 8 11 13 52 58] [1 2 3 5 10 13] [1 5 27] [1 2 4 5 6 7 8 9 10 13] [1 2 3 4 5 7 17] [1 2 7 13] [1 2 4 5 6 8] [1 2 3 4 5 7 8 10 13 17 52] [1 2 3 4 5 13 52 58] [1 2 4 5 7 9 10] [1 2 3 4 5 7 8 13 52] [1 2 3 5 7 10 13 52] [1 2 3 4 5 7 10 17 43 58] [1 2 3 4 5 6] [1 13] [1 2 5 7 10 13 17 52] [1 2 3 4 5 7 8 10 13 17 19] [1 2 3 4 5 7 8 9 10 11] [1 2 3 4 5 7 8 17] [1 2 3 4 5 6 7 8 9 13 52 58] [] [] [] [] [] [] [] [] [] [] [] [] [] [] [] [] [] [] [] [] [] [] [] [] [] [] [] [] [] [] [] [] [] [] [] [] [] [] [] [] [] [] [] [] [] [] [] [] [] [] [] [] [] [] [] [] [] [] [] [] [] [] [] [] [] [] [] [] [] [] [] [] [] [] [] []
67 [] [1 2 3 4 5 7 8 10] [1 2 4 5] [1 2 3 4 5 8 10] [1 2 3 4 5 8 13 52] [1 2 4 5 7] [1 2 3 5] [1 2 3 4 5 7] [1 2 3 5 8 13] [1 2 5 7] [1 2 3 5 7 8] [1 2 3 4 5 7 10] [1 2 4] [1 2 3 5 7 10] [1 2 3 4 5 7 8] [1 2 5 13] [1 2 3 4 5] [1 2 3 5 7] [1 2 3 4 5 8 10 13] [1 2 3 4 5 7 8 10 13 17 24] [1 2 4 13] [1 2 13] [1 2 3 5 8 10] [1 2 4 5 7 13] [1 2 3 4 5 7 13 17] [1 2 3 4 5 7 13] [1 2 3 4] [1 2 3 4 5 7 13 52] [1 2 4 5 7 10] [1 2 3 5 13 52] [1 2 3 8 13] [1 2 4 5 7 10 13] [1 2 3 4 5 7 8 10 13 17 43] [1 2 3 4 5 7 13 52 58] [1 2 3 5 7 13] [1 2 3 5 7 8 13] [1 2 3 4 5 7 10 13] [1 2 3 4 5 7 8 10 13] [1 2 3 4 5 7 8 10 13 52] [1 2 3 4 13 52] [1 2 3 4 5 8 13] [1 2 3 4 5 7 10 17] [1 2 13 52] [1 2 3 4 5 8 10 19] [1 2 4 8 13] [1 2 4 5 13] [1 2 3 4 5 8 13 17] [1 2 3 4 5 13] [1 2 3 5 13] [1 2 5] [1 2 5 7 13 52] [1 2 3 5 7 8 10] [1 2 3 4 5 8] [1 2 3 4 5 7 8 10 13 19] [1 2 3] [1 2 3 4 5 7 8 10 17] [1 2 3 5 8] [1 2 3 4 5 7 8 10 13 17] [1 2 3 4 5 10 13 52] [1 2 3 4 5 7 9 10 13 52] [1 2 3 4 5 6 7 8 10] [1 2] [1 2 3 4 5 7 8 9 10 13 52] [1 2 3 4 5 7 10 13 17 52] [1 2 5 10 13] [1 2 3 4 5 6 7 8 9 10 13 17 24] [1 2 3 5 7 9] [1 5] [1] [1 2 10] [1 2 3 5 7 8 10 11] [1 2 3 4 5 6 7 8 10 11 17] [1 2 4 5 7 9] [1 2 3 4 5 7 8 9 13] [1 2 3 5 7 10 13] [1 2 3 4 5 6 7 8 13 52] [1 2 3 4 5 7 8 13 17 52 58] [1 2 4 5 6 7 8 11 13] [1 2 3 4 5 7 9 13] [1 2 3 4 5 6 7] [1 2 3 4 5 6 7 8 9] [1 2 4 5 7 8 10 13] [1 2 3 4 5 7 9] [1 2 3 4 5 7 8 9 10 13 17] [1 2 4 5 7 8 9 10 13 17 43] [1 2 3 4 5 10 13] [1 2 3 4 5 8 13 52 58] [1 2 3 4 5 6 8 13] [1 2 4 5 6 8 11] [1 2 3 5 8 10 13 19 52] [1 2 3 4 5 7 8 13] [1 2 3 5 8 10 13] [1 2 3 5 7 8 10 19] [1 2 4 5 8] [1 2 3 5 10] [1 2 4 5 7 13 52] [1 2 3 5 7 8 10 13] [1 2 3 4 5 10] [1 2 3 4 5 7 8 13 17] [1 2 3 13] [1 2 3 4 5 7 10 13 17] [1 2 5 7 10] [1 2 3 4 5 8 10 13 19 52 58] [1 2 3 4 5 8 10 13 17] [1 2 3 4 5 13 52] [1 2 3 4 5 6 8 11 13 52 58] [1 2 3 5 10 13] [1 5 27] [1 2 4 5 6 7 8 9 10 13] [1 2 3 4 5 7 17] [1 2 7 13] [1 2 4 5 6 8] [1 2 3 4 5 7 8 10 13 17 52] [1 2 3 4 5 13 52 58] [1 2 4 5 7 9 10] [1 2 3 4 5 7 8 13 52] [1 2 3 5 7 10 13 52] [1 2 3 4 5 7 10 17 43 58] [1 2 3 4 5 6] [1 13] [1 2 5 7 10 13 17 52] [1 2 3 4 5 7 8 10 13 17 19] [1 2 3 4 5 7 8 9 10 11] [1 2 3 4 5 7 8 17] [1 2 3 4 5 6 7 8 9 13 52 58] [] [] [] [] [] [] [] [] [] [] [] [] [] [] [] [] [] [] [] [] [] [] [] [] [] [] [] [] [] [] [] [] [] [] [] [] [] [] [] [] [] [] [] [] [] [] [] [] [] [] [] [] [] [] [] [] [] [] [] [] [] [] [] [] [] [] [] [] [] [] [] [] [] [] [] []
68 [] [1 2 3 4 5 8 10] [1 2 3 4 5 8 13 52] [1 2 3 4 5] [1 2 4 5 7] [1 2 3 5] [1 2 4 5] [1 2 3 4 5 7] [1 2 3 4 5 7 8 10] [1 2 3 5 8 13] [1 2 5 7] [1 2 3 5 7 8] [1 2 3 4 5 7 10] [1 2 4] [1 2 3 5 7 10] [1 2 3 4 5 7 8] [1 2 5 13] [1 2 3 5 7] [1 2 3 4 5 8 10 13] [1 2 3 4 5 7 8 10 13 17 24] [1 2 4 13] [1 2 13] [1 2 3 5 8 10] [1 2 4 5 7 13] [1 2 3 4 5 7 13 17] [1 2 3 4 5 7 13] [1 2 3 4] [1 2 3 4 5 7 13 52] [1 2 4 5 7 10] [1 2 3 5 13 52] [1 2 3 8 13] [1 2 4 5 7 10 13] [1 2 3 4 5 7 8 10 13 17 43] [1 2 3 4 5 7 13 52 58] [1 2 3 5 7 13] [1 2 3 5 7 8 13] [1 2 3 4 5 7 10 13] [1 2 3 4 5 7 8 10 13] [1 2 3 4 5 7 8 10 13 52] [1 2 3 4 13 52] [1 2 3 4 5 8 13] [1 2 3 4 5 7 10 17] [1 2 13 52] [1 2 3 4 5 8 10 19] [1 2 4 8 13] [1 2 4 5 13] [1 2 3 4 5 8 13 17] [1 2 3 4 5 13] [1 2 3 5 13] [1 2 5] [1 2 5 7 13 52] [1 2 3 5 7 8 10] [1 2 3 4 5 8] [1 2 3 4 5 7 8 10 13 19] [1 2 3] [1 2 3 4 5 7 8 10 17] [1 2 3 5 8] [1 2 3 4 5 7 8 10 13 17] [1 2 3 4 5 10 13 52] [1 2 3 4 5 7 9 10 13 52] [1 2 3 4 5 6 7 8 10] [1 2] [1 2 3 4 5 7 8 9 10 13 52] [1 2 3 4 5 7 10 13 17 52] [1 2 5 10 13] [1 2 3 4 5 6 7 8 9 10 13 17 24] [1 2 3 5 7 9] [1 5] [1] [1 2 10] [1 2 3 5 7 8 10 11] [1 2 3 4 5 6 7 8 10 11 17] [1 2 4 5 7 9] [1 2 3 4 5 7 8 9 13] [1 2 3 5 7 10 13] [1 2 3 4 5 6 7 8 13 52] [1 2 3 4 5 7 8 13 17 52 58] [1 2 4 5 6 7 8 11 13] [1 2 3 4 5 7 9 13] [1 2 3 4 5 6 7] [1 2 3 4 5 6 7 8 9] [1 2 4 5 7 8 10 13] [1 2 3 4 5 7 9] [1 2 3 4 5 7 8 9 10 13 17] [1 2 4 5 7 8 9 10 13 17 43] [1 2 3 4 5 10 13] [1 2 3 4 5 8 13 52 58] [1 2 3 4 5 6 8 13] [1 2 4 5 6 8 11] [1 2 3 5 8 10 13 19 52] [1 2 3 4 5 7 8 13] [1 2 3 5 8 10 13] [1 2 3 5 7 8 10 19] [1 2 4 5 8] [1 2 3 5 10] [1 2 4 5 7 13 52] [1 2 3 5 7 8 10 13] [1 2 3 4 5 10] [1 2 3 4 5 7 8 13 17] [1 2 3 13] [1 2 3 4 5 7 10 13 17] [1 2 5 7 10] [1 2 3 4 5 8 10 13 19 52 58] [1 2 3 4 5 8 10 13 17] [1 2 3 4 5 13 52] [1 2 3 4 5 6 8 11 13 52 58] [1 2 3 5 10 13] [1 5 27] [1 2 4 5 6 7 8 9 10 13] [1 2 3 4 5 7 17] [1 2 7 13] [1 2 4 5 6 8] [1 2 3 4 5 7 8 10 13 17 52] [1 2 3 4 5 13 52 58] [1 2 4 5 7 9 10] [1 2 3 4 5 7 8 13 52] [1 2 3 5 7 10 13 52] [1 2 3 4 5 7 10 17 43 58] [1 2 3 4 5 6] [1 13] [1 2 5 7 10 13 17 52] [1 2 3 4 5 7 8 10 13 17 19] [1 2 3 4 5 7 8 9 10 11] [1 2 3 4 5 7 8 17] [1 2 3 4 5 6 7 8 9 13 52 58] [] [] [] [] [] [] [] [] [] [] [] [] [] [] [] [] [] [] [] [] [] [] [] [] [] [] [] [] [] [] [] [] [] [] [] [] [] [] [] [] [] [] [] [] [] [] [] [] [] [] [] [] [] [] [] [] [] [] [] [] [] [] [] [] [] [] [] [] [] [] [] [] [] [] [] []
69 [] [1 2 3 4 5] [1 2 4 5 7] [1 2 3 5] [1 2 4 5] [1 2 3 4 5 7] [1 2 3 4 5 7 8 10] [1 2 3 5 8 13] [1 2 5 7] [1 2 3 4 5 8 10] [1 2 3 5 7 8] [1 2 3 4 5 7 10] [1 2 4] [1 2 3 5 7 10] [1 2 3 4 5 7 8] [1 2 5 13] [1 2 3 5 7] [1 2 3 4 5 8 10 13] [1 2 3 4 5 7 8 10 13 17 24] [1 2 4 13] [1 2 13] [1 2 3 5 8 10] [1 2 4 5 7 13] [1 2 3 4 5 7 13 17] [1 2 3 4 5 7 13] [1 2 3 4] [1 2 3 4 5 7 13 52] [1 2 4 5 7 10] [1 2 3 5 13 52] [1 2 3 8 13] [1 2 4 5 7 10 13] [1 2 3 4 5 7 8 10 13 17 43] [1 2 3 4 5 7 13 52 58] [1 2 3 5 7 13] [1 2 3 5 7 8 13] [1 2 3 4 5 7 10 13] [1 2 3 4 5 7 8 10 13] [1 2 3 4 5 7 8 10 13 52] [1 2 3 4 13 52] [1 2 3 4 5 8 13] [1 2 3 4 5 7 10 17] [1 2 13 52] [1 2 3 4 5 8 10 19] [1 2 4 8 13] [1 2 4 5 13] [1 2 3 4 5 8 13 17] [1 2 3 4 5 13] [1 2 3 5 13] [1 2 5] [1 2 5 7 13 52] [1 2 3 5 7 8 10] [1 2 3 4 5 8] [1 2 3 4 5 7 8 10 13 19] [1 2 3] [1 2 3 4 5 7 8 10 17] [1 2 3 5 8] [1 2 3 4 5 7 8 10 13 17] [1 2 3 4 5 10 13 52] [1 2 3 4 5 7 9 10 13 52] [1 2 3 4 5 6 7 8 10] [1 2] [1 2 3 4 5 7 8 9 10 13 52] [1 2 3 4 5 7 10 13 17 52] [1 2 5 10 13] [1 2 3 4 5 6 7 8 9 10 13 17 24] [1 2 3 5 7 9] [1 5] [1] [1 2 10] [1 2 3 5 7 8 10 11] [1 2 3 4 5 6 7 8 10 11 17] [1 2 4 5 7 9] [1 2 3 4 5 7 8 9 13] [1 2 3 5 7 10 13] [1 2 3 4 5 6 7 8 13 52] [1 2 3 4 5 7 8 13 17 52 58] [1 2 4 5 6 7 8 11 13] [1 2 3 4 5 7 9 13] [1 2 3 4 5 6 7] [1 2 3 4 5 6 7 8 9] [1 2 4 5 7 8 10 13] [1 2 3 4 5 7 9] [1 2 3 4 5 7 8 9 10 13 17] [1 2 4 5 7 8 9 10 13 17 43] [1 2 3 4 5 10 13] [1 2 3 4 5 8 13 52 58] [1 2 3 4 5 6 8 13] [1 2 4 5 6 8 11] [1 2 3 5 8 10 13 19 52] [1 2 3 4 5 7 8 13] [1 2 3 5 8 10 13] [1 2 3 5 7 8 10 19] [1 2 4 5 8] [1 2 3 5 10] [1 2 4 5 7 13 52] [1 2 3 5 7 8 10 13] [1 2 3 4 5 10] [1 2 3 4 5 7 8 13 17] [1 2 3 13] [1 2 3 4 5 7 10 13 17] [1 2 5 7 10] [1 2 3 4 5 8 10 13 19 52 58] [1 2 3 4 5 8 10 13 17] [1 2 3 4 5 13 52] [1 2 3 4 5 6 8 11 13 52 58] [1 2 3 5 10 13] [1 5 27] [1 2 4 5 6 7 8 9 10 13] [1 2 3 4 5 7 17] [1 2 7 13] [1 2 4 5 6 8] [1 2 3 4 5 7 8 10 13 17 52] [1 2 3 4 5 13 52 58] [1 2 4 5 7 9 10] [1 2 3 4 5 7 8 13 52] [1 2 3 5 7 10 13 52] [1 2 3 4 5 7 10 17 43 58] [1 2 3 4 5 6] [1 13] [1 2 5 7 10 13 17 52] [1 2 3 4 5 7 8 10 13 17 19] [1 2 3 4 5 7 8 9 10 11] [1 2 3 4 5 7 8 17] [1 2 3 4 5 6 7 8 9 13 52 58] [] [] [] [] [] [] [] [] [] [] [] [] [] [] [] [] [] [] [] [] [] [] [] [] [] [] [] [] [] [] [] [] [] [] [] [] [] [] [] [] [] [] [] [] [] [] [] [] [] [] [] [] [] [] [] [] [] [] [] [] [] [] [] [] [] [] [] [] [] [] [] [] [] [] [] [] []
70 [] [1 2 3 5] [1 2 4 5] [1 2 3 4 5 7] [1 2 3 4 5 7 8 10] [1 2 3 5 8 13] [1 2 5 7] [1 2 3 4 5 8 10] [1 2 3 5 7 8] [1 2 3 4 5 7 10] [1 2 4] [1 2 3 5 7 10] [1 2 4 5 7] [1 2 3 4 5 7 8] [1 2 5 13] [1 2 3 4 5] [1 2 3 5 7] [1 2 3 4 5 8 10 13] [1 2 3 4 5 7 8 10 13 17 24] [1 2 4 13] [1 2 13] [1 2 3 5 8 10] [1 2 4 5 7 13] [1 2 3 4 5 7 13 17] [1 2 3 4 5 7 13] [1 2 3 4] [1 2 3 4 5 7 13 52] [1 2 4 5 7 10] [1 2 3 5 13 52] [1 2 3 8 13] [1 2 4 5 7 10 13] [1 2 3 4 5 7 8 10 13 17 43] [1 2 3 4 5 7 13 52 58] [1 2 3 5 7 13] [1 2 3 5 7 8 13] [1 2 3 4 5 7 10 13] [1 2 3 4 5 7 8 10 13] [1 2 3 4 5 7 8 10 13 52] [1 2 3 4 13 52] [1 2 3 4 5 8 13] [1 2 3 4 5 7 10 17] [1 2 13 52] [1 2 3 4 5 8 10 19] [1 2 4 8 13] [1 2 4 5 13] [1 2 3 4 5 8 13 17] [1 2 3 4 5 13] [1 2 3 5 13] [1 2 5] [1 2 5 7 13 52] [1 2 3 5 7 8 10] [1 2 3 4 5 8] [1 2 3 4 5 7 8 10 13 19] [1 2 3] [1 2 3 4 5 7 8 10 17] [1 2 3 5 8] [1 2 3 4 5 7 8 10 13 17] [1 2 3 4 5 10 13 52] [1 2 3 4 5 7 9 10 13 52] [1 2 3 4 5 6 7 8 10] [1 2] [1 2 3 4 5 7 8 9 10 13 52] [1 2 3 4 5 7 10 13 17 52] [1 2 5 10 13] [1 2 3 4 5 6 7 8 9 10 13 17 24] [1 2 3 5 7 9] [1 5] [1] [1 2 10] [1 2 3 5 7 8 10 11] [1 2 3 4 5 6 7 8 10 11 17] [1 2 4 5 7 9] [1 2 3 4 5 7 8 9 13] [1 2 3 5 7 10 13] [1 2 3 4 5 6 7 8 13 52] [1 2 3 4 5 7 8 13 17 52 58] [1 2 4 5 6 7 8 11 13] [1 2 3 4 5 7 9 13] [1 2 3 4 5 6 7] [1 2 3 4 5 6 7 8 9] [1 2 4 5 7 8 10 13] [1 2 3 4 5 7 9] [1 2 3 4 5 7 8 9 10 13 17] [1 2 4 5 7 8 9 10 13 17 43] [1 2 3 4 5 10 13] [1 2 3 4 5 8 13 52 58] [1 2 3 4 5 6 8 13] [1 2 4 5 6 8 11] [1 2 3 5 8 10 13 19 52] [1 2 3 4 5 7 8 13] [1 2 3 5 8 10 13] [1 2 3 5 7 8 10 19] [1 2 4 5 8] [1 2 3 5 10] [1 2 4 5 7 13 52] [1 2 3 5 7 8 10 13] [1 2 3 4 5 10] [1 2 3 4 5 7 8 13 17] [1 2 3 13] [1 2 3 4 5 7 10 13 17] [1 2 5 7 10] [1 2 3 4 5 8 10 13 19 52 58] [1 2 3 4 5 8 10 13 17] [1 2 3 4 5 13 52] [1 2 3 4 5 6 8 11 13 52 58] [1 2 3 5 10 13] [1 5 27] [1 2 4 5 6 7 8 9 10 13] [1 2 3 4 5 7 17] [1 2 7 13] [1 2 4 5 6 8] [1 2 3 4 5 7 8 10 13 17 52] [1 2 3 4 5 13 52 58] [1 2 4 5 7 9 10] [1 2 3 4 5 7 8 13 52] [1 2 3 5 7 10 13 52] [1 2 3 4 5 7 10 17 43 58] [1 2 3 4 5 6] [1 13] [1 2 5 7 10 13 17 52] [1 2 3 4 5 7 8 10 13 17 19] [1 2 3 4 5 7 8 9 10 11] [1 2 3 4 5 7 8 17] [1 2 3 4 5 6 7 8 9 13 52 58] [] [] [] [] [] [] [] [] [] [] [] [] [] [] [] [] [] [] [] [] [] [] [] [] [] [] [] [] [] [] [] [] [] [] [] [] [] [] [] [] [] [] [] [] [] [] [] [] [] [] [] [] [] [] [] [] [] [] [] [] [] [] [] [] [] [] [] [] [] [] [] [] [] [] [] [] []
71 [] [1 2 3 4 5 7] [1 2 3 4 5 7 8 10] [1 2 3 5 8 13] [1 2 3 5] [1 2 5 7] [1 2 3 4 5 8 10] [1 2 3 5 7 8] [1 2 3 4 5 7 10] [1 2 4] [1 2 3 5 7 10] [1 2 4 5 7] [1 2 3 4 5 7 8] [1 2 5 13] [1 2 3 4 5] [1 2 3 5 7] [1 2 3 4 5 8 10 13] [1 2 3 4 5 7 8 10 13 17 24] [1 2 4 13] [1 2 13] [1 2 3 5 8 10] [1 2 4 5 7 13] [1 2 3 4 5 7 13 17] [1 2 3 4 5 7 13] [1 2 3 4] [1 2 3 4 5 7 13 52] [1 2 4 5 7 10] [1 2 3 5 13 52] [1 2 3 8 13] [1 2 4 5 7 10 13] [1 2 3 4 5 7 8 10 13 17 43] [1 2 3 4 5 7 13 52 58] [1 2 3 5 7 13] [1 2 3 5 7 8 13] [1 2 4 5] [1 2 3 4 5 7 10 13] [1 2 3 4 5 7 8 10 13] [1 2 3 4 5 7 8 10 13 52] [1 2 3 4 13 52] [1 2 3 4 5 8 13] [1 2 3 4 5 7 10 17] [1 2 13 52] [1 2 3 4 5 8 10 19] [1 2 4 8 13] [1 2 4 5 13] [1 2 3 4 5 8 13 17] [1 2 3 4 5 13] [1 2 3 5 13] [1 2 5] [1 2 5 7 13 52] [1 2 3 5 7 8 10] [1 2 3 4 5 8] [1 2 3 4 5 7 8 10 13 19] [1 2 3] [1 2 3 4 5 7 8 10 17] [1 2 3 5 8] [1 2 3 4 5 7 8 10 13 17] [1 2 3 4 5 10 13 52] [1 2 3 4 5 7 9 10 13 52] [1 2 3 4 5 6 7 8 10] [1 2] [1 2 3 4 5 7 8 9 10 13 52] [1 2 3 4 5 7 10 13 17 52] [1 2 5 10 13] [1 2 3 4 5 6 7 8 9 10 13 17 24] [1 2 3 5 7 9] [1 5] [1] [1 2 10] [1 2 3 5 7 8 10 11] [1 2 3 4 5 6 7 8 10 11 17] [1 2 4 5 7 9] [1 2 3 4 5 7 8 9 13] [1 2 3 5 7 10 13] [1 2 3 4 5 6 7 8 13 52] [1 2 3 4 5 7 8 13 17 52 58] [1 2 4 5 6 7 8 11 13] [1 2 3 4 5 7 9 13] [1 2 3 4 5 6 7] [1 2 3 4 5 6 7 8 9] [1 2 4 5 7 8 10 13] [1 2 3 4 5 7 9] [1 2 3 4 5 7 8 9 10 13 17] [1 2 4 5 7 8 9 10 13 17 43] [1 2 3 4 5 10 13] [1 2 3 4 5 8 13 52 58] [1 2 3 4 5 6 8 13] [1 2 4 5 6 8 11] [1 2 3 5 8 10 13 19 52] [1 2 3 4 5 7 8 13] [1 2 3 5 8 10 13] [1 2 3 5 7 8 10 19] [1 2 4 5 8] [1 2 3 5 10] [1 2 4 5 7 13 52] [1 2 3 5 7 8 10 13] [1 2 3 4 5 10] [1 2 3 4 5 7 8 13 17] [1 2 3 13] [1 2 3 4 5 7 10 13 17] [1 2 5 7 10] [1 2 3 4 5 8 10 13 19 52 58] [1 2 3 4 5 8 10 13 17] [1 2 3 4 5 13 52] [1 2 3 4 5 6 8 11 13 52 58] [1 2 3 5 10 13] [1 5 27] [1 2 4 5 6 7 8 9 10 13] [1 2 3 4 5 7 17] [1 2 7 13] [1 2 4 5 6 8] [1 2 3 4 5 7 8 10 13 17 52] [1 2 3 4 5 13 52 58] [1 2 4 5 7 9 10] [1 2 3 4 5 7 8 13 52] [1 2 3 5 7 10 13 52] [1 2 3 4 5 7 10 17 43 58] [1 2 3 4 5 6] [1 13] [1 2 5 7 10 13 17 52] [1 2 3 4 5 7 8 10 13 17 19] [1 2 3 4 5 7 8 9 10 11] [1 2 3 4 5 7 8 17] [1 2 3 4 5 6 7 8 9 13 52 58] [] [] [] [] [] [] [] [] [] [] [] [] [] [] [] [] [] [] [] [] [] [] [] [] [] [] [] [] [] [] [] [] [] [] [] [] [] [] [] [] [] [] [] [] [] [] [] [] [] [] [] [] [] [] [] [] [] [] [] [] [] [] [] [] [] [] [] [] [] [] [] [] [] [] [] [] []
72 [] [1 2 3 5 8 13] [1 2 3 5] [1 2 5 7] [1 2 3 4 5 8 10] [1 2 3 5 7 8] [1 2 3 4 5 7 10] [1 2 4] [1 2 3 5 7 10] [1 2 4 5 7] [1 2 3 4 5 7 8] [1 2 5 13] [1 2 3 4 5] [1 2 3 5 7] [1 2 3 4 5 8 10 13] [1 2 3 4 5 7] [1 2 3 4 5 7 8 10 13 17 24] [1 2 4 13] [1 2 13] [1 2 3 5 8 10] [1 2 4 5 7 13] [1 2 3 4 5 7 13 17] [1 2 3 4 5 7 13] [1 2 3 4] [1 2 3 4 5 7 13 52] [1 2 4 5 7 10] [1 2 3 5 13 52] [1 2 3 8 13] [1 2 4 5 7 10 13] [1 2 3 4 5 7 8 10 13 17 43] [1 2 3 4 5 7 13 52 58] [1 2 3 5 7 13] [1 2 3 5 7 8 13] [1 2 4 5] [1 2 3 4 5 7 10 13] [1 2 3 4 5 7 8 10 13] [1 2 3 4 5 7 8 10 13 52] [1 2 3 4 13 52] [1 2 3 4 5 8 13] [1 2 3 4 5 7 10 17] [1 2 13 52] [1 2 3 4 5 8 10 19] [1 2 4 8 13] [1 2 4 5 13] [1 2 3 4 5 7 8 10] [1 2 3 4 5 8 13 17] [1 2 3 4 5 13] [1 2 3 5 13] [1 2 5] [1 2 5 7 13 52] [1 2 3 5 7 8 10] [1 2 3 4 5 8] [1 2 3 4 5 7 8 10 13 19] [1 2 3] [1 2 3 4 5 7 8 10 17] [1 2 3 5 8] [1 2 3 4 5 7 8 10 13 17] [1 2 3 4 5 10 13 52] [1 2 3 4 5 7 9 10 13 52] [1 2 3 4 5 6 7 8 10] [1 2] [1 2 3 4 5 7 8 9 10 13 52] [1 2 3 4 5 7 10 13 17 52] [1 2 5 10 13] [1 2 3 4 5 6 7 8 9 10 13 17 24] [1 2 3 5 7 9] [1 5] [1] [1 2 10] [1 2 3 5 7 8 10 11] [1 2 3 4 5 6 7 8 10 11 17] [1 2 4 5 7 9] [1 2 3 4 5 7 8 9 13] [1 2 3 5 7 10 13] [1 2 3 4 5 6 7 8 13 52] [1 2 3 4 5 7 8 13 17 52 58] [1 2 4 5 6 7 8 11 13] [1 2 3 4 5 7 9 13] [1 2 3 4 5 6 7] [1 2 3 4 5 6 7 8 9] [1 2 4 5 7 8 10 13] [1 2 3 4 5 7 9] [1 2 3 4 5 7 8 9 10 13 17] [1 2 4 5 7 8 9 10 13 17 43] [1 2 3 4 5 10 13] [1 2 3 4 5 8 13 52 58] [1 2 3 4 5 6 8 13] [1 2 4 5 6 8 11] [1 2 3 5 8 10 13 19 52] [1 2 3 4 5 7 8 13] [1 2 3 5 8 10 13] [1 2 3 5 7 8 10 19] [1 2 4 5 8] [1 2 3 5 10] [1 2 4 5 7 13 52] [1 2 3 5 7 8 10 13] [1 2 3 4 5 10] [1 2 3 4 5 7 8 13 17] [1 2 3 13] [1 2 3 4 5 7 10 13 17] [1 2 5 7 10] [1 2 3 4 5 8 10 13 19 52 58] [1 2 3 4 5 8 10 13 17] [1 2 3 4 5 13 52] [1 2 3 4 5 6 8 11 13 52 58] [1 2 3 5 10 13] [1 5 27] [1 2 4 5 6 7 8 9 10 13] [1 2 3 4 5 7 17] [1 2 7 13] [1 2 4 5 6 8] [1 2 3 4 5 7 8 10 13 17 52] [1 2 3 4 5 13 52 58] [1 2 4 5 7 9 10] [1 2 3 4 5 7 8 13 52] [1 2 3 5 7 10 13 52] [1 2 3 4 5 7 10 17 43 58] [1 2 3 4 5 6] [1 13] [1 2 5 7 10 13 17 52] [1 2 3 4 5 7 8 10 13 17 19] [1 2 3 4 5 7 8 9 10 11] [1 2 3 4 5 7 8 17] [1 2 3 4 5 6 7 8 9 13 52 58] [] [] [] [] [] [] [] [] [] [] [] [] [] [] [] [] [] [] [] [] [] [] [] [] [] [] [] [] [] [] [] [] [] [] [] [] [] [] [] [] [] [] [] [] [] [] [] [] [] [] [] [] [] [] [] [] [] [] [] [] [] [] [] [] [] [] [] [] [] [] [] [] [] [] [] [] []
73 [] [1 2 5 7] [1 2 3 4 5 8 10] [1 2 3 5 7 8] [1 2 3 4 5 7 10] [1 2 4] [1 2 3 5 7 10] [1 2 4 5 7] [1 2 3 4 5 7 8] [1 2 5 13] [1 2 3 4 5] [1 2 3 5 7] [1 2 3 4 5 8 10 13] [1 2 3 4 5 7] [1 2 3 4 5 7 8 10 13 17 24] [1 2 4 13] [1 2 13] [1 2 3 5 8 10] [1 2 4 5 7 13] [1 2 3 5] [1 2 3 4 5 7 13 17] [1 2 3 4 5 7 13] [1 2 3 4] [1 2 3 4 5 7 13 52] [1 2 4 5 7 10] [1 2 3 5 13 52] [1 2 3 8 13] [1 2 4 5 7 10 13] [1 2 3 4 5 7 8 10 13 17 43] [1 2 3 4 5 7 13 52 58] [1 2 3 5 7 13] [1 2 3 5 7 8 13] [1 2 4 5] [1 2 3 4 5 7 10 13] [1 2 3 4 5 7 8 10 13] [1 2 3 4 5 7 8 10 13 52] [1 2 3 4 13 52] [1 2 3 4 5 8 13] [1 2 3 4 5 7 10 17] [1 2 13 52] [1 2 3 4 5 8 10 19] [1 2 4 8 13] [1 2 4 5 13] [1 2 3 4 5 7 8 10] [1 2 3 4 5 8 13 17] [1 2 3 4 5 13] [1 2 3 5 13] [1 2 5] [1 2 5 7 13 52] [1 2 3 5 7 8 10] [1 2 3 4 5 8] [1 2 3 4 5 7 8 10 13 19] [1 2 3] [1 2 3 4 5 7 8 10 17] [1 2 3 5 8] [1 2 3 4 5 7 8 10 13 17] [1 2 3 4 5 10 13 52] [1 2 3 4 5 7 9 10 13 52] [1 2 3 4 5 6 7 8 10] [1 2] [1 2 3 4 5 7 8 9 10 13 52] [1 2 3 4 5 7 10 13 17 52] [1 2 5 10 13] [1 2 3 4 5 6 7 8 9 10 13 17 24] [1 2 3 5 7 9] [1 5] [1] [1 2 10] [1 2 3 5 7 8 10 11] [1 2 3 4 5 6 7 8 10 11 17] [1 2 4 5 7 9] [1 2 3 4 5 7 8 9 13] [1 2 3 5 7 10 13] [1 2 3 4 5 6 7 8 13 52] [1 2 3 4 5 7 8 13 17 52 58] [1 2 4 5 6 7 8 11 13] [1 2 3 4 5 7 9 13] [1 2 3 4 5 6 7] [1 2 3 4 5 6 7 8 9] [1 2 4 5 7 8 10 13] [1 2 3 4 5 7 9] [1 2 3 4 5 7 8 9 10 13 17] [1 2 4 5 7 8 9 10 13 17 43] [1 2 3 4 5 10 13] [1 2 3 4 5 8 13 52 58] [1 2 3 4 5 6 8 13] [1 2 4 5 6 8 11] [1 2 3 5 8 10 13 19 52] [1 2 3 4 5 7 8 13] [1 2 3 5 8 10 13] [1 2 3 5 7 8 10 19] [1 2 4 5 8] [1 2 3 5 10] [1 2 4 5 7 13 52] [1 2 3 5 7 8 10 13] [1 2 3 4 5 10] [1 2 3 4 5 7 8 13 17] [1 2 3 13] [1 2 3 4 5 7 10 13 17] [1 2 5 7 10] [1 2 3 4 5 8 10 13 19 52 58] [1 2 3 4 5 8 10 13 17] [1 2 3 4 5 13 52] [1 2 3 4 5 6 8 11 13 52 58] [1 2 3 5 10 13] [1 5 27] [1 2 4 5 6 7 8 9 10 13] [1 2 3 4 5 7 17] [1 2 7 13] [1 2 4 5 6 8] [1 2 3 4 5 7 8 10 13 17 52] [1 2 3 4 5 13 52 58] [1 2 4 5 7 9 10] [1 2 3 4 5 7 8 13 52] [1 2 3 5 7 10 13 52] [1 2 3 4 5 7 10 17 43 58] [1 2 3 4 5 6] [1 13] [1 2 5 7 10 13 17 52] [1 2 3 4 5 7 8 10 13 17 19] [1 2 3 4 5 7 8 9 10 11] [1 2 3 4 5 7 8 17] [1 2 3 4 5 6 7 8 9 13 52 58] [] [] [] [] [] [] [] [] [] [] [] [] [] [] [] [] [] [] [] [] [] [] [] [] [] [] [] [] [] [] [] [] [] [] [] [] [] [] [] [] [] [] [] [] [] [] [] [] [] [] [] [] [] [] [] [] [] [] [] [] [] [] [] [] [] [] [] [] [] [] [] [] [] [] [] [] [] []
74 [] [1 2 3 5 7 8] [1 2 3 4 5 7 10] [1 2 4] [1 2 3 5 7 10] [1 2 4 5 7] [1 2 3 4 5 7 8] [1 2 5 13] [1 2 3 4 5] [1 2 3 5 7] [1 2 3 4 5 8 10 13] [1 2 3 4 5 7] [1 2 3 4 5 7 8 10 13 17 24] [1 2 4 13] [1 2 13] [1 2 3 5 8 10] [1 2 4 5 7 13] [1 2 3 5] [1 2 3 4 5 7 13 17] [1 2 3 4 5 7 13] [1 2 3 4] [1 2 3 4 5 7 13 52] [1 2 4 5 7 10] [1 2 3 5 13 52] [1 2 3 8 13] [1 2 3 4 5 8 10] [1 2 4 5 7 10 13] [1 2 3 4 5 7 8 10 13 17 43] [1 2 5 7] [1 2 3 4 5 7 13 52 58] [1 2 3 5 7 13] [1 2 3 5 7 8 13] [1 2 4 5] [1 2 3 4 5 7 10 13] [1 2 3 4 5 7 8 10 13] [1 2 3 4 5 7 8 10 13 52] [1 2 3 4 13 52] [1 2 3 4 5 8 13] [1 2 3 4 5 7 10 17] [1 2 13 52] [1 2 3 4 5 8 10 19] [1 2 4 8 13] [1 2 4 5 13] [1 2 3 4 5 7 8 10] [1 2 3 4 5 8 13 17] [1 2 3 4 5 13] [1 2 3 5 13] [1 2 5] [1 2 5 7 13 52] [1 2 3 5 7 8 10] [1 2 3 4 5 8] [1 2 3 4 5 7 8 10 13 19] [1 2 3] [1 2 3 4 5 7 8 10 17] [1 2 3 5 8] [1 2 3 4 5 7 8 10 13 17] [1 2 3 4 5 10 13 52] [1 2 3 4 5 7 9 10 13 52] [1 2 3 4 5 6 7 8 10] [1 2] [1 2 3 4 5 7 8 9 10 13 52] [1 2 3 4 5 7 10 13 17 52] [1 2 5 10 13] [1 2 3 4 5 6 7 8 9 10 13 17 24] [1 2 3 5 7 9] [1 5] [1] [1 2 10] [1 2 3 5 7 8 10 11] [1 2 3 4 5 6 7 8 10 11 17] [1 2 4 5 7 9] [1 2 3 4 5 7 8 9 13] [1 2 3 5 7 10 13] [1 2 3 4 5 6 7 8 13 52] [1 2 3 4 5 7 8 13 17 52 58] [1 2 4 5 6 7 8 11 13] [1 2 3 4 5 7 9 13] [1 2 3 4 5 6 7] [1 2 3 4 5 6 7 8 9] [1 2 4 5 7 8 10 13] [1 2 3 4 5 7 9] [1 2 3 4 5 7 8 9 10 13 17] [1 2 4 5 7 8 9 10 13 17 43] [1 2 3 4 5 10 13] [1 2 3 4 5 8 13 52 58] [1 2 3 4 5 6 8 13] [1 2 4 5 6 8 11] [1 2 3 5 8 10 13 19 52] [1 2 3 4 5 7 8 13] [1 2 3 5 8 10 13] [1 2 3 5 7 8 10 19] [1 2 4 5 8] [1 2 3 5 10] [1 2 4 5 7 13 52] [1 2 3 5 7 8 10 13] [1 2 3 4 5 10] [1 2 3 4 5 7 8 13 17] [1 2 3 13] [1 2 3 4 5 7 10 13 17] [1 2 5 7 10] [1 2 3 4 5 8 10 13 19 52 58] [1 2 3 4 5 8 10 13 17] [1 2 3 4 5 13 52] [1 2 3 4 5 6 8 11 13 52 58] [1 2 3 5 10 13] [1 5 27] [1 2 4 5 6 7 8 9 10 13] [1 2 3 4 5 7 17] [1 2 7 13] [1 2 4 5 6 8] [1 2 3 4 5 7 8 10 13 17 52] [1 2 3 4 5 13 52 58] [1 2 4 5 7 9 10] [1 2 3 4 5 7 8 13 52] [1 2 3 5 7 10 13 52] [1 2 3 4 5 7 10 17 43 58] [1 2 3 4 5 6] [1 13] [1 2 5 7 10 13 17 52] [1 2 3 4 5 7 8 10 13 17 19] [1 2 3 4 5 7 8 9 10 11] [1 2 3 4 5 7 8 17] [1 2 3 4 5 6 7 8 9 13 52 58] [] [] [] [] [] [] [] [] [] [] [] [] [] [] [] [] [] [] [] [] [] [] [] [] [] [] [] [] [] [] [] [] [] [] [] [] [] [] [] [] [] [] [] [] [] [] [] [] [] [] [] [] [] [] [] [] [] [] [] [] [] [] [] [] [] [] [] [] [] [] [] [] [] [] [] [] [] []
75 [] [1 2 4] [1 2 3 5 7 10] [1 2 4 5 7] [1 2 3 4 5 7 8] [1 2 5 13] [1 2 3 4 5] [1 2 3 5 7] [1 2 3 4 5 8 10 13] [1 2 3 4 5 7] [1 2 3 4 5 7 8 10 13 17 24] [1 2 4 13] [1 2 13] [1 2 3 5 8 10] [1 2 4 5 7 13] [1 2 3 5] [1 2 3 4 5 7 13 17] [1 2 3 4 5 7 13] [1 2 3 4] [1 2 3 5 7 8] [1 2 3 4 5 7 13 52] [1 2 4 5 7 10] [1 2 3 5 13 52] [1 2 3 8 13] [1 2 3 4 5 8 10] [1 2 4 5 7 10 13] [1 2 3 4 5 7 8 10 13 17 43] [1 2 5 7] [1 2 3 4 5 7 13 52 58] [1 2 3 5 7 13] [1 2 3 5 7 8 13] [1 2 4 5] [1 2 3 4 5 7 10 13] [1 2 3 4 5 7 8 10 13] [1 2 3 4 5 7 10] [1 2 3 4 5 7 8 10 13 52] [1 2 3 4 13 52] [1 2 3 4 5 8 13] [1 2 3 4 5 7 10 17] [1 2 13 52] [1 2 3 4 5 8 10 19] [1 2 4 8 13] [1 2 4 5 13] [1 2 3 4 5 7 8 10] [1 2 3 4 5 8 13 17] [1 2 3 4 5 13] [1 2 3 5 13] [1 2 5] [1 2 5 7 13 52] [1 2 3 5 7 8 10] [1 2 3 4 5 8] [1 2 3 4 5 7 8 10 13 19] [1 2 3] [1 2 3 4 5 7 8 10 17] [1 2 3 5 8] [1 2 3 4 5 7 8 10 13 17] [1 2 3 4 5 10 13 52] [1 2 3 4 5 7 9 10 13 52] [1 2 3 4 5 6 7 8 10] [1 2] [1 2 3 4 5 7 8 9 10 13 52] [1 2 3 4 5 7 10 13 17 52] [1 2 5 10 13] [1 2 3 4 5 6 7 8 9 10 13 17 24] [1 2 3 5 7 9] [1 5] [1] [1 2 10] [1 2 3 5 7 8 10 11] [1 2 3 4 5 6 7 8 10 11 17] [1 2 4 5 7 9] [1 2 3 4 5 7 8 9 13] [1 2 3 5 7 10 13] [1 2 3 4 5 6 7 8 13 52] [1 2 3 4 5 7 8 13 17 52 58] [1 2 4 5 6 7 8 11 13] [1 2 3 4 5 7 9 13] [1 2 3 4 5 6 7] [1 2 3 4 5 6 7 8 9] [1 2 4 5 7 8 10 13] [1 2 3 4 5 7 9] [1 2 3 4 5 7 8 9 10 13 17] [1 2 4 5 7 8 9 10 13 17 43] [1 2 3 4 5 10 13] [1 2 3 4 5 8 13 52 58] [1 2 3 4 5 6 8 13] [1 2 4 5 6 8 11] [1 2 3 5 8 10 13 19 52] [1 2 3 4 5 7 8 13] [1 2 3 5 8 10 13] [1 2 3 5 7 8 10 19] [1 2 4 5 8] [1 2 3 5 10] [1 2 4 5 7 13 52] [1 2 3 5 7 8 10 13] [1 2 3 4 5 10] [1 2 3 4 5 7 8 13 17] [1 2 3 13] [1 2 3 4 5 7 10 13 17] [1 2 5 7 10] [1 2 3 4 5 8 10 13 19 52 58] [1 2 3 4 5 8 10 13 17] [1 2 3 4 5 13 52] [1 2 3 4 5 6 8 11 13 52 58] [1 2 3 5 10 13] [1 5 27] [1 2 4 5 6 7 8 9 10 13] [1 2 3 4 5 7 17] [1 2 7 13] [1 2 4 5 6 8] [1 2 3 4 5 7 8 10 13 17 52] [1 2 3 4 5 13 52 58] [1 2 4 5 7 9 10] [1 2 3 4 5 7 8 13 52] [1 2 3 5 7 10 13 52] [1 2 3 4 5 7 10 17 43 58] [1 2 3 4 5 6] [1 13] [1 2 5 7 10 13 17 52] [1 2 3 4 5 7 8 10 13 17 19] [1 2 3 4 5 7 8 9 10 11] [1 2 3 4 5 7 8 17] [1 2 3 4 5 6 7 8 9 13 52 58] [] [] [] [] [] [] [] [] [] [] [] [] [] [] [] [] [] [] [] [] [] [] [] [] [] [] [] [] [] [] [] [] [] [] [] [] [] [] [] [] [] [] [] [] [] [] [] [] [] [] [] [] [] [] [] [] [] [] [] [] [] [] [] [] [] [] [] [] [] [] [] [] [] [] [] [] [] []
76 [] [1 2 4 5 7] [1 2 3 4 5 7 8] [1 2 5 13] [1 2 3 4 5] [1 2 3 5 7] [1 2 3 4 5 8 10 13] [1 2 3 4 5 7] [1 2 3 5 7 10] [1 2 3 4 5 7 8 10 13 17 24] [1 2 4 13] [1 2 13] [1 2 3 5 8 10] [1 2 4 5 7 13] [1 2 3 5] [1 2 3 4 5 7 13 17] [1 2 3 4 5 7 13] [1 2 3 4] [1 2 3 5 7 8] [1 2 3 4 5 7 13 52] [1 2 4 5 7 10] [1 2 3 5 13 52] [1 2 3 8 13] [1 2 3 4 5 8 10] [1 2 4 5 7 10 13] [1 2 3 4 5 7 8 10 13 17 43] [1 2 5 7] [1 2 3 4 5 7 13 52 58] [1 2 3 5 7 13] [1 2 3 5 7 8 13] [1 2 4 5] [1 2 3 4 5 7 10 13] [1 2 3 4 5 7 8 10 13] [1 2 3 4 5 7 10] [1 2 3 4 5 7 8 10 13 52] [1 2 3 4 13 52] [1 2 3 4 5 8 13] [1 2 3 4 5 7 10 17] [1 2 13 52] [1 2 3 4 5 8 10 19] [1 2 4 8 13] [1 2 4 5 13] [1 2 3 4 5 7 8 10] [1 2 3 4 5 8 13 17] [1 2 3 4 5 13] [1 2 3 5 13] [1 2 5] [1 2 5 7 13 52] [1 2 3 5 7 8 10] [1 2 3 4 5 8] [1 2 3 4 5 7 8 10 13 19] [1 2 3] [1 2 3 4 5 7 8 10 17] [1 2 3 5 8] [1 2 3 4 5 7 8 10 13 17] [1 2 3 4 5 10 13 52] [1 2 3 4 5 7 9 10 13 52] [1 2 3 4 5 6 7 8 10] [1 2] [1 2 3 4 5 7 8 9 10 13 52] [1 2 3 4 5 7 10 13 17 52] [1 2 5 10 13] [1 2 3 4 5 6 7 8 9 10 13 17 24] [1 2 3 5 7 9] [1 5] [1] [1 2 10] [1 2 3 5 7 8 10 11] [1 2 3 4 5 6 7 8 10 11 17] [1 2 4 5 7 9] [1 2 3 4 5 7 8 9 13] [1 2 3 5 7 10 13] [1 2 3 4 5 6 7 8 13 52] [1 2 3 4 5 7 8 13 17 52 58] [1 2 4 5 6 7 8 11 13] [1 2 3 4 5 7 9 13] [1 2 3 4 5 6 7] [1 2 3 4 5 6 7 8 9] [1 2 4 5 7 8 10 13] [1 2 3 4 5 7 9] [1 2 3 4 5 7 8 9 10 13 17] [1 2 4 5 7 8 9 10 13 17 43] [1 2 3 4 5 10 13] [1 2 3 4 5 8 13 52 58] [1 2 3 4 5 6 8 13] [1 2 4 5 6 8 11] [1 2 3 5 8 10 13 19 52] [1 2 3 4 5 7 8 13] [1 2 3 5 8 10 13] [1 2 3 5 7 8 10 19] [1 2 4 5 8] [1 2 3 5 10] [1 2 4 5 7 13 52] [1 2 3 5 7 8 10 13] [1 2 3 4 5 10] [1 2 3 4 5 7 8 13 17] [1 2 3 13] [1 2 3 4 5 7 10 13 17] [1 2 5 7 10] [1 2 3 4 5 8 10 13 19 52 58] [1 2 3 4 5 8 10 13 17] [1 2 3 4 5 13 52] [1 2 3 4 5 6 8 11 13 52 58] [1 2 3 5 10 13] [1 5 27] [1 2 4 5 6 7 8 9 10 13] [1 2 3 4 5 7 17] [1 2 7 13] [1 2 4 5 6 8] [1 2 3 4 5 7 8 10 13 17 52] [1 2 3 4 5 13 52 58] [1 2 4 5 7 9 10] [1 2 3 4 5 7 8 13 52] [1 2 3 5 7 10 13 52] [1 2 3 4 5 7 10 17 43 58] [1 2 3 4 5 6] [1 13] [1 2 5 7 10 13 17 52] [1 2 3 4 5 7 8 10 13 17 19] [1 2 3 4 5 7 8 9 10 11] [1 2 3 4 5 7 8 17] [1 2 3 4 5 6 7 8 9 13 52 58] [] [] [] [] [] [] [] [] [] [] [] [] [] [] [] [] [] [] [] [] [] [] [] [] [] [] [] [] [] [] [] [] [] [] [] [] [] [] [] [] [] [] [] [] [] [] [] [] [] [] [] [] [] [] [] [] [] [] [] [] [] [] [] [] [] [] [] [] [] [] [] [] [] [] [] [] [] [] []
77 [] [1 2 5 13] [1 2 3 4 5] [1 2 3 5 7] [1 2 3 4 5 8 10 13] [1 2 3 4 5 7] [1 2 3 5 7 10] [1 2 3 4 5 7 8 10 13 17 24] [1 2 3 4 5 7 8] [1 2 4 13] [1 2 13] [1 2 3 5 8 10] [1 2 4 5 7 13] [1 2 3 5] [1 2 3 4 5 7 13 17] [1 2 3 4 5 7 13] [1 2 3 4] [1 2 3 5 7 8] [1 2 3 4 5 7 13 52] [1 2 4 5 7 10] [1 2 3 5 13 52] [1 2 3 8 13] [1 2 3 4 5 8 10] [1 2 4 5 7] [1 2 4 5 7 10 13] [1 2 3 4 5 7 8 10 13 17 43] [1 2 5 7] [1 2 3 4 5 7 13 52 58] [1 2 3 5 7 13] [1 2 3 5 7 8 13] [1 2 4 5] [1 2 3 4 5 7 10 13] [1 2 3 4 5 7 8 10 13] [1 2 3 4 5 7 10] [1 2 3 4 5 7 8 10 13 52] [1 2 3 4 13 52] [1 2 3 4 5 8 13] [1 2 3 4 5 7 10 17] [1 2 13 52] [1 2 3 4 5 8 10 19] [1 2 4 8 13] [1 2 4 5 13] [1 2 3 4 5 7 8 10] [1 2 3 4 5 8 13 17] [1 2 3 4 5 13] [1 2 3 5 13] [1 2 5] [1 2 5 7 13 52] [1 2 3 5 7 8 10] [1 2 3 4 5 8] [1 2 3 4 5 7 8 10 13 19] [1 2 3] [1 2 3 4 5 7 8 10 17] [1 2 3 5 8] [1 2 3 4 5 7 8 10 13 17] [1 2 3 4 5 10 13 52] [1 2 3 4 5 7 9 10 13 52] [1 2 3 4 5 6 7 8 10] [1 2] [1 2 3 4 5 7 8 9 10 13 52] [1 2 3 4 5 7 10 13 17 52] [1 2 5 10 13] [1 2 3 4 5 6 7 8 9 10 13 17 24] [1 2 3 5 7 9] [1 5] [1] [1 2 10] [1 2 3 5 7 8 10 11] [1 2 3 4 5 6 7 8 10 11 17] [1 2 4 5 7 9] [1 2 3 4 5 7 8 9 13] [1 2 3 5 7 10 13] [1 2 3 4 5 6 7 8 13 52] [1 2 3 4 5 7 8 13 17 52 58] [1 2 4 5 6 7 8 11 13] [1 2 3 4 5 7 9 13] [1 2 3 4 5 6 7] [1 2 3 4 5 6 7 8 9] [1 2 4 5 7 8 10 13] [1 2 3 4 5 7 9] [1 2 3 4 5 7 8 9 10 13 17] [1 2 4 5 7 8 9 10 13 17 43] [1 2 3 4 5 10 13] [1 2 3 4 5 8 13 52 58] [1 2 3 4 5 6 8 13] [1 2 4 5 6 8 11] [1 2 3 5 8 10 13 19 52] [1 2 3 4 5 7 8 13] [1 2 3 5 8 10 13] [1 2 3 5 7 8 10 19] [1 2 4 5 8] [1 2 3 5 10] [1 2 4 5 7 13 52] [1 2 3 5 7 8 10 13] [1 2 3 4 5 10] [1 2 3 4 5 7 8 13 17] [1 2 3 13] [1 2 3 4 5 7 10 13 17] [1 2 5 7 10] [1 2 3 4 5 8 10 13 19 52 58] [1 2 3 4 5 8 10 13 17] [1 2 3 4 5 13 52] [1 2 3 4 5 6 8 11 13 52 58] [1 2 3 5 10 13] [1 5 27] [1 2 4 5 6 7 8 9 10 13] [1 2 3 4 5 7 17] [1 2 7 13] [1 2 4 5 6 8] [1 2 3 4 5 7 8 10 13 17 52] [1 2 3 4 5 13 52 58] [1 2 4 5 7 9 10] [1 2 3 4 5 7 8 13 52] [1 2 3 5 7 10 13 52] [1 2 3 4 5 7 10 17 43 58] [1 2 3 4 5 6] [1 13] [1 2 5 7 10 13 17 52] [1 2 3 4 5 7 8 10 13 17 19] [1 2 3 4 5 7 8 9 10 11] [1 2 3 4 5 7 8 17] [1 2 3 4 5 6 7 8 9 13 52 58] [] [] [] [] [] [] [] [] [] [] [] [] [] [] [] [] [] [] [] [] [] [] [] [] [] [] [] [] [] [] [] [] [] [] [] [] [] [] [] [] [] [] [] [] [] [] [] [] [] [] [] [] [] [] [] [] [] [] [] [] [] [] [] [] [] [] [] [] [] [] [] [] [] [] [] [] [] [] []
78 [] [1 2 3 5 7] [1 2 3 4 5] [1 2 3 4 5 8 10 13] [1 2 3 4 5 7] [1 2 3 5 7 10] [1 2 3 4 5 7 8 10 13 17 24] [1 2 3 4 5 7 8] [1 2 4 13] [1 2 13] [1 2 3 5 8 10] [1 2 4 5 7 13] [1 2 3 5] [1 2 3 4 5 7 13 17] [1 2 3 4 5 7 13] [1 2 3 4] [1 2 3 5 7 8] [1 2 3 4 5 7 13 52] [1 2 4 5 7 10] [1 2 3 5 13 52] [1 2 3 8 13] [1 2 3 4 5 8 10] [1 2 4 5 7] [1 2 4 5 7 10 13] [1 2 3 4 5 7 8 10 13 17 43] [1 2 5 7] [1 2 3 4 5 7 13 52 58] [1 2 3 5 7 13] [1 2 3 5 7 8 13] [1 2 4 5] [1 2 3 4 5 7 10 13] [1 2 3 4 5 7 8 10 13] [1 2 3 4 5 7 10] [1 2 3 4 5 7 8 10 13 52] [1 2 3 4 13 52] [1 2 3 4 5 8 13] [1 2 3 4 5 7 10 17] [1 2 13 52] [1 2 3 4 5 8 10 19] [1 2 4 8 13] [1 2 4 5 13] [1 2 3 4 5 7 8 10] [1 2 3 4 5 8 13 17] [1 2 3 4 5 13] [1 2 3 5 13] [1 2 5] [1 2 5 7 13 52] [1 2 3 5 7 8 10] [1 2 3 4 5 8] [1 2 3 4 5 7 8 10 13 19] [1 2 3] [1 2 3 4 5 7 8 10 17] [1 2 3 5 8] [1 2 3 4 5 7 8 10 13 17] [1 2 3 4 5 10 13 52] [1 2 3 4 5 7 9 10 13 52] [1 2 3 4 5 6 7 8 10] [1 2] [1 2 3 4 5 7 8 9 10 13 52] [1 2 3 4 5 7 10 13 17 52] [1 2 5 10 13] [1 2 3 4 5 6 7 8 9 10 13 17 24] [1 2 3 5 7 9] [1 5] [1] [1 2 10] [1 2 3 5 7 8 10 11] [1 2 3 4 5 6 7 8 10 11 17] [1 2 4 5 7 9] [1 2 3 4 5 7 8 9 13] [1 2 3 5 7 10 13] [1 2 3 4 5 6 7 8 13 52] [1 2 3 4 5 7 8 13 17 52 58] [1 2 4 5 6 7 8 11 13] [1 2 3 4 5 7 9 13] [1 2 3 4 5 6 7] [1 2 3 4 5 6 7 8 9] [1 2 4 5 7 8 10 13] [1 2 3 4 5 7 9] [1 2 3 4 5 7 8 9 10 13 17] [1 2 4 5 7 8 9 10 13 17 43] [1 2 3 4 5 10 13] [1 2 3 4 5 8 13 52 58] [1 2 3 4 5 6 8 13] [1 2 4 5 6 8 11] [1 2 3 5 8 10 13 19 52] [1 2 3 4 5 7 8 13] [1 2 3 5 8 10 13] [1 2 3 5 7 8 10 19] [1 2 4 5 8] [1 2 3 5 10] [1 2 4 5 7 13 52] [1 2 3 5 7 8 10 13] [1 2 3 4 5 10] [1 2 3 4 5 7 8 13 17] [1 2 3 13] [1 2 3 4 5 7 10 13 17] [1 2 5 7 10] [1 2 3 4 5 8 10 13 19 52 58] [1 2 3 4 5 8 10 13 17] [1 2 3 4 5 13 52] [1 2 3 4 5 6 8 11 13 52 58] [1 2 3 5 10 13] [1 5 27] [1 2 4 5 6 7 8 9 10 13] [1 2 3 4 5 7 17] [1 2 7 13] [1 2 4 5 6 8] [1 2 3 4 5 7 8 10 13 17 52] [1 2 3 4 5 13 52 58] [1 2 4 5 7 9 10] [1 2 3 4 5 7 8 13 52] [1 2 3 5 7 10 13 52] [1 2 3 4 5 7 10 17 43 58] [1 2 3 4 5 6] [1 13] [1 2 5 7 10 13 17 52] [1 2 3 4 5 7 8 10 13 17 19] [1 2 3 4 5 7 8 9 10 11] [1 2 3 4 5 7 8 17] [1 2 3 4 5 6 7 8 9 13 52 58] [] [] [] [] [] [] [] [] [] [] [] [] [] [] [] [] [] [] [] [] [] [] [] [] [] [] [] [] [] [] [] [] [] [] [] [] [] [] [] [] [] [] [] [] [] [] [] [] [] [] [] [] [] [] [] [] [] [] [] [] [] [] [] [] [] [] [] [] [] [] [] [] [] [] [] [] [] [] [] []
79 [] [1 2 3 4 5 8 10 13] [1 2 3 4 5 7] [1 2 3 5 10] [1 2 3 5 7] [1 2 3 5 7 10] [1 2 3 4 5 7 8 10 13 17 24] [1 2 3 4 5 7 8] [1 2 4 13] [1 2 13] [1 2 3 5 8 10] [1 2 4 5 7 13] [1 2 3 5] [1 2 3 4 5 7 13 17] [1 2 3 4 5 7 13] [1 2 3 4] [1 2 3 5 7 8] [1 2 3 4 5 7 13 52] [1 2 4 5 7 10] [1 2 3 5 13 52] [1 2 3 8 13] [1 2 3 4 5 8 10] [1 2 4 5 7] [1 2 4 5 7 10 13] [1 2 3 4 5 7 8 10 13 17 43] [1 2 3 4 5] [1 2 5 7] [1 2 3 4 5 7 13 52 58] [1 2 3 5 7 13] [1 2 3 5 7 8 13] [1 2 4 5] [1 2 3 4 5 7 10 13] [1 2 3 4 5 7 8 10 13] [1 2 3 4 5 7 10] [1 2 3 4 5 7 8 10 13 52] [1 2 3 4 13 52] [1 2 3 4 5 8 13] [1 2 3 4 5 7 10 17] [1 2 13 52] [1 2 3 4 5 8 10 19] [1 2 4 8 13] [1 2 4 5 13] [1 2 3 4 5 7 8 10] [1 2 3 4 5 8 13 17] [1 2 3 4 5 13] [1 2 3 5 13] [1 2 5] [1 2 5 7 13 52] [1 2 3 5 7 8 10] [1 2 3 4 5 8] [1 2 3 4 5 7 8 10 13 19] [1 2 3] [1 2 3 4 5 7 8 10 17] [1 2 3 5 8] [1 2 3 4 5 7 8 10 13 17] [1 2 3 4 5 10 13 52] [1 2 3 4 5 7 9 10 13 52] [1 2 3 4 5 6 7 8 10] [1 2] [1 2 3 4 5 7 8 9 10 13 52] [1 2 3 4 5 7 10 13 17 52] [1 2 5 10 13] [1 2 3 4 5 6 7 8 9 10 13 17 24] [1 2 3 5 7 9] [1 5] [1] [1 2 10] [1 2 3 5 7 8 10 11] [1 2 3 4 5 6 7 8 10 11 17] [1 2 4 5 7 9] [1 2 3 4 5 7 8 9 13] [1 2 3 5 7 10 13] [1 2 3 4 5 6 7 8 13 52] [1 2 3 4 5 7 8 13 17 52 58] [1 2 4 5 6 7 8 11 13] [1 2 3 4 5 7 9 13] [1 2 3 4 5 6 7] [1 2 3 4 5 6 7 8 9] [1 2 4 5 7 8 10 13] [1 2 3 4 5 7 9] [1 2 3 4 5 7 8 9 10 13 17] [1 2 4 5 7 8 9 10 13 17 43] [1 2 3 4 5 10 13] [1 2 3 4 5 8 13 52 58] [1 2 3 4 5 6 8 13] [1 2 4 5 6 8 11] [1 2 3 5 8 10 13 19 52] [1 2 3 4 5 7 8 13] [1 2 3 5 8 10 13] [1 2 3 5 7 8 10 19] [1 2 4 5 8] [1 2 4 5 7 13 52] [1 2 3 5 7 8 10 13] [1 2 3 4 5 10] [1 2 3 4 5 7 8 13 17] [1 2 3 13] [1 2 3 4 5 7 10 13 17] [1 2 5 7 10] [1 2 3 4 5 8 10 13 19 52 58] [1 2 3 4 5 8 10 13 17] [1 2 3 4 5 13 52] [1 2 3 4 5 6 8 11 13 52 58] [1 2 3 5 10 13] [1 5 27] [1 2 4 5 6 7 8 9 10 13] [1 2 3 4 5 7 17] [1 2 7 13] [1 2 4 5 6 8] [1 2 3 4 5 7 8 10 13 17 52] [1 2 3 4 5 13 52 58] [1 2 4 5 7 9 10] [1 2 3 4 5 7 8 13 52] [1 2 3 5 7 10 13 52] [1 2 3 4 5 7 10 17 43 58] [1 2 3 4 5 6] [1 13] [1 2 5 7 10 13 17 52] [1 2 3 4 5 7 8 10 13 17 19] [1 2 3 4 5 7 8 9 10 11] [1 2 3 4 5 7 8 17] [1 2 3 4 5 6 7 8 9 13 52 58] [] [] [] [] [] [] [] [] [] [] [] [] [] [] [] [] [] [] [] [] [] [] [] [] [] [] [] [] [] [] [] [] [] [] [] [] [] [] [] [] [] [] [] [] [] [] [] [] [] [] [] [] [] [] [] [] [] [] [] [] [] [] [] [] [] [] [] [] [] [] [] [] [] [] [] [] [] [] [] []
80 [] [1 2 3 5 10] [1 2 3 5 7] [1 2 3 5 7 10] [1 2 3 4 5 7 8 10 13 17 24] [1 2 3 4 5 7] [1 2 3 4 5 7 8] [1 2 4 13] [1 2 3 4 5 8 10 13] [1 2 13] [1 2 3 5 8 10] [1 2 4 5 7 13] [1 2 3 5] [1 2 3 4 5 7 13 17] [1 2 3 4 5 7 13] [1 2 3 4] [1 2 3 5 7 8] [1 2 3 4 5 7 13 52] [1 2 4 5 7 10] [1 2 3 5 13 52] [1 2 3 8 13] [1 2 3 4 5 8 10] [1 2 4 5 7] [1 2 4 5 7 10 13] [1 2 3 4 5 7 8 10 13 17 43] [1 2 3 4 5] [1 2 5 7] [1 2 3 4 5 7 13 52 58] [1 2 3 5 7 13] [1 2 3 5 7 8 13] [1 2 4 5] [1 2 3 4 5 7 10 13] [1 2 3 4 5 7 8 10 13] [1 2 3 4 5 7 10] [1 2 3 4 5 7 8 10 13 52] [1 2 3 4 13 52] [1 2 3 4 5 8 13] [1 2 3 4 5 7 10 17] [1 2 13 52] [1 2 3 4 5 8 10 19] [1 2 4 8 13] [1 2 4 5 13] [1 2 3 4 5 7 8 10] [1 2 3 4 5 8 13 17] [1 2 3 4 5 13] [1 2 3 5 13] [1 2 5] [1 2 5 7 13 52] [1 2 3 5 7 8 10] [1 2 3 4 5 8] [1 2 3 4 5 7 8 10 13 19] [1 2 3] [1 2 3 4 5 7 8 10 17] [1 2 3 5 8] [1 2 3 4 5 7 8 10 13 17] [1 2 3 4 5 10 13 52] [1 2 3 4 5 7 9 10 13 52] [1 2 3 4 5 6 7 8 10] [1 2] [1 2 3 4 5 7 8 9 10 13 52] [1 2 3 4 5 7 10 13 17 52] [1 2 5 10 13] [1 2 3 4 5 6 7 8 9 10 13 17 24] [1 2 3 5 7 9] [1 5] [1] [1 2 10] [1 2 3 5 7 8 10 11] [1 2 3 4 5 6 7 8 10 11 17] [1 2 4 5 7 9] [1 2 3 4 5 7 8 9 13] [1 2 3 5 7 10 13] [1 2 3 4 5 6 7 8 13 52] [1 2 3 4 5 7 8 13 17 52 58] [1 2 4 5 6 7 8 11 13] [1 2 3 4 5 7 9 13] [1 2 3 4 5 6 7] [1 2 3 4 5 6 7 8 9] [1 2 4 5 7 8 10 13] [1 2 3 4 5 7 9] [1 2 3 4 5 7 8 9 10 13 17] [1 2 4 5 7 8 9 10 13 17 43] [1 2 3 4 5 10 13] [1 2 3 4 5 8 13 52 58] [1 2 3 4 5 6 8 13] [1 2 4 5 6 8 11] [1 2 3 5 8 10 13 19 52] [1 2 3 4 5 7 8 13] [1 2 3 5 8 10 13] [1 2 3 5 7 8 10 19] [1 2 4 5 8] [1 2 4 5 7 13 52] [1 2 3 5 7 8 10 13] [1 2 3 4 5 10] [1 2 3 4 5 7 8 13 17] [1 2 3 13] [1 2 3 4 5 7 10 13 17] [1 2 5 7 10] [1 2 3 4 5 8 10 13 19 52 58] [1 2 3 4 5 8 10 13 17] [1 2 3 4 5 13 52] [1 2 3 4 5 6 8 11 13 52 58] [1 2 3 5 10 13] [1 5 27] [1 2 4 5 6 7 8 9 10 13] [1 2 3 4 5 7 17] [1 2 7 13] [1 2 4 5 6 8] [1 2 3 4 5 7 8 10 13 17 52] [1 2 3 4 5 13 52 58] [1 2 4 5 7 9 10] [1 2 3 4 5 7 8 13 52] [1 2 3 5 7 10 13 52] [1 2 3 4 5 7 10 17 43 58] [1 2 3 4 5 6] [1 13] [1 2 5 7 10 13 17 52] [1 2 3 4 5 7 8 10 13 17 19] [1 2 3 4 5 7 8 9 10 11] [1 2 3 4 5 7 8 17] [1 2 3 4 5 6 7 8 9 13 52 58] [] [] [] [] [] [] [] [] [] [] [] [] [] [] [] [] [] [] [] [] [] [] [] [] [] [] [] [] [] [] [] [] [] [] [] [] [] [] [] [] [] [] [] [] [] [] [] [] [] [] [] [] [] [] [] [] [] [] [] [] [] [] [] [] [] [] [] [] [] [] [] [] [] [] [] [] [] [] [] []
81 [] [1 2 3 5 7 10] [1 2 3 4 5 7 8 10 13 17 24] [1 2 3 5 7] [1 2 3 4 5 7] [1 2 3 4 5 7 8] [1 2 4 13] [1 2 3 4 5 8 10 13] [1 2 13] [1 2 3 5 8 10] [1 2 4 5 7 13] [1 2 3 5] [1 2 3 4 5 7 13 17] [1 2 3 4 5 7 13] [1 2 3 4] [1 2 3 5 7 8] [1 2 3 4 5 7 13 52] [1 2 4 5 7 10] [1 2 3 5 13 52] [1 2 3 8 13] [1 2 3 4 5 8 10] [1 2 4 5 7] [1 2 4 5 7 10 13] [1 2 3 4 5 7 8 10 13 17 43] [1 2 3 4 5] [1 2 5 7] [1 2 3 4 5 7 13 52 58] [1 2 3 5 7 13] [1 2 3 5 7 8 13] [1 2 4 5] [1 2 3 4 5 7 10 13] [1 2 3 4 5 7 8 10 13] [1 2 3 4 5 7 10] [1 2 3 4 5 7 8 10 13 52] [1 2 3 4 13 52] [1 2 3 4 5 8 13] [1 2 3 4 5 7 10 17] [1 2 13 52] [1 2 3 4 5 8 10 19] [1 2 4 8 13] [1 2 4 5 13] [1 2 3 4 5 7 8 10] [1 2 3 4 5 8 13 17] [1 2 3 4 5 13] [1 2 3 5 13] [1 2 5] [1 2 5 7 13 52] [1 2 3 5 7 8 10] [1 2 3 4 5 8] [1 2 3 4 5 7 8 10 13 19] [1 2 3] [1 2 3 4 5 7 8 10 17] [1 2 3 5 8] [1 2 3 4 5 7 8 10 13 17] [1 2 3 4 5 10 13 52] [1 2 3 4 5 7 9 10 13 52] [1 2 3 4 5 6 7 8 10] [1 2] [1 2 3 4 5 7 8 9 10 13 52] [1 2 3 4 5 7 10 13 17 52] [1 2 5 10 13] [1 2 3 4 5 6 7 8 9 10 13 17 24] [1 2 3 5 7 9] [1 5] [1] [1 2 10] [1 2 3 5 7 8 10 11] [1 2 3 4 5 6 7 8 10 11 17] [1 2 4 5 7 9] [1 2 3 4 5 7 8 9 13] [1 2 3 5 7 10 13] [1 2 3 4 5 6 7 8 13 52] [1 2 3 4 5 7 8 13 17 52 58] [1 2 4 5 6 7 8 11 13] [1 2 3 4 5 7 9 13] [1 2 3 4 5 6 7] [1 2 3 4 5 6 7 8 9] [1 2 4 5 7 8 10 13] [1 2 3 4 5 7 9] [1 2 3 4 5 7 8 9 10 13 17] [1 2 4 5 7 8 9 10 13 17 43] [1 2 3 4 5 10 13] [1 2 3 4 5 8 13 52 58] [1 2 3 4 5 6 8 13] [1 2 4 5 6 8 11] [1 2 3 5 8 10 13 19 52] [1 2 3 4 5 7 8 13] [1 2 3 5 8 10 13] [1 2 3 5 7 8 10 19] [1 2 4 5 8] [1 2 3 5 10] [1 2 4 5 7 13 52] [1 2 3 5 7 8 10 13] [1 2 3 4 5 10] [1 2 3 4 5 7 8 13 17] [1 2 3 13] [1 2 3 4 5 7 10 13 17] [1 2 5 7 10] [1 2 3 4 5 8 10 13 19 52 58] [1 2 3 4 5 8 10 13 17] [1 2 3 4 5 13 52] [1 2 3 4 5 6 8 11 13 52 58] [1 2 3 5 10 13] [1 5 27] [1 2 4 5 6 7 8 9 10 13] [1 2 3 4 5 7 17] [1 2 7 13] [1 2 4 5 6 8] [1 2 3 4 5 7 8 10 13 17 52] [1 2 3 4 5 13 52 58] [1 2 4 5 7 9 10] [1 2 3 4 5 7 8 13 52] [1 2 3 5 7 10 13 52] [1 2 3 4 5 7 10 17 43 58] [1 2 3 4 5 6] [1 13] [1 2 5 7 10 13 17 52] [1 2 3 4 5 7 8 10 13 17 19] [1 2 3 4 5 7 8 9 10 11] [1 2 3 4 5 7 8 17] [1 2 3 4 5 6 7 8 9 13 52 58] [] [] [] [] [] [] [] [] [] [] [] [] [] [] [] [] [] [] [] [] [] [] [] [] [] [] [] [] [] [] [] [] [] [] [] [] [] [] [] [] [] [] [] [] [] [] [] [] [] [] [] [] [] [] [] [] [] [] [] [] [] [] [] [] [] [] [] [] [] [] [] [] [] [] [] [] [] [] [] []
82 [] [1 2 3 5 7] [1 2 3 4 5 7] [1 2 3 4 5 7 8] [1 2 4 13] [1 2 3 4 5 8 10 13] [1 2 13] [1 2 3 5 8 10] [1 2 4 5 7 13] [1 2 3 5] [1 2 3 4 5 7 13 17] [1 2 3 4 5 7 13] [1 2 3 4] [1 2 3 5 7 8] [1 2 3 4 5 7 13 52] [1 2 4 5 7 10] [1 2 3 5 13 52] [1 2 3 8 13] [1 2 3 4 5 8 10] [1 2 4 5 7] [1 2 4 5 7 10 13] [1 2 3 4 5 7 8 10 13 17 43] [1 2 3 4 5] [1 2 5 7] [1 2 3 4 5 7 13 52 58] [1 2 3 5 7 13] [1 2 3 5 7 8 13] [1 2 4 5] [1 2 3 4 5 7 10 13] [1 2 3 4 5 7 8 10 13] [1 2 3 4 5 7 10] [1 2 3 4 5 7 8 10 13 52] [1 2 3 4 13 52] [1 2 3 4 5 8 13] [1 2 3 4 5 7 10 17] [1 2 13 52] [1 2 3 4 5 8 10 19] [1 2 4 8 13] [1 2 3 4 5 7 8 10 13 17 24] [1 2 4 5 13] [1 2 3 4 5 7 8 10] [1 2 3 4 5 8 13 17] [1 2 3 4 5 13] [1 2 3 5 13] [1 2 5] [1 2 5 7 13 52] [1 2 3 5 7 8 10] [1 2 3 4 5 8] [1 2 3 4 5 7 8 10 13 19] [1 2 3] [1 2 3 4 5 7 8 10 17] [1 2 3 5 8] [1 2 3 4 5 7 8 10 13 17] [1 2 3 4 5 10 13 52] [1 2 3 4 5 7 9 10 13 52] [1 2 3 4 5 6 7 8 10] [1 2] [1 2 3 4 5 7 8 9 10 13 52] [1 2 3 4 5 7 10 13 17 52] [1 2 5 10 13] [1 2 3 4 5 6 7 8 9 10 13 17 24] [1 2 3 5 7 9] [1 5] [1] [1 2 10] [1 2 3 5 7 8 10 11] [1 2 3 4 5 6 7 8 10 11 17] [1 2 4 5 7 9] [1 2 3 4 5 7 8 9 13] [1 2 3 5 7 10 13] [1 2 3 4 5 6 7 8 13 52] [1 2 3 4 5 7 8 13 17 52 58] [1 2 4 5 6 7 8 11 13] [1 2 3 4 5 7 9 13] [1 2 3 4 5 6 7] [1 2 3 4 5 6 7 8 9] [1 2 4 5 7 8 10 13] [1 2 3 4 5 7 9] [1 2 3 4 5 7 8 9 10 13 17] [1 2 4 5 7 8 9 10 13 17 43] [1 2 3 4 5 10 13] [1 2 3 4 5 8 13 52 58] [1 2 3 4 5 6 8 13] [1 2 4 5 6 8 11] [1 2 3 5 8 10 13 19 52] [1 2 3 5 7 10] [1 2 3 4 5 7 8 13] [1 2 3 5 8 10 13] [1 2 3 5 7 8 10 19] [1 2 4 5 8] [1 2 3 5 10] [1 2 4 5 7 13 52] [1 2 3 5 7 8 10 13] [1 2 3 4 5 10] [1 2 3 4 5 7 8 13 17] [1 2 3 13] [1 2 3 4 5 7 10 13 17] [1 2 5 7 10] [1 2 3 4 5 8 10 13 19 52 58] [1 2 3 4 5 8 10 13 17] [1 2 3 4 5 13 52] [1 2 3 4 5 6 8 11 13 52 58] [1 2 3 5 10 13] [1 5 27] [1 2 4 5 6 7 8 9 10 13] [1 2 3 4 5 7 17] [1 2 7 13] [1 2 4 5 6 8] [1 2 3 4 5 7 8 10 13 17 52] [1 2 3 4 5 13 52 58] [1 2 4 5 7 9 10] [1 2 3 4 5 7 8 13 52] [1 2 3 5 7 10 13 52] [1 2 3 4 5 7 10 17 43 58] [1 2 3 4 5 6] [1 13] [1 2 5 7 10 13 17 52] [1 2 3 4 5 7 8 10 13 17 19] [1 2 3 4 5 7 8 9 10 11] [1 2 3 4 5 7 8 17] [1 2 3 4 5 6 7 8 9 13 52 58] [] [] [] [] [] [] [] [] [] [] [] [] [] [] [] [] [] [] [] [] [] [] [] [] [] [] [] [] [] [] [] [] [] [] [] [] [] [] [] [] [] [] [] [] [] [] [] [] [] [] [] [] [] [] [] [] [] [] [] [] [] [] [] [] [] [] [] [] [] [] [] [] [] [] [] [] [] [] [] []
83 [] [1 2 3 4 5 7 8] [1 2 4 13] [1 2 3 4 5 8 10 13] [1 2 13] [1 2 3 5 8 10] [1 2 4 5 7 13] [1 2 3 5] [1 2 3 4 5 7 13 17] [1 2 3 4 5 7 13] [1 2 3 4] [1 2 3 4 5 7] [1 2 3 5 7 8] [1 2 3 4 5 7 13 52] [1 2 4 5 7 10] [1 2 3 5 13 52] [1 2 3 8 13] [1 2 3 4 5 8 10] [1 2 4 5 7] [1 2 4 5 7 10 13] [1 2 3 4 5 7 8 10 13 17 43] [1 2 3 4 5] [1 2 5 7] [1 2 3 4 5 7 13 52 58] [1 2 3 5 7 13] [1 2 3 5 7 8 13] [1 2 4 5] [1 2 3 4 5 7 10 13] [1 2 3 4 5 7 8 10 13] [1 2 3 4 5 7 10] [1 2 3 4 5 7 8 10 13 52] [1 2 3 4 13 52] [1 2 3 4 5 8 13] [1 2 3 4 5 7 10 17] [1 2 13 52] [1 2 3 4 5 8 10 19] [1 2 4 8 13] [1 2 3 4 5 7 8 10 13 17 24] [1 2 4 5 13] [1 2 3 4 5 7 8 10] [1 2 3 4 5 8 13 17] [1 2 3 4 5 13] [1 2 3 5 13] [1 2 5] [1 2 5 7 13 52] [1 2 3 5 7 8 10] [1 2 3 4 5 8] [1 2 3 4 5 7 8 10 13 19] [1 2 3] [1 2 3 4 5 7 8 10 17] [1 2 3 5 8] [1 2 3 4 5 7 8 10 13 17] [1 2 3 4 5 10 13 52] [1 2 3 4 5 7 9 10 13 52] [1 2 3 4 5 6 7 8 10] [1 2] [1 2 3 4 5 7 8 9 10 13 52] [1 2 3 4 5 7 10 13 17 52] [1 2 3 5 7] [1 2 5 10 13] [1 2 3 4 5 6 7 8 9 10 13 17 24] [1 2 3 5 7 9] [1 5] [1] [1 2 10] [1 2 3 5 7 8 10 11] [1 2 3 4 5 6 7 8 10 11 17] [1 2 4 5 7 9] [1 2 3 4 5 7 8 9 13] [1 2 3 5 7 10 13] [1 2 3 4 5 6 7 8 13 52] [1 2 3 4 5 7 8 13 17 52 58] [1 2 4 5 6 7 8 11 13] [1 2 3 4 5 7 9 13] [1 2 3 4 5 6 7] [1 2 3 4 5 6 7 8 9] [1 2 4 5 7 8 10 13] [1 2 3 4 5 7 9] [1 2 3 4 5 7 8 9 10 13 17] [1 2 4 5 7 8 9 10 13 17 43] [1 2 3 4 5 10 13] [1 2 3 4 5 8 13 52 58] [1 2 3 4 5 6 8 13] [1 2 4 5 6 8 11] [1 2 3 5 8 10 13 19 52] [1 2 3 5 7 10] [1 2 3 4 5 7 8 13] [1 2 3 5 8 10 13] [1 2 3 5 7 8 10 19] [1 2 4 5 8] [1 2 3 5 10] [1 2 4 5 7 13 52] [1 2 3 5 7 8 10 13] [1 2 3 4 5 10] [1 2 3 4 5 7 8 13 17] [1 2 3 13] [1 2 3 4 5 7 10 13 17] [1 2 5 7 10] [1 2 3 4 5 8 10 13 19 52 58] [1 2 3 4 5 8 10 13 17] [1 2 3 4 5 13 52] [1 2 3 4 5 6 8 11 13 52 58] [1 2 3 5 10 13] [1 5 27] [1 2 4 5 6 7 8 9 10 13] [1 2 3 4 5 7 17] [1 2 7 13] [1 2 4 5 6 8] [1 2 3 4 5 7 8 10 13 17 52] [1 2 3 4 5 13 52 58] [1 2 4 5 7 9 10] [1 2 3 4 5 7 8 13 52] [1 2 3 5 7 10 13 52] [1 2 3 4 5 7 10 17 43 58] [1 2 3 4 5 6] [1 13] [1 2 5 7 10 13 17 52] [1 2 3 4 5 7 8 10 13 17 19] [1 2 3 4 5 7 8 9 10 11] [1 2 3 4 5 7 8 17] [1 2 3 4 5 6 7 8 9 13 52 58] [] [] [] [] [] [] [] [] [] [] [] [] [] [] [] [] [] [] [] [] [] [] [] [] [] [] [] [] [] [] [] [] [] [] [] [] [] [] [] [] [] [] [] [] [] [] [] [] [] [] [] [] [] [] [] [] [] [] [] [] [] [] [] [] [] [] [] [] [] [] [] [] [] [] [] [] [] [] [] []
84 [] [1 2 3 4 5 8 10 13] [1 2 13] [1 2 3 5 8 10] [1 2 4 5 7 13] [1 2 3 5] [1 2 3 4 5 7 13 17] [1 2 3 4 5 7 13] [1 2 3 4] [1 2 3 4 5 7] [1 2 3 5 7 8] [1 2 3 4 5 7 13 52] [1 2 4 5 7 10] [1 2 3 5 13 52] [1 2 3 8 13] [1 2 3 4 5 7 8] [1 2 3 4 5 8 10] [1 2 4 5 7] [1 2 4 5 7 10 13] [1 2 3 4 5 7 8 10 13 17 43] [1 2 3 4 5] [1 2 5 7] [1 2 3 4 5 7 13 52 58] [1 2 3 5 7 13] [1 2 3 5 7 8 13] [1 2 4 5] [1 2 3 4 5 7 10 13] [1 2 3 4 5 7 8 10 13] [1 2 3 4 5 7 10] [1 2 3 4 5 7 8 10 13 52] [1 2 3 4 13 52] [1 2 3 4 5 8 13] [1 2 3 4 5 7 10 17] [1 2 13 52] [1 2 3 4 5 8 10 19] [1 2 4 8 13] [1 2 3 4 5 7 8 10 13 17 24] [1 2 4 5 13] [1 2 3 4 5 7 8 10] [1 2 3 4 5 8 13 17] [1 2 3 4 5 13] [1 2 3 5 13] [1 2 5] [1 2 5 7 13 52] [1 2 3 5 7 8 10] [1 2 3 4 5 8] [1 2 3 4 5 7 8 10 13 19] [1 2 3] [1 2 3 4 5 7 8 10 17] [1 2 3 5 8] [1 2 3 4 5 7 8 10 13 17] [1 2 3 4 5 10 13 52] [1 2 3 4 5 7 9 10 13 52] [1 2 3 4 5 6 7 8 10] [1 2] [1 2 3 4 5 7 8 9 10 13 52] [1 2 3 4 5 7 10 13 17 52] [1 2 3 5 7] [1 2 5 10 13] [1 2 3 4 5 6 7 8 9 10 13 17 24] [1 2 3 5 7 9] [1 5] [1] [1 2 10] [1 2 3 5 7 8 10 11] [1 2 3 4 5 6 7 8 10 11 17] [1 2 4 5 7 9] [1 2 3 4 5 7 8 9 13] [1 2 3 5 7 10 13] [1 2 3 4 5 6 7 8 13 52] [1 2 3 4 5 7 8 13 17 52 58] [1 2 4 5 6 7 8 11 13] [1 2 3 4 5 7 9 13] [1 2 3 4 5 6 7] [1 2 3 4 5 6 7 8 9] [1 2 4 5 7 8 10 13] [1 2 3 4 5 7 9] [1 2 3 4 5 7 8 9 10 13 17] [1 2 4 5 7 8 9 10 13 17 43] [1 2 3 4 5 10 13] [1 2 3 4 5 8 13 52 58] [1 2 3 4 5 6 8 13] [1 2 4 5 6 8 11] [1 2 3 5 8 10 13 19 52] [1 2 3 5 7 10] [1 2 3 4 5 7 8 13] [1 2 3 5 8 10 13] [1 2 3 5 7 8 10 19] [1 2 4 5 8] [1 2 3 5 10] [1 2 4 5 7 13 52] [1 2 3 5 7 8 10 13] [1 2 3 4 5 10] [1 2 3 4 5 7 8 13 17] [1 2 3 13] [1 2 3 4 5 7 10 13 17] [1 2 5 7 10] [1 2 3 4 5 8 10 13 19 52 58] [1 2 3 4 5 8 10 13 17] [1 2 3 4 5 13 52] [1 2 3 4 5 6 8 11 13 52 58] [1 2 3 5 10 13] [1 5 27] [1 2 4 5 6 7 8 9 10 13] [1 2 3 4 5 7 17] [1 2 7 13] [1 2 4 5 6 8] [1 2 3 4 5 7 8 10 13 17 52] [1 2 3 4 5 13 52 58] [1 2 4 5 7 9 10] [1 2 3 4 5 7 8 13 52] [1 2 3 5 7 10 13 52] [1 2 3 4 5 7 10 17 43 58] [1 2 3 4 5 6] [1 13] [1 2 5 7 10 13 17 52] [1 2 3 4 5 7 8 10 13 17 19] [1 2 3 4 5 7 8 9 10 11] [1 2 3 4 5 7 8 17] [1 2 3 4 5 6 7 8 9 13 52 58] [] [] [] [] [] [] [] [] [] [] [] [] [] [] [] [] [] [] [] [] [] [] [] [] [] [] [] [] [] [] [] [] [] [] [] [] [] [] [] [] [] [] [] [] [] [] [] [] [] [] [] [] [] [] [] [] [] [] [] [] [] [] [] [] [] [] [] [] [] [] [] [] [] [] [] [] [] [] [] [] []
85 [] [1 2 3 5 8 10] [1 2 4 5 7 13] [1 2 3 4 5 8] [1 2 3 5] [1 2 3 4 5 7 13 17] [1 2 3 4 5 7 13] [1 2 3 4] [1 2 3 4 5 7] [1 2 3 5 7 8] [1 2 3 4 5 7 13 52] [1 2 4 5 7 10] [1 2 3 5 13 52] [1 2 3 8 13] [1 2 3 4 5 7 8] [1 2 3 4 5 8 10] [1 2 4 5 7] [1 2 4 5 7 10 13] [1 2 3 4 5 7 8 10 13 17 43] [1 2 3 4 5] [1 2 5 7] [1 2 3 4 5 7 13 52 58] [1 2 3 5 7 13] [1 2 3 5 7 8 13] [1 2 4 5] [1 2 3 4 5 7 10 13] [1 2 3 4 5 7 8 10 13] [1 2 3 4 5 7 10] [1 2 3 4 5 8 10 13] [1 2 3 4 5 7 8 10 13 52] [1 2 3 4 13 52] [1 2 13] [1 2 3 4 5 8 13] [1 2 3 4 5 7 10 17] [1 2 13 52] [1 2 3 4 5 8 10 19] [1 2 4 8 13] [1 2 3 4 5 7 8 10 13 17 24] [1 2 4 5 13] [1 2 3 4 5 7 8 10] [1 2 3 4 5 8 13 17] [1 2 3 4 5 13] [1 2 3 5 13] [1 2 5] [1 2 5 7 13 52] [1 2 3 5 7 8 10] [1 2 3 4 5 7 8 10 13 19] [1 2 3] [1 2 3 4 5 7 8 10 17] [1 2 3 5 8] [1 2 3 4 5 7 8 10 13 17] [1 2 3 4 5 10 13 52] [1 2 3 4 5 7 9 10 13 52] [1 2 3 4 5 6 7 8 10] [1 2] [1 2 3 4 5 7 8 9 10 13 52] [1 2 3 4 5 7 10 13 17 52] [1 2 3 5 7] [1 2 5 10 13] [1 2 3 4 5 6 7 8 9 10 13 17 24] [1 2 3 5 7 9] [1 5] [1] [1 2 10] [1 2 3 5 7 8 10 11] [1 2 3 4 5 6 7 8 10 11 17] [1 2 4 5 7 9] [1 2 3 4 5 7 8 9 13] [1 2 3 5 7 10 13] [1 2 3 4 5 6 7 8 13 52] [1 2 3 4 5 7 8 13 17 52 58] [1 2 4 5 6 7 8 11 13] [1 2 3 4 5 7 9 13] [1 2 3 4 5 6 7] [1 2 3 4 5 6 7 8 9] [1 2 4 5 7 8 10 13] [1 2 3 4 5 7 9] [1 2 3 4 5 7 8 9 10 13 17] [1 2 4 5 7 8 9 10 13 17 43] [1 2 3 4 5 10 13] [1 2 3 4 5 8 13 52 58] [1 2 3 4 5 6 8 13] [1 2 4 5 6 8 11] [1 2 3 5 8 10 13 19 52] [1 2 3 5 7 10] [1 2 3 4 5 7 8 13] [1 2 3 5 8 10 13] [1 2 3 5 7 8 10 19] [1 2 4 5 8] [1 2 3 5 10] [1 2 4 5 7 13 52] [1 2 3 5 7 8 10 13] [1 2 3 4 5 10] [1 2 3 4 5 7 8 13 17] [1 2 3 13] [1 2 3 4 5 7 10 13 17] [1 2 5 7 10] [1 2 3 4 5 8 10 13 19 52 58] [1 2 3 4 5 8 10 13 17] [1 2 3 4 5 13 52] [1 2 3 4 5 6 8 11 13 52 58] [1 2 3 5 10 13] [1 5 27] [1 2 4 5 6 7 8 9 10 13] [1 2 3 4 5 7 17] [1 2 7 13] [1 2 4 5 6 8] [1 2 3 4 5 7 8 10 13 17 52] [1 2 3 4 5 13 52 58] [1 2 4 5 7 9 10] [1 2 3 4 5 7 8 13 52] [1 2 3 5 7 10 13 52] [1 2 3 4 5 7 10 17 43 58] [1 2 3 4 5 6] [1 13] [1 2 5 7 10 13 17 52] [1 2 3 4 5 7 8 10 13 17 19] [1 2 3 4 5 7 8 9 10 11] [1 2 3 4 5 7 8 17] [1 2 3 4 5 6 7 8 9 13 52 58] [] [] [] [] [] [] [] [] [] [] [] [] [] [] [] [] [] [] [] [] [] [] [] [] [] [] [] [] [] [] [] [] [] [] [] [] [] [] [] [] [] [] [] [] [] [] [] [] [] [] [] [] [] [] [] [] [] [] [] [] [] [] [] [] [] [] [] [] [] [] [] [] [] [] [] [] [] [] [] [] []
86 [] [1 2 3 4 5 8] [1 2 3 5] [1 2 3 4 5 7 13 17] [1 2 3 4 5 7 13] [1 2 3 4] [1 2 3 4 5 7] [1 2 3 5 7 8] [1 2 3 4 5 7 13 52] [1 2 4 5 7 10] [1 2 3 5 13 52] [1 2 3 8 13] [1 2 3 4 5 7 8] [1 2 3 4 5 8 10] [1 2 4 5 7] [1 2 4 5 7 10 13] [1 2 3 4 5 7 8 10 13 17 43] [1 2 3 4 5] [1 2 5 7] [1 2 3 4 5 7 13 52 58] [1 2 3 5 7 13] [1 2 3 5 7 8 13] [1 2 4 5] [1 2 3 4 5 7 10 13] [1 2 3 4 5 7 8 10 13] [1 2 3 4 5 7 10] [1 2 3 4 5 8 10 13] [1 2 3 4 5 7 8 10 13 52] [1 2 3 4 13 52] [1 2 13] [1 2 3 4 5 8 13] [1 2 3 4 5 7 10 17] [1 2 13 52] [1 2 3 4 5 8 10 19] [1 2 4 8 13] [1 2 3 4 5 7 8 10 13 17 24] [1 2 4 5 13] [1 2 3 4 5 7 8 10] [1 2 3 4 5 8 13 17] [1 2 3 4 5 13] [1 2 3 5 13] [1 2 5] [1 2 5 7 13 52] [1 2 3 5 7 8 10] [1 2 3 4 5 7 8 10 13 19] [1 2 3] [1 2 3 4 5 7 8 10 17] [1 2 3 5 8] [1 2 3 4 5 7 8 10 13 17] [1 2 3 4 5 10 13 52] [1 2 3 4 5 7 9 10 13 52] [1 2 3 4 5 6 7 8 10] [1 2] [1 2 3 4 5 7 8 9 10 13 52] [1 2 3 4 5 7 10 13 17 52] [1 2 3 5 7] [1 2 5 10 13] [1 2 3 4 5 6 7 8 9 10 13 17 24] [1 2 3 5 7 9] [1 5] [1] [1 2 10] [1 2 3 5 7 8 10 11] [1 2 3 4 5 6 7 8 10 11 17] [1 2 4 5 7 9] [1 2 3 4 5 7 8 9 13] [1 2 3 5 7 10 13] [1 2 3 4 5 6 7 8 13 52] [1 2 3 4 5 7 8 13 17 52 58] [1 2 4 5 6 7 8 11 13] [1 2 3 4 5 7 9 13] [1 2 3 4 5 6 7] [1 2 3 4 5 6 7 8 9] [1 2 4 5 7 8 10 13] [1 2 3 4 5 7 9] [1 2 3 4 5 7 8 9 10 13 17] [1 2 4 5 7 8 9 10 13 17 43] [1 2 3 4 5 10 13] [1 2 3 4 5 8 13 52 58] [1 2 3 4 5 6 8 13] [1 2 4 5 6 8 11] [1 2 3 5 8 10 13 19 52] [1 2 3 5 7 10] [1 2 3 4 5 7 8 13] [1 2 4 5 7 13] [1 2 3 5 8 10 13] [1 2 3 5 7 8 10 19] [1 2 4 5 8] [1 2 3 5 10] [1 2 4 5 7 13 52] [1 2 3 5 7 8 10 13] [1 2 3 4 5 10] [1 2 3 4 5 7 8 13 17] [1 2 3 13] [1 2 3 4 5 7 10 13 17] [1 2 5 7 10] [1 2 3 4 5 8 10 13 19 52 58] [1 2 3 4 5 8 10 13 17] [1 2 3 4 5 13 52] [1 2 3 4 5 6 8 11 13 52 58] [1 2 3 5 10 13] [1 5 27] [1 2 4 5 6 7 8 9 10 13] [1 2 3 4 5 7 17] [1 2 7 13] [1 2 4 5 6 8] [1 2 3 4 5 7 8 10 13 17 52] [1 2 3 4 5 13 52 58] [1 2 4 5 7 9 10] [1 2 3 4 5 7 8 13 52] [1 2 3 5 7 10 13 52] [1 2 3 4 5 7 10 17 43 58] [1 2 3 4 5 6] [1 13] [1 2 5 7 10 13 17 52] [1 2 3 4 5 7 8 10 13 17 19] [1 2 3 4 5 7 8 9 10 11] [1 2 3 4 5 7 8 17] [1 2 3 4 5 6 7 8 9 13 52 58] [] [] [] [] [] [] [] [] [] [] [] [] [] [] [] [] [] [] [] [] [] [] [] [] [] [] [] [] [] [] [] [] [] [] [] [] [] [] [] [] [] [] [] [] [] [] [] [] [] [] [] [] [] [] [] [] [] [] [] [] [] [] [] [] [] [] [] [] [] [] [] [] [] [] [] [] [] [] [] [] [] []
87 [] [1 2 3 4 5 7 13 17] [1 2 3 4 5 7 13] [1 2 3 4] [1 2 3 4 5 7] [1 2 3 5 7 8] [1 2 3 4 5 7 13 52] [1 2 4 5 7 10] [1 2 3 5 13 52] [1 2 3 8 13] [1 2 3 4 5 7 8] [1 2 3 4 5 8 10] [1 2 4 5 7] [1 2 4 5 7 10 13] [1 2 3 4 5 7 8 10 13 17 43] [1 2 3 4 5] [1 2 5 7] [1 2 3 4 5 7 13 52 58] [1 2 3 5 7 13] [1 2 3 5 7 8 13] [1 2 4 5] [1 2 3 4 5 7 10 13] [1 2 3 4 5 7 8 10 13] [1 2 3 4 5 7 10] [1 2 3 4 5 8 10 13] [1 2 3 4 5 7 8 10 13 52] [1 2 3 4 13 52] [1 2 13] [1 2 3 4 5 8 13] [1 2 3 4 5 7 10 17] [1 2 13 52] [1 2 3 4 5 8 10 19] [1 2 4 8 13] [1 2 3 4 5 7 8 10 13 17 24] [1 2 4 5 13] [1 2 3 4 5 7 8 10] [1 2 3 4 5 8 13 17] [1 2 3 5] [1 2 3 4 5 13] [1 2 3 5 13] [1 2 5] [1 2 5 7 13 52] [1 2 3 5 7 8 10] [1 2 3 4 5 8] [1 2 3 4 5 7 8 10 13 19] [1 2 3] [1 2 3 4 5 7 8 10 17] [1 2 3 5 8] [1 2 3 4 5 7 8 10 13 17] [1 2 3 4 5 10 13 52] [1 2 3 4 5 7 9 10 13 52] [1 2 3 4 5 6 7 8 10] [1 2] [1 2 3 4 5 7 8 9 10 13 52] [1 2 3 4 5 7 10 13 17 52] [1 2 3 5 7] [1 2 5 10 13] [1 2 3 4 5 6 7 8 9 10 13 17 24] [1 2 3 5 7 9] [1 5] [1] [1 2 10] [1 2 3 5 7 8 10 11] [1 2 3 4 5 6 7 8 10 11 17] [1 2 4 5 7 9] [1 2 3 4 5 7 8 9 13] [1 2 3 5 7 10 13] [1 2 3 4 5 6 7 8 13 52] [1 2 3 4 5 7 8 13 17 52 58] [1 2 4 5 6 7 8 11 13] [1 2 3 4 5 7 9 13] [1 2 3 4 5 6 7] [1 2 3 4 5 6 7 8 9] [1 2 4 5 7 8 10 13] [1 2 3 4 5 7 9] [1 2 3 4 5 7 8 9 10 13 17] [1 2 4 5 7 8 9 10 13 17 43] [1 2 3 4 5 10 13] [1 2 3 4 5 8 13 52 58] [1 2 3 4 5 6 8 13] [1 2 4 5 6 8 11] [1 2 3 5 8 10 13 19 52] [1 2 3 5 7 10] [1 2 3 4 5 7 8 13] [1 2 4 5 7 13] [1 2 3 5 8 10 13] [1 2 3 5 7 8 10 19] [1 2 4 5 8] [1 2 3 5 10] [1 2 4 5 7 13 52] [1 2 3 5 7 8 10 13] [1 2 3 4 5 10] [1 2 3 4 5 7 8 13 17] [1 2 3 13] [1 2 3 4 5 7 10 13 17] [1 2 5 7 10] [1 2 3 4 5 8 10 13 19 52 58] [1 2 3 4 5 8 10 13 17] [1 2 3 4 5 13 52] [1 2 3 4 5 6 8 11 13 52 58] [1 2 3 5 10 13] [1 5 27] [1 2 4 5 6 7 8 9 10 13] [1 2 3 4 5 7 17] [1 2 7 13] [1 2 4 5 6 8] [1 2 3 4 5 7 8 10 13 17 52] [1 2 3 4 5 13 52 58] [1 2 4 5 7 9 10] [1 2 3 4 5 7 8 13 52] [1 2 3 5 7 10 13 52] [1 2 3 4 5 7 10 17 43 58] [1 2 3 4 5 6] [1 13] [1 2 5 7 10 13 17 52] [1 2 3 4 5 7 8 10 13 17 19] [1 2 3 4 5 7 8 9 10 11] [1 2 3 4 5 7 8 17] [1 2 3 4 5 6 7 8 9 13 52 58] [] [] [] [] [] [] [] [] [] [] [] [] [] [] [] [] [] [] [] [] [] [] [] [] [] [] [] [] [] [] [] [] [] [] [] [] [] [] [] [] [] [] [] [] [] [] [] [] [] [] [] [] [] [] [] [] [] [] [] [] [] [] [] [] [] [] [] [] [] [] [] [] [] [] [] [] [] [] [] [] [] []
88 [] [1 2 3 4] [1 2 3 4 5 7] [1 2 3 4 5 7 13] [1 2 3 5 7 8] [1 2 3 4 5 7 13 52] [1 2 4 5 7 10] [1 2 3 5 13 52] [1 2 3 8 13] [1 2 3 4 5 7 8] [1 2 3 4 5 8 10] [1 2 4 5 7] [1 2 4 5 7 10 13] [1 2 3 4 5 7 8 10 13 17 43] [1 2 3 4 5] [1 2 5 7] [1 2 3 4 5 7 13 52 58] [1 2 3 5 7 13] [1 2 3 5 7 8 13] [1 2 4 5] [1 2 3 4 5 7 10 13] [1 2 3 4 5 7 8 10 13] [1 2 3 4 5 7 10] [1 2 3 4 5 8 10 13] [1 2 3 4 5 7 8 10 13 52] [1 2 3 4 13 52] [1 2 13] [1 2 3 4 5 8 13] [1 2 3 4 5 7 10 17] [1 2 13 52] [1 2 3 4 5 8 10 19] [1 2 4 8 13] [1 2 3 4 5 7 8 10 13 17 24] [1 2 4 5 13] [1 2 3 4 5 7 8 10] [1 2 3 4 5 8 13 17] [1 2 3 5] [1 2 3 4 5 13] [1 2 3 5 13] [1 2 5] [1 2 5 7 13 52] [1 2 3 5 7 8 10] [1 2 3 4 5 8] [1 2 3 4 5 7 8 10 13 19] [1 2 3] [1 2 3 4 5 7 8 10 17] [1 2 3 5 8] [1 2 3 4 5 7 8 10 13 17] [1 2 3 4 5 10 13 52] [1 2 3 4 5 7 9 10 13 52] [1 2 3 4 5 6 7 8 10] [1 2] [1 2 3 4 5 7 8 9 10 13 52] [1 2 3 4 5 7 10 13 17 52] [1 2 3 5 7] [1 2 5 10 13] [1 2 3 4 5 6 7 8 9 10 13 17 24] [1 2 3 5 7 9] [1 5] [1] [1 2 10] [1 2 3 5 7 8 10 11] [1 2 3 4 5 6 7 8 10 11 17] [1 2 4 5 7 9] [1 2 3 4 5 7 8 9 13] [1 2 3 5 7 10 13] [1 2 3 4 5 6 7 8 13 52] [1 2 3 4 5 7 8 13 17 52 58] [1 2 4 5 6 7 8 11 13] [1 2 3 4 5 7 9 13] [1 2 3 4 5 6 7] [1 2 3 4 5 6 7 8 9] [1 2 4 5 7 8 10 13] [1 2 3 4 5 7 9] [1 2 3 4 5 7 8 9 10 13 17] [1 2 4 5 7 8 9 10 13 17 43] [1 2 3 4 5 10 13] [1 2 3 4 5 8 13 52 58] [1 2 3 4 5 6 8 13] [1 2 4 5 6 8 11] [1 2 3 5 8 10 13 19 52] [1 2 3 5 7 10] [1 2 3 4 5 7 8 13] [1 2 4 5 7 13] [1 2 3 5 8 10 13] [1 2 3 5 7 8 10 19] [1 2 4 5 8] [1 2 3 5 10] [1 2 4 5 7 13 52] [1 2 3 5 7 8 10 13] [1 2 3 4 5 10] [1 2 3 4 5 7 8 13 17] [1 2 3 13] [1 2 3 4 5 7 10 13 17] [1 2 5 7 10] [1 2 3 4 5 8 10 13 19 52 58] [1 2 3 4 5 8 10 13 17] [1 2 3 4 5 13 52] [1 2 3 4 5 6 8 11 13 52 58] [1 2 3 5 10 13] [1 5 27] [1 2 4 5 6 7 8 9 10 13] [1 2 3 4 5 7 17] [1 2 7 13] [1 2 4 5 6 8] [1 2 3 4 5 7 8 10 13 17 52] [1 2 3 4 5 13 52 58] [1 2 4 5 7 9 10] [1 2 3 4 5 7 8 13 52] [1 2 3 5 7 10 13 52] [1 2 3 4 5 7 10 17 43 58] [1 2 3 4 5 6] [1 13] [1 2 5 7 10 13 17 52] [1 2 3 4 5 7 8 10 13 17 19] [1 2 3 4 5 7 8 9 10 11] [1 2 3 4 5 7 8 17] [1 2 3 4 5 6 7 8 9 13 52 58] [] [] [] [] [] [] [] [] [] [] [] [] [] [] [] [] [] [] [] [] [] [] [] [] [] [] [] [] [] [] [] [] [] [] [] [] [] [] [] [] [] [] [] [] [] [] [] [] [] [] [] [] [] [] [] [] [] [] [] [] [] [] [] [] [] [] [] [] [] [] [] [] [] [] [] [] [] [] [] [] [] [] []
89 [] [1 2 3 4 5 7 13] [1 2 3 4 5 7] [1 2 3 5 7 8] [1 2 3 4 5 7 13 52] [1 2 4 5 7 10] [1 2 3 5 13 52] [1 2 3 8 13] [1 2 3 4 5 7 8] [1 2 3 4 5 8 10] [1 2 4 5 7] [1 2 4 5 7 10 13] [1 2 3 4 5 7 8 10 13 17 43] [1 2 3 4 5] [1 2 5 7] [1 2 3 4 5 7 13 52 58] [1 2 3 5 7 13] [1 2 3 5 7 8 13] [1 2 4 5] [1 2 3 4 5 7 10 13] [1 2 3 4 5 7 8 10 13] [1 2 3 4 5 7 10] [1 2 3 4 5 8 10 13] [1 2 3 4 5 7 8 10 13 52] [1 2 3 4 13 52] [1 2 13] [1 2 3 4 5 8 13] [1 2 3 4 5 7 10 17] [1 2 13 52] [1 2 3 4 5 8 10 19] [1 2 4 8 13] [1 2 3 4 5 7 8 10 13 17 24] [1 2 4 5 13] [1 2 3 4 5 7 8 10] [1 2 3 4 5 8 13 17] [1 2 3 5] [1 2 3 4 5 13] [1 2 3 5 13] [1 2 5] [1 2 5 7 13 52] [1 2 3 5 7 8 10] [1 2 3 4 5 8] [1 2 3 4 5 7 8 10 13 19] [1 2 3] [1 2 3 4 5 7 8 10 17] [1 2 3 5 8] [1 2 3 4 5 7 8 10 13 17] [1 2 3 4 5 10 13 52] [1 2 3 4 5 7 9 10 13 52] [1 2 3 4 5 6 7 8 10] [1 2] [1 2 3 4 5 7 8 9 10 13 52] [1 2 3 4 5 7 10 13 17 52] [1 2 3 5 7] [1 2 5 10 13] [1 2 3 4 5 6 7 8 9 10 13 17 24] [1 2 3 5 7 9] [1 5] [1] [1 2 10] [1 2 3 5 7 8 10 11] [1 2 3 4 5 6 7 8 10 11 17] [1 2 4 5 7 9] [1 2 3 4 5 7 8 9 13] [1 2 3 5 7 10 13] [1 2 3 4 5 6 7 8 13 52] [1 2 3 4 5 7 8 13 17 52 58] [1 2 4 5 6 7 8 11 13] [1 2 3 4 5 7 9 13] [1 2 3 4 5 6 7] [1 2 3 4 5 6 7 8 9] [1 2 4 5 7 8 10 13] [1 2 3 4 5 7 9] [1 2 3 4 5 7 8 9 10 13 17] [1 2 4 5 7 8 9 10 13 17 43] [1 2 3 4 5 10 13] [1 2 3 4 5 8 13 52 58] [1 2 3 4 5 6 8 13] [1 2 4 5 6 8 11] [1 2 3 5 8 10 13 19 52] [1 2 3 5 7 10] [1 2 3 4 5 7 8 13] [1 2 4 5 7 13] [1 2 3 5 8 10 13] [1 2 3 5 7 8 10 19] [1 2 4 5 8] [1 2 3 5 10] [1 2 4 5 7 13 52] [1 2 3 5 7 8 10 13] [1 2 3 4 5 10] [1 2 3 4 5 7 8 13 17] [1 2 3 13] [1 2 3 4 5 7 10 13 17] [1 2 5 7 10] [1 2 3 4 5 8 10 13 19 52 58] [1 2 3 4 5 8 10 13 17] [1 2 3 4 5 13 52] [1 2 3 4 5 6 8 11 13 52 58] [1 2 3 5 10 13] [1 5 27] [1 2 4 5 6 7 8 9 10 13] [1 2 3 4 5 7 17] [1 2 3 4] [1 2 7 13] [1 2 4 5 6 8] [1 2 3 4 5 7 8 10 13 17 52] [1 2 3 4 5 13 52 58] [1 2 4 5 7 9 10] [1 2 3 4 5 7 8 13 52] [1 2 3 5 7 10 13 52] [1 2 3 4 5 7 10 17 43 58] [1 2 3 4 5 6] [1 13] [1 2 5 7 10 13 17 52] [1 2 3 4 5 7 8 10 13 17 19] [1 2 3 4 5 7 8 9 10 11] [1 2 3 4 5 7 8 17] [1 2 3 4 5 6 7 8 9 13 52 58] [] [] [] [] [] [] [] [] [] [] [] [] [] [] [] [] [] [] [] [] [] [] [] [] [] [] [] [] [] [] [] [] [] [] [] [] [] [] [] [] [] [] [] [] [] [] [] [] [] [] [] [] [] [] [] [] [] [] [] [] [] [] [] [] [] [] [] [] [] [] [] [] [] [] [] [] [] [] [] [] [] [] []
90 [] [1 2 3 5 7 8] [1 2 3 5 8] [1 2 3 4 5 7 13 52] [1 2 4 5 7 10] [1 2 3 5 13 52] [1 2 3 8 13] [1 2 3 4 5 7 8] [1 2 3 4 5 8 10] [1 2 4 5 7] [1 2 4 5 7 10 13] [1 2 3 4 5 7 8 10 13 17 43] [1 2 3 4 5] [1 2 5 7] [1 2 3 4 5 7 13 52 58] [1 2 3 5 7 13] [1 2 3 5 7 8 13] [1 2 4 5] [1 2 3 4 5 7 10 13] [1 2 3 4 5 7 8 10 13] [1 2 3 4 5 7 10] [1 2 3 4 5 7] [1 2 3 4 5 8 10 13] [1 2 3 4 5 7 8 10 13 52] [1 2 3 4 13 52] [1 2 13] [1 2 3 4 5 8 13] [1 2 3 4 5 7 10 17] [1 2 3 4 5 7 13] [1 2 13 52] [1 2 3 4 5 8 10 19] [1 2 4 8 13] [1 2 3 4 5 7 8 10 13 17 24] [1 2 4 5 13] [1 2 3 4 5 7 8 10] [1 2 3 4 5 8 13 17] [1 2 3 5] [1 2 3 4 5 13] [1 2 3 5 13] [1 2 5] [1 2 5 7 13 52] [1 2 3 5 7 8 10] [1 2 3 4 5 8] [1 2 3 4 5 7 8 10 13 19] [1 2 3] [1 2 3 4 5 7 8 10 17] [1 2 3 4 5 7 8 10 13 17] [1 2 3 4 5 10 13 52] [1 2 3 4 5 7 9 10 13 52] [1 2 3 4 5 6 7 8 10] [1 2] [1 2 3 4 5 7 8 9 10 13 52] [1 2 3 4 5 7 10 13 17 52] [1 2 3 5 7] [1 2 5 10 13] [1 2 3 4 5 6 7 8 9 10 13 17 24] [1 2 3 5 7 9] [1 5] [1] [1 2 10] [1 2 3 5 7 8 10 11] [1 2 3 4 5 6 7 8 10 11 17] [1 2 4 5 7 9] [1 2 3 4 5 7 8 9 13] [1 2 3 5 7 10 13] [1 2 3 4 5 6 7 8 13 52] [1 2 3 4 5 7 8 13 17 52 58] [1 2 4 5 6 7 8 11 13] [1 2 3 4 5 7 9 13] [1 2 3 4 5 6 7] [1 2 3 4 5 6 7 8 9] [1 2 4 5 7 8 10 13] [1 2 3 4 5 7 9] [1 2 3 4 5 7 8 9 10 13 17] [1 2 4 5 7 8 9 10 13 17 43] [1 2 3 4 5 10 13] [1 2 3 4 5 8 13 52 58] [1 2 3 4 5 6 8 13] [1 2 4 5 6 8 11] [1 2 3 5 8 10 13 19 52] [1 2 3 5 7 10] [1 2 3 4 5 7 8 13] [1 2 4 5 7 13] [1 2 3 5 8 10 13] [1 2 3 5 7 8 10 19] [1 2 4 5 8] [1 2 3 5 10] [1 2 4 5 7 13 52] [1 2 3 5 7 8 10 13] [1 2 3 4 5 10] [1 2 3 4 5 7 8 13 17] [1 2 3 13] [1 2 3 4 5 7 10 13 17] [1 2 5 7 10] [1 2 3 4 5 8 10 13 19 52 58] [1 2 3 4 5 8 10 13 17] [1 2 3 4 5 13 52] [1 2 3 4 5 6 8 11 13 52 58] [1 2 3 5 10 13] [1 5 27] [1 2 4 5 6 7 8 9 10 13] [1 2 3 4 5 7 17] [1 2 3 4] [1 2 7 13] [1 2 4 5 6 8] [1 2 3 4 5 7 8 10 13 17 52] [1 2 3 4 5 13 52 58] [1 2 4 5 7 9 10] [1 2 3 4 5 7 8 13 52] [1 2 3 5 7 10 13 52] [1 2 3 4 5 7 10 17 43 58] [1 2 3 4 5 6] [1 13] [1 2 5 7 10 13 17 52] [1 2 3 4 5 7 8 10 13 17 19] [1 2 3 4 5 7 8 9 10 11] [1 2 3 4 5 7 8 17] [1 2 3 4 5 6 7 8 9 13 52 58] [] [] [] [] [] [] [] [] [] [] [] [] [] [] [] [] [] [] [] [] [] [] [] [] [] [] [] [] [] [] [] [] [] [] [] [] [] [] [] [] [] [] [] [] [] [] [] [] [] [] [] [] [] [] [] [] [] [] [] [] [] [] [] [] [] [] [] [] [] [] [] [] [] [] [] [] [] [] [] [] [] [] []
91 [] [1 2 3 4 5 7 13 52] [1 2 4 5 7 10] [1 2 3 5 13 52] [1 2 3 8 13] [1 2 3 4 5 7 8] [1 2 3 4 5 8 10] [1 2 4 5 7] [1 2 4 5 7 10 13] [1 2 3 4 5 7 8 10 13 17 43] [1 2 3 4 5] [1 2 5 7] [1 2 3 4 5 7 13 52 58] [1 2 3 5 7 13] [1 2 3 5 7 8 13] [1 2 4 5] [1 2 3 4 5 7 10 13] [1 2 3 4 5 7 8 10 13] [1 2 3 4 5 7 10] [1 2 3 4 5 7] [1 2 3 4 5 8 10 13] [1 2 3 4 5 7 8 10 13 52] [1 2 3 4 13 52] [1 2 13] [1 2 3 4 5 8 13] [1 2 3 4 5 7 10 17] [1 2 3 4 5 7 13] [1 2 13 52] [1 2 3 4 5 8 10 19] [1 2 4 8 13] [1 2 3 4 5 7 8 10 13 17 24] [1 2 4 5 13] [1 2 3 4 5 7 8 10] [1 2 3 4 5 8 13 17] [1 2 3 5] [1 2 3 4 5 13] [1 2 3 5 13] [1 2 5] [1 2 3 5 7 8] [1 2 5 7 13 52] [1 2 3 5 7 8 10] [1 2 3 4 5 8] [1 2 3 4 5 7 8 10 13 19] [1 2 3] [1 2 3 4 5 7 8 10 17] [1 2 3 5 8] [1 2 3 4 5 7 8 10 13 17] [1 2 3 4 5 10 13 52] [1 2 3 4 5 7 9 10 13 52] [1 2 3 4 5 6 7 8 10] [1 2] [1 2 3 4 5 7 8 9 10 13 52] [1 2 3 4 5 7 10 13 17 52] [1 2 3 5 7] [1 2 5 10 13] [1 2 3 4 5 6 7 8 9 10 13 17 24] [1 2 3 5 7 9] [1 5] [1] [1 2 10] [1 2 3 5 7 8 10 11] [1 2 3 4 5 6 7 8 10 11 17] [1 2 4 5 7 9] [1 2 3 4 5 7 8 9 13] [1 2 3 5 7 10 13] [1 2 3 4 5 6 7 8 13 52] [1 2 3 4 5 7 8 13 17 52 58] [1 2 4 5 6 7 8 11 13] [1 2 3 4 5 7 9 13] [1 2 3 4 5 6 7] [1 2 3 4 5 6 7 8 9] [1 2 4 5 7 8 10 13] [1 2 3 4 5 7 9] [1 2 3 4 5 7 8 9 10 13 17] [1 2 4 5 7 8 9 10 13 17 43] [1 2 3 4 5 10 13] [1 2 3 4 5 8 13 52 58] [1 2 3 4 5 6 8 13] [1 2 4 5 6 8 11] [1 2 3 5 8 10 13 19 52] [1 2 3 5 7 10] [1 2 3 4 5 7 8 13] [1 2 4 5 7 13] [1 2 3 5 8 10 13] [1 2 3 5 7 8 10 19] [1 2 4 5 8] [1 2 3 5 10] [1 2 4 5 7 13 52] [1 2 3 5 7 8 10 13] [1 2 3 4 5 10] [1 2 3 4 5 7 8 13 17] [1 2 3 13] [1 2 3 4 5 7 10 13 17] [1 2 5 7 10] [1 2 3 4 5 8 10 13 19 52 58] [1 2 3 4 5 8 10 13 17] [1 2 3 4 5 13 52] [1 2 3 4 5 6 8 11 13 52 58] [1 2 3 5 10 13] [1 5 27] [1 2 4 5 6 7 8 9 10 13] [1 2 3 4 5 7 17] [1 2 3 4] [1 2 7 13] [1 2 4 5 6 8] [1 2 3 4 5 7 8 10 13 17 52] [1 2 3 4 5 13 52 58] [1 2 4 5 7 9 10] [1 2 3 4 5 7 8 13 52] [1 2 3 5 7 10 13 52] [1 2 3 4 5 7 10 17 43 58] [1 2 3 4 5 6] [1 13] [1 2 5 7 10 13 17 52] [1 2 3 4 5 7 8 10 13 17 19] [1 2 3 4 5 7 8 9 10 11] [1 2 3 4 5 7 8 17] [1 2 3 4 5 6 7 8 9 13 52 58] [] [] [] [] [] [] [] [] [] [] [] [] [] [] [] [] [] [] [] [] [] [] [] [] [] [] [] [] [] [] [] [] [] [] [] [] [] [] [] [] [] [] [] [] [] [] [] [] [] [] [] [] [] [] [] [] [] [] [] [] [] [] [] [] [] [] [] [] [] [] [] [] [] [] [] [] [] [] [] [] [] [] []
92 [] [1 2 3 5 13 52] [1 2 3 8 13] [1 2 3 4 5 7 8] [1 2 3 4 5 8 10] [1 2 4 5 7] [1 2 4 5 7 10 13] [1 2 3 4 5 7 8 10 13 17 43] [1 2 3 4 5] [1 2 5 7] [1 2 3 4 5 7 13 52 58] [1 2 3 5 7 13] [1 2 3 5 7 8 13] [1 2 4 5] [1 2 3 4 5 7 10 13] [1 2 3 4 5 7 8 10 13] [1 2 3 4 5 7 10] [1 2 3 4 5 7] [1 2 3 4 5 8 10 13] [1 2 3 4 5 7 8 10 13 52] [1 2 3 4 13 52] [1 2 13] [1 2 3 4 5 8 13] [1 2 3 4 5 7 10 17] [1 2 3 4 5 7 13] [1 2 13 52] [1 2 3 4 5 8 10 19] [1 2 4 8 13] [1 2 3 4 5 7 8 10 13 17 24] [1 2 4 5 13] [1 2 3 4 5 7 8 10] [1 2 3 4 5 8 13 17] [1 2 3 5] [1 2 3 4 5 13] [1 2 3 5 13] [1 2 5] [1 2 3 5 7 8] [1 2 5 7 13 52] [1 2 3 5 7 8 10] [1 2 3 4 5 8] [1 2 3 4 5 7 8 10 13 19] [1 2 3] [1 2 3 4 5 7 8 10 17] [1 2 3 5 8] [1 2 3 4 5 7 13 52] [1 2 3 4 5 7 8 10 13 17] [1 2 3 4 5 10 13 52] [1 2 3 4 5 7 9 10 13 52] [1 2 3 4 5 6 7 8 10] [1 2] [1 2 3 4 5 7 8 9 10 13 52] [1 2 3 4 5 7 10 13 17 52] [1 2 3 5 7] [1 2 5 10 13] [1 2 3 4 5 6 7 8 9 10 13 17 24] [1 2 3 5 7 9] [1 5] [1] [1 2 10] [1 2 3 5 7 8 10 11] [1 2 3 4 5 6 7 8 10 11 17] [1 2 4 5 7 9] [1 2 3 4 5 7 8 9 13] [1 2 3 5 7 10 13] [1 2 3 4 5 6 7 8 13 52] [1 2 3 4 5 7 8 13 17 52 58] [1 2 4 5 6 7 8 11 13] [1 2 3 4 5 7 9 13] [1 2 3 4 5 6 7] [1 2 3 4 5 6 7 8 9] [1 2 4 5 7 8 10 13] [1 2 3 4 5 7 9] [1 2 3 4 5 7 8 9 10 13 17] [1 2 4 5 7 8 9 10 13 17 43] [1 2 3 4 5 10 13] [1 2 3 4 5 8 13 52 58] [1 2 3 4 5 6 8 13] [1 2 4 5 6 8 11] [1 2 3 5 8 10 13 19 52] [1 2 3 5 7 10] [1 2 3 4 5 7 8 13] [1 2 4 5 7 13] [1 2 3 5 8 10 13] [1 2 3 5 7 8 10 19] [1 2 4 5 8] [1 2 3 5 10] [1 2 4 5 7 13 52] [1 2 3 5 7 8 10 13] [1 2 3 4 5 10] [1 2 3 4 5 7 8 13 17] [1 2 3 13] [1 2 3 4 5 7 10 13 17] [1 2 5 7 10] [1 2 3 4 5 8 10 13 19 52 58] [1 2 3 4 5 8 10 13 17] [1 2 3 4 5 13 52] [1 2 3 4 5 6 8 11 13 52 58] [1 2 3 5 10 13] [1 5 27] [1 2 4 5 6 7 8 9 10 13] [1 2 3 4 5 7 17] [1 2 3 4] [1 2 7 13] [1 2 4 5 6 8] [1 2 3 4 5 7 8 10 13 17 52] [1 2 3 4 5 13 52 58] [1 2 4 5 7 9 10] [1 2 3 4 5 7 8 13 52] [1 2 3 5 7 10 13 52] [1 2 3 4 5 7 10 17 43 58] [1 2 3 4 5 6] [1 13] [1 2 5 7 10 13 17 52] [1 2 3 4 5 7 8 10 13 17 19] [1 2 3 4 5 7 8 9 10 11] [1 2 3 4 5 7 8 17] [1 2 3 4 5 6 7 8 9 13 52 58] [] [] [] [] [] [] [] [] [] [] [] [] [] [] [] [] [] [] [] [] [] [] [] [] [] [] [] [] [] [] [] [] [] [] [] [] [] [] [] [] [] [] [] [] [] [] [] [] [] [] [] [] [] [] [] [] [] [] [] [] [] [] [] [] [] [] [] [] [] [] [] [] [] [] [] [] [] [] [] [] [] [] [] []
93 [] [1 2 3 4 5 7 8] [1 2 3 4 5 8 10] [1 2 4 5 7] [1 2 4 5 7 10 13] [1 2 3 4 5 7 8 10 13 17 43] [1 2 3 4 5] [1 2 5 7] [1 2 3 4 5 7 13 52 58] [1 2 3 5 7 13] [1 2 3 5 7 8 13] [1 2 4 5] [1 2 3 4 5 7 10 13] [1 2 3 4 5 7 8 10 13] [1 2 3 4 5 7 10] [1 2 3 4 5 7] [1 2 3 4 5 8 10 13] [1 2 3 4 5 7 8 10 13 52] [1 2 3 4 13 52] [1 2 13] [1 2 3 4 5 8 13] [1 2 3 4 5 7 10 17] [1 2 3 4 5 7 13] [1 2 13 52] [1 2 3 4 5 8 10 19] [1 2 4 8 13] [1 2 3 4 5 7 8 10 13 17 24] [1 2 4 5 13] [1 2 3 4 5 7 8 10] [1 2 3 4 5 8 13 17] [1 2 3 5] [1 2 3 4 5 13] [1 2 3 5 13] [1 2 5] [1 2 3 5 7 8] [1 2 5 7 13 52] [1 2 3 5 7 8 10] [1 2 3 4 5 8] [1 2 3 4 5 7 8 10 13 19] [1 2 3] [1 2 3 4 5 7 8 10 17] [1 2 3 5 8] [1 2 3 4 5 7 13 52] [1 2 3 4 5 7 8 10 13 17] [1 2 3 4 5 10 13 52] [1 2 3 4 5 7 9 10 13 52] [1 2 3 4 5 6 7 8 10] [1 2] [1 2 3 4 5 7 8 9 10 13 52] [1 2 3 4 5 7 10 13 17 52] [1 2 3 5 7] [1 2 5 10 13] [1 2 3 4 5 6 7 8 9 10 13 17 24] [1 2 3 5 7 9] [1 5] [1] [1 2 10] [1 2 3 5 7 8 10 11] [1 2 3 4 5 6 7 8 10 11 17] [1 2 4 5 7 9] [1 2 3 4 5 7 8 9 13] [1 2 3 5 7 10 13] [1 2 3 4 5 6 7 8 13 52] [1 2 3 4 5 7 8 13 17 52 58] [1 2 4 5 6 7 8 11 13] [1 2 3 4 5 7 9 13] [1 2 3 4 5 6 7] [1 2 3 4 5 6 7 8 9] [1 2 4 5 7 8 10 13] [1 2 3 4 5 7 9] [1 2 3 4 5 7 8 9 10 13 17] [1 2 4 5 7 8 9 10 13 17 43] [1 2 3 4 5 10 13] [1 2 3 4 5 8 13 52 58] [1 2 3 4 5 6 8 13] [1 2 4 5 6 8 11] [1 2 3 5 8 10 13 19 52] [1 2 3 5 7 10] [1 2 3 4 5 7 8 13] [1 2 4 5 7 13] [1 2 3 5 8 10 13] [1 2 3 5 7 8 10 19] [1 2 4 5 8] [1 2 3 5 10] [1 2 4 5 7 13 52] [1 2 3 5 7 8 10 13] [1 2 3 4 5 10] [1 2 3 4 5 7 8 13 17] [1 2 3 13] [1 2 3 4 5 7 10 13 17] [1 2 5 7 10] [1 2 3 4 5 8 10 13 19 52 58] [1 2 3 4 5 8 10 13 17] [1 2 3 4 5 13 52] [1 2 3 4 5 6 8 11 13 52 58] [1 2 3 5 10 13] [1 5 27] [1 2 4 5 6 7 8 9 10 13] [1 2 3 4 5 7 17] [1 2 3 4] [1 2 7 13] [1 2 4 5 6 8] [1 2 3 4 5 7 8 10 13 17 52] [1 2 3 4 5 13 52 58] [1 2 4 5 7 9 10] [1 2 3 4 5 7 8 13 52] [1 2 3 5 7 10 13 52] [1 2 3 4 5 7 10 17 43 58] [1 2 3 4 5 6] [1 13] [1 2 5 7 10 13 17 52] [1 2 3 5 13 52] [1 2 3 4 5 7 8 10 13 17 19] [1 2 3 4 5 7 8 9 10 11] [1 2 3 4 5 7 8 17] [1 2 3 4 5 6 7 8 9 13 52 58] [] [] [] [] [] [] [] [] [] [] [] [] [] [] [] [] [] [] [] [] [] [] [] [] [] [] [] [] [] [] [] [] [] [] [] [] [] [] [] [] [] [] [] [] [] [] [] [] [] [] [] [] [] [] [] [] [] [] [] [] [] [] [] [] [] [] [] [] [] [] [] [] [] [] [] [] [] [] [] [] [] [] [] [] []
94 [] [1 2 3 4 5 8 10] [1 2 3 4 5 7 8] [1 2 4 5 7] [1 2 4 5 7 10 13] [1 2 3 4 5 7 8 10 13 17 43] [1 2 3 4 5] [1 2 5 7] [1 2 3 4 5 7 13 52 58] [1 2 3 5 7 13] [1 2 3 5 7 8 13] [1 2 4 5] [1 2 3 4 5 7 10 13] [1 2 3 4 5 7 8 10 13] [1 2 3 4 5 7 10] [1 2 3 4 5 7] [1 2 3 4 5 8 10 13] [1 2 3 4 5 7 8 10 13 52] [1 2 3 4 13 52] [1 2 13] [1 2 3 4 5 8 13] [1 2 3 4 5 7 10 17] [1 2 3 4 5 7 13] [1 2 13 52] [1 2 3 4 5 8 10 19] [1 2 4 8 13] [1 2 3 4 5 7 8 10 13 17 24] [1 2 4 5 13] [1 2 3 4 5 7 8 10] [1 2 3 4 5 8 13 17] [1 2 3 5] [1 2 3 4 5 13] [1 2 3 5 13] [1 2 5] [1 2 3 5 7 8] [1 2 5 7 13 52] [1 2 3 5 7 8 10] [1 2 3 4 5 8] [1 2 3 4 5 7 8 10 13 19] [1 2 3] [1 2 3 4 5 7 8 10 17] [1 2 3 5 8] [1 2 3 4 5 7 13 52] [1 2 3 4 5 7 8 10 13 17] [1 2 3 4 5 10 13 52] [1 2 3 4 5 7 9 10 13 52] [1 2 3 4 5 6 7 8 10] [1 2] [1 2 3 4 5 7 8 9 10 13 52] [1 2 3 4 5 7 10 13 17 52] [1 2 3 5 7] [1 2 5 10 13] [1 2 3 4 5 6 7 8 9 10 13 17 24] [1 2 3 5 7 9] [1 5] [1] [1 2 10] [1 2 3 5 7 8 10 11] [1 2 3 4 5 6 7 8 10 11 17] [1 2 4 5 7 9] [1 2 3 4 5 7 8 9 13] [1 2 3 5 7 10 13] [1 2 3 4 5 6 7 8 13 52] [1 2 3 4 5 7 8 13 17 52 58] [1 2 4 5 6 7 8 11 13] [1 2 3 4 5 7 9 13] [1 2 3 4 5 6 7] [1 2 3 4 5 6 7 8 9] [1 2 4 5 7 8 10 13] [1 2 3 4 5 7 9] [1 2 3 4 5 7 8 9 10 13 17] [1 2 4 5 7 8 9 10 13 17 43] [1 2 3 4 5 10 13] [1 2 3 4 5 8 13 52 58] [1 2 3 4 5 6 8 13] [1 2 4 5 6 8 11] [1 2 3 5 8 10 13 19 52] [1 2 3 5 7 10] [1 2 3 4 5 7 8 13] [1 2 4 5 7 13] [1 2 3 5 8 10 13] [1 2 3 5 7 8 10 19] [1 2 4 5 8] [1 2 3 5 10] [1 2 4 5 7 13 52] [1 2 3 5 7 8 10 13] [1 2 3 4 5 10] [1 2 3 4 5 7 8 13 17] [1 2 3 13] [1 2 3 4 5 7 10 13 17] [1 2 5 7 10] [1 2 3 4 5 8 10 13 19 52 58] [1 2 3 4 5 8 10 13 17] [1 2 3 4 5 13 52] [1 2 3 4 5 6 8 11 13 52 58] [1 2 3 5 10 13] [1 5 27] [1 2 4 5 6 7 8 9 10 13] [1 2 3 4 5 7 17] [1 2 3 4] [1 2 7 13] [1 2 4 5 6 8] [1 2 3 4 5 7 8 10 13 17 52] [1 2 3 4 5 13 52 58] [1 2 4 5 7 9 10] [1 2 3 4 5 7 8 13 52] [1 2 3 5 7 10 13 52] [1 2 3 4 5 7 10 17 43 58] [1 2 3 4 5 6] [1 13] [1 2 5 7 10 13 17 52] [1 2 3 5 13 52] [1 2 3 4 5 7 8 10 13 17 19] [1 2 3 4 5 7 8 9 10 11] [1 2 3 4 5 7 8 17] [1 2 3 4 5 6 7 8 9 13 52 58] [] [] [] [] [] [] [] [] [] [] [] [] [] [] [] [] [] [] [] [] [] [] [] [] [] [] [] [] [] [] [] [] [] [] [] [] [] [] [] [] [] [] [] [] [] [] [] [] [] [] [] [] [] [] [] [] [] [] [] [] [] [] [] [] [] [] [] [] [] [] [] [] [] [] [] [] [] [] [] [] [] [] [] [] []
95 [] [1 2 4 5 7] [1 2 4 5 7 10 13] [1 2 3 4 5 7 8 10 13 17 43] [1 2 3 4 5] [1 2 5 7] [1 2 3 4 5 7 13 52 58] [1 2 3 5 7 13] [1 2 3 5 7 8 13] [1 2 4 5] [1 2 3 4 5 7 10 13] [1 2 3 4 5 7 8 10 13] [1 2 3 4 5 7 10] [1 2 3 4 5 7] [1 2 3 4 5 8 10 13] [1 2 3 4 5 7 8 10 13 52] [1 2 3 4 13 52] [1 2 13] [1 2 3 4 5 8 13] [1 2 3 4 5 7 10 17] [1 2 3 4 5 7 13] [1 2 13 52] [1 2 3 4 5 8 10 19] [1 2 4 8 13] [1 2 3 4 5 7 8 10 13 17 24] [1 2 4 5 13] [1 2 3 4 5 7 8 10] [1 2 3 4 5 8 13 17] [1 2 3 5] [1 2 3 4 5 13] [1 2 3 5 13] [1 2 3 4 5 8 10] [1 2 3 4 5 7 8] [1 2 5] [1 2 3 5 7 8] [1 2 5 7 13 52] [1 2 3 5 7 8 10] [1 2 3 4 5 8] [1 2 3 4 5 7 8 10 13 19] [1 2 3] [1 2 3 4 5 7 8 10 17] [1 2 3 5 8] [1 2 3 4 5 7 13 52] [1 2 3 4 5 7 8 10 13 17] [1 2 3 4 5 10 13 52] [1 2 3 4 5 7 9 10 13 52] [1 2 3 4 5 6 7 8 10] [1 2] [1 2 3 4 5 7 8 9 10 13 52] [1 2 3 4 5 7 10 13 17 52] [1 2 3 5 7] [1 2 5 10 13] [1 2 3 4 5 6 7 8 9 10 13 17 24] [1 2 3 5 7 9] [1 5] [1] [1 2 10] [1 2 3 5 7 8 10 11] [1 2 3 4 5 6 7 8 10 11 17] [1 2 4 5 7 9] [1 2 3 4 5 7 8 9 13] [1 2 3 5 7 10 13] [1 2 3 4 5 6 7 8 13 52] [1 2 3 4 5 7 8 13 17 52 58] [1 2 4 5 6 7 8 11 13] [1 2 3 4 5 7 9 13] [1 2 3 4 5 6 7] [1 2 3 4 5 6 7 8 9] [1 2 4 5 7 8 10 13] [1 2 3 4 5 7 9] [1 2 3 4 5 7 8 9 10 13 17] [1 2 4 5 7 8 9 10 13 17 43] [1 2 3 4 5 10 13] [1 2 3 4 5 8 13 52 58] [1 2 3 4 5 6 8 13] [1 2 4 5 6 8 11] [1 2 3 5 8 10 13 19 52] [1 2 3 5 7 10] [1 2 3 4 5 7 8 13] [1 2 4 5 7 13] [1 2 3 5 8 10 13] [1 2 3 5 7 8 10 19] [1 2 4 5 8] [1 2 3 5 10] [1 2 4 5 7 13 52] [1 2 3 5 7 8 10 13] [1 2 3 4 5 10] [1 2 3 4 5 7 8 13 17] [1 2 3 13] [1 2 3 4 5 7 10 13 17] [1 2 5 7 10] [1 2 3 4 5 8 10 13 19 52 58] [1 2 3 4 5 8 10 13 17] [1 2 3 4 5 13 52] [1 2 3 4 5 6 8 11 13 52 58] [1 2 3 5 10 13] [1 5 27] [1 2 4 5 6 7 8 9 10 13] [1 2 3 4 5 7 17] [1 2 3 4] [1 2 7 13] [1 2 4 5 6 8] [1 2 3 4 5 7 8 10 13 17 52] [1 2 3 4 5 13 52 58] [1 2 4 5 7 9 10] [1 2 3 4 5 7 8 13 52] [1 2 3 5 7 10 13 52] [1 2 3 4 5 7 10 17 43 58] [1 2 3 4 5 6] [1 13] [1 2 5 7 10 13 17 52] [1 2 3 5 13 52] [1 2 3 4 5 7 8 10 13 17 19] [1 2 3 4 5 7 8 9 10 11] [1 2 3 4 5 7 8 17] [1 2 3 4 5 6 7 8 9 13 52 58] [] [] [] [] [] [] [] [] [] [] [] [] [] [] [] [] [] [] [] [] [] [] [] [] [] [] [] [] [] [] [] [] [] [] [] [] [] [] [] [] [] [] [] [] [] [] [] [] [] [] [] [] [] [] [] [] [] [] [] [] [] [] [] [] [] [] [] [] [] [] [] [] [] [] [] [] [] [] [] [] [] [] [] [] []
96 [] [1 2 3 4 5 7 8 10 13 17 43] [1 2 3 4 5] [1 2 5 7] [1 2 3 4 5 7 13 52 58] [1 2 3 5 7 13] [1 2 3 5 7 8 13] [1 2 4 5] [1 2 3 4 5 7 10 13] [1 2 3 4 5 7 8 10 13] [1 2 3 4 5 7 10] [1 2 3 4 5 7] [1 2 3 4 5 8 10 13] [1 2 3 4 5 7 8 10 13 52] [1 2 3 4 13 52] [1 2 13] [1 2 3 4 5 8 13] [1 2 3 4 5 7 10 17] [1 2 3 4 5 7 13] [1 2 13 52] [1 2 3 4 5 8 10 19] [1 2 4 8 13] [1 2 3 4 5 7 8 10 13 17 24] [1 2 4 5 13] [1 2 3 4 5 7 8 10] [1 2 3 4 5 8 13 17] [1 2 3 5] [1 2 3 4 5 13] [1 2 3 5 13] [1 2 3 4 5 8 10] [1 2 3 4 5 7 8] [1 2 5] [1 2 4 5 7] [1 2 3 5 7 8] [1 2 5 7 13 52] [1 2 3 5 7 8 10] [1 2 3 4 5 8] [1 2 3 4 5 7 8 10 13 19] [1 2 3] [1 2 3 4 5 7 8 10 17] [1 2 3 5 8] [1 2 3 4 5 7 13 52] [1 2 3 4 5 7 8 10 13 17] [1 2 3 4 5 10 13 52] [1 2 3 4 5 7 9 10 13 52] [1 2 3 4 5 6 7 8 10] [1 2] [1 2 3 4 5 7 8 9 10 13 52] [1 2 3 4 5 7 10 13 17 52] [1 2 3 5 7] [1 2 5 10 13] [1 2 3 4 5 6 7 8 9 10 13 17 24] [1 2 3 5 7 9] [1 5] [1] [1 2 10] [1 2 3 5 7 8 10 11] [1 2 3 4 5 6 7 8 10 11 17] [1 2 4 5 7 9] [1 2 3 4 5 7 8 9 13] [1 2 3 5 7 10 13] [1 2 3 4 5 6 7 8 13 52] [1 2 3 4 5 7 8 13 17 52 58] [1 2 4 5 6 7 8 11 13] [1 2 3 4 5 7 9 13] [1 2 3 4 5 6 7] [1 2 3 4 5 6 7 8 9] [1 2 4 5 7 8 10 13] [1 2 3 4 5 7 9] [1 2 3 4 5 7 8 9 10 13 17] [1 2 4 5 7 8 9 10 13 17 43] [1 2 3 4 5 10 13] [1 2 3 4 5 8 13 52 58] [1 2 3 4 5 6 8 13] [1 2 4 5 6 8 11] [1 2 3 5 8 10 13 19 52] [1 2 3 5 7 10] [1 2 3 4 5 7 8 13] [1 2 4 5 7 13] [1 2 3 5 8 10 13] [1 2 3 5 7 8 10 19] [1 2 4 5 8] [1 2 3 5 10] [1 2 4 5 7 13 52] [1 2 3 5 7 8 10 13] [1 2 3 4 5 10] [1 2 3 4 5 7 8 13 17] [1 2 3 13] [1 2 3 4 5 7 10 13 17] [1 2 5 7 10] [1 2 3 4 5 8 10 13 19 52 58] [1 2 3 4 5 8 10 13 17] [1 2 3 4 5 13 52] [1 2 3 4 5 6 8 11 13 52 58] [1 2 3 5 10 13] [1 5 27] [1 2 4 5 6 7 8 9 10 13] [1 2 3 4 5 7 17] [1 2 3 4] [1 2 7 13] [1 2 4 5 6 8] [1 2 3 4 5 7 8 10 13 17 52] [1 2 3 4 5 13 52 58] [1 2 4 5 7 9 10] [1 2 3 4 5 7 8 13 52] [1 2 3 5 7 10 13 52] [1 2 3 4 5 7 10 17 43 58] [1 2 3 4 5 6] [1 13] [1 2 5 7 10 13 17 52] [1 2 3 5 13 52] [1 2 3 4 5 7 8 10 13 17 19] [1 2 3 4 5 7 8 9 10 11] [1 2 3 4 5 7 8 17] [1 2 3 4 5 6 7 8 9 13 52 58] [] [] [] [] [] [] [] [] [] [] [] [] [] [] [] [] [] [] [] [] [] [] [] [] [] [] [] [] [] [] [] [] [] [] [] [] [] [] [] [] [] [] [] [] [] [] [] [] [] [] [] [] [] [] [] [] [] [] [] [] [] [] [] [] [] [] [] [] [] [] [] [] [] [] [] [] [] [] [] [] [] [] [] [] [] []
97 [] [1 2 5 7] [1 2 3 4 5 7 13 52 58] [1 2 3 5 7 13] [1 2 3 5 7 8 13] [1 2 4 5] [1 2 3 4 5] [1 2 3 4 5 7 10 13] [1 2 3 4 5 7 8 10 13] [1 2 3 4 5 7 10] [1 2 3 4 5 7] [1 2 3 4 5 8 10 13] [1 2 3 4 5 7 8 10 13 52] [1 2 3 4 13 52] [1 2 13] [1 2 3 4 5 8 13] [1 2 3 4 5 7 10 17] [1 2 3 4 5 7 13] [1 2 13 52] [1 2 3 4 5 8 10 19] [1 2 4 8 13] [1 2 3 4 5 7 8 10 13 17 24] [1 2 4 5 13] [1 2 3 4 5 7 8 10] [1 2 3 4 5 8 13 17] [1 2 3 5] [1 2 3 4 5 13] [1 2 3 5 13] [1 2 3 4 5 8 10] [1 2 3 4 5 7 8] [1 2 5] [1 2 4 5 7] [1 2 3 5 7 8] [1 2 5 7 13 52] [1 2 3 5 7 8 10] [1 2 3 4 5 8] [1 2 3 4 5 7 8 10 13 19] [1 2 3] [1 2 3 4 5 7 8 10 17] [1 2 3 5 8] [1 2 3 4 5 7 13 52] [1 2 3 4 5 7 8 10 13 17] [1 2 3 4 5 10 13 52] [1 2 3 4 5 7 9 10 13 52] [1 2 3 4 5 6 7 8 10] [1 2] [1 2 3 4 5 7 8 9 10 13 52] [1 2 3 4 5 7 10 13 17 52] [1 2 3 5 7] [1 2 5 10 13] [1 2 3 4 5 6 7 8 9 10 13 17 24] [1 2 3 5 7 9] [1 5] [1] [1 2 10] [1 2 3 5 7 8 10 11] [1 2 3 4 5 6 7 8 10 11 17] [1 2 4 5 7 9] [1 2 3 4 5 7 8 9 13] [1 2 3 5 7 10 13] [1 2 3 4 5 6 7 8 13 52] [1 2 3 4 5 7 8 13 17 52 58] [1 2 4 5 6 7 8 11 13] [1 2 3 4 5 7 9 13] [1 2 3 4 5 6 7] [1 2 3 4 5 6 7 8 9] [1 2 4 5 7 8 10 13] [1 2 3 4 5 7 9] [1 2 3 4 5 7 8 9 10 13 17] [1 2 4 5 7 8 9 10 13 17 43] [1 2 3 4 5 10 13] [1 2 3 4 5 8 13 52 58] [1 2 3 4 5 6 8 13] [1 2 4 5 6 8 11] [1 2 3 5 8 10 13 19 52] [1 2 3 5 7 10] [1 2 3 4 5 7 8 13] [1 2 4 5 7 13] [1 2 3 5 8 10 13] [1 2 3 5 7 8 10 19] [1 2 4 5 8] [1 2 3 5 10] [1 2 4 5 7 13 52] [1 2 3 5 7 8 10 13] [1 2 3 4 5 10] [1 2 3 4 5 7 8 13 17] [1 2 3 13] [1 2 3 4 5 7 10 13 17] [1 2 5 7 10] [1 2 3 4 5 8 10 13 19 52 58] [1 2 3 4 5 8 10 13 17] [1 2 3 4 5 13 52] [1 2 3 4 5 6 8 11 13 52 58] [1 2 3 5 10 13] [1 5 27] [1 2 4 5 6 7 8 9 10 13] [1 2 3 4 5 7 17] [1 2 3 4] [1 2 7 13] [1 2 4 5 6 8] [1 2 3 4 5 7 8 10 13 17 52] [1 2 3 4 5 13 52 58] [1 2 4 5 7 9 10] [1 2 3 4 5 7 8 13 52] [1 2 3 5 7 10 13 52] [1 2 3 4 5 7 10 17 43 58] [1 2 3 4 5 6] [1 13] [1 2 5 7 10 13 17 52] [1 2 3 5 13 52] [1 2 3 4 5 7 8 10 13 17 19] [1 2 3 4 5 7 8 9 10 11] [1 2 3 4 5 7 8 17] [1 2 3 4 5 6 7 8 9 13 52 58] [] [] [] [] [] [] [] [] [] [] [] [] [] [] [] [] [] [] [] [] [] [] [] [] [] [] [] [] [] [] [] [] [] [] [] [] [] [] [] [] [] [] [] [] [] [] [] [] [] [] [] [] [] [] [] [] [] [] [] [] [] [] [] [] [] [] [] [] [] [] [] [] [] [] [] [] [] [] [] [] [] [] [] [] [] [] []
98 [] [1 2 3 5 7 13] [1 2 3 5 7 8 13] [1 2 4 5] [1 2 3 4 5] [1 2 3 4 5 7 10 13] [1 2 3 4 5 7 8 10 13] [1 2 3 4 5 7 10] [1 2 3 4 5 7] [1 2 3 4 5 8 10 13] [1 2 3 4 5 7 8 10 13 52] [1 2 3 4 13 52] [1 2 13] [1 2 3 4 5 8 13] [1 2 3 4 5 7 10 17] [1 2 3 4 5 7 13] [1 2 13 52] [1 2 3 4 5 8 10 19] [1 2 4 8 13] [1 2 3 4 5 7 8 10 13 17 24] [1 2 4 5 13] [1 2 3 4 5 7 8 10] [1 2 3 4 5 8 13 17] [1 2 3 5] [1 2 3 4 5 13] [1 2 3 5 13] [1 2 3 4 5 8 10] [1 2 3 4 5 7 8] [1 2 5] [1 2 4 5 7] [1 2 3 5 7 8] [1 2 5 7 13 52] [1 2 3 5 7 8 10] [1 2 5 7] [1 2 3 4 5 8] [1 2 3 4 5 7 8 10 13 19] [1 2 3] [1 2 3 4 5 7 8 10 17] [1 2 3 5 8] [1 2 3 4 5 7 13 52] [1 2 3 4 5 7 8 10 13 17] [1 2 3 4 5 10 13 52] [1 2 3 4 5 7 9 10 13 52] [1 2 3 4 5 6 7 8 10] [1 2] [1 2 3 4 5 7 8 9 10 13 52] [1 2 3 4 5 7 10 13 17 52] [1 2 3 5 7] [1 2 5 10 13] [1 2 3 4 5 6 7 8 9 10 13 17 24] [1 2 3 5 7 9] [1 5] [1] [1 2 10] [1 2 3 5 7 8 10 11] [1 2 3 4 5 6 7 8 10 11 17] [1 2 4 5 7 9] [1 2 3 4 5 7 8 9 13] [1 2 3 5 7 10 13] [1 2 3 4 5 6 7 8 13 52] [1 2 3 4 5 7 8 13 17 52 58] [1 2 4 5 6 7 8 11 13] [1 2 3 4 5 7 9 13] [1 2 3 4 5 6 7] [1 2 3 4 5 6 7 8 9] [1 2 4 5 7 8 10 13] [1 2 3 4 5 7 9] [1 2 3 4 5 7 8 9 10 13 17] [1 2 4 5 7 8 9 10 13 17 43] [1 2 3 4 5 10 13] [1 2 3 4 5 8 13 52 58] [1 2 3 4 5 6 8 13] [1 2 4 5 6 8 11] [1 2 3 5 8 10 13 19 52] [1 2 3 5 7 10] [1 2 3 4 5 7 8 13] [1 2 4 5 7 13] [1 2 3 5 8 10 13] [1 2 3 5 7 8 10 19] [1 2 4 5 8] [1 2 3 5 10] [1 2 4 5 7 13 52] [1 2 3 5 7 8 10 13] [1 2 3 4 5 10] [1 2 3 4 5 7 8 13 17] [1 2 3 13] [1 2 3 4 5 7 10 13 17] [1 2 5 7 10] [1 2 3 4 5 8 10 13 19 52 58] [1 2 3 4 5 8 10 13 17] [1 2 3 4 5 13 52] [1 2 3 4 5 6 8 11 13 52 58] [1 2 3 5 10 13] [1 5 27] [1 2 4 5 6 7 8 9 10 13] [1 2 3 4 5 7 17] [1 2 3 4] [1 2 7 13] [1 2 4 5 6 8] [1 2 3 4 5 7 8 10 13 17 52] [1 2 3 4 5 13 52 58] [1 2 4 5 7 9 10] [1 2 3 4 5 7 8 13 52] [1 2 3 5 7 10 13 52] [1 2 3 4 5 7 10 17 43 58] [1 2 3 4 5 6] [1 13] [1 2 5 7 10 13 17 52] [1 2 3 5 13 52] [1 2 3 4 5 7 8 10 13 17 19] [1 2 3 4 5 7 8 9 10 11] [1 2 3 4 5 7 8 17] [1 2 3 4 5 6 7 8 9 13 52 58] [] [] [] [] [] [] [] [] [] [] [] [] [] [] [] [] [] [] [] [] [] [] [] [] [] [] [] [] [] [] [] [] [] [] [] [] [] [] [] [] [] [] [] [] [] [] [] [] [] [] [] [] [] [] [] [] [] [] [] [] [] [] [] [] [] [] [] [] [] [] [] [] [] [] [] [] [] [] [] [] [] [] [] [] [] [] [] []
99 [] [1 2 4 5] [1 2 3 4 5] [1 2 3 4 5 7 10 13] [1 2 3 4 5 7 8 10 13] [1 2 3 4 5 7 10] [1 2 3 4 5 7] [1 2 3 4 5 8 10 13] [1 2 3 4 5 7 8 10 13 52] [1 2 3 4 13 52] [1 2 13] [1 2 3 4 5 8 13] [1 2 3 4 5 7 10 17] [1 2 3 4 5 7 13] [1 2 13 52] [1 2 3 4 5 8 10 19] [1 2 4 8 13] [1 2 3 4 5 7 8 10 13 17 24] [1 2 4 5 13] [1 2 3 4 5 7 8 10] [1 2 3 4 5 8 13 17] [1 2 3 5] [1 2 3 4 5 13] [1 2 3 5 13] [1 2 3 5 7 8 13] [1 2 3 4 5 8 10] [1 2 3 4 5 7 8] [1 2 5] [1 2 4 5 7] [1 2 3 5 7 8] [1 2 5 7 13 52] [1 2 3 5 7 8 10] [1 2 5 7] [1 2 3 4 5 8] [1 2 3 4 5 7 8 10 13 19] [1 2 3] [1 2 3 4 5 7 8 10 17] [1 2 3 5 8] [1 2 3 4 5 7 13 52] [1 2 3 4 5 7 8 10 13 17] [1 2 3 4 5 10 13 52] [1 2 3 4 5 7 9 10 13 52] [1 2 3 4 5 6 7 8 10] [1 2] [1 2 3 4 5 7 8 9 10 13 52] [1 2 3 4 5 7 10 13 17 52] [1 2 3 5 7] [1 2 5 10 13] [1 2 3 4 5 6 7 8 9 10 13 17 24] [1 2 3 5 7 9] [1 5] [1] [1 2 10] [1 2 3 5 7 8 10 11] [1 2 3 4 5 6 7 8 10 11 17] [1 2 4 5 7 9] [1 2 3 4 5 7 8 9 13] [1 2 3 5 7 10 13] [1 2 3 4 5 6 7 8 13 52] [1 2 3 4 5 7 8 13 17 52 58] [1 2 4 5 6 7 8 11 13] [1 2 3 4 5 7 9 13] [1 2 3 4 5 6 7] [1 2 3 4 5 6 7 8 9] [1 2 4 5 7 8 10 13] [1 2 3 4 5 7 9] [1 2 3 4 5 7 8 9 10 13 17] [1 2 4 5 7 8 9 10 13 17 43] [1 2 3 4 5 10 13] [1 2 3 4 5 8 13 52 58] [1 2 3 4 5 6 8 13] [1 2 4 5 6 8 11] [1 2 3 5 8 10 13 19 52] [1 2 3 5 7 10] [1 2 3 4 5 7 8 13] [1 2 4 5 7 13] [1 2 3 5 8 10 13] [1 2 3 5 7 8 10 19] [1 2 4 5 8] [1 2 3 5 10] [1 2 4 5 7 13 52] [1 2 3 5 7 8 10 13] [1 2 3 4 5 10] [1 2 3 4 5 7 8 13 17] [1 2 3 13] [1 2 3 4 5 7 10 13 17] [1 2 5 7 10] [1 2 3 4 5 8 10 13 19 52 58] [1 2 3 4 5 8 10 13 17] [1 2 3 4 5 13 52] [1 2 3 4 5 6 8 11 13 52 58] [1 2 3 5 10 13] [1 5 27] [1 2 4 5 6 7 8 9 10 13] [1 2 3 4 5 7 17] [1 2 3 4] [1 2 7 13] [1 2 4 5 6 8] [1 2 3 4 5 7 8 10 13 17 52] [1 2 3 4 5 13 52 58] [1 2 4 5 7 9 10] [1 2 3 4 5 7 8 13 52] [1 2 3 5 7 10 13 52] [1 2 3 5 7 13] [1 2 3 4 5 7 10 17 43 58] [1 2 3 4 5 6] [1 13] [1 2 5 7 10 13 17 52] [1 2 3 5 13 52] [1 2 3 4 5 7 8 10 13 17 19] [1 2 3 4 5 7 8 9 10 11] [1 2 3 4 5 7 8 17] [1 2 3 4 5 6 7 8 9 13 52 58] [] [] [] [] [] [] [] [] [] [] [] [] [] [] [] [] [] [] [] [] [] [] [] [] [] [] [] [] [] [] [] [] [] [] [] [] [] [] [] [] [] [] [] [] [] [] [] [] [] [] [] [] [] [] [] [] [] [] [] [] [] [] [] [] [] [] [] [] [] [] [] [] [] [] [] [] [] [] [] [] [] [] [] [] [] [] [] []
100 [] [1 2 3 4 5 7 10 13] [1 2 4 5] [1 2 3 4 5 7] [1 2 3 4 5 7 8 10 13] [1 2 3 4 5 7 10] [1 2 3 4 5 8 10 13] [1 2 3 4 5 7 8 10 13 52] [1 2 3 4 13 52] [1 2 13] [1 2 3 4 5 8 13] [1 2 3 4 5 7 10 17] [1 2 3 4 5 7 13] [1 2 13 52] [1 2 3 4 5 8 10 19] [1 2 4 8 13] [1 2 3 4 5 7 8 10 13 17 24] [1 2 4 5 13] [1 2 3 4 5 7 8 10] [1 2 3 4 5 8 13 17] [1 2 3 5] [1 2 3 4 5 13] [1 2 3 5 13] [1 2 3 5 7 8 13] [1 2 3 4 5 8 10] [1 2 3 4 5 7 8] [1 2 3 4 5] [1 2 5] [1 2 4 5 7] [1 2 3 5 7 8] [1 2 5 7 13 52] [1 2 3 5 7 8 10] [1 2 5 7] [1 2 3 4 5 8] [1 2 3 4 5 7 8 10 13 19] [1 2 3] [1 2 3 4 5 7 8 10 17] [1 2 3 5 8] [1 2 3 4 5 7 13 52] [1 2 3 4 5 7 8 10 13 17] [1 2 3 4 5 10 13 52] [1 2 3 4 5 7 9 10 13 52] [1 2 3 4 5 6 7 8 10] [1 2] [1 2 3 4 5 7 8 9 10 13 52] [1 2 3 4 5 7 10 13 17 52] [1 2 3 5 7] [1 2 5 10 13] [1 2 3 4 5 6 7 8 9 10 13 17 24] [1 2 3 5 7 9] [1 5] [1] [1 2 10] [1 2 3 5 7 8 10 11] [1 2 3 4 5 6 7 8 10 11 17] [1 2 4 5 7 9] [1 2 3 4 5 7 8 9 13] [1 2 3 5 7 10 13] [1 2 3 4 5 6 7 8 13 52] [1 2 3 4 5 7 8 13 17 52 58] [1 2 4 5 6 7 8 11 13] [1 2 3 4 5 7 9 13] [1 2 3 4 5 6 7] [1 2 3 4 5 6 7 8 9] [1 2 4 5 7 8 10 13] [1 2 3 4 5 7 9] [1 2 3 4 5 7 8 9 10 13 17] [1 2 4 5 7 8 9 10 13 17 43] [1 2 3 4 5 10 13] [1 2 3 4 5 8 13 52 58] [1 2 3 4 5 6 8 13] [1 2 4 5 6 8 11] [1 2 3 5 8 10 13 19 52] [1 2 3 5 7 10] [1 2 3 4 5 7 8 13] [1 2 4 5 7 13] [1 2 3 5 8 10 13] [1 2 3 5 7 8 10 19] [1 2 4 5 8] [1 2 3 5 10] [1 2 4 5 7 13 52] [1 2 3 5 7 8 10 13] [1 2 3 4 5 10] [1 2 3 4 5 7 8 13 17] [1 2 3 13] [1 2 3 4 5 7 10 13 17] [1 2 5 7 10] [1 2 3 4 5 8 10 13 19 52 58] [1 2 3 4 5 8 10 13 17] [1 2 3 4 5 13 52] [1 2 3 4 5 6 8 11 13 52 58] [1 2 3 5 10 13] [1 5 27] [1 2 4 5 6 7 8 9 10 13] [1 2 3 4 5 7 17] [1 2 3 4] [1 2 7 13] [1 2 4 5 6 8] [1 2 3 4 5 7 8 10 13 17 52] [1 2 3 4 5 13 52 58] [1 2 4 5 7 9 10] [1 2 3 4 5 7 8 13 52] [1 2 3 5 7 10 13 52] [1 2 3 5 7 13] [1 2 3 4 5 7 10 17 43 58] [1 2 3 4 5 6] [1 13] [1 2 5 7 10 13 17 52] [1 2 3 5 13 52] [1 2 3 4 5 7 8 10 13 17 19] [1 2 3 4 5 7 8 9 10 11] [1 2 3 4 5 7 8 17] [1 2 3 4 5 6 7 8 9 13 52 58] [] [] [] [] [] [] [] [] [] [] [] [] [] [] [] [] [] [] [] [] [] [] [] [] [] [] [] [] [] [] [] [] [] [] [] [] [] [] [] [] [] [] [] [] [] [] [] [] [] [] [] [] [] [] [] [] [] [] [] [] [] [] [] [] [] [] [] [] [] [] [] [] [] [] [] [] [] [] [] [] [] [] [] [] [] [] [] []
101 [] [1 2 3 4 5 7] [1 2 3 5 10] [1 2 3 4 5 7 8 10 13 17] [1 2 4 5] [1 2 3 4 5 7 8 10 13] [1 2 3 4 5 7 10] [1 2 3 4 5 8 10 13] [1 2 3 4 5 7 8 10 13 52] [1 2 3 4 13 52] [1 2 13] [1 2 3 4 5 8 13] [1 2 3 4 5 7 10 17] [1 2 3 4 5 7 13] [1 2 13 52] [1 2 3 4 5 8 10 19] [1 2 4 8 13] [1 2 3 4 5 7 8 10 13 17 24] [1 2 4 5 13] [1 2 3 4 5 7 8 10] [1 2 3 4 5 8 13 17] [1 2 3 5] [1 2 3 4 5 13] [1 2 3 5 13] [1 2 3 5 7 8 13] [1 2 3 4 5 8 10] [1 2 3 4 5 7 8] [1 2 3 4 5] [1 2 5] [1 2 4 5 7] [1 2 3 5 7 8] [1 2 5 7 13 52] [1 2 3 5 7 8 10] [1 2 5 7] [1 2 3 4 5 8] [1 2 3 4 5 7 8 10 13 19] [1 2 3] [1 2 3 4 5 7 8 10 17] [1 2 3 5 8] [1 2 3 4 5 7 13 52] [1 2 3 4 5 10 13 52] [1 2 3 4 5 7 9 10 13 52] [1 2 3 4 5 6 7 8 10] [1 2] [1 2 3 4 5 7 8 9 10 13 52] [1 2 3 4 5 7 10 13 17 52] [1 2 3 5 7] [1 2 5 10 13] [1 2 3 4 5 6 7 8 9 10 13 17 24] [1 2 3 5 7 9] [1 5] [1 2 3 4 5 7 10 13] [1] [1 2 10] [1 2 3 5 7 8 10 11] [1 2 3 4 5 6 7 8 10 11 17] [1 2 4 5 7 9] [1 2 3 4 5 7 8 9 13] [1 2 3 5 7 10 13] [1 2 3 4 5 6 7 8 13 52] [1 2 3 4 5 7 8 13 17 52 58] [1 2 4 5 6 7 8 11 13] [1 2 3 4 5 7 9 13] [1 2 3 4 5 6 7] [1 2 3 4 5 6 7 8 9] [1 2 4 5 7 8 10 13] [1 2 3 4 5 7 9] [1 2 3 4 5 7 8 9 10 13 17] [1 2 4 5 7 8 9 10 13 17 43] [1 2 3 4 5 10 13] [1 2 3 4 5 8 13 52 58] [1 2 3 4 5 6 8 13] [1 2 4 5 6 8 11] [1 2 3 5 8 10 13 19 52] [1 2 3 5 7 10] [1 2 3 4 5 7 8 13] [1 2 4 5 7 13] [1 2 3 5 8 10 13] [1 2 3 5 7 8 10 19] [1 2 4 5 8] [1 2 4 5 7 13 52] [1 2 3 5 7 8 10 13] [1 2 3 4 5 10] [1 2 3 4 5 7 8 13 17] [1 2 3 13] [1 2 3 4 5 7 10 13 17] [1 2 5 7 10] [1 2 3 4 5 8 10 13 19 52 58] [1 2 3 4 5 8 10 13 17] [1 2 3 4 5 13 52] [1 2 3 4 5 6 8 11 13 52 58] [1 2 3 5 10 13] [1 5 27] [1 2 4 5 6 7 8 9 10 13] [1 2 3 4 5 7 17] [1 2 3 4] [1 2 7 13] [1 2 4 5 6 8] [1 2 3 4 5 7 8 10 13 17 52] [1 2 3 4 5 13 52 58] [1 2 4 5 7 9 10] [1 2 3 4 5 7 8 13 52] [1 2 3 5 7 10 13 52] [1 2 3 5 7 13] [1 2 3 4 5 7 10 17 43 58] [1 2 3 4 5 6] [1 13] [1 2 5 7 10 13 17 52] [1 2 3 5 13 52] [1 2 3 4 5 7 8 10 13 17 19] [1 2 3 4 5 7 8 9 10 11] [1 2 3 4 5 7 8 17] [1 2 3 4 5 6 7 8 9 13 52 58] [] [] [] [] [] [] [] [] [] [] [] [] [] [] [] [] [] [] [] [] [] [] [] [] [] [] [] [] [] [] [] [] [] [] [] [] [] [] [] [] [] [] [] [] [] [] [] [] [] [] [] [] [] [] [] [] [] [] [] [] [] [] [] [] [] [] [] [] [] [] [] [] [] [] [] [] [] [] [] [] [] [] [] [] [] [] [] []
102 [] [1 2 3 4 5 7 8 10 13 17] [1 2 4 5] [1 2 3 4 5 7 8 10 13] [1 2 3 4 5 7 10] [1 2 3 4 5 7] [1 2 3 4 5 8 10 13] [1 2 3 4 5 7 8 10 13 52] [1 2 3 4 13 52] [1 2 13] [1 2 3 4 5 8 13] [1 2 3 4 5 7 10 17] [1 2 3 4 5 7 13] [1 2 13 52] [1 2 3 4 5 8 10 19] [1 2 4 8 13] [1 2 3 4 5 7 8 10 13 17 24] [1 2 4 5 13] [1 2 3 4 5 7 8 10] [1 2 3 4 5 8 13 17] [1 2 3 5] [1 2 3 4 5 13] [1 2 3 5 13] [1 2 3 5 7 8 13] [1 2 3 4 5 8 10] [1 2 3 4 5 7 8] [1 2 3 4 5] [1 2 5] [1 2 4 5 7] [1 2 3 5 7 8] [1 2 5 7 13 52] [1 2 3 5 7 8 10] [1 2 5 7] [1 2 3 4 5 8] [1 2 3 4 5 7 8 10 13 19] [1 2 3] [1 2 3 4 5 7 8 10 17] [1 2 3 5 8] [1 2 3 4 5 7 13 52] [1 2 3 4 5 10 13 52] [1 2 3 4 5 7 9 10 13 52] [1 2 3 4 5 6 7 8 10] [1 2] [1 2 3 4 5 7 8 9 10 13 52] [1 2 3 4 5 7 10 13 17 52] [1 2 3 5 7] [1 2 5 10 13] [1 2 3 4 5 6 7 8 9 10 13 17 24] [1 2 3 5 7 9] [1 5] [1 2 3 4 5 7 10 13] [1] [1 2 10] [1 2 3 5 7 8 10 11] [1 2 3 4 5 6 7 8 10 11 17] [1 2 4 5 7 9] [1 2 3 4 5 7 8 9 13] [1 2 3 5 7 10 13] [1 2 3 4 5 6 7 8 13 52] [1 2 3 4 5 7 8 13 17 52 58] [1 2 4 5 6 7 8 11 13] [1 2 3 4 5 7 9 13] [1 2 3 4 5 6 7] [1 2 3 4 5 6 7 8 9] [1 2 4 5 7 8 10 13] [1 2 3 4 5 7 9] [1 2 3 4 5 7 8 9 10 13 17] [1 2 4 5 7 8 9 10 13 17 43] [1 2 3 4 5 10 13] [1 2 3 4 5 8 13 52 58] [1 2 3 4 5 6 8 13] [1 2 4 5 6 8 11] [1 2 3 5 8 10 13 19 52] [1 2 3 5 7 10] [1 2 3 4 5 7 8 13] [1 2 4 5 7 13] [1 2 3 5 8 10 13] [1 2 3 5 7 8 10 19] [1 2 4 5 8] [1 2 3 5 10] [1 2 4 5 7 13 52] [1 2 3 5 7 8 10 13] [1 2 3 4 5 10] [1 2 3 4 5 7 8 13 17] [1 2 3 13] [1 2 3 4 5 7 10 13 17] [1 2 5 7 10] [1 2 3 4 5 8 10 13 19 52 58] [1 2 3 4 5 8 10 13 17] [1 2 3 4 5 13 52] [1 2 3 4 5 6 8 11 13 52 58] [1 2 3 5 10 13] [1 5 27] [1 2 4 5 6 7 8 9 10 13] [1 2 3 4 5 7 17] [1 2 3 4] [1 2 7 13] [1 2 4 5 6 8] [1 2 3 4 5 7 8 10 13 17 52] [1 2 3 4 5 13 52 58] [1 2 4 5 7 9 10] [1 2 3 4 5 7 8 13 52] [1 2 3 5 7 10 13 52] [1 2 3 5 7 13] [1 2 3 4 5 7 10 17 43 58] [1 2 3 4 5 6] [1 13] [1 2 5 7 10 13 17 52] [1 2 3 5 13 52] [1 2 3 4 5 7 8 10 13 17 19] [1 2 3 4 5 7 8 9 10 11] [1 2 3 4 5 7 8 17] [1 2 3 4 5 6 7 8 9 13 52 58] [] [] [] [] [] [] [] [] [] [] [] [] [] [] [] [] [] [] [] [] [] [] [] [] [] [] [] [] [] [] [] [] [] [] [] [] [] [] [] [] [] [] [] [] [] [] [] [] [] [] [] [] [] [] [] [] [] [] [] [] [] [] [] [] [] [] [] [] [] [] [] [] [] [] [] [] [] [] [] [] [] [] [] [] [] [] [] []
103 [] [1 2 3 4 5 7 8 10 13] [1 2 3 4 5 7 10] [1 2 3 4 5 7] [1 2 3 4 5 8 10 13] [1 2 3 4 5 7 8 10 13 52] [1 2 3 4 13 52] [1 2 13] [1 2 3 4 5 8 13] [1 2 3 4 5 7 10 17] [1 2 3 4 5 7 13] [1 2 4 5] [1 2 13 52] [1 2 3 4 5 8 10 19] [1 2 4 8 13] [1 2 3 4 5 7 8 10 13 17 24] [1 2 4 5 13] [1 2 3 4 5 7 8 10] [1 2 3 4 5 8 13 17] [1 2 3 5] [1 2 3 4 5 13] [1 2 3 5 13] [1 2 3 5 7 8 13] [1 2 3 4 5 8 10] [1 2 3 4 5 7 8] [1 2 3 4 5] [1 2 5] [1 2 4 5 7] [1 2 3 5 7 8] [1 2 5 7 13 52] [1 2 3 5 7 8 10] [1 2 5 7] [1 2 3 4 5 8] [1 2 3 4 5 7 8 10 13 19] [1 2 3] [1 2 3 4 5 7 8 10 17] [1 2 3 5 8] [1 2 3 4 5 7 13 52] [1 2 3 4 5 7 8 10 13 17] [1 2 3 4 5 10 13 52] [1 2 3 4 5 7 9 10 13 52] [1 2 3 4 5 6 7 8 10] [1 2] [1 2 3 4 5 7 8 9 10 13 52] [1 2 3 4 5 7 10 13 17 52] [1 2 3 5 7] [1 2 5 10 13] [1 2 3 4 5 6 7 8 9 10 13 17 24] [1 2 3 5 7 9] [1 5] [1 2 3 4 5 7 10 13] [1] [1 2 10] [1 2 3 5 7 8 10 11] [1 2 3 4 5 6 7 8 10 11 17] [1 2 4 5 7 9] [1 2 3 4 5 7 8 9 13] [1 2 3 5 7 10 13] [1 2 3 4 5 6 7 8 13 52] [1 2 3 4 5 7 8 13 17 52 58] [1 2 4 5 6 7 8 11 13] [1 2 3 4 5 7 9 13] [1 2 3 4 5 6 7] [1 2 3 4 5 6 7 8 9] [1 2 4 5 7 8 10 13] [1 2 3 4 5 7 9] [1 2 3 4 5 7 8 9 10 13 17] [1 2 4 5 7 8 9 10 13 17 43] [1 2 3 4 5 10 13] [1 2 3 4 5 8 13 52 58] [1 2 3 4 5 6 8 13] [1 2 4 5 6 8 11] [1 2 3 5 8 10 13 19 52] [1 2 3 5 7 10] [1 2 3 4 5 7 8 13] [1 2 4 5 7 13] [1 2 3 5 8 10 13] [1 2 3 5 7 8 10 19] [1 2 4 5 8] [1 2 3 5 10] [1 2 4 5 7 13 52] [1 2 3 5 7 8 10 13] [1 2 3 4 5 10] [1 2 3 4 5 7 8 13 17] [1 2 3 13] [1 2 3 4 5 7 10 13 17] [1 2 5 7 10] [1 2 3 4 5 8 10 13 19 52 58] [1 2 3 4 5 8 10 13 17] [1 2 3 4 5 13 52] [1 2 3 4 5 6 8 11 13 52 58] [1 2 3 5 10 13] [1 5 27] [1 2 4 5 6 7 8 9 10 13] [1 2 3 4 5 7 17] [1 2 3 4] [1 2 7 13] [1 2 4 5 6 8] [1 2 3 4 5 7 8 10 13 17 52] [1 2 3 4 5 13 52 58] [1 2 4 5 7 9 10] [1 2 3 4 5 7 8 13 52] [1 2 3 5 7 10 13 52] [1 2 3 5 7 13] [1 2 3 4 5 7 10 17 43 58] [1 2 3 4 5 6] [1 13] [1 2 5 7 10 13 17 52] [1 2 3 5 13 52] [1 2 3 4 5 7 8 10 13 17 19] [1 2 3 4 5 7 8 9 10 11] [1 2 3 4 5 7 8 17] [1 2 3 4 5 6 7 8 9 13 52 58] [] [] [] [] [] [] [] [] [] [] [] [] [] [] [] [] [] [] [] [] [] [] [] [] [] [] [] [] [] [] [] [] [] [] [] [] [] [] [] [] [] [] [] [] [] [] [] [] [] [] [] [] [] [] [] [] [] [] [] [] [] [] [] [] [] [] [] [] [] [] [] [] [] [] [] [] [] [] [] [] [] [] [] [] [] [] [] []
104 [] [1 2 3 4 5 7] [1 2 3 4 5 8 10 13] [1 2 3 4 5 7 8 10 13 52] [1 2 3 4 13 52] [1 2 13] [1 2 3 4 5 8 13] [1 2 3 4 5 7 10] [1 2 3 4 5 7 10 17] [1 2 3 4 5 7 13] [1 2 4 5] [1 2 13 52] [1 2 3 4 5 8 10 19] [1 2 4 8 13] [1 2 3 4 5 7 8 10 13 17 24] [1 2 4 5 13] [1 2 3 4 5 7 8 10] [1 2 3 4 5 8 13 17] [1 2 3 5] [1 2 3 4 5 13] [1 2 3 5 13] [1 2 3 5 7 8 13] [1 2 3 4 5 8 10] [1 2 3 4 5 7 8] [1 2 3 4 5] [1 2 5] [1 2 4 5 7] [1 2 3 5 7 8] [1 2 5 7 13 52] [1 2 3 5 7 8 10] [1 2 5 7] [1 2 3 4 5 8] [1 2 3 4 5 7 8 10 13 19] [1 2 3] [1 2 3 4 5 7 8 10 17] [1 2 3 5 8] [1 2 3 4 5 7 13 52] [1 2 3 4 5 7 8 10 13 17] [1 2 3 4 5 10 13 52] [1 2 3 4 5 7 9 10 13 52] [1 2 3 4 5 6 7 8 10] [1 2] [1 2 3 4 5 7 8 9 10 13 52] [1 2 3 4 5 7 10 13 17 52] [1 2 3 5 7] [1 2 5 10 13] [1 2 3 4 5 6 7 8 9 10 13 17 24] [1 2 3 5 7 9] [1 5] [1 2 3 4 5 7 10 13] [1] [1 2 10] [1 2 3 5 7 8 10 11] [1 2 3 4 5 6 7 8 10 11 17] [1 2 4 5 7 9] [1 2 3 4 5 7 8 9 13] [1 2 3 5 7 10 13] [1 2 3 4 5 6 7 8 13 52] [1 2 3 4 5 7 8 13 17 52 58] [1 2 4 5 6 7 8 11 13] [1 2 3 4 5 7 9 13] [1 2 3 4 5 6 7] [1 2 3 4 5 6 7 8 9] [1 2 4 5 7 8 10 13] [1 2 3 4 5 7 9] [1 2 3 4 5 7 8 9 10 13 17] [1 2 4 5 7 8 9 10 13 17 43] [1 2 3 4 5 10 13] [1 2 3 4 5 8 13 52 58] [1 2 3 4 5 6 8 13] [1 2 4 5 6 8 11] [1 2 3 4 5 7 8 10 13] [1 2 3 5 8 10 13 19 52] [1 2 3 5 7 10] [1 2 3 4 5 7 8 13] [1 2 4 5 7 13] [1 2 3 5 8 10 13] [1 2 3 5 7 8 10 19] [1 2 4 5 8] [1 2 3 5 10] [1 2 4 5 7 13 52] [1 2 3 5 7 8 10 13] [1 2 3 4 5 10] [1 2 3 4 5 7 8 13 17] [1 2 3 13] [1 2 3 4 5 7 10 13 17] [1 2 5 7 10] [1 2 3 4 5 8 10 13 19 52 58] [1 2 3 4 5 8 10 13 17] [1 2 3 4 5 13 52] [1 2 3 4 5 6 8 11 13 52 58] [1 2 3 5 10 13] [1 5 27] [1 2 4 5 6 7 8 9 10 13] [1 2 3 4 5 7 17] [1 2 3 4] [1 2 7 13] [1 2 4 5 6 8] [1 2 3 4 5 7 8 10 13 17 52] [1 2 3 4 5 13 52 58] [1 2 4 5 7 9 10] [1 2 3 4 5 7 8 13 52] [1 2 3 5 7 10 13 52] [1 2 3 5 7 13] [1 2 3 4 5 7 10 17 43 58] [1 2 3 4 5 6] [1 13] [1 2 5 7 10 13 17 52] [1 2 3 5 13 52] [1 2 3 4 5 7 8 10 13 17 19] [1 2 3 4 5 7 8 9 10 11] [1 2 3 4 5 7 8 17] [1 2 3 4 5 6 7 8 9 13 52 58] [] [] [] [] [] [] [] [] [] [] [] [] [] [] [] [] [] [] [] [] [] [] [] [] [] [] [] [] [] [] [] [] [] [] [] [] [] [] [] [] [] [] [] [] [] [] [] [] [] [] [] [] [] [] [] [] [] [] [] [] [] [] [] [] [] [] [] [] [] [] [] [] [] [] [] [] [] [] [] [] [] [] [] [] [] [] [] []
105 [] [1 2 3 4 5 7 8 10 13 52] [1 2 3 4 13 52] [1 2 13] [1 2 3 4 5 8 13] [1 2 3 4 5 7 10] [1 2 3 4 5 7 10 17] [1 2 3 4 5 7 13] [1 2 4 5] [1 2 13 52] [1 2 3 4 5 8 10 19] [1 2 4 8 13] [1 2 3 4 5 7 8 10 13 17 24] [1 2 4 5 13] [1 2 3 4 5 7 8 10] [1 2 3 4 5 8 13 17] [1 2 3 5] [1 2 3 4 5 13] [1 2 3 5 13] [1 2 3 5 7 8 13] [1 2 3 4 5 8 10] [1 2 3 4 5 7] [1 2 3 4 5 7 8] [1 2 3 4 5] [1 2 5] [1 2 4 5 7] [1 2 3 5 7 8] [1 2 5 7 13 52] [1 2 3 5 7 8 10] [1 2 5 7] [1 2 3 4 5 8] [1 2 3 4 5 7 8 10 13 19] [1 2 3] [1 2 3 4 5 7 8 10 17] [1 2 3 5 8] [1 2 3 4 5 7 13 52] [1 2 3 4 5 7 8 10 13 17] [1 2 3 4 5 10 13 52] [1 2 3 4 5 7 9 10 13 52] [1 2 3 4 5 6 7 8 10] [1 2] [1 2 3 4 5 7 8 9 10 13 52] [1 2 3 4 5 7 10 13 17 52] [1 2 3 5 7] [1 2 5 10 13] [1 2 3 4 5 6 7 8 9 10 13 17 24] [1 2 3 5 7 9] [1 2 3 4 5 8 10 13] [1 5] [1 2 3 4 5 7 10 13] [1] [1 2 10] [1 2 3 5 7 8 10 11] [1 2 3 4 5 6 7 8 10 11 17] [1 2 4 5 7 9] [1 2 3 4 5 7 8 9 13] [1 2 3 5 7 10 13] [1 2 3 4 5 6 7 8 13 52] [1 2 3 4 5 7 8 13 17 52 58] [1 2 4 5 6 7 8 11 13] [1 2 3 4 5 7 9 13] [1 2 3 4 5 6 7] [1 2 3 4 5 6 7 8 9] [1 2 4 5 7 8 10 13] [1 2 3 4 5 7 9] [1 2 3 4 5 7 8 9 10 13 17] [1 2 4 5 7 8 9 10 13 17 43] [1 2 3 4 5 10 13] [1 2 3 4 5 8 13 52 58] [1 2 3 4 5 6 8 13] [1 2 4 5 6 8 11] [1 2 3 4 5 7 8 10 13] [1 2 3 5 8 10 13 19 52] [1 2 3 5 7 10] [1 2 3 4 5 7 8 13] [1 2 4 5 7 13] [1 2 3 5 8 10 13] [1 2 3 5 7 8 10 19] [1 2 4 5 8] [1 2 3 5 10] [1 2 4 5 7 13 52] [1 2 3 5 7 8 10 13] [1 2 3 4 5 10] [1 2 3 4 5 7 8 13 17] [1 2 3 13] [1 2 3 4 5 7 10 13 17] [1 2 5 7 10] [1 2 3 4 5 8 10 13 19 52 58] [1 2 3 4 5 8 10 13 17] [1 2 3 4 5 13 52] [1 2 3 4 5 6 8 11 13 52 58] [1 2 3 5 10 13] [1 5 27] [1 2 4 5 6 7 8 9 10 13] [1 2 3 4 5 7 17] [1 2 3 4] [1 2 7 13] [1 2 4 5 6 8] [1 2 3 4 5 7 8 10 13 17 52] [1 2 3 4 5 13 52 58] [1 2 4 5 7 9 10] [1 2 3 4 5 7 8 13 52] [1 2 3 5 7 10 13 52] [1 2 3 5 7 13] [1 2 3 4 5 7 10 17 43 58] [1 2 3 4 5 6] [1 13] [1 2 5 7 10 13 17 52] [1 2 3 5 13 52] [1 2 3 4 5 7 8 10 13 17 19] [1 2 3 4 5 7 8 9 10 11] [1 2 3 4 5 7 8 17] [1 2 3 4 5 6 7 8 9 13 52 58] [] [] [] [] [] [] [] [] [] [] [] [] [] [] [] [] [] [] [] [] [] [] [] [] [] [] [] [] [] [] [] [] [] [] [] [] [] [] [] [] [] [] [] [] [] [] [] [] [] [] [] [] [] [] [] [] [] [] [] [] [] [] [] [] [] [] [] [] [] [] [] [] [] [] [] [] [] [] [] [] [] [] [] [] [] [] [] []
106 [] [1 2 13] [1 2 3 4 5 8 13] [1 2 3 4 5 7 10] [1 2 3 4 5 7 10 17] [1 2 3 4 5 7 13] [1 2 4 5] [1 2 13 52] [1 2 3 4 5 8 10 19] [1 2 4 8 13] [1 2 3 4 5 7 8 10 13 17 24] [1 2 4 5 13] [1 2 3 4 5 7 8 10] [1 2 3 4 5 8 13 17] [1 2 3 5] [1 2 3 4 5 13] [1 2 3 5 13] [1 2 3 5 7 8 13] [1 2 3 4 5 8 10] [1 2 3 4 5 7] [1 2 3 4 5 7 8] [1 2 3 4 5] [1 2 5] [1 2 4 5 7] [1 2 3 5 7 8] [1 2 5 7 13 52] [1 2 3 5 7 8 10] [1 2 5 7] [1 2 3 4 5 8] [1 2 3 4 5 7 8 10 13 19] [1 2 3] [1 2 3 4 5 7 8 10 17] [1 2 3 5 8] [1 2 3 4 5 7 13 52] [1 2 3 4 5 7 8 10 13 17] [1 2 3 4 5 10 13 52] [1 2 3 4 5 7 9 10 13 52] [1 2 3 4 5 6 7 8 10] [1 2] [1 2 3 4 5 7 8 9 10 13 52] [1 2 3 4 5 7 10 13 17 52] [1 2 3 5 7] [1 2 5 10 13] [1 2 3 4 5 6 7 8 9 10 13 17 24] [1 2 3 5 7 9] [1 2 3 4 5 8 10 13] [1 5] [1 2 3 4 5 7 10 13] [1] [1 2 10] [1 2 3 5 7 8 10 11] [1 2 3 4 5 6 7 8 10 11 17] [1 2 4 5 7 9] [1 2 3 4 5 7 8 9 13] [1 2 3 5 7 10 13] [1 2 3 4 5 6 7 8 13 52] [1 2 3 4 5 7 8 13 17 52 58] [1 2 3 4 5 7 8 10 13 52] [1 2 4 5 6 7 8 11 13] [1 2 3 4 5 7 9 13] [1 2 3 4 5 6 7] [1 2 3 4 5 6 7 8 9] [1 2 4 5 7 8 10 13] [1 2 3 4 5 7 9] [1 2 3 4 5 7 8 9 10 13 17] [1 2 4 5 7 8 9 10 13 17 43] [1 2 3 4 5 10 13] [1 2 3 4 5 8 13 52 58] [1 2 3 4 5 6 8 13] [1 2 4 5 6 8 11] [1 2 3 4 5 7 8 10 13] [1 2 3 5 8 10 13 19 52] [1 2 3 5 7 10] [1 2 3 4 5 7 8 13] [1 2 4 5 7 13] [1 2 3 5 8 10 13] [1 2 3 5 7 8 10 19] [1 2 4 5 8] [1 2 3 5 10] [1 2 4 5 7 13 52] [1 2 3 5 7 8 10 13] [1 2 3 4 5 10] [1 2 3 4 5 7 8 13 17] [1 2 3 13] [1 2 3 4 5 7 10 13 17] [1 2 5 7 10] [1 2 3 4 5 8 10 13 19 52 58] [1 2 3 4 5 8 10 13 17] [1 2 3 4 5 13 52] [1 2 3 4 5 6 8 11 13 52 58] [1 2 3 5 10 13] [1 5 27] [1 2 4 5 6 7 8 9 10 13] [1 2 3 4 5 7 17] [1 2 3 4] [1 2 7 13] [1 2 4 5 6 8] [1 2 3 4 5 7 8 10 13 17 52] [1 2 3 4 5 13 52 58] [1 2 4 5 7 9 10] [1 2 3 4 5 7 8 13 52] [1 2 3 5 7 10 13 52] [1 2 3 5 7 13] [1 2 3 4 5 7 10 17 43 58] [1 2 3 4 5 6] [1 13] [1 2 5 7 10 13 17 52] [1 2 3 5 13 52] [1 2 3 4 5 7 8 10 13 17 19] [1 2 3 4 5 7 8 9 10 11] [1 2 3 4 5 7 8 17] [1 2 3 4 5 6 7 8 9 13 52 58] [] [] [] [] [] [] [] [] [] [] [] [] [] [] [] [] [] [] [] [] [] [] [] [] [] [] [] [] [] [] [] [] [] [] [] [] [] [] [] [] [] [] [] [] [] [] [] [] [] [] [] [] [] [] [] [] [] [] [] [] [] [] [] [] [] [] [] [] [] [] [] [] [] [] [] [] [] [] [] [] [] [] [] [] [] [] [] [] []
107 [] [1 2 3 4 5 7 10] [1 2 3 4 5 7 10 17] [1 2 3 4 5 7 13] [1 2 4 5] [1 2 13 52] [1 2 3 4 5 8 10 19] [1 2 4 8 13] [1 2 3 4 5 7 8 10 13 17 24] [1 2 4 5 13] [1 2 3 4 5 7 8 10] [1 2 3 4 5 8 13 17] [1 2 3 5] [1 2 3 4 5 13] [1 2 3 5 13] [1 2 3 5 7 8 13] [1 2 3 4 5 8 10] [1 2 3 4 5 7] [1 2 3 4 5 7 8] [1 2 3 4 5] [1 2 5] [1 2 4 5 7] [1 2 3 5 7 8] [1 2 5 7 13 52] [1 2 3 5 7 8 10] [1 2 5 7] [1 2 3 4 5 8] [1 2 3 4 5 7 8 10 13 19] [1 2 3] [1 2 3 4 5 7 8 10 17] [1 2 3 5 8] [1 2 3 4 5 7 13 52] [1 2 3 4 5 7 8 10 13 17] [1 2 3 4 5 10 13 52] [1 2 3 4 5 7 9 10 13 52] [1 2 3 4 5 6 7 8 10] [1 2] [1 2 3 4 5 7 8 9 10 13 52] [1 2 3 4 5 7 10 13 17 52] [1 2 3 5 7] [1 2 5 10 13] [1 2 3 4 5 6 7 8 9 10 13 17 24] [1 2 3 5 7 9] [1 2 3 4 5 8 10 13] [1 5] [1 2 3 4 5 7 10 13] [1] [1 2 10] [1 2 3 5 7 8 10 11] [1 2 3 4 5 6 7 8 10 11 17] [1 2 4 5 7 9] [1 2 3 4 5 7 8 9 13] [1 2 3 5 7 10 13] [1 2 3 4 5 6 7 8 13 52] [1 2 3 4 5 7 8 13 17 52 58] [1 2 3 4 5 7 8 10 13 52] [1 2 4 5 6 7 8 11 13] [1 2 3 4 5 7 9 13] [1 2 3 4 5 6 7] [1 2 3 4 5 6 7 8 9] [1 2 4 5 7 8 10 13] [1 2 3 4 5 7 9] [1 2 3 4 5 7 8 9 10 13 17] [1 2 4 5 7 8 9 10 13 17 43] [1 2 3 4 5 10 13] [1 2 3 4 5 8 13 52 58] [1 2 3 4 5 6 8 13] [1 2 4 5 6 8 11] [1 2 3 4 5 7 8 10 13] [1 2 3 5 8 10 13 19 52] [1 2 3 5 7 10] [1 2 3 4 5 7 8 13] [1 2 4 5 7 13] [1 2 3 5 8 10 13] [1 2 3 5 7 8 10 19] [1 2 4 5 8] [1 2 3 5 10] [1 2 4 5 7 13 52] [1 2 3 5 7 8 10 13] [1 2 3 4 5 10] [1 2 3 4 5 7 8 13 17] [1 2 3 13] [1 2 3 4 5 7 10 13 17] [1 2 5 7 10] [1 2 3 4 5 8 10 13 19 52 58] [1 2 3 4 5 8 10 13 17] [1 2 3 4 5 13 52] [1 2 3 4 5 6 8 11 13 52 58] [1 2 3 5 10 13] [1 5 27] [1 2 4 5 6 7 8 9 10 13] [1 2 3 4 5 7 17] [1 2 3 4] [1 2 7 13] [1 2 4 5 6 8] [1 2 3 4 5 7 8 10 13 17 52] [1 2 3 4 5 13 52 58] [1 2 4 5 7 9 10] [1 2 3 4 5 7 8 13 52] [1 2 3 5 7 10 13 52] [1 2 3 5 7 13] [1 2 3 4 5 7 10 17 43 58] [1 2 3 4 5 6] [1 13] [1 2 5 7 10 13 17 52] [1 2 3 5 13 52] [1 2 3 4 5 7 8 10 13 17 19] [1 2 3 4 5 7 8 9 10 11] [1 2 3 4 5 7 8 17] [1 2 3 4 5 6 7 8 9 13 52 58] [] [] [] [] [] [] [] [] [] [] [] [] [] [] [] [] [] [] [] [] [] [] [] [] [] [] [] [] [] [] [] [] [] [] [] [] [] [] [] [] [] [] [] [] [] [] [] [] [] [] [] [] [] [] [] [] [] [] [] [] [] [] [] [] [] [] [] [] [] [] [] [] [] [] [] [] [] [] [] [] [] [] [] [] [] [] [] [] [] [] []
108 [] [1 2 3 4 5 7 13] [1 2 3 4 5 7 10] [1 2 4 5 10] [1 2 4 5] [1 2 13 52] [1 2 3 4 5 8 10 19] [1 2 4 8 13] [1 2 3 4 5 7 8 10 13 17 24] [1 2 4 5 13] [1 2 3 4 5 7 8 10] [1 2 3 4 5 8 13 17] [1 2 3 5] [1 2 3 4 5 13] [1 2 3 5 13] [1 2 3 5 7 8 13] [1 2 3 4 5 8 10] [1 2 3 4 5 7] [1 2 3 4 5 7 8] [1 2 3 4 5 7 10 17] [1 2 3 4 5] [1 2 5] [1 2 4 5 7] [1 2 3 5 7 8] [1 2 5 7 13 52] [1 2 3 5 7 8 10] [1 2 5 7] [1 2 3 4 5 8] [1 2 3 4 5 7 8 10 13 19] [1 2 3] [1 2 3 4 5 7 8 10 17] [1 2 3 5 8] [1 2 3 4 5 7 13 52] [1 2 3 4 5 7 8 10 13 17] [1 2 3 4 5 10 13 52] [1 2 3 4 5 7 9 10 13 52] [1 2 3 4 5 6 7 8 10] [1 2] [1 2 3 4 5 7 8 9 10 13 52] [1 2 3 4 5 7 10 13 17 52] [1 2 3 5 7] [1 2 5 10 13] [1 2 3 4 5 6 7 8 9 10 13 17 24] [1 2 3 5 7 9] [1 2 3 4 5 8 10 13] [1 5] [1 2 3 4 5 7 10 13] [1] [1 2 10] [1 2 3 5 7 8 10 11] [1 2 3 4 5 6 7 8 10 11 17] [1 2 4 5 7 9] [1 2 3 4 5 7 8 9 13] [1 2 3 5 7 10 13] [1 2 3 4 5 6 7 8 13 52] [1 2 3 4 5 7 8 13 17 52 58] [1 2 3 4 5 7 8 10 13 52] [1 2 4 5 6 7 8 11 13] [1 2 3 4 5 7 9 13] [1 2 3 4 5 6 7] [1 2 3 4 5 6 7 8 9] [1 2 4 5 7 8 10 13] [1 2 3 4 5 7 9] [1 2 3 4 5 7 8 9 10 13 17] [1 2 4 5 7 8 9 10 13 17 43] [1 2 3 4 5 10 13] [1 2 3 4 5 8 13 52 58] [1 2 3 4 5 6 8 13] [1 2 4 5 6 8 11] [1 2 3 4 5 7 8 10 13] [1 2 3 5 8 10 13 19 52] [1 2 3 5 7 10] [1 2 3 4 5 7 8 13] [1 2 4 5 7 13] [1 2 3 5 8 10 13] [1 2 3 5 7 8 10 19] [1 2 4 5 8] [1 2 3 5 10] [1 2 4 5 7 13 52] [1 2 3 5 7 8 10 13] [1 2 3 4 5 10] [1 2 3 4 5 7 8 13 17] [1 2 3 13] [1 2 3 4 5 7 10 13 17] [1 2 5 7 10] [1 2 3 4 5 8 10 13 19 52 58] [1 2 3 4 5 8 10 13 17] [1 2 3 4 5 13 52] [1 2 3 4 5 6 8 11 13 52 58] [1 2 3 5 10 13] [1 5 27] [1 2 4 5 6 7 8 9 10 13] [1 2 3 4 5 7 17] [1 2 3 4] [1 2 7 13] [1 2 4 5 6 8] [1 2 3 4 5 7 8 10 13 17 52] [1 2 3 4 5 13 52 58] [1 2 4 5 7 9 10] [1 2 3 4 5 7 8 13 52] [1 2 3 5 7 10 13 52] [1 2 3 5 7 13] [1 2 3 4 5 7 10 17 43 58] [1 2 3 4 5 6] [1 13] [1 2 5 7 10 13 17 52] [1 2 3 5 13 52] [1 2 3 4 5 7 8 10 13 17 19] [1 2 3 4 5 7 8 9 10 11] [1 2 3 4 5 7 8 17] [1 2 3 4 5 6 7 8 9 13 52 58] [] [] [] [] [] [] [] [] [] [] [] [] [] [] [] [] [] [] [] [] [] [] [] [] [] [] [] [] [] [] [] [] [] [] [] [] [] [] [] [] [] [] [] [] [] [] [] [] [] [] [] [] [] [] [] [] [] [] [] [] [] [] [] [] [] [] [] [] [] [] [] [] [] [] [] [] [] [] [] [] [] [] [] [] [] [] [] [] [] []
109 [] [1 2 4 5 10] [1 2 3 4 5 7 10] [1 2 4 5] [1 2 13 52] [1 2 3 4 5 8 10 19] [1 2 4 8 13] [1 2 3 4 5 7 8 10 13 17 24] [1 2 4 5 13] [1 2 3 4 5 7 8 10] [1 2 3 4 5 8 13 17] [1 2 3 5] [1 2 3 4 5 13] [1 2 3 5 13] [1 2 3 5 7 8 13] [1 2 3 4 5 8 10] [1 2 3 4 5 7] [1 2 3 4 5 7 8] [1 2 3 4 5 7 10 17] [1 2 3 4 5] [1 2 3 4 5 7 13] [1 2 5] [1 2 4 5 7] [1 2 3 5 7 8] [1 2 5 7 13 52] [1 2 3 5 7 8 10] [1 2 5 7] [1 2 3 4 5 8] [1 2 3 4 5 7 8 10 13 19] [1 2 3] [1 2 3 4 5 7 8 10 17] [1 2 3 5 8] [1 2 3 4 5 7 13 52] [1 2 3 4 5 7 8 10 13 17] [1 2 3 4 5 10 13 52] [1 2 3 4 5 7 9 10 13 52] [1 2 3 4 5 6 7 8 10] [1 2] [1 2 3 4 5 7 8 9 10 13 52] [1 2 3 4 5 7 10 13 17 52] [1 2 3 5 7] [1 2 5 10 13] [1 2 3 4 5 6 7 8 9 10 13 17 24] [1 2 3 5 7 9] [1 2 3 4 5 8 10 13] [1 5] [1 2 3 4 5 7 10 13] [1] [1 2 10] [1 2 3 5 7 8 10 11] [1 2 3 4 5 6 7 8 10 11 17] [1 2 4 5 7 9] [1 2 3 4 5 7 8 9 13] [1 2 3 5 7 10 13] [1 2 3 4 5 6 7 8 13 52] [1 2 3 4 5 7 8 13 17 52 58] [1 2 3 4 5 7 8 10 13 52] [1 2 4 5 6 7 8 11 13] [1 2 3 4 5 7 9 13] [1 2 3 4 5 6 7] [1 2 3 4 5 6 7 8 9] [1 2 4 5 7 8 10 13] [1 2 3 4 5 7 9] [1 2 3 4 5 7 8 9 10 13 17] [1 2 4 5 7 8 9 10 13 17 43] [1 2 3 4 5 10 13] [1 2 3 4 5 8 13 52 58] [1 2 3 4 5 6 8 13] [1 2 4 5 6 8 11] [1 2 3 4 5 7 8 10 13] [1 2 3 5 8 10 13 19 52] [1 2 3 5 7 10] [1 2 3 4 5 7 8 13] [1 2 4 5 7 13] [1 2 3 5 8 10 13] [1 2 3 5 7 8 10 19] [1 2 4 5 8] [1 2 3 5 10] [1 2 4 5 7 13 52] [1 2 3 5 7 8 10 13] [1 2 3 4 5 10] [1 2 3 4 5 7 8 13 17] [1 2 3 13] [1 2 3 4 5 7 10 13 17] [1 2 5 7 10] [1 2 3 4 5 8 10 13 19 52 58] [1 2 3 4 5 8 10 13 17] [1 2 3 4 5 13 52] [1 2 3 4 5 6 8 11 13 52 58] [1 2 3 5 10 13] [1 5 27] [1 2 4 5 6 7 8 9 10 13] [1 2 3 4 5 7 17] [1 2 3 4] [1 2 7 13] [1 2 4 5 6 8] [1 2 3 4 5 7 8 10 13 17 52] [1 2 3 4 5 13 52 58] [1 2 4 5 7 9 10] [1 2 3 4 5 7 8 13 52] [1 2 3 5 7 10 13 52] [1 2 3 5 7 13] [1 2 3 4 5 7 10 17 43 58] [1 2 3 4 5 6] [1 13] [1 2 5 7 10 13 17 52] [1 2 3 5 13 52] [1 2 3 4 5 7 8 10 13 17 19] [1 2 3 4 5 7 8 9 10 11] [1 2 3 4 5 7 8 17] [1 2 3 4 5 6 7 8 9 13 52 58] [] [] [] [] [] [] [] [] [] [] [] [] [] [] [] [] [] [] [] [] [] [] [] [] [] [] [] [] [] [] [] [] [] [] [] [] [] [] [] [] [] [] [] [] [] [] [] [] [] [] [] [] [] [] [] [] [] [] [] [] [] [] [] [] [] [] [] [] [] [] [] [] [] [] [] [] [] [] [] [] [] [] [] [] [] [] [] [] [] []
110 [] [1 2 4 5] [1 2 13 52] [1 2 3 4 5 8 10 19] [1 2 4 8 13] [1 2 3 4 5 7 8 10 13 17 24] [1 2 4 5 13] [1 2 3 4 5 7 8 10] [1 2 3 4 5 8 13 17] [1 2 3 5] [1 2 3 4 5 13] [1 2 3 5 13] [1 2 3 5 7 8 13] [1 2 3 4 5 8 10] [1 2 3 4 5 7] [1 2 3 4 5 7 8] [1 2 3 4 5 7 10 17] [1 2 3 4 5] [1 2 3 4 5 7 13] [1 2 5] [1 2 4 5 7] [1 2 3 5 7 8] [1 2 5 7 13 52] [1 2 3 5 7 8 10] [1 2 5 7] [1 2 3 4 5 8] [1 2 3 4 5 7 8 10 13 19] [1 2 3] [1 2 3 4 5 7 8 10 17] [1 2 3 5 8] [1 2 3 4 5 7 13 52] [1 2 3 4 5 7 8 10 13 17] [1 2 3 4 5 10 13 52] [1 2 3 4 5 7 10] [1 2 3 4 5 7 9 10 13 52] [1 2 3 4 5 6 7 8 10] [1 2] [1 2 3 4 5 7 8 9 10 13 52] [1 2 3 4 5 7 10 13 17 52] [1 2 3 5 7] [1 2 5 10 13] [1 2 3 4 5 6 7 8 9 10 13 17 24] [1 2 3 5 7 9] [1 2 3 4 5 8 10 13] [1 5] [1 2 3 4 5 7 10 13] [1] [1 2 10] [1 2 3 5 7 8 10 11] [1 2 3 4 5 6 7 8 10 11 17] [1 2 4 5 7 9] [1 2 3 4 5 7 8 9 13] [1 2 3 5 7 10 13] [1 2 3 4 5 6 7 8 13 52] [1 2 3 4 5 7 8 13 17 52 58] [1 2 3 4 5 7 8 10 13 52] [1 2 4 5 6 7 8 11 13] [1 2 3 4 5 7 9 13] [1 2 3 4 5 6 7] [1 2 3 4 5 6 7 8 9] [1 2 4 5 7 8 10 13] [1 2 3 4 5 7 9] [1 2 3 4 5 7 8 9 10 13 17] [1 2 4 5 7 8 9 10 13 17 43] [1 2 3 4 5 10 13] [1 2 3 4 5 8 13 52 58] [1 2 3 4 5 6 8 13] [1 2 4 5 6 8 11] [1 2 3 4 5 7 8 10 13] [1 2 3 5 8 10 13 19 52] [1 2 3 5 7 10] [1 2 3 4 5 7 8 13] [1 2 4 5 7 13] [1 2 3 5 8 10 13] [1 2 3 5 7 8 10 19] [1 2 4 5 8] [1 2 3 5 10] [1 2 4 5 7 13 52] [1 2 3 5 7 8 10 13] [1 2 3 4 5 10] [1 2 3 4 5 7 8 13 17] [1 2 3 13] [1 2 3 4 5 7 10 13 17] [1 2 5 7 10] [1 2 3 4 5 8 10 13 19 52 58] [1 2 3 4 5 8 10 13 17] [1 2 3 4 5 13 52] [1 2 3 4 5 6 8 11 13 52 58] [1 2 3 5 10 13] [1 5 27] [1 2 4 5 6 7 8 9 10 13] [1 2 3 4 5 7 17] [1 2 3 4] [1 2 7 13] [1 2 4 5 6 8] [1 2 3 4 5 7 8 10 13 17 52] [1 2 3 4 5 13 52 58] [1 2 4 5 7 9 10] [1 2 3 4 5 7 8 13 52] [1 2 3 5 7 10 13 52] [1 2 3 5 7 13] [1 2 3 4 5 7 10 17 43 58] [1 2 3 4 5 6] [1 13] [1 2 5 7 10 13 17 52] [1 2 3 5 13 52] [1 2 3 4 5 7 8 10 13 17 19] [1 2 3 4 5 7 8 9 10 11] [1 2 3 4 5 7 8 17] [1 2 3 4 5 6 7 8 9 13 52 58] [] [] [] [] [] [] [] [] [] [] [] [] [] [] [] [] [] [] [] [] [] [] [] [] [] [] [] [] [] [] [] [] [] [] [] [] [] [] [] [] [] [] [] [] [] [] [] [] [] [] [] [] [] [] [] [] [] [] [] [] [] [] [] [] [] [] [] [] [] [] [] [] [] [] [] [] [] [] [] [] [] [] [] [] [] [] [] [] [] [] []
111 [] [1 2 3 4 5 8 10 19] [1 2 4 8 13] [1 2 3 4 5 7 8 10 13 17 24] [1 2 4 5 13] [1 2 3 4 5 7 8 10] [1 2 3 4 5 8 13 17] [1 2 3 5] [1 2 3 4 5 13] [1 2 3 5 13] [1 2 3 5 7 8 13] [1 2 3 4 5 8 10] [1 2 3 4 5 7] [1 2 3 4 5 7 8] [1 2 3 4 5 7 10 17] [1 2 3 4 5] [1 2 4 5] [1 2 3 4 5 7 13] [1 2 5] [1 2 4 5 7] [1 2 3 5 7 8] [1 2 5 7 13 52] [1 2 3 5 7 8 10] [1 2 5 7] [1 2 3 4 5 8] [1 2 3 4 5 7 8 10 13 19] [1 2 3] [1 2 3 4 5 7 8 10 17] [1 2 3 5 8] [1 2 3 4 5 7 13 52] [1 2 3 4 5 7 8 10 13 17] [1 2 3 4 5 10 13 52] [1 2 3 4 5 7 10] [1 2 3 4 5 7 9 10 13 52] [1 2 3 4 5 6 7 8 10] [1 2] [1 2 3 4 5 7 8 9 10 13 52] [1 2 3 4 5 7 10 13 17 52] [1 2 3 5 7] [1 2 5 10 13] [1 2 3 4 5 6 7 8 9 10 13 17 24] [1 2 3 5 7 9] [1 2 3 4 5 8 10 13] [1 5] [1 2 3 4 5 7 10 13] [1] [1 2 10] [1 2 3 5 7 8 10 11] [1 2 3 4 5 6 7 8 10 11 17] [1 2 4 5 7 9] [1 2 3 4 5 7 8 9 13] [1 2 3 5 7 10 13] [1 2 3 4 5 6 7 8 13 52] [1 2 3 4 5 7 8 13 17 52 58] [1 2 3 4 5 7 8 10 13 52] [1 2 4 5 6 7 8 11 13] [1 2 3 4 5 7 9 13] [1 2 3 4 5 6 7] [1 2 3 4 5 6 7 8 9] [1 2 4 5 7 8 10 13] [1 2 13 52] [1 2 3 4 5 7 9] [1 2 3 4 5 7 8 9 10 13 17] [1 2 4 5 7 8 9 10 13 17 43] [1 2 3 4 5 10 13] [1 2 3 4 5 8 13 52 58] [1 2 3 4 5 6 8 13] [1 2 4 5 6 8 11] [1 2 3 4 5 7 8 10 13] [1 2 3 5 8 10 13 19 52] [1 2 3 5 7 10] [1 2 3 4 5 7 8 13] [1 2 4 5 7 13] [1 2 3 5 8 10 13] [1 2 3 5 7 8 10 19] [1 2 4 5 8] [1 2 3 5 10] [1 2 4 5 7 13 52] [1 2 3 5 7 8 10 13] [1 2 3 4 5 10] [1 2 3 4 5 7 8 13 17] [1 2 3 13] [1 2 3 4 5 7 10 13 17] [1 2 5 7 10] [1 2 3 4 5 8 10 13 19 52 58] [1 2 3 4 5 8 10 13 17] [1 2 3 4 5 13 52] [1 2 3 4 5 6 8 11 13 52 58] [1 2 3 5 10 13] [1 5 27] [1 2 4 5 6 7 8 9 10 13] [1 2 3 4 5 7 17] [1 2 3 4] [1 2 7 13] [1 2 4 5 6 8] [1 2 3 4 5 7 8 10 13 17 52] [1 2 3 4 5 13 52 58] [1 2 4 5 7 9 10] [1 2 3 4 5 7 8 13 52] [1 2 3 5 7 10 13 52] [1 2 3 5 7 13] [1 2 3 4 5 7 10 17 43 58] [1 2 3 4 5 6] [1 13] [1 2 5 7 10 13 17 52] [1 2 3 5 13 52] [1 2 3 4 5 7 8 10 13 17 19] [1 2 3 4 5 7 8 9 10 11] [1 2 3 4 5 7 8 17] [1 2 3 4 5 6 7 8 9 13 52 58] [] [] [] [] [] [] [] [] [] [] [] [] [] [] [] [] [] [] [] [] [] [] [] [] [] [] [] [] [] [] [] [] [] [] [] [] [] [] [] [] [] [] [] [] [] [] [] [] [] [] [] [] [] [] [] [] [] [] [] [] [] [] [] [] [] [] [] [] [] [] [] [] [] [] [] [] [] [] [] [] [] [] [] [] [] [] [] [] [] [] []
112 [] [1 2 3 4 5 7 8 10 13 17 24] [1 2 5 13] [1 2 4 5 13] [1 2 3 4 5 7 8 10] [1 2 3 4 5 8 13 17] [1 2 3 5] [1 2 3 4 5 13] [1 2 3 5 13] [1 2 3 5 7 8 13] [1 2 3 4 5 8 10] [1 2 3 4 5 7] [1 2 3 4 5 7 8] [1 2 3 4 5 7 10 17] [1 2 3 4 5] [1 2 4 5] [1 2 3 4 5 8 10 19] [1 2 3 4 5 7 13] [1 2 5] [1 2 4 5 7] [1 2 3 5 7 8] [1 2 5 7 13 52] [1 2 3 5 7 8 10] [1 2 5 7] [1 2 3 4 5 8] [1 2 3 4 5 7 8 10 13 19] [1 2 3] [1 2 3 4 5 7 8 10 17] [1 2 3 5 8] [1 2 3 4 5 7 13 52] [1 2 3 4 5 7 8 10 13 17] [1 2 3 4 5 10 13 52] [1 2 3 4 5 7 10] [1 2 3 4 5 7 9 10 13 52] [1 2 3 4 5 6 7 8 10] [1 2] [1 2 3 4 5 7 8 9 10 13 52] [1 2 3 4 5 7 10 13 17 52] [1 2 3 5 7] [1 2 5 10 13] [1 2 3 4 5 6 7 8 9 10 13 17 24] [1 2 3 5 7 9] [1 2 3 4 5 8 10 13] [1 5] [1 2 3 4 5 7 10 13] [1] [1 2 10] [1 2 3 5 7 8 10 11] [1 2 3 4 5 6 7 8 10 11 17] [1 2 4 5 7 9] [1 2 3 4 5 7 8 9 13] [1 2 3 5 7 10 13] [1 2 3 4 5 6 7 8 13 52] [1 2 3 4 5 7 8 13 17 52 58] [1 2 3 4 5 7 8 10 13 52] [1 2 4 5 6 7 8 11 13] [1 2 3 4 5 7 9 13] [1 2 3 4 5 6 7] [1 2 3 4 5 6 7 8 9] [1 2 4 5 7 8 10 13] [1 2 13 52] [1 2 3 4 5 7 9] [1 2 3 4 5 7 8 9 10 13 17] [1 2 4 5 7 8 9 10 13 17 43] [1 2 3 4 5 10 13] [1 2 3 4 5 8 13 52 58] [1 2 3 4 5 6 8 13] [1 2 4 5 6 8 11] [1 2 3 4 5 7 8 10 13] [1 2 3 5 8 10 13 19 52] [1 2 3 5 7 10] [1 2 3 4 5 7 8 13] [1 2 4 5 7 13] [1 2 3 5 8 10 13] [1 2 3 5 7 8 10 19] [1 2 4 5 8] [1 2 3 5 10] [1 2 4 5 7 13 52] [1 2 3 5 7 8 10 13] [1 2 3 4 5 10] [1 2 3 4 5 7 8 13 17] [1 2 3 13] [1 2 3 4 5 7 10 13 17] [1 2 5 7 10] [1 2 3 4 5 8 10 13 19 52 58] [1 2 3 4 5 8 10 13 17] [1 2 3 4 5 13 52] [1 2 3 4 5 6 8 11 13 52 58] [1 2 3 5 10 13] [1 5 27] [1 2 4 5 6 7 8 9 10 13] [1 2 3 4 5 7 17] [1 2 3 4] [1 2 7 13] [1 2 4 5 6 8] [1 2 3 4 5 7 8 10 13 17 52] [1 2 3 4 5 13 52 58] [1 2 4 5 7 9 10] [1 2 3 4 5 7 8 13 52] [1 2 3 5 7 10 13 52] [1 2 3 5 7 13] [1 2 3 4 5 7 10 17 43 58] [1 2 3 4 5 6] [1 13] [1 2 5 7 10 13 17 52] [1 2 3 5 13 52] [1 2 3 4 5 7 8 10 13 17 19] [1 2 3 4 5 7 8 9 10 11] [1 2 3 4 5 7 8 17] [1 2 3 4 5 6 7 8 9 13 52 58] [] [] [] [] [] [] [] [] [] [] [] [] [] [] [] [] [] [] [] [] [] [] [] [] [] [] [] [] [] [] [] [] [] [] [] [] [] [] [] [] [] [] [] [] [] [] [] [] [] [] [] [] [] [] [] [] [] [] [] [] [] [] [] [] [] [] [] [] [] [] [] [] [] [] [] [] [] [] [] [] [] [] [] [] [] [] [] [] [] [] []
113 [] [1 2 4 5 13] [1 2 3 4 5 7 8 10] [1 2 3 4 5 8 13 17] [1 2 3 5] [1 2 3 4 5 13] [1 2 3 5 13] [1 2 3 5 7 8 13] [1 2 3 4 5 8 10] [1 2 3 4 5 7] [1 2 3 4 5 7 8] [1 2 3 4 5 7 10 17] [1 2 3 4 5] [1 2 4 5] [1 2 3 4 5 8 10 19] [1 2 3 4 5 7 13] [1 2 5] [1 2 4 5 7] [1 2 3 5 7 8] [1 2 5 7 13 52] [1 2 3 5 7 8 10] [1 2 5 7] [1 2 3 4 5 8] [1 2 3 4 5 7 8 10 13 19] [1 2 3] [1 2 3 4 5 7 8 10 17] [1 2 3 5 8] [1 2 3 4 5 7 13 52] [1 2 3 4 5 7 8 10 13 17] [1 2 3 4 5 10 13 52] [1 2 3 4 5 7 10] [1 2 3 4 5 7 9 10 13 52] [1 2 3 4 5 6 7 8 10] [1 2] [1 2 3 4 5 7 8 9 10 13 52] [1 2 3 4 5 7 10 13 17 52] [1 2 3 5 7] [1 2 5 10 13] [1 2 3 4 5 6 7 8 9 10 13 17 24] [1 2 3 5 7 9] [1 2 3 4 5 8 10 13] [1 5] [1 2 3 4 5 7 10 13] [1] [1 2 10] [1 2 3 5 7 8 10 11] [1 2 3 4 5 6 7 8 10 11 17] [1 2 4 5 7 9] [1 2 3 4 5 7 8 9 13] [1 2 3 5 7 10 13] [1 2 3 4 5 6 7 8 13 52] [1 2 3 4 5 7 8 13 17 52 58] [1 2 3 4 5 7 8 10 13 52] [1 2 4 5 6 7 8 11 13] [1 2 3 4 5 7 9 13] [1 2 3 4 5 6 7] [1 2 3 4 5 6 7 8 9] [1 2 4 5 7 8 10 13] [1 2 13 52] [1 2 3 4 5 7 9] [1 2 3 4 5 7 8 9 10 13 17] [1 2 4 5 7 8 9 10 13 17 43] [1 2 3 4 5 10 13] [1 2 3 4 5 8 13 52 58] [1 2 3 4 5 6 8 13] [1 2 4 5 6 8 11] [1 2 3 4 5 7 8 10 13] [1 2 3 5 8 10 13 19 52] [1 2 3 5 7 10] [1 2 3 4 5 7 8 13] [1 2 4 5 7 13] [1 2 3 5 8 10 13] [1 2 3 5 7 8 10 19] [1 2 4 5 8] [1 2 3 5 10] [1 2 4 5 7 13 52] [1 2 3 5 7 8 10 13] [1 2 3 4 5 10] [1 2 3 4 5 7 8 13 17] [1 2 3 13] [1 2 3 4 5 7 8 10 13 17 24] [1 2 3 4 5 7 10 13 17] [1 2 5 7 10] [1 2 3 4 5 8 10 13 19 52 58] [1 2 3 4 5 8 10 13 17] [1 2 3 4 5 13 52] [1 2 3 4 5 6 8 11 13 52 58] [1 2 3 5 10 13] [1 5 27] [1 2 4 5 6 7 8 9 10 13] [1 2 3 4 5 7 17] [1 2 3 4] [1 2 7 13] [1 2 4 5 6 8] [1 2 3 4 5 7 8 10 13 17 52] [1 2 3 4 5 13 52 58] [1 2 4 5 7 9 10] [1 2 3 4 5 7 8 13 52] [1 2 3 5 7 10 13 52] [1 2 3 5 7 13] [1 2 3 4 5 7 10 17 43 58] [1 2 3 4 5 6] [1 13] [1 2 5 7 10 13 17 52] [1 2 3 5 13 52] [1 2 3 4 5 7 8 10 13 17 19] [1 2 3 4 5 7 8 9 10 11] [1 2 3 4 5 7 8 17] [1 2 3 4 5 6 7 8 9 13 52 58] [] [] [] [] [] [] [] [] [] [] [] [] [] [] [] [] [] [] [] [] [] [] [] [] [] [] [] [] [] [] [] [] [] [] [] [] [] [] [] [] [] [] [] [] [] [] [] [] [] [] [] [] [] [] [] [] [] [] [] [] [] [] [] [] [] [] [] [] [] [] [] [] [] [] [] [] [] [] [] [] [] [] [] [] [] [] [] [] [] [] [] []
114 [] [1 2 3 4 5 8 13 17] [1 2 3 5] [1 2 3 4 5 13] [1 2 3 5 13] [1 2 3 5 7 8 13] [1 2 3 4 5 8 10] [1 2 3 4 5 7] [1 2 3 4 5 7 8 10] [1 2 3 4 5 7 8] [1 2 3 4 5 7 10 17] [1 2 3 4 5] [1 2 4 5] [1 2 3 4 5 8 10 19] [1 2 3 4 5 7 13] [1 2 5] [1 2 4 5 7] [1 2 3 5 7 8] [1 2 4 5 13] [1 2 5 7 13 52] [1 2 3 5 7 8 10] [1 2 5 7] [1 2 3 4 5 8] [1 2 3 4 5 7 8 10 13 19] [1 2 3] [1 2 3 4 5 7 8 10 17] [1 2 3 5 8] [1 2 3 4 5 7 13 52] [1 2 3 4 5 7 8 10 13 17] [1 2 3 4 5 10 13 52] [1 2 3 4 5 7 10] [1 2 3 4 5 7 9 10 13 52] [1 2 3 4 5 6 7 8 10] [1 2] [1 2 3 4 5 7 8 9 10 13 52] [1 2 3 4 5 7 10 13 17 52] [1 2 3 5 7] [1 2 5 10 13] [1 2 3 4 5 6 7 8 9 10 13 17 24] [1 2 3 5 7 9] [1 2 3 4 5 8 10 13] [1 5] [1 2 3 4 5 7 10 13] [1] [1 2 10] [1 2 3 5 7 8 10 11] [1 2 3 4 5 6 7 8 10 11 17] [1 2 4 5 7 9] [1 2 3 4 5 7 8 9 13] [1 2 3 5 7 10 13] [1 2 3 4 5 6 7 8 13 52] [1 2 3 4 5 7 8 13 17 52 58] [1 2 3 4 5 7 8 10 13 52] [1 2 4 5 6 7 8 11 13] [1 2 3 4 5 7 9 13] [1 2 3 4 5 6 7] [1 2 3 4 5 6 7 8 9] [1 2 4 5 7 8 10 13] [1 2 13 52] [1 2 3 4 5 7 9] [1 2 3 4 5 7 8 9 10 13 17] [1 2 4 5 7 8 9 10 13 17 43] [1 2 3 4 5 10 13] [1 2 3 4 5 8 13 52 58] [1 2 3 4 5 6 8 13] [1 2 4 5 6 8 11] [1 2 3 4 5 7 8 10 13] [1 2 3 5 8 10 13 19 52] [1 2 3 5 7 10] [1 2 3 4 5 7 8 13] [1 2 4 5 7 13] [1 2 3 5 8 10 13] [1 2 3 5 7 8 10 19] [1 2 4 5 8] [1 2 3 5 10] [1 2 4 5 7 13 52] [1 2 3 5 7 8 10 13] [1 2 3 4 5 10] [1 2 3 4 5 7 8 13 17] [1 2 3 13] [1 2 3 4 5 7 8 10 13 17 24] [1 2 3 4 5 7 10 13 17] [1 2 5 7 10] [1 2 3 4 5 8 10 13 19 52 58] [1 2 3 4 5 8 10 13 17] [1 2 3 4 5 13 52] [1 2 3 4 5 6 8 11 13 52 58] [1 2 3 5 10 13] [1 5 27] [1 2 4 5 6 7 8 9 10 13] [1 2 3 4 5 7 17] [1 2 3 4] [1 2 7 13] [1 2 4 5 6 8] [1 2 3 4 5 7 8 10 13 17 52] [1 2 3 4 5 13 52 58] [1 2 4 5 7 9 10] [1 2 3 4 5 7 8 13 52] [1 2 3 5 7 10 13 52] [1 2 3 5 7 13] [1 2 3 4 5 7 10 17 43 58] [1 2 3 4 5 6] [1 13] [1 2 5 7 10 13 17 52] [1 2 3 5 13 52] [1 2 3 4 5 7 8 10 13 17 19] [1 2 3 4 5 7 8 9 10 11] [1 2 3 4 5 7 8 17] [1 2 3 4 5 6 7 8 9 13 52 58] [] [] [] [] [] [] [] [] [] [] [] [] [] [] [] [] [] [] [] [] [] [] [] [] [] [] [] [] [] [] [] [] [] [] [] [] [] [] [] [] [] [] [] [] [] [] [] [] [] [] [] [] [] [] [] [] [] [] [] [] [] [] [] [] [] [] [] [] [] [] [] [] [] [] [] [] [] [] [] [] [] [] [] [] [] [] [] [] [] [] [] []
115 [] [1 2 3 4 5 13] [1 2 3 5 13] [1 2 3 5 7 8 13] [1 2 3 4 5 8 10] [1 2 3 4 5 7] [1 2 3 4 5 7 8 10] [1 2 3 4 5 7 8] [1 2 3 4 5 7 10 17] [1 2 3 4 5] [1 2 4 5] [1 2 3 4 5 8 10 19] [1 2 3 4 5 7 13] [1 2 5] [1 2 4 5 7] [1 2 3 5 7 8] [1 2 4 5 13] [1 2 5 7 13 52] [1 2 3 5 7 8 10] [1 2 5 7] [1 2 3 4 5 8] [1 2 3 4 5 7 8 10 13 19] [1 2 3] [1 2 3 4 5 7 8 10 17] [1 2 3 5 8] [1 2 3 4 5 7 13 52] [1 2 3 4 5 7 8 10 13 17] [1 2 3 4 5 10 13 52] [1 2 3 4 5 7 10] [1 2 3 4 5 7 9 10 13 52] [1 2 3 4 5 6 7 8 10] [1 2] [1 2 3 4 5 7 8 9 10 13 52] [1 2 3 4 5 7 10 13 17 52] [1 2 3 5 7] [1 2 5 10 13] [1 2 3 4 5 6 7 8 9 10 13 17 24] [1 2 3 5 7 9] [1 2 3 4 5 8 10 13] [1 5] [1 2 3 4 5 7 10 13] [1] [1 2 10] [1 2 3 5 7 8 10 11] [1 2 3 4 5 6 7 8 10 11 17] [1 2 4 5 7 9] [1 2 3 4 5 7 8 9 13] [1 2 3 5 7 10 13] [1 2 3 4 5 6 7 8 13 52] [1 2 3 4 5 7 8 13 17 52 58] [1 2 3 4 5 7 8 10 13 52] [1 2 4 5 6 7 8 11 13] [1 2 3 4 5 7 9 13] [1 2 3 4 5 6 7] [1 2 3 4 5 6 7 8 9] [1 2 4 5 7 8 10 13] [1 2 13 52] [1 2 3 4 5 7 9] [1 2 3 4 5 7 8 9 10 13 17] [1 2 4 5 7 8 9 10 13 17 43] [1 2 3 4 5 10 13] [1 2 3 4 5 8 13 52 58] [1 2 3 5] [1 2 3 4 5 6 8 13] [1 2 4 5 6 8 11] [1 2 3 4 5 7 8 10 13] [1 2 3 5 8 10 13 19 52] [1 2 3 5 7 10] [1 2 3 4 5 7 8 13] [1 2 4 5 7 13] [1 2 3 5 8 10 13] [1 2 3 5 7 8 10 19] [1 2 4 5 8] [1 2 3 5 10] [1 2 3 4 5 8 13 17] [1 2 4 5 7 13 52] [1 2 3 5 7 8 10 13] [1 2 3 4 5 10] [1 2 3 4 5 7 8 13 17] [1 2 3 13] [1 2 3 4 5 7 8 10 13 17 24] [1 2 3 4 5 7 10 13 17] [1 2 5 7 10] [1 2 3 4 5 8 10 13 19 52 58] [1 2 3 4 5 8 10 13 17] [1 2 3 4 5 13 52] [1 2 3 4 5 6 8 11 13 52 58] [1 2 3 5 10 13] [1 5 27] [1 2 4 5 6 7 8 9 10 13] [1 2 3 4 5 7 17] [1 2 3 4] [1 2 7 13] [1 2 4 5 6 8] [1 2 3 4 5 7 8 10 13 17 52] [1 2 3 4 5 13 52 58] [1 2 4 5 7 9 10] [1 2 3 4 5 7 8 13 52] [1 2 3 5 7 10 13 52] [1 2 3 5 7 13] [1 2 3 4 5 7 10 17 43 58] [1 2 3 4 5 6] [1 13] [1 2 5 7 10 13 17 52] [1 2 3 5 13 52] [1 2 3 4 5 7 8 10 13 17 19] [1 2 3 4 5 7 8 9 10 11] [1 2 3 4 5 7 8 17] [1 2 3 4 5 6 7 8 9 13 52 58] [] [] [] [] [] [] [] [] [] [] [] [] [] [] [] [] [] [] [] [] [] [] [] [] [] [] [] [] [] [] [] [] [] [] [] [] [] [] [] [] [] [] [] [] [] [] [] [] [] [] [] [] [] [] [] [] [] [] [] [] [] [] [] [] [] [] [] [] [] [] [] [] [] [] [] [] [] [] [] [] [] [] [] [] [] [] [] [] [] [] [] []
116 [] [1 2 3 5 7 8 13] [1 2 3 4 5 8 10] [1 2 3 4 5 7] [1 2 3 4 5 7 8 10] [1 2 3 4 5 7 8] [1 2 3 4 5 7 10 17] [1 2 3 4 5] [1 2 4 5] [1 2 3 4 5 8 10 19] [1 2 3 4 5 7 13] [1 2 5] [1 2 4 5 7] [1 2 3 5 7 8] [1 2 4 5 13] [1 2 5 7 13 52] [1 2 3 5 7 8 10] [1 2 5 7] [1 2 3 4 5 8] [1 2 3 4 5 7 8 10 13 19] [1 2 3] [1 2 3 4 5 7 8 10 17] [1 2 3 5 8] [1 2 3 4 5 7 13 52] [1 2 3 4 5 7 8 10 13 17] [1 2 3 4 5 13] [1 2 3 4 5 10 13 52] [1 2 3 4 5 7 10] [1 2 3 4 5 7 9 10 13 52] [1 2 3 4 5 6 7 8 10] [1 2] [1 2 3 4 5 7 8 9 10 13 52] [1 2 3 4 5 7 10 13 17 52] [1 2 3 5 7] [1 2 5 10 13] [1 2 3 4 5 6 7 8 9 10 13 17 24] [1 2 3 5 7 9] [1 2 3 4 5 8 10 13] [1 5] [1 2 3 4 5 7 10 13] [1] [1 2 10] [1 2 3 5 7 8 10 11] [1 2 3 4 5 6 7 8 10 11 17] [1 2 4 5 7 9] [1 2 3 4 5 7 8 9 13] [1 2 3 5 7 10 13] [1 2 3 4 5 6 7 8 13 52] [1 2 3 4 5 7 8 13 17 52 58] [1 2 3 4 5 7 8 10 13 52] [1 2 4 5 6 7 8 11 13] [1 2 3 4 5 7 9 13] [1 2 3 4 5 6 7] [1 2 3 4 5 6 7 8 9] [1 2 4 5 7 8 10 13] [1 2 13 52] [1 2 3 4 5 7 9] [1 2 3 4 5 7 8 9 10 13 17] [1 2 4 5 7 8 9 10 13 17 43] [1 2 3 4 5 10 13] [1 2 3 4 5 8 13 52 58] [1 2 3 5] [1 2 3 4 5 6 8 13] [1 2 4 5 6 8 11] [1 2 3 4 5 7 8 10 13] [1 2 3 5 8 10 13 19 52] [1 2 3 5 7 10] [1 2 3 4 5 7 8 13] [1 2 4 5 7 13] [1 2 3 5 8 10 13] [1 2 3 5 7 8 10 19] [1 2 4 5 8] [1 2 3 5 10] [1 2 3 4 5 8 13 17] [1 2 3 5 13] [1 2 4 5 7 13 52] [1 2 3 5 7 8 10 13] [1 2 3 4 5 10] [1 2 3 4 5 7 8 13 17] [1 2 3 13] [1 2 3 4 5 7 8 10 13 17 24] [1 2 3 4 5 7 10 13 17] [1 2 5 7 10] [1 2 3 4 5 8 10 13 19 52 58] [1 2 3 4 5 8 10 13 17] [1 2 3 4 5 13 52] [1 2 3 4 5 6 8 11 13 52 58] [1 2 3 5 10 13] [1 5 27] [1 2 4 5 6 7 8 9 10 13] [1 2 3 4 5 7 17] [1 2 3 4] [1 2 7 13] [1 2 4 5 6 8] [1 2 3 4 5 7 8 10 13 17 52] [1 2 3 4 5 13 52 58] [1 2 4 5 7 9 10] [1 2 3 4 5 7 8 13 52] [1 2 3 5 7 10 13 52] [1 2 3 5 7 13] [1 2 3 4 5 7 10 17 43 58] [1 2 3 4 5 6] [1 13] [1 2 5 7 10 13 17 52] [1 2 3 5 13 52] [1 2 3 4 5 7 8 10 13 17 19] [1 2 3 4 5 7 8 9 10 11] [1 2 3 4 5 7 8 17] [1 2 3 4 5 6 7 8 9 13 52 58] [] [] [] [] [] [] [] [] [] [] [] [] [] [] [] [] [] [] [] [] [] [] [] [] [] [] [] [] [] [] [] [] [] [] [] [] [] [] [] [] [] [] [] [] [] [] [] [] [] [] [] [] [] [] [] [] [] [] [] [] [] [] [] [] [] [] [] [] [] [] [] [] [] [] [] [] [] [] [] [] [] [] [] [] [] [] [] [] [] [] [] []
117 [] [1 2 3 4 5 7] [1 2 3 4 5 8 13] [1 2 3 4 5 7 8 10] [1 2 3 4 5 7 8] [1 2 3 4 5 7 10 17] [1 2 3 4 5] [1 2 4 5] [1 2 3 4 5 8 10 19] [1 2 3 4 5 7 13] [1 2 5] [1 2 4 5 7] [1 2 3 5 7 8] [1 2 4 5 13] [1 2 5 7 13 52] [1 2 3 5 7 8 10] [1 2 5 7] [1 2 3 4 5 8] [1 2 3 4 5 7 8 10 13 19] [1 2 3] [1 2 3 4 5 7 8 10 17] [1 2 3 5 8] [1 2 3 4 5 7 13 52] [1 2 3 4 5 7 8 10 13 17] [1 2 3 4 5 13] [1 2 3 4 5 10 13 52] [1 2 3 4 5 7 10] [1 2 3 4 5 7 9 10 13 52] [1 2 3 4 5 6 7 8 10] [1 2] [1 2 3 4 5 7 8 9 10 13 52] [1 2 3 4 5 7 10 13 17 52] [1 2 3 5 7] [1 2 5 10 13] [1 2 3 4 5 6 7 8 9 10 13 17 24] [1 2 3 5 7 9] [1 2 3 4 5 8 10 13] [1 5] [1 2 3 4 5 7 10 13] [1] [1 2 10] [1 2 3 5 7 8 10 11] [1 2 3 4 5 6 7 8 10 11 17] [1 2 4 5 7 9] [1 2 3 4 5 7 8 9 13] [1 2 3 5 7 10 13] [1 2 3 4 5 6 7 8 13 52] [1 2 3 4 5 7 8 13 17 52 58] [1 2 3 4 5 7 8 10 13 52] [1 2 4 5 6 7 8 11 13] [1 2 3 4 5 7 9 13] [1 2 3 4 5 6 7] [1 2 3 4 5 6 7 8 9] [1 2 4 5 7 8 10 13] [1 2 13 52] [1 2 3 4 5 7 9] [1 2 3 4 5 7 8 9 10 13 17] [1 2 4 5 7 8 9 10 13 17 43] [1 2 3 4 5 10 13] [1 2 3 4 5 8 13 52 58] [1 2 3 5] [1 2 3 4 5 6 8 13] [1 2 4 5 6 8 11] [1 2 3 4 5 7 8 10 13] [1 2 3 5 8 10 13 19 52] [1 2 3 5 7 10] [1 2 3 4 5 7 8 13] [1 2 4 5 7 13] [1 2 3 5 8 10 13] [1 2 3 5 7 8 10 19] [1 2 4 5 8] [1 2 3 5 10] [1 2 3 4 5 8 13 17] [1 2 3 5 13] [1 2 4 5 7 13 52] [1 2 3 5 7 8 10 13] [1 2 3 4 5 10] [1 2 3 4 5 7 8 13 17] [1 2 3 13] [1 2 3 4 5 7 8 10 13 17 24] [1 2 3 4 5 7 10 13 17] [1 2 5 7 10] [1 2 3 4 5 8 10 13 19 52 58] [1 2 3 4 5 8 10 13 17] [1 2 3 4 5 13 52] [1 2 3 4 5 8 10] [1 2 3 4 5 6 8 11 13 52 58] [1 2 3 5 10 13] [1 5 27] [1 2 4 5 6 7 8 9 10 13] [1 2 3 4 5 7 17] [1 2 3 4] [1 2 7 13] [1 2 4 5 6 8] [1 2 3 4 5 7 8 10 13 17 52] [1 2 3 4 5 13 52 58] [1 2 4 5 7 9 10] [1 2 3 4 5 7 8 13 52] [1 2 3 5 7 10 13 52] [1 2 3 5 7 13] [1 2 3 4 5 7 10 17 43 58] [1 2 3 4 5 6] [1 13] [1 2 5 7 10 13 17 52] [1 2 3 5 13 52] [1 2 3 4 5 7 8 10 13 17 19] [1 2 3 4 5 7 8 9 10 11] [1 2 3 4 5 7 8 17] [1 2 3 4 5 6 7 8 9 13 52 58] [] [] [] [] [] [] [] [] [] [] [] [] [] [] [] [] [] [] [] [] [] [] [] [] [] [] [] [] [] [] [] [] [] [] [] [] [] [] [] [] [] [] [] [] [] [] [] [] [] [] [] [] [] [] [] [] [] [] [] [] [] [] [] [] [] [] [] [] [] [] [] [] [] [] [] [] [] [] [] [] [] [] [] [] [] [] [] [] [] [] [] []
118 [] [1 2 3 4 5 7 8 10] [1 2 3 4 5 7 8] [1 2 3 4 5 7 10] [1 2 3 4 5 7 10 17] [1 2 3 4 5] [1 2 4 5] [1 2 3 4 5 8 10 19] [1 2 3 4 5 7 13] [1 2 5] [1 2 4 5 7] [1 2 3 5 7 8] [1 2 4 5 13] [1 2 5 7 13 52] [1 2 3 5 7 8 10] [1 2 5 7] [1 2 3 4 5 7] [1 2 3 4 5 8] [1 2 3 4 5 7 8 10 13 19] [1 2 3] [1 2 3 4 5 7 8 10 17] [1 2 3 5 8] [1 2 3 4 5 7 13 52] [1 2 3 4 5 7 8 10 13 17] [1 2 3 4 5 13] [1 2 3 4 5 10 13 52] [1 2 3 4 5 7 9 10 13 52] [1 2 3 4 5 6 7 8 10] [1 2] [1 2 3 4 5 7 8 9 10 13 52] [1 2 3 4 5 7 10 13 17 52] [1 2 3 5 7] [1 2 5 10 13] [1 2 3 4 5 6 7 8 9 10 13 17 24] [1 2 3 5 7 9] [1 2 3 4 5 8 10 13] [1 5] [1 2 3 4 5 7 10 13] [1] [1 2 10] [1 2 3 5 7 8 10 11] [1 2 3 4 5 6 7 8 10 11 17] [1 2 4 5 7 9] [1 2 3 4 5 7 8 9 13] [1 2 3 5 7 10 13] [1 2 3 4 5 6 7 8 13 52] [1 2 3 4 5 7 8 13 17 52 58] [1 2 3 4 5 7 8 10 13 52] [1 2 4 5 6 7 8 11 13] [1 2 3 4 5 7 9 13] [1 2 3 4 5 6 7] [1 2 3 4 5 6 7 8 9] [1 2 4 5 7 8 10 13] [1 2 13 52] [1 2 3 4 5 7 9] [1 2 3 4 5 7 8 9 10 13 17] [1 2 4 5 7 8 9 10 13 17 43] [1 2 3 4 5 10 13] [1 2 3 4 5 8 13 52 58] [1 2 3 5] [1 2 3 4 5 6 8 13] [1 2 4 5 6 8 11] [1 2 3 4 5 7 8 10 13] [1 2 3 5 8 10 13 19 52] [1 2 3 5 7 10] [1 2 3 4 5 7 8 13] [1 2 4 5 7 13] [1 2 3 5 8 10 13] [1 2 3 5 7 8 10 19] [1 2 4 5 8] [1 2 3 5 10] [1 2 3 4 5 8 13 17] [1 2 3 5 13] [1 2 4 5 7 13 52] [1 2 3 5 7 8 10 13] [1 2 3 4 5 10] [1 2 3 4 5 7 8 13 17] [1 2 3 13] [1 2 3 4 5 7 8 10 13 17 24] [1 2 3 4 5 7 10 13 17] [1 2 5 7 10] [1 2 3 4 5 8 10 13 19 52 58] [1 2 3 4 5 8 10 13 17] [1 2 3 4 5 13 52] [1 2 3 4 5 8 10] [1 2 3 4 5 6 8 11 13 52 58] [1 2 3 5 10 13] [1 5 27] [1 2 4 5 6 7 8 9 10 13] [1 2 3 4 5 7 17] [1 2 3 4] [1 2 7 13] [1 2 4 5 6 8] [1 2 3 4 5 7 8 10 13 17 52] [1 2 3 4 5 13 52 58] [1 2 4 5 7 9 10] [1 2 3 4 5 7 8 13 52] [1 2 3 5 7 10 13 52] [1 2 3 5 7 13] [1 2 3 4 5 7 10 17 43 58] [1 2 3 4 5 6] [1 13] [1 2 5 7 10 13 17 52] [1 2 3 5 13 52] [1 2 3 4 5 7 8 10 13 17 19] [1 2 3 4 5 7 8 9 10 11] [1 2 3 4 5 7 8 17] [1 2 3 4 5 6 7 8 9 13 52 58] [] [] [] [] [] [] [] [] [] [] [] [] [] [] [] [] [] [] [] [] [] [] [] [] [] [] [] [] [] [] [] [] [] [] [] [] [] [] [] [] [] [] [] [] [] [] [] [] [] [] [] [] [] [] [] [] [] [] [] [] [] [] [] [] [] [] [] [] [] [] [] [] [] [] [] [] [] [] [] [] [] [] [] [] [] [] [] [] [] [] [] [] []
119 [] [1 2 3 4 5 7 10] [1 2 3 4 5 7 10 17] [1 2 3 4 5 7 17] [1 2 3 4 5] [1 2 4 5] [1 2 3 4 5 8 10 19] [1 2 3 4 5 7 13] [1 2 5] [1 2 4 5 7] [1 2 3 5 7 8] [1 2 4 5 13] [1 2 5 7 13 52] [1 2 3 5 7 8 10] [1 2 5 7] [1 2 3 4 5 7] [1 2 3 4 5 8] [1 2 3 4 5 7 8 10 13 19] [1 2 3] [1 2 3 4 5 7 8 10 17] [1 2 3 5 8] [1 2 3 4 5 7 13 52] [1 2 3 4 5 7 8 10 13 17] [1 2 3 4 5 13] [1 2 3 4 5 10 13 52] [1 2 3 4 5 7 9 10 13 52] [1 2 3 4 5 6 7 8 10] [1 2] [1 2 3 4 5 7 8 9 10 13 52] [1 2 3 4 5 7 10 13 17 52] [1 2 3 5 7] [1 2 5 10 13] [1 2 3 4 5 6 7 8 9 10 13 17 24] [1 2 3 5 7 9] [1 2 3 4 5 8 10 13] [1 5] [1 2 3 4 5 7 10 13] [1] [1 2 10] [1 2 3 5 7 8 10 11] [1 2 3 4 5 6 7 8 10 11 17] [1 2 4 5 7 9] [1 2 3 4 5 7 8 9 13] [1 2 3 4 5 7 8 10] [1 2 3 4 5 7 8] [1 2 3 5 7 10 13] [1 2 3 4 5 6 7 8 13 52] [1 2 3 4 5 7 8 13 17 52 58] [1 2 3 4 5 7 8 10 13 52] [1 2 4 5 6 7 8 11 13] [1 2 3 4 5 7 9 13] [1 2 3 4 5 6 7] [1 2 3 4 5 6 7 8 9] [1 2 4 5 7 8 10 13] [1 2 13 52] [1 2 3 4 5 7 9] [1 2 3 4 5 7 8 9 10 13 17] [1 2 4 5 7 8 9 10 13 17 43] [1 2 3 4 5 10 13] [1 2 3 4 5 8 13 52 58] [1 2 3 5] [1 2 3 4 5 6 8 13] [1 2 4 5 6 8 11] [1 2 3 4 5 7 8 10 13] [1 2 3 5 8 10 13 19 52] [1 2 3 5 7 10] [1 2 3 4 5 7 8 13] [1 2 4 5 7 13] [1 2 3 5 8 10 13] [1 2 3 5 7 8 10 19] [1 2 4 5 8] [1 2 3 5 10] [1 2 3 4 5 8 13 17] [1 2 3 5 13] [1 2 4 5 7 13 52] [1 2 3 5 7 8 10 13] [1 2 3 4 5 10] [1 2 3 4 5 7 8 13 17] [1 2 3 13] [1 2 3 4 5 7 8 10 13 17 24] [1 2 3 4 5 7 10 13 17] [1 2 5 7 10] [1 2 3 4 5 8 10 13 19 52 58] [1 2 3 4 5 8 10 13 17] [1 2 3 4 5 13 52] [1 2 3 4 5 8 10] [1 2 3 4 5 6 8 11 13 52 58] [1 2 3 5 10 13] [1 5 27] [1 2 4 5 6 7 8 9 10 13] [1 2 3 4] [1 2 7 13] [1 2 4 5 6 8] [1 2 3 4 5 7 8 10 13 17 52] [1 2 3 4 5 13 52 58] [1 2 4 5 7 9 10] [1 2 3 4 5 7 8 13 52] [1 2 3 5 7 10 13 52] [1 2 3 5 7 13] [1 2 3 4 5 7 10 17 43 58] [1 2 3 4 5 6] [1 13] [1 2 5 7 10 13 17 52] [1 2 3 5 13 52] [1 2 3 4 5 7 8 10 13 17 19] [1 2 3 4 5 7 8 9 10 11] [1 2 3 4 5 7 8 17] [1 2 3 4 5 6 7 8 9 13 52 58] [] [] [] [] [] [] [] [] [] [] [] [] [] [] [] [] [] [] [] [] [] [] [] [] [] [] [] [] [] [] [] [] [] [] [] [] [] [] [] [] [] [] [] [] [] [] [] [] [] [] [] [] [] [] [] [] [] [] [] [] [] [] [] [] [] [] [] [] [] [] [] [] [] [] [] [] [] [] [] [] [] [] [] [] [] [] [] [] [] [] [] [] []
120 [] [1 2 3 4 5 7 17] [1 2 3 4 5] [1 2 4 5] [1 2 3 4 5 8 10 19] [1 2 3 4 5 7 13] [1 2 5] [1 2 4 5 7] [1 2 3 5 7 8] [1 2 4 5 13] [1 2 5 7 13 52] [1 2 3 5 7 8 10] [1 2 5 7] [1 2 3 4 5 7] [1 2 3 4 5 8] [1 2 3 4 5 7 8 10 13 19] [1 2 3] [1 2 3 4 5 7 8 10 17] [1 2 3 5 8] [1 2 3 4 5 7 13 52] [1 2 3 4 5 7 8 10 13 17] [1 2 3 4 5 13] [1 2 3 4 5 10 13 52] [1 2 3 4 5 7 10] [1 2 3 4 5 7 9 10 13 52] [1 2 3 4 5 6 7 8 10] [1 2] [1 2 3 4 5 7 8 9 10 13 52] [1 2 3 4 5 7 10 13 17 52] [1 2 3 5 7] [1 2 5 10 13] [1 2 3 4 5 6 7 8 9 10 13 17 24] [1 2 3 5 7 9] [1 2 3 4 5 8 10 13] [1 5] [1 2 3 4 5 7 10 13] [1] [1 2 10] [1 2 3 5 7 8 10 11] [1 2 3 4 5 6 7 8 10 11 17] [1 2 4 5 7 9] [1 2 3 4 5 7 8 9 13] [1 2 3 4 5 7 8 10] [1 2 3 4 5 7 8] [1 2 3 5 7 10 13] [1 2 3 4 5 6 7 8 13 52] [1 2 3 4 5 7 8 13 17 52 58] [1 2 3 4 5 7 8 10 13 52] [1 2 4 5 6 7 8 11 13] [1 2 3 4 5 7 9 13] [1 2 3 4 5 6 7] [1 2 3 4 5 6 7 8 9] [1 2 4 5 7 8 10 13] [1 2 13 52] [1 2 3 4 5 7 9] [1 2 3 4 5 7 8 9 10 13 17] [1 2 4 5 7 8 9 10 13 17 43] [1 2 3 4 5 10 13] [1 2 3 4 5 7 10 17] [1 2 3 4 5 8 13 52 58] [1 2 3 5] [1 2 3 4 5 6 8 13] [1 2 4 5 6 8 11] [1 2 3 4 5 7 8 10 13] [1 2 3 5 8 10 13 19 52] [1 2 3 5 7 10] [1 2 3 4 5 7 8 13] [1 2 4 5 7 13] [1 2 3 5 8 10 13] [1 2 3 5 7 8 10 19] [1 2 4 5 8] [1 2 3 5 10] [1 2 3 4 5 8 13 17] [1 2 3 5 13] [1 2 4 5 7 13 52] [1 2 3 5 7 8 10 13] [1 2 3 4 5 10] [1 2 3 4 5 7 8 13 17] [1 2 3 13] [1 2 3 4 5 7 8 10 13 17 24] [1 2 3 4 5 7 10 13 17] [1 2 5 7 10] [1 2 3 4 5 8 10 13 19 52 58] [1 2 3 4 5 8 10 13 17] [1 2 3 4 5 13 52] [1 2 3 4 5 8 10] [1 2 3 4 5 6 8 11 13 52 58] [1 2 3 5 10 13] [1 5 27] [1 2 4 5 6 7 8 9 10 13] [1 2 3 4] [1 2 7 13] [1 2 4 5 6 8] [1 2 3 4 5 7 8 10 13 17 52] [1 2 3 4 5 13 52 58] [1 2 4 5 7 9 10] [1 2 3 4 5 7 8 13 52] [1 2 3 5 7 10 13 52] [1 2 3 5 7 13] [1 2 3 4 5 7 10 17 43 58] [1 2 3 4 5 6] [1 13] [1 2 5 7 10 13 17 52] [1 2 3 5 13 52] [1 2 3 4 5 7 8 10 13 17 19] [1 2 3 4 5 7 8 9 10 11] [1 2 3 4 5 7 8 17] [1 2 3 4 5 6 7 8 9 13 52 58] [] [] [] [] [] [] [] [] [] [] [] [] [] [] [] [] [] [] [] [] [] [] [] [] [] [] [] [] [] [] [] [] [] [] [] [] [] [] [] [] [] [] [] [] [] [] [] [] [] [] [] [] [] [] [] [] [] [] [] [] [] [] [] [] [] [] [] [] [] [] [] [] [] [] [] [] [] [] [] [] [] [] [] [] [] [] [] [] [] [] [] [] []
121 [] [1 2 4 5] [1 2 3 4 5 8 10 19] [1 2 3 4 5 7 13] [1 2 5] [1 2 4 5 7] [1 2 3 5 7 8] [1 2 4 5 13] [1 2 5 7 13 52] [1 2 3 5 7 8 10] [1 2 5 7] [1 2 3 4 5 7] [1 2 3 4 5] [1 2 3 4 5 8] [1 2 3 4 5 7 8 10 13 19] [1 2 3] [1 2 3 4 5 7 8 10 17] [1 2 3 5 8] [1 2 3 4 5 7 13 52] [1 2 3 4 5 7 8 10 13 17] [1 2 3 4 5 13] [1 2 3 4 5 10 13 52] [1 2 3 4 5 7 10] [1 2 3 4 5 7 9 10 13 52] [1 2 3 4 5 6 7 8 10] [1 2] [1 2 3 4 5 7 8 9 10 13 52] [1 2 3 4 5 7 10 13 17 52] [1 2 3 5 7] [1 2 5 10 13] [1 2 3 4 5 6 7 8 9 10 13 17 24] [1 2 3 5 7 9] [1 2 3 4 5 8 10 13] [1 5] [1 2 3 4 5 7 10 13] [1] [1 2 10] [1 2 3 5 7 8 10 11] [1 2 3 4 5 6 7 8 10 11 17] [1 2 4 5 7 9] [1 2 3 4 5 7 8 9 13] [1 2 3 4 5 7 8 10] [1 2 3 4 5 7 8] [1 2 3 5 7 10 13] [1 2 3 4 5 6 7 8 13 52] [1 2 3 4 5 7 8 13 17 52 58] [1 2 3 4 5 7 8 10 13 52] [1 2 4 5 6 7 8 11 13] [1 2 3 4 5 7 9 13] [1 2 3 4 5 6 7] [1 2 3 4 5 6 7 8 9] [1 2 4 5 7 8 10 13] [1 2 13 52] [1 2 3 4 5 7 9] [1 2 3 4 5 7 8 9 10 13 17] [1 2 4 5 7 8 9 10 13 17 43] [1 2 3 4 5 10 13] [1 2 3 4 5 7 10 17] [1 2 3 4 5 8 13 52 58] [1 2 3 5] [1 2 3 4 5 6 8 13] [1 2 4 5 6 8 11] [1 2 3 4 5 7 8 10 13] [1 2 3 5 8 10 13 19 52] [1 2 3 5 7 10] [1 2 3 4 5 7 8 13] [1 2 4 5 7 13] [1 2 3 5 8 10 13] [1 2 3 5 7 8 10 19] [1 2 4 5 8] [1 2 3 5 10] [1 2 3 4 5 8 13 17] [1 2 3 5 13] [1 2 4 5 7 13 52] [1 2 3 5 7 8 10 13] [1 2 3 4 5 10] [1 2 3 4 5 7 8 13 17] [1 2 3 13] [1 2 3 4 5 7 8 10 13 17 24] [1 2 3 4 5 7 10 13 17] [1 2 5 7 10] [1 2 3 4 5 8 10 13 19 52 58] [1 2 3 4 5 8 10 13 17] [1 2 3 4 5 13 52] [1 2 3 4 5 8 10] [1 2 3 4 5 6 8 11 13 52 58] [1 2 3 5 10 13] [1 5 27] [1 2 4 5 6 7 8 9 10 13] [1 2 3 4 5 7 17] [1 2 3 4] [1 2 7 13] [1 2 4 5 6 8] [1 2 3 4 5 7 8 10 13 17 52] [1 2 3 4 5 13 52 58] [1 2 4 5 7 9 10] [1 2 3 4 5 7 8 13 52] [1 2 3 5 7 10 13 52] [1 2 3 5 7 13] [1 2 3 4 5 7 10 17 43 58] [1 2 3 4 5 6] [1 13] [1 2 5 7 10 13 17 52] [1 2 3 5 13 52] [1 2 3 4 5 7 8 10 13 17 19] [1 2 3 4 5 7 8 9 10 11] [1 2 3 4 5 7 8 17] [1 2 3 4 5 6 7 8 9 13 52 58] [] [] [] [] [] [] [] [] [] [] [] [] [] [] [] [] [] [] [] [] [] [] [] [] [] [] [] [] [] [] [] [] [] [] [] [] [] [] [] [] [] [] [] [] [] [] [] [] [] [] [] [] [] [] [] [] [] [] [] [] [] [] [] [] [] [] [] [] [] [] [] [] [] [] [] [] [] [] [] [] [] [] [] [] [] [] [] [] [] [] [] [] []
122 [] [1 2 3 4 5 7 13] [1 2 5] [1 2 4 5 7] [1 2 3 5 7 8] [1 2 4 5 13] [1 2 5 7 13 52] [1 2 3 5 7 8 10] [1 2 5 7] [1 2 3 4 5 7] [1 2 3 4 5] [1 2 3 4 5 8] [1 2 3 4 5 7 8 10 13 19] [1 2 3] [1 2 3 4 5 7 8 10 17] [1 2 3 5 8] [1 2 3 4 5 7 13 52] [1 2 3 4 5 7 8 10 13 17] [1 2 3 4 5 13] [1 2 3 4 5 10 13 52] [1 2 3 4 5 7 10] [1 2 3 4 5 7 9 10 13 52] [1 2 3 4 5 6 7 8 10] [1 2] [1 2 3 4 5 7 8 9 10 13 52] [1 2 3 4 5 7 10 13 17 52] [1 2 3 5 7] [1 2 5 10 13] [1 2 3 4 5 6 7 8 9 10 13 17 24] [1 2 3 5 7 9] [1 2 3 4 5 8 10 13] [1 5] [1 2 3 4 5 7 10 13] [1] [1 2 10] [1 2 4 5] [1 2 3 5 7 8 10 11] [1 2 3 4 5 6 7 8 10 11 17] [1 2 4 5 7 9] [1 2 3 4 5 7 8 9 13] [1 2 3 4 5 7 8 10] [1 2 3 4 5 7 8] [1 2 3 5 7 10 13] [1 2 3 4 5 6 7 8 13 52] [1 2 3 4 5 7 8 13 17 52 58] [1 2 3 4 5 7 8 10 13 52] [1 2 4 5 6 7 8 11 13] [1 2 3 4 5 7 9 13] [1 2 3 4 5 6 7] [1 2 3 4 5 6 7 8 9] [1 2 4 5 7 8 10 13] [1 2 13 52] [1 2 3 4 5 7 9] [1 2 3 4 5 7 8 9 10 13 17] [1 2 4 5 7 8 9 10 13 17 43] [1 2 3 4 5 10 13] [1 2 3 4 5 7 10 17] [1 2 3 4 5 8 13 52 58] [1 2 3 5] [1 2 3 4 5 6 8 13] [1 2 4 5 6 8 11] [1 2 3 4 5 7 8 10 13] [1 2 3 5 8 10 13 19 52] [1 2 3 5 7 10] [1 2 3 4 5 7 8 13] [1 2 4 5 7 13] [1 2 3 5 8 10 13] [1 2 3 5 7 8 10 19] [1 2 4 5 8] [1 2 3 4 5 8 10 19] [1 2 3 5 10] [1 2 3 4 5 8 13 17] [1 2 3 5 13] [1 2 4 5 7 13 52] [1 2 3 5 7 8 10 13] [1 2 3 4 5 10] [1 2 3 4 5 7 8 13 17] [1 2 3 13] [1 2 3 4 5 7 8 10 13 17 24] [1 2 3 4 5 7 10 13 17] [1 2 5 7 10] [1 2 3 4 5 8 10 13 19 52 58] [1 2 3 4 5 8 10 13 17] [1 2 3 4 5 13 52] [1 2 3 4 5 8 10] [1 2 3 4 5 6 8 11 13 52 58] [1 2 3 5 10 13] [1 5 27] [1 2 4 5 6 7 8 9 10 13] [1 2 3 4 5 7 17] [1 2 3 4] [1 2 7 13] [1 2 4 5 6 8] [1 2 3 4 5 7 8 10 13 17 52] [1 2 3 4 5 13 52 58] [1 2 4 5 7 9 10] [1 2 3 4 5 7 8 13 52] [1 2 3 5 7 10 13 52] [1 2 3 5 7 13] [1 2 3 4 5 7 10 17 43 58] [1 2 3 4 5 6] [1 13] [1 2 5 7 10 13 17 52] [1 2 3 5 13 52] [1 2 3 4 5 7 8 10 13 17 19] [1 2 3 4 5 7 8 9 10 11] [1 2 3 4 5 7 8 17] [1 2 3 4 5 6 7 8 9 13 52 58] [] [] [] [] [] [] [] [] [] [] [] [] [] [] [] [] [] [] [] [] [] [] [] [] [] [] [] [] [] [] [] [] [] [] [] [] [] [] [] [] [] [] [] [] [] [] [] [] [] [] [] [] [] [] [] [] [] [] [] [] [] [] [] [] [] [] [] [] [] [] [] [] [] [] [] [] [] [] [] [] [] [] [] [] [] [] [] [] [] [] [] [] []
123 [] [1 2 4 5 7] [1 2 3 5 7 8] [1 2 4 5 13] [1 2 5 7 13 52] [1 2 3 5 7 8 10] [1 2 5 7] [1 2 3 4 5 7] [1 2 3 4 5] [1 2 3 4 5 8] [1 2 3 4 5 7 8 10 13 19] [1 2 3] [1 2 3 4 5 7 8 10 17] [1 2 3 5 8] [1 2 3 4 5 7 13 52] [1 2 3 4 5 7 8 10 13 17] [1 2 3 4 5 13] [1 2 3 4 5 10 13 52] [1 2 3 4 5 7 10] [1 2 3 4 5 7 9 10 13 52] [1 2 3 4 5 6 7 8 10] [1 2] [1 2 3 4 5 7 8 9 10 13 52] [1 2 3 4 5 7 10 13 17 52] [1 2 3 5 7] [1 2 5 10 13] [1 2 3 4 5 6 7 8 9 10 13 17 24] [1 2 3 5 7 9] [1 2 3 4 5 8 10 13] [1 5] [1 2 3 4 5 7 10 13] [1] [1 2 10] [1 2 4 5] [1 2 3 5 7 8 10 11] [1 2 3 4 5 6 7 8 10 11 17] [1 2 5] [1 2 4 5 7 9] [1 2 3 4 5 7 8 9 13] [1 2 3 4 5 7 8 10] [1 2 3 4 5 7 8] [1 2 3 5 7 10 13] [1 2 3 4 5 6 7 8 13 52] [1 2 3 4 5 7 8 13 17 52 58] [1 2 3 4 5 7 8 10 13 52] [1 2 4 5 6 7 8 11 13] [1 2 3 4 5 7 9 13] [1 2 3 4 5 6 7] [1 2 3 4 5 6 7 8 9] [1 2 4 5 7 8 10 13] [1 2 13 52] [1 2 3 4 5 7 9] [1 2 3 4 5 7 8 9 10 13 17] [1 2 4 5 7 8 9 10 13 17 43] [1 2 3 4 5 10 13] [1 2 3 4 5 7 10 17] [1 2 3 4 5 8 13 52 58] [1 2 3 5] [1 2 3 4 5 6 8 13] [1 2 4 5 6 8 11] [1 2 3 4 5 7 8 10 13] [1 2 3 5 8 10 13 19 52] [1 2 3 5 7 10] [1 2 3 4 5 7 8 13] [1 2 3 4 5 7 13] [1 2 4 5 7 13] [1 2 3 5 8 10 13] [1 2 3 5 7 8 10 19] [1 2 4 5 8] [1 2 3 4 5 8 10 19] [1 2 3 5 10] [1 2 3 4 5 8 13 17] [1 2 3 5 13] [1 2 4 5 7 13 52] [1 2 3 5 7 8 10 13] [1 2 3 4 5 10] [1 2 3 4 5 7 8 13 17] [1 2 3 13] [1 2 3 4 5 7 8 10 13 17 24] [1 2 3 4 5 7 10 13 17] [1 2 5 7 10] [1 2 3 4 5 8 10 13 19 52 58] [1 2 3 4 5 8 10 13 17] [1 2 3 4 5 13 52] [1 2 3 4 5 8 10] [1 2 3 4 5 6 8 11 13 52 58] [1 2 3 5 10 13] [1 5 27] [1 2 4 5 6 7 8 9 10 13] [1 2 3 4 5 7 17] [1 2 3 4] [1 2 7 13] [1 2 4 5 6 8] [1 2 3 4 5 7 8 10 13 17 52] [1 2 3 4 5 13 52 58] [1 2 4 5 7 9 10] [1 2 3 4 5 7 8 13 52] [1 2 3 5 7 10 13 52] [1 2 3 5 7 13] [1 2 3 4 5 7 10 17 43 58] [1 2 3 4 5 6] [1 13] [1 2 5 7 10 13 17 52] [1 2 3 5 13 52] [1 2 3 4 5 7 8 10 13 17 19] [1 2 3 4 5 7 8 9 10 11] [1 2 3 4 5 7 8 17] [1 2 3 4 5 6 7 8 9 13 52 58] [] [] [] [] [] [] [] [] [] [] [] [] [] [] [] [] [] [] [] [] [] [] [] [] [] [] [] [] [] [] [] [] [] [] [] [] [] [] [] [] [] [] [] [] [] [] [] [] [] [] [] [] [] [] [] [] [] [] [] [] [] [] [] [] [] [] [] [] [] [] [] [] [] [] [] [] [] [] [] [] [] [] [] [] [] [] [] [] [] [] [] [] []
124 [] [1 2 4 5 13] [1 2 5 7 13 52] [1 2 3 5 7 8 10] [1 2 5 7] [1 2 3 4 5 7] [1 2 3 4 5] [1 2 3 4 5 8] [1 2 3 4 5 7 8 10 13 19] [1 2 3] [1 2 3 4 5 7 8 10 17] [1 2 3 5 8] [1 2 3 4 5 7 13 52] [1 2 3 4 5 7 8 10 13 17] [1 2 3 4 5 13] [1 2 3 4 5 10 13 52] [1 2 3 4 5 7 10] [1 2 3 4 5 7 9 10 13 52] [1 2 3 4 5 6 7 8 10] [1 2] [1 2 3 4 5 7 8 9 10 13 52] [1 2 3 4 5 7 10 13 17 52] [1 2 3 5 7] [1 2 5 10 13] [1 2 3 4 5 6 7 8 9 10 13 17 24] [1 2 3 5 7 9] [1 2 3 4 5 8 10 13] [1 5] [1 2 3 4 5 7 10 13] [1] [1 2 10] [1 2 4 5] [1 2 3 5 7 8 10 11] [1 2 3 4 5 6 7 8 10 11 17] [1 2 5] [1 2 4 5 7 9] [1 2 3 4 5 7 8 9 13] [1 2 4 5 7] [1 2 3 4 5 7 8 10] [1 2 3 4 5 7 8] [1 2 3 5 7 10 13] [1 2 3 4 5 6 7 8 13 52] [1 2 3 4 5 7 8 13 17 52 58] [1 2 3 4 5 7 8 10 13 52] [1 2 4 5 6 7 8 11 13] [1 2 3 4 5 7 9 13] [1 2 3 4 5 6 7] [1 2 3 4 5 6 7 8 9] [1 2 4 5 7 8 10 13] [1 2 13 52] [1 2 3 4 5 7 9] [1 2 3 4 5 7 8 9 10 13 17] [1 2 4 5 7 8 9 10 13 17 43] [1 2 3 4 5 10 13] [1 2 3 4 5 7 10 17] [1 2 3 4 5 8 13 52 58] [1 2 3 5] [1 2 3 4 5 6 8 13] [1 2 4 5 6 8 11] [1 2 3 5 7 8] [1 2 3 4 5 7 8 10 13] [1 2 3 5 8 10 13 19 52] [1 2 3 5 7 10] [1 2 3 4 5 7 8 13] [1 2 3 4 5 7 13] [1 2 4 5 7 13] [1 2 3 5 8 10 13] [1 2 3 5 7 8 10 19] [1 2 4 5 8] [1 2 3 4 5 8 10 19] [1 2 3 5 10] [1 2 3 4 5 8 13 17] [1 2 3 5 13] [1 2 4 5 7 13 52] [1 2 3 5 7 8 10 13] [1 2 3 4 5 10] [1 2 3 4 5 7 8 13 17] [1 2 3 13] [1 2 3 4 5 7 8 10 13 17 24] [1 2 3 4 5 7 10 13 17] [1 2 5 7 10] [1 2 3 4 5 8 10 13 19 52 58] [1 2 3 4 5 8 10 13 17] [1 2 3 4 5 13 52] [1 2 3 4 5 8 10] [1 2 3 4 5 6 8 11 13 52 58] [1 2 3 5 10 13] [1 5 27] [1 2 4 5 6 7 8 9 10 13] [1 2 3 4 5 7 17] [1 2 3 4] [1 2 7 13] [1 2 4 5 6 8] [1 2 3 4 5 7 8 10 13 17 52] [1 2 3 4 5 13 52 58] [1 2 4 5 7 9 10] [1 2 3 4 5 7 8 13 52] [1 2 3 5 7 10 13 52] [1 2 3 5 7 13] [1 2 3 4 5 7 10 17 43 58] [1 2 3 4 5 6] [1 13] [1 2 5 7 10 13 17 52] [1 2 3 5 13 52] [1 2 3 4 5 7 8 10 13 17 19] [1 2 3 4 5 7 8 9 10 11] [1 2 3 4 5 7 8 17] [1 2 3 4 5 6 7 8 9 13 52 58] [] [] [] [] [] [] [] [] [] [] [] [] [] [] [] [] [] [] [] [] [] [] [] [] [] [] [] [] [] [] [] [] [] [] [] [] [] [] [] [] [] [] [] [] [] [] [] [] [] [] [] [] [] [] [] [] [] [] [] [] [] [] [] [] [] [] [] [] [] [] [] [] [] [] [] [] [] [] [] [] [] [] [] [] [] [] [] [] [] [] [] [] []
125 [] [1 2 3 5 7 8 10] [1 2 5 7] [1 2 3 4 5 7] [1 2 3 4 5] [1 2 3 4 5 8] [1 2 3 4 5 7 8 10 13 19] [1 2 3] [1 2 3 4 5 7 8 10 17] [1 2 3 5 8] [1 2 3 4 5 7 13 52] [1 2 3 4 5 7 8 10 13 17] [1 2 3 4 5 13] [1 2 3 4 5 10 13 52] [1 2 3 4 5 7 10] [1 2 3 4 5 7 9 10 13 52] [1 2 3 4 5 6 7 8 10] [1 2] [1 2 3 4 5 7 8 9 10 13 52] [1 2 3 4 5 7 10 13 17 52] [1 2 3 5 7] [1 2 5 10 13] [1 2 3 4 5 6 7 8 9 10 13 17 24] [1 2 3 5 7 9] [1 2 3 4 5 8 10 13] [1 5] [1 2 3 4 5 7 10 13] [1] [1 2 10] [1 2 4 5] [1 2 3 5 7 8 10 11] [1 2 3 4 5 6 7 8 10 11 17] [1 2 5] [1 2 4 5 7 9] [1 2 3 4 5 7 8 9 13] [1 2 4 5 7] [1 2 3 4 5 7 8 10] [1 2 3 4 5 7 8] [1 2 3 5 7 10 13] [1 2 3 4 5 6 7 8 13 52] [1 2 3 4 5 7 8 13 17 52 58] [1 2 3 4 5 7 8 10 13 52] [1 2 4 5 6 7 8 11 13] [1 2 3 4 5 7 9 13] [1 2 3 4 5 6 7] [1 2 3 4 5 6 7 8 9] [1 2 4 5 7 8 10 13] [1 2 13 52] [1 2 3 4 5 7 9] [1 2 3 4 5 7 8 9 10 13 17] [1 2 4 5 7 8 9 10 13 17 43] [1 2 3 4 5 10 13] [1 2 3 4 5 7 10 17] [1 2 3 4 5 8 13 52 58] [1 2 3 5] [1 2 3 4 5 6 8 13] [1 2 4 5 6 8 11] [1 2 3 5 7 8] [1 2 3 4 5 7 8 10 13] [1 2 3 5 8 10 13 19 52] [1 2 3 5 7 10] [1 2 3 4 5 7 8 13] [1 2 3 4 5 7 13] [1 2 4 5 7 13] [1 2 3 5 8 10 13] [1 2 3 5 7 8 10 19] [1 2 4 5 8] [1 2 3 4 5 8 10 19] [1 2 3 5 10] [1 2 3 4 5 8 13 17] [1 2 3 5 13] [1 2 4 5 7 13 52] [1 2 3 5 7 8 10 13] [1 2 3 4 5 10] [1 2 3 4 5 7 8 13 17] [1 2 3 13] [1 2 3 4 5 7 8 10 13 17 24] [1 2 3 4 5 7 10 13 17] [1 2 5 7 10] [1 2 3 4 5 8 10 13 19 52 58] [1 2 3 4 5 8 10 13 17] [1 2 3 4 5 13 52] [1 2 3 4 5 8 10] [1 2 3 4 5 6 8 11 13 52 58] [1 2 3 5 10 13] [1 5 27] [1 2 4 5 6 7 8 9 10 13] [1 2 3 4 5 7 17] [1 2 3 4] [1 2 7 13] [1 2 4 5 6 8] [1 2 3 4 5 7 8 10 13 17 52] [1 2 3 4 5 13 52 58] [1 2 4 5 7 9 10] [1 2 3 4 5 7 8 13 52] [1 2 3 5 7 10 13 52] [1 2 3 5 7 13] [1 2 3 4 5 7 10 17 43 58] [1 2 3 4 5 6] [1 13] [1 2 5 7 10 13 17 52] [1 2 3 5 13 52] [1 2 3 4 5 7 8 10 13 17 19] [1 2 3 4 5 7 8 9 10 11] [1 2 3 4 5 7 8 17] [1 2 3 4 5 6 7 8 9 13 52 58] [] [] [] [] [] [] [] [] [] [] [] [] [] [] [] [] [] [] [] [] [] [] [] [] [] [] [] [] [] [] [] [] [] [] [] [] [] [] [] [] [] [] [] [] [] [] [] [] [] [] [] [] [] [] [] [] [] [] [] [] [] [] [] [] [] [] [] [] [] [] [] [] [] [] [] [] [] [] [] [] [] [] [] [] [] [] [] [] [] [] [] [] [] [] []
126 [] [1 2 3 4 5 7] [1 2 3 4 5] [1 2 3 4 5 8] [1 2 3 4 5 7 8 10 13 19] [1 2 3] [1 2 3 4 5 7 8 10 17] [1 2 3 5 8] [1 2 3 4 5 7 13 52] [1 2 3 4 5 7 8 10 13 17] [1 2 3 4 5 13] [1 2 3 4 5 10 13 52] [1 2 3 4 5 7 10] [1 2 3 4 5 7 9 10 13 52] [1 2 3 4 5 6 7 8 10] [1 2] [1 2 3 4 5 7 8 9 10 13 52] [1 2 3 4 5 7 10 13 17 52] [1 2 3 5 7] [1 2 5 10 13] [1 2 3 4 5 6 7 8 9 10 13 17 24] [1 2 3 5 7 9] [1 2 3 4 5 8 10 13] [1 5] [1 2 3 4 5 7 10 13] [1] [1 2 10] [1 2 4 5] [1 2 3 5 7 8 10 11] [1 2 3 4 5 6 7 8 10 11 17] [1 2 5] [1 2 4 5 7 9] [1 2 3 4 5 7 8 9 13] [1 2 4 5 7] [1 2 3 4 5 7 8 10] [1 2 3 4 5 7 8] [1 2 3 5 7 10 13] [1 2 3 4 5 6 7 8 13 52] [1 2 3 4 5 7 8 13 17 52 58] [1 2 3 4 5 7 8 10 13 52] [1 2 4 5 6 7 8 11 13] [1 2 3 4 5 7 9 13] [1 2 3 4 5 6 7] [1 2 3 4 5 6 7 8 9] [1 2 4 5 7 8 10 13] [1 2 13 52] [1 2 3 4 5 7 9] [1 2 3 4 5 7 8 9 10 13 17] [1 2 4 5 7 8 9 10 13 17 43] [1 2 3 4 5 10 13] [1 2 3 4 5 7 10 17] [1 2 3 4 5 8 13 52 58] [1 2 3 5] [1 2 3 4 5 6 8 13] [1 2 4 5 6 8 11] [1 2 3 5 7 8] [1 2 5 7] [1 2 3 4 5 7 8 10 13] [1 2 3 5 8 10 13 19 52] [1 2 3 5 7 10] [1 2 3 4 5 7 8 13] [1 2 3 4 5 7 13] [1 2 4 5 7 13] [1 2 3 5 8 10 13] [1 2 3 5 7 8 10 19] [1 2 4 5 8] [1 2 3 4 5 8 10 19] [1 2 3 5 10] [1 2 3 4 5 8 13 17] [1 2 3 5 13] [1 2 4 5 7 13 52] [1 2 3 5 7 8 10 13] [1 2 3 4 5 10] [1 2 3 4 5 7 8 13 17] [1 2 3 13] [1 2 3 4 5 7 8 10 13 17 24] [1 2 3 4 5 7 10 13 17] [1 2 5 7 10] [1 2 3 4 5 8 10 13 19 52 58] [1 2 3 4 5 8 10 13 17] [1 2 3 4 5 13 52] [1 2 3 4 5 8 10] [1 2 3 4 5 6 8 11 13 52 58] [1 2 3 5 10 13] [1 5 27] [1 2 4 5 6 7 8 9 10 13] [1 2 3 4 5 7 17] [1 2 3 4] [1 2 7 13] [1 2 4 5 6 8] [1 2 3 4 5 7 8 10 13 17 52] [1 2 3 4 5 13 52 58] [1 2 4 5 7 9 10] [1 2 3 4 5 7 8 13 52] [1 2 3 5 7 10 13 52] [1 2 3 5 7 13] [1 2 3 4 5 7 10 17 43 58] [1 2 3 4 5 6] [1 13] [1 2 5 7 10 13 17 52] [1 2 3 5 13 52] [1 2 3 4 5 7 8 10 13 17 19] [1 2 3 4 5 7 8 9 10 11] [1 2 3 4 5 7 8 17] [1 2 3 4 5 6 7 8 9 13 52 58] [] [] [] [] [] [] [] [] [] [] [] [] [] [] [] [] [] [] [] [] [] [] [] [] [] [] [] [] [] [] [] [] [] [] [] [] [] [] [] [] [] [] [] [] [] [] [] [] [] [] [] [] [] [] [] [] [] [] [] [] [] [] [] [] [] [] [] [] [] [] [] [] [] [] [] [] [] [] [] [] [] [] [] [] [] [] [] [] [] [] [] [] [] [] [] []
127 [] [1 2 3 4 5 8] [1 2 3 4 5 7 8 10 13 19] [1 2 3] [1 2 3 4 5 7 8 10 17] [1 2 3 4 5] [1 2 3 4 5 7] [1 2 3 5 8] [1 2 3 4 5 7 13 52] [1 2 3 4 5 7 8 10 13 17] [1 2 3 4 5 13] [1 2 3 4 5 10 13 52] [1 2 3 4 5 7 10] [1 2 3 4 5 7 9 10 13 52] [1 2 3 4 5 6 7 8 10] [1 2] [1 2 3 4 5 7 8 9 10 13 52] [1 2 3 4 5 7 10 13 17 52] [1 2 3 5 7] [1 2 5 10 13] [1 2 3 4 5 6 7 8 9 10 13 17 24] [1 2 3 5 7 9] [1 2 3 4 5 8 10 13] [1 5] [1 2 3 4 5 7 10 13] [1] [1 2 10] [1 2 4 5] [1 2 3 5 7 8 10 11] [1 2 3 4 5 6 7 8 10 11 17] [1 2 5] [1 2 4 5 7 9] [1 2 3 4 5 7 8 9 13] [1 2 4 5 7] [1 2 3 4 5 7 8 10] [1 2 3 4 5 7 8] [1 2 3 5 7 10 13] [1 2 3 4 5 6 7 8 13 52] [1 2 3 4 5 7 8 13 17 52 58] [1 2 3 4 5 7 8 10 13 52] [1 2 4 5 6 7 8 11 13] [1 2 3 4 5 7 9 13] [1 2 3 4 5 6 7] [1 2 3 4 5 6 7 8 9] [1 2 4 5 7 8 10 13] [1 2 13 52] [1 2 3 4 5 7 9] [1 2 3 4 5 7 8 9 10 13 17] [1 2 4 5 7 8 9 10 13 17 43] [1 2 3 4 5 10 13] [1 2 3 4 5 7 10 17] [1 2 3 4 5 8 13 52 58] [1 2 3 5] [1 2 3 4 5 6 8 13] [1 2 4 5 6 8 11] [1 2 3 5 7 8] [1 2 5 7] [1 2 3 4 5 7 8 10 13] [1 2 3 5 8 10 13 19 52] [1 2 3 5 7 10] [1 2 3 4 5 7 8 13] [1 2 3 4 5 7 13] [1 2 4 5 7 13] [1 2 3 5 8 10 13] [1 2 3 5 7 8 10 19] [1 2 4 5 8] [1 2 3 4 5 8 10 19] [1 2 3 5 10] [1 2 3 4 5 8 13 17] [1 2 3 5 13] [1 2 4 5 7 13 52] [1 2 3 5 7 8 10 13] [1 2 3 4 5 10] [1 2 3 4 5 7 8 13 17] [1 2 3 13] [1 2 3 4 5 7 8 10 13 17 24] [1 2 3 4 5 7 10 13 17] [1 2 5 7 10] [1 2 3 4 5 8 10 13 19 52 58] [1 2 3 4 5 8 10 13 17] [1 2 3 4 5 13 52] [1 2 3 4 5 8 10] [1 2 3 4 5 6 8 11 13 52 58] [1 2 3 5 10 13] [1 5 27] [1 2 4 5 6 7 8 9 10 13] [1 2 3 4 5 7 17] [1 2 3 4] [1 2 7 13] [1 2 4 5 6 8] [1 2 3 4 5 7 8 10 13 17 52] [1 2 3 4 5 13 52 58] [1 2 4 5 7 9 10] [1 2 3 4 5 7 8 13 52] [1 2 3 5 7 10 13 52] [1 2 3 5 7 13] [1 2 3 4 5 7 10 17 43 58] [1 2 3 4 5 6] [1 13] [1 2 5 7 10 13 17 52] [1 2 3 5 13 52] [1 2 3 4 5 7 8 10 13 17 19] [1 2 3 4 5 7 8 9 10 11] [1 2 3 4 5 7 8 17] [1 2 3 4 5 6 7 8 9 13 52 58] [] [] [] [] [] [] [] [] [] [] [] [] [] [] [] [] [] [] [] [] [] [] [] [] [] [] [] [] [] [] [] [] [] [] [] [] [] [] [] [] [] [] [] [] [] [] [] [] [] [] [] [] [] [] [] [] [] [] [] [] [] [] [] [] [] [] [] [] [] [] [] [] [] [] [] [] [] [] [] [] [] [] [] [] [] [] [] [] [] [] [] [] [] [] [] []
128 [] [1 2 3] [1 2 3 4 5 7 8 10 17] [1 2 3 5 8 10] [1 2 3 4 5] [1 2 3 4 5 7] [1 2 3 4 5 8] [1 2 3 5 8] [1 2 3 4 5 7 13 52] [1 2 3 4 5 7 8 10 13 17] [1 2 3 4 5 13] [1 2 3 4 5 10 13 52] [1 2 3 4 5 7 10] [1 2 3 4 5 7 9 10 13 52] [1 2 3 4 5 6 7 8 10] [1 2] [1 2 3 4 5 7 8 9 10 13 52] [1 2 3 4 5 7 10 13 17 52] [1 2 3 5 7] [1 2 5 10 13] [1 2 3 4 5 6 7 8 9 10 13 17 24] [1 2 3 5 7 9] [1 2 3 4 5 8 10 13] [1 5] [1 2 3 4 5 7 10 13] [1] [1 2 10] [1 2 4 5] [1 2 3 5 7 8 10 11] [1 2 3 4 5 6 7 8 10 11 17] [1 2 5] [1 2 4 5 7 9] [1 2 3 4 5 7 8 9 13] [1 2 4 5 7] [1 2 3 4 5 7 8 10] [1 2 3 4 5 7 8] [1 2 3 5 7 10 13] [1 2 3 4 5 6 7 8 13 52] [1 2 3 4 5 7 8 13 17 52 58] [1 2 3 4 5 7 8 10 13 52] [1 2 4 5 6 7 8 11 13] [1 2 3 4 5 7 9 13] [1 2 3 4 5 6 7] [1 2 3 4 5 6 7 8 9] [1 2 4 5 7 8 10 13] [1 2 13 52] [1 2 3 4 5 7 9] [1 2 3 4 5 7 8 9 10 13 17] [1 2 4 5 7 8 9 10 13 17 43] [1 2 3 4 5 10 13] [1 2 3 4 5 7 10 17] [1 2 3 4 5 8 13 52 58] [1 2 3 5] [1 2 3 4 5 6 8 13] [1 2 4 5 6 8 11] [1 2 3 5 7 8] [1 2 5 7] [1 2 3 4 5 7 8 10 13] [1 2 3 5 8 10 13 19 52] [1 2 3 5 7 10] [1 2 3 4 5 7 8 13] [1 2 3 4 5 7 13] [1 2 4 5 7 13] [1 2 3 5 8 10 13] [1 2 3 5 7 8 10 19] [1 2 4 5 8] [1 2 3 4 5 8 10 19] [1 2 3 5 10] [1 2 3 4 5 8 13 17] [1 2 3 5 13] [1 2 4 5 7 13 52] [1 2 3 5 7 8 10 13] [1 2 3 4 5 10] [1 2 3 4 5 7 8 13 17] [1 2 3 13] [1 2 3 4 5 7 8 10 13 17 24] [1 2 3 4 5 7 10 13 17] [1 2 5 7 10] [1 2 3 4 5 8 10 13 19 52 58] [1 2 3 4 5 8 10 13 17] [1 2 3 4 5 13 52] [1 2 3 4 5 8 10] [1 2 3 4 5 6 8 11 13 52 58] [1 2 3 5 10 13] [1 5 27] [1 2 4 5 6 7 8 9 10 13] [1 2 3 4 5 7 17] [1 2 3 4] [1 2 7 13] [1 2 4 5 6 8] [1 2 3 4 5 7 8 10 13 17 52] [1 2 3 4 5 13 52 58] [1 2 4 5 7 9 10] [1 2 3 4 5 7 8 13 52] [1 2 3 5 7 10 13 52] [1 2 3 5 7 13] [1 2 3 4 5 7 10 17 43 58] [1 2 3 4 5 6] [1 13] [1 2 5 7 10 13 17 52] [1 2 3 5 13 52] [1 2 3 4 5 7 8 10 13 17 19] [1 2 3 4 5 7 8 9 10 11] [1 2 3 4 5 7 8 17] [1 2 3 4 5 6 7 8 9 13 52 58] [] [] [] [] [] [] [] [] [] [] [] [] [] [] [] [] [] [] [] [] [] [] [] [] [] [] [] [] [] [] [] [] [] [] [] [] [] [] [] [] [] [] [] [] [] [] [] [] [] [] [] [] [] [] [] [] [] [] [] [] [] [] [] [] [] [] [] [] [] [] [] [] [] [] [] [] [] [] [] [] [] [] [] [] [] [] [] [] [] [] [] [] [] [] [] []
129 [] [1 2 3 5 8 10] [1 2 3 4 5] [1 2 3 4 5 7] [1 2 3 4 5 8] [1 2 3 5 8] [1 2 3 4 5 7 13 52] [1 2 3 4 5 7 8 10 13 17] [1 2 3 4 5 13] [1 2 3 4 5 10 13 52] [1 2 3 4 5 7 10] [1 2 3 4 5 7 9 10 13 52] [1 2 3 4 5 6 7 8 10] [1 2] [1 2 3 4 5 7 8 9 10 13 52] [1 2 3 4 5 7 10 13 17 52] [1 2 3 5 7] [1 2 5 10 13] [1 2 3 4 5 6 7 8 9 10 13 17 24] [1 2 3 5 7 9] [1 2 3 4 5 8 10 13] [1 5] [1 2 3 4 5 7 10 13] [1] [1 2 10] [1 2 4 5] [1 2 3 5 7 8 10 11] [1 2 3 4 5 6 7 8 10 11 17] [1 2 5] [1 2 4 5 7 9] [1 2 3 4 5 7 8 9 13] [1 2 3 4 5 7 8 10 17] [1 2 4 5 7] [1 2 3 4 5 7 8 10] [1 2 3 4 5 7 8] [1 2 3 5 7 10 13] [1 2 3 4 5 6 7 8 13 52] [1 2 3 4 5 7 8 13 17 52 58] [1 2 3 4 5 7 8 10 13 52] [1 2 4 5 6 7 8 11 13] [1 2 3 4 5 7 9 13] [1 2 3 4 5 6 7] [1 2 3 4 5 6 7 8 9] [1 2 4 5 7 8 10 13] [1 2 13 52] [1 2 3 4 5 7 9] [1 2 3 4 5 7 8 9 10 13 17] [1 2 4 5 7 8 9 10 13 17 43] [1 2 3 4 5 10 13] [1 2 3 4 5 7 10 17] [1 2 3 4 5 8 13 52 58] [1 2 3 5] [1 2 3 4 5 6 8 13] [1 2 4 5 6 8 11] [1 2 3 5 7 8] [1 2 5 7] [1 2 3 4 5 7 8 10 13] [1 2 3 5 8 10 13 19 52] [1 2 3 5 7 10] [1 2 3 4 5 7 8 13] [1 2 3 4 5 7 13] [1 2 4 5 7 13] [1 2 3 5 8 10 13] [1 2 3 5 7 8 10 19] [1 2 4 5 8] [1 2 3 4 5 8 10 19] [1 2 3 5 10] [1 2 3 4 5 8 13 17] [1 2 3 5 13] [1 2 4 5 7 13 52] [1 2 3 5 7 8 10 13] [1 2 3 4 5 10] [1 2 3 4 5 7 8 13 17] [1 2 3 13] [1 2 3 4 5 7 8 10 13 17 24] [1 2 3 4 5 7 10 13 17] [1 2 5 7 10] [1 2 3 4 5 8 10 13 19 52 58] [1 2 3 4 5 8 10 13 17] [1 2 3 4 5 13 52] [1 2 3 4 5 8 10] [1 2 3 4 5 6 8 11 13 52 58] [1 2 3 5 10 13] [1 5 27] [1 2 4 5 6 7 8 9 10 13] [1 2 3 4 5 7 17] [1 2 3 4] [1 2 7 13] [1 2 4 5 6 8] [1 2 3 4 5 7 8 10 13 17 52] [1 2 3] [1 2 3 4 5 13 52 58] [1 2 4 5 7 9 10] [1 2 3 4 5 7 8 13 52] [1 2 3 5 7 10 13 52] [1 2 3 5 7 13] [1 2 3 4 5 7 10 17 43 58] [1 2 3 4 5 6] [1 13] [1 2 5 7 10 13 17 52] [1 2 3 5 13 52] [1 2 3 4 5 7 8 10 13 17 19] [1 2 3 4 5 7 8 9 10 11] [1 2 3 4 5 7 8 17] [1 2 3 4 5 6 7 8 9 13 52 58] [] [] [] [] [] [] [] [] [] [] [] [] [] [] [] [] [] [] [] [] [] [] [] [] [] [] [] [] [] [] [] [] [] [] [] [] [] [] [] [] [] [] [] [] [] [] [] [] [] [] [] [] [] [] [] [] [] [] [] [] [] [] [] [] [] [] [] [] [] [] [] [] [] [] [] [] [] [] [] [] [] [] [] [] [] [] [] [] [] [] [] [] [] [] [] []
130 [] [1 2 3 4 5 7] [1 2 3 4 5 8] [1 2 3 5 8] [1 2 3 4 5 7 13 52] [1 2 3 4 5 7 8 10 13 17] [1 2 3 4 5 13] [1 2 3 4 5 10 13 52] [1 2 3 4 5 7 10] [1 2 3 4 5 7 9 10 13 52] [1 2 3 4 5 6 7 8 10] [1 2] [1 2 3 4 5 7 8 9 10 13 52] [1 2 3 4 5 7 10 13 17 52] [1 2 3 5 7] [1 2 5 10 13] [1 2 3 4 5 6 7 8 9 10 13 17 24] [1 2 3 5 7 9] [1 2 3 4 5 8 10 13] [1 5] [1 2 3 4 5 7 10 13] [1] [1 2 10] [1 2 4 5] [1 2 3 5 7 8 10 11] [1 2 3 4 5 6 7 8 10 11 17] [1 2 5] [1 2 4 5 7 9] [1 2 3 4 5 7 8 9 13] [1 2 3 4 5 7 8 10 17] [1 2 4 5 7] [1 2 3 4 5 7 8 10] [1 2 3 4 5 7 8] [1 2 3 5 7 10 13] [1 2 3 4 5 6 7 8 13 52] [1 2 3 4 5 7 8 13 17 52 58] [1 2 3 4 5 7 8 10 13 52] [1 2 4 5 6 7 8 11 13] [1 2 3 4 5 7 9 13] [1 2 3 4 5 6 7] [1 2 3 4 5 6 7 8 9] [1 2 4 5 7 8 10 13] [1 2 13 52] [1 2 3 4 5 7 9] [1 2 3 4 5 7 8 9 10 13 17] [1 2 4 5 7 8 9 10 13 17 43] [1 2 3 4 5 10 13] [1 2 3 4 5 7 10 17] [1 2 3 4 5 8 13 52 58] [1 2 3 5] [1 2 3 4 5 6 8 13] [1 2 4 5 6 8 11] [1 2 3 5 7 8] [1 2 5 7] [1 2 3 4 5 7 8 10 13] [1 2 3 5 8 10 13 19 52] [1 2 3 4 5] [1 2 3 5 7 10] [1 2 3 4 5 7 8 13] [1 2 3 4 5 7 13] [1 2 4 5 7 13] [1 2 3 5 8 10 13] [1 2 3 5 7 8 10 19] [1 2 4 5 8] [1 2 3 4 5 8 10 19] [1 2 3 5 10] [1 2 3 4 5 8 13 17] [1 2 3 5 13] [1 2 4 5 7 13 52] [1 2 3 5 7 8 10 13] [1 2 3 4 5 10] [1 2 3 4 5 7 8 13 17] [1 2 3 13] [1 2 3 4 5 7 8 10 13 17 24] [1 2 3 4 5 7 10 13 17] [1 2 5 7 10] [1 2 3 4 5 8 10 13 19 52 58] [1 2 3 4 5 8 10 13 17] [1 2 3 4 5 13 52] [1 2 3 4 5 8 10] [1 2 3 4 5 6 8 11 13 52 58] [1 2 3 5 10 13] [1 5 27] [1 2 4 5 6 7 8 9 10 13] [1 2 3 4 5 7 17] [1 2 3 4] [1 2 7 13] [1 2 4 5 6 8] [1 2 3 4 5 7 8 10 13 17 52] [1 2 3] [1 2 3 4 5 13 52 58] [1 2 4 5 7 9 10] [1 2 3 4 5 7 8 13 52] [1 2 3 5 7 10 13 52] [1 2 3 5 7 13] [1 2 3 4 5 7 10 17 43 58] [1 2 3 4 5 6] [1 13] [1 2 5 7 10 13 17 52] [1 2 3 5 13 52] [1 2 3 4 5 7 8 10 13 17 19] [1 2 3 4 5 7 8 9 10 11] [1 2 3 4 5 7 8 17] [1 2 3 4 5 6 7 8 9 13 52 58] [] [] [] [] [] [] [] [] [] [] [] [] [] [] [] [] [] [] [] [] [] [] [] [] [] [] [] [] [] [] [] [] [] [] [] [] [] [] [] [] [] [] [] [] [] [] [] [] [] [] [] [] [] [] [] [] [] [] [] [] [] [] [] [] [] [] [] [] [] [] [] [] [] [] [] [] [] [] [] [] [] [] [] [] [] [] [] [] [] [] [] [] [] [] [] [] []
131 [] [1 2 3 5 8] [1 2 3 4 5 7 13 52] [1 2 3 4 5 7 8 10 13 17] [1 2 3 4 5 13] [1 2 3 4 5 8] [1 2 3 4 5 10 13 52] [1 2 3 4 5 7 10] [1 2 3 4 5 7 9 10 13 52] [1 2 3 4 5 7] [1 2 3 4 5 6 7 8 10] [1 2] [1 2 3 4 5 7 8 9 10 13 52] [1 2 3 4 5 7 10 13 17 52] [1 2 3 5 7] [1 2 5 10 13] [1 2 3 4 5 6 7 8 9 10 13 17 24] [1 2 3 5 7 9] [1 2 3 4 5 8 10 13] [1 5] [1 2 3 4 5 7 10 13] [1] [1 2 10] [1 2 4 5] [1 2 3 5 7 8 10 11] [1 2 3 4 5 6 7 8 10 11 17] [1 2 5] [1 2 4 5 7 9] [1 2 3 4 5 7 8 9 13] [1 2 3 4 5 7 8 10 17] [1 2 4 5 7] [1 2 3 4 5 7 8 10] [1 2 3 4 5 7 8] [1 2 3 5 7 10 13] [1 2 3 4 5 6 7 8 13 52] [1 2 3 4 5 7 8 13 17 52 58] [1 2 3 4 5 7 8 10 13 52] [1 2 4 5 6 7 8 11 13] [1 2 3 4 5 7 9 13] [1 2 3 4 5 6 7] [1 2 3 4 5 6 7 8 9] [1 2 4 5 7 8 10 13] [1 2 13 52] [1 2 3 4 5 7 9] [1 2 3 4 5 7 8 9 10 13 17] [1 2 4 5 7 8 9 10 13 17 43] [1 2 3 4 5 10 13] [1 2 3 4 5 7 10 17] [1 2 3 4 5 8 13 52 58] [1 2 3 5] [1 2 3 4 5 6 8 13] [1 2 4 5 6 8 11] [1 2 3 5 7 8] [1 2 5 7] [1 2 3 4 5 7 8 10 13] [1 2 3 5 8 10 13 19 52] [1 2 3 4 5] [1 2 3 5 7 10] [1 2 3 4 5 7 8 13] [1 2 3 4 5 7 13] [1 2 4 5 7 13] [1 2 3 5 8 10 13] [1 2 3 5 7 8 10 19] [1 2 4 5 8] [1 2 3 4 5 8 10 19] [1 2 3 5 10] [1 2 3 4 5 8 13 17] [1 2 3 5 13] [1 2 4 5 7 13 52] [1 2 3 5 7 8 10 13] [1 2 3 4 5 10] [1 2 3 4 5 7 8 13 17] [1 2 3 13] [1 2 3 4 5 7 8 10 13 17 24] [1 2 3 4 5 7 10 13 17] [1 2 5 7 10] [1 2 3 4 5 8 10 13 19 52 58] [1 2 3 4 5 8 10 13 17] [1 2 3 4 5 13 52] [1 2 3 4 5 8 10] [1 2 3 4 5 6 8 11 13 52 58] [1 2 3 5 10 13] [1 5 27] [1 2 4 5 6 7 8 9 10 13] [1 2 3 4 5 7 17] [1 2 3 4] [1 2 7 13] [1 2 4 5 6 8] [1 2 3 4 5 7 8 10 13 17 52] [1 2 3] [1 2 3 4 5 13 52 58] [1 2 4 5 7 9 10] [1 2 3 4 5 7 8 13 52] [1 2 3 5 7 10 13 52] [1 2 3 5 7 13] [1 2 3 4 5 7 10 17 43 58] [1 2 3 4 5 6] [1 13] [1 2 5 7 10 13 17 52] [1 2 3 5 13 52] [1 2 3 4 5 7 8 10 13 17 19] [1 2 3 4 5 7 8 9 10 11] [1 2 3 4 5 7 8 17] [1 2 3 4 5 6 7 8 9 13 52 58] [] [] [] [] [] [] [] [] [] [] [] [] [] [] [] [] [] [] [] [] [] [] [] [] [] [] [] [] [] [] [] [] [] [] [] [] [] [] [] [] [] [] [] [] [] [] [] [] [] [] [] [] [] [] [] [] [] [] [] [] [] [] [] [] [] [] [] [] [] [] [] [] [] [] [] [] [] [] [] [] [] [] [] [] [] [] [] [] [] [] [] [] [] [] [] [] []
132 [] [1 2 3 4 5 7 13 52] [1 2 3 4 5 7 8 10 13 17] [1 2 3 4 5 13] [1 2 3 4 5 8] [1 2 3 4 5 10 13 52] [1 2 3 4 5 7 10] [1 2 3 4 5 7 9 10 13 52] [1 2 3 4 5 7] [1 2 3 4 5 6 7 8 10] [1 2] [1 2 3 4 5 7 8 9 10 13 52] [1 2 3 4 5 7 10 13 17 52] [1 2 3 5 7] [1 2 5 10 13] [1 2 3 4 5 6 7 8 9 10 13 17 24] [1 2 3 5 7 9] [1 2 3 4 5 8 10 13] [1 5] [1 2 3 4 5 7 10 13] [1] [1 2 10] [1 2 4 5] [1 2 3 5 7 8 10 11] [1 2 3 4 5 6 7 8 10 11 17] [1 2 5] [1 2 4 5 7 9] [1 2 3 4 5 7 8 9 13] [1 2 3 4 5 7 8 10 17] [1 2 4 5 7] [1 2 3 4 5 7 8 10] [1 2 3 4 5 7 8] [1 2 3 5 7 10 13] [1 2 3 4 5 6 7 8 13 52] [1 2 3 4 5 7 8 13 17 52 58] [1 2 3 4 5 7 8 10 13 52] [1 2 4 5 6 7 8 11 13] [1 2 3 4 5 7 9 13] [1 2 3 4 5 6 7] [1 2 3 4 5 6 7 8 9] [1 2 4 5 7 8 10 13] [1 2 13 52] [1 2 3 4 5 7 9] [1 2 3 4 5 7 8 9 10 13 17] [1 2 4 5 7 8 9 10 13 17 43] [1 2 3 4 5 10 13] [1 2 3 4 5 7 10 17] [1 2 3 4 5 8 13 52 58] [1 2 3 5] [1 2 3 4 5 6 8 13] [1 2 4 5 6 8 11] [1 2 3 5 7 8] [1 2 5 7] [1 2 3 4 5 7 8 10 13] [1 2 3 5 8 10 13 19 52] [1 2 3 4 5] [1 2 3 5 7 10] [1 2 3 4 5 7 8 13] [1 2 3 4 5 7 13] [1 2 4 5 7 13] [1 2 3 5 8 10 13] [1 2 3 5 7 8 10 19] [1 2 4 5 8] [1 2 3 4 5 8 10 19] [1 2 3 5 10] [1 2 3 4 5 8 13 17] [1 2 3 5 13] [1 2 4 5 7 13 52] [1 2 3 5 7 8 10 13] [1 2 3 4 5 10] [1 2 3 4 5 7 8 13 17] [1 2 3 13] [1 2 3 4 5 7 8 10 13 17 24] [1 2 3 4 5 7 10 13 17] [1 2 5 7 10] [1 2 3 4 5 8 10 13 19 52 58] [1 2 3 4 5 8 10 13 17] [1 2 3 4 5 13 52] [1 2 3 4 5 8 10] [1 2 3 4 5 6 8 11 13 52 58] [1 2 3 5 10 13] [1 5 27] [1 2 4 5 6 7 8 9 10 13] [1 2 3 5 8] [1 2 3 4 5 7 17] [1 2 3 4] [1 2 7 13] [1 2 4 5 6 8] [1 2 3 4 5 7 8 10 13 17 52] [1 2 3] [1 2 3 4 5 13 52 58] [1 2 4 5 7 9 10] [1 2 3 4 5 7 8 13 52] [1 2 3 5 7 10 13 52] [1 2 3 5 7 13] [1 2 3 4 5 7 10 17 43 58] [1 2 3 4 5 6] [1 13] [1 2 5 7 10 13 17 52] [1 2 3 5 13 52] [1 2 3 4 5 7 8 10 13 17 19] [1 2 3 4 5 7 8 9 10 11] [1 2 3 4 5 7 8 17] [1 2 3 4 5 6 7 8 9 13 52 58] [] [] [] [] [] [] [] [] [] [] [] [] [] [] [] [] [] [] [] [] [] [] [] [] [] [] [] [] [] [] [] [] [] [] [] [] [] [] [] [] [] [] [] [] [] [] [] [] [] [] [] [] [] [] [] [] [] [] [] [] [] [] [] [] [] [] [] [] [] [] [] [] [] [] [] [] [] [] [] [] [] [] [] [] [] [] [] [] [] [] [] [] [] [] [] [] []
133 [] [1 2 3 4 5 13] [1 2 3 4 5 8] [1 2 3 4 5 10 13 52] [1 2 3 4 5 7 10] [1 2 3 4 5 7 9 10 13 52] [1 2 3 4 5 7] [1 2 3 4 5 6 7 8 10] [1 2] [1 2 3 4 5 7 8 9 10 13 52] [1 2 3 4 5 7 10 13 17 52] [1 2 3 5 7] [1 2 5 10 13] [1 2 3 4 5 6 7 8 9 10 13 17 24] [1 2 3 5 7 9] [1 2 3 4 5 8 10 13] [1 5] [1 2 3 4 5 7 10 13] [1] [1 2 10] [1 2 4 5] [1 2 3 5 7 8 10 11] [1 2 3 4 5 6 7 8 10 11 17] [1 2 5] [1 2 4 5 7 9] [1 2 3 4 5 7 8 9 13] [1 2 3 4 5 7 8 10 17] [1 2 4 5 7] [1 2 3 4 5 7 8 10] [1 2 3 4 5 7 8] [1 2 3 5 7 10 13] [1 2 3 4 5 6 7 8 13 52] [1 2 3 4 5 7 8 13 17 52 58] [1 2 3 4 5 7 8 10 13 52] [1 2 4 5 6 7 8 11 13] [1 2 3 4 5 7 9 13] [1 2 3 4 5 6 7] [1 2 3 4 5 6 7 8 9] [1 2 4 5 7 8 10 13] [1 2 13 52] [1 2 3 4 5 7 9] [1 2 3 4 5 7 8 9 10 13 17] [1 2 4 5 7 8 9 10 13 17 43] [1 2 3 4 5 10 13] [1 2 3 4 5 7 10 17] [1 2 3 4 5 8 13 52 58] [1 2 3 5] [1 2 3 4 5 6 8 13] [1 2 4 5 6 8 11] [1 2 3 5 7 8] [1 2 5 7] [1 2 3 4 5 7 8 10 13] [1 2 3 5 8 10 13 19 52] [1 2 3 4 5] [1 2 3 5 7 10] [1 2 3 4 5 7 8 13] [1 2 3 4 5 7 13] [1 2 4 5 7 13] [1 2 3 5 8 10 13] [1 2 3 5 7 8 10 19] [1 2 4 5 8] [1 2 3 4 5 8 10 19] [1 2 3 5 10] [1 2 3 4 5 8 13 17] [1 2 3 5 13] [1 2 3 4 5 7 13 52] [1 2 4 5 7 13 52] [1 2 3 4 5 7 8 10 13 17] [1 2 3 5 7 8 10 13] [1 2 3 4 5 10] [1 2 3 4 5 7 8 13 17] [1 2 3 13] [1 2 3 4 5 7 8 10 13 17 24] [1 2 3 4 5 7 10 13 17] [1 2 5 7 10] [1 2 3 4 5 8 10 13 19 52 58] [1 2 3 4 5 8 10 13 17] [1 2 3 4 5 13 52] [1 2 3 4 5 8 10] [1 2 3 4 5 6 8 11 13 52 58] [1 2 3 5 10 13] [1 5 27] [1 2 4 5 6 7 8 9 10 13] [1 2 3 5 8] [1 2 3 4 5 7 17] [1 2 3 4] [1 2 7 13] [1 2 4 5 6 8] [1 2 3 4 5 7 8 10 13 17 52] [1 2 3] [1 2 3 4 5 13 52 58] [1 2 4 5 7 9 10] [1 2 3 4 5 7 8 13 52] [1 2 3 5 7 10 13 52] [1 2 3 5 7 13] [1 2 3 4 5 7 10 17 43 58] [1 2 3 4 5 6] [1 13] [1 2 5 7 10 13 17 52] [1 2 3 5 13 52] [1 2 3 4 5 7 8 10 13 17 19] [1 2 3 4 5 7 8 9 10 11] [1 2 3 4 5 7 8 17] [1 2 3 4 5 6 7 8 9 13 52 58] [] [] [] [] [] [] [] [] [] [] [] [] [] [] [] [] [] [] [] [] [] [] [] [] [] [] [] [] [] [] [] [] [] [] [] [] [] [] [] [] [] [] [] [] [] [] [] [] [] [] [] [] [] [] [] [] [] [] [] [] [] [] [] [] [] [] [] [] [] [] [] [] [] [] [] [] [] [] [] [] [] [] [] [] [] [] [] [] [] [] [] [] [] [] [] [] []
134 [] [1 2 3 4 5 10 13 52] [1 2 3 4 5 7] [1 2 3 4 5 7 10] [1 2 3 4 5 7 9 10 13 52] [1 2 3 4 5 6 7 8 10] [1 2] [1 2 3 4 5 7 8 9 10 13 52] [1 2 3 4 5 8] [1 2 3 4 5 7 10 13 17 52] [1 2 3 5 7] [1 2 3 4 5 13] [1 2 5 10 13] [1 2 3 4 5 6 7 8 9 10 13 17 24] [1 2 3 5 7 9] [1 2 3 4 5 8 10 13] [1 5] [1 2 3 4 5 7 10 13] [1] [1 2 10] [1 2 4 5] [1 2 3 5 7 8 10 11] [1 2 3 4 5 6 7 8 10 11 17] [1 2 5] [1 2 4 5 7 9] [1 2 3 4 5 7 8 9 13] [1 2 3 4 5 7 8 10 17] [1 2 4 5 7] [1 2 3 4 5 7 8 10] [1 2 3 4 5 7 8] [1 2 3 5 7 10 13] [1 2 3 4 5 6 7 8 13 52] [1 2 3 4 5 7 8 13 17 52 58] [1 2 3 4 5 7 8 10 13 52] [1 2 4 5 6 7 8 11 13] [1 2 3 4 5 7 9 13] [1 2 3 4 5 6 7] [1 2 3 4 5 6 7 8 9] [1 2 4 5 7 8 10 13] [1 2 13 52] [1 2 3 4 5 7 9] [1 2 3 4 5 7 8 9 10 13 17] [1 2 4 5 7 8 9 10 13 17 43] [1 2 3 4 5 10 13] [1 2 3 4 5 7 10 17] [1 2 3 4 5 8 13 52 58] [1 2 3 5] [1 2 3 4 5 6 8 13] [1 2 4 5 6 8 11] [1 2 3 5 7 8] [1 2 5 7] [1 2 3 4 5 7 8 10 13] [1 2 3 5 8 10 13 19 52] [1 2 3 4 5] [1 2 3 5 7 10] [1 2 3 4 5 7 8 13] [1 2 3 4 5 7 13] [1 2 4 5 7 13] [1 2 3 5 8 10 13] [1 2 3 5 7 8 10 19] [1 2 4 5 8] [1 2 3 4 5 8 10 19] [1 2 3 5 10] [1 2 3 4 5 8 13 17] [1 2 3 5 13] [1 2 3 4 5 7 13 52] [1 2 4 5 7 13 52] [1 2 3 4 5 7 8 10 13 17] [1 2 3 5 7 8 10 13] [1 2 3 4 5 10] [1 2 3 4 5 7 8 13 17] [1 2 3 13] [1 2 3 4 5 7 8 10 13 17 24] [1 2 3 4 5 7 10 13 17] [1 2 5 7 10] [1 2 3 4 5 8 10 13 19 52 58] [1 2 3 4 5 8 10 13 17] [1 2 3 4 5 13 52] [1 2 3 4 5 8 10] [1 2 3 4 5 6 8 11 13 52 58] [1 2 3 5 10 13] [1 5 27] [1 2 4 5 6 7 8 9 10 13] [1 2 3 5 8] [1 2 3 4 5 7 17] [1 2 3 4] [1 2 7 13] [1 2 4 5 6 8] [1 2 3 4 5 7 8 10 13 17 52] [1 2 3] [1 2 3 4 5 13 52 58] [1 2 4 5 7 9 10] [1 2 3 4 5 7 8 13 52] [1 2 3 5 7 10 13 52] [1 2 3 5 7 13] [1 2 3 4 5 7 10 17 43 58] [1 2 3 4 5 6] [1 13] [1 2 5 7 10 13 17 52] [1 2 3 5 13 52] [1 2 3 4 5 7 8 10 13 17 19] [1 2 3 4 5 7 8 9 10 11] [1 2 3 4 5 7 8 17] [1 2 3 4 5 6 7 8 9 13 52 58] [] [] [] [] [] [] [] [] [] [] [] [] [] [] [] [] [] [] [] [] [] [] [] [] [] [] [] [] [] [] [] [] [] [] [] [] [] [] [] [] [] [] [] [] [] [] [] [] [] [] [] [] [] [] [] [] [] [] [] [] [] [] [] [] [] [] [] [] [] [] [] [] [] [] [] [] [] [] [] [] [] [] [] [] [] [] [] [] [] [] [] [] [] [] [] [] []
135 [] [1 2 3 4 5 7 10] [1 2 3 4 5 7 9 10 13 52] [1 2 3 4 5 7] [1 2 3 4 5 6 7 8 10] [1 2] [1 2 3 4 5 7 8 9 10 13 52] [1 2 3 4 5 8] [1 2 3 4 5 7 10 13 17 52] [1 2 3 5 7] [1 2 3 4 5 13] [1 2 5 10 13] [1 2 3 4 5 6 7 8 9 10 13 17 24] [1 2 3 5 7 9] [1 2 3 4 5 8 10 13] [1 5] [1 2 3 4 5 7 10 13] [1] [1 2 10] [1 2 4 5] [1 2 3 5 7 8 10 11] [1 2 3 4 5 6 7 8 10 11 17] [1 2 5] [1 2 4 5 7 9] [1 2 3 4 5 7 8 9 13] [1 2 3 4 5 7 8 10 17] [1 2 4 5 7] [1 2 3 4 5 7 8 10] [1 2 3 4 5 7 8] [1 2 3 5 7 10 13] [1 2 3 4 5 6 7 8 13 52] [1 2 3 4 5 7 8 13 17 52 58] [1 2 3 4 5 7 8 10 13 52] [1 2 4 5 6 7 8 11 13] [1 2 3 4 5 7 9 13] [1 2 3 4 5 6 7] [1 2 3 4 5 6 7 8 9] [1 2 4 5 7 8 10 13] [1 2 13 52] [1 2 3 4 5 7 9] [1 2 3 4 5 7 8 9 10 13 17] [1 2 4 5 7 8 9 10 13 17 43] [1 2 3 4 5 10 13] [1 2 3 4 5 7 10 17] [1 2 3 4 5 8 13 52 58] [1 2 3 5] [1 2 3 4 5 6 8 13] [1 2 4 5 6 8 11] [1 2 3 5 7 8] [1 2 5 7] [1 2 3 4 5 7 8 10 13] [1 2 3 5 8 10 13 19 52] [1 2 3 4 5] [1 2 3 5 7 10] [1 2 3 4 5 7 8 13] [1 2 3 4 5 7 13] [1 2 4 5 7 13] [1 2 3 5 8 10 13] [1 2 3 5 7 8 10 19] [1 2 4 5 8] [1 2 3 4 5 8 10 19] [1 2 3 5 10] [1 2 3 4 5 8 13 17] [1 2 3 5 13] [1 2 3 4 5 7 13 52] [1 2 4 5 7 13 52] [1 2 3 4 5 7 8 10 13 17] [1 2 3 5 7 8 10 13] [1 2 3 4 5 10] [1 2 3 4 5 7 8 13 17] [1 2 3 13] [1 2 3 4 5 7 8 10 13 17 24] [1 2 3 4 5 7 10 13 17] [1 2 5 7 10] [1 2 3 4 5 8 10 13 19 52 58] [1 2 3 4 5 8 10 13 17] [1 2 3 4 5 13 52] [1 2 3 4 5 8 10] [1 2 3 4 5 6 8 11 13 52 58] [1 2 3 5 10 13] [1 5 27] [1 2 4 5 6 7 8 9 10 13] [1 2 3 5 8] [1 2 3 4 5 7 17] [1 2 3 4] [1 2 7 13] [1 2 4 5 6 8] [1 2 3 4 5 7 8 10 13 17 52] [1 2 3] [1 2 3 4 5 13 52 58] [1 2 4 5 7 9 10] [1 2 3 4 5 7 8 13 52] [1 2 3 5 7 10 13 52] [1 2 3 5 7 13] [1 2 3 4 5 7 10 17 43 58] [1 2 3 4 5 6] [1 13] [1 2 5 7 10 13 17 52] [1 2 3 5 13 52] [1 2 3 4 5 7 8 10 13 17 19] [1 2 3 4 5 7 8 9 10 11] [1 2 3 4 5 7 8 17] [1 2 3 4 5 6 7 8 9 13 52 58] [] [] [] [] [] [] [] [] [] [] [] [] [] [] [] [] [] [] [] [] [] [] [] [] [] [] [] [] [] [] [] [] [] [] [] [] [] [] [] [] [] [] [] [] [] [] [] [] [] [] [] [] [] [] [] [] [] [] [] [] [] [] [] [] [] [] [] [] [] [] [] [] [] [] [] [] [] [] [] [] [] [] [] [] [] [] [] [] [] [] [] [] [] [] [] [] [] []
136 [] [1 2 3 4 5 7 9 10 13 52] [1 2 3 4 5 8 13] [1 2 3 4 5 7] [1 2 3 4 5 6 7 8 10] [1 2] [1 2 3 4 5 7 8 9 10 13 52] [1 2 3 4 5 7 10 13 17 52] [1 2 3 5 7] [1 2 3 4 5 13] [1 2 5 10 13] [1 2 3 4 5 6 7 8 9 10 13 17 24] [1 2 3 5 7 9] [1 2 3 4 5 8 10 13] [1 5] [1 2 3 4 5 7 10 13] [1] [1 2 10] [1 2 4 5] [1 2 3 5 7 8 10 11] [1 2 3 4 5 6 7 8 10 11 17] [1 2 5] [1 2 4 5 7 9] [1 2 3 4 5 7 8 9 13] [1 2 3 4 5 7 8 10 17] [1 2 4 5 7] [1 2 3 4 5 7 8 10] [1 2 3 4 5 7 8] [1 2 3 5 7 10 13] [1 2 3 4 5 6 7 8 13 52] [1 2 3 4 5 7 8 13 17 52 58] [1 2 3 4 5 7 8 10 13 52] [1 2 4 5 6 7 8 11 13] [1 2 3 4 5 7 9 13] [1 2 3 4 5 6 7] [1 2 3 4 5 6 7 8 9] [1 2 4 5 7 8 10 13] [1 2 13 52] [1 2 3 4 5 7 9] [1 2 3 4 5 7 8 9 10 13 17] [1 2 4 5 7 8 9 10 13 17 43] [1 2 3 4 5 10 13] [1 2 3 4 5 7 10 17] [1 2 3 4 5 8 13 52 58] [1 2 3 5] [1 2 3 4 5 6 8 13] [1 2 4 5 6 8 11] [1 2 3 5 7 8] [1 2 5 7] [1 2 3 4 5 7 8 10 13] [1 2 3 5 8 10 13 19 52] [1 2 3 4 5] [1 2 3 4 5 8] [1 2 3 4 5 7 10] [1 2 3 5 7 10] [1 2 3 4 5 7 8 13] [1 2 3 4 5 7 13] [1 2 4 5 7 13] [1 2 3 5 8 10 13] [1 2 3 5 7 8 10 19] [1 2 4 5 8] [1 2 3 4 5 8 10 19] [1 2 3 5 10] [1 2 3 4 5 8 13 17] [1 2 3 5 13] [1 2 3 4 5 7 13 52] [1 2 4 5 7 13 52] [1 2 3 4 5 7 8 10 13 17] [1 2 3 5 7 8 10 13] [1 2 3 4 5 10] [1 2 3 4 5 7 8 13 17] [1 2 3 13] [1 2 3 4 5 7 8 10 13 17 24] [1 2 3 4 5 7 10 13 17] [1 2 5 7 10] [1 2 3 4 5 8 10 13 19 52 58] [1 2 3 4 5 8 10 13 17] [1 2 3 4 5 13 52] [1 2 3 4 5 8 10] [1 2 3 4 5 6 8 11 13 52 58] [1 2 3 5 10 13] [1 5 27] [1 2 4 5 6 7 8 9 10 13] [1 2 3 5 8] [1 2 3 4 5 7 17] [1 2 3 4] [1 2 7 13] [1 2 4 5 6 8] [1 2 3 4 5 7 8 10 13 17 52] [1 2 3] [1 2 3 4 5 13 52 58] [1 2 4 5 7 9 10] [1 2 3 4 5 7 8 13 52] [1 2 3 5 7 10 13 52] [1 2 3 5 7 13] [1 2 3 4 5 7 10 17 43 58] [1 2 3 4 5 6] [1 13] [1 2 5 7 10 13 17 52] [1 2 3 5 13 52] [1 2 3 4 5 7 8 10 13 17 19] [1 2 3 4 5 7 8 9 10 11] [1 2 3 4 5 7 8 17] [1 2 3 4 5 6 7 8 9 13 52 58] [] [] [] [] [] [] [] [] [] [] [] [] [] [] [] [] [] [] [] [] [] [] [] [] [] [] [] [] [] [] [] [] [] [] [] [] [] [] [] [] [] [] [] [] [] [] [] [] [] [] [] [] [] [] [] [] [] [] [] [] [] [] [] [] [] [] [] [] [] [] [] [] [] [] [] [] [] [] [] [] [] [] [] [] [] [] [] [] [] [] [] [] [] [] [] [] []
137 [] [1 2 3 4 5 8 13] [1 2 3 4 5 7] [1 2 3 4 5 6 7 8 10] [1 2] [1 2 3 4 5 7 8 9 10 13 52] [1 2 3 4 5 7 10 13 17 52] [1 2 3 5 7] [1 2 3 4 5 13] [1 2 5 10 13] [1 2 3 4 5 6 7 8 9 10 13 17 24] [1 2 3 5 7 9] [1 2 3 4 5 8 10 13] [1 5] [1 2 3 4 5 7 10 13] [1] [1 2 10] [1 2 4 5] [1 2 3 5 7 8 10 11] [1 2 3 4 5 6 7 8 10 11 17] [1 2 5] [1 2 4 5 7 9] [1 2 3 4 5 7 8 9 13] [1 2 3 4 5 7 8 10 17] [1 2 4 5 7] [1 2 3 4 5 7 8 10] [1 2 3 4 5 7 8] [1 2 3 5 7 10 13] [1 2 3 4 5 6 7 8 13 52] [1 2 3 4 5 7 8 13 17 52 58] [1 2 3 4 5 7 8 10 13 52] [1 2 4 5 6 7 8 11 13] [1 2 3 4 5 7 9 13] [1 2 3 4 5 6 7] [1 2 3 4 5 6 7 8 9] [1 2 4 5 7 8 10 13] [1 2 13 52] [1 2 3 4 5 7 9] [1 2 3 4 5 7 8 9 10 13 17] [1 2 4 5 7 8 9 10 13 17 43] [1 2 3 4 5 10 13] [1 2 3 4 5 7 10 17] [1 2 3 4 5 8 13 52 58] [1 2 3 5] [1 2 3 4 5 6 8 13] [1 2 4 5 6 8 11] [1 2 3 5 7 8] [1 2 5 7] [1 2 3 4 5 7 8 10 13] [1 2 3 5 8 10 13 19 52] [1 2 3 4 5] [1 2 3 4 5 8] [1 2 3 4 5 7 10] [1 2 3 5 7 10] [1 2 3 4 5 7 8 13] [1 2 3 4 5 7 13] [1 2 4 5 7 13] [1 2 3 5 8 10 13] [1 2 3 5 7 8 10 19] [1 2 4 5 8] [1 2 3 4 5 8 10 19] [1 2 3 5 10] [1 2 3 4 5 8 13 17] [1 2 3 5 13] [1 2 3 4 5 7 13 52] [1 2 4 5 7 13 52] [1 2 3 4 5 7 8 10 13 17] [1 2 3 5 7 8 10 13] [1 2 3 4 5 10] [1 2 3 4 5 7 8 13 17] [1 2 3 13] [1 2 3 4 5 7 8 10 13 17 24] [1 2 3 4 5 7 10 13 17] [1 2 5 7 10] [1 2 3 4 5 8 10 13 19 52 58] [1 2 3 4 5 8 10 13 17] [1 2 3 4 5 13 52] [1 2 3 4 5 8 10] [1 2 3 4 5 6 8 11 13 52 58] [1 2 3 5 10 13] [1 5 27] [1 2 4 5 6 7 8 9 10 13] [1 2 3 5 8] [1 2 3 4 5 7 17] [1 2 3 4] [1 2 7 13] [1 2 4 5 6 8] [1 2 3 4 5 7 8 10 13 17 52] [1 2 3] [1 2 3 4 5 13 52 58] [1 2 4 5 7 9 10] [1 2 3 4 5 7 8 13 52] [1 2 3 5 7 10 13 52] [1 2 3 5 7 13] [1 2 3 4 5 7 10 17 43 58] [1 2 3 4 5 6] [1 13] [1 2 5 7 10 13 17 52] [1 2 3 5 13 52] [1 2 3 4 5 7 8 10 13 17 19] [1 2 3 4 5 7 8 9 10 11] [1 2 3 4 5 7 8 17] [1 2 3 4 5 6 7 8 9 13 52 58] [] [] [] [] [] [] [] [] [] [] [] [] [] [] [] [] [] [] [] [] [] [] [] [] [] [] [] [] [] [] [] [] [] [] [] [] [] [] [] [] [] [] [] [] [] [] [] [] [] [] [] [] [] [] [] [] [] [] [] [] [] [] [] [] [] [] [] [] [] [] [] [] [] [] [] [] [] [] [] [] [] [] [] [] [] [] [] [] [] [] [] [] [] [] [] [] [] []
138 [] [1 2 3 4 5 8 13] [1 2 3 4 5 7] [1 2 3 4 5 6 7 8 10] [1 2] [1 2 3 4 5 7 8 9 10 13 52] [1 2 3 4 5 7 10 13 17 52] [1 2 3 5 7] [1 2 3 4 5 13] [1 2 5 10 13] [1 2 3 4 5 6 7 8 9 10 13 17 24] [1 2 3 5 7 9] [1 2 3 4 5 8 10 13] [1 5] [1 2 3 4 5 7 10 13] [1] [1 2 10] [1 2 4 5] [1 2 3 5 7 8 10 11] [1 2 3 4 5 6 7 8 10 11 17] [1 2 5] [1 2 4 5 7 9] [1 2 3 4 5 7 8 9 13] [1 2 3 4 5 7 8 10 17] [1 2 4 5 7] [1 2 3 4 5 7 8 10] [1 2 3 4 5 7 8] [1 2 3 5 7 10 13] [1 2 3 4 5 6 7 8 13 52] [1 2 3 4 5 7 8 13 17 52 58] [1 2 3 4 5 7 8 10 13 52] [1 2 4 5 6 7 8 11 13] [1 2 3 4 5 7 9 13] [1 2 3 4 5 6 7] [1 2 3 4 5 6 7 8 9] [1 2 4 5 7 8 10 13] [1 2 13 52] [1 2 3 4 5 7 9] [1 2 3 4 5 7 8 9 10 13 17] [1 2 4 5 7 8 9 10 13 17 43] [1 2 3 4 5 10 13] [1 2 3 4 5 7 10 17] [1 2 3 4 5 8 13 52 58] [1 2 3 5] [1 2 3 4 5 6 8 13] [1 2 4 5 6 8 11] [1 2 3 5 7 8] [1 2 5 7] [1 2 3 4 5 7 8 10 13] [1 2 3 5 8 10 13 19 52] [1 2 3 4 5] [1 2 3 4 5 8] [1 2 3 4 5 7 10] [1 2 3 5 7 10] [1 2 3 4 5 7 8 13] [1 2 3 4 5 7 13] [1 2 4 5 7 13] [1 2 3 5 8 10 13] [1 2 3 5 7 8 10 19] [1 2 4 5 8] [1 2 3 4 5 8 10 19] [1 2 3 5 10] [1 2 3 4 5 8 13 17] [1 2 3 5 13] [1 2 3 4 5 7 13 52] [1 2 4 5 7 13 52] [1 2 3 4 5 7 8 10 13 17] [1 2 3 5 7 8 10 13] [1 2 3 4 5 10] [1 2 3 4 5 7 8 13 17] [1 2 3 13] [1 2 3 4 5 7 8 10 13 17 24] [1 2 3 4 5 7 10 13 17] [1 2 5 7 10] [1 2 3 4 5 8 10 13 19 52 58] [1 2 3 4 5 8 10 13 17] [1 2 3 4 5 13 52] [1 2 3 4 5 8 10] [1 2 3 4 5 6 8 11 13 52 58] [1 2 3 5 10 13] [1 5 27] [1 2 4 5 6 7 8 9 10 13] [1 2 3 5 8] [1 2 3 4 5 7 17] [1 2 3 4] [1 2 7 13] [1 2 4 5 6 8] [1 2 3 4 5 7 8 10 13 17 52] [1 2 3] [1 2 3 4 5 13 52 58] [1 2 4 5 7 9 10] [1 2 3 4 5 7 8 13 52] [1 2 3 5 7 10 13 52] [1 2 3 5 7 13] [1 2 3 4 5 7 10 17 43 58] [1 2 3 4 5 6] [1 13] [1 2 5 7 10 13 17 52] [1 2 3 5 13 52] [1 2 3 4 5 7 8 10 13 17 19] [1 2 3 4 5 7 8 9 10 11] [1 2 3 4 5 7 8 17] [1 2 3 4 5 6 7 8 9 13 52 58] [] [] [] [] [] [] [] [] [] [] [] [] [] [] [] [] [] [] [] [] [] [] [] [] [] [] [] [] [] [] [] [] [] [] [] [] [] [] [] [] [] [] [] [] [] [] [] [] [] [] [] [] [] [] [] [] [] [] [] [] [] [] [] [] [] [] [] [] [] [] [] [] [] [] [] [] [] [] [] [] [] [] [] [] [] [] [] [] [] [] [] [] [] [] [] [] [] []
139 [] [1 2 3 4 5 7] [1 2 3 4 5 6 7 8 10] [1 2] [1 2 3 4 5 7 8 9 10 13 52] [1 2 3 4 5 7 10 13 17 52] [1 2 3 5 7] [1 2 3 4 5 13] [1 2 5 10 13] [1 2 3 4 5 6 7 8 9 10 13 17 24] [1 2 3 5 7 9] [1 2 3 4 5 8 10 13] [1 5] [1 2 3 4 5 7 10 13] [1] [1 2 10] [1 2 4 5] [1 2 3 5 7 8 10 11] [1 2 3 4 5 6 7 8 10 11 17] [1 2 5] [1 2 4 5 7 9] [1 2 3 4 5 7 8 9 13] [1 2 3 4 5 7 8 10 17] [1 2 4 5 7] [1 2 3 4 5 7 8 10] [1 2 3 4 5 7 8] [1 2 3 5 7 10 13] [1 2 3 4 5 6 7 8 13 52] [1 2 3 4 5 7 8 13 17 52 58] [1 2 3 4 5 7 8 10 13 52] [1 2 4 5 6 7 8 11 13] [1 2 3 4 5 7 9 13] [1 2 3 4 5 6 7] [1 2 3 4 5 6 7 8 9] [1 2 4 5 7 8 10 13] [1 2 13 52] [1 2 3 4 5 7 9] [1 2 3 4 5 7 8 9 10 13 17] [1 2 4 5 7 8 9 10 13 17 43] [1 2 3 4 5 10 13] [1 2 3 4 5 7 10 17] [1 2 3 4 5 8 13 52 58] [1 2 3 5] [1 2 3 4 5 6 8 13] [1 2 4 5 6 8 11] [1 2 3 5 7 8] [1 2 5 7] [1 2 3 4 5 7 8 10 13] [1 2 3 5 8 10 13 19 52] [1 2 3 4 5] [1 2 3 4 5 8] [1 2 3 4 5 7 10] [1 2 3 5 7 10] [1 2 3 4 5 7 8 13] [1 2 3 4 5 7 13] [1 2 4 5 7 13] [1 2 3 5 8 10 13] [1 2 3 5 7 8 10 19] [1 2 4 5 8] [1 2 3 4 5 8 10 19] [1 2 3 5 10] [1 2 3 4 5 8 13 17] [1 2 3 5 13] [1 2 3 4 5 7 13 52] [1 2 4 5 7 13 52] [1 2 3 4 5 7 8 10 13 17] [1 2 3 5 7 8 10 13] [1 2 3 4 5 10] [1 2 3 4 5 7 8 13 17] [1 2 3 13] [1 2 3 4 5 7 8 10 13 17 24] [1 2 3 4 5 7 10 13 17] [1 2 5 7 10] [1 2 3 4 5 8 10 13 19 52 58] [1 2 3 4 5 8 10 13 17] [1 2 3 4 5 13 52] [1 2 3 4 5 8 10] [1 2 3 4 5 6 8 11 13 52 58] [1 2 3 5 10 13] [1 5 27] [1 2 4 5 6 7 8 9 10 13] [1 2 3 5 8] [1 2 3 4 5 7 17] [1 2 3 4] [1 2 7 13] [1 2 4 5 6 8] [1 2 3 4 5 7 8 10 13 17 52] [1 2 3] [1 2 3 4 5 13 52 58] [1 2 4 5 7 9 10] [1 2 3 4 5 7 8 13 52] [1 2 3 5 7 10 13 52] [1 2 3 5 7 13] [1 2 3 4 5 7 10 17 43 58] [1 2 3 4 5 6] [1 13] [1 2 5 7 10 13 17 52] [1 2 3 5 13 52] [1 2 3 4 5 7 8 10 13 17 19] [1 2 3 4 5 7 8 9 10 11] [1 2 3 4 5 7 8 17] [1 2 3 4 5 6 7 8 9 13 52 58] [] [] [] [] [] [] [] [] [] [] [] [] [] [] [] [] [] [] [] [] [] [] [] [] [] [] [] [] [] [] [] [] [] [] [] [] [] [] [] [] [] [] [] [] [] [] [] [] [] [] [] [] [] [] [] [] [] [] [] [] [] [] [] [] [] [] [] [] [] [] [] [] [] [] [] [] [] [] [] [] [] [] [] [] [] [] [] [] [] [] [] [] [] [] [] [] [] [] []
140 [] [1 2 3 4 5 7] [1 2 3 4 5 8] [1 2 3 4 5 6 7 8 10] [1 2] [1 2 3 4 5 7 8 9 10 13 52] [1 2 3 4 5 7 10 13 17 52] [1 2 3 5 7] [1 2 3 4 5 13] [1 2 5 10 13] [1 2 3 4 5 6 7 8 9 10 13 17 24] [1 2 3 5 7 9] [1 2 3 4 5 8 10 13] [1 5] [1 2 3 4 5 7 10 13] [1] [1 2 10] [1 2 4 5] [1 2 3 5 7 8 10 11] [1 2 3 4 5 6 7 8 10 11 17] [1 2 5] [1 2 4 5 7 9] [1 2 3 4 5 7 8 9 13] [1 2 3 4 5 7 8 10 17] [1 2 4 5 7] [1 2 3 4 5 7 8 10] [1 2 3 4 5 7 8] [1 2 3 5 7 10 13] [1 2 3 4 5 6 7 8 13 52] [1 2 3 4 5 7 8 13 17 52 58] [1 2 3 4 5 7 8 10 13 52] [1 2 4 5 6 7 8 11 13] [1 2 3 4 5 7 9 13] [1 2 3 4 5 6 7] [1 2 3 4 5 6 7 8 9] [1 2 4 5 7 8 10 13] [1 2 13 52] [1 2 3 4 5 7 9] [1 2 3 4 5 7 8 9 10 13 17] [1 2 4 5 7 8 9 10 13 17 43] [1 2 3 4 5 10 13] [1 2 3 4 5 7 10 17] [1 2 3 4 5 8 13 52 58] [1 2 3 5] [1 2 3 4 5 6 8 13] [1 2 4 5 6 8 11] [1 2 3 5 7 8] [1 2 5 7] [1 2 3 4 5 7 8 10 13] [1 2 3 5 8 10 13 19 52] [1 2 3 4 5] [1 2 3 4 5 7 10] [1 2 3 5 7 10] [1 2 3 4 5 7 8 13] [1 2 3 4 5 7 13] [1 2 4 5 7 13] [1 2 3 5 8 10 13] [1 2 3 5 7 8 10 19] [1 2 4 5 8] [1 2 3 4 5 8 10 19] [1 2 3 5 10] [1 2 3 4 5 8 13 17] [1 2 3 5 13] [1 2 3 4 5 7 13 52] [1 2 4 5 7 13 52] [1 2 3 4 5 7 8 10 13 17] [1 2 3 5 7 8 10 13] [1 2 3 4 5 10] [1 2 3 4 5 7 8 13 17] [1 2 3 13] [1 2 3 4 5 7 8 10 13 17 24] [1 2 3 4 5 7 10 13 17] [1 2 5 7 10] [1 2 3 4 5 8 10 13 19 52 58] [1 2 3 4 5 8 10 13 17] [1 2 3 4 5 13 52] [1 2 3 4 5 8 10] [1 2 3 4 5 6 8 11 13 52 58] [1 2 3 5 10 13] [1 5 27] [1 2 4 5 6 7 8 9 10 13] [1 2 3 5 8] [1 2 3 4 5 7 17] [1 2 3 4] [1 2 7 13] [1 2 4 5 6 8] [1 2 3 4 5 7 8 10 13 17 52] [1 2 3] [1 2 3 4 5 13 52 58] [1 2 4 5 7 9 10] [1 2 3 4 5 7 8 13 52] [1 2 3 5 7 10 13 52] [1 2 3 5 7 13] [1 2 3 4 5 7 10 17 43 58] [1 2 3 4 5 6] [1 13] [1 2 5 7 10 13 17 52] [1 2 3 5 13 52] [1 2 3 4 5 7 8 10 13 17 19] [1 2 3 4 5 7 8 9 10 11] [1 2 3 4 5 7 8 17] [1 2 3 4 5 6 7 8 9 13 52 58] [] [] [] [] [] [] [] [] [] [] [] [] [] [] [] [] [] [] [] [] [] [] [] [] [] [] [] [] [] [] [] [] [] [] [] [] [] [] [] [] [] [] [] [] [] [] [] [] [] [] [] [] [] [] [] [] [] [] [] [] [] [] [] [] [] [] [] [] [] [] [] [] [] [] [] [] [] [] [] [] [] [] [] [] [] [] [] [] [] [] [] [] [] [] [] [] [] [] []
141 [] [1 2 3 4 5 8] [1 2 3 4 5 7] [1 2 3 4 5 6 7 8 10] [1 2] [1 2 3 4 5 7 8 9 10 13 52] [1 2 3 4 5 7 10 13 17 52] [1 2 3 5 7] [1 2 3 4 5 13] [1 2 5 10 13] [1 2 3 4 5 6 7 8 9 10 13 17 24] [1 2 3 5 7 9] [1 2 3 4 5 8 10 13] [1 5] [1 2 3 4 5 7 10 13] [1] [1 2 10] [1 2 4 5] [1 2 3 5 7 8 10 11] [1 2 3 4 5 6 7 8 10 11 17] [1 2 5] [1 2 4 5 7 9] [1 2 3 4 5 7 8 9 13] [1 2 3 4 5 7 8 10 17] [1 2 4 5 7] [1 2 3 4 5 7 8 10] [1 2 3 4 5 7 8] [1 2 3 5 7 10 13] [1 2 3 4 5 6 7 8 13 52] [1 2 3 4 5 7 8 13 17 52 58] [1 2 3 4 5 7 8 10 13 52] [1 2 4 5 6 7 8 11 13] [1 2 3 4 5 7 9 13] [1 2 3 4 5 6 7] [1 2 3 4 5 6 7 8 9] [1 2 4 5 7 8 10 13] [1 2 13 52] [1 2 3 4 5 7 9] [1 2 3 4 5 7 8 9 10 13 17] [1 2 4 5 7 8 9 10 13 17 43] [1 2 3 4 5 10 13] [1 2 3 4 5 7 10 17] [1 2 3 4 5 8 13 52 58] [1 2 3 5] [1 2 3 4 5 6 8 13] [1 2 4 5 6 8 11] [1 2 3 5 7 8] [1 2 5 7] [1 2 3 4 5 7 8 10 13] [1 2 3 5 8 10 13 19 52] [1 2 3 4 5] [1 2 3 4 5 7 10] [1 2 3 5 7 10] [1 2 3 4 5 7 8 13] [1 2 3 4 5 7 13] [1 2 4 5 7 13] [1 2 3 5 8 10 13] [1 2 3 5 7 8 10 19] [1 2 4 5 8] [1 2 3 4 5 8 10 19] [1 2 3 5 10] [1 2 3 4 5 8 13 17] [1 2 3 5 13] [1 2 3 4 5 7 13 52] [1 2 4 5 7 13 52] [1 2 3 4 5 7 8 10 13 17] [1 2 3 5 7 8 10 13] [1 2 3 4 5 10] [1 2 3 4 5 7 8 13 17] [1 2 3 13] [1 2 3 4 5 7 8 10 13 17 24] [1 2 3 4 5 7 10 13 17] [1 2 5 7 10] [1 2 3 4 5 8 10 13 19 52 58] [1 2 8] [1 2 3 4 5 8 10 13 17] [1 2 3 4 5 13 52] [1 2 3 4 5 8 10] [1 2 3 4 5 6 8 11 13 52 58] [1 2 3 5 10 13] [1 5 27] [1 2 4 5 6 7 8 9 10 13] [1 2 3 5 8] [1 2 3 4 5 7 17] [1 2 3 4] [1 2 7 13] [1 2 4 5 6 8] [1 2 3 4 5 7 8 10 13 17 52] [1 2 3] [1 2 3 4 5 13 52 58] [1 2 4 5 7 9 10] [1 2 3 4 5 7 8 13 52] [1 2 3 5 7 10 13 52] [1 2 3 5 7 13] [1 2 3 4 5 7 10 17 43 58] [1 2 3 4 5 6] [1 13] [1 2 5 7 10 13 17 52] [1 2 3 5 13 52] [1 2 3 4 5 7 8 10 13 17 19] [1 2 3 4 5 7 8 9 10 11] [1 2 3 4 5 7 8 17] [1 2 3 4 5 6 7 8 9 13 52 58] [] [] [] [] [] [] [] [] [] [] [] [] [] [] [] [] [] [] [] [] [] [] [] [] [] [] [] [] [] [] [] [] [] [] [] [] [] [] [] [] [] [] [] [] [] [] [] [] [] [] [] [] [] [] [] [] [] [] [] [] [] [] [] [] [] [] [] [] [] [] [] [] [] [] [] [] [] [] [] [] [] [] [] [] [] [] [] [] [] [] [] [] [] [] [] [] [] []
142 [] [1 2 3 4 5 7] [1 2 3 5 7 13] [1 2 3 4 5 6 7 8 10] [1 2] [1 2 3 4 5 7 8 9 10 13 52] [1 2 3 5 7] [1 2 3 4 5 13] [1 2 5 10 13] [1 2 3 4 5 6 7 8 9 10 13 17 24] [1 2 3 5 7 9] [1 2 3 4 5 8 10 13] [1 5] [1 2 3 4 5 7 10 13] [1] [1 2 10] [1 2 4 5] [1 2 3 5 7 8 10 11] [1 2 3 4 5 6 7 8 10 11 17] [1 2 5] [1 2 4 5 7 9] [1 2 3 4 5 7 8 9 13] [1 2 3 4 5 7 8 10 17] [1 2 4 5 7] [1 2 3 4 5 7 8 10] [1 2 3 4 5 7 8] [1 2 3 5 7 10 13] [1 2 3 4 5 6 7 8 13 52] [1 2 3 4 5 7 8 13 17 52 58] [1 2 3 4 5 7 8 10 13 52] [1 2 4 5 6 7 8 11 13] [1 2 3 4 5 7 9 13] [1 2 3 4 5 6 7] [1 2 3 4 5 6 7 8 9] [1 2 4 5 7 8 10 13] [1 2 13 52] [1 2 3 4 5 7 9] [1 2 3 4 5 7 8 9 10 13 17] [1 2 4 5 7 8 9 10 13 17 43] [1 2 3 4 5 10 13] [1 2 3 4 5 7 10 17] [1 2 3 4 5 8 13 52 58] [1 2 3 5] [1 2 3 4 5 6 8 13] [1 2 4 5 6 8 11] [1 2 3 5 7 8] [1 2 5 7] [1 2 3 4 5 7 8 10 13] [1 2 3 5 8 10 13 19 52] [1 2 3 4 5] [1 2 3 4 5 8] [1 2 3 4 5 7 10] [1 2 3 5 7 10] [1 2 3 4 5 7 8 13] [1 2 3 4 5 7 13] [1 2 4 5 7 13] [1 2 3 5 8 10 13] [1 2 3 5 7 8 10 19] [1 2 4 5 8] [1 2 3 4 5 8 10 19] [1 2 3 5 10] [1 2 3 4 5 8 13 17] [1 2 3 5 13] [1 2 3 4 5 7 10 13 17 52] [1 2 3 4 5 7 13 52] [1 2 4 5 7 13 52] [1 2 3 4 5 7 8 10 13 17] [1 2 3 5 7 8 10 13] [1 2 3 4 5 10] [1 2 3 4 5 7 8 13 17] [1 2 3 13] [1 2 3 4 5 7 8 10 13 17 24] [1 2 3 4 5 7 10 13 17] [1 2 5 7 10] [1 2 3 4 5 8 10 13 19 52 58] [1 2 8] [1 2 3 4 5 8 10 13 17] [1 2 3 4 5 13 52] [1 2 3 4 5 8 10] [1 2 3 4 5 6 8 11 13 52 58] [1 2 3 5 10 13] [1 5 27] [1 2 4 5 6 7 8 9 10 13] [1 2 3 5 8] [1 2 3 4 5 7 17] [1 2 3 4] [1 2 7 13] [1 2 4 5 6 8] [1 2 3 4 5 7 8 10 13 17 52] [1 2 3] [1 2 3 4 5 13 52 58] [1 2 4 5 7 9 10] [1 2 3 4 5 7 8 13 52] [1 2 3 5 7 10 13 52] [1 2 3 4 5 7 10 17 43 58] [1 2 3 4 5 6] [1 13] [1 2 5 7 10 13 17 52] [1 2 3 5 13 52] [1 2 3 4 5 7 8 10 13 17 19] [1 2 3 4 5 7 8 9 10 11] [1 2 3 4 5 7 8 17] [1 2 3 4 5 6 7 8 9 13 52 58] [] [] [] [] [] [] [] [] [] [] [] [] [] [] [] [] [] [] [] [] [] [] [] [] [] [] [] [] [] [] [] [] [] [] [] [] [] [] [] [] [] [] [] [] [] [] [] [] [] [] [] [] [] [] [] [] [] [] [] [] [] [] [] [] [] [] [] [] [] [] [] [] [] [] [] [] [] [] [] [] [] [] [] [] [] [] [] [] [] [] [] [] [] [] [] [] [] []
143 [] [1 2 3 5 7 13] [1 2 3 4 5 6 7 8 10] [1 2] [1 2 3 4 5 7 8 9 10 13 52] [1 2 3 5 7] [1 2 3 4 5 13] [1 2 5 10 13] [1 2 3 4 5 6 7 8 9 10 13 17 24] [1 2 3 5 7 9] [1 2 3 4 5 8 10 13] [1 5] [1 2 3 4 5 7 10 13] [1] [1 2 10] [1 2 3 4 5 7] [1 2 4 5] [1 2 3 5 7 8 10 11] [1 2 3 4 5 6 7 8 10 11 17] [1 2 5] [1 2 4 5 7 9] [1 2 3 4 5 7 8 9 13] [1 2 3 4 5 7 8 10 17] [1 2 4 5 7] [1 2 3 4 5 7 8 10] [1 2 3 4 5 7 8] [1 2 3 5 7 10 13] [1 2 3 4 5 6 7 8 13 52] [1 2 3 4 5 7 8 13 17 52 58] [1 2 3 4 5 7 8 10 13 52] [1 2 4 5 6 7 8 11 13] [1 2 3 4 5 7 9 13] [1 2 3 4 5 6 7] [1 2 3 4 5 6 7 8 9] [1 2 4 5 7 8 10 13] [1 2 13 52] [1 2 3 4 5 7 9] [1 2 3 4 5 7 8 9 10 13 17] [1 2 4 5 7 8 9 10 13 17 43] [1 2 3 4 5 10 13] [1 2 3 4 5 7 10 17] [1 2 3 4 5 8 13 52 58] [1 2 3 5] [1 2 3 4 5 6 8 13] [1 2 4 5 6 8 11] [1 2 3 5 7 8] [1 2 5 7] [1 2 3 4 5 7 8 10 13] [1 2 3 5 8 10 13 19 52] [1 2 3 4 5] [1 2 3 4 5 8] [1 2 3 4 5 7 10] [1 2 3 5 7 10] [1 2 3 4 5 7 8 13] [1 2 3 4 5 7 13] [1 2 4 5 7 13] [1 2 3 5 8 10 13] [1 2 3 5 7 8 10 19] [1 2 4 5 8] [1 2 3 4 5 8 10 19] [1 2 3 5 10] [1 2 3 4 5 8 13 17] [1 2 3 5 13] [1 2 3 4 5 7 10 13 17 52] [1 2 3 4 5 7 13 52] [1 2 4 5 7 13 52] [1 2 3 4 5 7 8 10 13 17] [1 2 3 5 7 8 10 13] [1 2 3 4 5 10] [1 2 3 4 5 7 8 13 17] [1 2 3 13] [1 2 3 4 5 7 8 10 13 17 24] [1 2 3 4 5 7 10 13 17] [1 2 5 7 10] [1 2 3 4 5 8 10 13 19 52 58] [1 2 8] [1 2 3 4 5 8 10 13 17] [1 2 3 4 5 13 52] [1 2 3 4 5 8 10] [1 2 3 4 5 6 8 11 13 52 58] [1 2 3 5 10 13] [1 5 27] [1 2 4 5 6 7 8 9 10 13] [1 2 3 5 8] [1 2 3 4 5 7 17] [1 2 3 4] [1 2 7 13] [1 2 4 5 6 8] [1 2 3 4 5 7 8 10 13 17 52] [1 2 3] [1 2 3 4 5 13 52 58] [1 2 4 5 7 9 10] [1 2 3 4 5 7 8 13 52] [1 2 3 5 7 10 13 52] [1 2 3 4 5 7 10 17 43 58] [1 2 3 4 5 6] [1 13] [1 2 5 7 10 13 17 52] [1 2 3 5 13 52] [1 2 3 4 5 7 8 10 13 17 19] [1 2 3 4 5 7 8 9 10 11] [1 2 3 4 5 7 8 17] [1 2 3 4 5 6 7 8 9 13 52 58] [] [] [] [] [] [] [] [] [] [] [] [] [] [] [] [] [] [] [] [] [] [] [] [] [] [] [] [] [] [] [] [] [] [] [] [] [] [] [] [] [] [] [] [] [] [] [] [] [] [] [] [] [] [] [] [] [] [] [] [] [] [] [] [] [] [] [] [] [] [] [] [] [] [] [] [] [] [] [] [] [] [] [] [] [] [] [] [] [] [] [] [] [] [] [] [] [] []
144 [] [1 2 3 4 5 6 7 8 10] [1 2] [1 2 3 4 5 7 8 9 10 13 52] [1 2 3 4 5 13] [1 2 5 10 13] [1 2 3 4 5 6 7 8 9 10 13 17 24] [1 2 3 5 7 9] [1 2 3 4 5 8 10 13] [1 5] [1 2 3 4 5 7 10 13] [1] [1 2 3 5 7] [1 2 10] [1 2 3 4 5 7] [1 2 4 5] [1 2 3 5 7 8 10 11] [1 2 3 4 5 6 7 8 10 11 17] [1 2 5] [1 2 4 5 7 9] [1 2 3 4 5 7 8 9 13] [1 2 3 4 5 7 8 10 17] [1 2 4 5 7] [1 2 3 4 5 7 8 10] [1 2 3 4 5 7 8] [1 2 3 5 7 10 13] [1 2 3 4 5 6 7 8 13 52] [1 2 3 4 5 7 8 13 17 52 58] [1 2 3 4 5 7 8 10 13 52] [1 2 4 5 6 7 8 11 13] [1 2 3 4 5 7 9 13] [1 2 3 4 5 6 7] [1 2 3 4 5 6 7 8 9] [1 2 4 5 7 8 10 13] [1 2 13 52] [1 2 3 4 5 7 9] [1 2 3 4 5 7 8 9 10 13 17] [1 2 4 5 7 8 9 10 13 17 43] [1 2 3 4 5 10 13] [1 2 3 4 5 7 10 17] [1 2 3 4 5 8 13 52 58] [1 2 3 5] [1 2 3 4 5 6 8 13] [1 2 4 5 6 8 11] [1 2 3 5 7 8] [1 2 5 7] [1 2 3 4 5 7 8 10 13] [1 2 3 5 8 10 13 19 52] [1 2 3 4 5] [1 2 3 4 5 8] [1 2 3 4 5 7 10] [1 2 3 5 7 10] [1 2 3 4 5 7 8 13] [1 2 3 4 5 7 13] [1 2 4 5 7 13] [1 2 3 5 8 10 13] [1 2 3 5 7 8 10 19] [1 2 4 5 8] [1 2 3 4 5 8 10 19] [1 2 3 5 10] [1 2 3 4 5 8 13 17] [1 2 3 5 13] [1 2 3 4 5 7 10 13 17 52] [1 2 3 4 5 7 13 52] [1 2 4 5 7 13 52] [1 2 3 4 5 7 8 10 13 17] [1 2 3 5 7 8 10 13] [1 2 3 4 5 10] [1 2 3 4 5 7 8 13 17] [1 2 3 13] [1 2 3 4 5 7 8 10 13 17 24] [1 2 3 4 5 7 10 13 17] [1 2 5 7 10] [1 2 3 4 5 8 10 13 19 52 58] [1 2 8] [1 2 3 4 5 8 10 13 17] [1 2 3 4 5 13 52] [1 2 3 4 5 8 10] [1 2 3 4 5 6 8 11 13 52 58] [1 2 3 5 10 13] [1 5 27] [1 2 4 5 6 7 8 9 10 13] [1 2 3 5 8] [1 2 3 4 5 7 17] [1 2 3 4] [1 2 7 13] [1 2 4 5 6 8] [1 2 3 4 5 7 8 10 13 17 52] [1 2 3] [1 2 3 4 5 13 52 58] [1 2 4 5 7 9 10] [1 2 3 4 5 7 8 13 52] [1 2 3 5 7 10 13 52] [1 2 3 5 7 13] [1 2 3 4 5 7 10 17 43 58] [1 2 3 4 5 6] [1 13] [1 2 5 7 10 13 17 52] [1 2 3 5 13 52] [1 2 3 4 5 7 8 10 13 17 19] [1 2 3 4 5 7 8 9 10 11] [1 2 3 4 5 7 8 17] [1 2 3 4 5 6 7 8 9 13 52 58] [] [] [] [] [] [] [] [] [] [] [] [] [] [] [] [] [] [] [] [] [] [] [] [] [] [] [] [] [] [] [] [] [] [] [] [] [] [] [] [] [] [] [] [] [] [] [] [] [] [] [] [] [] [] [] [] [] [] [] [] [] [] [] [] [] [] [] [] [] [] [] [] [] [] [] [] [] [] [] [] [] [] [] [] [] [] [] [] [] [] [] [] [] [] [] [] [] []
145 [] [1 2] [1 2 4 5] [1 2 3 4 5 7 8 9 10 13 52] [1 2 3 4 5 13] [1 2 5 10 13] [1 2 3 4 5 6 7 8 9 10 13 17 24] [1 2 3 5 7 9] [1 2 3 4 5 8 10 13] [1 5] [1 2 3 4 5 7 10 13] [1] [1 2 3 5 7] [1 2 10] [1 2 3 4 5 7] [1 2 3 5 7 8 10 11] [1 2 3 4 5 6 7 8 10 11 17] [1 2 5] [1 2 4 5 7 9] [1 2 3 4 5 7 8 9 13] [1 2 3 4 5 7 8 10 17] [1 2 4 5 7] [1 2 3 4 5 7 8 10] [1 2 3 4 5 7 8] [1 2 3 5 7 10 13] [1 2 3 4 5 6 7 8 13 52] [1 2 3 4 5 7 8 13 17 52 58] [1 2 3 4 5 7 8 10 13 52] [1 2 4 5 6 7 8 11 13] [1 2 3 4 5 7 9 13] [1 2 3 4 5 6 7] [1 2 3 4 5 6 7 8 9] [1 2 4 5 7 8 10 13] [1 2 13 52] [1 2 3 4 5 7 9] [1 2 3 4 5 7 8 9 10 13 17] [1 2 4 5 7 8 9 10 13 17 43] [1 2 3 4 5 10 13] [1 2 3 4 5 7 10 17] [1 2 3 4 5 8 13 52 58] [1 2 3 5] [1 2 3 4 5 6 8 13] [1 2 4 5 6 8 11] [1 2 3 5 7 8] [1 2 5 7] [1 2 3 4 5 7 8 10 13] [1 2 3 5 8 10 13 19 52] [1 2 3 4 5] [1 2 3 4 5 8] [1 2 3 4 5 7 10] [1 2 3 5 7 10] [1 2 3 4 5 7 8 13] [1 2 3 4 5 7 13] [1 2 4 5 7 13] [1 2 3 5 8 10 13] [1 2 3 5 7 8 10 19] [1 2 4 5 8] [1 2 3 4 5 8 10 19] [1 2 3 5 10] [1 2 3 4 5 8 13 17] [1 2 3 5 13] [1 2 3 4 5 7 10 13 17 52] [1 2 3 4 5 7 13 52] [1 2 4 5 7 13 52] [1 2 3 4 5 7 8 10 13 17] [1 2 3 5 7 8 10 13] [1 2 3 4 5 10] [1 2 3 4 5 7 8 13 17] [1 2 3 13] [1 2 3 4 5 7 8 10 13 17 24] [1 2 3 4 5 7 10 13 17] [1 2 5 7 10] [1 2 3 4 5 8 10 13 19 52 58] [1 2 8] [1 2 3 4 5 8 10 13 17] [1 2 3 4 5 13 52] [1 2 3 4 5 8 10] [1 2 3 4 5 6 8 11 13 52 58] [1 2 3 5 10 13] [1 5 27] [1 2 4 5 6 7 8 9 10 13] [1 2 3 5 8] [1 2 3 4 5 7 17] [1 2 3 4] [1 2 7 13] [1 2 4 5 6 8] [1 2 3 4 5 7 8 10 13 17 52] [1 2 3] [1 2 3 4 5 13 52 58] [1 2 4 5 7 9 10] [1 2 3 4 5 7 8 13 52] [1 2 3 5 7 10 13 52] [1 2 3 5 7 13] [1 2 3 4 5 7 10 17 43 58] [1 2 3 4 5 6] [1 13] [1 2 5 7 10 13 17 52] [1 2 3 5 13 52] [1 2 3 4 5 7 8 10 13 17 19] [1 2 3 4 5 7 8 9 10 11] [1 2 3 4 5 7 8 17] [1 2 3 4 5 6 7 8 9 13 52 58] [] [] [] [] [] [] [] [] [] [] [] [] [] [] [] [] [] [] [] [] [] [] [] [] [] [] [] [] [] [] [] [] [] [] [] [] [] [] [] [] [] [] [] [] [] [] [] [] [] [] [] [] [] [] [] [] [] [] [] [] [] [] [] [] [] [] [] [] [] [] [] [] [] [] [] [] [] [] [] [] [] [] [] [] [] [] [] [] [] [] [] [] [] [] [] [] [] [] []
146 [] [1 2] [1 2 3 4 5 7 8 9 10 13 52] [1 2 3 4 5 13] [1 2 5 10 13] [1 2 3 4 5 6 7 8 9 10 13 17 24] [1 2 3 5 7 9] [1 2 3 4 5 8 10 13] [1 2 3 4 5 7 10 13] [1 2 3 5 7] [1] [1 2 10] [1 2 3 4 5 7] [1 2 4 5] [1 2 3 5 7 8 10 11] [1 2 3 4 5 6 7 8 10 11 17] [1 2 5] [1 2 4 5 7 9] [1 2 3 4 5 7 8 9 13] [1 2 3 4 5 7 8 10 17] [1 2 4 5 7] [1 2 3 4 5 7 8 10] [1 2 3 4 5 7 8] [1 2 3 5 7 10 13] [1 2 3 4 5 6 7 8 13 52] [1 2 3 4 5 7 8 13 17 52 58] [1 2 3 4 5 7 8 10 13 52] [1 2 4 5 6 7 8 11 13] [1 2 3 4 5 7 9 13] [1 2 3 4 5 6 7] [1 2 3 4 5 6 7 8 9] [1 2 4 5 7 8 10 13] [1 2 13 52] [1 2 3 4 5 7 9] [1 2 3 4 5 7 8 9 10 13 17] [1 2 4 5 7 8 9 10 13 17 43] [1 2 3 4 5 10 13] [1 2 3 4 5 7 10 17] [1 2 3 4 5 8 13 52 58] [1 2 3 5] [1 2 3 4 5 6 8 13] [1 2 4 5 6 8 11] [1 2 3 5 7 8] [1 2 5 7] [1 2 3 4 5 7 8 10 13] [1 2 3 5 8 10 13 19 52] [1 2 3 4 5] [1 2 3 4 5 8] [1 2 3 4 5 7 10] [1 2 3 5 7 10] [1 2 3 4 5 7 8 13] [1 2 3 4 5 7 13] [1 2 4 5 7 13] [1 2 3 5 8 10 13] [1 2 3 5 7 8 10 19] [1 2 4 5 8] [1 2 3 4 5 8 10 19] [1 2 3 5 10] [1 2 3 4 5 8 13 17] [1 2 3 5 13] [1 2 3 4 5 7 10 13 17 52] [1 2 3 4 5 7 13 52] [1 2 4 5 7 13 52] [1 2 3 4 5 7 8 10 13 17] [1 2 3 5 7 8 10 13] [1 2 3 4 5 10] [1 2 3 4 5 7 8 13 17] [1 2 3 13] [1 2 3 4 5 7 8 10 13 17 24] [1 2 3 4 5 7 10 13 17] [1 2 5 7 10] [1 2 3 4 5 8 10 13 19 52 58] [1 2 8] [1 2 3 4 5 8 10 13 17] [1 2 3 4 5 13 52] [1 2 3 4 5 8 10] [1 5] [1 2 3 4 5 6 8 11 13 52 58] [1 2 3 5 10 13] [1 5 27] [1 2 4 5 6 7 8 9 10 13] [1 2 3 5 8] [1 2 3 4 5 7 17] [1 2 3 4] [1 2 7 13] [1 2 4 5 6 8] [1 2 3 4 5 7 8 10 13 17 52] [1 2 3] [1 2 3 4 5 13 52 58] [1 2 4 5 7 9 10] [1 2 3 4 5 7 8 13 52] [1 2 3 5 7 10 13 52] [1 2 3 5 7 13] [1 2 3 4 5 7 10 17 43 58] [1 2 3 4 5 6] [1 13] [1 2 5 7 10 13 17 52] [1 2 3 5 13 52] [1 2 3 4 5 7 8 10 13 17 19] [1 2 3 4 5 7 8 9 10 11] [1 2 3 4 5 7 8 17] [1 2 3 4 5 6 7 8 9 13 52 58] [] [] [] [] [] [] [] [] [] [] [] [] [] [] [] [] [] [] [] [] [] [] [] [] [] [] [] [] [] [] [] [] [] [] [] [] [] [] [] [] [] [] [] [] [] [] [] [] [] [] [] [] [] [] [] [] [] [] [] [] [] [] [] [] [] [] [] [] [] [] [] [] [] [] [] [] [] [] [] [] [] [] [] [] [] [] [] [] [] [] [] [] [] [] [] [] [] [] []
147 [] [1 2] [1 2 3 4 5 7 8 9 10 13 52] [1 2 3 4 5 13] [1 2 5 10 13] [1 2 3 4 5 6 7 8 9 10 13 17 24] [1 2 3 5 7 9] [1 2 3 4 5 8 10 13] [1 2 3 4 5 7 10 13] [1 2 3 5 7] [1] [1 2 10] [1 2 3 4 5 7] [1 2 4 5] [1 2 3 5 7 8 10 11] [1 2 3 4 5 6 7 8 10 11 17] [1 2 5] [1 2 4 5 7 9] [1 2 3 4 5 7 8 9 13] [1 2 3 4 5 7 8 10 17] [1 2 4 5 7] [1 2 3 4 5 7 8 10] [1 2 3 4 5 7 8] [1 2 3 5 7 10 13] [1 2 3 4 5 6 7 8 13 52] [1 2 3 4 5 7 8 13 17 52 58] [1 2 3 4 5 7 8 10 13 52] [1 2 4 5 6 7 8 11 13] [1 2 3 4 5 7 9 13] [1 2 3 4 5 6 7] [1 2 3 4 5 6 7 8 9] [1 2 4 5 7 8 10 13] [1 2 13 52] [1 2 3 4 5 7 9] [1 2 3 4 5 7 8 9 10 13 17] [1 2 4 5 7 8 9 10 13 17 43] [1 2 3 4 5 10 13] [1 2 3 4 5 7 10 17] [1 2 3 4 5 8 13 52 58] [1 2 3 5] [1 2 3 4 5 6 8 13] [1 2 4 5 6 8 11] [1 2 3 5 7 8] [1 2 5 7] [1 2 3 4 5 7 8 10 13] [1 2 3 5 8 10 13 19 52] [1 2 3 4 5] [1 2 3 4 5 8] [1 2 3 4 5 7 10] [1 2 3 5 7 10] [1 2 3 4 5 7 8 13] [1 2 3 4 5 7 13] [1 2 4 5 7 13] [1 2 3 5 8 10 13] [1 2 3 5 7 8 10 19] [1 2 4 5 8] [1 2 3 4 5 8 10 19] [1 2 3 5 10] [1 2 3 4 5 8 13 17] [1 2 3 5 13] [1 2 3 4 5 7 10 13 17 52] [1 2 3 4 5 7 13 52] [1 2 4 5 7 13 52] [1 2 3 4 5 7 8 10 13 17] [1 2 3 5 7 8 10 13] [1 2 3 4 5 10] [1 2 3 4 5 7 8 13 17] [1 2 3 13] [1 2 3 4 5 7 8 10 13 17 24] [1 2 3 4 5 7 10 13 17] [1 2 5 7 10] [1 2 3 4 5 8 10 13 19 52 58] [1 2 8] [1 2 3 4 5 8 10 13 17] [1 2 3 4 5 13 52] [1 2 3 4 5 8 10] [1 5] [1 2 3 4 5 6 8 11 13 52 58] [1 2 3 5 10 13] [1 5 27] [1 2 4 5 6 7 8 9 10 13] [1 2 3 5 8] [1 2 3 4 5 7 17] [1 2 3 4] [1 2 7 13] [1 2 4 5 6 8] [1 2 3 4 5 7 8 10 13 17 52] [1 2 3] [1 2 3 4 5 13 52 58] [1 2 4 5 7 9 10] [1 2 3 4 5 7 8 13 52] [1 2 3 5 7 10 13 52] [1 2 3 5 7 13] [1 2 3 4 5 7 10 17 43 58] [1 2 3 4 5 6] [1 13] [1 2 5 7 10 13 17 52] [1 2 3 5 13 52] [1 2 3 4 5 7 8 10 13 17 19] [1 2 3 4 5 7 8 9 10 11] [1 2 3 4 5 7 8 17] [1 2 3 4 5 6 7 8 9 13 52 58] [] [] [] [] [] [] [] [] [] [] [] [] [] [] [] [] [] [] [] [] [] [] [] [] [] [] [] [] [] [] [] [] [] [] [] [] [] [] [] [] [] [] [] [] [] [] [] [] [] [] [] [] [] [] [] [] [] [] [] [] [] [] [] [] [] [] [] [] [] [] [] [] [] [] [] [] [] [] [] [] [] [] [] [] [] [] [] [] [] [] [] [] [] [] [] [] [] [] []
148 [] [1 2 3 4 5 7 8 9 10 13 52] [1 2 3 4 5 13] [1 2 5 10 13] [1 2 3 4 5 6 7 8 9 10 13 17 24] [1 2 3 5 7 9] [1 2 3 4 5 8 10 13] [1 2 3 4 5 7 10 13] [1 2 3 5 7] [1] [1 2 10] [1 2 3 4 5 7] [1 2] [1 2 4 5] [1 2 3 5 7 8 10 11] [1 2 3 4 5 6 7 8 10 11 17] [1 2 5] [1 2 4 5 7 9] [1 2 3 4 5 7 8 9 13] [1 2 3 4 5 7 8 10 17] [1 2 4 5 7] [1 2 3 4 5 7 8 10] [1 2 3 4 5 7 8] [1 2 3 5 7 10 13] [1 2 3 4 5 6 7 8 13 52] [1 2 3 4 5 7 8 13 17 52 58] [1 2 3 4 5 7 8 10 13 52] [1 2 4 5 6 7 8 11 13] [1 2 3 4 5 7 9 13] [1 2 3 4 5 6 7] [1 2 3 4 5 6 7 8 9] [1 2 4 5 7 8 10 13] [1 2 13 52] [1 2 3 4 5 7 9] [1 2 3 4 5 7 8 9 10 13 17] [1 2 4 5 7 8 9 10 13 17 43] [1 2 3 4 5 10 13] [1 2 3 4 5 7 10 17] [1 2 3 4 5 8 13 52 58] [1 2 3 5] [1 2 3 4 5 6 8 13] [1 2 4 5 6 8 11] [1 2 3 5 7 8] [1 2 5 7] [1 2 3 4 5 7 8 10 13] [1 2 3 5 8 10 13 19 52] [1 2 3 4 5] [1 2 3 4 5 8] [1 2 3 4 5 7 10] [1 2 3 5 7 10] [1 2 3 4 5 7 8 13] [1 2 3 4 5 7 13] [1 2 4 5 7 13] [1 2 3 5 8 10 13] [1 2 3 5 7 8 10 19] [1 2 4 5 8] [1 2 3 4 5 8 10 19] [1 2 3 5 10] [1 2 3 4 5 8 13 17] [1 2 3 5 13] [1 2 3 4 5 7 10 13 17 52] [1 2 3 4 5 7 13 52] [1 2 4 5 7 13 52] [1 2 3 4 5 7 8 10 13 17] [1 2 3 5 7 8 10 13] [1 2 3 4 5 10] [1 2 3 4 5 7 8 13 17] [1 2 3 13] [1 2 3 4 5 7 8 10 13 17 24] [1 2 3 4 5 7 10 13 17] [1 2 5 7 10] [1 2 3 4 5 8 10 13 19 52 58] [1 2 8] [1 2 3 4 5 8 10 13 17] [1 2 3 4 5 13 52] [1 2 3 4 5 8 10] [1 5] [1 2 3 4 5 6 8 11 13 52 58] [1 2 3 5 10 13] [1 5 27] [1 2 4 5 6 7 8 9 10 13] [1 2 3 5 8] [1 2 3 4 5 7 17] [1 2 3 4] [1 2 7 13] [1 2 4 5 6 8] [1 2 3 4 5 7 8 10 13 17 52] [1 2 3] [1 2 3 4 5 13 52 58] [1 2 4 5 7 9 10] [1 2 3 4 5 7 8 13 52] [1 2 3 5 7 10 13 52] [1 2 3 5 7 13] [1 2 3 4 5 7 10 17 43 58] [1 2 3 4 5 6] [1 13] [1 2 5 7 10 13 17 52] [1 2 3 5 13 52] [1 2 3 4 5 7 8 10 13 17 19] [1 2 3 4 5 7 8 9 10 11] [1 2 3 4 5 7 8 17] [1 2 3 4 5 6 7 8 9 13 52 58] [] [] [] [] [] [] [] [] [] [] [] [] [] [] [] [] [] [] [] [] [] [] [] [] [] [] [] [] [] [] [] [] [] [] [] [] [] [] [] [] [] [] [] [] [] [] [] [] [] [] [] [] [] [] [] [] [] [] [] [] [] [] [] [] [] [] [] [] [] [] [] [] [] [] [] [] [] [] [] [] [] [] [] [] [] [] [] [] [] [] [] [] [] [] [] [] [] [] []
149 [] [1 2 3 4 5 13] [1 2 5 10 13] [1 2 3 4 5 6 7 8 9 10 13 17 24] [1 2 3 5 7 9] [1 2 3 4 5 8 10 13] [1 2 3 4 5 7 10 13] [1 2 3 5 7] [1] [1 2 10] [1 2 3 4 5 7] [1 2] [1 2 4 5] [1 2 3 5 7 8 10 11] [1 2 3 4 5 6 7 8 10 11 17] [1 2 5] [1 2 4 5 7 9] [1 2 3 4 5 7 8 9 13] [1 2 3 4 5 7 8 10 17] [1 2 4 5 7] [1 2 3 4 5 7 8 10] [1 2 3 4 5 7 8] [1 2 3 5 7 10 13] [1 2 3 4 5 6 7 8 13 52] [1 2 3 4 5 7 8 13 17 52 58] [1 2 3 4 5 7 8 10 13 52] [1 2 4 5 6 7 8 11 13] [1 2 3 4 5 7 9 13] [1 2 3 4 5 6 7] [1 2 3 4 5 6 7 8 9] [1 2 4 5 7 8 10 13] [1 2 13 52] [1 2 3 4 5 7 9] [1 2 3 4 5 7 8 9 10 13 17] [1 2 4 5 7 8 9 10 13 17 43] [1 2 3 4 5 10 13] [1 2 3 4 5 7 10 17] [1 2 3 4 5 8 13 52 58] [1 2 3 5] [1 2 3 4 5 6 8 13] [1 2 4 5 6 8 11] [1 2 3 5 7 8] [1 2 5 7] [1 2 3 4 5 7 8 10 13] [1 2 3 5 8 10 13 19 52] [1 2 3 4 5] [1 2 3 4 5 8] [1 2 3 4 5 7 10] [1 2 3 5 7 10] [1 2 3 4 5 7 8 13] [1 2 3 4 5 7 13] [1 2 4 5 7 13] [1 2 3 5 8 10 13] [1 2 3 5 7 8 10 19] [1 2 4 5 8] [1 2 3 4 5 8 10 19] [1 2 3 5 10] [1 2 3 4 5 8 13 17] [1 2 3 5 13] [1 2 3 4 5 7 10 13 17 52] [1 2 3 4 5 7 13 52] [1 2 4 5 7 13 52] [1 2 3 4 5 7 8 10 13 17] [1 2 3 5 7 8 10 13] [1 2 3 4 5 10] [1 2 3 4 5 7 8 13 17] [1 2 3 13] [1 2 3 4 5 7 8 10 13 17 24] [1 2 3 4 5 7 10 13 17] [1 2 5 7 10] [1 2 3 4 5 8 10 13 19 52 58] [1 2 8] [1 2 3 4 5 8 10 13 17] [1 2 3 4 5 13 52] [1 2 3 4 5 8 10] [1 5] [1 2 3 4 5 6 8 11 13 52 58] [1 2 3 5 10 13] [1 5 27] [1 2 4 5 6 7 8 9 10 13] [1 2 3 5 8] [1 2 3 4 5 7 17] [1 2 3 4] [1 2 7 13] [1 2 4 5 6 8] [1 2 3 4 5 7 8 10 13 17 52] [1 2 3] [1 2 3 4 5 13 52 58] [1 2 4 5 7 9 10] [1 2 3 4 5 7 8 13 52] [1 2 3 5 7 10 13 52] [1 2 3 5 7 13] [1 2 3 4 5 7 10 17 43 58] [1 2 3 4 5 6] [1 13] [1 2 5 7 10 13 17 52] [1 2 3 5 13 52] [1 2 3 4 5 7 8 10 13 17 19] [1 2 3 4 5 7 8 9 10 11] [1 2 3 4 5 7 8 17] [1 2 3 4 5 6 7 8 9 13 52 58] [] [] [] [] [] [] [] [] [] [] [] [] [] [] [] [] [] [] [] [] [] [] [] [] [] [] [] [] [] [] [] [] [] [] [] [] [] [] [] [] [] [] [] [] [] [] [] [] [] [] [] [] [] [] [] [] [] [] [] [] [] [] [] [] [] [] [] [] [] [] [] [] [] [] [] [] [] [] [] [] [] [] [] [] [] [] [] [] [] [] [] [] [] [] [] [] [] [] [] []
150 [] [1 2 5 10 13] [1 2 3 4 5] [1 2 3 4 5 6 7 8 9 10 13 17 24] [1 2 3 5 7 9] [1 2 3 4 5 8 10 13] [1 2 3 4 5 7 10 13] [1 2 3 5 7] [1] [1 2 10] [1 2 3 4 5 7] [1 2] [1 2 4 5] [1 2 3 5 7 8 10 11] [1 2 3 4 5 6 7 8 10 11 17] [1 2 5] [1 2 4 5 7 9] [1 2 3 4 5 7 8 9 13] [1 2 3 4 5 7 8 10 17] [1 2 4 5 7] [1 2 3 4 5 7 8 10] [1 2 3 4 5 7 8] [1 2 3 5 7 10 13] [1 2 3 4 5 6 7 8 13 52] [1 2 3 4 5 13] [1 2 3 4 5 7 8 13 17 52 58] [1 2 3 4 5 7 8 10 13 52] [1 2 4 5 6 7 8 11 13] [1 2 3 4 5 7 9 13] [1 2 3 4 5 6 7] [1 2 3 4 5 6 7 8 9] [1 2 4 5 7 8 10 13] [1 2 13 52] [1 2 3 4 5 7 9] [1 2 3 4 5 7 8 9 10 13 17] [1 2 4 5 7 8 9 10 13 17 43] [1 2 3 4 5 10 13] [1 2 3 4 5 7 10 17] [1 2 3 4 5 8 13 52 58] [1 2 3 5] [1 2 3 4 5 6 8 13] [1 2 4 5 6 8 11] [1 2 3 5 7 8] [1 2 5 7] [1 2 3 4 5 7 8 10 13] [1 2 3 5 8 10 13 19 52] [1 2 3 4 5 8] [1 2 3 4 5 7 10] [1 2 3 5 7 10] [1 2 3 4 5 7 8 13] [1 2 3 4 5 7 13] [1 2 4 5 7 13] [1 2 3 5 8 10 13] [1 2 3 5 7 8 10 19] [1 2 4 5 8] [1 2 3 4 5 8 10 19] [1 2 3 5 10] [1 2 3 4 5 8 13 17] [1 2 3 5 13] [1 2 3 4 5 7 10 13 17 52] [1 2 3 4 5 7 13 52] [1 2 4 5 7 13 52] [1 2 3 4 5 7 8 10 13 17] [1 2 3 5 7 8 10 13] [1 2 3 4 5 10] [1 2 3 4 5 7 8 13 17] [1 2 3 13] [1 2 3 4 5 7 8 10 13 17 24] [1 2 3 4 5 7 10 13 17] [1 2 5 7 10] [1 2 3 4 5 8 10 13 19 52 58] [1 2 8] [1 2 3 4 5 8 10 13 17] [1 2 3 4 5 13 52] [1 2 3 4 5 8 10] [1 5] [1 2 3 4 5 6 8 11 13 52 58] [1 2 3 5 10 13] [1 5 27] [1 2 4 5 6 7 8 9 10 13] [1 2 3 5 8] [1 2 3 4 5 7 17] [1 2 3 4] [1 2 7 13] [1 2 4 5 6 8] [1 2 3 4 5 7 8 10 13 17 52] [1 2 3] [1 2 3 4 5 13 52 58] [1 2 4 5 7 9 10] [1 2 3 4 5 7 8 13 52] [1 2 3 5 7 10 13 52] [1 2 3 5 7 13] [1 2 3 4 5 7 10 17 43 58] [1 2 3 4 5 6] [1 13] [1 2 5 7 10 13 17 52] [1 2 3 5 13 52] [1 2 3 4 5 7 8 10 13 17 19] [1 2 3 4 5 7 8 9 10 11] [1 2 3 4 5 7 8 17] [1 2 3 4 5 6 7 8 9 13 52 58] [] [] [] [] [] [] [] [] [] [] [] [] [] [] [] [] [] [] [] [] [] [] [] [] [] [] [] [] [] [] [] [] [] [] [] [] [] [] [] [] [] [] [] [] [] [] [] [] [] [] [] [] [] [] [] [] [] [] [] [] [] [] [] [] [] [] [] [] [] [] [] [] [] [] [] [] [] [] [] [] [] [] [] [] [] [] [] [] [] [] [] [] [] [] [] [] [] [] [] []
151 [] [1 2 3 4 5 6 7 8 9 10 13 17 24] [1 2 3 5 7 9] [1 2 3 4 5 8 10 13] [1 2 3 4 5 7 10 13] [1 2 3 5 7] [1] [1 2 10] [1 2 3 4 5 7] [1 2] [1 2 4 5] [1 2 3 5 7 8 10 11] [1 2 3 4 5 6 7 8 10 11 17] [1 2 5] [1 2 4 5 7 9] [1 2 3 4 5 7 8 9 13] [1 2 3 4 5 7 8 10 17] [1 2 4 5 7] [1 2 3 4 5 7 8 10] [1 2 3 4 5 7 8] [1 2 3 5 7 10 13] [1 2 3 4 5 6 7 8 13 52] [1 2 3 4 5 13] [1 2 3 4 5 7 8 13 17 52 58] [1 2 3 4 5 7 8 10 13 52] [1 2 4 5 6 7 8 11 13] [1 2 3 4 5 7 9 13] [1 2 3 4 5 6 7] [1 2 3 4 5 6 7 8 9] [1 2 4 5 7 8 10 13] [1 2 13 52] [1 2 3 4 5 7 9] [1 2 3 4 5 7 8 9 10 13 17] [1 2 4 5 7 8 9 10 13 17 43] [1 2 3 4 5 10 13] [1 2 3 4 5 7 10 17] [1 2 3 4 5 8 13 52 58] [1 2 3 5] [1 2 3 4 5 6 8 13] [1 2 4 5 6 8 11] [1 2 3 5 7 8] [1 2 5 7] [1 2 3 4 5 7 8 10 13] [1 2 3 5 8 10 13 19 52] [1 2 3 4 5] [1 2 3 4 5 8] [1 2 3 4 5 7 10] [1 2 3 5 7 10] [1 2 3 4 5 7 8 13] [1 2 3 4 5 7 13] [1 2 4 5 7 13] [1 2 3 5 8 10 13] [1 2 3 5 7 8 10 19] [1 2 4 5 8] [1 2 3 4 5 8 10 19] [1 2 3 5 10] [1 2 3 4 5 8 13 17] [1 2 3 5 13] [1 2 3 4 5 7 10 13 17 52] [1 2 3 4 5 7 13 52] [1 2 4 5 7 13 52] [1 2 3 4 5 7 8 10 13 17] [1 2 3 5 7 8 10 13] [1 2 3 4 5 10] [1 2 3 4 5 7 8 13 17] [1 2 3 13] [1 2 3 4 5 7 8 10 13 17 24] [1 2 3 4 5 7 10 13 17] [1 2 5 7 10] [1 2 3 4 5 8 10 13 19 52 58] [1 2 8] [1 2 3 4 5 8 10 13 17] [1 2 3 4 5 13 52] [1 2 3 4 5 8 10] [1 5] [1 2 3 4 5 6 8 11 13 52 58] [1 2 3 5 10 13] [1 5 27] [1 2 4 5 6 7 8 9 10 13] [1 2 3 5 8] [1 2 3 4 5 7 17] [1 2 3 4] [1 2 7 13] [1 2 4 5 6 8] [1 2 3 4 5 7 8 10 13 17 52] [1 2 3] [1 2 3 4 5 13 52 58] [1 2 4 5 7 9 10] [1 2 3 4 5 7 8 13 52] [1 2 3 5 7 10 13 52] [1 2 3 5 7 13] [1 2 3 4 5 7 10 17 43 58] [1 2 3 4 5 6] [1 13] [1 2 5 7 10 13 17 52] [1 2 3 5 13 52] [1 2 3 4 5 7 8 10 13 17 19] [1 2 3 4 5 7 8 9 10 11] [1 2 3 4 5 7 8 17] [1 2 3 4 5 6 7 8 9 13 52 58] [] [] [] [] [] [] [] [] [] [] [] [] [] [] [] [] [] [] [] [] [] [] [] [] [] [] [] [] [] [] [] [] [] [] [] [] [] [] [] [] [] [] [] [] [] [] [] [] [] [] [] [] [] [] [] [] [] [] [] [] [] [] [] [] [] [] [] [] [] [] [] [] [] [] [] [] [] [] [] [] [] [] [] [] [] [] [] [] [] [] [] [] [] [] [] [] [] [] [] [] []
152 [] [1 2 3 5 7 9] [1 2 3 4 5 8 10 13] [1 2 3 4 5 7 10 13] [1 2 3 5 7] [1] [1 2 10] [1 2 3 4 5 7] [1 2] [1 2 4 5] [1 2 3 5 7 8 10 11] [1 2 3 4 5 6 7 8 10 11 17] [1 2 5] [1 2 4 5 7 9] [1 2 3 4 5 7 8 9 13] [1 2 3 4 5 7 8 10 17] [1 2 4 5 7] [1 2 3 4 5 7 8 10] [1 2 3 4 5 7 8] [1 2 3 5 7 10 13] [1 2 3 4 5 6 7 8 13 52] [1 2 3 4 5 13] [1 2 3 4 5 7 8 13 17 52 58] [1 2 3 4 5 7 8 10 13 52] [1 2 4 5 6 7 8 11 13] [1 2 3 4 5 7 9 13] [1 2 3 4 5 6 7] [1 2 3 4 5 6 7 8 9] [1 2 4 5 7 8 10 13] [1 2 13 52] [1 2 3 4 5 7 9] [1 2 3 4 5 7 8 9 10 13 17] [1 2 4 5 7 8 9 10 13 17 43] [1 2 3 4 5 10 13] [1 2 3 4 5 7 10 17] [1 2 3 4 5 8 13 52 58] [1 2 3 5] [1 2 3 4 5 6 8 13] [1 2 4 5 6 8 11] [1 2 3 5 7 8] [1 2 5 7] [1 2 3 4 5 7 8 10 13] [1 2 3 5 8 10 13 19 52] [1 2 3 4 5] [1 2 3 4 5 8] [1 2 3 4 5 7 10] [1 2 3 5 7 10] [1 2 3 4 5 7 8 13] [1 2 3 4 5 7 13] [1 2 4 5 7 13] [1 2 3 5 8 10 13] [1 2 3 5 7 8 10 19] [1 2 4 5 8] [1 2 3 4 5 8 10 19] [1 2 3 5 10] [1 2 3 4 5 8 13 17] [1 2 3 5 13] [1 2 3 4 5 7 10 13 17 52] [1 2 3 4 5 7 13 52] [1 2 4 5 7 13 52] [1 2 3 4 5 7 8 10 13 17] [1 2 3 5 7 8 10 13] [1 2 3 4 5 10] [1 2 3 4 5 7 8 13 17] [1 2 3 13] [1 2 3 4 5 7 8 10 13 17 24] [1 2 3 4 5 7 10 13 17] [1 2 5 7 10] [1 2 3 4 5 8 10 13 19 52 58] [1 2 8] [1 2 3 4 5 8 10 13 17] [1 2 3 4 5 13 52] [1 2 3 4 5 8 10] [1 5] [1 2 3 4 5 6 8 11 13 52 58] [1 2 3 5 10 13] [1 5 27] [1 2 4 5 6 7 8 9 10 13] [1 2 3 5 8] [1 2 3 4 5 7 17] [1 2 3 4] [1 2 7 13] [1 2 4 5 6 8] [1 2 3 4 5 7 8 10 13 17 52] [1 2 3] [1 2 3 4 5 13 52 58] [1 2 4 5 7 9 10] [1 2 3 4 5 7 8 13 52] [1 2 3 5 7 10 13 52] [1 2 3 5 7 13] [1 2 3 4 5 7 10 17 43 58] [1 2 3 4 5 6] [1 13] [1 2 5 7 10 13 17 52] [1 2 3 5 13 52] [1 2 3 4 5 7 8 10 13 17 19] [1 2 3 4 5 7 8 9 10 11] [1 2 3 4 5 7 8 17] [1 2 3 4 5 6 7 8 9 13 52 58] [] [] [] [] [] [] [] [] [] [] [] [] [] [] [] [] [] [] [] [] [] [] [] [] [] [] [] [] [] [] [] [] [] [] [] [] [] [] [] [] [] [] [] [] [] [] [] [] [] [] [] [] [] [] [] [] [] [] [] [] [] [] [] [] [] [] [] [] [] [] [] [] [] [] [] [] [] [] [] [] [] [] [] [] [] [] [] [] [] [] [] [] [] [] [] [] [] [] [] [] [] []
153 [] [1 2 3 4 5 8 10 13] [1 2 3 4 5 7 10 13] [1 2 3 5 7] [1] [1 2 10] [1 2 3 4 5 7] [1 2] [1 2 4 5] [1 2 3 5 7 8 10 11] [1 2 3 4 5 6 7 8 10 11 17] [1 2 5] [1 2 4 5 7 9] [1 2 3 4 5 7 8 9 13] [1 2 3 4 5 7 8 10 17] [1 2 4 5 7] [1 2 3 4 5 7 8 10] [1 2 3 4 5 7 8] [1 2 3 5 7 10 13] [1 2 3 4 5 6 7 8 13 52] [1 2 3 4 5 13] [1 2 3 4 5 7 8 13 17 52 58] [1 2 3 4 5 7 8 10 13 52] [1 2 4 5 6 7 8 11 13] [1 2 3 4 5 7 9 13] [1 2 3 4 5 6 7] [1 2 3 4 5 6 7 8 9] [1 2 4 5 7 8 10 13] [1 2 13 52] [1 2 3 4 5 7 9] [1 2 3 4 5 7 8 9 10 13 17] [1 2 4 5 7 8 9 10 13 17 43] [1 2 3 4 5 10 13] [1 2 3 4 5 7 10 17] [1 2 3 4 5 8 13 52 58] [1 2 3 5 7 9] [1 2 3 5] [1 2 3 4 5 6 8 13] [1 2 4 5 6 8 11] [1 2 3 5 7 8] [1 2 5 7] [1 2 3 4 5 7 8 10 13] [1 2 3 5 8 10 13 19 52] [1 2 3 4 5] [1 2 3 4 5 8] [1 2 3 4 5 7 10] [1 2 3 5 7 10] [1 2 3 4 5 7 8 13] [1 2 3 4 5 7 13] [1 2 4 5 7 13] [1 2 3 5 8 10 13] [1 2 3 5 7 8 10 19] [1 2 4 5 8] [1 2 3 4 5 8 10 19] [1 2 3 5 10] [1 2 3 4 5 8 13 17] [1 2 3 5 13] [1 2 3 4 5 7 10 13 17 52] [1 2 3 4 5 7 13 52] [1 2 4 5 7 13 52] [1 2 3 4 5 7 8 10 13 17] [1 2 3 5 7 8 10 13] [1 2 3 4 5 10] [1 2 3 4 5 7 8 13 17] [1 2 3 13] [1 2 3 4 5 7 8 10 13 17 24] [1 2 3 4 5 7 10 13 17] [1 2 5 7 10] [1 2 3 4 5 8 10 13 19 52 58] [1 2 8] [1 2 3 4 5 8 10 13 17] [1 2 3 4 5 13 52] [1 2 3 4 5 8 10] [1 5] [1 2 3 4 5 6 8 11 13 52 58] [1 2 3 5 10 13] [1 5 27] [1 2 4 5 6 7 8 9 10 13] [1 2 3 5 8] [1 2 3 4 5 7 17] [1 2 3 4] [1 2 7 13] [1 2 4 5 6 8] [1 2 3 4 5 7 8 10 13 17 52] [1 2 3] [1 2 3 4 5 13 52 58] [1 2 4 5 7 9 10] [1 2 3 4 5 7 8 13 52] [1 2 3 5 7 10 13 52] [1 2 3 5 7 13] [1 2 3 4 5 7 10 17 43 58] [1 2 3 4 5 6] [1 13] [1 2 5 7 10 13 17 52] [1 2 3 5 13 52] [1 2 3 4 5 7 8 10 13 17 19] [1 2 3 4 5 7 8 9 10 11] [1 2 3 4 5 7 8 17] [1 2 3 4 5 6 7 8 9 13 52 58] [] [] [] [] [] [] [] [] [] [] [] [] [] [] [] [] [] [] [] [] [] [] [] [] [] [] [] [] [] [] [] [] [] [] [] [] [] [] [] [] [] [] [] [] [] [] [] [] [] [] [] [] [] [] [] [] [] [] [] [] [] [] [] [] [] [] [] [] [] [] [] [] [] [] [] [] [] [] [] [] [] [] [] [] [] [] [] [] [] [] [] [] [] [] [] [] [] [] [] [] [] []
154 [] [1 2 3 5 7] [1] [1 2 10] [1 2 3 4 5 7] [1 2] [1 2 4 5] [1 2 3 5 7 8 10 11] [1 2 3 4 5 6 7 8 10 11 17] [1 2 5] [1 2 4 5 7 9] [1 2 3 4 5 7 8 9 13] [1 2 3 4 5 7 8 10 17] [1 2 4 5 7] [1 2 3 4 5 7 8 10] [1 2 3 4 5 7 8] [1 2 3 5 7 10 13] [1 2 3 4 5 6 7 8 13 52] [1 2 3 4 5 13] [1 2 3 4 5 7 8 13 17 52 58] [1 2 3 4 5 7 8 10 13 52] [1 2 4 5 6 7 8 11 13] [1 2 3 4 5 7 9 13] [1 2 3 4 5 6 7] [1 2 3 4 5 6 7 8 9] [1 2 4 5 7 8 10 13] [1 2 13 52] [1 2 3 4 5 7 9] [1 2 3 4 5 7 8 9 10 13 17] [1 2 4 5 7 8 9 10 13 17 43] [1 2 3 4 5 10 13] [1 2 3 4 5 7 10 17] [1 2 3 4 5 8 13 52 58] [1 2 3 5 7 9] [1 2 3 5] [1 2 3 4 5 6 8 13] [1 2 4 5 6 8 11] [1 2 3 5 7 8] [1 2 5 7] [1 2 3 4 5 7 8 10 13] [1 2 3 5 8 10 13 19 52] [1 2 3 4 5] [1 2 3 4 5 8] [1 2 3 4 5 7 10] [1 2 3 5 7 10] [1 2 3 4 5 7 8 13] [1 2 3 4 5 7 13] [1 2 4 5 7 13] [1 2 3 5 8 10 13] [1 2 3 5 7 8 10 19] [1 2 4 5 8] [1 2 3 4 5 8 10 19] [1 2 3 5 10] [1 2 3 4 5 8 13 17] [1 2 3 5 13] [1 2 3 4 5 7 10 13 17 52] [1 2 3 4 5 7 13 52] [1 2 4 5 7 13 52] [1 2 3 4 5 7 8 10 13 17] [1 2 3 5 7 8 10 13] [1 2 3 4 5 10] [1 2 3 4 5 7 8 13 17] [1 2 3 13] [1 2 3 4 5 7 8 10 13 17 24] [1 2 3 4 5 7 10 13 17] [1 2 5 7 10] [1 2 3 4 5 8 10 13 19 52 58] [1 2 8] [1 2 3 4 5 8 10 13 17] [1 2 3 4 5 13 52] [1 2 3 4 5 8 10] [1 5] [1 2 3 4 5 6 8 11 13 52 58] [1 2 3 5 10 13] [1 5 27] [1 2 4 5 6 7 8 9 10 13] [1 2 3 5 8] [1 2 3 4 5 7 17] [1 2 3 4] [1 2 3 4 5 7 10 13] [1 2 7 13] [1 2 4 5 6 8] [1 2 3 4 5 7 8 10 13 17 52] [1 2 3] [1 2 3 4 5 13 52 58] [1 2 4 5 7 9 10] [1 2 3 4 5 7 8 13 52] [1 2 3 5 7 10 13 52] [1 2 3 5 7 13] [1 2 3 4 5 7 10 17 43 58] [1 2 3 4 5 6] [1 13] [1 2 5 7 10 13 17 52] [1 2 3 5 13 52] [1 2 3 4 5 7 8 10 13 17 19] [1 2 3 4 5 7 8 9 10 11] [1 2 3 4 5 7 8 17] [1 2 3 4 5 6 7 8 9 13 52 58] [] [] [] [] [] [] [] [] [] [] [] [] [] [] [] [] [] [] [] [] [] [] [] [] [] [] [] [] [] [] [] [] [] [] [] [] [] [] [] [] [] [] [] [] [] [] [] [] [] [] [] [] [] [] [] [] [] [] [] [] [] [] [] [] [] [] [] [] [] [] [] [] [] [] [] [] [] [] [] [] [] [] [] [] [] [] [] [] [] [] [] [] [] [] [] [] [] [] [] [] [] [] []
155 [] [1 2 3 4 5 7] [1 2 4 5] [1 2 3 5 7 8 10 11] [1 2 3 4 5 6 7 8 10 11 17] [1 2 4 5 7 9] [1 2 3 4 5 7 8 9 13] [1 2] [1 2 3 4 5 7 8 10 17] [1 2 3 5 7] [1 2 4 5 7] [1 2 3 4 5 7 8 10] [1 2 3 4 5 7 8] [1 2 3 5 7 10 13] [1 2 3 4 5 6 7 8 13 52] [1 2 3 4 5 13] [1 2 3 4 5 7 8 13 17 52 58] [1 2 3 4 5 7 8 10 13 52] [1 2 4 5 6 7 8 11 13] [1 2 3 4 5 7 9 13] [1 2 3 4 5 6 7] [1 2 3 4 5 6 7 8 9] [1 2 4 5 7 8 10 13] [1 2 13 52] [1 2 3 4 5 7 9] [1 2 3 4 5 7 8 9 10 13 17] [1 2 4 5 7 8 9 10 13 17 43] [1 2 3 4 5 10 13] [1 2 3 4 5 7 10 17] [1 2 3 4 5 8 13 52 58] [1 2 3 5 7 9] [1 2 3 5] [1 2 3 4 5 6 8 13] [1 2 4 5 6 8 11] [1 2 3 5 7 8] [1 2 5 7] [1 2 3 4 5 7 8 10 13] [1 2 3 5 8 10 13 19 52] [1 2 3 4 5] [1 2 3 4 5 8] [1 2 3 4 5 7 10] [1 2 3 5 7 10] [1 2 3 4 5 7 8 13] [1 2 5] [1 2 3 4 5 7 13] [1 2 4 5 7 13] [1 2 3 5 8 10 13] [1 2 3 5 7 8 10 19] [1 2 4 5 8] [1 2 3 4 5 8 10 19] [1 2 3 5 10] [1 2 3 4 5 8 13 17] [1 2 3 5 13] [1 2 3 4 5 7 10 13 17 52] [1 2 3 4 5 7 13 52] [1 2 4 5 7 13 52] [1 2 3 4 5 7 8 10 13 17] [1 2 3 5 7 8 10 13] [1 2 3 4 5 10] [1 2 3 4 5 7 8 13 17] [1 2 3 13] [1 2 3 4 5 7 8 10 13 17 24] [1 2 3 4 5 7 10 13 17] [1 2 5 7 10] [1 2 3 4 5 8 10 13 19 52 58] [1 2 8] [1 2 3 4 5 8 10 13 17] [1 2 3 4 5 13 52] [1 2 3 4 5 8 10] [1 5] [1 2 3 4 5 6 8 11 13 52 58] [1] [1 2 3 5 10 13] [1 5 27] [1 2 4 5 6 7 8 9 10 13] [1 2 3 5 8] [1 2 3 4 5 7 17] [1 2 3 4] [1 2 3 4 5 7 10 13] [1 2 7 13] [1 2 4 5 6 8] [1 2 3 4 5 7 8 10 13 17 52] [1 2 3] [1 2 3 4 5 13 52 58] [1 2 4 5 7 9 10] [1 2 3 4 5 7 8 13 52] [1 2 3 5 7 10 13 52] [1 2 3 5 7 13] [1 2 3 4 5 7 10 17 43 58] [1 2 3 4 5 6] [1 13] [1 2 5 7 10 13 17 52] [1 2 3 5 13 52] [1 2 3 4 5 7 8 10 13 17 19] [1 2 3 4 5 7 8 9 10 11] [1 2 3 4 5 7 8 17] [1 2 3 4 5 6 7 8 9 13 52 58] [] [] [] [] [] [] [] [] [] [] [] [] [] [] [] [] [] [] [] [] [] [] [] [] [] [] [] [] [] [] [] [] [] [] [] [] [] [] [] [] [] [] [] [] [] [] [] [] [] [] [] [] [] [] [] [] [] [] [] [] [] [] [] [] [] [] [] [] [] [] [] [] [] [] [] [] [] [] [] [] [] [] [] [] [] [] [] [] [] [] [] [] [] [] [] [] [] [] [] [] [] [] [] []
156 [] [1 2 4 5] [1 2 3 5 7 8 10 11] [1 2 3 4 5 6 7 8 10 11 17] [1 2 4 5 7 9] [1 2 3 4 5 7 8 9 13] [1 2] [1 2 3 4 5 7 8 10 17] [1 2 3 5 7] [1 2 3 4 5 7] [1 2 4 5 7] [1 2 3 4 5 7 8 10] [1 2 3 4 5 7 8] [1 2 3 5 7 10 13] [1 2 3 4 5 6 7 8 13 52] [1 2 3 4 5 13] [1 2 3 4 5 7 8 13 17 52 58] [1 2 3 4 5 7 8 10 13 52] [1 2 4 5 6 7 8 11 13] [1 2 3 4 5 7 9 13] [1 2 3 4 5 6 7] [1 2 3 4 5 6 7 8 9] [1 2 4 5 7 8 10 13] [1 2 13 52] [1 2 3 4 5 7 9] [1 2 3 4 5 7 8 9 10 13 17] [1 2 4 5 7 8 9 10 13 17 43] [1 2 3 4 5 10 13] [1 2 3 4 5 7 10 17] [1 2 3 4 5 8 13 52 58] [1 2 3 5 7 9] [1 2 3 5] [1 2 3 4 5 6 8 13] [1 2 4 5 6 8 11] [1 2 3 5 7 8] [1 2 5 7] [1 2 3 4 5 7 8 10 13] [1 2 3 5 8 10 13 19 52] [1 2 3 4 5] [1 2 3 4 5 8] [1 2 3 4 5 7 10] [1 2 3 5 7 10] [1 2 3 4 5 7 8 13] [1 2 5] [1 2 3 4 5 7 13] [1 2 4 5 7 13] [1 2 3 5 8 10 13] [1 2 3 5 7 8 10 19] [1 2 4 5 8] [1 2 3 4 5 8 10 19] [1 2 3 5 10] [1 2 3 4 5 8 13 17] [1 2 3 5 13] [1 2 3 4 5 7 10 13 17 52] [1 2 3 4 5 7 13 52] [1 2 4 5 7 13 52] [1 2 3 4 5 7 8 10 13 17] [1 2 3 5 7 8 10 13] [1 2 3 4 5 10] [1 2 3 4 5 7 8 13 17] [1 2 3 13] [1 2 3 4 5 7 8 10 13 17 24] [1 2 3 4 5 7 10 13 17] [1 2 5 7 10] [1 2 3 4 5 8 10 13 19 52 58] [1 2 8] [1 2 3 4 5 8 10 13 17] [1 2 3 4 5 13 52] [1 2 3 4 5 8 10] [1 5] [1 2 3 4 5 6 8 11 13 52 58] [1] [1 2 3 5 10 13] [1 5 27] [1 2 4 5 6 7 8 9 10 13] [1 2 3 5 8] [1 2 3 4 5 7 17] [1 2 3 4] [1 2 3 4 5 7 10 13] [1 2 7 13] [1 2 4 5 6 8] [1 2 3 4 5 7 8 10 13 17 52] [1 2 3] [1 2 3 4 5 13 52 58] [1 2 4 5 7 9 10] [1 2 3 4 5 7 8 13 52] [1 2 3 5 7 10 13 52] [1 2 3 5 7 13] [1 2 3 4 5 7 10 17 43 58] [1 2 3 4 5 6] [1 13] [1 2 5 7 10 13 17 52] [1 2 3 5 13 52] [1 2 3 4 5 7 8 10 13 17 19] [1 2 3 4 5 7 8 9 10 11] [1 2 3 4 5 7 8 17] [1 2 3 4 5 6 7 8 9 13 52 58] [] [] [] [] [] [] [] [] [] [] [] [] [] [] [] [] [] [] [] [] [] [] [] [] [] [] [] [] [] [] [] [] [] [] [] [] [] [] [] [] [] [] [] [] [] [] [] [] [] [] [] [] [] [] [] [] [] [] [] [] [] [] [] [] [] [] [] [] [] [] [] [] [] [] [] [] [] [] [] [] [] [] [] [] [] [] [] [] [] [] [] [] [] [] [] [] [] [] [] [] [] [] [] []
157 [] [1 2 4 5] [1 2 3 5 7 8 10 11] [1 2 3 4 5 6 7 8 10 11 17] [1 2 4 5 7 9] [1 2 3 4 5 7 8 9 13] [1 2] [1 2 3 4 5 7 8 10 17] [1 2 3 5 7] [1 2 3 4 5 7] [1 2 4 5 7] [1 2 3 4 5 7 8 10] [1 2 3 4 5 7 8] [1 2 3 5 7 10 13] [1 2 3 4 5 6 7 8 13 52] [1 2 3 4 5 13] [1 2 3 4 5 7 8 13 17 52 58] [1 2 3 4 5 7 8 10 13 52] [1 2 4 5 6 7 8 11 13] [1 2 3 4 5 7 9 13] [1 2 3 4 5 6 7] [1 2 3 4 5 6 7 8 9] [1 2 4 5 7 8 10 13] [1 2 13 52] [1 2 3 4 5 7 9] [1 2 3 4 5 7 8 9 10 13 17] [1 2 4 5 7 8 9 10 13 17 43] [1 2 3 4 5 10 13] [1 2 3 4 5 7 10 17] [1 2 3 4 5 8 13 52 58] [1 2 3 5 7 9] [1 2 3 5] [1 2 3 4 5 6 8 13] [1 2 4 5 6 8 11] [1 2 3 5 7 8] [1 2 5 7] [1 2 3 4 5 7 8 10 13] [1 2 3 5 8 10 13 19 52] [1 2 3 4 5] [1 2 3 4 5 8] [1 2 3 4 5 7 10] [1 2 3 5 7 10] [1 2 3 4 5 7 8 13] [1 2 5] [1 2 3 4 5 7 13] [1 2 4 5 7 13] [1 2 3 5 8 10 13] [1 2 3 5 7 8 10 19] [1 2 4 5 8] [1 2 3 4 5 8 10 19] [1 2 3 5 10] [1 2 3 4 5 8 13 17] [1 2 3 5 13] [1 2 3 4 5 7 10 13 17 52] [1 2 3 4 5 7 13 52] [1 2 4 5 7 13 52] [1 2 3 4 5 7 8 10 13 17] [1 2 3 5 7 8 10 13] [1 2 3 4 5 10] [1 2 3 4 5 7 8 13 17] [1 2 3 13] [1 2 3 4 5 7 8 10 13 17 24] [1 2 3 4 5 7 10 13 17] [1 2 5 7 10] [1 2 3 4 5 8 10 13 19 52 58] [1 2 8] [1 2 3 4 5 8 10 13 17] [1 2 3 4 5 13 52] [1 2 3 4 5 8 10] [1 5] [1 2 3 4 5 6 8 11 13 52 58] [1] [1 2 3 5 10 13] [1 5 27] [1 2 4 5 6 7 8 9 10 13] [1 2 3 5 8] [1 2 3 4 5 7 17] [1 2 3 4] [1 2 3 4 5 7 10 13] [1 2 7 13] [1 2 4 5 6 8] [1 2 3 4 5 7 8 10 13 17 52] [1 2 3] [1 2 3 4 5 13 52 58] [1 2 4 5 7 9 10] [1 2 3 4 5 7 8 13 52] [1 2 3 5 7 10 13 52] [1 2 3 5 7 13] [1 2 3 4 5 7 10 17 43 58] [1 2 3 4 5 6] [1 13] [1 2 5 7 10 13 17 52] [1 2 3 5 13 52] [1 2 3 4 5 7 8 10 13 17 19] [1 2 3 4 5 7 8 9 10 11] [1 2 3 4 5 7 8 17] [1 2 3 4 5 6 7 8 9 13 52 58] [] [] [] [] [] [] [] [] [] [] [] [] [] [] [] [] [] [] [] [] [] [] [] [] [] [] [] [] [] [] [] [] [] [] [] [] [] [] [] [] [] [] [] [] [] [] [] [] [] [] [] [] [] [] [] [] [] [] [] [] [] [] [] [] [] [] [] [] [] [] [] [] [] [] [] [] [] [] [] [] [] [] [] [] [] [] [] [] [] [] [] [] [] [] [] [] [] [] [] [] [] [] [] []
158 [] [1 2 3 5 7 8 10 11] [1 2 3 4 5 6 7 8 10 11 17] [1 2 4 5 7 9] [1 2 3 4 5 7 8 9 13] [1 2] [1 2 3 4 5 7 8 10 17] [1 2 4 5] [1 2 3 5 7] [1 2 3 4 5 7] [1 2 4 5 7] [1 2 3 4 5 7 8 10] [1 2 3 4 5 7 8] [1 2 3 5 7 10 13] [1 2 3 4 5 6 7 8 13 52] [1 2 3 4 5 13] [1 2 3 4 5 7 8 13 17 52 58] [1 2 3 4 5 7 8 10 13 52] [1 2 4 5 6 7 8 11 13] [1 2 3 4 5 7 9 13] [1 2 3 4 5 6 7] [1 2 3 4 5 6 7 8 9] [1 2 4 5 7 8 10 13] [1 2 13 52] [1 2 3 4 5 7 9] [1 2 3 4 5 7 8 9 10 13 17] [1 2 4 5 7 8 9 10 13 17 43] [1 2 3 4 5 10 13] [1 2 3 4 5 7 10 17] [1 2 3 4 5 8 13 52 58] [1 2 3 5 7 9] [1 2 3 5] [1 2 3 4 5 6 8 13] [1 2 4 5 6 8 11] [1 2 3 5 7 8] [1 2 5 7] [1 2 3 4 5 7 8 10 13] [1 2 3 5 8 10 13 19 52] [1 2 3 4 5] [1 2 3 4 5 8] [1 2 3 4 5 7 10] [1 2 3 5 7 10] [1 2 3 4 5 7 8 13] [1 2 5] [1 2 3 4 5 7 13] [1 2 4 5 7 13] [1 2 3 5 8 10 13] [1 2 3 5 7 8 10 19] [1 2 4 5 8] [1 2 3 4 5 8 10 19] [1 2 3 5 10] [1 2 3 4 5 8 13 17] [1 2 3 5 13] [1 2 3 4 5 7 10 13 17 52] [1 2 3 4 5 7 13 52] [1 2 4 5 7 13 52] [1 2 3 4 5 7 8 10 13 17] [1 2 3 5 7 8 10 13] [1 2 3 4 5 10] [1 2 3 4 5 7 8 13 17] [1 2 3 13] [1 2 3 4 5 7 8 10 13 17 24] [1 2 3 4 5 7 10 13 17] [1 2 5 7 10] [1 2 3 4 5 8 10 13 19 52 58] [1 2 8] [1 2 3 4 5 8 10 13 17] [1 2 3 4 5 13 52] [1 2 3 4 5 8 10] [1 5] [1 2 3 4 5 6 8 11 13 52 58] [1] [1 2 3 5 10 13] [1 5 27] [1 2 4 5 6 7 8 9 10 13] [1 2 3 5 8] [1 2 3 4 5 7 17] [1 2 3 4] [1 2 3 4 5 7 10 13] [1 2 7 13] [1 2 4 5 6 8] [1 2 3 4 5 7 8 10 13 17 52] [1 2 3] [1 2 3 4 5 13 52 58] [1 2 4 5 7 9 10] [1 2 3 4 5 7 8 13 52] [1 2 3 5 7 10 13 52] [1 2 3 5 7 13] [1 2 3 4 5 7 10 17 43 58] [1 2 3 4 5 6] [1 13] [1 2 5 7 10 13 17 52] [1 2 3 5 13 52] [1 2 3 4 5 7 8 10 13 17 19] [1 2 3 4 5 7 8 9 10 11] [1 2 3 4 5 7 8 17] [1 2 3 4 5 6 7 8 9 13 52 58] [] [] [] [] [] [] [] [] [] [] [] [] [] [] [] [] [] [] [] [] [] [] [] [] [] [] [] [] [] [] [] [] [] [] [] [] [] [] [] [] [] [] [] [] [] [] [] [] [] [] [] [] [] [] [] [] [] [] [] [] [] [] [] [] [] [] [] [] [] [] [] [] [] [] [] [] [] [] [] [] [] [] [] [] [] [] [] [] [] [] [] [] [] [] [] [] [] [] [] [] [] [] [] []
159 [] [1 2 3 5 7 8 10 11] [1 2] [1 2 3 4 5 6 7 8 10 11 17] [1 2 4 5 7 9] [1 2 3 4 5 7 8 9 13] [1 2 3 4 5 7 8 10 17] [1 2 4 5] [1 2 3 5 7] [1 2 3 4 5 7] [1 2 4 5 7] [1 2 3 4 5 7 8 10] [1 2 3 4 5 7 8] [1 2 3 5 7 10 13] [1 2 3 4 5 6 7 8 13 52] [1 2 3 4 5 13] [1 2 3 4 5 7 8 13 17 52 58] [1 2 3 4 5 7 8 10 13 52] [1 2 4 5 6 7 8 11 13] [1 2 3 4 5 7 9 13] [1 2 3 4 5 6 7] [1 2 3 4 5 6 7 8 9] [1 2 4 5 7 8 10 13] [1 2 13 52] [1 2 3 4 5 7 9] [1 2 3 4 5 7 8 9 10 13 17] [1 2 4 5 7 8 9 10 13 17 43] [1 2 3 4 5 10 13] [1 2 3 4 5 7 10 17] [1 2 3 4 5 8 13 52 58] [1 2 3 5 7 9] [1 2 3 5] [1 2 3 4 5 6 8 13] [1 2 4 5 6 8 11] [1 2 3 5 7 8] [1 2 5 7] [1 2 3 4 5 7 8 10 13] [1 2 3 5 8 10 13 19 52] [1 2 3 4 5] [1 2 3 4 5 8] [1 2 3 4 5 7 10] [1 2 3 5 7 10] [1 2 3 4 5 7 8 13] [1 2 5] [1 2 3 4 5 7 13] [1 2 4 5 7 13] [1 2 3 5 8 10 13] [1 2 3 5 7 8 10 19] [1 2 4 5 8] [1 2 3 4 5 8 10 19] [1 2 3 5 10] [1 2 3 4 5 8 13 17] [1 2 3 5 13] [1 2 3 4 5 7 10 13 17 52] [1 2 3 4 5 7 13 52] [1 2 4 5 7 13 52] [1 2 3 4 5 7 8 10 13 17] [1 2 3 5 7 8 10 13] [1 2 3 4 5 10] [1 2 3 4 5 7 8 13 17] [1 2 3 13] [1 2 3 4 5 7 8 10 13 17 24] [1 2 3 4 5 7 10 13 17] [1 2 5 7 10] [1 2 3 4 5 8 10 13 19 52 58] [1 2 8] [1 2 3 4 5 8 10 13 17] [1 2 3 4 5 13 52] [1 2 3 4 5 8 10] [1 5] [1 2 3 4 5 6 8 11 13 52 58] [1] [1 2 3 5 10 13] [1 5 27] [1 2 4 5 6 7 8 9 10 13] [1 2 3 5 8] [1 2 3 4 5 7 17] [1 2 3 4] [1 2 3 4 5 7 10 13] [1 2 7 13] [1 2 4 5 6 8] [1 2 3 4 5 7 8 10 13 17 52] [1 2 3] [1 2 3 4 5 13 52 58] [1 2 4 5 7 9 10] [1 2 3 4 5 7 8 13 52] [1 2 3 5 7 10 13 52] [1 2 3 5 7 13] [1 2 3 4 5 7 10 17 43 58] [1 2 3 4 5 6] [1 13] [1 2 5 7 10 13 17 52] [1 2 3 5 13 52] [1 2 3 4 5 7 8 10 13 17 19] [1 2 3 4 5 7 8 9 10 11] [1 2 3 4 5 7 8 17] [1 2 3 4 5 6 7 8 9 13 52 58] [] [] [] [] [] [] [] [] [] [] [] [] [] [] [] [] [] [] [] [] [] [] [] [] [] [] [] [] [] [] [] [] [] [] [] [] [] [] [] [] [] [] [] [] [] [] [] [] [] [] [] [] [] [] [] [] [] [] [] [] [] [] [] [] [] [] [] [] [] [] [] [] [] [] [] [] [] [] [] [] [] [] [] [] [] [] [] [] [] [] [] [] [] [] [] [] [] [] [] [] [] [] [] []
160 [] [1 2] [1 2 3 4 5 6 7 8 10 11 17] [1 2 4 5 7 9] [1 2 3 4 5 7 8 9 13] [1 2 3 4 5 7 8 10 17] [1 2 4 5] [1 2 3 5 7] [1 2 3 4 5 7] [1 2 4 5 7] [1 2 3 4 5 7 8 10] [1 2 3 4 5 7 8] [1 2 3 5 7 10 13] [1 2 3 4 5 6 7 8 13 52] [1 2 3 4 5 13] [1 2 3 4 5 7 8 13 17 52 58] [1 2 3 4 5 7 8 10 13 52] [1 2 4 5 6 7 8 11 13] [1 2 3 4 5 7 9 13] [1 2 3 4 5 6 7] [1 2 3 4 5 6 7 8 9] [1 2 4 5 7 8 10 13] [1 2 13 52] [1 2 3 4 5 7 9] [1 2 3 4 5 7 8 9 10 13 17] [1 2 4 5 7 8 9 10 13 17 43] [1 2 3 4 5 10 13] [1 2 3 4 5 7 10 17] [1 2 3 4 5 8 13 52 58] [1 2 3 5 7 9] [1 2 3 5] [1 2 3 4 5 6 8 13] [1 2 4 5 6 8 11] [1 2 3 5 7 8] [1 2 5 7] [1 2 3 4 5 7 8 10 13] [1 2 3 5 8 10 13 19 52] [1 2 3 4 5] [1 2 3 4 5 8] [1 2 3 4 5 7 10] [1 2 3 5 7 10] [1 2 3 4 5 7 8 13] [1 2 5] [1 2 3 4 5 7 13] [1 2 4 5 7 13] [1 2 3 5 8 10 13] [1 2 3 5 7 8 10 19] [1 2 4 5 8] [1 2 3 4 5 8 10 19] [1 2 3 5 10] [1 2 3 4 5 8 13 17] [1 2 3 5 13] [1 2 3 4 5 7 10 13 17 52] [1 2 3 4 5 7 13 52] [1 2 4 5 7 13 52] [1 2 3 4 5 7 8 10 13 17] [1 2 3 5 7 8 10 13] [1 2 3 4 5 10] [1 2 3 4 5 7 8 13 17] [1 2 3 13] [1 2 3 4 5 7 8 10 13 17 24] [1 2 3 4 5 7 10 13 17] [1 2 5 7 10] [1 2 3 4 5 8 10 13 19 52 58] [1 2 8] [1 2 3 4 5 8 10 13 17] [1 2 3 4 5 13 52] [1 2 3 4 5 8 10] [1 5] [1 2 3 4 5 6 8 11 13 52 58] [1] [1 2 3 5 10 13] [1 5 27] [1 2 4 5 6 7 8 9 10 13] [1 2 3 5 8] [1 2 3 4 5 7 17] [1 2 3 4] [1 2 3 4 5 7 10 13] [1 2 7 13] [1 2 4 5 6 8] [1 2 3 4 5 7 8 10 13 17 52] [1 2 3] [1 2 3 4 5 13 52 58] [1 2 4 5 7 9 10] [1 2 3 4 5 7 8 13 52] [1 2 3 5 7 10 13 52] [1 2 3 5 7 13] [1 2 3 4 5 7 10 17 43 58] [1 2 3 4 5 6] [1 13] [1 2 5 7 10 13 17 52] [1 2 3 5 13 52] [1 2 3 4 5 7 8 10 13 17 19] [1 2 3 4 5 7 8 9 10 11] [1 2 3 4 5 7 8 17] [1 2 3 4 5 6 7 8 9 13 52 58] [] [] [] [] [] [] [] [] [] [] [] [] [] [] [] [] [] [] [] [] [] [] [] [] [] [] [] [] [] [] [] [] [] [] [] [] [] [] [] [] [] [] [] [] [] [] [] [] [] [] [] [] [] [] [] [] [] [] [] [] [] [] [] [] [] [] [] [] [] [] [] [] [] [] [] [] [] [] [] [] [] [] [] [] [] [] [] [] [] [] [] [] [] [] [] [] [] [] [] [] [] [] [] [] []
161 [] [1 2 3 4 5 6 7 8 10 11 17] [1 2 4 5 7 9] [1 2 3 4 5 7 8 9 13] [1 2 3 4 5 7 8 10 17] [1 2 3 5 7] [1 2 3 4 5 7] [1 2 4 5 7] [1 2 3 4 5 7 8 10] [1 2 3 4 5 7 8] [1 2 3 5 7 10 13] [1 2 3 4 5 6 7 8 13 52] [1 2 3 4 5 13] [1 2 3 4 5 7 8 13 17 52 58] [1 2 3 4 5 7 8 10 13 52] [1 2 4 5 6 7 8 11 13] [1 2 3 4 5 7 9 13] [1 2 3 4 5 6 7] [1 2 3 4 5 6 7 8 9] [1 2 4 5 7 8 10 13] [1 2 13 52] [1 2 3 4 5 7 9] [1 2] [1 2 3 4 5 7 8 9 10 13 17] [1 2 4 5 7 8 9 10 13 17 43] [1 2 3 4 5 10 13] [1 2 3 4 5 7 10 17] [1 2 3 4 5 8 13 52 58] [1 2 3 5 7 9] [1 2 3 5] [1 2 3 4 5 6 8 13] [1 2 4 5 6 8 11] [1 2 3 5 7 8] [1 2 5 7] [1 2 3 4 5 7 8 10 13] [1 2 3 5 8 10 13 19 52] [1 2 3 4 5] [1 2 4 5] [1 2 3 4 5 8] [1 2 3 4 5 7 10] [1 2 3 5 7 10] [1 2 3 4 5 7 8 13] [1 2 5] [1 2 3 4 5 7 13] [1 2 4 5 7 13] [1 2 3 5 8 10 13] [1 2 3 5 7 8 10 19] [1 2 4 5 8] [1 2 3 4 5 8 10 19] [1 2 3 5 10] [1 2 3 4 5 8 13 17] [1 2 3 5 13] [1 2 3 4 5 7 10 13 17 52] [1 2 3 4 5 7 13 52] [1 2 4 5 7 13 52] [1 2 3 4 5 7 8 10 13 17] [1 2 3 5 7 8 10 13] [1 2 3 4 5 10] [1 2 3 4 5 7 8 13 17] [1 2 3 13] [1 2 3 4 5 7 8 10 13 17 24] [1 2 3 4 5 7 10 13 17] [1 2 5 7 10] [1 2 3 4 5 8 10 13 19 52 58] [1 2 3 4 5 8 10 13 17] [1 2 3 4 5 13 52] [1 2 3 4 5 8 10] [1 2 3 4 5 6 8 11 13 52 58] [1] [1 2 3 5 10 13] [1 5 27] [1 2 4 5 6 7 8 9 10 13] [1 2 3 5 8] [1 2 3 4 5 7 17] [1 2 3 4] [1 2 3 4 5 7 10 13] [1 2 7 13] [1 2 4 5 6 8] [1 2 3 4 5 7 8 10 13 17 52] [1 2 3] [1 2 3 4 5 13 52 58] [1 2 4 5 7 9 10] [1 5] [1 2 3 4 5 7 8 13 52] [1 2 3 5 7 10 13 52] [1 2 3 5 7 13] [1 2 3 4 5 7 10 17 43 58] [1 2 3 4 5 6] [1 13] [1 2 5 7 10 13 17 52] [1 2 3 5 13 52] [1 2 3 4 5 7 8 10 13 17 19] [1 2 3 4 5 7 8 9 10 11] [1 2 3 4 5 7 8 17] [1 2 3 4 5 6 7 8 9 13 52 58] [] [] [] [] [] [] [] [] [] [] [] [] [] [] [] [] [] [] [] [] [] [] [] [] [] [] [] [] [] [] [] [] [] [] [] [] [] [] [] [] [] [] [] [] [] [] [] [] [] [] [] [] [] [] [] [] [] [] [] [] [] [] [] [] [] [] [] [] [] [] [] [] [] [] [] [] [] [] [] [] [] [] [] [] [] [] [] [] [] [] [] [] [] [] [] [] [] [] [] [] [] [] [] [] [] []
162 [] [1 2 3 4 5 6 7 8 10 11 17] [1 2 4 5 7 9] [1 2 3 4 5 7 8 9 13] [1 2 3 4 5 7 8 10 17] [1 2 3 5 7] [1 2 3 4 5 7] [1 2 4 5 7] [1 2 3 4 5 7 8 10] [1 2 3 4 5 7 8] [1 2 3 5 7 10 13] [1 2 3 4 5 6 7 8 13 52] [1 2 3 4 5 13] [1 2 3 4 5 7 8 13 17 52 58] [1 2 3 4 5 7 8 10 13 52] [1 2 4 5 6 7 8 11 13] [1 2 3 4 5 7 9 13] [1 2 3 4 5 6 7] [1 2 3 4 5 6 7 8 9] [1 2 4 5 7 8 10 13] [1 2 13 52] [1 2 3 4 5 7 9] [1 2] [1 2 3 4 5 7 8 9 10 13 17] [1 2 4 5 7 8 9 10 13 17 43] [1 2 3 4 5 10 13] [1 2 3 4 5 7 10 17] [1 2 3 4 5 8 13 52 58] [1 2 3 5 7 9] [1 2 3 5] [1 2 3 4 5 6 8 13] [1 2 4 5 6 8 11] [1 2 3 5 7 8] [1 2 5 7] [1 2 3 4 5 7 8 10 13] [1 2 3 5 8 10 13 19 52] [1 2 3 4 5] [1 2 4 5] [1 2 3 4 5 8] [1 2 3 4 5 7 10] [1 2 3 5 7 10] [1 2 3 4 5 7 8 13] [1 2 5] [1 2 3 4 5 7 13] [1 2 4 5 7 13] [1 2 3 5 8 10 13] [1 2 3 5 7 8 10 19] [1 2 4 5 8] [1 2 3 4 5 8 10 19] [1 2 3 5 10] [1 2 3 4 5 8 13 17] [1 2 3 5 13] [1 2 3 4 5 7 10 13 17 52] [1 2 3 4 5 7 13 52] [1 2 4 5 7 13 52] [1 2 3 4 5 7 8 10 13 17] [1 2 3 5 7 8 10 13] [1 2 3 4 5 10] [1 2 3 4 5 7 8 13 17] [1 2 3 13] [1 2 3 4 5 7 8 10 13 17 24] [1 2 3 4 5 7 10 13 17] [1 2 5 7 10] [1 2 3 4 5 8 10 13 19 52 58] [1 2 3 4 5 8 10 13 17] [1 2 3 4 5 13 52] [1 2 3 4 5 8 10] [1 2 3 4 5 6 8 11 13 52 58] [1] [1 2 3 5 10 13] [1 5 27] [1 2 4 5 6 7 8 9 10 13] [1 2 3 5 8] [1 2 3 4 5 7 17] [1 2 3 4] [1 2 3 4 5 7 10 13] [1 2 7 13] [1 2 4 5 6 8] [1 2 3 4 5 7 8 10 13 17 52] [1 2 3] [1 2 3 4 5 13 52 58] [1 2 4 5 7 9 10] [1 5] [1 2 3 4 5 7 8 13 52] [1 2 3 5 7 10 13 52] [1 2 3 5 7 13] [1 2 3 4 5 7 10 17 43 58] [1 2 3 4 5 6] [1 13] [1 2 5 7 10 13 17 52] [1 2 3 5 13 52] [1 2 3 4 5 7 8 10 13 17 19] [1 2 3 4 5 7 8 9 10 11] [1 2 3 4 5 7 8 17] [1 2 3 4 5 6 7 8 9 13 52 58] [] [] [] [] [] [] [] [] [] [] [] [] [] [] [] [] [] [] [] [] [] [] [] [] [] [] [] [] [] [] [] [] [] [] [] [] [] [] [] [] [] [] [] [] [] [] [] [] [] [] [] [] [] [] [] [] [] [] [] [] [] [] [] [] [] [] [] [] [] [] [] [] [] [] [] [] [] [] [] [] [] [] [] [] [] [] [] [] [] [] [] [] [] [] [] [] [] [] [] [] [] [] [] [] [] []
163 [] [1 2 4 5 7 9] [1 2 3 4 5 7 8 9 13] [1 2 3 4 5 7 8 10 17] [1 2 3 5 7] [1 2 3 4 5 7] [1 2 4 5 7] [1 2 3 4 5 7 8 10] [1 2 3 4 5 7 8] [1 2 3 5 7 10 13] [1 2 3 4 5 6 7 8 13 52] [1 2 3 4 5 13] [1 2 3 4 5 7 8 13 17 52 58] [1 2 3 4 5 7 8 10 13 52] [1 2 4 5 6 7 8 11 13] [1 2 3 4 5 7 9 13] [1 2 3 4 5 6 7] [1 2 3 4 5 6 7 8 9] [1 2 4 5 7 8 10 13] [1 2 13 52] [1 2 3 4 5 7 9] [1 2] [1 2 3 4 5 7 8 9 10 13 17] [1 2 4 5 7 8 9 10 13 17 43] [1 2 3 4 5 10 13] [1 2 3 4 5 7 10 17] [1 2 3 4 5 8 13 52 58] [1 2 3 5 7 9] [1 2 3 5] [1 2 3 4 5 6 8 13] [1 2 4 5 6 8 11] [1 2 3 5 7 8] [1 2 5 7] [1 2 3 4 5 7 8 10 13] [1 2 3 5 8 10 13 19 52] [1 2 3 4 5] [1 2 4 5] [1 2 3 4 5 8] [1 2 3 4 5 7 10] [1 2 3 5 7 10] [1 2 3 4 5 7 8 13] [1 2 5] [1 2 3 4 5 7 13] [1 2 4 5 7 13] [1 2 3 5 8 10 13] [1 2 3 5 7 8 10 19] [1 2 4 5 8] [1 2 3 4 5 8 10 19] [1 2 3 5 10] [1 2 3 4 5 8 13 17] [1 2 3 5 13] [1 2 3 4 5 7 10 13 17 52] [1 2 3 4 5 7 13 52] [1 2 4 5 7 13 52] [1 2 3 4 5 7 8 10 13 17] [1 2 3 5 7 8 10 13] [1 2 3 4 5 10] [1 2 3 4 5 7 8 13 17] [1 2 3 13] [1 2 3 4 5 7 8 10 13 17 24] [1 2 3 4 5 7 10 13 17] [1 2 5 7 10] [1 2 3 4 5 8 10 13 19 52 58] [1 2 3 4 5 8 10 13 17] [1 2 3 4 5 13 52] [1 2 3 4 5 8 10] [1 2 3 4 5 6 8 11 13 52 58] [1] [1 2 3 5 10 13] [1 5 27] [1 2 4 5 6 7 8 9 10 13] [1 2 3 5 8] [1 2 3 4 5 7 17] [1 2 3 4] [1 2 3 4 5 7 10 13] [1 2 7 13] [1 2 4 5 6 8] [1 2 3 4 5 7 8 10 13 17 52] [1 2 3] [1 2 3 4 5 13 52 58] [1 2 4 5 7 9 10] [1 5] [1 2 3 4 5 7 8 13 52] [1 2 3 5 7 10 13 52] [1 2 3 5 7 13] [1 2 3 4 5 7 10 17 43 58] [1 2 3 4 5 6] [1 13] [1 2 5 7 10 13 17 52] [1 2 3 5 13 52] [1 2 3 4 5 7 8 10 13 17 19] [1 2 3 4 5 7 8 9 10 11] [1 2 3 4 5 7 8 17] [1 2 3 4 5 6 7 8 9 13 52 58] [] [] [] [] [] [] [] [] [] [] [] [] [] [] [] [] [] [] [] [] [] [] [] [] [] [] [] [] [] [] [] [] [] [] [] [] [] [] [] [] [] [] [] [] [] [] [] [] [] [] [] [] [] [] [] [] [] [] [] [] [] [] [] [] [] [] [] [] [] [] [] [] [] [] [] [] [] [] [] [] [] [] [] [] [] [] [] [] [] [] [] [] [] [] [] [] [] [] [] [] [] [] [] [] [] [] []
164 [] [1 2 4 5 7 9] [1 2 3 4 5 7 8 9 13] [1 2 3 4 5 7 8 10 17] [1 2 3 5 7] [1 2 3 4 5 7] [1 2 4 5 7] [1 2 3 4 5 7 8 10] [1 2 3 4 5 7 8] [1 2 3 5 7 10 13] [1 2 3 4 5 6 7 8 13 52] [1 2 3 4 5 13] [1 2 3 4 5 7 8 13 17 52 58] [1 2 3 4 5 7 8 10 13 52] [1 2 4 5 6 7 8 11 13] [1 2 3 4 5 7 9 13] [1 2 3 4 5 6 7] [1 2 3 4 5 6 7 8 9] [1 2 4 5 7 8 10 13] [1 2 13 52] [1 2 3 4 5 7 9] [1 2] [1 2 3 4 5 7 8 9 10 13 17] [1 2 4 5 7 8 9 10 13 17 43] [1 2 3 4 5 10 13] [1 2 3 4 5 7 10 17] [1 2 3 4 5 8 13 52 58] [1 2 3 5 7 9] [1 2 3 5] [1 2 3 4 5 6 8 13] [1 2 4 5 6 8 11] [1 2 3 5 7 8] [1 2 5 7] [1 2 3 4 5 7 8 10 13] [1 2 3 5 8 10 13 19 52] [1 2 3 4 5] [1 2 4 5] [1 2 3 4 5 8] [1 2 3 4 5 7 10] [1 2 3 5 7 10] [1 2 3 4 5 7 8 13] [1 2 5] [1 2 3 4 5 7 13] [1 2 4 5 7 13] [1 2 3 5 8 10 13] [1 2 3 5 7 8 10 19] [1 2 4 5 8] [1 2 3 4 5 8 10 19] [1 2 3 5 10] [1 2 3 4 5 8 13 17] [1 2 3 5 13] [1 2 3 4 5 7 10 13 17 52] [1 2 3 4 5 7 13 52] [1 2 4 5 7 13 52] [1 2 3 4 5 7 8 10 13 17] [1 2 3 5 7 8 10 13] [1 2 3 4 5 10] [1 2 3 4 5 7 8 13 17] [1 2 3 13] [1 2 3 4 5 7 8 10 13 17 24] [1 2 3 4 5 7 10 13 17] [1 2 5 7 10] [1 2 3 4 5 8 10 13 19 52 58] [1 2 3 4 5 8 10 13 17] [1 2 3 4 5 13 52] [1 2 3 4 5 8 10] [1 2 3 4 5 6 8 11 13 52 58] [1] [1 2 3 5 10 13] [1 5 27] [1 2 4 5 6 7 8 9 10 13] [1 2 3 5 8] [1 2 3 5 7 13] [1 2 3 4 5 7 17] [1 2 3 4] [1 2 3 4 5 7 10 13] [1 2 7 13] [1 2 4 5 6 8] [1 2 3 4 5 7 8 10 13 17 52] [1 2 3] [1 2 3 4 5 13 52 58] [1 2 4 5 7 9 10] [1 5] [1 2 3 4 5 7 8 13 52] [1 2 3 5 7 10 13 52] [1 2 3 4 5 7 10 17 43 58] [1 2 3 4 5 6] [1 13] [1 2 5 7 10 13 17 52] [1 2 3 5 13 52] [1 2 3 4 5 7 8 10 13 17 19] [1 2 3 4 5 7 8 9 10 11] [1 2 3 4 5 7 8 17] [1 2 3 4 5 6 7 8 9 13 52 58] [] [] [] [] [] [] [] [] [] [] [] [] [] [] [] [] [] [] [] [] [] [] [] [] [] [] [] [] [] [] [] [] [] [] [] [] [] [] [] [] [] [] [] [] [] [] [] [] [] [] [] [] [] [] [] [] [] [] [] [] [] [] [] [] [] [] [] [] [] [] [] [] [] [] [] [] [] [] [] [] [] [] [] [] [] [] [] [] [] [] [] [] [] [] [] [] [] [] [] [] [] [] [] [] [] [] []
165 [] [1 2 3 4 5 7 8 9 13] [1 2 3 4 5 7 8 10 17] [1 2 3 5 7] [1 2 3 4 5 7] [1 2 4 5 7] [1 2 3 4 5 7 8 10] [1 2 3 4 5 7 8] [1 2 3 5 7 10 13] [1 2 3 4 5 6 7 8 13 52] [1 2 3 4 5 13] [1 2 3 4 5 7 8 13 17 52 58] [1 2 3 4 5 7 8 10 13 52] [1 2 4 5 6 7 8 11 13] [1 2 3 4 5 7 9 13] [1 2 3 4 5 6 7] [1 2 3 4 5 6 7 8 9] [1 2 4 5 7 8 10 13] [1 2 13 52] [1 2 3 4 5 7 9] [1 2] [1 2 3 4 5 7 8 9 10 13 17] [1 2 4 5 7 8 9 10 13 17 43] [1 2 3 4 5 10 13] [1 2 3 4 5 7 10 17] [1 2 3 4 5 8 13 52 58] [1 2 3 5 7 9] [1 2 3 5] [1 2 3 4 5 6 8 13] [1 2 4 5 6 8 11] [1 2 3 5 7 8] [1 2 5 7] [1 2 3 4 5 7 8 10 13] [1 2 3 5 8 10 13 19 52] [1 2 3 4 5] [1 2 4 5] [1 2 3 4 5 8] [1 2 3 4 5 7 10] [1 2 3 5 7 10] [1 2 3 4 5 7 8 13] [1 2 5] [1 2 3 4 5 7 13] [1 2 4 5 7 13] [1 2 3 5 8 10 13] [1 2 3 5 7 8 10 19] [1 2 4 5 8] [1 2 3 4 5 8 10 19] [1 2 3 5 10] [1 2 3 4 5 8 13 17] [1 2 3 5 13] [1 2 3 4 5 7 10 13 17 52] [1 2 3 4 5 7 13 52] [1 2 4 5 7 13 52] [1 2 3 4 5 7 8 10 13 17] [1 2 3 5 7 8 10 13] [1 2 3 4 5 10] [1 2 3 4 5 7 8 13 17] [1 2 3 13] [1 2 3 4 5 7 8 10 13 17 24] [1 2 3 4 5 7 10 13 17] [1 2 5 7 10] [1 2 3 4 5 8 10 13 19 52 58] [1 2 3 4 5 8 10 13 17] [1 2 3 4 5 13 52] [1 2 3 4 5 8 10] [1 2 3 4 5 6 8 11 13 52 58] [1] [1 2 3 5 10 13] [1 5 27] [1 2 4 5 6 7 8 9 10 13] [1 2 3 5 8] [1 2 3 5 7 13] [1 2 3 4 5 7 17] [1 2 3 4] [1 2 3 4 5 7 10 13] [1 2 7 13] [1 2 4 5 6 8] [1 2 3 4 5 7 8 10 13 17 52] [1 2 3] [1 2 3 4 5 13 52 58] [1 2 4 5 7 9 10] [1 5] [1 2 3 4 5 7 8 13 52] [1 2 3 5 7 10 13 52] [1 2 3 4 5 7 10 17 43 58] [1 2 3 4 5 6] [1 13] [1 2 5 7 10 13 17 52] [1 2 3 5 13 52] [1 2 3 4 5 7 8 10 13 17 19] [1 2 3 4 5 7 8 9 10 11] [1 2 3 4 5 7 8 17] [1 2 3 4 5 6 7 8 9 13 52 58] [] [] [] [] [] [] [] [] [] [] [] [] [] [] [] [] [] [] [] [] [] [] [] [] [] [] [] [] [] [] [] [] [] [] [] [] [] [] [] [] [] [] [] [] [] [] [] [] [] [] [] [] [] [] [] [] [] [] [] [] [] [] [] [] [] [] [] [] [] [] [] [] [] [] [] [] [] [] [] [] [] [] [] [] [] [] [] [] [] [] [] [] [] [] [] [] [] [] [] [] [] [] [] [] [] [] [] []
166 [] [1 2 3 4 5 7 8 10 17] [1 2 3 5 7] [1 2 3 4 5 7] [1 2 4 5 7] [1 2 3 4 5 7 8 10] [1 2 3 4 5 7 8] [1 2 3 5 7 10 13] [1 2 3 4 5 6 7 8 13 52] [1 2 3 4 5 13] [1 2 3 4 5 7 8 13 17 52 58] [1 2 3 4 5 7 8 10 13 52] [1 2 4 5 6 7 8 11 13] [1 2 3 4 5 7 9 13] [1 2 3 4 5 6 7] [1 2 3 4 5 6 7 8 9] [1 2 4 5 7 8 10 13] [1 2 13 52] [1 2 3 4 5 7 9] [1 2] [1 2 3 4 5 7 8 9 10 13 17] [1 2 4 5 7 8 9 10 13 17 43] [1 2 3 4 5 10 13] [1 2 3 4 5 7 10 17] [1 2 3 4 5 8 13 52 58] [1 2 3 5 7 9] [1 2 3 5] [1 2 3 4 5 6 8 13] [1 2 4 5 6 8 11] [1 2 3 5 7 8] [1 2 5 7] [1 2 3 4 5 7 8 10 13] [1 2 3 5 8 10 13 19 52] [1 2 3 4 5] [1 2 4 5] [1 2 3 4 5 8] [1 2 3 4 5 7 10] [1 2 3 5 7 10] [1 2 3 4 5 7 8 13] [1 2 5] [1 2 3 4 5 7 13] [1 2 4 5 7 13] [1 2 3 5 8 10 13] [1 2 3 5 7 8 10 19] [1 2 4 5 8] [1 2 3 4 5 8 10 19] [1 2 3 5 10] [1 2 3 4 5 8 13 17] [1 2 3 5 13] [1 2 3 4 5 7 10 13 17 52] [1 2 3 4 5 7 13 52] [1 2 4 5 7 13 52] [1 2 3 4 5 7 8 10 13 17] [1 2 3 5 7 8 10 13] [1 2 3 4 5 10] [1 2 3 4 5 7 8 13 17] [1 2 3 13] [1 2 3 4 5 7 8 10 13 17 24] [1 2 3 4 5 7 10 13 17] [1 2 5 7 10] [1 2 3 4 5 8 10 13 19 52 58] [1 2 3 4 5 8 10 13 17] [1 2 3 4 5 13 52] [1 2 3 4 5 8 10] [1 2 3 4 5 6 8 11 13 52 58] [1] [1 2 3 5 10 13] [1 5 27] [1 2 4 5 6 7 8 9 10 13] [1 2 3 4 5 7 8 9 13] [1 2 3 5 8] [1 2 3 5 7 13] [1 2 3 4 5 7 17] [1 2 3 4] [1 2 3 4 5 7 10 13] [1 2 7 13] [1 2 4 5 6 8] [1 2 3 4 5 7 8 10 13 17 52] [1 2 3] [1 2 3 4 5 13 52 58] [1 2 4 5 7 9 10] [1 5] [1 2 3 4 5 7 8 13 52] [1 2 3 5 7 10 13 52] [1 2 3 4 5 7 10 17 43 58] [1 2 3 4 5 6] [1 13] [1 2 5 7 10 13 17 52] [1 2 3 5 13 52] [1 2 3 4 5 7 8 10 13 17 19] [1 2 3 4 5 7 8 9 10 11] [1 2 3 4 5 7 8 17] [1 2 3 4 5 6 7 8 9 13 52 58] [] [] [] [] [] [] [] [] [] [] [] [] [] [] [] [] [] [] [] [] [] [] [] [] [] [] [] [] [] [] [] [] [] [] [] [] [] [] [] [] [] [] [] [] [] [] [] [] [] [] [] [] [] [] [] [] [] [] [] [] [] [] [] [] [] [] [] [] [] [] [] [] [] [] [] [] [] [] [] [] [] [] [] [] [] [] [] [] [] [] [] [] [] [] [] [] [] [] [] [] [] [] [] [] [] [] [] []
167 [] [1 2 3 5 7] [1 2 3 4 5 7] [1 2 4 5 7] [1 2 3 4 5 7 8 10] [1 2 3 4 5 7 8] [1 2 3 5 7 10 13] [1 2 3 4 5 6 7 8 13 52] [1 2 3 4 5 13] [1 2 3 4 5 7 8 13 17 52 58] [1 2 3 4 5 7 8 10 13 52] [1 2 4 5 6 7 8 11 13] [1 2 3 4 5 7 9 13] [1 2 3 4 5 6 7] [1 2 3 4 5 6 7 8 9] [1 2 4 5 7 8 10 13] [1 2 13 52] [1 2 3 4 5 7 9] [1 2] [1 2 3 4 5 7 8 9 10 13 17] [1 2 4 5 7 8 9 10 13 17 43] [1 2 3 4 5 10 13] [1 2 3 4 5 7 10 17] [1 2 3 4 5 8 13 52 58] [1 2 3 5 7 9] [1 2 3 5] [1 2 3 4 5 6 8 13] [1 2 4 5 6 8 11] [1 2 3 5 7 8] [1 2 5 7] [1 2 3 4 5 7 8 10 13] [1 2 3 5 8 10 13 19 52] [1 2 3 4 5] [1 2 4 5] [1 2 3 4 5 8] [1 2 3 4 5 7 10] [1 2 3 5 7 10] [1 2 3 4 5 7 8 13] [1 2 5] [1 2 3 4 5 7 13] [1 2 4 5 7 13] [1 2 3 5 8 10 13] [1 2 3 5 7 8 10 19] [1 2 4 5 8] [1 2 3 4 5 8 10 19] [1 2 3 5 10] [1 2 3 4 5 8 13 17] [1 2 3 5 13] [1 2 3 4 5 7 10 13 17 52] [1 2 3 4 5 7 13 52] [1 2 4 5 7 13 52] [1 2 3 4 5 7 8 10 13 17] [1 2 3 5 7 8 10 13] [1 2 3 4 5 10] [1 2 3 4 5 7 8 13 17] [1 2 3 13] [1 2 3 4 5 7 8 10 13 17 24] [1 2 3 4 5 7 10 13 17] [1 2 5 7 10] [1 2 3 4 5 8 10 13 19 52 58] [1 2 3 4 5 8 10 13 17] [1 2 3 4 5 13 52] [1 2 3 4 5 8 10] [1 2 3 4 5 6 8 11 13 52 58] [1] [1 2 3 5 10 13] [1 5 27] [1 2 4 5 6 7 8 9 10 13] [1 2 3 4 5 7 8 9 13] [1 2 3 5 8] [1 2 3 5 7 13] [1 2 3 4 5 7 17] [1 2 3 4] [1 2 3 4 5 7 10 13] [1 2 7 13] [1 2 4 5 6 8] [1 2 3 4 5 7 8 10 13 17 52] [1 2 3] [1 2 3 4 5 13 52 58] [1 2 4 5 7 9 10] [1 5] [1 2 3 4 5 7 8 13 52] [1 2 3 5 7 10 13 52] [1 2 3 4 5 7 10 17 43 58] [1 2 3 4 5 6] [1 13] [1 2 5 7 10 13 17 52] [1 2 3 5 13 52] [1 2 3 4 5 7 8 10 13 17 19] [1 2 3 4 5 7 8 9 10 11] [1 2 3 4 5 7 8 17] [1 2 3 4 5 6 7 8 9 13 52 58] [] [] [] [] [] [] [] [] [] [] [] [] [] [] [] [] [] [] [] [] [] [] [] [] [] [] [] [] [] [] [] [] [] [] [] [] [] [] [] [] [] [] [] [] [] [] [] [] [] [] [] [] [] [] [] [] [] [] [] [] [] [] [] [] [] [] [] [] [] [] [] [] [] [] [] [] [] [] [] [] [] [] [] [] [] [] [] [] [] [] [] [] [] [] [] [] [] [] [] [] [] [] [] [] [] [] [] [] []
168 [] [1 2 3 5 7] [1 2 3 4 5 7] [1 2 4 5 7] [1 2 3 4 5 7 8 10] [1 2 3 4 5 7 8] [1 2 3 5 7 10 13] [1 2 3 4 5 6 7 8 13 52] [1 2 3 4 5 13] [1 2 3 4 5 7 8 13 17 52 58] [1 2 3 4 5 7 8 10 13 52] [1 2 4 5 6 7 8 11 13] [1 2 3 4 5 7 9 13] [1 2 3 4 5 6 7] [1 2 3 4 5 6 7 8 9] [1 2 4 5 7 8 10 13] [1 2 13 52] [1 2 3 4 5 7 9] [1 2] [1 2 3 4 5 7 8 9 10 13 17] [1 2 4 5 7 8 9 10 13 17 43] [1 2 3 4 5 10 13] [1 2 3 4 5 7 10 17] [1 2 3 4 5 8 13 52 58] [1 2 3 5 7 9] [1 2 3 5] [1 2 3 4 5 6 8 13] [1 2 4 5 6 8 11] [1 2 3 5 7 8] [1 2 5 7] [1 2 3 4 5 7 8 10 13] [1 2 3 5 8 10 13 19 52] [1 2 3 4 5] [1 2 4 5] [1 2 3 4 5 8] [1 2 3 4 5 7 10] [1 2 3 5 7 10] [1 2 3 4 5 7 8 13] [1 2 5] [1 2 3 4 5 7 13] [1 2 4 5 7 13] [1 2 3 5 8 10 13] [1 2 3 5 7 8 10 19] [1 2 4 5 8] [1 2 3 4 5 8 10 19] [1 2 3 5 10] [1 2 3 4 5 8 13 17] [1 2 3 5 13] [1 2 3 4 5 7 10 13 17 52] [1 2 3 4 5 7 13 52] [1 2 4 5 7 13 52] [1 2 3 4 5 7 8 10 13 17] [1 2 3 5 7 8 10 13] [1 2 3 4 5 10] [1 2 3 4 5 7 8 13 17] [1 2 3 13] [1 2 3 4 5 7 8 10 13 17 24] [1 2 3 4 5 7 10 13 17] [1 2 5 7 10] [1 2 3 4 5 8 10 13 19 52 58] [1 2 3 4 5 8 10 13 17] [1 2 3 4 5 13 52] [1 2 3 4 5 8 10] [1 2 3 4 5 6 8 11 13 52 58] [1] [1 2 3 5 10 13] [1 5 27] [1 2 4 5 6 7 8 9 10 13] [1 2 3 4 5 7 8 9 13] [1 2 3 5 8] [1 2 3 5 7 13] [1 2 3 4 5 7 17] [1 2 3 4] [1 2 3 4 5 7 10 13] [1 2 7 13] [1 2 4 5 6 8] [1 2 3 4 5 7 8 10 13 17 52] [1 2 3] [1 2 3 4 5 13 52 58] [1 2 4 5 7 9 10] [1 5] [1 2 3 4 5 7 8 13 52] [1 2 3 5 7 10 13 52] [1 2 3 4 5 7 10 17 43 58] [1 2 3 4 5 6] [1 13] [1 2 5 7 10 13 17 52] [1 2 3 5 13 52] [1 2 3 4 5 7 8 10 13 17 19] [1 2 3 4 5 7 8 9 10 11] [1 2 3 4 5 7 8 17] [1 2 3 4 5 6 7 8 9 13 52 58] [] [] [] [] [] [] [] [] [] [] [] [] [] [] [] [] [] [] [] [] [] [] [] [] [] [] [] [] [] [] [] [] [] [] [] [] [] [] [] [] [] [] [] [] [] [] [] [] [] [] [] [] [] [] [] [] [] [] [] [] [] [] [] [] [] [] [] [] [] [] [] [] [] [] [] [] [] [] [] [] [] [] [] [] [] [] [] [] [] [] [] [] [] [] [] [] [] [] [] [] [] [] [] [] [] [] [] [] []
169 [] [1 2 3 4 5 7] [1 2 4 5 7] [1 2 3 4 5 7 8 10] [1 2 3 4 5 7 8] [1 2 3 5 7 10 13] [1 2 3 4 5 6 7 8 13 52] [1 2 3 4 5 13] [1 2 3 4 5 7 8 13 17 52 58] [1 2 3 4 5 7 8 10 13 52] [1 2 4 5 6 7 8 11 13] [1 2 3 4 5 7 9 13] [1 2 3 4 5 6 7] [1 2 3 4 5 6 7 8 9] [1 2 4 5 7 8 10 13] [1 2 13 52] [1 2 3 4 5 7 9] [1 2] [1 2 3 4 5 7 8 9 10 13 17] [1 2 4 5 7 8 9 10 13 17 43] [1 2 3 4 5 10 13] [1 2 3 4 5 7 10 17] [1 2 3 4 5 8 13 52 58] [1 2 3 5 7 9] [1 2 3 5] [1 2 3 4 5 6 8 13] [1 2 4 5 6 8 11] [1 2 3 5 7 8] [1 2 5 7] [1 2 3 4 5 7 8 10 13] [1 2 3 5 8 10 13 19 52] [1 2 3 4 5] [1 2 4 5] [1 2 3 4 5 8] [1 2 3 5 7] [1 2 3 4 5 7 10] [1 2 3 5 7 10] [1 2 3 4 5 7 8 13] [1 2 5] [1 2 3 4 5 7 13] [1 2 4 5 7 13] [1 2 3 5 8 10 13] [1 2 3 5 7 8 10 19] [1 2 4 5 8] [1 2 3 4 5 8 10 19] [1 2 3 5 10] [1 2 3 4 5 8 13 17] [1 2 3 5 13] [1 2 3 4 5 7 10 13 17 52] [1 2 3 4 5 7 13 52] [1 2 4 5 7 13 52] [1 2 3 4 5 7 8 10 13 17] [1 2 3 5 7 8 10 13] [1 2 3 4 5 10] [1 2 3 4 5 7 8 13 17] [1 2 3 13] [1 2 3 4 5 7 8 10 13 17 24] [1 2 3 4 5 7 10 13 17] [1 2 5 7 10] [1 2 3 4 5 8 10 13 19 52 58] [1 2 3 4 5 8 10 13 17] [1 2 3 4 5 13 52] [1 2 3 4 5 8 10] [1 2 3 4 5 6 8 11 13 52 58] [1] [1 2 3 5 10 13] [1 5 27] [1 2 4 5 6 7 8 9 10 13] [1 2 3 4 5 7 8 9 13] [1 2 3 5 8] [1 2 3 5 7 13] [1 2 3 4 5 7 17] [1 2 3 4] [1 2 3 4 5 7 10 13] [1 2 7 13] [1 2 4 5 6 8] [1 2 3 4 5 7 8 10 13 17 52] [1 2 3] [1 2 3 4 5 13 52 58] [1 2 4 5 7 9 10] [1 5] [1 2 3 4 5 7 8 13 52] [1 2 3 5 7 10 13 52] [1 2 3 4 5 7 10 17 43 58] [1 2 3 4 5 6] [1 13] [1 2 5 7 10 13 17 52] [1 2 3 5 13 52] [1 2 3 4 5 7 8 10 13 17 19] [1 2 3 4 5 7 8 9 10 11] [1 2 3 4 5 7 8 17] [1 2 3 4 5 6 7 8 9 13 52 58] [] [] [] [] [] [] [] [] [] [] [] [] [] [] [] [] [] [] [] [] [] [] [] [] [] [] [] [] [] [] [] [] [] [] [] [] [] [] [] [] [] [] [] [] [] [] [] [] [] [] [] [] [] [] [] [] [] [] [] [] [] [] [] [] [] [] [] [] [] [] [] [] [] [] [] [] [] [] [] [] [] [] [] [] [] [] [] [] [] [] [] [] [] [] [] [] [] [] [] [] [] [] [] [] [] [] [] [] []
170 [] [1 2 4 5 7] [1 2 3 4 5 7 8 10] [1 2 3 4 5 7 8] [1 2 3 5 7 10 13] [1 2 3 4 5 6 7 8 13 52] [1 2 3 4 5 13] [1 2 3 4 5 7 8 13 17 52 58] [1 2 3 4 5 7 8 10 13 52] [1 2 4 5 6 7 8 11 13] [1 2 3 4 5 7 9 13] [1 2 3 4 5 6 7] [1 2 3 4 5 7] [1 2 3 4 5 6 7 8 9] [1 2 4 5 7 8 10 13] [1 2 13 52] [1 2 3 4 5 7 9] [1 2] [1 2 3 4 5 7 8 9 10 13 17] [1 2 4 5 7 8 9 10 13 17 43] [1 2 3 4 5 10 13] [1 2 3 4 5 7 10 17] [1 2 3 4 5 8 13 52 58] [1 2 3 5 7 9] [1 2 3 5] [1 2 3 4 5 6 8 13] [1 2 4 5 6 8 11] [1 2 3 5 7 8] [1 2 5 7] [1 2 3 4 5 7 8 10 13] [1 2 3 5 8 10 13 19 52] [1 2 3 4 5] [1 2 4 5] [1 2 3 4 5 8] [1 2 3 5 7] [1 2 3 4 5 7 10] [1 2 3 5 7 10] [1 2 3 4 5 7 8 13] [1 2 5] [1 2 3 4 5 7 13] [1 2 4 5 7 13] [1 2 3 5 8 10 13] [1 2 3 5 7 8 10 19] [1 2 4 5 8] [1 2 3 4 5 8 10 19] [1 2 3 5 10] [1 2 3 4 5 8 13 17] [1 2 3 5 13] [1 2 3 4 5 7 10 13 17 52] [1 2 3 4 5 7 13 52] [1 2 4 5 7 13 52] [1 2 3 4 5 7 8 10 13 17] [1 2 3 5 7 8 10 13] [1 2 3 4 5 10] [1 2 3 4 5 7 8 13 17] [1 2 3 13] [1 2 3 4 5 7 8 10 13 17 24] [1 2 3 4 5 7 10 13 17] [1 2 5 7 10] [1 2 3 4 5 8 10 13 19 52 58] [1 2 3 4 5 8 10 13 17] [1 2 3 4 5 13 52] [1 2 3 4 5 8 10] [1 2 3 4 5 6 8 11 13 52 58] [1] [1 2 3 5 10 13] [1 5 27] [1 2 4 5 6 7 8 9 10 13] [1 2 3 4 5 7 8 9 13] [1 2 3 5 8] [1 2 3 5 7 13] [1 2 3 4 5 7 17] [1 2 3 4] [1 2 3 4 5 7 10 13] [1 2 7 13] [1 2 4 5 6 8] [1 2 3 4 5 7 8 10 13 17 52] [1 2 3] [1 2 3 4 5 13 52 58] [1 2 4 5 7 9 10] [1 5] [1 2 3 4 5 7 8 13 52] [1 2 3 5 7 10 13 52] [1 2 3 4 5 7 10 17 43 58] [1 2 3 4 5 6] [1 13] [1 2 5 7 10 13 17 52] [1 2 3 5 13 52] [1 2 3 4 5 7 8 10 13 17 19] [1 2 3 4 5 7 8 9 10 11] [1 2 3 4 5 7 8 17] [1 2 3 4 5 6 7 8 9 13 52 58] [] [] [] [] [] [] [] [] [] [] [] [] [] [] [] [] [] [] [] [] [] [] [] [] [] [] [] [] [] [] [] [] [] [] [] [] [] [] [] [] [] [] [] [] [] [] [] [] [] [] [] [] [] [] [] [] [] [] [] [] [] [] [] [] [] [] [] [] [] [] [] [] [] [] [] [] [] [] [] [] [] [] [] [] [] [] [] [] [] [] [] [] [] [] [] [] [] [] [] [] [] [] [] [] [] [] [] [] []
171 [] [1 2 4 5 7] [1 2 3 4 5 7 8 10] [1 2 3 4 5 7 8] [1 2 3 5 7 10 13] [1 2 3 4 5 6 7 8 13 52] [1 2 3 4 5 13] [1 2 3 4 5 7 8 13 17 52 58] [1 2 3 4 5 7 8 10 13 52] [1 2 4 5 6 7 8 11 13] [1 2 3 4 5 7 9 13] [1 2 3 4 5 6 7] [1 2 3 4 5 7] [1 2 3 4 5 6 7 8 9] [1 2 4 5 7 8 10 13] [1 2 13 52] [1 2 3 4 5 7 9] [1 2] [1 2 3 4 5 7 8 9 10 13 17] [1 2 4 5 7 8 9 10 13 17 43] [1 2 3 4 5 10 13] [1 2 3 4 5 7 10 17] [1 2 3 4 5 8 13 52 58] [1 2 3 5 7 9] [1 2 3 5] [1 2 3 4 5 6 8 13] [1 2 4 5 6 8 11] [1 2 3 5 7 8] [1 2 5 7] [1 2 3 4 5 7 8 10 13] [1 2 3 5 8 10 13 19 52] [1 2 3 4 5] [1 2 4 5] [1 2 3 4 5 8] [1 2 3 5 7] [1 2 3 4 5 7 10] [1 2 3 5 7 10] [1 2 3 4 5 7 8 13] [1 2 5] [1 2 3 4 5 7 13] [1 2 4 5 7 13] [1 2 3 5 8 10 13] [1 2 3 5 7 8 10 19] [1 2 4 5 8] [1 2 3 4 5 8 10 19] [1 2 3 5 10] [1 2 3 4 5 8 13 17] [1 2 3 5 13] [1 2 3 4 5 7 10 13 17 52] [1 2 3 4 5 7 13 52] [1 2 4 5 7 13 52] [1 2 3 4 5 7 8 10 13 17] [1 2 3 5 7 8 10 13] [1 2 3 4 5 10] [1 2 3 4 5 7 8 13 17] [1 2 3 13] [1 2 3 4 5 7 8 10 13 17 24] [1 2 3 4 5 7 10 13 17] [1 2 5 7 10] [1 2 3 4 5 8 10 13 19 52 58] [1 2 3 4 5 8 10 13 17] [1 2 3 4 5 13 52] [1 2 3 4 5 8 10] [1 2 3 4 5 6 8 11 13 52 58] [1] [1 2 3 5 10 13] [1 5 27] [1 2 4 5 6 7 8 9 10 13] [1 2 3 4 5 7 8 9 13] [1 2 3 5 8] [1 2 3 5 7 13] [1 2 3 4 5 7 17] [1 2 3 4] [1 2 3 4 5 7 10 13] [1 2 7 13] [1 2 4 5 6 8] [1 2 3 4 5 7 8 10 13 17 52] [1 2 3] [1 2 3 4 5 13 52 58] [1 2 4 5 7 9 10] [1 5] [1 2 3 4 5 7 8 13 52] [1 2 3 5 7 10 13 52] [1 2 3 4 5 7 10 17 43 58] [1 2 3 4 5 6] [1 13] [1 2 5 7 10 13 17 52] [1 2 3 5 13 52] [1 2 3 4 5 7 8 10 13 17 19] [1 2 3 4 5 7 8 9 10 11] [1 2 3 4 5 7 8 17] [1 2 3 4 5 6 7 8 9 13 52 58] [] [] [] [] [] [] [] [] [] [] [] [] [] [] [] [] [] [] [] [] [] [] [] [] [] [] [] [] [] [] [] [] [] [] [] [] [] [] [] [] [] [] [] [] [] [] [] [] [] [] [] [] [] [] [] [] [] [] [] [] [] [] [] [] [] [] [] [] [] [] [] [] [] [] [] [] [] [] [] [] [] [] [] [] [] [] [] [] [] [] [] [] [] [] [] [] [] [] [] [] [] [] [] [] [] [] [] [] []
172 [] [1 2 3 4 5 7 8 10] [1 2 3 4 5 7 8] [1 2 3 5 7 10 13] [1 2 3 4 5 6 7 8 13 52] [1 2 3 4 5 13] [1 2 3 4 5 7 8 13 17 52 58] [1 2 3 4 5 7 8 10 13 52] [1 2 4 5 6 7 8 11 13] [1 2 3 4 5 7 9 13] [1 2 3 4 5 6 7] [1 2 3 4 5 7] [1 2 3 4 5 6 7 8 9] [1 2 4 5 7 8 10 13] [1 2 13 52] [1 2 3 4 5 7 9] [1 2] [1 2 3 4 5 7 8 9 10 13 17] [1 2 4 5 7 8 9 10 13 17 43] [1 2 3 4 5 10 13] [1 2 3 4 5 7 10 17] [1 2 3 4 5 8 13 52 58] [1 2 3 5 7 9] [1 2 3 5] [1 2 3 4 5 6 8 13] [1 2 4 5 6 8 11] [1 2 3 5 7 8] [1 2 5 7] [1 2 4 5 7] [1 2 3 4 5 7 8 10 13] [1 2 3 5 8 10 13 19 52] [1 2 3 4 5] [1 2 4 5] [1 2 3 4 5 8] [1 2 3 5 7] [1 2 3 4 5 7 10] [1 2 3 5 7 10] [1 2 3 4 5 7 8 13] [1 2 5] [1 2 3 4 5 7 13] [1 2 4 5 7 13] [1 2 3 5 8 10 13] [1 2 3 5 7 8 10 19] [1 2 4 5 8] [1 2 3 4 5 8 10 19] [1 2 3 5 10] [1 2 3 4 5 8 13 17] [1 2 3 5 13] [1 2 3 4 5 7 10 13 17 52] [1 2 3 4 5 7 13 52] [1 2 4 5 7 13 52] [1 2 3 4 5 7 8 10 13 17] [1 2 3 5 7 8 10 13] [1 2 3 4 5 10] [1 2 3 4 5 7 8 13 17] [1 2 3 13] [1 2 3 4 5 7 8 10 13 17 24] [1 2 3 4 5 7 10 13 17] [1 2 5 7 10] [1 2 3 4 5 8 10 13 19 52 58] [1 2 3 4 5 8 10 13 17] [1 2 3 4 5 13 52] [1 2 3 4 5 8 10] [1 2 3 4 5 6 8 11 13 52 58] [1] [1 2 3 5 10 13] [1 5 27] [1 2 4 5 6 7 8 9 10 13] [1 2 3 4 5 7 8 9 13] [1 2 3 5 8] [1 2 3 5 7 13] [1 2 3 4 5 7 17] [1 2 3 4] [1 2 3 4 5 7 10 13] [1 2 7 13] [1 2 4 5 6 8] [1 2 3 4 5 7 8 10 13 17 52] [1 2 3] [1 2 3 4 5 13 52 58] [1 2 4 5 7 9 10] [1 5] [1 2 3 4 5 7 8 13 52] [1 2 3 5 7 10 13 52] [1 2 3 4 5 7 10 17 43 58] [1 2 3 4 5 6] [1 13] [1 2 5 7 10 13 17 52] [1 2 3 5 13 52] [1 2 3 4 5 7 8 10 13 17 19] [1 2 3 4 5 7 8 9 10 11] [1 2 3 4 5 7 8 17] [1 2 3 4 5 6 7 8 9 13 52 58] [] [] [] [] [] [] [] [] [] [] [] [] [] [] [] [] [] [] [] [] [] [] [] [] [] [] [] [] [] [] [] [] [] [] [] [] [] [] [] [] [] [] [] [] [] [] [] [] [] [] [] [] [] [] [] [] [] [] [] [] [] [] [] [] [] [] [] [] [] [] [] [] [] [] [] [] [] [] [] [] [] [] [] [] [] [] [] [] [] [] [] [] [] [] [] [] [] [] [] [] [] [] [] [] [] [] [] [] []
173 [] [1 2 3 4 5 7 8 10] [1 2 3 4 5 7 8] [1 2 3 5 7 10 13] [1 2 3 4 5 6 7 8 13 52] [1 2 3 4 5 13] [1 2 3 4 5 7 8 13 17 52 58] [1 2 3 4 5 7 8 10 13 52] [1 2 4 5 6 7 8 11 13] [1 2 3 4 5 7 9 13] [1 2 3 4 5 6 7] [1 2 3 4 5 7] [1 2 3 4 5 6 7 8 9] [1 2 4 5 7 8 10 13] [1 2 13 52] [1 2 3 4 5 7 9] [1 2] [1 2 3 4 5 7 8 9 10 13 17] [1 2 4 5 7 8 9 10 13 17 43] [1 2 3 4 5 10 13] [1 2 3 4 5 7 10 17] [1 2 3 4 5 8 13 52 58] [1 2 3 5 7 9] [1 2 3 5] [1 2 3 4 5 6 8 13] [1 2 4 5 6 8 11] [1 2 3 5 7 8] [1 2 5 7] [1 2 4 5 7] [1 2 3 4 5 7 8 10 13] [1 2 3 5 8 10 13 19 52] [1 2 3 4 5] [1 2 4 5] [1 2 3 4 5 8] [1 2 3 5 7] [1 2 3 4 5 7 10] [1 2 3 5 7 10] [1 2 3 4 5 7 8 13] [1 2 5] [1 2 3 4 5 7 13] [1 2 4 5 7 13] [1 2 3 5 8 10 13] [1 2 3 5 7 8 10 19] [1 2 4 5 8] [1 2 3 4 5 8 10 19] [1 2 3 5 10] [1 2 3 4 5 8 13 17] [1 2 3 5 13] [1 2 3 4 5 7 10 13 17 52] [1 2 3 4 5 7 13 52] [1 2 4 5 7 13 52] [1 2 3 4 5 7 8 10 13 17] [1 2 3 5 7 8 10 13] [1 2 3 4 5 10] [1 2 3 4 5 7 8 13 17] [1 2 3 13] [1 2 3 4 5 7 8 10 13 17 24] [1 2 3 4 5 7 10 13 17] [1 2 5 7 10] [1 2 3 4 5 8 10 13 19 52 58] [1 2 3 4 5 8 10 13 17] [1 2 3 4 5 13 52] [1 2 3 4 5 8 10] [1 2 3 4 5 6 8 11 13 52 58] [1] [1 2 3 5 10 13] [1 5 27] [1 2 4 5 6 7 8 9 10 13] [1 2 3 4 5 7 8 9 13] [1 2 3 5 8] [1 2 3 5 7 13] [1 2 3 4 5 7 17] [1 2 3 4] [1 2 3 4 5 7 10 13] [1 2 7 13] [1 2 4 5 6 8] [1 2 3 4 5 7 8 10 13 17 52] [1 2 3] [1 2 3 4 5 13 52 58] [1 2 4 5 7 9 10] [1 5] [1 2 3 4 5 7 8 13 52] [1 2 3 5 7 10 13 52] [1 2 3 4 5 7 10 17 43 58] [1 2 3 4 5 6] [1 13] [1 2 5 7 10 13 17 52] [1 2 3 5 13 52] [1 2 3 4 5 7 8 10 13 17 19] [1 2 3 4 5 7 8 9 10 11] [1 2 3 4 5 7 8 17] [1 2 3 4 5 6 7 8 9 13 52 58] [] [] [] [] [] [] [] [] [] [] [] [] [] [] [] [] [] [] [] [] [] [] [] [] [] [] [] [] [] [] [] [] [] [] [] [] [] [] [] [] [] [] [] [] [] [] [] [] [] [] [] [] [] [] [] [] [] [] [] [] [] [] [] [] [] [] [] [] [] [] [] [] [] [] [] [] [] [] [] [] [] [] [] [] [] [] [] [] [] [] [] [] [] [] [] [] [] [] [] [] [] [] [] [] [] [] [] [] []
174 [] [1 2 3 4 5 7 8] [1 2 3 5 7 10 13] [1 2 3 4 5 7 8 10] [1 2 3 4 5 6 7 8 13 52] [1 2 3 4 5 13] [1 2 3 4 5 7 8 13 17 52 58] [1 2 3 4 5 7 8 10 13 52] [1 2 4 5 6 7 8 11 13] [1 2 3 4 5 7 9 13] [1 2 3 4 5 6 7] [1 2 3 4 5 7] [1 2 3 4 5 6 7 8 9] [1 2 4 5 7 8 10 13] [1 2 13 52] [1 2 3 4 5 7 9] [1 2] [1 2 3 4 5 7 8 9 10 13 17] [1 2 4 5 7 8 9 10 13 17 43] [1 2 3 4 5 10 13] [1 2 3 4 5 7 10 17] [1 2 3 4 5 8 13 52 58] [1 2 3 5 7 9] [1 2 3 5] [1 2 3 4 5 6 8 13] [1 2 4 5 6 8 11] [1 2 3 5 7 8] [1 2 5 7] [1 2 4 5 7] [1 2 3 4 5 7 8 10 13] [1 2 3 5 8 10 13 19 52] [1 2 3 4 5] [1 2 4 5] [1 2 3 4 5 8] [1 2 3 5 7] [1 2 3 4 5 7 10] [1 2 3 5 7 10] [1 2 3 4 5 7 8 13] [1 2 5] [1 2 3 4 5 7 13] [1 2 4 5 7 13] [1 2 3 5 8 10 13] [1 2 3 5 7 8 10 19] [1 2 4 5 8] [1 2 3 4 5 8 10 19] [1 2 3 5 10] [1 2 3 4 5 8 13 17] [1 2 3 5 13] [1 2 3 4 5 7 10 13 17 52] [1 2 3 4 5 7 13 52] [1 2 4 5 7 13 52] [1 2 3 4 5 7 8 10 13 17] [1 2 3 5 7 8 10 13] [1 2 3 4 5 10] [1 2 3 4 5 7 8 13 17] [1 2 3 13] [1 2 3 4 5 7 8 10 13 17 24] [1 2 3 4 5 7 10 13 17] [1 2 5 7 10] [1 2 3 4 5 8 10 13 19 52 58] [1 2 3 4 5 8 10 13 17] [1 2 3 4 5 13 52] [1 2 3 4 5 8 10] [1 2 3 4 5 6 8 11 13 52 58] [1] [1 2 3 5 10 13] [1 5 27] [1 2 4 5 6 7 8 9 10 13] [1 2 3 4 5 7 8 9 13] [1 2 3 5 8] [1 2 3 5 7 13] [1 2 3 4 5 7 17] [1 2 3 4] [1 2 3 4 5 7 10 13] [1 2 7 13] [1 2 4 5 6 8] [1 2 3 4 5 7 8 10 13 17 52] [1 2 3] [1 2 3 4 5 13 52 58] [1 2 4 5 7 9 10] [1 5] [1 2 3 4 5 7 8 13 52] [1 2 3 5 7 10 13 52] [1 2 3 4 5 7 10 17 43 58] [1 2 3 4 5 6] [1 13] [1 2 5 7 10 13 17 52] [1 2 3 5 13 52] [1 2 3 4 5 7 8 10 13 17 19] [1 2 3 4 5 7 8 9 10 11] [1 2 3 4 5 7 8 17] [1 2 3 4 5 6 7 8 9 13 52 58] [] [] [] [] [] [] [] [] [] [] [] [] [] [] [] [] [] [] [] [] [] [] [] [] [] [] [] [] [] [] [] [] [] [] [] [] [] [] [] [] [] [] [] [] [] [] [] [] [] [] [] [] [] [] [] [] [] [] [] [] [] [] [] [] [] [] [] [] [] [] [] [] [] [] [] [] [] [] [] [] [] [] [] [] [] [] [] [] [] [] [] [] [] [] [] [] [] [] [] [] [] [] [] [] [] [] [] [] []
175 [] [1 2 3 4 5 7 8] [1 2 3 5 7 10 13] [1 2 3 4 5 7 8 10] [1 2 3 4 5 6 7 8 13 52] [1 2 3 4 5 13] [1 2 3 4 5 7 8 13 17 52 58] [1 2 3 4 5 7 8 10 13 52] [1 2 4 5 6 7 8 11 13] [1 2 3 4 5 7 9 13] [1 2 3 4 5 6 7] [1 2 3 4 5 7] [1 2 3 4 5 6 7 8 9] [1 2 4 5 7 8 10 13] [1 2 13 52] [1 2 3 4 5 7 9] [1 2] [1 2 3 4 5 7 8 9 10 13 17] [1 2 4 5 7 8 9 10 13 17 43] [1 2 3 4 5 10 13] [1 2 3 4 5 7 10 17] [1 2 3 4 5 8 13 52 58] [1 2 3 5 7 9] [1 2 3 5] [1 2 3 4 5 6 8 13] [1 2 4 5 6 8 11] [1 2 3 5 7 8] [1 2 5 7] [1 2 4 5 7] [1 2 3 4 5 7 8 10 13] [1 2 3 5 8 10 13 19 52] [1 2 3 4 5] [1 2 4 5] [1 2 3 4 5 8] [1 2 3 5 7] [1 2 3 4 5 7 10] [1 2 3 5 7 10] [1 2 3 4 5 7 8 13] [1 2 5] [1 2 3 4 5 7 13] [1 2 4 5 7 13] [1 2 3 5 8 10 13] [1 2 3 5 7 8 10 19] [1 2 4 5 8] [1 2 3 4 5 8 10 19] [1 2 3 5 10] [1 2 3 4 5 8 13 17] [1 2 3 5 13] [1 2 3 4 5 7 10 13 17 52] [1 2 3 4 5 7 13 52] [1 2 4 5 7 13 52] [1 2 3 4 5 7 8 10 13 17] [1 2 3 5 7 8 10 13] [1 2 3 4 5 10] [1 2 3 4 5 7 8 13 17] [1 2 3 13] [1 2 3 4 5 7 8 10 13 17 24] [1 2 3 4 5 7 10 13 17] [1 2 5 7 10] [1 2 3 4 5 8 10 13 19 52 58] [1 2 3 4 5 8 10 13 17] [1 2 3 4 5 13 52] [1 2 3 4 5 8 10] [1 2 3 4 5 6 8 11 13 52 58] [1] [1 2 3 5 10 13] [1 5 27] [1 2 4 5 6 7 8 9 10 13] [1 2 3 4 5 7 8 9 13] [1 2 3 5 8] [1 2 3 5 7 13] [1 2 3 4 5 7 17] [1 2 3 4] [1 2 3 4 5 7 10 13] [1 2 7 13] [1 2 4 5 6 8] [1 2 3 4 5 7 8 10 13 17 52] [1 2 3] [1 2 3 4 5 13 52 58] [1 2 4 5 7 9 10] [1 5] [1 2 3 4 5 7 8 13 52] [1 2 3 5 7 10 13 52] [1 2 3 4 5 7 10 17 43 58] [1 2 3 4 5 6] [1 13] [1 2 5 7 10 13 17 52] [1 2 3 5 13 52] [1 2 3 4 5 7 8 10 13 17 19] [1 2 3 4 5 7 8 9 10 11] [1 2 3 4 5 7 8 17] [1 2 3 4 5 6 7 8 9 13 52 58] [] [] [] [] [] [] [] [] [] [] [] [] [] [] [] [] [] [] [] [] [] [] [] [] [] [] [] [] [] [] [] [] [] [] [] [] [] [] [] [] [] [] [] [] [] [] [] [] [] [] [] [] [] [] [] [] [] [] [] [] [] [] [] [] [] [] [] [] [] [] [] [] [] [] [] [] [] [] [] [] [] [] [] [] [] [] [] [] [] [] [] [] [] [] [] [] [] [] [] [] [] [] [] [] [] [] [] [] []
176 [] [1 2 3 5 7 10 13] [1 2 4 5 7] [1 2 3 4 5 7 8 10] [1 2 3 4 5 6 7 8 13 52] [1 2 3 4 5 13] [1 2 3 4 5 7 8 13 17 52 58] [1 2 3 4 5 7 8 10 13 52] [1 2 4 5 6 7 8 11 13] [1 2 3 4 5 7 9 13] [1 2 3 4 5 6 7] [1 2 3 4 5 7] [1 2 3 4 5 6 7 8 9] [1 2 4 5 7 8 10 13] [1 2 13 52] [1 2 3 4 5 7 9] [1 2] [1 2 3 4 5 7 8 9 10 13 17] [1 2 4 5 7 8 9 10 13 17 43] [1 2 3 4 5 10 13] [1 2 3 4 5 7 10 17] [1 2 3 4 5 8 13 52 58] [1 2 3 5 7 9] [1 2 3 5] [1 2 3 4 5 6 8 13] [1 2 4 5 6 8 11] [1 2 3 5 7 8] [1 2 5 7] [1 2 3 4 5 7 8 10 13] [1 2 3 5 8 10 13 19 52] [1 2 3 4 5] [1 2 4 5] [1 2 3 4 5 8] [1 2 3 5 7] [1 2 3 4 5 7 10] [1 2 3 5 7 10] [1 2 3 4 5 7 8 13] [1 2 5] [1 2 3 4 5 7 13] [1 2 4 5 7 13] [1 2 3 5 8 10 13] [1 2 3 5 7 8 10 19] [1 2 4 5 8] [1 2 3 4 5 8 10 19] [1 2 3 4 5 7 8] [1 2 3 5 10] [1 2 3 4 5 8 13 17] [1 2 3 5 13] [1 2 3 4 5 7 10 13 17 52] [1 2 3 4 5 7 13 52] [1 2 4 5 7 13 52] [1 2 3 4 5 7 8 10 13 17] [1 2 3 5 7 8 10 13] [1 2 3 4 5 10] [1 2 3 4 5 7 8 13 17] [1 2 3 13] [1 2 3 4 5 7 8 10 13 17 24] [1 2 3 4 5 7 10 13 17] [1 2 5 7 10] [1 2 3 4 5 8 10 13 19 52 58] [1 2 3 4 5 8 10 13 17] [1 2 3 4 5 13 52] [1 2 3 4 5 8 10] [1 2 3 4 5 6 8 11 13 52 58] [1] [1 2 3 5 10 13] [1 5 27] [1 2 4 5 6 7 8 9 10 13] [1 2 3 4 5 7 8 9 13] [1 2 3 5 8] [1 2 3 5 7 13] [1 2 3 4 5 7 17] [1 2 3 4] [1 2 3 4 5 7 10 13] [1 2 7 13] [1 2 4 5 6 8] [1 2 3 4 5 7 8 10 13 17 52] [1 2 3] [1 2 3 4 5 13 52 58] [1 2 4 5 7 9 10] [1 5] [1 2 3 4 5 7 8 13 52] [1 2 3 5 7 10 13 52] [1 2 3 4 5 7 10 17 43 58] [1 2 3 4 5 6] [1 13] [1 2 5 7 10 13 17 52] [1 2 3 5 13 52] [1 2 3 4 5 7 8 10 13 17 19] [1 2 3 4 5 7 8 9 10 11] [1 2 3 4 5 7 8 17] [1 2 3 4 5 6 7 8 9 13 52 58] [] [] [] [] [] [] [] [] [] [] [] [] [] [] [] [] [] [] [] [] [] [] [] [] [] [] [] [] [] [] [] [] [] [] [] [] [] [] [] [] [] [] [] [] [] [] [] [] [] [] [] [] [] [] [] [] [] [] [] [] [] [] [] [] [] [] [] [] [] [] [] [] [] [] [] [] [] [] [] [] [] [] [] [] [] [] [] [] [] [] [] [] [] [] [] [] [] [] [] [] [] [] [] [] [] [] [] [] []
177 [] [1 2 4 5 7] [1 2 3 4 5 7 8 10] [1 2 3 4 5 6 7 8 13 52] [1 2 3 4 5 13] [1 2 3 4 5 7 8 13 17 52 58] [1 2 3 4 5 7 8 10 13 52] [1 2 4 5 6 7 8 11 13] [1 2 3 4 5 7 9 13] [1 2 3 4 5 6 7] [1 2 3 4 5 7] [1 2 3 4 5 6 7 8 9] [1 2 4 5 7 8 10 13] [1 2 13 52] [1 2 3 4 5 7 9] [1 2] [1 2 3 4 5 7 8 9 10 13 17] [1 2 4 5 7 8 9 10 13 17 43] [1 2 3 4 5 10 13] [1 2 3 4 5 7 10 17] [1 2 3 4 5 8 13 52 58] [1 2 3 5 7 9] [1 2 3 5] [1 2 3 4 5 6 8 13] [1 2 4 5 6 8 11] [1 2 3 5 7 8] [1 2 3 5 7 10 13] [1 2 5 7] [1 2 3 4 5 7 8 10 13] [1 2 3 5 8 10 13 19 52] [1 2 3 4 5] [1 2 4 5] [1 2 3 4 5 8] [1 2 3 5 7] [1 2 3 4 5 7 10] [1 2 3 5 7 10] [1 2 3 4 5 7 8 13] [1 2 5] [1 2 3 4 5 7 13] [1 2 4 5 7 13] [1 2 3 5 8 10 13] [1 2 3 5 7 8 10 19] [1 2 4 5 8] [1 2 3 4 5 8 10 19] [1 2 3 4 5 7 8] [1 2 3 5 10] [1 2 3 4 5 8 13 17] [1 2 3 5 13] [1 2 3 4 5 7 10 13 17 52] [1 2 3 4 5 7 13 52] [1 2 4 5 7 13 52] [1 2 3 4 5 7 8 10 13 17] [1 2 3 5 7 8 10 13] [1 2 3 4 5 10] [1 2 3 4 5 7 8 13 17] [1 2 3 13] [1 2 3 4 5 7 8 10 13 17 24] [1 2 3 4 5 7 10 13 17] [1 2 5 7 10] [1 2 3 4 5 8 10 13 19 52 58] [1 2 3 4 5 8 10 13 17] [1 2 3 4 5 13 52] [1 2 3 4 5 8 10] [1 2 3 4 5 6 8 11 13 52 58] [1] [1 2 3 5 10 13] [1 5 27] [1 2 4 5 6 7 8 9 10 13] [1 2 3 4 5 7 8 9 13] [1 2 3 5 8] [1 2 3 5 7 13] [1 2 3 4 5 7 17] [1 2 3 4] [1 2 3 4 5 7 10 13] [1 2 7 13] [1 2 4 5 6 8] [1 2 3 4 5 7 8 10 13 17 52] [1 2 3] [1 2 3 4 5 13 52 58] [1 2 4 5 7 9 10] [1 5] [1 2 3 4 5 7 8 13 52] [1 2 3 5 7 10 13 52] [1 2 3 4 5 7 10 17 43 58] [1 2 3 4 5 6] [1 13] [1 2 5 7 10 13 17 52] [1 2 3 5 13 52] [1 2 3 4 5 7 8 10 13 17 19] [1 2 3 4 5 7 8 9 10 11] [1 2 3 4 5 7 8 17] [1 2 3 4 5 6 7 8 9 13 52 58] [] [] [] [] [] [] [] [] [] [] [] [] [] [] [] [] [] [] [] [] [] [] [] [] [] [] [] [] [] [] [] [] [] [] [] [] [] [] [] [] [] [] [] [] [] [] [] [] [] [] [] [] [] [] [] [] [] [] [] [] [] [] [] [] [] [] [] [] [] [] [] [] [] [] [] [] [] [] [] [] [] [] [] [] [] [] [] [] [] [] [] [] [] [] [] [] [] [] [] [] [] [] [] [] [] [] [] [] []
178 [] [1 2 3 4 5 7 8 10] [1 2 3 4 5 6 7 8 13 52] [1 2 3 4 5 13] [1 2 3 4 5 7 8 13 17 52 58] [1 2 3 4 5 7 8 10 13 52] [1 2 4 5 6 7 8 11 13] [1 2 3 4 5 7 9 13] [1 2 3 4 5 6 7] [1 2 3 4 5 7] [1 2 3 4 5 6 7 8 9] [1 2 4 5 7 8 10 13] [1 2 13 52] [1 2 3 4 5 7 9] [1 2] [1 2 3 4 5 7 8 9 10 13 17] [1 2 4 5 7 8 9 10 13 17 43] [1 2 3 4 5 10 13] [1 2 3 4 5 7 10 17] [1 2 3 4 5 8 13 52 58] [1 2 3 5 7 9] [1 2 3 5] [1 2 3 4 5 6 8 13] [1 2 4 5 6 8 11] [1 2 3 5 7 8] [1 2 3 5 7 10 13] [1 2 5 7] [1 2 4 5 7] [1 2 3 4 5 7 8 10 13] [1 2 3 5 8 10 13 19 52] [1 2 3 4 5] [1 2 4 5] [1 2 3 4 5 8] [1 2 3 5 7] [1 2 3 4 5 7 10] [1 2 3 5 7 10] [1 2 3 4 5 7 8 13] [1 2 5] [1 2 3 4 5 7 13] [1 2 4 5 7 13] [1 2 3 5 8 10 13] [1 2 3 5 7 8 10 19] [1 2 4 5 8] [1 2 3 4 5 8 10 19] [1 2 3 4 5 7 8] [1 2 3 5 10] [1 2 3 4 5 8 13 17] [1 2 3 5 13] [1 2 3 4 5 7 10 13 17 52] [1 2 3 4 5 7 13 52] [1 2 4 5 7 13 52] [1 2 3 4 5 7 8 10 13 17] [1 2 3 5 7 8 10 13] [1 2 3 4 5 10] [1 2 3 4 5 7 8 13 17] [1 2 3 13] [1 2 3 4 5 7 8 10 13 17 24] [1 2 3 4 5 7 10 13 17] [1 2 5 7 10] [1 2 3 4 5 8 10 13 19 52 58] [1 2 3 4 5 8 10 13 17] [1 2 3 4 5 13 52] [1 2 3 4 5 8 10] [1 2 3 4 5 6 8 11 13 52 58] [1] [1 2 3 5 10 13] [1 5 27] [1 2 4 5 6 7 8 9 10 13] [1 2 3 4 5 7 8 9 13] [1 2 3 5 8] [1 2 3 5 7 13] [1 2 3 4 5 7 17] [1 2 3 4] [1 2 3 4 5 7 10 13] [1 2 7 13] [1 2 4 5 6 8] [1 2 3 4 5 7 8 10 13 17 52] [1 2 3] [1 2 3 4 5 13 52 58] [1 2 4 5 7 9 10] [1 5] [1 2 3 4 5 7 8 13 52] [1 2 3 5 7 10 13 52] [1 2 3 4 5 7 10 17 43 58] [1 2 3 4 5 6] [1 13] [1 2 5 7 10 13 17 52] [1 2 3 5 13 52] [1 2 3 4 5 7 8 10 13 17 19] [1 2 3 4 5 7 8 9 10 11] [1 2 3 4 5 7 8 17] [1 2 3 4 5 6 7 8 9 13 52 58] [] [] [] [] [] [] [] [] [] [] [] [] [] [] [] [] [] [] [] [] [] [] [] [] [] [] [] [] [] [] [] [] [] [] [] [] [] [] [] [] [] [] [] [] [] [] [] [] [] [] [] [] [] [] [] [] [] [] [] [] [] [] [] [] [] [] [] [] [] [] [] [] [] [] [] [] [] [] [] [] [] [] [] [] [] [] [] [] [] [] [] [] [] [] [] [] [] [] [] [] [] [] [] [] [] [] [] [] []
179 [] [1 2 3 4 5 7 8 10] [1 2 3 4 5 6 7 8 13 52] [1 2 3 4 5 13] [1 2 3 4 5 7 8 13 17 52 58] [1 2 3 4 5 7 8 10 13 52] [1 2 4 5 6 7 8 11 13] [1 2 3 4 5 7 9 13] [1 2 3 4 5 6 7] [1 2 3 4 5 7] [1 2 3 4 5 6 7 8 9] [1 2 4 5 7 8 10 13] [1 2 13 52] [1 2 3 4 5 7 9] [1 2] [1 2 3 4 5 7 8 9 10 13 17] [1 2 4 5 7 8 9 10 13 17 43] [1 2 3 4 5 10 13] [1 2 3 4 5 7 10 17] [1 2 3 4 5 8 13 52 58] [1 2 3 5 7 9] [1 2 3 5] [1 2 3 4 5 6 8 13] [1 2 4 5 6 8 11] [1 2 3 5 7 8] [1 2 3 5 7 10 13] [1 2 5 7] [1 2 4 5 7] [1 2 3 4 5 7 8 10 13] [1 2 3 5 8 10 13 19 52] [1 2 3 4 5] [1 2 4 5] [1 2 3 4 5 8] [1 2 3 5 7] [1 2 3 4 5 7 10] [1 2 3 5 7 10] [1 2 3 4 5 7 8 13] [1 2 5] [1 2 3 4 5 7 13] [1 2 4 5 7 13] [1 2 3 5 8 10 13] [1 2 3 5 7 8 10 19] [1 2 4 5 8] [1 2 3 4 5 8 10 19] [1 2 3 4 5 7 8] [1 2 3 5 10] [1 2 3 4 5 8 13 17] [1 2 3 5 13] [1 2 3 4 5 7 10 13 17 52] [1 2 3 4 5 7 13 52] [1 2 4 5 7 13 52] [1 2 3 4 5 7 8 10 13 17] [1 2 3 5 7 8 10 13] [1 2 3 4 5 10] [1 2 3 4 5 7 8 13 17] [1 2 3 13] [1 2 3 4 5 7 8 10 13 17 24] [1 2 3 4 5 7 10 13 17] [1 2 5 7 10] [1 2 3 4 5 8 10 13 19 52 58] [1 2 3 4 5 8 10 13 17] [1 2 3 4 5 13 52] [1 2 3 4 5 8 10] [1 2 3 4 5 6 8 11 13 52 58] [1] [1 2 3 5 10 13] [1 5 27] [1 2 4 5 6 7 8 9 10 13] [1 2 3 4 5 7 8 9 13] [1 2 3 5 8] [1 2 3 5 7 13] [1 2 3 4 5 7 17] [1 2 3 4] [1 2 3 4 5 7 10 13] [1 2 7 13] [1 2 4 5 6 8] [1 2 3 4 5 7 8 10 13 17 52] [1 2 3] [1 2 3 4 5 13 52 58] [1 2 4 5 7 9 10] [1 5] [1 2 3 4 5 7 8 13 52] [1 2 3 5 7 10 13 52] [1 2 3 4 5 7 10 17 43 58] [1 2 3 4 5 6] [1 13] [1 2 5 7 10 13 17 52] [1 2 3 5 13 52] [1 2 3 4 5 7 8 10 13 17 19] [1 2 3 4 5 7 8 9 10 11] [1 2 3 4 5 7 8 17] [1 2 3 4 5 6 7 8 9 13 52 58] [] [] [] [] [] [] [] [] [] [] [] [] [] [] [] [] [] [] [] [] [] [] [] [] [] [] [] [] [] [] [] [] [] [] [] [] [] [] [] [] [] [] [] [] [] [] [] [] [] [] [] [] [] [] [] [] [] [] [] [] [] [] [] [] [] [] [] [] [] [] [] [] [] [] [] [] [] [] [] [] [] [] [] [] [] [] [] [] [] [] [] [] [] [] [] [] [] [] [] [] [] [] [] [] [] [] [] [] []
180 [] [1 2 3 4 5 6 7 8 13 52] [1 2 3 4 5 13] [1 2 3 4 5 7 8 13 17 52 58] [1 2 3 4 5 7 8 10 13 52] [1 2 4 5 6 7 8 11 13] [1 2 3 4 5 7 9 13] [1 2 3 4 5 6 7] [1 2 3 4 5 7] [1 2 3 4 5 6 7 8 9] [1 2 4 5 7 8 10 13] [1 2 13 52] [1 2 3 4 5 7 9] [1 2] [1 2 3 4 5 7 8 9 10 13 17] [1 2 4 5 7 8 9 10 13 17 43] [1 2 3 4 5 10 13] [1 2 3 4 5 7 10 17] [1 2 3 4 5 8 13 52 58] [1 2 3 5 7 9] [1 2 3 5] [1 2 3 4 5 6 8 13] [1 2 4 5 6 8 11] [1 2 3 5 7 8] [1 2 3 5 7 10 13] [1 2 5 7] [1 2 4 5 7] [1 2 3 4 5 7 8 10 13] [1 2 3 5 8 10 13 19 52] [1 2 3 4 5] [1 2 4 5] [1 2 3 4 5 8] [1 2 3 5 7] [1 2 3 4 5 7 8 10] [1 2 3 4 5 7 10] [1 2 3 5 7 10] [1 2 3 4 5 7 8 13] [1 2 5] [1 2 3 4 5 7 13] [1 2 4 5 7 13] [1 2 3 5 8 10 13] [1 2 3 5 7 8 10 19] [1 2 4 5 8] [1 2 3 4 5 8 10 19] [1 2 3 4 5 7 8] [1 2 3 5 10] [1 2 3 4 5 8 13 17] [1 2 3 5 13] [1 2 3 4 5 7 10 13 17 52] [1 2 3 4 5 7 13 52] [1 2 4 5 7 13 52] [1 2 3 4 5 7 8 10 13 17] [1 2 3 5 7 8 10 13] [1 2 3 4 5 10] [1 2 3 4 5 7 8 13 17] [1 2 3 13] [1 2 3 4 5 7 8 10 13 17 24] [1 2 3 4 5 7 10 13 17] [1 2 5 7 10] [1 2 3 4 5 8 10 13 19 52 58] [1 2 3 4 5 8 10 13 17] [1 2 3 4 5 13 52] [1 2 3 4 5 8 10] [1 2 3 4 5 6 8 11 13 52 58] [1] [1 2 3 5 10 13] [1 5 27] [1 2 4 5 6 7 8 9 10 13] [1 2 3 4 5 7 8 9 13] [1 2 3 5 8] [1 2 3 5 7 13] [1 2 3 4 5 7 17] [1 2 3 4] [1 2 3 4 5 7 10 13] [1 2 7 13] [1 2 4 5 6 8] [1 2 3 4 5 7 8 10 13 17 52] [1 2 3] [1 2 3 4 5 13 52 58] [1 2 4 5 7 9 10] [1 5] [1 2 3 4 5 7 8 13 52] [1 2 3 5 7 10 13 52] [1 2 3 4 5 7 10 17 43 58] [1 2 3 4 5 6] [1 13] [1 2 5 7 10 13 17 52] [1 2 3 5 13 52] [1 2 3 4 5 7 8 10 13 17 19] [1 2 3 4 5 7 8 9 10 11] [1 2 3 4 5 7 8 17] [1 2 3 4 5 6 7 8 9 13 52 58] [] [] [] [] [] [] [] [] [] [] [] [] [] [] [] [] [] [] [] [] [] [] [] [] [] [] [] [] [] [] [] [] [] [] [] [] [] [] [] [] [] [] [] [] [] [] [] [] [] [] [] [] [] [] [] [] [] [] [] [] [] [] [] [] [] [] [] [] [] [] [] [] [] [] [] [] [] [] [] [] [] [] [] [] [] [] [] [] [] [] [] [] [] [] [] [] [] [] [] [] [] [] [] [] [] [] [] [] []
181 [] [1 2 3 4 5 6 7 8 13 52] [1 2 3 4 5 13] [1 2 3 4 5 7 8 13 17 52 58] [1 2 3 4 5 7 8 10 13 52] [1 2 4 5 6 7 8 11 13] [1 2 3 4 5 7 9 13] [1 2 3 4 5 6 7] [1 2 3 4 5 7] [1 2 3 4 5 6 7 8 9] [1 2 4 5 7 8 10 13] [1 2 13 52] [1 2 3 4 5 7 9] [1 2] [1 2 3 4 5 7 8 9 10 13 17] [1 2 4 5 7 8 9 10 13 17 43] [1 2 3 4 5 10 13] [1 2 3 4 5 7 10 17] [1 2 3 4 5 8 13 52 58] [1 2 3 5 7 9] [1 2 3 5] [1 2 3 4 5 6 8 13] [1 2 4 5 6 8 11] [1 2 3 5 7 8] [1 2 3 5 7 10 13] [1 2 5 7] [1 2 4 5 7] [1 2 3 4 5 7 8 10 13] [1 2 3 5 8 10 13 19 52] [1 2 3 4 5] [1 2 4 5] [1 2 3 4 5 8] [1 2 3 5 7] [1 2 3 4 5 7 8 10] [1 2 3 4 5 7 10] [1 2 3 5 7 10] [1 2 3 4 5 7 8 13] [1 2 5] [1 2 3 4 5 7 13] [1 2 4 5 7 13] [1 2 3 5 8 10 13] [1 2 3 5 7 8 10 19] [1 2 4 5 8] [1 2 3 4 5 8 10 19] [1 2 3 4 5 7 8] [1 2 3 5 10] [1 2 3 4 5 8 13 17] [1 2 3 5 13] [1 2 3 4 5 7 10 13 17 52] [1 2 3 4 5 7 13 52] [1 2 4 5 7 13 52] [1 2 3 4 5 7 8 10 13 17] [1 2 3 5 7 8 10 13] [1 2 3 4 5 10] [1 2 3 4 5 7 8 13 17] [1 2 3 13] [1 2 3 4 5 7 8 10 13 17 24] [1 2 3 4 5 7 10 13 17] [1 2 5 7 10] [1 2 3 4 5 8 10 13 19 52 58] [1 2 3 4 5 8 10 13 17] [1 2 3 4 5 13 52] [1 2 3 4 5 8 10] [1 2 3 4 5 6 8 11 13 52 58] [1] [1 2 3 5 10 13] [1 5 27] [1 2 4 5 6 7 8 9 10 13] [1 2 3 4 5 7 8 9 13] [1 2 3 5 8] [1 2 3 5 7 13] [1 2 3 4 5 7 17] [1 2 3 4] [1 2 3 4 5 7 10 13] [1 2 7 13] [1 2 4 5 6 8] [1 2 3 4 5 7 8 10 13 17 52] [1 2 3] [1 2 3 4 5 13 52 58] [1 2 4 5 7 9 10] [1 5] [1 2 3 4 5 7 8 13 52] [1 2 3 5 7 10 13 52] [1 2 3 4 5 7 10 17 43 58] [1 2 3 4 5 6] [1 13] [1 2 5 7 10 13 17 52] [1 2 3 5 13 52] [1 2 3 4 5 7 8 10 13 17 19] [1 2 3 4 5 7 8 9 10 11] [1 2 3 4 5 7 8 17] [1 2 3 4 5 6 7 8 9 13 52 58] [] [] [] [] [] [] [] [] [] [] [] [] [] [] [] [] [] [] [] [] [] [] [] [] [] [] [] [] [] [] [] [] [] [] [] [] [] [] [] [] [] [] [] [] [] [] [] [] [] [] [] [] [] [] [] [] [] [] [] [] [] [] [] [] [] [] [] [] [] [] [] [] [] [] [] [] [] [] [] [] [] [] [] [] [] [] [] [] [] [] [] [] [] [] [] [] [] [] [] [] [] [] [] [] [] [] [] [] []
182 [] [1 2 3 4 5 13] [1 2 3 4 5 7 8 13 17 52 58] [1 2 3 4 5 7 8 10 13 52] [1 2 4 5 6 7 8 11 13] [1 2 3 4 5 7 9 13] [1 2 3 4 5 6 7] [1 2 3 4 5 7] [1 2 3 4 5 6 7 8 9] [1 2 4 5 7 8 10 13] [1 2 13 52] [1 2 3 4 5 7 9] [1 2 3 4 5 6 7 8 13 52] [1 2] [1 2 3 4 5 7 8 9 10 13 17] [1 2 4 5 7 8 9 10 13 17 43] [1 2 3 4 5 10 13] [1 2 3 4 5 7 10 17] [1 2 3 4 5 8 13 52 58] [1 2 3 5 7 9] [1 2 3 5] [1 2 3 4 5 6 8 13] [1 2 4 5 6 8 11] [1 2 3 5 7 8] [1 2 3 5 7 10 13] [1 2 5 7] [1 2 4 5 7] [1 2 3 4 5 7 8 10 13] [1 2 3 5 8 10 13 19 52] [1 2 3 4 5] [1 2 4 5] [1 2 3 4 5 8] [1 2 3 5 7] [1 2 3 4 5 7 8 10] [1 2 3 4 5 7 10] [1 2 3 5 7 10] [1 2 3 4 5 7 8 13] [1 2 5] [1 2 3 4 5 7 13] [1 2 4 5 7 13] [1 2 3 5 8 10 13] [1 2 3 5 7 8 10 19] [1 2 4 5 8] [1 2 3 4 5 8 10 19] [1 2 3 4 5 7 8] [1 2 3 5 10] [1 2 3 4 5 8 13 17] [1 2 3 5 13] [1 2 3 4 5 7 10 13 17 52] [1 2 3 4 5 7 13 52] [1 2 4 5 7 13 52] [1 2 3 4 5 7 8 10 13 17] [1 2 3 5 7 8 10 13] [1 2 3 4 5 10] [1 2 3 4 5 7 8 13 17] [1 2 3 13] [1 2 3 4 5 7 8 10 13 17 24] [1 2 3 4 5 7 10 13 17] [1 2 5 7 10] [1 2 3 4 5 8 10 13 19 52 58] [1 2 3 4 5 8 10 13 17] [1 2 3 4 5 13 52] [1 2 3 4 5 8 10] [1 2 3 4 5 6 8 11 13 52 58] [1] [1 2 3 5 10 13] [1 5 27] [1 2 4 5 6 7 8 9 10 13] [1 2 3 4 5 7 8 9 13] [1 2 3 5 8] [1 2 3 5 7 13] [1 2 3 4 5 7 17] [1 2 3 4] [1 2 3 4 5 7 10 13] [1 2 7 13] [1 2 4 5 6 8] [1 2 3 4 5 7 8 10 13 17 52] [1 2 3] [1 2 3 4 5 13 52 58] [1 2 4 5 7 9 10] [1 5] [1 2 3 4 5 7 8 13 52] [1 2 3 5 7 10 13 52] [1 2 3 4 5 7 10 17 43 58] [1 2 3 4 5 6] [1 13] [1 2 5 7 10 13 17 52] [1 2 3 5 13 52] [1 2 3 4 5 7 8 10 13 17 19] [1 2 3 4 5 7 8 9 10 11] [1 2 3 4 5 7 8 17] [1 2 3 4 5 6 7 8 9 13 52 58] [] [] [] [] [] [] [] [] [] [] [] [] [] [] [] [] [] [] [] [] [] [] [] [] [] [] [] [] [] [] [] [] [] [] [] [] [] [] [] [] [] [] [] [] [] [] [] [] [] [] [] [] [] [] [] [] [] [] [] [] [] [] [] [] [] [] [] [] [] [] [] [] [] [] [] [] [] [] [] [] [] [] [] [] [] [] [] [] [] [] [] [] [] [] [] [] [] [] [] [] [] [] [] [] [] [] [] [] []
183 [] [1 2 3 4 5 13] [1 2 3 4 5 7 8 13 17 52 58] [1 2 3 4 5 7 8 10 13 52] [1 2 4 5 6 7 8 11 13] [1 2 3 4 5 7 9 13] [1 2 3 4 5 6 7] [1 2 3 4 5 7] [1 2 3 4 5 6 7 8 9] [1 2 4 5 7 8 10 13] [1 2 13 52] [1 2 3 4 5 7 9] [1 2 3 4 5 6 7 8 13 52] [1 2] [1 2 3 4 5 7 8 9 10 13 17] [1 2 4 5 7 8 9 10 13 17 43] [1 2 3 4 5 10 13] [1 2 3 4 5 7 10 17] [1 2 3 4 5 8 13 52 58] [1 2 3 5 7 9] [1 2 3 5] [1 2 3 4 5 6 8 13] [1 2 4 5 6 8 11] [1 2 3 5 7 8] [1 2 3 5 7 10 13] [1 2 5 7] [1 2 4 5 7] [1 2 3 4 5 7 8 10 13] [1 2 3 5 8 10 13 19 52] [1 2 3 4 5] [1 2 4 5] [1 2 3 4 5 8] [1 2 3 5 7] [1 2 3 4 5 7 8 10] [1 2 3 4 5 7 10] [1 2 3 5 7 10] [1 2 3 4 5 7 8 13] [1 2 5] [1 2 3 4 5 7 13] [1 2 4 5 7 13] [1 2 3 5 8 10 13] [1 2 3 5 7 8 10 19] [1 2 4 5 8] [1 2 3 4 5 8 10 19] [1 2 3 4 5 7 8] [1 2 3 5 10] [1 2 3 4 5 8 13 17] [1 2 3 5 13] [1 2 3 4 5 7 10 13 17 52] [1 2 3 4 5 7 13 52] [1 2 4 5 7 13 52] [1 2 3 4 5 7 8 10 13 17] [1 2 3 5 7 8 10 13] [1 2 3 4 5 10] [1 2 3 4 5 7 8 13 17] [1 2 3 13] [1 2 3 4 5 7 8 10 13 17 24] [1 2 3 4 5 7 10 13 17] [1 2 5 7 10] [1 2 3 4 5 8 10 13 19 52 58] [1 2 3 4 5 8 10 13 17] [1 2 3 4 5 13 52] [1 2 3 4 5 8 10] [1 2 3 4 5 6 8 11 13 52 58] [1] [1 2 3 5 10 13] [1 5 27] [1 2 4 5 6 7 8 9 10 13] [1 2 3 4 5 7 8 9 13] [1 2 3 5 8] [1 2 3 5 7 13] [1 2 3 4 5 7 17] [1 2 3 4] [1 2 3 4 5 7 10 13] [1 2 7 13] [1 2 4 5 6 8] [1 2 3 4 5 7 8 10 13 17 52] [1 2 3] [1 2 3 4 5 13 52 58] [1 2 4 5 7 9 10] [1 5] [1 2 3 4 5 7 8 13 52] [1 2 3 5 7 10 13 52] [1 2 3 4 5 7 10 17 43 58] [1 2 3 4 5 6] [1 13] [1 2 5 7 10 13 17 52] [1 2 3 5 13 52] [1 2 3 4 5 7 8 10 13 17 19] [1 2 3 4 5 7 8 9 10 11] [1 2 3 4 5 7 8 17] [1 2 3 4 5 6 7 8 9 13 52 58] [] [] [] [] [] [] [] [] [] [] [] [] [] [] [] [] [] [] [] [] [] [] [] [] [] [] [] [] [] [] [] [] [] [] [] [] [] [] [] [] [] [] [] [] [] [] [] [] [] [] [] [] [] [] [] [] [] [] [] [] [] [] [] [] [] [] [] [] [] [] [] [] [] [] [] [] [] [] [] [] [] [] [] [] [] [] [] [] [] [] [] [] [] [] [] [] [] [] [] [] [] [] [] [] [] [] [] [] []
184 [] [1 2 3 4 5 7 8 13 17 52 58] [1 2 3 4 5 7 8 10 13 52] [1 2 4 5 6 7 8 11 13] [1 2 3 4 5 7 9 13] [1 2 3 4 5 6 7] [1 2 3 4 5 7] [1 2 3 4 5 6 7 8 9] [1 2 4 5 7 8 10 13] [1 2 13 52] [1 2 3 4 5 7 9] [1 2 3 4 5 6 7 8 13 52] [1 2] [1 2 3 4 5 7 8 9 10 13 17] [1 2 4 5 7 8 9 10 13 17 43] [1 2 3 4 5 10 13] [1 2 3 4 5 7 10 17] [1 2 3 4 5 8 13 52 58] [1 2 3 5 7 9] [1 2 3 5] [1 2 3 4 5 6 8 13] [1 2 4 5 6 8 11] [1 2 3 5 7 8] [1 2 3 5 7 10 13] [1 2 5 7] [1 2 4 5 7] [1 2 3 4 5 7 8 10 13] [1 2 3 5 8 10 13 19 52] [1 2 3 4 5] [1 2 4 5] [1 2 3 4 5 8] [1 2 3 5 7] [1 2 3 4 5 7 8 10] [1 2 3 4 5 7 10] [1 2 3 5 7 10] [1 2 3 4 5 7 8 13] [1 2 5] [1 2 3 4 5 7 13] [1 2 4 5 7 13] [1 2 3 5 8 10 13] [1 2 3 5 7 8 10 19] [1 2 4 5 8] [1 2 3 4 5 8 10 19] [1 2 3 4 5 7 8] [1 2 3 5 10] [1 2 3 4 5 8 13 17] [1 2 3 5 13] [1 2 3 4 5 7 10 13 17 52] [1 2 3 4 5 7 13 52] [1 2 4 5 7 13 52] [1 2 3 4 5 7 8 10 13 17] [1 2 3 5 7 8 10 13] [1 2 3 4 5 10] [1 2 3 4 5 7 8 13 17] [1 2 3 13] [1 2 3 4 5 7 8 10 13 17 24] [1 2 3 4 5 7 10 13 17] [1 2 5 7 10] [1 2 3 4 5 8 10 13 19 52 58] [1 2 3 4 5 8 10 13 17] [1 2 3 4 5 13 52] [1 2 3 4 5 8 10] [1 2 3 4 5 6 8 11 13 52 58] [1] [1 2 3 5 10 13] [1 5 27] [1 2 4 5 6 7 8 9 10 13] [1 2 3 4 5 7 8 9 13] [1 2 3 5 8] [1 2 3 4 5 13] [1 2 3 5 7 13] [1 2 3 4 5 7 17] [1 2 3 4] [1 2 3 4 5 7 10 13] [1 2 7 13] [1 2 4 5 6 8] [1 2 3 4 5 7 8 10 13 17 52] [1 2 3] [1 2 3 4 5 13 52 58] [1 2 4 5 7 9 10] [1 5] [1 2 3 4 5 7 8 13 52] [1 2 3 5 7 10 13 52] [1 2 3 4 5 7 10 17 43 58] [1 2 3 4 5 6] [1 13] [1 2 5 7 10 13 17 52] [1 2 3 5 13 52] [1 2 3 4 5 7 8 10 13 17 19] [1 2 3 4 5 7 8 9 10 11] [1 2 3 4 5 7 8 17] [1 2 3 4 5 6 7 8 9 13 52 58] [] [] [] [] [] [] [] [] [] [] [] [] [] [] [] [] [] [] [] [] [] [] [] [] [] [] [] [] [] [] [] [] [] [] [] [] [] [] [] [] [] [] [] [] [] [] [] [] [] [] [] [] [] [] [] [] [] [] [] [] [] [] [] [] [] [] [] [] [] [] [] [] [] [] [] [] [] [] [] [] [] [] [] [] [] [] [] [] [] [] [] [] [] [] [] [] [] [] [] [] [] [] [] [] [] [] [] [] []
185 [] [1 2 3 4 5 7 8 10 13 52] [1 2 4 5 6 7 8 11 13] [1 2 3 4 5 7 9 13] [1 2 3 4 5 6 7] [1 2 3 4 5 7] [1 2 3 4 5 6 7 8 9] [1 2 4 5 7 8 10 13] [1 2 13 52] [1 2 3 4 5 7 9] [1 2 3 4 5 6 7 8 13 52] [1 2] [1 2 3 4 5 7 8 9 10 13 17] [1 2 4 5 7 8 9 10 13 17 43] [1 2 3 4 5 10 13] [1 2 3 4 5 7 10 17] [1 2 3 4 5 8 13 52 58] [1 2 3 5 7 9] [1 2 3 5] [1 2 3 4 5 6 8 13] [1 2 4 5 6 8 11] [1 2 3 5 7 8] [1 2 3 5 7 10 13] [1 2 5 7] [1 2 4 5 7] [1 2 3 4 5 7 8 10 13] [1 2 3 5 8 10 13 19 52] [1 2 3 4 5] [1 2 4 5] [1 2 3 4 5 8] [1 2 3 5 7] [1 2 3 4 5 7 8 10] [1 2 3 4 5 7 10] [1 2 3 5 7 10] [1 2 3 4 5 7 8 13] [1 2 5] [1 2 3 4 5 7 13] [1 2 4 5 7 13] [1 2 3 5 8 10 13] [1 2 3 5 7 8 10 19] [1 2 4 5 8] [1 2 3 4 5 8 10 19] [1 2 3 4 5 7 8] [1 2 3 5 10] [1 2 3 4 5 8 13 17] [1 2 3 5 13] [1 2 3 4 5 7 10 13 17 52] [1 2 3 4 5 7 13 52] [1 2 4 5 7 13 52] [1 2 3 4 5 7 8 10 13 17] [1 2 3 5 7 8 10 13] [1 2 3 4 5 10] [1 2 3 4 5 7 8 13 17] [1 2 3 13] [1 2 3 4 5 7 8 10 13 17 24] [1 2 3 4 5 7 10 13 17] [1 2 5 7 10] [1 2 3 4 5 8 10 13 19 52 58] [1 2 3 4 5 8 10 13 17] [1 2 3 4 5 13 52] [1 2 3 4 5 8 10] [1 2 3 4 5 6 8 11 13 52 58] [1] [1 2 3 5 10 13] [1 5 27] [1 2 4 5 6 7 8 9 10 13] [1 2 3 4 5 7 8 9 13] [1 2 3 5 8] [1 2 3 4 5 13] [1 2 3 5 7 13] [1 2 3 4 5 7 17] [1 2 3 4] [1 2 3 4 5 7 10 13] [1 2 7 13] [1 2 4 5 6 8] [1 2 3 4 5 7 8 10 13 17 52] [1 2 3] [1 2 3 4 5 13 52 58] [1 2 4 5 7 9 10] [1 5] [1 2 3 4 5 7 8 13 52] [1 2 3 5 7 10 13 52] [1 2 3 4 5 7 10 17 43 58] [1 2 3 4 5 6] [1 13] [1 2 5 7 10 13 17 52] [1 2 3 5 13 52] [1 2 3 4 5 7 8 10 13 17 19] [1 2 3 4 5 7 8 9 10 11] [1 2 3 4 5 7 8 17] [1 2 3 4 5 6 7 8 9 13 52 58] [] [] [] [] [] [] [] [] [] [] [] [] [] [] [] [] [] [] [] [] [] [] [] [] [] [] [] [] [] [] [] [] [] [] [] [] [] [] [] [] [] [] [] [] [] [] [] [] [] [] [] [] [] [] [] [] [] [] [] [] [] [] [] [] [] [] [] [] [] [] [] [] [] [] [] [] [] [] [] [] [] [] [] [] [] [] [] [] [] [] [] [] [] [] [] [] [] [] [] [] [] [] [] [] [] [] [] [] [] []
186 [] [1 2 3 4 5 7 8 10 13 52] [1 2 4 5 6 7 8 11 13] [1 2 3 4 5 7 9 13] [1 2 3 4 5 6 7] [1 2 3 4 5 7] [1 2 3 4 5 6 7 8 9] [1 2 4 5 7 8 10 13] [1 2 13 52] [1 2 3 4 5 7 9] [1 2 3 4 5 6 7 8 13 52] [1 2] [1 2 3 4 5 7 8 9 10 13 17] [1 2 4 5 7 8 9 10 13 17 43] [1 2 3 4 5 10 13] [1 2 3 4 5 7 10 17] [1 2 3 4 5 8 13 52 58] [1 2 3 5 7 9] [1 2 3 5] [1 2 3 4 5 6 8 13] [1 2 4 5 6 8 11] [1 2 3 5 7 8] [1 2 3 5 7 10 13] [1 2 5 7] [1 2 4 5 7] [1 2 3 4 5 7 8 10 13] [1 2 3 5 8 10 13 19 52] [1 2 3 4 5] [1 2 4 5] [1 2 3 4 5 8] [1 2 3 5 7] [1 2 3 4 5 7 8 10] [1 2 3 4 5 7 10] [1 2 3 5 7 10] [1 2 3 4 5 7 8 13] [1 2 5] [1 2 3 4 5 7 13] [1 2 4 5 7 13] [1 2 3 5 8 10 13] [1 2 3 5 7 8 10 19] [1 2 4 5 8] [1 2 3 4 5 8 10 19] [1 2 3 4 5 7 8] [1 2 3 5 10] [1 2 3 4 5 8 13 17] [1 2 3 5 13] [1 2 3 4 5 7 10 13 17 52] [1 2 3 4 5 7 13 52] [1 2 4 5 7 13 52] [1 2 3 4 5 7 8 10 13 17] [1 2 3 5 7 8 10 13] [1 2 3 4 5 10] [1 2 3 4 5 7 8 13 17] [1 2 3 13] [1 2 3 4 5 7 8 10 13 17 24] [1 2 3 4 5 7 10 13 17] [1 2 5 7 10] [1 2 3 4 5 8 10 13 19 52 58] [1 2 3 4 5 8 10 13 17] [1 2 3 4 5 13 52] [1 2 3 4 5 8 10] [1 2 3 4 5 6 8 11 13 52 58] [1] [1 2 3 5 10 13] [1 5 27] [1 2 4 5 6 7 8 9 10 13] [1 2 3 4 5 7 8 9 13] [1 2 3 5 8] [1 2 3 4 5 13] [1 2 3 5 7 13] [1 2 3 4 5 7 17] [1 2 3 4] [1 2 3 4 5 7 10 13] [1 2 7 13] [1 2 4 5 6 8] [1 2 3 4 5 7 8 10 13 17 52] [1 2 3] [1 2 3 4 5 13 52 58] [1 2 4 5 7 9 10] [1 5] [1 2 3 4 5 7 8 13 52] [1 2 3 5 7 10 13 52] [1 2 3 4 5 7 10 17 43 58] [1 2 3 4 5 6] [1 13] [1 2 5 7 10 13 17 52] [1 2 3 5 13 52] [1 2 3 4 5 7 8 10 13 17 19] [1 2 3 4 5 7 8 9 10 11] [1 2 3 4 5 7 8 17] [1 2 3 4 5 6 7 8 9 13 52 58] [] [] [] [] [] [] [] [] [] [] [] [] [] [] [] [] [] [] [] [] [] [] [] [] [] [] [] [] [] [] [] [] [] [] [] [] [] [] [] [] [] [] [] [] [] [] [] [] [] [] [] [] [] [] [] [] [] [] [] [] [] [] [] [] [] [] [] [] [] [] [] [] [] [] [] [] [] [] [] [] [] [] [] [] [] [] [] [] [] [] [] [] [] [] [] [] [] [] [] [] [] [] [] [] [] [] [] [] [] []
187 [] [1 2 4 5 6 7 8 11 13] [1 2 3 4 5 7 9 13] [1 2 3 4 5 6 7] [1 2 3 4 5 7] [1 2 3 4 5 6 7 8 9] [1 2 4 5 7 8 10 13] [1 2 13 52] [1 2 3 4 5 7 9] [1 2 3 4 5 6 7 8 13 52] [1 2] [1 2 3 4 5 7 8 9 10 13 17] [1 2 4 5 7 8 9 10 13 17 43] [1 2 3 4 5 10 13] [1 2 3 4 5 7 10 17] [1 2 3 4 5 8 13 52 58] [1 2 3 5 7 9] [1 2 3 5] [1 2 3 4 5 6 8 13] [1 2 4 5 6 8 11] [1 2 3 5 7 8] [1 2 3 5 7 10 13] [1 2 5 7] [1 2 4 5 7] [1 2 3 4 5 7 8 10 13] [1 2 3 5 8 10 13 19 52] [1 2 3 4 5] [1 2 4 5] [1 2 3 4 5 8] [1 2 3 5 7] [1 2 3 4 5 7 8 10] [1 2 3 4 5 7 10] [1 2 3 5 7 10] [1 2 3 4 5 7 8 13] [1 2 5] [1 2 3 4 5 7 13] [1 2 4 5 7 13] [1 2 3 5 8 10 13] [1 2 3 5 7 8 10 19] [1 2 4 5 8] [1 2 3 4 5 8 10 19] [1 2 3 4 5 7 8] [1 2 3 5 10] [1 2 3 4 5 8 13 17] [1 2 3 5 13] [1 2 3 4 5 7 10 13 17 52] [1 2 3 4 5 7 13 52] [1 2 4 5 7 13 52] [1 2 3 4 5 7 8 10 13 17] [1 2 3 5 7 8 10 13] [1 2 3 4 5 10] [1 2 3 4 5 7 8 13 17] [1 2 3 13] [1 2 3 4 5 7 8 10 13 17 24] [1 2 3 4 5 7 10 13 17] [1 2 5 7 10] [1 2 3 4 5 8 10 13 19 52 58] [1 2 3 4 5 8 10 13 17] [1 2 3 4 5 13 52] [1 2 3 4 5 8 10] [1 2 3 4 5 6 8 11 13 52 58] [1] [1 2 3 5 10 13] [1 5 27] [1 2 4 5 6 7 8 9 10 13] [1 2 3 4 5 7 8 9 13] [1 2 3 5 8] [1 2 3 4 5 13] [1 2 3 5 7 13] [1 2 3 4 5 7 17] [1 2 3 4] [1 2 3 4 5 7 10 13] [1 2 7 13] [1 2 4 5 6 8] [1 2 3 4 5 7 8 10 13 17 52] [1 2 3] [1 2 3 4 5 13 52 58] [1 2 3 4 5 7 8 10 13 52] [1 2 4 5 7 9 10] [1 5] [1 2 3 4 5 7 8 13 52] [1 2 3 5 7 10 13 52] [1 2 3 4 5 7 10 17 43 58] [1 2 3 4 5 6] [1 13] [1 2 5 7 10 13 17 52] [1 2 3 5 13 52] [1 2 3 4 5 7 8 10 13 17 19] [1 2 3 4 5 7 8 9 10 11] [1 2 3 4 5 7 8 17] [1 2 3 4 5 6 7 8 9 13 52 58] [] [] [] [] [] [] [] [] [] [] [] [] [] [] [] [] [] [] [] [] [] [] [] [] [] [] [] [] [] [] [] [] [] [] [] [] [] [] [] [] [] [] [] [] [] [] [] [] [] [] [] [] [] [] [] [] [] [] [] [] [] [] [] [] [] [] [] [] [] [] [] [] [] [] [] [] [] [] [] [] [] [] [] [] [] [] [] [] [] [] [] [] [] [] [] [] [] [] [] [] [] [] [] [] [] [] [] [] [] []
188 [] [1 2 3 4 5 7 9 13] [1 2 3 4 5 6 7] [1 2 3 4 5 7] [1 2 3 4 5 6 7 8 9] [1 2 4 5 7 8 10 13] [1 2 13 52] [1 2 3 4 5 7 9] [1 2 3 4 5 6 7 8 13 52] [1 2] [1 2 3 4 5 7 8 9 10 13 17] [1 2 4 5 7 8 9 10 13 17 43] [1 2 3 4 5 10 13] [1 2 3 4 5 7 10 17] [1 2 3 4 5 8 13 52 58] [1 2 3 5 7 9] [1 2 3 5] [1 2 3 4 5 6 8 13] [1 2 4 5 6 8 11] [1 2 3 5 7 8] [1 2 3 5 7 10 13] [1 2 5 7] [1 2 4 5 7] [1 2 3 4 5 7 8 10 13] [1 2 3 5 8 10 13 19 52] [1 2 3 4 5] [1 2 4 5] [1 2 3 4 5 8] [1 2 3 5 7] [1 2 3 4 5 7 8 10] [1 2 3 4 5 7 10] [1 2 3 5 7 10] [1 2 3 4 5 7 8 13] [1 2 5] [1 2 3 4 5 7 13] [1 2 4 5 7 13] [1 2 3 5 8 10 13] [1 2 3 5 7 8 10 19] [1 2 4 5 8] [1 2 3 4 5 8 10 19] [1 2 3 4 5 7 8] [1 2 3 5 10] [1 2 3 4 5 8 13 17] [1 2 3 5 13] [1 2 3 4 5 7 10 13 17 52] [1 2 3 4 5 7 13 52] [1 2 4 5 7 13 52] [1 2 3 4 5 7 8 10 13 17] [1 2 3 5 7 8 10 13] [1 2 3 4 5 10] [1 2 3 4 5 7 8 13 17] [1 2 3 13] [1 2 3 4 5 7 8 10 13 17 24] [1 2 3 4 5 7 10 13 17] [1 2 5 7 10] [1 2 3 4 5 8 10 13 19 52 58] [1 2 3 4 5 8 10 13 17] [1 2 3 4 5 13 52] [1 2 3 4 5 8 10] [1 2 3 4 5 6 8 11 13 52 58] [1] [1 2 3 5 10 13] [1 5 27] [1 2 4 5 6 7 8 9 10 13] [1 2 3 4 5 7 8 9 13] [1 2 3 5 8] [1 2 3 4 5 13] [1 2 3 5 7 13] [1 2 3 4 5 7 17] [1 2 3 4] [1 2 3 4 5 7 10 13] [1 2 7 13] [1 2 4 5 6 8] [1 2 3 4 5 7 8 10 13 17 52] [1 2 3] [1 2 3 4 5 13 52 58] [1 2 3 4 5 7 8 10 13 52] [1 2 4 5 7 9 10] [1 5] [1 2 3 4 5 7 8 13 52] [1 2 3 5 7 10 13 52] [1 2 3 4 5 7 10 17 43 58] [1 2 3 4 5 6] [1 13] [1 2 5 7 10 13 17 52] [1 2 3 5 13 52] [1 2 3 4 5 7 8 10 13 17 19] [1 2 3 4 5 7 8 9 10 11] [1 2 3 4 5 7 8 17] [1 2 3 4 5 6 7 8 9 13 52 58] [] [] [] [] [] [] [] [] [] [] [] [] [] [] [] [] [] [] [] [] [] [] [] [] [] [] [] [] [] [] [] [] [] [] [] [] [] [] [] [] [] [] [] [] [] [] [] [] [] [] [] [] [] [] [] [] [] [] [] [] [] [] [] [] [] [] [] [] [] [] [] [] [] [] [] [] [] [] [] [] [] [] [] [] [] [] [] [] [] [] [] [] [] [] [] [] [] [] [] [] [] [] [] [] [] [] [] [] [] [] []
189 [] [1 2 3 4 5 7 9 13] [1 2 4 5 6 7 9] [1 2 3 4 5 6 7] [1 2 3 4 5 7] [1 2 3 4 5 6 7 8 9] [1 2 4 5 7 8 10 13] [1 2 13 52] [1 2 3 4 5 7 9] [1 2 3 4 5 6 7 8 13 52] [1 2] [1 2 3 4 5 7 8 9 10 13 17] [1 2 4 5 7 8 9 10 13 17 43] [1 2 3 4 5 10 13] [1 2 3 4 5 7 10 17] [1 2 3 4 5 8 13 52 58] [1 2 3 5 7 9] [1 2 3 5] [1 2 3 4 5 6 8 13] [1 2 4 5 6 8 11] [1 2 3 5 7 8] [1 2 3 5 7 10 13] [1 2 5 7] [1 2 4 5 7] [1 2 3 4 5 7 8 10 13] [1 2 3 5 8 10 13 19 52] [1 2 3 4 5] [1 2 4 5] [1 2 3 4 5 8] [1 2 3 5 7] [1 2 3 4 5 7 8 10] [1 2 3 4 5 7 10] [1 2 3 5 7 10] [1 2 3 4 5 7 8 13] [1 2 5] [1 2 3 4 5 7 13] [1 2 4 5 7 13] [1 2 3 5 8 10 13] [1 2 3 5 7 8 10 19] [1 2 4 5 8] [1 2 3 4 5 8 10 19] [1 2 3 4 5 7 8] [1 2 3 5 10] [1 2 3 4 5 8 13 17] [1 2 3 5 13] [1 2 3 4 5 7 10 13 17 52] [1 2 3 4 5 7 13 52] [1 2 4 5 7 13 52] [1 2 3 4 5 7 8 10 13 17] [1 2 3 5 7 8 10 13] [1 2 3 4 5 10] [1 2 3 4 5 7 8 13 17] [1 2 3 13] [1 2 3 4 5 7 8 10 13 17 24] [1 2 3 4 5 7 10 13 17] [1 2 5 7 10] [1 2 3 4 5 8 10 13 19 52 58] [1 2 3 4 5 8 10 13 17] [1 2 3 4 5 13 52] [1 2 3 4 5 8 10] [1 2 3 4 5 6 8 11 13 52 58] [1] [1 2 3 5 10 13] [1 5 27] [1 2 4 5 6 7 8 9 10 13] [1 2 3 4 5 7 8 9 13] [1 2 3 5 8] [1 2 3 4 5 13] [1 2 3 5 7 13] [1 2 3 4 5 7 17] [1 2 3 4] [1 2 3 4 5 7 10 13] [1 2 7 13] [1 2 4 5 6 8] [1 2 3 4 5 7 8 10 13 17 52] [1 2 3] [1 2 3 4 5 13 52 58] [1 2 3 4 5 7 8 10 13 52] [1 2 4 5 7 9 10] [1 5] [1 2 3 4 5 7 8 13 52] [1 2 3 5 7 10 13 52] [1 2 3 4 5 7 10 17 43 58] [1 2 3 4 5 6] [1 13] [1 2 5 7 10 13 17 52] [1 2 3 5 13 52] [1 2 3 4 5 7 8 10 13 17 19] [1 2 3 4 5 7 8 9 10 11] [1 2 3 4 5 7 8 17] [1 2 3 4 5 6 7 8 9 13 52 58] [] [] [] [] [] [] [] [] [] [] [] [] [] [] [] [] [] [] [] [] [] [] [] [] [] [] [] [] [] [] [] [] [] [] [] [] [] [] [] [] [] [] [] [] [] [] [] [] [] [] [] [] [] [] [] [] [] [] [] [] [] [] [] [] [] [] [] [] [] [] [] [] [] [] [] [] [] [] [] [] [] [] [] [] [] [] [] [] [] [] [] [] [] [] [] [] [] [] [] [] [] [] [] [] [] [] [] [] [] []
190 [] [1 2 4 5 6 7 9] [1 2 3 4 5 6 7] [1 2 3 4 5 7] [1 2 3 4 5 6 7 8 9] [1 2 4 5 7 8 10 13] [1 2 13 52] [1 2 3 4 5 7 9] [1 2 3 4 5 6 7 8 13 52] [1 2] [1 2 3 4 5 7 8 9 10 13 17] [1 2 4 5 7 8 9 10 13 17 43] [1 2 3 4 5 10 13] [1 2 3 4 5 7 10 17] [1 2 3 4 5 8 13 52 58] [1 2 3 5 7 9] [1 2 3 5] [1 2 3 4 5 6 8 13] [1 2 4 5 6 8 11] [1 2 3 5 7 8] [1 2 3 5 7 10 13] [1 2 5 7] [1 2 4 5 7] [1 2 3 4 5 7 8 10 13] [1 2 3 5 8 10 13 19 52] [1 2 3 4 5] [1 2 4 5] [1 2 3 4 5 8] [1 2 3 5 7] [1 2 3 4 5 7 8 10] [1 2 3 4 5 7 10] [1 2 3 5 7 10] [1 2 3 4 5 7 8 13] [1 2 5] [1 2 3 4 5 7 13] [1 2 4 5 7 13] [1 2 3 5 8 10 13] [1 2 3 5 7 8 10 19] [1 2 4 5 8] [1 2 3 4 5 8 10 19] [1 2 3 4 5 7 8] [1 2 3 5 10] [1 2 3 4 5 8 13 17] [1 2 3 5 13] [1 2 3 4 5 7 10 13 17 52] [1 2 3 4 5 7 13 52] [1 2 4 5 7 13 52] [1 2 3 4 5 7 8 10 13 17] [1 2 3 5 7 8 10 13] [1 2 3 4 5 10] [1 2 3 4 5 7 8 13 17] [1 2 3 13] [1 2 3 4 5 7 8 10 13 17 24] [1 2 3 4 5 7 10 13 17] [1 2 5 7 10] [1 2 3 4 5 8 10 13 19 52 58] [1 2 3 4 5 8 10 13 17] [1 2 3 4 5 13 52] [1 2 3 4 5 8 10] [1 2 3 4 5 6 8 11 13 52 58] [1] [1 2 3 5 10 13] [1 5 27] [1 2 4 5 6 7 8 9 10 13] [1 2 3 4 5 7 8 9 13] [1 2 3 5 8] [1 2 3 4 5 13] [1 2 3 5 7 13] [1 2 3 4 5 7 17] [1 2 3 4] [1 2 3 4 5 7 10 13] [1 2 7 13] [1 2 4 5 6 8] [1 2 3 4 5 7 8 10 13 17 52] [1 2 3] [1 2 3 4 5 13 52 58] [1 2 3 4 5 7 8 10 13 52] [1 2 4 5 7 9 10] [1 5] [1 2 3 4 5 7 8 13 52] [1 2 3 5 7 10 13 52] [1 2 3 4 5 7 10 17 43 58] [1 2 3 4 5 6] [1 13] [1 2 5 7 10 13 17 52] [1 2 3 5 13 52] [1 2 3 4 5 7 8 10 13 17 19] [1 2 3 4 5 7 8 9 10 11] [1 2 3 4 5 7 8 17] [1 2 3 4 5 6 7 8 9 13 52 58] [] [] [] [] [] [] [] [] [] [] [] [] [] [] [] [] [] [] [] [] [] [] [] [] [] [] [] [] [] [] [] [] [] [] [] [] [] [] [] [] [] [] [] [] [] [] [] [] [] [] [] [] [] [] [] [] [] [] [] [] [] [] [] [] [] [] [] [] [] [] [] [] [] [] [] [] [] [] [] [] [] [] [] [] [] [] [] [] [] [] [] [] [] [] [] [] [] [] [] [] [] [] [] [] [] [] [] [] [] [] []
191 [] [1 2 3 4 5 6 7] [1 2 3 4 5 7] [1 2 3 4 5 6 7 8 9] [1 2 4 5 7 8 10 13] [1 2 13 52] [1 2 3 4 5 7 9] [1 2 3 4 5 6 7 8 13 52] [1 2] [1 2 3 4 5 7 8 9 10 13 17] [1 2 4 5 7 8 9 10 13 17 43] [1 2 3 4 5 10 13] [1 2 3 4 5 7 10 17] [1 2 3 4 5 8 13 52 58] [1 2 3 5 7 9] [1 2 3 5] [1 2 3 4 5 6 8 13] [1 2 4 5 6 8 11] [1 2 3 5 7 8] [1 2 3 5 7 10 13] [1 2 5 7] [1 2 4 5 7] [1 2 3 4 5 7 8 10 13] [1 2 3 5 8 10 13 19 52] [1 2 3 4 5] [1 2 4 5] [1 2 3 4 5 8] [1 2 3 5 7] [1 2 3 4 5 7 8 10] [1 2 3 4 5 7 10] [1 2 3 5 7 10] [1 2 3 4 5 7 8 13] [1 2 5] [1 2 3 4 5 7 13] [1 2 4 5 7 13] [1 2 3 5 8 10 13] [1 2 3 5 7 8 10 19] [1 2 4 5 8] [1 2 3 4 5 8 10 19] [1 2 3 4 5 7 8] [1 2 3 5 10] [1 2 3 4 5 8 13 17] [1 2 3 5 13] [1 2 3 4 5 7 10 13 17 52] [1 2 3 4 5 7 13 52] [1 2 4 5 7 13 52] [1 2 3 4 5 7 8 10 13 17] [1 2 3 5 7 8 10 13] [1 2 3 4 5 10] [1 2 3 4 5 7 8 13 17] [1 2 3 13] [1 2 3 4 5 7 8 10 13 17 24] [1 2 3 4 5 7 10 13 17] [1 2 5 7 10] [1 2 3 4 5 8 10 13 19 52 58] [1 2 3 4 5 8 10 13 17] [1 2 3 4 5 13 52] [1 2 3 4 5 8 10] [1 2 3 4 5 6 8 11 13 52 58] [1] [1 2 3 5 10 13] [1 5 27] [1 2 4 5 6 7 8 9 10 13] [1 2 3 4 5 7 8 9 13] [1 2 3 5 8] [1 2 3 4 5 13] [1 2 3 5 7 13] [1 2 3 4 5 7 17] [1 2 3 4] [1 2 3 4 5 7 10 13] [1 2 7 13] [1 2 4 5 6 8] [1 2 3 4 5 7 8 10 13 17 52] [1 2 3] [1 2 3 4 5 13 52 58] [1 2 3 4 5 7 8 10 13 52] [1 2 4 5 7 9 10] [1 5] [1 2 3 4 5 7 8 13 52] [1 2 3 5 7 10 13 52] [1 2 3 4 5 7 10 17 43 58] [1 2 3 4 5 6] [1 13] [1 2 5 7 10 13 17 52] [1 2 3 5 13 52] [1 2 3 4 5 7 8 10 13 17 19] [1 2 3 4 5 7 8 9 10 11] [1 2 3 4 5 7 8 17] [1 2 3 4 5 6 7 8 9 13 52 58] [] [] [] [] [] [] [] [] [] [] [] [] [] [] [] [] [] [] [] [] [] [] [] [] [] [] [] [] [] [] [] [] [] [] [] [] [] [] [] [] [] [] [] [] [] [] [] [] [] [] [] [] [] [] [] [] [] [] [] [] [] [] [] [] [] [] [] [] [] [] [] [] [] [] [] [] [] [] [] [] [] [] [] [] [] [] [] [] [] [] [] [] [] [] [] [] [] [] [] [] [] [] [] [] [] [] [] [] [] [] [] []
192 [] [1 2 3 4 5 6 7] [1 2 3 4 5 7] [1 2 3 4 5 6 7 8 9] [1 2 4 5 7 8 10 13] [1 2 13 52] [1 2 3 4 5 7 9] [1 2 3 4 5 6 7 8 13 52] [1 2] [1 2 3 4 5 7 8 9 10 13 17] [1 2 4 5 7 8 9 10 13 17 43] [1 2 3 4 5 10 13] [1 2 3 4 5 7 10 17] [1 2 3 4 5 8 13 52 58] [1 2 3 5 7 9] [1 2 3 5] [1 2 3 4 5 6 8 13] [1 2 4 5 6 8 11] [1 2 3 5 7 8] [1 2 3 5 7 10 13] [1 2 5 7] [1 2 4 5 7] [1 2 3 4 5 7 8 10 13] [1 2 3 5 8 10 13 19 52] [1 2 3 4 5] [1 2 4 5] [1 2 3 4 5 8] [1 2 3 5 7] [1 2 3 4 5 7 8 10] [1 2 3 4 5 7 10] [1 2 3 5 7 10] [1 2 3 4 5 7 8 13] [1 2 5] [1 2 3 4 5 7 13] [1 2 4 5 7 13] [1 2 3 5 8 10 13] [1 2 3 5 7 8 10 19] [1 2 4 5 8] [1 2 3 4 5 8 10 19] [1 2 3 4 5 7 8] [1 2 3 5 10] [1 2 3 4 5 8 13 17] [1 2 3 5 13] [1 2 3 4 5 7 10 13 17 52] [1 2 3 4 5 7 13 52] [1 2 4 5 7 13 52] [1 2 3 4 5 7 8 10 13 17] [1 2 3 5 7 8 10 13] [1 2 3 4 5 10] [1 2 3 4 5 7 8 13 17] [1 2 3 13] [1 2 3 4 5 7 8 10 13 17 24] [1 2 3 4 5 7 10 13 17] [1 2 5 7 10] [1 2 3 4 5 8 10 13 19 52 58] [1 2 3 4 5 8 10 13 17] [1 2 3 4 5 13 52] [1 2 3 4 5 8 10] [1 2 3 4 5 6 8 11 13 52 58] [1] [1 2 3 5 10 13] [1 5 27] [1 2 4 5 6 7 8 9 10 13] [1 2 3 4 5 7 8 9 13] [1 2 3 5 8] [1 2 3 4 5 13] [1 2 3 5 7 13] [1 2 3 4 5 7 17] [1 2 3 4] [1 2 3 4 5 7 10 13] [1 2 7 13] [1 2 4 5 6 8] [1 2 3 4 5 7 8 10 13 17 52] [1 2 3] [1 2 3 4 5 13 52 58] [1 2 3 4 5 7 8 10 13 52] [1 2 4 5 7 9 10] [1 5] [1 2 3 4 5 7 8 13 52] [1 2 3 5 7 10 13 52] [1 2 3 4 5 7 10 17 43 58] [1 2 3 4 5 6] [1 13] [1 2 5 7 10 13 17 52] [1 2 3 5 13 52] [1 2 3 4 5 7 8 10 13 17 19] [1 2 3 4 5 7 8 9 10 11] [1 2 3 4 5 7 8 17] [1 2 3 4 5 6 7 8 9 13 52 58] [] [] [] [] [] [] [] [] [] [] [] [] [] [] [] [] [] [] [] [] [] [] [] [] [] [] [] [] [] [] [] [] [] [] [] [] [] [] [] [] [] [] [] [] [] [] [] [] [] [] [] [] [] [] [] [] [] [] [] [] [] [] [] [] [] [] [] [] [] [] [] [] [] [] [] [] [] [] [] [] [] [] [] [] [] [] [] [] [] [] [] [] [] [] [] [] [] [] [] [] [] [] [] [] [] [] [] [] [] [] [] []
193 [] [1 2 3 4 5 7] [1 2 3 4 5 6 7 8 9] [1 2 4 5 7 8 10 13] [1 2 13 52] [1 2 3 4 5 7 9] [1 2 3 4 5 6 7 8 13 52] [1 2] [1 2 3 4 5 7 8 9 10 13 17] [1 2 4 5 7 8 9 10 13 17 43] [1 2 3 4 5 10 13] [1 2 3 4 5 7 10 17] [1 2 3 4 5 8 13 52 58] [1 2 3 5 7 9] [1 2 3 5] [1 2 3 4 5 6 8 13] [1 2 3 4 5 6 7] [1 2 4 5 6 8 11] [1 2 3 5 7 8] [1 2 3 5 7 10 13] [1 2 5 7] [1 2 4 5 7] [1 2 3 4 5 7 8 10 13] [1 2 3 5 8 10 13 19 52] [1 2 3 4 5] [1 2 4 5] [1 2 3 4 5 8] [1 2 3 5 7] [1 2 3 4 5 7 8 10] [1 2 3 4 5 7 10] [1 2 3 5 7 10] [1 2 3 4 5 7 8 13] [1 2 5] [1 2 3 4 5 7 13] [1 2 4 5 7 13] [1 2 3 5 8 10 13] [1 2 3 5 7 8 10 19] [1 2 4 5 8] [1 2 3 4 5 8 10 19] [1 2 3 4 5 7 8] [1 2 3 5 10] [1 2 3 4 5 8 13 17] [1 2 3 5 13] [1 2 3 4 5 7 10 13 17 52] [1 2 3 4 5 7 13 52] [1 2 4 5 7 13 52] [1 2 3 4 5 7 8 10 13 17] [1 2 3 5 7 8 10 13] [1 2 3 4 5 10] [1 2 3 4 5 7 8 13 17] [1 2 3 13] [1 2 3 4 5 7 8 10 13 17 24] [1 2 3 4 5 7 10 13 17] [1 2 5 7 10] [1 2 3 4 5 8 10 13 19 52 58] [1 2 3 4 5 8 10 13 17] [1 2 3 4 5 13 52] [1 2 3 4 5 8 10] [1 2 3 4 5 6 8 11 13 52 58] [1] [1 2 3 5 10 13] [1 5 27] [1 2 4 5 6 7 8 9 10 13] [1 2 3 4 5 7 8 9 13] [1 2 3 5 8] [1 2 3 4 5 13] [1 2 3 5 7 13] [1 2 3 4 5 7 17] [1 2 3 4] [1 2 3 4 5 7 10 13] [1 2 7 13] [1 2 4 5 6 8] [1 2 3 4 5 7 8 10 13 17 52] [1 2 3] [1 2 3 4 5 13 52 58] [1 2 3 4 5 7 8 10 13 52] [1 2 4 5 7 9 10] [1 5] [1 2 3 4 5 7 8 13 52] [1 2 3 5 7 10 13 52] [1 2 3 4 5 7 10 17 43 58] [1 2 3 4 5 6] [1 13] [1 2 5 7 10 13 17 52] [1 2 3 5 13 52] [1 2 3 4 5 7 8 10 13 17 19] [1 2 3 4 5 7 8 9 10 11] [1 2 3 4 5 7 8 17] [1 2 3 4 5 6 7 8 9 13 52 58] [] [] [] [] [] [] [] [] [] [] [] [] [] [] [] [] [] [] [] [] [] [] [] [] [] [] [] [] [] [] [] [] [] [] [] [] [] [] [] [] [] [] [] [] [] [] [] [] [] [] [] [] [] [] [] [] [] [] [] [] [] [] [] [] [] [] [] [] [] [] [] [] [] [] [] [] [] [] [] [] [] [] [] [] [] [] [] [] [] [] [] [] [] [] [] [] [] [] [] [] [] [] [] [] [] [] [] [] [] [] [] []
194 [] [1 2 3 4 5 6 7 8 9] [1 2 4 5 7 8 10 13] [1 2 13 52] [1 2 3 4 5 7 9] [1 2 3 4 5 6 7 8 13 52] [1 2] [1 2 3 4 5 7 8 9 10 13 17] [1 2 4 5 7 8 9 10 13 17 43] [1 2 3 4 5 7] [1 2 3 4 5 10 13] [1 2 3 4 5 7 10 17] [1 2 3 4 5 8 13 52 58] [1 2 3 5 7 9] [1 2 3 5] [1 2 3 4 5 6 8 13] [1 2 3 4 5 6 7] [1 2 4 5 6 8 11] [1 2 3 5 7 8] [1 2 3 5 7 10 13] [1 2 5 7] [1 2 4 5 7] [1 2 3 4 5 7 8 10 13] [1 2 3 5 8 10 13 19 52] [1 2 3 4 5] [1 2 4 5] [1 2 3 4 5 8] [1 2 3 5 7] [1 2 3 4 5 7 8 10] [1 2 3 4 5 7 10] [1 2 3 5 7 10] [1 2 3 4 5 7 8 13] [1 2 5] [1 2 3 4 5 7 13] [1 2 4 5 7 13] [1 2 3 5 8 10 13] [1 2 3 5 7 8 10 19] [1 2 4 5 8] [1 2 3 4 5 8 10 19] [1 2 3 4 5 7 8] [1 2 3 5 10] [1 2 3 4 5 8 13 17] [1 2 3 5 13] [1 2 3 4 5 7 10 13 17 52] [1 2 3 4 5 7 13 52] [1 2 4 5 7 13 52] [1 2 3 4 5 7 8 10 13 17] [1 2 3 5 7 8 10 13] [1 2 3 4 5 10] [1 2 3 4 5 7 8 13 17] [1 2 3 13] [1 2 3 4 5 7 8 10 13 17 24] [1 2 3 4 5 7 10 13 17] [1 2 5 7 10] [1 2 3 4 5 8 10 13 19 52 58] [1 2 3 4 5 8 10 13 17] [1 2 3 4 5 13 52] [1 2 3 4 5 8 10] [1 2 3 4 5 6 8 11 13 52 58] [1] [1 2 3 5 10 13] [1 5 27] [1 2 4 5 6 7 8 9 10 13] [1 2 3 4 5 7 8 9 13] [1 2 3 5 8] [1 2 3 4 5 13] [1 2 3 5 7 13] [1 2 3 4 5 7 17] [1 2 3 4] [1 2 3 4 5 7 10 13] [1 2 7 13] [1 2 4 5 6 8] [1 2 3 4 5 7 8 10 13 17 52] [1 2 3] [1 2 3 4 5 13 52 58] [1 2 3 4 5 7 8 10 13 52] [1 2 4 5 7 9 10] [1 5] [1 2 3 4 5 7 8 13 52] [1 2 3 5 7 10 13 52] [1 2 3 4 5 7 10 17 43 58] [1 2 3 4 5 6] [1 13] [1 2 5 7 10 13 17 52] [1 2 3 5 13 52] [1 2 3 4 5 7 8 10 13 17 19] [1 2 3 4 5 7 8 9 10 11] [1 2 3 4 5 7 8 17] [1 2 3 4 5 6 7 8 9 13 52 58] [] [] [] [] [] [] [] [] [] [] [] [] [] [] [] [] [] [] [] [] [] [] [] [] [] [] [] [] [] [] [] [] [] [] [] [] [] [] [] [] [] [] [] [] [] [] [] [] [] [] [] [] [] [] [] [] [] [] [] [] [] [] [] [] [] [] [] [] [] [] [] [] [] [] [] [] [] [] [] [] [] [] [] [] [] [] [] [] [] [] [] [] [] [] [] [] [] [] [] [] [] [] [] [] [] [] [] [] [] [] [] []
195 [] [1 2 3 4 5 6 7 8 9] [1 2 4 5 7 8 10 13] [1 2 13 52] [1 2 3 4 5 7 9] [1 2 3 4 5 6 7 8 13 52] [1 2] [1 2 3 4 5 7 8 9 10 13 17] [1 2 4 5 7 8 9 10 13 17 43] [1 2 3 4 5 7] [1 2 3 4 5 10 13] [1 2 3 4 5 7 10 17] [1 2 3 4 5 8 13 52 58] [1 2 3 5 7 9] [1 2 3 5] [1 2 3 4 5 6 8 13] [1 2 3 4 5 6 7] [1 2 4 5 6 8 11] [1 2 3 5 7 8] [1 2 3 5 7 10 13] [1 2 5 7] [1 2 4 5 7] [1 2 3 4 5 7 8 10 13] [1 2 3 5 8 10 13 19 52] [1 2 3 4 5] [1 2 4 5] [1 2 3 4 5 8] [1 2 3 5 7] [1 2 3 4 5 7 8 10] [1 2 3 4 5 7 10] [1 2 3 5 7 10] [1 2 3 4 5 7 8 13] [1 2 5] [1 2 3 4 5 7 13] [1 2 4 5 7 13] [1 2 3 5 8 10 13] [1 2 3 5 7 8 10 19] [1 2 4 5 8] [1 2 3 4 5 8 10 19] [1 2 3 4 5 7 8] [1 2 3 5 10] [1 2 3 4 5 8 13 17] [1 2 3 5 13] [1 2 3 4 5 7 10 13 17 52] [1 2 3 4 5 7 13 52] [1 2 4 5 7 13 52] [1 2 3 4 5 7 8 10 13 17] [1 2 3 5 7 8 10 13] [1 2 3 4 5 10] [1 2 3 4 5 7 8 13 17] [1 2 3 13] [1 2 3 4 5 7 8 10 13 17 24] [1 2 3 4 5 7 10 13 17] [1 2 5 7 10] [1 2 3 4 5 8 10 13 19 52 58] [1 2 3 4 5 8 10 13 17] [1 2 3 4 5 13 52] [1 2 3 4 5 8 10] [1 2 3 4 5 6 8 11 13 52 58] [1] [1 2 3 5 10 13] [1 5 27] [1 2 4 5 6 7 8 9 10 13] [1 2 3 4 5 7 8 9 13] [1 2 3 5 8] [1 2 3 4 5 13] [1 2 3 5 7 13] [1 2 3 4 5 7 17] [1 2 3 4] [1 2 3 4 5 7 10 13] [1 2 7 13] [1 2 4 5 6 8] [1 2 3 4 5 7 8 10 13 17 52] [1 2 3] [1 2 3 4 5 13 52 58] [1 2 3 4 5 7 8 10 13 52] [1 2 4 5 7 9 10] [1 5] [1 2 3 4 5 7 8 13 52] [1 2 3 5 7 10 13 52] [1 2 3 4 5 7 10 17 43 58] [1 2 3 4 5 6] [1 13] [1 2 5 7 10 13 17 52] [1 2 3 5 13 52] [1 2 3 4 5 7 8 10 13 17 19] [1 2 3 4 5 7 8 9 10 11] [1 2 3 4 5 7 8 17] [1 2 3 4 5 6 7 8 9 13 52 58] [] [] [] [] [] [] [] [] [] [] [] [] [] [] [] [] [] [] [] [] [] [] [] [] [] [] [] [] [] [] [] [] [] [] [] [] [] [] [] [] [] [] [] [] [] [] [] [] [] [] [] [] [] [] [] [] [] [] [] [] [] [] [] [] [] [] [] [] [] [] [] [] [] [] [] [] [] [] [] [] [] [] [] [] [] [] [] [] [] [] [] [] [] [] [] [] [] [] [] [] [] [] [] [] [] [] [] [] [] [] [] []
196 [] [1 2 4 5 7 8 10 13] [1 2 13 52] [1 2 3 4 5 7 9] [1 2 3 4 5 6 7 8 13 52] [1 2] [1 2 3 4 5 7 8 9 10 13 17] [1 2 4 5 7 8 9 10 13 17 43] [1 2 3 4 5 7] [1 2 3 4 5 10 13] [1 2 3 4 5 7 10 17] [1 2 3 4 5 8 13 52 58] [1 2 3 5 7 9] [1 2 3 5] [1 2 3 4 5 6 8 13] [1 2 3 4 5 6 7] [1 2 4 5 6 8 11] [1 2 3 5 7 8] [1 2 3 5 7 10 13] [1 2 5 7] [1 2 4 5 7] [1 2 3 4 5 7 8 10 13] [1 2 3 5 8 10 13 19 52] [1 2 3 4 5] [1 2 4 5] [1 2 3 4 5 8] [1 2 3 5 7] [1 2 3 4 5 7 8 10] [1 2 3 4 5 7 10] [1 2 3 5 7 10] [1 2 3 4 5 7 8 13] [1 2 5] [1 2 3 4 5 7 13] [1 2 4 5 7 13] [1 2 3 5 8 10 13] [1 2 3 5 7 8 10 19] [1 2 4 5 8] [1 2 3 4 5 8 10 19] [1 2 3 4 5 7 8] [1 2 3 5 10] [1 2 3 4 5 8 13 17] [1 2 3 5 13] [1 2 3 4 5 7 10 13 17 52] [1 2 3 4 5 7 13 52] [1 2 4 5 7 13 52] [1 2 3 4 5 7 8 10 13 17] [1 2 3 5 7 8 10 13] [1 2 3 4 5 10] [1 2 3 4 5 7 8 13 17] [1 2 3 13] [1 2 3 4 5 7 8 10 13 17 24] [1 2 3 4 5 7 10 13 17] [1 2 5 7 10] [1 2 3 4 5 8 10 13 19 52 58] [1 2 3 4 5 8 10 13 17] [1 2 3 4 5 13 52] [1 2 3 4 5 8 10] [1 2 3 4 5 6 8 11 13 52 58] [1] [1 2 3 5 10 13] [1 5 27] [1 2 4 5 6 7 8 9 10 13] [1 2 3 4 5 7 8 9 13] [1 2 3 5 8] [1 2 3 4 5 13] [1 2 3 5 7 13] [1 2 3 4 5 7 17] [1 2 3 4] [1 2 3 4 5 7 10 13] [1 2 7 13] [1 2 4 5 6 8] [1 2 3 4 5 7 8 10 13 17 52] [1 2 3] [1 2 3 4 5 13 52 58] [1 2 3 4 5 7 8 10 13 52] [1 2 4 5 7 9 10] [1 5] [1 2 3 4 5 7 8 13 52] [1 2 3 5 7 10 13 52] [1 2 3 4 5 7 10 17 43 58] [1 2 3 4 5 6] [1 13] [1 2 5 7 10 13 17 52] [1 2 3 5 13 52] [1 2 3 4 5 7 8 10 13 17 19] [1 2 3 4 5 7 8 9 10 11] [1 2 3 4 5 7 8 17] [1 2 3 4 5 6 7 8 9 13 52 58] [] [] [] [] [] [] [] [] [] [] [] [] [] [] [] [] [] [] [] [] [] [] [] [] [] [] [] [] [] [] [] [] [] [] [] [] [] [] [] [] [] [] [] [] [] [] [] [] [] [] [] [] [] [] [] [] [] [] [] [] [] [] [] [] [] [] [] [] [] [] [] [] [] [] [] [] [] [] [] [] [] [] [] [] [] [] [] [] [] [] [] [] [] [] [] [] [] [] [] [] [] [] [] [] [] [] [] [] [] [] [] [] []
197 [] [1 2 13 52] [1 2 3 4 5 7 9] [1 2 3 4 5 6 7 8 13 52] [1 2] [1 2 3 4 5 7 8 9 10 13 17] [1 2 4 5 7 8 9 10 13 17 43] [1 2 3 4 5 7] [1 2 3 4 5 10 13] [1 2 3 4 5 7 10 17] [1 2 3 4 5 8 13 52 58] [1 2 3 5 7 9] [1 2 3 5] [1 2 3 4 5 6 8 13] [1 2 3 4 5 6 7] [1 2 4 5 6 8 11] [1 2 3 5 7 8] [1 2 3 5 7 10 13] [1 2 5 7] [1 2 4 5 7] [1 2 3 4 5 7 8 10 13] [1 2 3 5 8 10 13 19 52] [1 2 3 4 5] [1 2 4 5] [1 2 3 4 5 8] [1 2 3 5 7] [1 2 3 4 5 7 8 10] [1 2 3 4 5 7 10] [1 2 3 5 7 10] [1 2 3 4 5 7 8 13] [1 2 5] [1 2 3 4 5 7 13] [1 2 4 5 7 13] [1 2 3 5 8 10 13] [1 2 3 5 7 8 10 19] [1 2 4 5 8] [1 2 3 4 5 8 10 19] [1 2 3 4 5 7 8] [1 2 3 5 10] [1 2 3 4 5 8 13 17] [1 2 3 5 13] [1 2 3 4 5 7 10 13 17 52] [1 2 3 4 5 7 13 52] [1 2 4 5 7 13 52] [1 2 3 4 5 7 8 10 13 17] [1 2 3 5 7 8 10 13] [1 2 3 4 5 10] [1 2 3 4 5 7 8 13 17] [1 2 3 13] [1 2 3 4 5 7 8 10 13 17 24] [1 2 3 4 5 7 10 13 17] [1 2 5 7 10] [1 2 3 4 5 8 10 13 19 52 58] [1 2 3 4 5 8 10 13 17] [1 2 3 4 5 13 52] [1 2 3 4 5 8 10] [1 2 3 4 5 6 8 11 13 52 58] [1] [1 2 3 5 10 13] [1 5 27] [1 2 4 5 6 7 8 9 10 13] [1 2 3 4 5 7 8 9 13] [1 2 3 5 8] [1 2 3 4 5 13] [1 2 3 5 7 13] [1 2 3 4 5 7 17] [1 2 3 4] [1 2 3 4 5 7 10 13] [1 2 7 13] [1 2 4 5 6 8] [1 2 3 4 5 7 8 10 13 17 52] [1 2 3] [1 2 3 4 5 13 52 58] [1 2 3 4 5 7 8 10 13 52] [1 2 4 5 7 9 10] [1 5] [1 2 3 4 5 7 8 13 52] [1 2 3 5 7 10 13 52] [1 2 3 4 5 7 10 17 43 58] [1 2 3 4 5 6] [1 13] [1 2 5 7 10 13 17 52] [1 2 3 5 13 52] [1 2 3 4 5 7 8 10 13 17 19] [1 2 3 4 5 7 8 9 10 11] [1 2 3 4 5 7 8 17] [1 2 3 4 5 6 7 8 9 13 52 58] [] [] [] [] [] [] [] [] [] [] [] [] [] [] [] [] [] [] [] [] [] [] [] [] [] [] [] [] [] [] [] [] [] [] [] [] [] [] [] [] [] [] [] [] [] [] [] [] [] [] [] [] [] [] [] [] [] [] [] [] [] [] [] [] [] [] [] [] [] [] [] [] [] [] [] [] [] [] [] [] [] [] [] [] [] [] [] [] [] [] [] [] [] [] [] [] [] [] [] [] [] [] [] [] [] [] [] [] [] [] [] [] [] []
198 [] [1 2 13 52] [1 2 3 4 5 7 9] [1 2 3 4 5 6 7 8 13 52] [1 2] [1 2 3 4 5 7 8 9 10 13 17] [1 2 4 5 7 8 9 10 13 17 43] [1 2 3 4 5 7] [1 2 3 4 5 10 13] [1 2 3 4 5 7 10 17] [1 2 3 4 5 8 13 52 58] [1 2 3 5 7 9] [1 2 3 5] [1 2 3 4 5 6 8 13] [1 2 3 4 5 6 7] [1 2 4 5 6 8 11] [1 2 3 5 7 8] [1 2 3 5 7 10 13] [1 2 5 7] [1 2 4 5 7] [1 2 3 4 5 7 8 10 13] [1 2 3 5 8 10 13 19 52] [1 2 3 4 5] [1 2 4 5] [1 2 3 4 5 8] [1 2 3 5 7] [1 2 3 4 5 7 8 10] [1 2 3 4 5 7 10] [1 2 3 5 7 10] [1 2 3 4 5 7 8 13] [1 2 5] [1 2 3 4 5 7 13] [1 2 4 5 7 13] [1 2 3 5 8 10 13] [1 2 3 5 7 8 10 19] [1 2 4 5 8] [1 2 3 4 5 8 10 19] [1 2 3 4 5 7 8] [1 2 3 5 10] [1 2 3 4 5 8 13 17] [1 2 3 5 13] [1 2 3 4 5 7 10 13 17 52] [1 2 3 4 5 7 13 52] [1 2 4 5 7 13 52] [1 2 3 4 5 7 8 10 13 17] [1 2 3 5 7 8 10 13] [1 2 3 4 5 10] [1 2 3 4 5 7 8 13 17] [1 2 3 13] [1 2 3 4 5 7 8 10 13 17 24] [1 2 3 4 5 7 10 13 17] [1 2 5 7 10] [1 2 3 4 5 8 10 13 19 52 58] [1 2 3 4 5 8 10 13 17] [1 2 3 4 5 13 52] [1 2 3 4 5 8 10] [1 2 3 4 5 6 8 11 13 52 58] [1] [1 2 3 5 10 13] [1 5 27] [1 2 4 5 6 7 8 9 10 13] [1 2 3 4 5 7 8 9 13] [1 2 3 5 8] [1 2 3 4 5 13] [1 2 3 5 7 13] [1 2 3 4 5 7 17] [1 2 3 4] [1 2 3 4 5 7 10 13] [1 2 7 13] [1 2 4 5 6 8] [1 2 3 4 5 7 8 10 13 17 52] [1 2 3] [1 2 3 4 5 13 52 58] [1 2 3 4 5 7 8 10 13 52] [1 2 4 5 7 9 10] [1 5] [1 2 3 4 5 7 8 13 52] [1 2 3 5 7 10 13 52] [1 2 3 4 5 7 10 17 43 58] [1 2 3 4 5 6] [1 13] [1 2 5 7 10 13 17 52] [1 2 3 5 13 52] [1 2 3 4 5 7 8 10 13 17 19] [1 2 3 4 5 7 8 9 10 11] [1 2 3 4 5 7 8 17] [1 2 3 4 5 6 7 8 9 13 52 58] [] [] [] [] [] [] [] [] [] [] [] [] [] [] [] [] [] [] [] [] [] [] [] [] [] [] [] [] [] [] [] [] [] [] [] [] [] [] [] [] [] [] [] [] [] [] [] [] [] [] [] [] [] [] [] [] [] [] [] [] [] [] [] [] [] [] [] [] [] [] [] [] [] [] [] [] [] [] [] [] [] [] [] [] [] [] [] [] [] [] [] [] [] [] [] [] [] [] [] [] [] [] [] [] [] [] [] [] [] [] [] [] [] []
199 [] [1 2 3 4 5 7 9] [1 2 3 4 5 6 7 8 13 52] [1 2] [1 2 3 4 5 7 8 9 10 13 17] [1 2 4 5 7 8 9 10 13 17 43] [1 2 3 4 5 7] [1 2 3 4 5 10 13] [1 2 3 4 5 7 10 17] [1 2 3 4 5 8 13 52 58] [1 2 3 5 7 9] [1 2 3 5] [1 2 3 4 5 6 8 13] [1 2 3 4 5 6 7] [1 2 4 5 6 8 11] [1 2 3 5 7 8] [1 2 3 5 7 10 13] [1 2 5 7] [1 2 4 5 7] [1 2 3 4 5 7 8 10 13] [1 2 3 5 8 10 13 19 52] [1 2 3 4 5] [1 2 4 5] [1 2 3 4 5 8] [1 2 3 5 7] [1 2 3 4 5 7 8 10] [1 2 3 4 5 7 10] [1 2 3 5 7 10] [1 2 3 4 5 7 8 13] [1 2 5] [1 2 3 4 5 7 13] [1 2 4 5 7 13] [1 2 3 5 8 10 13] [1 2 3 5 7 8 10 19] [1 2 4 5 8] [1 2 3 4 5 8 10 19] [1 2 3 4 5 7 8] [1 2 3 5 10] [1 2 3 4 5 8 13 17] [1 2 3 5 13] [1 2 3 4 5 7 10 13 17 52] [1 2 3 4 5 7 13 52] [1 2 4 5 7 13 52] [1 2 3 4 5 7 8 10 13 17] [1 2 3 5 7 8 10 13] [1 2 3 4 5 10] [1 2 3 4 5 7 8 13 17] [1 2 3 13] [1 2 3 4 5 7 8 10 13 17 24] [1 2 3 4 5 7 10 13 17] [1 2 5 7 10] [1 2 3 4 5 8 10 13 19 52 58] [1 2 3 4 5 8 10 13 17] [1 2 3 4 5 13 52] [1 2 3 4 5 8 10] [1 2 3 4 5 6 8 11 13 52 58] [1] [1 2 3 5 10 13] [1 5 27] [1 2 4 5 6 7 8 9 10 13] [1 2 3 4 5 7 8 9 13] [1 2 3 5 8] [1 2 3 4 5 13] [1 2 3 5 7 13] [1 2 3 4 5 7 17] [1 2 3 4] [1 2 3 4 5 7 10 13] [1 2 7 13] [1 2 4 5 6 8] [1 2 3 4 5 7 8 10 13 17 52] [1 2 3] [1 2 3 4 5 13 52 58] [1 2 3 4 5 7 8 10 13 52] [1 2 4 5 7 9 10] [1 5] [1 2 3 4 5 7 8 13 52] [1 2 3 5 7 10 13 52] [1 2 3 4 5 7 10 17 43 58] [1 2 3 4 5 6] [1 13] [1 2 5 7 10 13 17 52] [1 2 3 5 13 52] [1 2 3 4 5 7 8 10 13 17 19] [1 2 3 4 5 7 8 9 10 11] [1 2 3 4 5 7 8 17] [1 2 3 4 5 6 7 8 9 13 52 58] [] [] [] [] [] [] [] [] [] [] [] [] [] [] [] [] [] [] [] [] [] [] [] [] [] [] [] [] [] [] [] [] [] [] [] [] [] [] [] [] [] [] [] [] [] [] [] [] [] [] [] [] [] [] [] [] [] [] [] [] [] [] [] [] [] [] [] [] [] [] [] [] [] [] [] [] [] [] [] [] [] [] [] [] [] [] [] [] [] [] [] [] [] [] [] [] [] [] [] [] [] [] [] [] [] [] [] [] [] [] [] [] [] [] []
200 [] [1 2 3 4 5 6 7 8 13 52] [1 2] [1 2 3 4 5 7 8 9 10 13 17] [1 2 4 5 7 8 9 10 13 17 43] [1 2 3 4 5 7] [1 2 3 4 5 10 13] [1 2 3 4 5 7 10 17] [1 2 3 4 5 8 13 52 58] [1 2 3 5 7 9] [1 2 3 5] [1 2 3 4 5 6 8 13] [1 2 3 4 5 6 7] [1 2 4 5 6 8 11] [1 2 3 5 7 8] [1 2 3 5 7 10 13] [1 2 5 7] [1 2 4 5 7] [1 2 3 4 5 7 8 10 13] [1 2 3 5 8 10 13 19 52] [1 2 3 4 5] [1 2 4 5] [1 2 3 4 5 8] [1 2 3 5 7] [1 2 3 4 5 7 8 10] [1 2 3 4 5 7 10] [1 2 3 5 7 10] [1 2 3 4 5 7 8 13] [1 2 5] [1 2 3 4 5 7 13] [1 2 4 5 7 13] [1 2 3 5 8 10 13] [1 2 3 5 7 8 10 19] [1 2 4 5 8] [1 2 3 4 5 8 10 19] [1 2 3 4 5 7 8] [1 2 3 5 10] [1 2 3 4 5 8 13 17] [1 2 3 5 13] [1 2 3 4 5 7 10 13 17 52] [1 2 3 4 5 7 13 52] [1 2 4 5 7 13 52] [1 2 3 4 5 7 8 10 13 17] [1 2 3 5 7 8 10 13] [1 2 3 4 5 10] [1 2 3 4 5 7 8 13 17] [1 2 3 13] [1 2 3 4 5 7 8 10 13 17 24] [1 2 3 4 5 7 10 13 17] [1 2 5 7 10] [1 2 3 4 5 8 10 13 19 52 58] [1 2 3 4 5 8 10 13 17] [1 2 3 4 5 13 52] [1 2 3 4 5 8 10] [1 2 3 4 5 6 8 11 13 52 58] [1] [1 2 3 5 10 13] [1 5 27] [1 2 4 5 6 7 8 9 10 13] [1 2 3 4 5 7 8 9 13] [1 2 3 5 8] [1 2 3 4 5 13] [1 2 3 5 7 13] [1 2 3 4 5 7 17] [1 2 3 4] [1 2 3 4 5 7 10 13] [1 2 7 13] [1 2 4 5 6 8] [1 2 3 4 5 7 8 10 13 17 52] [1 2 3] [1 2 3 4 5 13 52 58] [1 2 3 4 5 7 8 10 13 52] [1 2 4 5 7 9 10] [1 5] [1 2 3 4 5 7 8 13 52] [1 2 3 5 7 10 13 52] [1 2 3 4 5 7 10 17 43 58] [1 2 3 4 5 6] [1 13] [1 2 5 7 10 13 17 52] [1 2 3 5 13 52] [1 2 3 4 5 7 8 10 13 17 19] [1 2 3 4 5 7 8 9 10 11] [1 2 3 4 5 7 8 17] [1 2 3 4 5 6 7 8 9 13 52 58] [] [] [] [] [] [] [] [] [] [] [] [] [] [] [] [] [] [] [] [] [] [] [] [] [] [] [] [] [] [] [] [] [] [] [] [] [] [] [] [] [] [] [] [] [] [] [] [] [] [] [] [] [] [] [] [] [] [] [] [] [] [] [] [] [] [] [] [] [] [] [] [] [] [] [] [] [] [] [] [] [] [] [] [] [] [] [] [] [] [] [] [] [] [] [] [] [] [] [] [] [] [] [] [] [] [] [] [] [] [] [] [] [] [] [] []
201 [] [1 2 3 4 5 6 7 8 13 52] [1 2 3 4 5 7 10] [1 2] [1 2 3 4 5 7 8 9 10 13 17] [1 2 4 5 7 8 9 10 13 17 43] [1 2 3 4 5 7] [1 2 3 4 5 10 13] [1 2 3 4 5 7 10 17] [1 2 3 4 5 8 13 52 58] [1 2 3 5 7 9] [1 2 3 5] [1 2 3 4 5 6 8 13] [1 2 3 4 5 6 7] [1 2 4 5 6 8 11] [1 2 3 5 7 8] [1 2 3 5 7 10 13] [1 2 5 7] [1 2 4 5 7] [1 2 3 4 5 7 8 10 13] [1 2 3 5 8 10 13 19 52] [1 2 3 4 5] [1 2 4 5] [1 2 3 4 5 8] [1 2 3 5 7] [1 2 3 4 5 7 8 10] [1 2 3 5 7 10] [1 2 3 4 5 7 8 13] [1 2 5] [1 2 3 4 5 7 13] [1 2 4 5 7 13] [1 2 3 5 8 10 13] [1 2 3 5 7 8 10 19] [1 2 4 5 8] [1 2 3 4 5 8 10 19] [1 2 3 4 5 7 8] [1 2 3 5 10] [1 2 3 4 5 8 13 17] [1 2 3 5 13] [1 2 3 4 5 7 10 13 17 52] [1 2 3 4 5 7 13 52] [1 2 4 5 7 13 52] [1 2 3 4 5 7 8 10 13 17] [1 2 3 5 7 8 10 13] [1 2 3 4 5 10] [1 2 3 4 5 7 8 13 17] [1 2 3 13] [1 2 3 4 5 7 8 10 13 17 24] [1 2 3 4 5 7 10 13 17] [1 2 5 7 10] [1 2 3 4 5 8 10 13 19 52 58] [1 2 3 4 5 8 10 13 17] [1 2 3 4 5 13 52] [1 2 3 4 5 8 10] [1 2 3 4 5 6 8 11 13 52 58] [1] [1 2 3 5 10 13] [1 5 27] [1 2 4 5 6 7 8 9 10 13] [1 2 3 4 5 7 8 9 13] [1 2 3 5 8] [1 2 3 4 5 13] [1 2 3 5 7 13] [1 2 3 4 5 7 17] [1 2 3 4] [1 2 3 4 5 7 10 13] [1 2 7 13] [1 2 4 5 6 8] [1 2 3 4 5 7 8 10 13 17 52] [1 2 3] [1 2 3 4 5 13 52 58] [1 2 3 4 5 7 8 10 13 52] [1 2 4 5 7 9 10] [1 5] [1 2 3 4 5 7 8 13 52] [1 2 3 5 7 10 13 52] [1 2 3 4 5 7 10 17 43 58] [1 2 3 4 5 6] [1 13] [1 2 5 7 10 13 17 52] [1 2 3 5 13 52] [1 2 3 4 5 7 8 10 13 17 19] [1 2 3 4 5 7 8 9 10 11] [1 2 3 4 5 7 8 17] [1 2 3 4 5 6 7 8 9 13 52 58] [] [] [] [] [] [] [] [] [] [] [] [] [] [] [] [] [] [] [] [] [] [] [] [] [] [] [] [] [] [] [] [] [] [] [] [] [] [] [] [] [] [] [] [] [] [] [] [] [] [] [] [] [] [] [] [] [] [] [] [] [] [] [] [] [] [] [] [] [] [] [] [] [] [] [] [] [] [] [] [] [] [] [] [] [] [] [] [] [] [] [] [] [] [] [] [] [] [] [] [] [] [] [] [] [] [] [] [] [] [] [] [] [] [] [] []
202 [] [1 2 3 4 5 7 10] [1 2] [1 2 3 4 5 7 8 9 10 13 17] [1 2 4 5 7 8 9 10 13 17 43] [1 2 3 4 5 7] [1 2 3 4 5 10 13] [1 2 3 4 5 7 10 17] [1 2 3 4 5 8 13 52 58] [1 2 3 5 7 9] [1 2 3 5] [1 2 3 4 5 6 8 13] [1 2 3 4 5 6 7] [1 2 4 5 6 8 11] [1 2 3 5 7 8] [1 2 3 5 7 10 13] [1 2 5 7] [1 2 4 5 7] [1 2 3 4 5 7 8 10 13] [1 2 3 5 8 10 13 19 52] [1 2 3 4 5] [1 2 4 5] [1 2 3 4 5 8] [1 2 3 5 7] [1 2 3 4 5 7 8 10] [1 2 3 5 7 10] [1 2 3 4 5 7 8 13] [1 2 5] [1 2 3 4 5 7 13] [1 2 4 5 7 13] [1 2 3 5 8 10 13] [1 2 3 5 7 8 10 19] [1 2 4 5 8] [1 2 3 4 5 8 10 19] [1 2 3 4 5 7 8] [1 2 3 5 10] [1 2 3 4 5 8 13 17] [1 2 3 5 13] [1 2 3 4 5 7 10 13 17 52] [1 2 3 4 5 7 13 52] [1 2 4 5 7 13 52] [1 2 3 4 5 7 8 10 13 17] [1 2 3 5 7 8 10 13] [1 2 3 4 5 10] [1 2 3 4 5 7 8 13 17] [1 2 3 13] [1 2 3 4 5 7 8 10 13 17 24] [1 2 3 4 5 7 10 13 17] [1 2 5 7 10] [1 2 3 4 5 8 10 13 19 52 58] [1 2 3 4 5 8 10 13 17] [1 2 3 4 5 13 52] [1 2 3 4 5 8 10] [1 2 3 4 5 6 8 11 13 52 58] [1] [1 2 3 5 10 13] [1 5 27] [1 2 4 5 6 7 8 9 10 13] [1 2 3 4 5 7 8 9 13] [1 2 3 5 8] [1 2 3 4 5 13] [1 2 3 5 7 13] [1 2 3 4 5 7 17] [1 2 3 4] [1 2 3 4 5 7 10 13] [1 2 7 13] [1 2 4 5 6 8] [1 2 3 4 5 7 8 10 13 17 52] [1 2 3] [1 2 3 4 5 13 52 58] [1 2 3 4 5 7 8 10 13 52] [1 2 4 5 7 9 10] [1 5] [1 2 3 4 5 7 8 13 52] [1 2 3 5 7 10 13 52] [1 2 3 4 5 7 10 17 43 58] [1 2 3 4 5 6] [1 13] [1 2 5 7 10 13 17 52] [1 2 3 5 13 52] [1 2 3 4 5 7 8 10 13 17 19] [1 2 3 4 5 7 8 9 10 11] [1 2 3 4 5 7 8 17] [1 2 3 4 5 6 7 8 9 13 52 58] [] [] [] [] [] [] [] [] [] [] [] [] [] [] [] [] [] [] [] [] [] [] [] [] [] [] [] [] [] [] [] [] [] [] [] [] [] [] [] [] [] [] [] [] [] [] [] [] [] [] [] [] [] [] [] [] [] [] [] [] [] [] [] [] [] [] [] [] [] [] [] [] [] [] [] [] [] [] [] [] [] [] [] [] [] [] [] [] [] [] [] [] [] [] [] [] [] [] [] [] [] [] [] [] [] [] [] [] [] [] [] [] [] [] [] [] []
203 [] [1 2] [1 2 3 4 5 7 8 9 10 13 17] [1 2 4 5 7 8 9 10 13 17 43] [1 2 3 4 5 7] [1 2 3 4 5 10 13] [1 2 3 4 5 7 10 17] [1 2 3 4 5 8 13 52 58] [1 2 3 5 7 9] [1 2 3 5] [1 2 3 4 5 6 8 13] [1 2 3 4 5 6 7] [1 2 4 5 6 8 11] [1 2 3 5 7 8] [1 2 3 5 7 10 13] [1 2 5 7] [1 2 4 5 7] [1 2 3 4 5 7 8 10 13] [1 2 3 5 8 10 13 19 52] [1 2 3 4 5] [1 2 4 5] [1 2 3 4 5 8] [1 2 3 5 7] [1 2 3 4 5 7 8 10] [1 2 3 4 5 7 10] [1 2 3 5 7 10] [1 2 3 4 5 7 8 13] [1 2 5] [1 2 3 4 5 7 13] [1 2 4 5 7 13] [1 2 3 5 8 10 13] [1 2 3 5 7 8 10 19] [1 2 4 5 8] [1 2 3 4 5 8 10 19] [1 2 3 4 5 7 8] [1 2 3 5 10] [1 2 3 4 5 8 13 17] [1 2 3 5 13] [1 2 3 4 5 7 10 13 17 52] [1 2 3 4 5 7 13 52] [1 2 4 5 7 13 52] [1 2 3 4 5 7 8 10 13 17] [1 2 3 5 7 8 10 13] [1 2 3 4 5 10] [1 2 3 4 5 7 8 13 17] [1 2 3 13] [1 2 3 4 5 7 8 10 13 17 24] [1 2 3 4 5 7 10 13 17] [1 2 5 7 10] [1 2 3 4 5 8 10 13 19 52 58] [1 2 3 4 5 8 10 13 17] [1 2 3 4 5 13 52] [1 2 3 4 5 8 10] [1 2 3 4 5 6 8 11 13 52 58] [1] [1 2 3 5 10 13] [1 5 27] [1 2 4 5 6 7 8 9 10 13] [1 2 3 4 5 7 8 9 13] [1 2 3 5 8] [1 2 3 4 5 13] [1 2 3 5 7 13] [1 2 3 4 5 7 17] [1 2 3 4] [1 2 3 4 5 7 10 13] [1 2 7 13] [1 2 4 5 6 8] [1 2 3 4 5 7 8 10 13 17 52] [1 2 3] [1 2 3 4 5 13 52 58] [1 2 3 4 5 7 8 10 13 52] [1 2 4 5 7 9 10] [1 5] [1 2 3 4 5 7 8 13 52] [1 2 3 5 7 10 13 52] [1 2 3 4 5 7 10 17 43 58] [1 2 3 4 5 6] [1 13] [1 2 5 7 10 13 17 52] [1 2 3 5 13 52] [1 2 3 4 5 7 8 10 13 17 19] [1 2 3 4 5 7 8 9 10 11] [1 2 3 4 5 7 8 17] [1 2 3 4 5 6 7 8 9 13 52 58] [] [] [] [] [] [] [] [] [] [] [] [] [] [] [] [] [] [] [] [] [] [] [] [] [] [] [] [] [] [] [] [] [] [] [] [] [] [] [] [] [] [] [] [] [] [] [] [] [] [] [] [] [] [] [] [] [] [] [] [] [] [] [] [] [] [] [] [] [] [] [] [] [] [] [] [] [] [] [] [] [] [] [] [] [] [] [] [] [] [] [] [] [] [] [] [] [] [] [] [] [] [] [] [] [] [] [] [] [] [] [] [] [] [] [] [] []
204 [] [1 2] [1 2 3 4 5 7 8 9 10 13 17] [1 2 4 5 7 8 9 10 13 17 43] [1 2 3 4 5 7] [1 2 3 4 5 10 13] [1 2 3 4 5 7 10 17] [1 2 3 4 5 8 13 52 58] [1 2 3 5 7 9] [1 2 3 5] [1 2 3 4 5 6 8 13] [1 2 3 4 5 6 7] [1 2 4 5 6 8 11] [1 2 3 5 7 8] [1 2 3 5 7 10 13] [1 2 5 7] [1 2 4 5 7] [1 2 3 4 5 7 8 10 13] [1 2 3 5 8 10 13 19 52] [1 2 3 4 5] [1 2 4 5] [1 2 3 4 5 8] [1 2 3 5 7] [1 2 3 4 5 7 8 10] [1 2 3 4 5 7 10] [1 2 3 5 7 10] [1 2 3 4 5 7 8 13] [1 2 5] [1 2 3 4 5 7 13] [1 2 4 5 7 13] [1 2 3 5 8 10 13] [1 2 3 5 7 8 10 19] [1 2 4 5 8] [1 2 3 4 5 8 10 19] [1 2 3 4 5 7 8] [1 2 3 5 10] [1 2 3 4 5 8 13 17] [1 2 3 5 13] [1 2 3 4 5 7 10 13 17 52] [1 2 3 4 5 7 13 52] [1 2 4 5 7 13 52] [1 2 3 4 5 7 8 10 13 17] [1 2 3 5 7 8 10 13] [1 2 3 4 5 10] [1 2 3 4 5 7 8 13 17] [1 2 3 13] [1 2 3 4 5 7 8 10 13 17 24] [1 2 3 4 5 7 10 13 17] [1 2 5 7 10] [1 2 3 4 5 8 10 13 19 52 58] [1 2 3 4 5 8 10 13 17] [1 2 3 4 5 13 52] [1 2 3 4 5 8 10] [1 2 3 4 5 6 8 11 13 52 58] [1] [1 2 3 5 10 13] [1 5 27] [1 2 4 5 6 7 8 9 10 13] [1 2 3 4 5 7 8 9 13] [1 2 3 5 8] [1 2 3 4 5 13] [1 2 3 5 7 13] [1 2 3 4 5 7 17] [1 2 3 4] [1 2 3 4 5 7 10 13] [1 2 7 13] [1 2 4 5 6 8] [1 2 3 4 5 7 8 10 13 17 52] [1 2 3] [1 2 3 4 5 13 52 58] [1 2 3 4 5 7 8 10 13 52] [1 2 4 5 7 9 10] [1 5] [1 2 3 4 5 7 8 13 52] [1 2 3 5 7 10 13 52] [1 2 3 4 5 7 10 17 43 58] [1 2 3 4 5 6] [1 13] [1 2 5 7 10 13 17 52] [1 2 3 5 13 52] [1 2 3 4 5 7 8 10 13 17 19] [1 2 3 4 5 7 8 9 10 11] [1 2 3 4 5 7 8 17] [1 2 3 4 5 6 7 8 9 13 52 58] [] [] [] [] [] [] [] [] [] [] [] [] [] [] [] [] [] [] [] [] [] [] [] [] [] [] [] [] [] [] [] [] [] [] [] [] [] [] [] [] [] [] [] [] [] [] [] [] [] [] [] [] [] [] [] [] [] [] [] [] [] [] [] [] [] [] [] [] [] [] [] [] [] [] [] [] [] [] [] [] [] [] [] [] [] [] [] [] [] [] [] [] [] [] [] [] [] [] [] [] [] [] [] [] [] [] [] [] [] [] [] [] [] [] [] [] []
205 [] [1 2 3 4 5 7 8 9 10 13 17] [1 2 3 4 5 6 7 8 10 13] [1 2 4 5 7 8 9 10 13 17 43] [1 2 3 4 5 7] [1 2 3 4 5 10 13] [1 2 3 4 5 7 10 17] [1 2 3 4 5 8 13 52 58] [1 2 3 5 7 9] [1 2 3 5] [1 2 3 4 5 6 8 13] [1 2 3 4 5 6 7] [1 2 4 5 6 8 11] [1 2 3 5 7 8] [1 2 3 5 7 10 13] [1 2 5 7] [1 2 4 5 7] [1 2 3 4 5 7 8 10 13] [1 2 3 5 8 10 13 19 52] [1 2 3 4 5] [1 2 4 5] [1 2 3 4 5 8] [1 2 3 5 7] [1 2 3 4 5 7 8 10] [1 2 3 4 5 7 10] [1 2 3 5 7 10] [1 2 3 4 5 7 8 13] [1 2 5] [1 2 3 4 5 7 13] [1 2 4 5 7 13] [1 2 3 5 8 10 13] [1 2 3 5 7 8 10 19] [1 2 4 5 8] [1 2 3 4 5 8 10 19] [1 2 3 4 5 7 8] [1 2 3 5 10] [1 2 3 4 5 8 13 17] [1 2 3 5 13] [1 2 3 4 5 7 10 13 17 52] [1 2 3 4 5 7 13 52] [1 2 4 5 7 13 52] [1 2 3 4 5 7 8 10 13 17] [1 2 3 5 7 8 10 13] [1 2 3 4 5 10] [1 2 3 4 5 7 8 13 17] [1 2 3 13] [1 2 3 4 5 7 8 10 13 17 24] [1 2 3 4 5 7 10 13 17] [1 2 5 7 10] [1 2 3 4 5 8 10 13 19 52 58] [1 2] [1 2 3 4 5 8 10 13 17] [1 2 3 4 5 13 52] [1 2 3 4 5 8 10] [1 2 3 4 5 6 8 11 13 52 58] [1] [1 2 3 5 10 13] [1 5 27] [1 2 4 5 6 7 8 9 10 13] [1 2 3 4 5 7 8 9 13] [1 2 3 5 8] [1 2 3 4 5 13] [1 2 3 5 7 13] [1 2 3 4 5 7 17] [1 2 3 4] [1 2 3 4 5 7 10 13] [1 2 7 13] [1 2 4 5 6 8] [1 2 3 4 5 7 8 10 13 17 52] [1 2 3] [1 2 3 4 5 13 52 58] [1 2 3 4 5 7 8 10 13 52] [1 2 4 5 7 9 10] [1 5] [1 2 3 4 5 7 8 13 52] [1 2 3 5 7 10 13 52] [1 2 3 4 5 7 10 17 43 58] [1 2 3 4 5 6] [1 13] [1 2 5 7 10 13 17 52] [1 2 3 5 13 52] [1 2 3 4 5 7 8 10 13 17 19] [1 2 3 4 5 7 8 9 10 11] [1 2 3 4 5 7 8 17] [1 2 3 4 5 6 7 8 9 13 52 58] [] [] [] [] [] [] [] [] [] [] [] [] [] [] [] [] [] [] [] [] [] [] [] [] [] [] [] [] [] [] [] [] [] [] [] [] [] [] [] [] [] [] [] [] [] [] [] [] [] [] [] [] [] [] [] [] [] [] [] [] [] [] [] [] [] [] [] [] [] [] [] [] [] [] [] [] [] [] [] [] [] [] [] [] [] [] [] [] [] [] [] [] [] [] [] [] [] [] [] [] [] [] [] [] [] [] [] [] [] [] [] [] [] [] [] []
206 [] [1 2 3 4 5 6 7 8 10 13] [1 2 4 5 7 8 9 10 13 17 43] [1 2 3 4 5 7] [1 2 3 4 5 10 13] [1 2 3 4 5 7 10 17] [1 2 3 4 5 8 13 52 58] [1 2 3 5 7 9] [1 2 3 5] [1 2 3 4 5 6 8 13] [1 2 3 4 5 6 7] [1 2 4 5 6 8 11] [1 2 3 5 7 8] [1 2 3 5 7 10 13] [1 2 5 7] [1 2 4 5 7] [1 2 3 4 5 7 8 10 13] [1 2 3 5 8 10 13 19 52] [1 2 3 4 5] [1 2 4 5] [1 2 3 4 5 8] [1 2 3 5 7] [1 2 3 4 5 7 8 10] [1 2 3 4 5 7 10] [1 2 3 5 7 10] [1 2 3 4 5 7 8 13] [1 2 5] [1 2 3 4 5 7 13] [1 2 4 5 7 13] [1 2 3 5 8 10 13] [1 2 3 5 7 8 10 19] [1 2 4 5 8] [1 2 3 4 5 8 10 19] [1 2 3 4 5 7 8] [1 2 3 5 10] [1 2 3 4 5 8 13 17] [1 2 3 5 13] [1 2 3 4 5 7 10 13 17 52] [1 2 3 4 5 7 13 52] [1 2 4 5 7 13 52] [1 2 3 4 5 7 8 10 13 17] [1 2 3 5 7 8 10 13] [1 2 3 4 5 10] [1 2 3 4 5 7 8 13 17] [1 2 3 13] [1 2 3 4 5 7 8 10 13 17 24] [1 2 3 4 5 7 10 13 17] [1 2 5 7 10] [1 2 3 4 5 8 10 13 19 52 58] [1 2] [1 2 3 4 5 8 10 13 17] [1 2 3 4 5 13 52] [1 2 3 4 5 8 10] [1 2 3 4 5 6 8 11 13 52 58] [1] [1 2 3 5 10 13] [1 5 27] [1 2 4 5 6 7 8 9 10 13] [1 2 3 4 5 7 8 9 13] [1 2 3 5 8] [1 2 3 4 5 13] [1 2 3 5 7 13] [1 2 3 4 5 7 17] [1 2 3 4] [1 2 3 4 5 7 10 13] [1 2 7 13] [1 2 4 5 6 8] [1 2 3 4 5 7 8 10 13 17 52] [1 2 3] [1 2 3 4 5 13 52 58] [1 2 3 4 5 7 8 10 13 52] [1 2 4 5 7 9 10] [1 5] [1 2 3 4 5 7 8 13 52] [1 2 3 5 7 10 13 52] [1 2 3 4 5 7 10 17 43 58] [1 2 3 4 5 6] [1 13] [1 2 5 7 10 13 17 52] [1 2 3 5 13 52] [1 2 3 4 5 7 8 10 13 17 19] [1 2 3 4 5 7 8 9 10 11] [1 2 3 4 5 7 8 17] [1 2 3 4 5 6 7 8 9 13 52 58] [] [] [] [] [] [] [] [] [] [] [] [] [] [] [] [] [] [] [] [] [] [] [] [] [] [] [] [] [] [] [] [] [] [] [] [] [] [] [] [] [] [] [] [] [] [] [] [] [] [] [] [] [] [] [] [] [] [] [] [] [] [] [] [] [] [] [] [] [] [] [] [] [] [] [] [] [] [] [] [] [] [] [] [] [] [] [] [] [] [] [] [] [] [] [] [] [] [] [] [] [] [] [] [] [] [] [] [] [] [] [] [] [] [] [] [] []
207 [] [1 2 4 5 7 8 9 10 13 17 43] [1 2 3 4 5 7] [1 2 3 4 5 10 13] [1 2 3 4 5 7 10 17] [1 2 3 4 5 8 13 52 58] [1 2 3 5 7 9] [1 2 3 5] [1 2 3 4 5 6 8 13] [1 2 3 4 5 6 7] [1 2 4 5 6 8 11] [1 2 3 5 7 8] [1 2 3 5 7 10 13] [1 2 5 7] [1 2 4 5 7] [1 2 3 4 5 7 8 10 13] [1 2 3 5 8 10 13 19 52] [1 2 3 4 5] [1 2 4 5] [1 2 3 4 5 8] [1 2 3 5 7] [1 2 3 4 5 7 8 10] [1 2 3 4 5 7 10] [1 2 3 5 7 10] [1 2 3 4 5 7 8 13] [1 2 5] [1 2 3 4 5 7 13] [1 2 4 5 7 13] [1 2 3 5 8 10 13] [1 2 3 5 7 8 10 19] [1 2 4 5 8] [1 2 3 4 5 8 10 19] [1 2 3 4 5 7 8] [1 2 3 5 10] [1 2 3 4 5 8 13 17] [1 2 3 5 13] [1 2 3 4 5 7 10 13 17 52] [1 2 3 4 5 7 13 52] [1 2 4 5 7 13 52] [1 2 3 4 5 7 8 10 13 17] [1 2 3 5 7 8 10 13] [1 2 3 4 5 10] [1 2 3 4 5 7 8 13 17] [1 2 3 13] [1 2 3 4 5 7 8 10 13 17 24] [1 2 3 4 5 7 10 13 17] [1 2 5 7 10] [1 2 3 4 5 8 10 13 19 52 58] [1 2] [1 2 3 4 5 8 10 13 17] [1 2 3 4 5 13 52] [1 2 3 4 5 8 10] [1 2 3 4 5 6 8 11 13 52 58] [1] [1 2 3 5 10 13] [1 5 27] [1 2 4 5 6 7 8 9 10 13] [1 2 3 4 5 7 8 9 13] [1 2 3 5 8] [1 2 3 4 5 13] [1 2 3 5 7 13] [1 2 3 4 5 7 17] [1 2 3 4] [1 2 3 4 5 7 10 13] [1 2 7 13] [1 2 4 5 6 8] [1 2 3 4 5 7 8 10 13 17 52] [1 2 3] [1 2 3 4 5 13 52 58] [1 2 3 4 5 7 8 10 13 52] [1 2 4 5 7 9 10] [1 5] [1 2 3 4 5 7 8 13 52] [1 2 3 5 7 10 13 52] [1 2 3 4 5 7 10 17 43 58] [1 2 3 4 5 6] [1 13] [1 2 5 7 10 13 17 52] [1 2 3 5 13 52] [1 2 3 4 5 7 8 10 13 17 19] [1 2 3 4 5 7 8 9 10 11] [1 2 3 4 5 7 8 17] [1 2 3 4 5 6 7 8 9 13 52 58] [] [] [] [] [] [] [] [] [] [] [] [] [] [] [] [] [] [] [] [] [] [] [] [] [] [] [] [] [] [] [] [] [] [] [] [] [] [] [] [] [] [] [] [] [] [] [] [] [] [] [] [] [] [] [] [] [] [] [] [] [] [] [] [] [] [] [] [] [] [] [] [] [] [] [] [] [] [] [] [] [] [] [] [] [] [] [] [] [] [] [] [] [] [] [] [] [] [] [] [] [] [] [] [] [] [] [] [] [] [] [] [] [] [] [] [] [] []
208 [] [1 2 3 4 5 7] [1 2 3 4 5 10 13] [1 2 3 4 5 7 10 17] [1 2 3 4 5 8 13 52 58] [1 2 3 5 7 9] [1 2 3 5] [1 2 3 4 5 6 8 13] [1 2 3 4 5 6 7] [1 2 4 5 6 8 11] [1 2 3 5 7 8] [1 2 3 5 7 10 13] [1 2 5 7] [1 2 4 5 7] [1 2 3 4 5 7 8 10 13] [1 2 3 5 8 10 13 19 52] [1 2 3 4 5] [1 2 4 5] [1 2 3 4 5 8] [1 2 3 5 7] [1 2 3 4 5 7 8 10] [1 2 3 4 5 7 10] [1 2 3 5 7 10] [1 2 3 4 5 7 8 13] [1 2 5] [1 2 3 4 5 7 13] [1 2 4 5 7 13] [1 2 3 5 8 10 13] [1 2 3 5 7 8 10 19] [1 2 4 5 8] [1 2 3 4 5 8 10 19] [1 2 3 4 5 7 8] [1 2 3 5 10] [1 2 3 4 5 8 13 17] [1 2 3 5 13] [1 2 3 4 5 7 10 13 17 52] [1 2 3 4 5 7 13 52] [1 2 4 5 7 13 52] [1 2 3 4 5 7 8 10 13 17] [1 2 3 5 7 8 10 13] [1 2 3 4 5 10] [1 2 3 4 5 7 8 13 17] [1 2 3 13] [1 2 3 4 5 7 8 10 13 17 24] [1 2 3 4 5 7 10 13 17] [1 2 5 7 10] [1 2 3 4 5 8 10 13 19 52 58] [1 2] [1 2 3 4 5 8 10 13 17] [1 2 3 4 5 13 52] [1 2 3 4 5 8 10] [1 2 3 4 5 6 8 11 13 52 58] [1] [1 2 3 5 10 13] [1 5 27] [1 2 4 5 6 7 8 9 10 13] [1 2 3 4 5 7 8 9 13] [1 2 3 5 8] [1 2 3 4 5 13] [1 2 3 5 7 13] [1 2 3 4 5 7 17] [1 2 3 4] [1 2 3 4 5 7 10 13] [1 2 7 13] [1 2 4 5 6 8] [1 2 3 4 5 7 8 10 13 17 52] [1 2 3] [1 2 3 4 5 13 52 58] [1 2 3 4 5 7 8 10 13 52] [1 2 4 5 7 9 10] [1 5] [1 2 3 4 5 7 8 13 52] [1 2 3 5 7 10 13 52] [1 2 3 4 5 7 10 17 43 58] [1 2 3 4 5 6] [1 13] [1 2 5 7 10 13 17 52] [1 2 3 5 13 52] [1 2 3 4 5 7 8 10 13 17 19] [1 2 3 4 5 7 8 9 10 11] [1 2 3 4 5 7 8 17] [1 2 3 4 5 6 7 8 9 13 52 58] [] [] [] [] [] [] [] [] [] [] [] [] [] [] [] [] [] [] [] [] [] [] [] [] [] [] [] [] [] [] [] [] [] [] [] [] [] [] [] [] [] [] [] [] [] [] [] [] [] [] [] [] [] [] [] [] [] [] [] [] [] [] [] [] [] [] [] [] [] [] [] [] [] [] [] [] [] [] [] [] [] [] [] [] [] [] [] [] [] [] [] [] [] [] [] [] [] [] [] [] [] [] [] [] [] [] [] [] [] [] [] [] [] [] [] [] [] [] []
209 [] [1 2 3 4 5 10 13] [1 2 3 4 5 7 10 17] [1 2 3 4 5 8 13 52 58] [1 2 3 5 7 9] [1 2 3 5] [1 2 3 4 5 6 8 13] [1 2 3 4 5 6 7] [1 2 3 4 5 7] [1 2 4 5 6 8 11] [1 2 3 5 7 8] [1 2 3 5 7 10 13] [1 2 5 7] [1 2 4 5 7] [1 2 3 4 5 7 8 10 13] [1 2 3 5 8 10 13 19 52] [1 2 3 4 5] [1 2 4 5] [1 2 3 4 5 8] [1 2 3 5 7] [1 2 3 4 5 7 8 10] [1 2 3 4 5 7 10] [1 2 3 5 7 10] [1 2 3 4 5 7 8 13] [1 2 5] [1 2 3 4 5 7 13] [1 2 4 5 7 13] [1 2 3 5 8 10 13] [1 2 3 5 7 8 10 19] [1 2 4 5 8] [1 2 3 4 5 8 10 19] [1 2 3 4 5 7 8] [1 2 3 5 10] [1 2 3 4 5 8 13 17] [1 2 3 5 13] [1 2 3 4 5 7 10 13 17 52] [1 2 3 4 5 7 13 52] [1 2 4 5 7 13 52] [1 2 3 4 5 7 8 10 13 17] [1 2 3 5 7 8 10 13] [1 2 3 4 5 10] [1 2 3 4 5 7 8 13 17] [1 2 3 13] [1 2 3 4 5 7 8 10 13 17 24] [1 2 3 4 5 7 10 13 17] [1 2 5 7 10] [1 2 3 4 5 8 10 13 19 52 58] [1 2] [1 2 3 4 5 8 10 13 17] [1 2 3 4 5 13 52] [1 2 3 4 5 8 10] [1 2 3 4 5 6 8 11 13 52 58] [1] [1 2 3 5 10 13] [1 5 27] [1 2 4 5 6 7 8 9 10 13] [1 2 3 4 5 7 8 9 13] [1 2 3 5 8] [1 2 3 4 5 13] [1 2 3 5 7 13] [1 2 3 4 5 7 17] [1 2 3 4] [1 2 3 4 5 7 10 13] [1 2 7 13] [1 2 4 5 6 8] [1 2 3 4 5 7 8 10 13 17 52] [1 2 3] [1 2 3 4 5 13 52 58] [1 2 3 4 5 7 8 10 13 52] [1 2 4 5 7 9 10] [1 5] [1 2 3 4 5 7 8 13 52] [1 2 3 5 7 10 13 52] [1 2 3 4 5 7 10 17 43 58] [1 2 3 4 5 6] [1 13] [1 2 5 7 10 13 17 52] [1 2 3 5 13 52] [1 2 3 4 5 7 8 10 13 17 19] [1 2 3 4 5 7 8 9 10 11] [1 2 3 4 5 7 8 17] [1 2 3 4 5 6 7 8 9 13 52 58] [] [] [] [] [] [] [] [] [] [] [] [] [] [] [] [] [] [] [] [] [] [] [] [] [] [] [] [] [] [] [] [] [] [] [] [] [] [] [] [] [] [] [] [] [] [] [] [] [] [] [] [] [] [] [] [] [] [] [] [] [] [] [] [] [] [] [] [] [] [] [] [] [] [] [] [] [] [] [] [] [] [] [] [] [] [] [] [] [] [] [] [] [] [] [] [] [] [] [] [] [] [] [] [] [] [] [] [] [] [] [] [] [] [] [] [] [] [] []
210 [] [1 2 3 4 5 10 13] [1 2 3 4 5 7 10 17] [1 2 3 4 5 8 13 52 58] [1 2 3 5 7 9] [1 2 3 5] [1 2 3 4 5 6 8 13] [1 2 3 4 5 6 7] [1 2 3 4 5 7] [1 2 4 5 6 8 11] [1 2 3 5 7 8] [1 2 3 5 7 10 13] [1 2 5 7] [1 2 4 5 7] [1 2 3 4 5 7 8 10 13] [1 2 3 5 8 10 13 19 52] [1 2 3 4 5] [1 2 4 5] [1 2 3 4 5 8] [1 2 3 5 7] [1 2 3 4 5 7 8 10] [1 2 3 4 5 7 10] [1 2 3 5 7 10] [1 2 3 4 5 7 8 13] [1 2 5] [1 2 3 4 5 7 13] [1 2 4 5 7 13] [1 2 3 5 8 10 13] [1 2 3 5 7 8 10 19] [1 2 4 5 8] [1 2 3 4 5 8 10 19] [1 2 3 4 5 7 8] [1 2 3 5 10] [1 2 3 4 5 8 13 17] [1 2 3 5 13] [1 2 3 4 5 7 10 13 17 52] [1 2 3 4 5 7 13 52] [1 2 4 5 7 13 52] [1 2 3 4 5 7 8 10 13 17] [1 2 3 5 7 8 10 13] [1 2 3 4 5 10] [1 2 3 4 5 7 8 13 17] [1 2 3 13] [1 2 3 4 5 7 8 10 13 17 24] [1 2 3 4 5 7 10 13 17] [1 2 5 7 10] [1 2 3 4 5 8 10 13 19 52 58] [1 2] [1 2 3 4 5 8 10 13 17] [1 2 3 4 5 13 52] [1 2 3 4 5 8 10] [1 2 3 4 5 6 8 11 13 52 58] [1] [1 2 3 5 10 13] [1 5 27] [1 2 4 5 6 7 8 9 10 13] [1 2 3 4 5 7 8 9 13] [1 2 3 5 8] [1 2 3 4 5 13] [1 2 3 5 7 13] [1 2 3 4 5 7 17] [1 2 3 4] [1 2 3 4 5 7 10 13] [1 2 7 13] [1 2 4 5 6 8] [1 2 3 4 5 7 8 10 13 17 52] [1 2 3] [1 2 3 4 5 13 52 58] [1 2 3 4 5 7 8 10 13 52] [1 2 4 5 7 9 10] [1 5] [1 2 3 4 5 7 8 13 52] [1 2 3 5 7 10 13 52] [1 2 3 4 5 7 10 17 43 58] [1 2 3 4 5 6] [1 13] [1 2 5 7 10 13 17 52] [1 2 3 5 13 52] [1 2 3 4 5 7 8 10 13 17 19] [1 2 3 4 5 7 8 9 10 11] [1 2 3 4 5 7 8 17] [1 2 3 4 5 6 7 8 9 13 52 58] [] [] [] [] [] [] [] [] [] [] [] [] [] [] [] [] [] [] [] [] [] [] [] [] [] [] [] [] [] [] [] [] [] [] [] [] [] [] [] [] [] [] [] [] [] [] [] [] [] [] [] [] [] [] [] [] [] [] [] [] [] [] [] [] [] [] [] [] [] [] [] [] [] [] [] [] [] [] [] [] [] [] [] [] [] [] [] [] [] [] [] [] [] [] [] [] [] [] [] [] [] [] [] [] [] [] [] [] [] [] [] [] [] [] [] [] [] [] []
211 [] [1 2 3 4 5 7 10 17] [1 2 3 4 5 8 13 52 58] [1 2 3 5 7 9] [1 2 3 5] [1 2 3 4 5 6 8 13] [1 2 3 4 5 6 7] [1 2 3 4 5 7] [1 2 4 5 6 8 11] [1 2 3 5 7 8] [1 2 3 5 7 10 13] [1 2 5 7] [1 2 4 5 7] [1 2 3 4 5 7 8 10 13] [1 2 3 5 8 10 13 19 52] [1 2 3 4 5] [1 2 4 5] [1 2 3 4 5 8] [1 2 3 5 7] [1 2 3 4 5 7 8 10] [1 2 3 4 5 7 10] [1 2 3 5 7 10] [1 2 3 4 5 7 8 13] [1 2 5] [1 2 3 4 5 7 13] [1 2 4 5 7 13] [1 2 3 5 8 10 13] [1 2 3 5 7 8 10 19] [1 2 4 5 8] [1 2 3 4 5 8 10 19] [1 2 3 4 5 7 8] [1 2 3 5 10] [1 2 3 4 5 8 13 17] [1 2 3 5 13] [1 2 3 4 5 7 10 13 17 52] [1 2 3 4 5 7 13 52] [1 2 4 5 7 13 52] [1 2 3 4 5 7 8 10 13 17] [1 2 3 5 7 8 10 13] [1 2 3 4 5 10] [1 2 3 4 5 7 8 13 17] [1 2 3 13] [1 2 3 4 5 7 8 10 13 17 24] [1 2 3 4 5 7 10 13 17] [1 2 5 7 10] [1 2 3 4 5 10 13] [1 2 3 4 5 8 10 13 19 52 58] [1 2] [1 2 3 4 5 8 10 13 17] [1 2 3 4 5 13 52] [1 2 3 4 5 8 10] [1 2 3 4 5 6 8 11 13 52 58] [1] [1 2 3 5 10 13] [1 5 27] [1 2 4 5 6 7 8 9 10 13] [1 2 3 4 5 7 8 9 13] [1 2 3 5 8] [1 2 3 4 5 13] [1 2 3 5 7 13] [1 2 3 4 5 7 17] [1 2 3 4] [1 2 3 4 5 7 10 13] [1 2 7 13] [1 2 4 5 6 8] [1 2 3 4 5 7 8 10 13 17 52] [1 2 3] [1 2 3 4 5 13 52 58] [1 2 3 4 5 7 8 10 13 52] [1 2 4 5 7 9 10] [1 5] [1 2 3 4 5 7 8 13 52] [1 2 3 5 7 10 13 52] [1 2 3 4 5 7 10 17 43 58] [1 2 3 4 5 6] [1 13] [1 2 5 7 10 13 17 52] [1 2 3 5 13 52] [1 2 3 4 5 7 8 10 13 17 19] [1 2 3 4 5 7 8 9 10 11] [1 2 3 4 5 7 8 17] [1 2 3 4 5 6 7 8 9 13 52 58] [] [] [] [] [] [] [] [] [] [] [] [] [] [] [] [] [] [] [] [] [] [] [] [] [] [] [] [] [] [] [] [] [] [] [] [] [] [] [] [] [] [] [] [] [] [] [] [] [] [] [] [] [] [] [] [] [] [] [] [] [] [] [] [] [] [] [] [] [] [] [] [] [] [] [] [] [] [] [] [] [] [] [] [] [] [] [] [] [] [] [] [] [] [] [] [] [] [] [] [] [] [] [] [] [] [] [] [] [] [] [] [] [] [] [] [] [] [] []
212 [] [1 2 3 4 5 8 13 52 58] [1 2 3 5 7 9] [1 2 3 5] [1 2 3 4 5 6 8 13] [1 2 3 4 5 6 7] [1 2 3 4 5 7] [1 2 4 5 6 8 11] [1 2 3 5 7 8] [1 2 3 5 7 10 13] [1 2 5 7] [1 2 4 5 7] [1 2 3 4 5 7 8 10 13] [1 2 3 5 8 10 13 19 52] [1 2 3 4 5] [1 2 4 5] [1 2 3 4 5 8] [1 2 3 5 7] [1 2 3 4 5 7 8 10] [1 2 3 4 5 7 10] [1 2 3 5 7 10] [1 2 3 4 5 7 8 13] [1 2 5] [1 2 3 4 5 7 13] [1 2 4 5 7 13] [1 2 3 5 8 10 13] [1 2 3 5 7 8 10 19] [1 2 4 5 8] [1 2 3 4 5 8 10 19] [1 2 3 4 5 7 8] [1 2 3 5 10] [1 2 3 4 5 8 13 17] [1 2 3 5 13] [1 2 3 4 5 7 10 13 17 52] [1 2 3 4 5 7 13 52] [1 2 4 5 7 13 52] [1 2 3 4 5 7 8 10 13 17] [1 2 3 5 7 8 10 13] [1 2 3 4 5 10] [1 2 3 4 5 7 8 13 17] [1 2 3 13] [1 2 3 4 5 7 8 10 13 17 24] [1 2 3 4 5 7 10 13 17] [1 2 5 7 10] [1 2 3 4 5 10 13] [1 2 3 4 5 8 10 13 19 52 58] [1 2] [1 2 3 4 5 8 10 13 17] [1 2 3 4 5 13 52] [1 2 3 4 5 8 10] [1 2 3 4 5 6 8 11 13 52 58] [1] [1 2 3 5 10 13] [1 5 27] [1 2 4 5 6 7 8 9 10 13] [1 2 3 4 5 7 8 9 13] [1 2 3 5 8] [1 2 3 4 5 13] [1 2 3 5 7 13] [1 2 3 4 5 7 17] [1 2 3 4] [1 2 3 4 5 7 10 13] [1 2 3 4 5 7 10 17] [1 2 7 13] [1 2 4 5 6 8] [1 2 3 4 5 7 8 10 13 17 52] [1 2 3] [1 2 3 4 5 13 52 58] [1 2 3 4 5 7 8 10 13 52] [1 2 4 5 7 9 10] [1 5] [1 2 3 4 5 7 8 13 52] [1 2 3 5 7 10 13 52] [1 2 3 4 5 7 10 17 43 58] [1 2 3 4 5 6] [1 13] [1 2 5 7 10 13 17 52] [1 2 3 5 13 52] [1 2 3 4 5 7 8 10 13 17 19] [1 2 3 4 5 7 8 9 10 11] [1 2 3 4 5 7 8 17] [1 2 3 4 5 6 7 8 9 13 52 58] [] [] [] [] [] [] [] [] [] [] [] [] [] [] [] [] [] [] [] [] [] [] [] [] [] [] [] [] [] [] [] [] [] [] [] [] [] [] [] [] [] [] [] [] [] [] [] [] [] [] [] [] [] [] [] [] [] [] [] [] [] [] [] [] [] [] [] [] [] [] [] [] [] [] [] [] [] [] [] [] [] [] [] [] [] [] [] [] [] [] [] [] [] [] [] [] [] [] [] [] [] [] [] [] [] [] [] [] [] [] [] [] [] [] [] [] [] [] []
213 [] [1 2 3 5 7 9] [1 2 3 5] [1 2 3 4 5 6 8 13] [1 2 3 4 5 6 7] [1 2 3 4 5 7] [1 2 4 5 6 8 11] [1 2 3 5 7 8] [1 2 3 5 7 10 13] [1 2 5 7] [1 2 4 5 7] [1 2 3 4 5 7 8 10 13] [1 2 3 5 8 10 13 19 52] [1 2 3 4 5] [1 2 4 5] [1 2 3 4 5 8] [1 2 3 5 7] [1 2 3 4 5 7 8 10] [1 2 3 4 5 7 10] [1 2 3 5 7 10] [1 2 3 4 5 7 8 13] [1 2 5] [1 2 3 4 5 7 13] [1 2 4 5 7 13] [1 2 3 5 8 10 13] [1 2 3 5 7 8 10 19] [1 2 4 5 8] [1 2 3 4 5 8 10 19] [1 2 3 4 5 7 8] [1 2 3 5 10] [1 2 3 4 5 8 13 17] [1 2 3 5 13] [1 2 3 4 5 7 10 13 17 52] [1 2 3 4 5 7 13 52] [1 2 4 5 7 13 52] [1 2 3 4 5 7 8 10 13 17] [1 2 3 5 7 8 10 13] [1 2 3 4 5 10] [1 2 3 4 5 7 8 13 17] [1 2 3 13] [1 2 3 4 5 7 8 10 13 17 24] [1 2 3 4 5 7 10 13 17] [1 2 5 7 10] [1 2 3 4 5 10 13] [1 2 3 4 5 8 10 13 19 52 58] [1 2] [1 2 3 4 5 8 10 13 17] [1 2 3 4 5 13 52] [1 2 3 4 5 8 10] [1 2 3 4 5 6 8 11 13 52 58] [1] [1 2 3 5 10 13] [1 5 27] [1 2 4 5 6 7 8 9 10 13] [1 2 3 4 5 7 8 9 13] [1 2 3 5 8] [1 2 3 4 5 13] [1 2 3 5 7 13] [1 2 3 4 5 7 17] [1 2 3 4] [1 2 3 4 5 7 10 13] [1 2 3 4 5 7 10 17] [1 2 7 13] [1 2 4 5 6 8] [1 2 3 4 5 7 8 10 13 17 52] [1 2 3] [1 2 3 4 5 13 52 58] [1 2 3 4 5 7 8 10 13 52] [1 2 4 5 7 9 10] [1 5] [1 2 3 4 5 7 8 13 52] [1 2 3 5 7 10 13 52] [1 2 3 4 5 7 10 17 43 58] [1 2 3 4 5 6] [1 13] [1 2 5 7 10 13 17 52] [1 2 3 5 13 52] [1 2 3 4 5 7 8 10 13 17 19] [1 2 3 4 5 7 8 9 10 11] [1 2 3 4 5 7 8 17] [1 2 3 4 5 6 7 8 9 13 52 58] [] [] [] [] [] [] [] [] [] [] [] [] [] [] [] [] [] [] [] [] [] [] [] [] [] [] [] [] [] [] [] [] [] [] [] [] [] [] [] [] [] [] [] [] [] [] [] [] [] [] [] [] [] [] [] [] [] [] [] [] [] [] [] [] [] [] [] [] [] [] [] [] [] [] [] [] [] [] [] [] [] [] [] [] [] [] [] [] [] [] [] [] [] [] [] [] [] [] [] [] [] [] [] [] [] [] [] [] [] [] [] [] [] [] [] [] [] [] [] []
214 [] [1 2 3 5 7 9] [1 2 3 5] [1 2 3 4 5 6 8 13] [1 2 3 4 5 6 7] [1 2 3 4 5 7] [1 2 4 5 6 8 11] [1 2 3 5 7 8] [1 2 3 5 7 10 13] [1 2 5 7] [1 2 4 5 7] [1 2 3 4 5 7 8 10 13] [1 2 3 5 8 10 13 19 52] [1 2 3 4 5] [1 2 4 5] [1 2 3 4 5 8] [1 2 3 5 7] [1 2 3 4 5 7 8 10] [1 2 3 4 5 7 10] [1 2 3 5 7 10] [1 2 3 4 5 7 8 13] [1 2 5] [1 2 3 4 5 7 13] [1 2 4 5 7 13] [1 2 3 5 8 10 13] [1 2 3 5 7 8 10 19] [1 2 4 5 8] [1 2 3 4 5 8 10 19] [1 2 3 4 5 7 8] [1 2 3 5 10] [1 2 3 4 5 8 13 17] [1 2 3 5 13] [1 2 3 4 5 7 10 13 17 52] [1 2 3 4 5 7 13 52] [1 2 4 5 7 13 52] [1 2 3 4 5 7 8 10 13 17] [1 2 3 5 7 8 10 13] [1 2 3 4 5 10] [1 2 3 4 5 7 8 13 17] [1 2 3 13] [1 2 3 4 5 7 8 10 13 17 24] [1 2 3 4 5 7 10 13 17] [1 2 5 7 10] [1 2 3 4 5 10 13] [1 2 3 4 5 8 10 13 19 52 58] [1 2] [1 2 3 4 5 8 10 13 17] [1 2 3 4 5 13 52] [1 2 3 4 5 8 10] [1 2 3 4 5 6 8 11 13 52 58] [1] [1 2 3 5 10 13] [1 5 27] [1 2 4 5 6 7 8 9 10 13] [1 2 3 4 5 7 8 9 13] [1 2 3 5 8] [1 2 3 4 5 13] [1 2 3 5 7 13] [1 2 3 4 5 7 17] [1 2 3 4] [1 2 3 4 5 7 10 13] [1 2 3 4 5 7 10 17] [1 2 7 13] [1 2 4 5 6 8] [1 2 3 4 5 7 8 10 13 17 52] [1 2 3] [1 2 3 4 5 13 52 58] [1 2 3 4 5 7 8 10 13 52] [1 2 4 5 7 9 10] [1 5] [1 2 3 4 5 7 8 13 52] [1 2 3 5 7 10 13 52] [1 2 3 4 5 7 10 17 43 58] [1 2 3 4 5 6] [1 13] [1 2 5 7 10 13 17 52] [1 2 3 5 13 52] [1 2 3 4 5 7 8 10 13 17 19] [1 2 3 4 5 7 8 9 10 11] [1 2 3 4 5 7 8 17] [1 2 3 4 5 6 7 8 9 13 52 58] [] [] [] [] [] [] [] [] [] [] [] [] [] [] [] [] [] [] [] [] [] [] [] [] [] [] [] [] [] [] [] [] [] [] [] [] [] [] [] [] [] [] [] [] [] [] [] [] [] [] [] [] [] [] [] [] [] [] [] [] [] [] [] [] [] [] [] [] [] [] [] [] [] [] [] [] [] [] [] [] [] [] [] [] [] [] [] [] [] [] [] [] [] [] [] [] [] [] [] [] [] [] [] [] [] [] [] [] [] [] [] [] [] [] [] [] [] [] [] []
215 [] [1 2 3 5] [1 2 3 4 5 6 8 13] [1 2 3 4 5 6 7] [1 2 3 4 5 7] [1 2 4 5 6 8 11] [1 2 3 5 7 8] [1 2 3 5 7 10 13] [1 2 5 7] [1 2 4 5 7] [1 2 3 4 5 7 8 10 13] [1 2 3 5 8 10 13 19 52] [1 2 3 4 5] [1 2 4 5] [1 2 3 4 5 8] [1 2 3 5 7] [1 2 3 4 5 7 8 10] [1 2 3 4 5 7 10] [1 2 3 5 7 10] [1 2 3 4 5 7 8 13] [1 2 5] [1 2 3 4 5 7 13] [1 2 4 5 7 13] [1 2 3 5 8 10 13] [1 2 3 5 7 8 10 19] [1 2 4 5 8] [1 2 3 4 5 8 10 19] [1 2 3 4 5 7 8] [1 2 3 5 10] [1 2 3 4 5 8 13 17] [1 2 3 5 13] [1 2 3 4 5 7 10 13 17 52] [1 2 3 4 5 7 13 52] [1 2 4 5 7 13 52] [1 2 3 4 5 7 8 10 13 17] [1 2 3 5 7 8 10 13] [1 2 3 4 5 10] [1 2 3 4 5 7 8 13 17] [1 2 3 13] [1 2 3 4 5 7 8 10 13 17 24] [1 2 3 4 5 7 10 13 17] [1 2 5 7 10] [1 2 3 4 5 10 13] [1 2 3 4 5 8 10 13 19 52 58] [1 2] [1 2 3 4 5 8 10 13 17] [1 2 3 4 5 13 52] [1 2 3 4 5 8 10] [1 2 3 4 5 6 8 11 13 52 58] [1] [1 2 3 5 10 13] [1 5 27] [1 2 4 5 6 7 8 9 10 13] [1 2 3 4 5 7 8 9 13] [1 2 3 5 8] [1 2 3 4 5 13] [1 2 3 5 7 13] [1 2 3 4 5 7 17] [1 2 3 4] [1 2 3 4 5 7 10 13] [1 2 3 4 5 7 10 17] [1 2 7 13] [1 2 4 5 6 8] [1 2 3 4 5 7 8 10 13 17 52] [1 2 3] [1 2 3 4 5 13 52 58] [1 2 3 4 5 7 8 10 13 52] [1 2 4 5 7 9 10] [1 5] [1 2 3 4 5 7 8 13 52] [1 2 3 5 7 10 13 52] [1 2 3 4 5 7 10 17 43 58] [1 2 3 4 5 6] [1 13] [1 2 5 7 10 13 17 52] [1 2 3 5 13 52] [1 2 3 4 5 7 8 10 13 17 19] [1 2 3 4 5 7 8 9 10 11] [1 2 3 4 5 7 8 17] [1 2 3 4 5 6 7 8 9 13 52 58] [] [] [] [] [] [] [] [] [] [] [] [] [] [] [] [] [] [] [] [] [] [] [] [] [] [] [] [] [] [] [] [] [] [] [] [] [] [] [] [] [] [] [] [] [] [] [] [] [] [] [] [] [] [] [] [] [] [] [] [] [] [] [] [] [] [] [] [] [] [] [] [] [] [] [] [] [] [] [] [] [] [] [] [] [] [] [] [] [] [] [] [] [] [] [] [] [] [] [] [] [] [] [] [] [] [] [] [] [] [] [] [] [] [] [] [] [] [] [] [] []
216 [] [1 2 3 5] [1 2 3 4 5 6 8 13] [1 2 3 4 5 6 7] [1 2 3 4 5 7] [1 2 4 5 6 8 11] [1 2 3 5 7 8] [1 2 3 5 7 10 13] [1 2 5 7] [1 2 4 5 7] [1 2 3 4 5 7 8 10 13] [1 2 3 5 8 10 13 19 52] [1 2 3 4 5] [1 2 4 5] [1 2 3 4 5 8] [1 2 3 5 7] [1 2 3 4 5 7 8 10] [1 2 3 4 5 7 10] [1 2 3 5 7 10] [1 2 3 4 5 7 8 13] [1 2 5] [1 2 3 4 5 7 13] [1 2 4 5 7 13] [1 2 3 5 8 10 13] [1 2 3 5 7 8 10 19] [1 2 4 5 8] [1 2 3 4 5 8 10 19] [1 2 3 4 5 7 8] [1 2 3 5 10] [1 2 3 4 5 8 13 17] [1 2 3 5 13] [1 2 3 4 5 7 10 13 17 52] [1 2 3 4 5 7 13 52] [1 2 4 5 7 13 52] [1 2 3 4 5 7 8 10 13 17] [1 2 3 5 7 8 10 13] [1 2 3 4 5 10] [1 2 3 4 5 7 8 13 17] [1 2 3 13] [1 2 3 4 5 7 8 10 13 17 24] [1 2 3 4 5 7 10 13 17] [1 2 5 7 10] [1 2 3 4 5 10 13] [1 2 3 4 5 8 10 13 19 52 58] [1 2] [1 2 3 4 5 8 10 13 17] [1 2 3 4 5 13 52] [1 2 3 4 5 8 10] [1 2 3 4 5 6 8 11 13 52 58] [1] [1 2 3 5 10 13] [1 5 27] [1 2 4 5 6 7 8 9 10 13] [1 2 3 4 5 7 8 9 13] [1 2 3 5 8] [1 2 3 4 5 13] [1 2 3 5 7 13] [1 2 3 4 5 7 17] [1 2 3 4] [1 2 3 4 5 7 10 13] [1 2 3 4 5 7 10 17] [1 2 7 13] [1 2 4 5 6 8] [1 2 3 4 5 7 8 10 13 17 52] [1 2 3] [1 2 3 4 5 13 52 58] [1 2 3 4 5 7 8 10 13 52] [1 2 4 5 7 9 10] [1 5] [1 2 3 4 5 7 8 13 52] [1 2 3 5 7 10 13 52] [1 2 3 4 5 7 10 17 43 58] [1 2 3 4 5 6] [1 13] [1 2 5 7 10 13 17 52] [1 2 3 5 13 52] [1 2 3 4 5 7 8 10 13 17 19] [1 2 3 4 5 7 8 9 10 11] [1 2 3 4 5 7 8 17] [1 2 3 4 5 6 7 8 9 13 52 58] [] [] [] [] [] [] [] [] [] [] [] [] [] [] [] [] [] [] [] [] [] [] [] [] [] [] [] [] [] [] [] [] [] [] [] [] [] [] [] [] [] [] [] [] [] [] [] [] [] [] [] [] [] [] [] [] [] [] [] [] [] [] [] [] [] [] [] [] [] [] [] [] [] [] [] [] [] [] [] [] [] [] [] [] [] [] [] [] [] [] [] [] [] [] [] [] [] [] [] [] [] [] [] [] [] [] [] [] [] [] [] [] [] [] [] [] [] [] [] [] []
217 [] [1 2 3 4 5 6 8 13] [1 2 3 4 5 6 7] [1 2 3 4 5 7] [1 2 4 5 6 8 11] [1 2 3 5 7 8] [1 2 3 5 7 10 13] [1 2 5 7] [1 2 4 5 7] [1 2 3 4 5 7 8 10 13] [1 2 3 5 8 10 13 19 52] [1 2 3 4 5] [1 2 4 5] [1 2 3 4 5 8] [1 2 3 5 7] [1 2 3 4 5 7 8 10] [1 2 3 4 5 7 10] [1 2 3 5 7 10] [1 2 3 4 5 7 8 13] [1 2 5] [1 2 3 4 5 7 13] [1 2 4 5 7 13] [1 2 3 5 8 10 13] [1 2 3 5 7 8 10 19] [1 2 4 5 8] [1 2 3 4 5 8 10 19] [1 2 3 4 5 7 8] [1 2 3 5 10] [1 2 3 4 5 8 13 17] [1 2 3 5] [1 2 3 5 13] [1 2 3 4 5 7 10 13 17 52] [1 2 3 4 5 7 13 52] [1 2 4 5 7 13 52] [1 2 3 4 5 7 8 10 13 17] [1 2 3 5 7 8 10 13] [1 2 3 4 5 10] [1 2 3 4 5 7 8 13 17] [1 2 3 13] [1 2 3 4 5 7 8 10 13 17 24] [1 2 3 4 5 7 10 13 17] [1 2 5 7 10] [1 2 3 4 5 10 13] [1 2 3 4 5 8 10 13 19 52 58] [1 2] [1 2 3 4 5 8 10 13 17] [1 2 3 4 5 13 52] [1 2 3 4 5 8 10] [1 2 3 4 5 6 8 11 13 52 58] [1] [1 2 3 5 10 13] [1 5 27] [1 2 4 5 6 7 8 9 10 13] [1 2 3 4 5 7 8 9 13] [1 2 3 5 8] [1 2 3 4 5 13] [1 2 3 5 7 13] [1 2 3 4 5 7 17] [1 2 3 4] [1 2 3 4 5 7 10 13] [1 2 3 4 5 7 10 17] [1 2 7 13] [1 2 4 5 6 8] [1 2 3 4 5 7 8 10 13 17 52] [1 2 3] [1 2 3 4 5 13 52 58] [1 2 3 4 5 7 8 10 13 52] [1 2 4 5 7 9 10] [1 5] [1 2 3 4 5 7 8 13 52] [1 2 3 5 7 10 13 52] [1 2 3 4 5 7 10 17 43 58] [1 2 3 4 5 6] [1 13] [1 2 5 7 10 13 17 52] [1 2 3 5 13 52] [1 2 3 4 5 7 8 10 13 17 19] [1 2 3 4 5 7 8 9 10 11] [1 2 3 4 5 7 8 17] [1 2 3 4 5 6 7 8 9 13 52 58] [] [] [] [] [] [] [] [] [] [] [] [] [] [] [] [] [] [] [] [] [] [] [] [] [] [] [] [] [] [] [] [] [] [] [] [] [] [] [] [] [] [] [] [] [] [] [] [] [] [] [] [] [] [] [] [] [] [] [] [] [] [] [] [] [] [] [] [] [] [] [] [] [] [] [] [] [] [] [] [] [] [] [] [] [] [] [] [] [] [] [] [] [] [] [] [] [] [] [] [] [] [] [] [] [] [] [] [] [] [] [] [] [] [] [] [] [] [] [] [] []
218 [] [1 2 3 4 5 6 7] [1 2 3 4 5 7] [1 2 4 5 6 8 11] [1 2 3 5 7 8] [1 2 3 5 7 10 13] [1 2 5 7] [1 2 4 5 7] [1 2 3 4 5 7 8 10 13] [1 2 3 5 8 10 13 19 52] [1 2 3 4 5] [1 2 4 5] [1 2 3 4 5 8] [1 2 3 5 7] [1 2 3 4 5 7 8 10] [1 2 3 4 5 7 10] [1 2 3 5 7 10] [1 2 3 4 5 7 8 13] [1 2 5] [1 2 3 4 5 7 13] [1 2 4 5 7 13] [1 2 3 5 8 10 13] [1 2 3 5 7 8 10 19] [1 2 4 5 8] [1 2 3 4 5 8 10 19] [1 2 3 4 5 7 8] [1 2 3 5 10] [1 2 3 4 5 8 13 17] [1 2 3 5] [1 2 3 5 13] [1 2 3 4 5 7 10 13 17 52] [1 2 3 4 5 7 13 52] [1 2 4 5 7 13 52] [1 2 3 4 5 7 8 10 13 17] [1 2 3 5 7 8 10 13] [1 2 3 4 5 10] [1 2 3 4 5 7 8 13 17] [1 2 3 13] [1 2 3 4 5 7 8 10 13 17 24] [1 2 3 4 5 7 10 13 17] [1 2 5 7 10] [1 2 3 4 5 10 13] [1 2 3 4 5 8 10 13 19 52 58] [1 2] [1 2 3 4 5 8 10 13 17] [1 2 3 4 5 13 52] [1 2 3 4 5 8 10] [1 2 3 4 5 6 8 11 13 52 58] [1] [1 2 3 5 10 13] [1 5 27] [1 2 4 5 6 7 8 9 10 13] [1 2 3 4 5 7 8 9 13] [1 2 3 5 8] [1 2 3 4 5 13] [1 2 3 5 7 13] [1 2 3 4 5 7 17] [1 2 3 4] [1 2 3 4 5 7 10 13] [1 2 3 4 5 7 10 17] [1 2 7 13] [1 2 4 5 6 8] [1 2 3 4 5 7 8 10 13 17 52] [1 2 3] [1 2 3 4 5 13 52 58] [1 2 3 4 5 7 8 10 13 52] [1 2 4 5 7 9 10] [1 5] [1 2 3 4 5 7 8 13 52] [1 2 3 5 7 10 13 52] [1 2 3 4 5 7 10 17 43 58] [1 2 3 4 5 6] [1 13] [1 2 5 7 10 13 17 52] [1 2 3 5 13 52] [1 2 3 4 5 7 8 10 13 17 19] [1 2 3 4 5 7 8 9 10 11] [1 2 3 4 5 7 8 17] [1 2 3 4 5 6 7 8 9 13 52 58] [] [] [] [] [] [] [] [] [] [] [] [] [] [] [] [] [] [] [] [] [] [] [] [] [] [] [] [] [] [] [] [] [] [] [] [] [] [] [] [] [] [] [] [] [] [] [] [] [] [] [] [] [] [] [] [] [] [] [] [] [] [] [] [] [] [] [] [] [] [] [] [] [] [] [] [] [] [] [] [] [] [] [] [] [] [] [] [] [] [] [] [] [] [] [] [] [] [] [] [] [] [] [] [] [] [] [] [] [] [] [] [] [] [] [] [] [] [] [] [] [] []
219 [] [1 2 3 4 5 6 7] [1 2 3 4 5 7] [1 2 4 5 6 8 11] [1 2 3 5 7 8] [1 2 3 5 7 10 13] [1 2 5 7] [1 2 4 5 7] [1 2 3 4 5 7 8 10 13] [1 2 3 5 8 10 13 19 52] [1 2 3 4 5] [1 2 4 5] [1 2 3 4 5 8] [1 2 3 5 7] [1 2 3 4 5 7 8 10] [1 2 3 4 5 7 10] [1 2 3 5 7 10] [1 2 3 4 5 7 8 13] [1 2 5] [1 2 3 4 5 7 13] [1 2 4 5 7 13] [1 2 3 5 8 10 13] [1 2 3 5 7 8 10 19] [1 2 4 5 8] [1 2 3 4 5 8 10 19] [1 2 3 4 5 7 8] [1 2 3 5 10] [1 2 3 4 5 8 13 17] [1 2 3 5] [1 2 3 5 13] [1 2 3 4 5 7 10 13 17 52] [1 2 3 4 5 7 13 52] [1 2 4 5 7 13 52] [1 2 3 4 5 7 8 10 13 17] [1 2 3 5 7 8 10 13] [1 2 3 4 5 10] [1 2 3 4 5 7 8 13 17] [1 2 3 13] [1 2 3 4 5 7 8 10 13 17 24] [1 2 3 4 5 7 10 13 17] [1 2 5 7 10] [1 2 3 4 5 10 13] [1 2 3 4 5 8 10 13 19 52 58] [1 2] [1 2 3 4 5 8 10 13 17] [1 2 3 4 5 13 52] [1 2 3 4 5 8 10] [1 2 3 4 5 6 8 11 13 52 58] [1] [1 2 3 5 10 13] [1 5 27] [1 2 4 5 6 7 8 9 10 13] [1 2 3 4 5 7 8 9 13] [1 2 3 5 8] [1 2 3 4 5 13] [1 2 3 5 7 13] [1 2 3 4 5 7 17] [1 2 3 4] [1 2 3 4 5 7 10 13] [1 2 3 4 5 7 10 17] [1 2 7 13] [1 2 4 5 6 8] [1 2 3 4 5 7 8 10 13 17 52] [1 2 3] [1 2 3 4 5 13 52 58] [1 2 3 4 5 7 8 10 13 52] [1 2 4 5 7 9 10] [1 5] [1 2 3 4 5 7 8 13 52] [1 2 3 5 7 10 13 52] [1 2 3 4 5 7 10 17 43 58] [1 2 3 4 5 6] [1 13] [1 2 5 7 10 13 17 52] [1 2 3 5 13 52] [1 2 3 4 5 7 8 10 13 17 19] [1 2 3 4 5 7 8 9 10 11] [1 2 3 4 5 7 8 17] [1 2 3 4 5 6 7 8 9 13 52 58] [] [] [] [] [] [] [] [] [] [] [] [] [] [] [] [] [] [] [] [] [] [] [] [] [] [] [] [] [] [] [] [] [] [] [] [] [] [] [] [] [] [] [] [] [] [] [] [] [] [] [] [] [] [] [] [] [] [] [] [] [] [] [] [] [] [] [] [] [] [] [] [] [] [] [] [] [] [] [] [] [] [] [] [] [] [] [] [] [] [] [] [] [] [] [] [] [] [] [] [] [] [] [] [] [] [] [] [] [] [] [] [] [] [] [] [] [] [] [] [] [] []
220 [] [1 2 3 4 5 7] [1 2 4 5 6 8 11] [1 2 3 5 7 8] [1 2 3 5 7 10 13] [1 2 5 7] [1 2 4 5 7] [1 2 3 4 5 7 8 10 13] [1 2 3 5 8 10 13 19 52] [1 2 3 4 5] [1 2 4 5] [1 2 3 4 5 8] [1 2 3 5 7] [1 2 3 4 5 7 8 10] [1 2 3 4 5 7 10] [1 2 3 5 7 10] [1 2 3 4 5 7 8 13] [1 2 5] [1 2 3 4 5 7 13] [1 2 4 5 7 13] [1 2 3 5 8 10 13] [1 2 3 5 7 8 10 19] [1 2 4 5 8] [1 2 3 4 5 8 10 19] [1 2 3 4 5 7 8] [1 2 3 5 10] [1 2 3 4 5 8 13 17] [1 2 3 5] [1 2 3 5 13] [1 2 3 4 5 7 10 13 17 52] [1 2 3 4 5 7 13 52] [1 2 4 5 7 13 52] [1 2 3 4 5 7 8 10 13 17] [1 2 3 5 7 8 10 13] [1 2 3 4 5 10] [1 2 3 4 5 7 8 13 17] [1 2 3 13] [1 2 3 4 5 7 8 10 13 17 24] [1 2 3 4 5 7 10 13 17] [1 2 5 7 10] [1 2 3 4 5 10 13] [1 2 3 4 5 8 10 13 19 52 58] [1 2] [1 2 3 4 5 8 10 13 17] [1 2 3 4 5 13 52] [1 2 3 4 5 8 10] [1 2 3 4 5 6 8 11 13 52 58] [1] [1 2 3 5 10 13] [1 5 27] [1 2 4 5 6 7 8 9 10 13] [1 2 3 4 5 7 8 9 13] [1 2 3 5 8] [1 2 3 4 5 13] [1 2 3 5 7 13] [1 2 3 4 5 6 7] [1 2 3 4 5 7 17] [1 2 3 4] [1 2 3 4 5 7 10 13] [1 2 3 4 5 7 10 17] [1 2 7 13] [1 2 4 5 6 8] [1 2 3 4 5 7 8 10 13 17 52] [1 2 3] [1 2 3 4 5 13 52 58] [1 2 3 4 5 7 8 10 13 52] [1 2 4 5 7 9 10] [1 5] [1 2 3 4 5 7 8 13 52] [1 2 3 5 7 10 13 52] [1 2 3 4 5 7 10 17 43 58] [1 2 3 4 5 6] [1 13] [1 2 5 7 10 13 17 52] [1 2 3 5 13 52] [1 2 3 4 5 7 8 10 13 17 19] [1 2 3 4 5 7 8 9 10 11] [1 2 3 4 5 7 8 17] [1 2 3 4 5 6 7 8 9 13 52 58] [] [] [] [] [] [] [] [] [] [] [] [] [] [] [] [] [] [] [] [] [] [] [] [] [] [] [] [] [] [] [] [] [] [] [] [] [] [] [] [] [] [] [] [] [] [] [] [] [] [] [] [] [] [] [] [] [] [] [] [] [] [] [] [] [] [] [] [] [] [] [] [] [] [] [] [] [] [] [] [] [] [] [] [] [] [] [] [] [] [] [] [] [] [] [] [] [] [] [] [] [] [] [] [] [] [] [] [] [] [] [] [] [] [] [] [] [] [] [] [] [] []
221 [] [1 2 4 5 6 8 11] [1 2 3 5 7 8] [1 2 3 5 7 10 13] [1 2 3 4 5 7] [1 2 5 7] [1 2 4 5 7] [1 2 3 4 5 7 8 10 13] [1 2 3 5 8 10 13 19 52] [1 2 3 4 5] [1 2 4 5] [1 2 3 4 5 8] [1 2 3 5 7] [1 2 3 4 5 7 8 10] [1 2 3 4 5 7 10] [1 2 3 5 7 10] [1 2 3 4 5 7 8 13] [1 2 5] [1 2 3 4 5 7 13] [1 2 4 5 7 13] [1 2 3 5 8 10 13] [1 2 3 5 7 8 10 19] [1 2 4 5 8] [1 2 3 4 5 8 10 19] [1 2 3 4 5 7 8] [1 2 3 5 10] [1 2 3 4 5 8 13 17] [1 2 3 5] [1 2 3 5 13] [1 2 3 4 5 7 10 13 17 52] [1 2 3 4 5 7 13 52] [1 2 4 5 7 13 52] [1 2 3 4 5 7 8 10 13 17] [1 2 3 5 7 8 10 13] [1 2 3 4 5 10] [1 2 3 4 5 7 8 13 17] [1 2 3 13] [1 2 3 4 5 7 8 10 13 17 24] [1 2 3 4 5 7 10 13 17] [1 2 5 7 10] [1 2 3 4 5 10 13] [1 2 3 4 5 8 10 13 19 52 58] [1 2] [1 2 3 4 5 8 10 13 17] [1 2 3 4 5 13 52] [1 2 3 4 5 8 10] [1 2 3 4 5 6 8 11 13 52 58] [1] [1 2 3 5 10 13] [1 5 27] [1 2 4 5 6 7 8 9 10 13] [1 2 3 4 5 7 8 9 13] [1 2 3 5 8] [1 2 3 4 5 13] [1 2 3 5 7 13] [1 2 3 4 5 6 7] [1 2 3 4 5 7 17] [1 2 3 4] [1 2 3 4 5 7 10 13] [1 2 3 4 5 7 10 17] [1 2 7 13] [1 2 4 5 6 8] [1 2 3 4 5 7 8 10 13 17 52] [1 2 3] [1 2 3 4 5 13 52 58] [1 2 3 4 5 7 8 10 13 52] [1 2 4 5 7 9 10] [1 5] [1 2 3 4 5 7 8 13 52] [1 2 3 5 7 10 13 52] [1 2 3 4 5 7 10 17 43 58] [1 2 3 4 5 6] [1 13] [1 2 5 7 10 13 17 52] [1 2 3 5 13 52] [1 2 3 4 5 7 8 10 13 17 19] [1 2 3 4 5 7 8 9 10 11] [1 2 3 4 5 7 8 17] [1 2 3 4 5 6 7 8 9 13 52 58] [] [] [] [] [] [] [] [] [] [] [] [] [] [] [] [] [] [] [] [] [] [] [] [] [] [] [] [] [] [] [] [] [] [] [] [] [] [] [] [] [] [] [] [] [] [] [] [] [] [] [] [] [] [] [] [] [] [] [] [] [] [] [] [] [] [] [] [] [] [] [] [] [] [] [] [] [] [] [] [] [] [] [] [] [] [] [] [] [] [] [] [] [] [] [] [] [] [] [] [] [] [] [] [] [] [] [] [] [] [] [] [] [] [] [] [] [] [] [] [] [] []
222 [] [1 2 4 5 6 8 11] [1 2 3 4 5 7 8] [1 2 3 5 7 8] [1 2 3 5 7 10 13] [1 2 3 4 5 7] [1 2 5 7] [1 2 4 5 7] [1 2 3 4 5 7 8 10 13] [1 2 3 5 8 10 13 19 52] [1 2 3 4 5] [1 2 4 5] [1 2 3 4 5 8] [1 2 3 5 7] [1 2 3 4 5 7 8 10] [1 2 3 4 5 7 10] [1 2 3 5 7 10] [1 2 3 4 5 7 8 13] [1 2 5] [1 2 3 4 5 7 13] [1 2 4 5 7 13] [1 2 3 5 8 10 13] [1 2 3 5 7 8 10 19] [1 2 4 5 8] [1 2 3 4 5 8 10 19] [1 2 3 5 10] [1 2 3 4 5 8 13 17] [1 2 3 5] [1 2 3 5 13] [1 2 3 4 5 7 10 13 17 52] [1 2 3 4 5 7 13 52] [1 2 4 5 7 13 52] [1 2 3 4 5 7 8 10 13 17] [1 2 3 5 7 8 10 13] [1 2 3 4 5 10] [1 2 3 4 5 7 8 13 17] [1 2 3 13] [1 2 3 4 5 7 8 10 13 17 24] [1 2 3 4 5 7 10 13 17] [1 2 5 7 10] [1 2 3 4 5 10 13] [1 2 3 4 5 8 10 13 19 52 58] [1 2] [1 2 3 4 5 8 10 13 17] [1 2 3 4 5 13 52] [1 2 3 4 5 8 10] [1 2 3 4 5 6 8 11 13 52 58] [1] [1 2 3 5 10 13] [1 5 27] [1 2 4 5 6 7 8 9 10 13] [1 2 3 4 5 7 8 9 13] [1 2 3 5 8] [1 2 3 4 5 13] [1 2 3 5 7 13] [1 2 3 4 5 6 7] [1 2 3 4 5 7 17] [1 2 3 4] [1 2 3 4 5 7 10 13] [1 2 3 4 5 7 10 17] [1 2 7 13] [1 2 4 5 6 8] [1 2 3 4 5 7 8 10 13 17 52] [1 2 3] [1 2 3 4 5 13 52 58] [1 2 3 4 5 7 8 10 13 52] [1 2 4 5 7 9 10] [1 5] [1 2 3 4 5 7 8 13 52] [1 2 3 5 7 10 13 52] [1 2 3 4 5 7 10 17 43 58] [1 2 3 4 5 6] [1 13] [1 2 5 7 10 13 17 52] [1 2 3 5 13 52] [1 2 3 4 5 7 8 10 13 17 19] [1 2 3 4 5 7 8 9 10 11] [1 2 3 4 5 7 8 17] [1 2 3 4 5 6 7 8 9 13 52 58] [] [] [] [] [] [] [] [] [] [] [] [] [] [] [] [] [] [] [] [] [] [] [] [] [] [] [] [] [] [] [] [] [] [] [] [] [] [] [] [] [] [] [] [] [] [] [] [] [] [] [] [] [] [] [] [] [] [] [] [] [] [] [] [] [] [] [] [] [] [] [] [] [] [] [] [] [] [] [] [] [] [] [] [] [] [] [] [] [] [] [] [] [] [] [] [] [] [] [] [] [] [] [] [] [] [] [] [] [] [] [] [] [] [] [] [] [] [] [] [] [] []
223 [] [1 2 3 4 5 7 8] [1 2 3 5 7 8] [1 2 3 5 7 10 13] [1 2 3 4 5 7] [1 2 5 7] [1 2 4 5 7] [1 2 3 4 5 7 8 10 13] [1 2 3 5 8 10 13 19 52] [1 2 3 4 5] [1 2 4 5] [1 2 3 4 5 8] [1 2 3 5 7] [1 2 3 4 5 7 8 10] [1 2 3 4 5 7 10] [1 2 3 5 7 10] [1 2 3 4 5 7 8 13] [1 2 5] [1 2 3 4 5 7 13] [1 2 4 5 7 13] [1 2 3 5 8 10 13] [1 2 3 5 7 8 10 19] [1 2 4 5 8] [1 2 3 4 5 8 10 19] [1 2 3 5 10] [1 2 3 4 5 8 13 17] [1 2 3 5] [1 2 3 5 13] [1 2 3 4 5 7 10 13 17 52] [1 2 3 4 5 7 13 52] [1 2 4 5 7 13 52] [1 2 3 4 5 7 8 10 13 17] [1 2 3 5 7 8 10 13] [1 2 3 4 5 10] [1 2 3 4 5 7 8 13 17] [1 2 3 13] [1 2 3 4 5 7 8 10 13 17 24] [1 2 3 4 5 7 10 13 17] [1 2 5 7 10] [1 2 3 4 5 10 13] [1 2 3 4 5 8 10 13 19 52 58] [1 2] [1 2 3 4 5 8 10 13 17] [1 2 3 4 5 13 52] [1 2 3 4 5 8 10] [1 2 3 4 5 6 8 11 13 52 58] [1] [1 2 3 5 10 13] [1 5 27] [1 2 4 5 6 7 8 9 10 13] [1 2 3 4 5 7 8 9 13] [1 2 3 5 8] [1 2 3 4 5 13] [1 2 3 5 7 13] [1 2 3 4 5 6 7] [1 2 3 4 5 7 17] [1 2 3 4] [1 2 3 4 5 7 10 13] [1 2 3 4 5 7 10 17] [1 2 7 13] [1 2 4 5 6 8] [1 2 3 4 5 7 8 10 13 17 52] [1 2 3] [1 2 3 4 5 13 52 58] [1 2 3 4 5 7 8 10 13 52] [1 2 4 5 7 9 10] [1 5] [1 2 3 4 5 7 8 13 52] [1 2 3 5 7 10 13 52] [1 2 3 4 5 7 10 17 43 58] [1 2 3 4 5 6] [1 13] [1 2 5 7 10 13 17 52] [1 2 3 5 13 52] [1 2 3 4 5 7 8 10 13 17 19] [1 2 3 4 5 7 8 9 10 11] [1 2 3 4 5 7 8 17] [1 2 3 4 5 6 7 8 9 13 52 58] [] [] [] [] [] [] [] [] [] [] [] [] [] [] [] [] [] [] [] [] [] [] [] [] [] [] [] [] [] [] [] [] [] [] [] [] [] [] [] [] [] [] [] [] [] [] [] [] [] [] [] [] [] [] [] [] [] [] [] [] [] [] [] [] [] [] [] [] [] [] [] [] [] [] [] [] [] [] [] [] [] [] [] [] [] [] [] [] [] [] [] [] [] [] [] [] [] [] [] [] [] [] [] [] [] [] [] [] [] [] [] [] [] [] [] [] [] [] [] [] [] [] []
224 [] [1 2 3 4 5 7 8] [1 2 3 5 7 8] [1 2 3 5 7 10 13] [1 2 3 4 5 7] [1 2 5 7] [1 2 4 5 7] [1 2 3 4 5 7 8 10 13] [1 2 3 5 8 10 13 19 52] [1 2 3 4 5] [1 2 4 5] [1 2 3 4 5 8] [1 2 3 5 7] [1 2 3 4 5 7 8 10] [1 2 3 4 5 7 10] [1 2 3 5 7 10] [1 2 3 4 5 7 8 13] [1 2 5] [1 2 3 4 5 7 13] [1 2 4 5 7 13] [1 2 3 5 8 10 13] [1 2 3 5 7 8 10 19] [1 2 4 5 8] [1 2 3 4 5 8 10 19] [1 2 3 5 10] [1 2 3 4 5 8 13 17] [1 2 3 5] [1 2 3 5 13] [1 2 3 4 5 7 10 13 17 52] [1 2 3 4 5 7 13 52] [1 2 4 5 7 13 52] [1 2 3 4 5 7 8 10 13 17] [1 2 3 5 7 8 10 13] [1 2 3 4 5 10] [1 2 3 4 5 7 8 13 17] [1 2 3 13] [1 2 3 4 5 7 8 10 13 17 24] [1 2 3 4 5 7 10 13 17] [1 2 5 7 10] [1 2 3 4 5 10 13] [1 2 3 4 5 8 10 13 19 52 58] [1 2] [1 2 3 4 5 8 10 13 17] [1 2 3 4 5 13 52] [1 2 3 4 5 8 10] [1 2 3 4 5 6 8 11 13 52 58] [1] [1 2 3 5 10 13] [1 5 27] [1 2 4 5 6 7 8 9 10 13] [1 2 3 4 5 7 8 9 13] [1 2 3 5 8] [1 2 3 4 5 13] [1 2 3 5 7 13] [1 2 3 4 5 6 7] [1 2 3 4 5 7 17] [1 2 3 4] [1 2 3 4 5 7 10 13] [1 2 3 4 5 7 10 17] [1 2 7 13] [1 2 4 5 6 8] [1 2 3 4 5 7 8 10 13 17 52] [1 2 3] [1 2 3 4 5 13 52 58] [1 2 3 4 5 7 8 10 13 52] [1 2 4 5 7 9 10] [1 5] [1 2 3 4 5 7 8 13 52] [1 2 3 5 7 10 13 52] [1 2 3 4 5 7 10 17 43 58] [1 2 3 4 5 6] [1 13] [1 2 5 7 10 13 17 52] [1 2 3 5 13 52] [1 2 3 4 5 7 8 10 13 17 19] [1 2 3 4 5 7 8 9 10 11] [1 2 3 4 5 7 8 17] [1 2 3 4 5 6 7 8 9 13 52 58] [] [] [] [] [] [] [] [] [] [] [] [] [] [] [] [] [] [] [] [] [] [] [] [] [] [] [] [] [] [] [] [] [] [] [] [] [] [] [] [] [] [] [] [] [] [] [] [] [] [] [] [] [] [] [] [] [] [] [] [] [] [] [] [] [] [] [] [] [] [] [] [] [] [] [] [] [] [] [] [] [] [] [] [] [] [] [] [] [] [] [] [] [] [] [] [] [] [] [] [] [] [] [] [] [] [] [] [] [] [] [] [] [] [] [] [] [] [] [] [] [] [] []
225 [] [1 2 3 5 7 8] [1 2 3 5 7 10 13] [1 2 3 4 5 7] [1 2 5 7] [1 2 4 5 7] [1 2 3 4 5 7 8 10 13] [1 2 3 5 8 10 13 19 52] [1 2 3 4 5] [1 2 4 5] [1 2 3 4 5 8] [1 2 3 5 7] [1 2 3 4 5 7 8 10] [1 2 3 4 5 7 10] [1 2 3 5 7 10] [1 2 3 4 5 7 8 13] [1 2 5] [1 2 3 4 5 7 13] [1 2 4 5 7 13] [1 2 3 5 8 10 13] [1 2 3 5 7 8 10 19] [1 2 4 5 8] [1 2 3 4 5 8 10 19] [1 2 3 4 5 7 8] [1 2 3 5 10] [1 2 3 4 5 8 13 17] [1 2 3 5] [1 2 3 5 13] [1 2 3 4 5 7 10 13 17 52] [1 2 3 4 5 7 13 52] [1 2 4 5 7 13 52] [1 2 3 4 5 7 8 10 13 17] [1 2 3 5 7 8 10 13] [1 2 3 4 5 10] [1 2 3 4 5 7 8 13 17] [1 2 3 13] [1 2 3 4 5 7 8 10 13 17 24] [1 2 3 4 5 7 10 13 17] [1 2 5 7 10] [1 2 3 4 5 10 13] [1 2 3 4 5 8 10 13 19 52 58] [1 2] [1 2 3 4 5 8 10 13 17] [1 2 3 4 5 13 52] [1 2 3 4 5 8 10] [1 2 3 4 5 6 8 11 13 52 58] [1] [1 2 3 5 10 13] [1 5 27] [1 2 4 5 6 7 8 9 10 13] [1 2 3 4 5 7 8 9 13] [1 2 3 5 8] [1 2 3 4 5 13] [1 2 3 5 7 13] [1 2 3 4 5 6 7] [1 2 3 4 5 7 17] [1 2 3 4] [1 2 3 4 5 7 10 13] [1 2 3 4 5 7 10 17] [1 2 7 13] [1 2 4 5 6 8] [1 2 3 4 5 7 8 10 13 17 52] [1 2 3] [1 2 3 4 5 13 52 58] [1 2 3 4 5 7 8 10 13 52] [1 2 4 5 7 9 10] [1 5] [1 2 3 4 5 7 8 13 52] [1 2 3 5 7 10 13 52] [1 2 3 4 5 7 10 17 43 58] [1 2 3 4 5 6] [1 13] [1 2 5 7 10 13 17 52] [1 2 3 5 13 52] [1 2 3 4 5 7 8 10 13 17 19] [1 2 3 4 5 7 8 9 10 11] [1 2 3 4 5 7 8 17] [1 2 3 4 5 6 7 8 9 13 52 58] [] [] [] [] [] [] [] [] [] [] [] [] [] [] [] [] [] [] [] [] [] [] [] [] [] [] [] [] [] [] [] [] [] [] [] [] [] [] [] [] [] [] [] [] [] [] [] [] [] [] [] [] [] [] [] [] [] [] [] [] [] [] [] [] [] [] [] [] [] [] [] [] [] [] [] [] [] [] [] [] [] [] [] [] [] [] [] [] [] [] [] [] [] [] [] [] [] [] [] [] [] [] [] [] [] [] [] [] [] [] [] [] [] [] [] [] [] [] [] [] [] [] []
226 [] [1 2 3 5 7 8] [1 2 3 5 7 10 13] [1 2 3 4 5 7] [1 2 5 7] [1 2 4 5 7] [1 2 3 4 5 7 8 10 13] [1 2 3 5 8 10 13 19 52] [1 2 3 4 5] [1 2 4 5] [1 2 3 4 5 8] [1 2 3 5 7] [1 2 3 4 5 7 8 10] [1 2 3 4 5 7 10] [1 2 3 5 7 10] [1 2 3 4 5 7 8 13] [1 2 5] [1 2 3 4 5 7 13] [1 2 4 5 7 13] [1 2 3 5 8 10 13] [1 2 3 5 7 8 10 19] [1 2 4 5 8] [1 2 3 4 5 8 10 19] [1 2 3 4 5 7 8] [1 2 3 5 10] [1 2 3 4 5 8 13 17] [1 2 3 5] [1 2 3 5 13] [1 2 3 4 5 7 10 13 17 52] [1 2 3 4 5 7 13 52] [1 2 4 5 7 13 52] [1 2 3 4 5 7 8 10 13 17] [1 2 3 5 7 8 10 13] [1 2 3 4 5 10] [1 2 3 4 5 7 8 13 17] [1 2 3 13] [1 2 3 4 5 7 8 10 13 17 24] [1 2 3 4 5 7 10 13 17] [1 2 5 7 10] [1 2 3 4 5 10 13] [1 2 3 4 5 8 10 13 19 52 58] [1 2] [1 2 3 4 5 8 10 13 17] [1 2 3 4 5 13 52] [1 2 3 4 5 8 10] [1 2 3 4 5 6 8 11 13 52 58] [1] [1 2 3 5 10 13] [1 5 27] [1 2 4 5 6 7 8 9 10 13] [1 2 3 4 5 7 8 9 13] [1 2 3 5 8] [1 2 3 4 5 13] [1 2 3 5 7 13] [1 2 3 4 5 6 7] [1 2 3 4 5 7 17] [1 2 3 4] [1 2 3 4 5 7 10 13] [1 2 3 4 5 7 10 17] [1 2 7 13] [1 2 4 5 6 8] [1 2 3 4 5 7 8 10 13 17 52] [1 2 3] [1 2 3 4 5 13 52 58] [1 2 3 4 5 7 8 10 13 52] [1 2 4 5 7 9 10] [1 5] [1 2 3 4 5 7 8 13 52] [1 2 3 5 7 10 13 52] [1 2 3 4 5 7 10 17 43 58] [1 2 3 4 5 6] [1 13] [1 2 5 7 10 13 17 52] [1 2 3 5 13 52] [1 2 3 4 5 7 8 10 13 17 19] [1 2 3 4 5 7 8 9 10 11] [1 2 3 4 5 7 8 17] [1 2 3 4 5 6 7 8 9 13 52 58] [] [] [] [] [] [] [] [] [] [] [] [] [] [] [] [] [] [] [] [] [] [] [] [] [] [] [] [] [] [] [] [] [] [] [] [] [] [] [] [] [] [] [] [] [] [] [] [] [] [] [] [] [] [] [] [] [] [] [] [] [] [] [] [] [] [] [] [] [] [] [] [] [] [] [] [] [] [] [] [] [] [] [] [] [] [] [] [] [] [] [] [] [] [] [] [] [] [] [] [] [] [] [] [] [] [] [] [] [] [] [] [] [] [] [] [] [] [] [] [] [] [] []
227 [] [1 2 3 5 7 8] [1 2 3 4 5 7 10 17] [1 2 3 5 7 10 13] [1 2 3 4 5 7] [1 2 5 7] [1 2 4 5 7] [1 2 3 4 5 7 8 10 13] [1 2 3 5 8 10 13 19 52] [1 2 3 4 5] [1 2 4 5] [1 2 3 4 5 8] [1 2 3 5 7] [1 2 3 4 5 7 8 10] [1 2 3 4 5 7 10] [1 2 3 5 7 10] [1 2 3 4 5 7 8 13] [1 2 5] [1 2 3 4 5 7 13] [1 2 4 5 7 13] [1 2 3 5 8 10 13] [1 2 3 5 7 8 10 19] [1 2 4 5 8] [1 2 3 4 5 8 10 19] [1 2 3 4 5 7 8] [1 2 3 5 10] [1 2 3 4 5 8 13 17] [1 2 3 5] [1 2 3 5 13] [1 2 3 4 5 7 10 13 17 52] [1 2 3 4 5 7 13 52] [1 2 4 5 7 13 52] [1 2 3 4 5 7 8 10 13 17] [1 2 3 5 7 8 10 13] [1 2 3 4 5 10] [1 2 3 4 5 7 8 13 17] [1 2 3 13] [1 2 3 4 5 7 8 10 13 17 24] [1 2 3 4 5 7 10 13 17] [1 2 5 7 10] [1 2 3 4 5 10 13] [1 2 3 4 5 8 10 13 19 52 58] [1 2] [1 2 3 4 5 8 10 13 17] [1 2 3 4 5 13 52] [1 2 3 4 5 8 10] [1 2 3 4 5 6 8 11 13 52 58] [1] [1 2 3 5 10 13] [1 5 27] [1 2 4 5 6 7 8 9 10 13] [1 2 3 4 5 7 8 9 13] [1 2 3 5 8] [1 2 3 4 5 13] [1 2 3 5 7 13] [1 2 3 4 5 6 7] [1 2 3 4 5 7 17] [1 2 3 4] [1 2 3 4 5 7 10 13] [1 2 7 13] [1 2 4 5 6 8] [1 2 3 4 5 7 8 10 13 17 52] [1 2 3] [1 2 3 4 5 13 52 58] [1 2 3 4 5 7 8 10 13 52] [1 2 4 5 7 9 10] [1 5] [1 2 3 4 5 7 8 13 52] [1 2 3 5 7 10 13 52] [1 2 3 4 5 7 10 17 43 58] [1 2 3 4 5 6] [1 13] [1 2 5 7 10 13 17 52] [1 2 3 5 13 52] [1 2 3 4 5 7 8 10 13 17 19] [1 2 3 4 5 7 8 9 10 11] [1 2 3 4 5 7 8 17] [1 2 3 4 5 6 7 8 9 13 52 58] [] [] [] [] [] [] [] [] [] [] [] [] [] [] [] [] [] [] [] [] [] [] [] [] [] [] [] [] [] [] [] [] [] [] [] [] [] [] [] [] [] [] [] [] [] [] [] [] [] [] [] [] [] [] [] [] [] [] [] [] [] [] [] [] [] [] [] [] [] [] [] [] [] [] [] [] [] [] [] [] [] [] [] [] [] [] [] [] [] [] [] [] [] [] [] [] [] [] [] [] [] [] [] [] [] [] [] [] [] [] [] [] [] [] [] [] [] [] [] [] [] [] []
228 [] [1 2 3 4 5 7 10 17] [1 2 3 5 7 10 13] [1 2 3 4 5] [1 2 3 4 5 7] [1 2 5 7] [1 2 4 5 7] [1 2 3 4 5 7 8 10 13] [1 2 3 5 8 10 13 19 52] [1 2 4 5] [1 2 3 5 7 8] [1 2 3 4 5 8] [1 2 3 5 7] [1 2 3 4 5 7 8 10] [1 2 3 4 5 7 10] [1 2 3 5 7 10] [1 2 3 4 5 7 8 13] [1 2 5] [1 2 3 4 5 7 13] [1 2 4 5 7 13] [1 2 3 5 8 10 13] [1 2 3 5 7 8 10 19] [1 2 4 5 8] [1 2 3 4 5 8 10 19] [1 2 3 4 5 7 8] [1 2 3 5 10] [1 2 3 4 5 8 13 17] [1 2 3 5] [1 2 3 5 13] [1 2 3 4 5 7 10 13 17 52] [1 2 3 4 5 7 13 52] [1 2 4 5 7 13 52] [1 2 3 4 5 7 8 10 13 17] [1 2 3 5 7 8 10 13] [1 2 3 4 5 10] [1 2 3 4 5 7 8 13 17] [1 2 3 13] [1 2 3 4 5 7 8 10 13 17 24] [1 2 3 4 5 7 10 13 17] [1 2 5 7 10] [1 2 3 4 5 10 13] [1 2 3 4 5 8 10 13 19 52 58] [1 2] [1 2 3 4 5 8 10 13 17] [1 2 3 4 5 13 52] [1 2 3 4 5 8 10] [1 2 3 4 5 6 8 11 13 52 58] [1] [1 2 3 5 10 13] [1 5 27] [1 2 4 5 6 7 8 9 10 13] [1 2 3 4 5 7 8 9 13] [1 2 3 5 8] [1 2 3 4 5 13] [1 2 3 5 7 13] [1 2 3 4 5 6 7] [1 2 3 4 5 7 17] [1 2 3 4] [1 2 3 4 5 7 10 13] [1 2 7 13] [1 2 4 5 6 8] [1 2 3 4 5 7 8 10 13 17 52] [1 2 3] [1 2 3 4 5 13 52 58] [1 2 3 4 5 7 8 10 13 52] [1 2 4 5 7 9 10] [1 5] [1 2 3 4 5 7 8 13 52] [1 2 3 5 7 10 13 52] [1 2 3 4 5 7 10 17 43 58] [1 2 3 4 5 6] [1 13] [1 2 5 7 10 13 17 52] [1 2 3 5 13 52] [1 2 3 4 5 7 8 10 13 17 19] [1 2 3 4 5 7 8 9 10 11] [1 2 3 4 5 7 8 17] [1 2 3 4 5 6 7 8 9 13 52 58] [] [] [] [] [] [] [] [] [] [] [] [] [] [] [] [] [] [] [] [] [] [] [] [] [] [] [] [] [] [] [] [] [] [] [] [] [] [] [] [] [] [] [] [] [] [] [] [] [] [] [] [] [] [] [] [] [] [] [] [] [] [] [] [] [] [] [] [] [] [] [] [] [] [] [] [] [] [] [] [] [] [] [] [] [] [] [] [] [] [] [] [] [] [] [] [] [] [] [] [] [] [] [] [] [] [] [] [] [] [] [] [] [] [] [] [] [] [] [] [] [] [] []
229 [] [1 2 3 4 5] [1 2 3 4 5 7] [1 2 5 7] [1 2 4 5 7] [1 2 3 4 5 7 8 10 13] [1 2 3 5 8 10 13 19 52] [1 2 4 5] [1 2 3 5 7 8] [1 2 3 4 5 8] [1 2 3 5 7] [1 2 3 4 5 7 8 10] [1 2 3 4 5 7 10] [1 2 3 5 7 10] [1 2 3 4 5 7 8 13] [1 2 5] [1 2 3 4 5 7 13] [1 2 4 5 7 13] [1 2 3 5 8 10 13] [1 2 3 5 7 8 10 19] [1 2 4 5 8] [1 2 3 4 5 8 10 19] [1 2 3 4 5 7 8] [1 2 3 5 10] [1 2 3 4 5 8 13 17] [1 2 3 5] [1 2 3 5 13] [1 2 3 4 5 7 10 13 17 52] [1 2 3 4 5 7 13 52] [1 2 4 5 7 13 52] [1 2 3 4 5 7 8 10 13 17] [1 2 3 5 7 8 10 13] [1 2 3 4 5 10] [1 2 3 4 5 7 8 13 17] [1 2 3 13] [1 2 3 4 5 7 8 10 13 17 24] [1 2 3 4 5 7 10 13 17] [1 2 5 7 10] [1 2 3 4 5 10 13] [1 2 3 4 5 8 10 13 19 52 58] [1 2] [1 2 3 4 5 8 10 13 17] [1 2 3 4 5 13 52] [1 2 3 4 5 8 10] [1 2 3 4 5 6 8 11 13 52 58] [1] [1 2 3 5 10 13] [1 5 27] [1 2 4 5 6 7 8 9 10 13] [1 2 3 4 5 7 8 9 13] [1 2 3 5 8] [1 2 3 4 5 13] [1 2 3 5 7 13] [1 2 3 4 5 6 7] [1 2 3 4 5 7 17] [1 2 3 4] [1 2 3 4 5 7 10 13] [1 2 3 4 5 7 10 17] [1 2 7 13] [1 2 4 5 6 8] [1 2 3 4 5 7 8 10 13 17 52] [1 2 3] [1 2 3 4 5 13 52 58] [1 2 3 4 5 7 8 10 13 52] [1 2 4 5 7 9 10] [1 5] [1 2 3 4 5 7 8 13 52] [1 2 3 5 7 10 13 52] [1 2 3 4 5 7 10 17 43 58] [1 2 3 4 5 6] [1 13] [1 2 5 7 10 13 17 52] [1 2 3 5 13 52] [1 2 3 4 5 7 8 10 13 17 19] [1 2 3 4 5 7 8 9 10 11] [1 2 3 4 5 7 8 17] [1 2 3 4 5 6 7 8 9 13 52 58] [] [] [] [] [] [] [] [] [] [] [] [] [] [] [] [] [] [] [] [] [] [] [] [] [] [] [] [] [] [] [] [] [] [] [] [] [] [] [] [] [] [] [] [] [] [] [] [] [] [] [] [] [] [] [] [] [] [] [] [] [] [] [] [] [] [] [] [] [] [] [] [] [] [] [] [] [] [] [] [] [] [] [] [] [] [] [] [] [] [] [] [] [] [] [] [] [] [] [] [] [] [] [] [] [] [] [] [] [] [] [] [] [] [] [] [] [] [] [] [] [] [] [] []
230 [] [1 2 5 7] [1 2 4 5 7] [1 2 3 4 5 7 8 10 13] [1 2 3 4 5 7] [1 2 3 5 8 10 13 19 52] [1 2 3 4 5] [1 2 4 5] [1 2 3 5 7 8] [1 2 3 4 5 8] [1 2 3 5 7] [1 2 3 4 5 7 8 10] [1 2 3 4 5 7 10] [1 2 3 5 7 10] [1 2 3 4 5 7 8 13] [1 2 5] [1 2 3 4 5 7 13] [1 2 4 5 7 13] [1 2 3 5 8 10 13] [1 2 3 5 7 8 10 19] [1 2 4 5 8] [1 2 3 4 5 8 10 19] [1 2 3 4 5 7 8] [1 2 3 5 10] [1 2 3 4 5 8 13 17] [1 2 3 5] [1 2 3 5 13] [1 2 3 4 5 7 10 13 17 52] [1 2 3 4 5 7 13 52] [1 2 4 5 7 13 52] [1 2 3 4 5 7 8 10 13 17] [1 2 3 5 7 8 10 13] [1 2 3 4 5 10] [1 2 3 4 5 7 8 13 17] [1 2 3 13] [1 2 3 4 5 7 8 10 13 17 24] [1 2 3 4 5 7 10 13 17] [1 2 5 7 10] [1 2 3 4 5 10 13] [1 2 3 4 5 8 10 13 19 52 58] [1 2] [1 2 3 4 5 8 10 13 17] [1 2 3 4 5 13 52] [1 2 3 4 5 8 10] [1 2 3 4 5 6 8 11 13 52 58] [1] [1 2 3 5 10 13] [1 5 27] [1 2 4 5 6 7 8 9 10 13] [1 2 3 4 5 7 8 9 13] [1 2 3 5 8] [1 2 3 4 5 13] [1 2 3 5 7 13] [1 2 3 4 5 6 7] [1 2 3 4 5 7 17] [1 2 3 4] [1 2 3 4 5 7 10 13] [1 2 3 4 5 7 10 17] [1 2 7 13] [1 2 4 5 6 8] [1 2 3 4 5 7 8 10 13 17 52] [1 2 3] [1 2 3 4 5 13 52 58] [1 2 3 4 5 7 8 10 13 52] [1 2 4 5 7 9 10] [1 5] [1 2 3 4 5 7 8 13 52] [1 2 3 5 7 10 13 52] [1 2 3 4 5 7 10 17 43 58] [1 2 3 4 5 6] [1 13] [1 2 5 7 10 13 17 52] [1 2 3 5 13 52] [1 2 3 4 5 7 8 10 13 17 19] [1 2 3 4 5 7 8 9 10 11] [1 2 3 4 5 7 8 17] [1 2 3 4 5 6 7 8 9 13 52 58] [] [] [] [] [] [] [] [] [] [] [] [] [] [] [] [] [] [] [] [] [] [] [] [] [] [] [] [] [] [] [] [] [] [] [] [] [] [] [] [] [] [] [] [] [] [] [] [] [] [] [] [] [] [] [] [] [] [] [] [] [] [] [] [] [] [] [] [] [] [] [] [] [] [] [] [] [] [] [] [] [] [] [] [] [] [] [] [] [] [] [] [] [] [] [] [] [] [] [] [] [] [] [] [] [] [] [] [] [] [] [] [] [] [] [] [] [] [] [] [] [] [] [] []
231 [] [1 2 3 4 5 7 8 10 13] [1 2 3 4 5 7] [1 2 3 5 8 10 13 19 52] [1 2 3 4 5] [1 2 4 5] [1 2 3 5 7 8] [1 2 3 4 5 8] [1 2 3 5 7] [1 2 4 5 7] [1 2 3 4 5 7 8 10] [1 2 3 4 5 7 10] [1 2 3 5 7 10] [1 2 3 4 5 7 8 13] [1 2 5] [1 2 3 4 5 7 13] [1 2 4 5 7 13] [1 2 3 5 8 10 13] [1 2 3 5 7 8 10 19] [1 2 4 5 8] [1 2 3 4 5 8 10 19] [1 2 3 4 5 7 8] [1 2 3 5 10] [1 2 3 4 5 8 13 17] [1 2 3 5] [1 2 3 5 13] [1 2 3 4 5 7 10 13 17 52] [1 2 3 4 5 7 13 52] [1 2 4 5 7 13 52] [1 2 3 4 5 7 8 10 13 17] [1 2 3 5 7 8 10 13] [1 2 3 4 5 10] [1 2 3 4 5 7 8 13 17] [1 2 3 13] [1 2 3 4 5 7 8 10 13 17 24] [1 2 3 4 5 7 10 13 17] [1 2 5 7 10] [1 2 3 4 5 10 13] [1 2 3 4 5 8 10 13 19 52 58] [1 2] [1 2 3 4 5 8 10 13 17] [1 2 3 4 5 13 52] [1 2 3 4 5 8 10] [1 2 3 4 5 6 8 11 13 52 58] [1] [1 2 3 5 10 13] [1 5 27] [1 2 4 5 6 7 8 9 10 13] [1 2 3 4 5 7 8 9 13] [1 2 3 5 8] [1 2 3 4 5 13] [1 2 3 5 7 13] [1 2 3 4 5 6 7] [1 2 3 4 5 7 17] [1 2 3 4] [1 2 3 4 5 7 10 13] [1 2 3 4 5 7 10 17] [1 2 7 13] [1 2 4 5 6 8] [1 2 3 4 5 7 8 10 13 17 52] [1 2 3] [1 2 3 4 5 13 52 58] [1 2 3 4 5 7 8 10 13 52] [1 2 4 5 7 9 10] [1 5] [1 2 3 4 5 7 8 13 52] [1 2 3 5 7 10 13 52] [1 2 3 4 5 7 10 17 43 58] [1 2 3 4 5 6] [1 13] [1 2 5 7 10 13 17 52] [1 2 3 5 13 52] [1 2 3 4 5 7 8 10 13 17 19] [1 2 3 4 5 7 8 9 10 11] [1 2 3 4 5 7 8 17] [1 2 3 4 5 6 7 8 9 13 52 58] [] [] [] [] [] [] [] [] [] [] [] [] [] [] [] [] [] [] [] [] [] [] [] [] [] [] [] [] [] [] [] [] [] [] [] [] [] [] [] [] [] [] [] [] [] [] [] [] [] [] [] [] [] [] [] [] [] [] [] [] [] [] [] [] [] [] [] [] [] [] [] [] [] [] [] [] [] [] [] [] [] [] [] [] [] [] [] [] [] [] [] [] [] [] [] [] [] [] [] [] [] [] [] [] [] [] [] [] [] [] [] [] [] [] [] [] [] [] [] [] [] [] [] [] []
232 [] [1 2 3 5 8 10 13 19 52] [1 2 3 4 5] [1 2 4 5] [1 2 3 5 7 8] [1 2 3 4 5 8] [1 2 3 5 7] [1 2 3 4 5 7] [1 2 4 5 7] [1 2 3 4 5 7 8 10] [1 2 3 4 5 7 10] [1 2 3 5 7 10] [1 2 3 4 5 7 8 13] [1 2 5] [1 2 3 4 5 7 13] [1 2 4 5 7 13] [1 2 3 5 8 10 13] [1 2 3 5 7 8 10 19] [1 2 4 5 8] [1 2 3 4 5 8 10 19] [1 2 3 4 5 7 8] [1 2 3 5 10] [1 2 3 4 5 8 13 17] [1 2 3 5] [1 2 3 5 13] [1 2 3 4 5 7 10 13 17 52] [1 2 3 4 5 7 13 52] [1 2 4 5 7 13 52] [1 2 3 4 5 7 8 10 13 17] [1 2 3 5 7 8 10 13] [1 2 3 4 5 10] [1 2 3 4 5 7 8 13 17] [1 2 3 13] [1 2 3 4 5 7 8 10 13 17 24] [1 2 3 4 5 7 10 13 17] [1 2 5 7 10] [1 2 3 4 5 10 13] [1 2 3 4 5 8 10 13 19 52 58] [1 2] [1 2 3 4 5 8 10 13 17] [1 2 3 4 5 13 52] [1 2 3 4 5 8 10] [1 2 3 4 5 6 8 11 13 52 58] [1] [1 2 3 5 10 13] [1 5 27] [1 2 4 5 6 7 8 9 10 13] [1 2 3 4 5 7 8 9 13] [1 2 3 5 8] [1 2 3 4 5 13] [1 2 3 5 7 13] [1 2 3 4 5 6 7] [1 2 3 4 5 7 17] [1 2 3 4] [1 2 3 4 5 7 10 13] [1 2 3 4 5 7 10 17] [1 2 7 13] [1 2 4 5 6 8] [1 2 3 4 5 7 8 10 13 17 52] [1 2 3] [1 2 3 4 5 7 8 10 13] [1 2 3 4 5 13 52 58] [1 2 3 4 5 7 8 10 13 52] [1 2 4 5 7 9 10] [1 5] [1 2 3 4 5 7 8 13 52] [1 2 3 5 7 10 13 52] [1 2 3 4 5 7 10 17 43 58] [1 2 3 4 5 6] [1 13] [1 2 5 7 10 13 17 52] [1 2 3 5 13 52] [1 2 3 4 5 7 8 10 13 17 19] [1 2 3 4 5 7 8 9 10 11] [1 2 3 4 5 7 8 17] [1 2 3 4 5 6 7 8 9 13 52 58] [] [] [] [] [] [] [] [] [] [] [] [] [] [] [] [] [] [] [] [] [] [] [] [] [] [] [] [] [] [] [] [] [] [] [] [] [] [] [] [] [] [] [] [] [] [] [] [] [] [] [] [] [] [] [] [] [] [] [] [] [] [] [] [] [] [] [] [] [] [] [] [] [] [] [] [] [] [] [] [] [] [] [] [] [] [] [] [] [] [] [] [] [] [] [] [] [] [] [] [] [] [] [] [] [] [] [] [] [] [] [] [] [] [] [] [] [] [] [] [] [] [] [] [] []
233 [] [1 2 4 5] [1 2 3 5 7 8] [1 2 3 4 5 8] [1 2 3 5 7] [1 2 3 4 5 7] [1 2 4 5 7] [1 2 3 4 5] [1 2 3 4 5 7 8 10] [1 2 3 4 5 7 10] [1 2 3 5 7 10] [1 2 3 4 5 7 8 13] [1 2 5] [1 2 3 4 5 7 13] [1 2 4 5 7 13] [1 2 3 5 8 10 13] [1 2 3 5 7 8 10 19] [1 2 4 5 8] [1 2 3 4 5 8 10 19] [1 2 3 4 5 7 8] [1 2 3 5 10] [1 2 3 4 5 8 13 17] [1 2 3 5] [1 2 3 5 13] [1 2 3 4 5 7 10 13 17 52] [1 2 3 4 5 7 13 52] [1 2 4 5 7 13 52] [1 2 3 4 5 7 8 10 13 17] [1 2 3 5 7 8 10 13] [1 2 3 4 5 10] [1 2 3 4 5 7 8 13 17] [1 2 3 13] [1 2 3 4 5 7 8 10 13 17 24] [1 2 3 4 5 7 10 13 17] [1 2 5 7 10] [1 2 3 4 5 10 13] [1 2 3 4 5 8 10 13 19 52 58] [1 2] [1 2 3 4 5 8 10 13 17] [1 2 3 4 5 13 52] [1 2 3 4 5 8 10] [1 2 3 4 5 6 8 11 13 52 58] [1] [1 2 3 5 10 13] [1 5 27] [1 2 4 5 6 7 8 9 10 13] [1 2 3 4 5 7 8 9 13] [1 2 3 5 8] [1 2 3 4 5 13] [1 2 3 5 7 13] [1 2 3 4 5 6 7] [1 2 3 4 5 7 17] [1 2 3 4] [1 2 3 4 5 7 10 13] [1 2 3 4 5 7 10 17] [1 2 7 13] [1 2 4 5 6 8] [1 2 3 4 5 7 8 10 13 17 52] [1 2 3] [1 2 3 4 5 7 8 10 13] [1 2 3 4 5 13 52 58] [1 2 3 4 5 7 8 10 13 52] [1 2 4 5 7 9 10] [1 5] [1 2 3 4 5 7 8 13 52] [1 2 3 5 7 10 13 52] [1 2 3 4 5 7 10 17 43 58] [1 2 3 4 5 6] [1 13] [1 2 5 7 10 13 17 52] [1 2 3 5 13 52] [1 2 3 4 5 7 8 10 13 17 19] [1 2 3 4 5 7 8 9 10 11] [1 2 3 4 5 7 8 17] [1 2 3 4 5 6 7 8 9 13 52 58] [] [] [] [] [] [] [] [] [] [] [] [] [] [] [] [] [] [] [] [] [] [] [] [] [] [] [] [] [] [] [] [] [] [] [] [] [] [] [] [] [] [] [] [] [] [] [] [] [] [] [] [] [] [] [] [] [] [] [] [] [] [] [] [] [] [] [] [] [] [] [] [] [] [] [] [] [] [] [] [] [] [] [] [] [] [] [] [] [] [] [] [] [] [] [] [] [] [] [] [] [] [] [] [] [] [] [] [] [] [] [] [] [] [] [] [] [] [] [] [] [] [] [] [] [] []
234 [] [1 2 3 4 5 8] [1 2 3 5 7] [1 2 3 4 5 7] [1 2 4 5 7] [1 2 3 4 5] [1 2 3 4 5 7 8 10] [1 2 3 4 5 7 10] [1 2 3 5 7 10] [1 2 3 4 5 7 8 13] [1 2 5] [1 2 3 4 5 7 13] [1 2 4 5 7 13] [1 2 3 5 8 10 13] [1 2 3 5 7 8 10 19] [1 2 4 5 8] [1 2 3 4 5 8 10 19] [1 2 3 4 5 7 8] [1 2 3 5 10] [1 2 3 4 5 8 13 17] [1 2 3 5] [1 2 3 5 13] [1 2 3 4 5 7 10 13 17 52] [1 2 3 4 5 7 13 52] [1 2 4 5 7 13 52] [1 2 4 5] [1 2 3 4 5 7 8 10 13 17] [1 2 3 5 7 8 10 13] [1 2 3 4 5 10] [1 2 3 4 5 7 8 13 17] [1 2 3 13] [1 2 3 4 5 7 8 10 13 17 24] [1 2 3 4 5 7 10 13 17] [1 2 5 7 10] [1 2 3 4 5 10 13] [1 2 3 4 5 8 10 13 19 52 58] [1 2] [1 2 3 4 5 8 10 13 17] [1 2 3 4 5 13 52] [1 2 3 4 5 8 10] [1 2 3 4 5 6 8 11 13 52 58] [1] [1 2 3 5 10 13] [1 5 27] [1 2 4 5 6 7 8 9 10 13] [1 2 3 4 5 7 8 9 13] [1 2 3 5 8] [1 2 3 4 5 13] [1 2 3 5 7 13] [1 2 3 4 5 6 7] [1 2 3 4 5 7 17] [1 2 3 4] [1 2 3 4 5 7 10 13] [1 2 3 4 5 7 10 17] [1 2 7 13] [1 2 4 5 6 8] [1 2 3 4 5 7 8 10 13 17 52] [1 2 3] [1 2 3 4 5 7 8 10 13] [1 2 3 4 5 13 52 58] [1 2 3 4 5 7 8 10 13 52] [1 2 4 5 7 9 10] [1 5] [1 2 3 4 5 7 8 13 52] [1 2 3 5 7 10 13 52] [1 2 3 4 5 7 10 17 43 58] [1 2 3 4 5 6] [1 13] [1 2 5 7 10 13 17 52] [1 2 3 5 13 52] [1 2 3 4 5 7 8 10 13 17 19] [1 2 3 4 5 7 8 9 10 11] [1 2 3 4 5 7 8 17] [1 2 3 4 5 6 7 8 9 13 52 58] [] [] [] [] [] [] [] [] [] [] [] [] [] [] [] [] [] [] [] [] [] [] [] [] [] [] [] [] [] [] [] [] [] [] [] [] [] [] [] [] [] [] [] [] [] [] [] [] [] [] [] [] [] [] [] [] [] [] [] [] [] [] [] [] [] [] [] [] [] [] [] [] [] [] [] [] [] [] [] [] [] [] [] [] [] [] [] [] [] [] [] [] [] [] [] [] [] [] [] [] [] [] [] [] [] [] [] [] [] [] [] [] [] [] [] [] [] [] [] [] [] [] [] [] [] [] []
235 [] [1 2 3 5 7] [1 2 3 4 5] [1 2 3 4 5 8] [1 2 3 4 5 7] [1 2 4 5 7] [1 2 3 4 5 7 8 10] [1 2 3 4 5 7 10] [1 2 3 5 7 10] [1 2 3 4 5 7 8 13] [1 2 5] [1 2 3 4 5 7 13] [1 2 4 5 7 13] [1 2 3 5 8 10 13] [1 2 3 5 7 8 10 19] [1 2 4 5 8] [1 2 3 4 5 8 10 19] [1 2 3 4 5 7 8] [1 2 3 5 10] [1 2 3 4 5 8 13 17] [1 2 3 5] [1 2 3 5 13] [1 2 3 4 5 7 10 13 17 52] [1 2 3 4 5 7 13 52] [1 2 4 5 7 13 52] [1 2 4 5] [1 2 3 4 5 7 8 10 13 17] [1 2 3 5 7 8 10 13] [1 2 3 4 5 10] [1 2 3 4 5 7 8 13 17] [1 2 3 13] [1 2 3 4 5 7 8 10 13 17 24] [1 2 3 4 5 7 10 13 17] [1 2 5 7 10] [1 2 3 4 5 10 13] [1 2 3 4 5 8 10 13 19 52 58] [1 2] [1 2 3 4 5 8 10 13 17] [1 2 3 4 5 13 52] [1 2 3 4 5 8 10] [1 2 3 4 5 6 8 11 13 52 58] [1] [1 2 3 5 10 13] [1 5 27] [1 2 4 5 6 7 8 9 10 13] [1 2 3 4 5 7 8 9 13] [1 2 3 5 8] [1 2 3 4 5 13] [1 2 3 5 7 13] [1 2 3 4 5 6 7] [1 2 3 4 5 7 17] [1 2 3 4] [1 2 3 4 5 7 10 13] [1 2 3 4 5 7 10 17] [1 2 7 13] [1 2 4 5 6 8] [1 2 3 4 5 7 8 10 13 17 52] [1 2 3] [1 2 3 4 5 7 8 10 13] [1 2 3 4 5 13 52 58] [1 2 3 4 5 7 8 10 13 52] [1 2 4 5 7 9 10] [1 5] [1 2 3 4 5 7 8 13 52] [1 2 3 5 7 10 13 52] [1 2 3 4 5 7 10 17 43 58] [1 2 3 4 5 6] [1 13] [1 2 5 7 10 13 17 52] [1 2 3 5 13 52] [1 2 3 4 5 7 8 10 13 17 19] [1 2 3 4 5 7 8 9 10 11] [1 2 3 4 5 7 8 17] [1 2 3 4 5 6 7 8 9 13 52 58] [] [] [] [] [] [] [] [] [] [] [] [] [] [] [] [] [] [] [] [] [] [] [] [] [] [] [] [] [] [] [] [] [] [] [] [] [] [] [] [] [] [] [] [] [] [] [] [] [] [] [] [] [] [] [] [] [] [] [] [] [] [] [] [] [] [] [] [] [] [] [] [] [] [] [] [] [] [] [] [] [] [] [] [] [] [] [] [] [] [] [] [] [] [] [] [] [] [] [] [] [] [] [] [] [] [] [] [] [] [] [] [] [] [] [] [] [] [] [] [] [] [] [] [] [] [] []
236 [] [1 2 3 4 5 8] [1 2 3 4 5 7] [1 2 4 5 7] [1 2 3 4 5] [1 2 3 4 5 7 8 10] [1 2 3 4 5 7 10] [1 2 3 5 7 10] [1 2 3 4 5 7 8 13] [1 2 5] [1 2 3 4 5 7 13] [1 2 4 5 7 13] [1 2 3 5 8 10 13] [1 2 3 5 7 8 10 19] [1 2 4 5 8] [1 2 3 4 5 8 10 19] [1 2 3 4 5 7 8] [1 2 3 5 10] [1 2 3 4 5 8 13 17] [1 2 3 5] [1 2 3 5 13] [1 2 3 4 5 7 10 13 17 52] [1 2 3 4 5 7 13 52] [1 2 4 5 7 13 52] [1 2 4 5] [1 2 3 5 7] [1 2 3 4 5 7 8 10 13 17] [1 2 3 5 7 8 10 13] [1 2 3 4 5 10] [1 2 3 4 5 7 8 13 17] [1 2 3 13] [1 2 3 4 5 7 8 10 13 17 24] [1 2 3 4 5 7 10 13 17] [1 2 5 7 10] [1 2 3 4 5 10 13] [1 2 3 4 5 8 10 13 19 52 58] [1 2] [1 2 3 4 5 8 10 13 17] [1 2 3 4 5 13 52] [1 2 3 4 5 8 10] [1 2 3 4 5 6 8 11 13 52 58] [1] [1 2 3 5 10 13] [1 5 27] [1 2 4 5 6 7 8 9 10 13] [1 2 3 4 5 7 8 9 13] [1 2 3 5 8] [1 2 3 4 5 13] [1 2 3 5 7 13] [1 2 3 4 5 6 7] [1 2 3 4 5 7 17] [1 2 3 4] [1 2 3 4 5 7 10 13] [1 2 3 4 5 7 10 17] [1 2 7 13] [1 2 4 5 6 8] [1 2 3 4 5 7 8 10 13 17 52] [1 2 3] [1 2 3 4 5 7 8 10 13] [1 2 3 4 5 13 52 58] [1 2 3 4 5 7 8 10 13 52] [1 2 4 5 7 9 10] [1 5] [1 2 3 4 5 7 8 13 52] [1 2 3 5 7 10 13 52] [1 2 3 4 5 7 10 17 43 58] [1 2 3 4 5 6] [1 13] [1 2 5 7 10 13 17 52] [1 2 3 5 13 52] [1 2 3 4 5 7 8 10 13 17 19] [1 2 3 4 5 7 8 9 10 11] [1 2 3 4 5 7 8 17] [1 2 3 4 5 6 7 8 9 13 52 58] [] [] [] [] [] [] [] [] [] [] [] [] [] [] [] [] [] [] [] [] [] [] [] [] [] [] [] [] [] [] [] [] [] [] [] [] [] [] [] [] [] [] [] [] [] [] [] [] [] [] [] [] [] [] [] [] [] [] [] [] [] [] [] [] [] [] [] [] [] [] [] [] [] [] [] [] [] [] [] [] [] [] [] [] [] [] [] [] [] [] [] [] [] [] [] [] [] [] [] [] [] [] [] [] [] [] [] [] [] [] [] [] [] [] [] [] [] [] [] [] [] [] [] [] [] [] []
237 [] [1 2 4 5 7] [1 2 4 5 13] [1 2 3 4 5] [1 2 3 4 5 7 8 10] [1 2 3 4 5 7 10] [1 2 3 5 7 10] [1 2 3 4 5 7 8 13] [1 2 3 4 5 7] [1 2 5] [1 2 3 4 5 7 13] [1 2 4 5 7 13] [1 2 3 4 5 8] [1 2 3 5 8 10 13] [1 2 3 5 7 8 10 19] [1 2 4 5 8] [1 2 3 4 5 8 10 19] [1 2 3 4 5 7 8] [1 2 3 5 10] [1 2 3 4 5 8 13 17] [1 2 3 5] [1 2 3 5 13] [1 2 3 4 5 7 10 13 17 52] [1 2 3 4 5 7 13 52] [1 2 4 5 7 13 52] [1 2 4 5] [1 2 3 5 7] [1 2 3 4 5 7 8 10 13 17] [1 2 3 5 7 8 10 13] [1 2 3 4 5 10] [1 2 3 4 5 7 8 13 17] [1 2 3 13] [1 2 3 4 5 7 8 10 13 17 24] [1 2 3 4 5 7 10 13 17] [1 2 5 7 10] [1 2 3 4 5 10 13] [1 2 3 4 5 8 10 13 19 52 58] [1 2] [1 2 3 4 5 8 10 13 17] [1 2 3 4 5 13 52] [1 2 3 4 5 8 10] [1 2 3 4 5 6 8 11 13 52 58] [1] [1 2 3 5 10 13] [1 5 27] [1 2 4 5 6 7 8 9 10 13] [1 2 3 4 5 7 8 9 13] [1 2 3 5 8] [1 2 3 4 5 13] [1 2 3 5 7 13] [1 2 3 4 5 6 7] [1 2 3 4 5 7 17] [1 2 3 4] [1 2 3 4 5 7 10 13] [1 2 3 4 5 7 10 17] [1 2 7 13] [1 2 4 5 6 8] [1 2 3 4 5 7 8 10 13 17 52] [1 2 3] [1 2 3 4 5 7 8 10 13] [1 2 3 4 5 13 52 58] [1 2 3 4 5 7 8 10 13 52] [1 2 4 5 7 9 10] [1 5] [1 2 3 4 5 7 8 13 52] [1 2 3 5 7 10 13 52] [1 2 3 4 5 7 10 17 43 58] [1 2 3 4 5 6] [1 13] [1 2 5 7 10 13 17 52] [1 2 3 5 13 52] [1 2 3 4 5 7 8 10 13 17 19] [1 2 3 4 5 7 8 9 10 11] [1 2 3 4 5 7 8 17] [1 2 3 4 5 6 7 8 9 13 52 58] [] [] [] [] [] [] [] [] [] [] [] [] [] [] [] [] [] [] [] [] [] [] [] [] [] [] [] [] [] [] [] [] [] [] [] [] [] [] [] [] [] [] [] [] [] [] [] [] [] [] [] [] [] [] [] [] [] [] [] [] [] [] [] [] [] [] [] [] [] [] [] [] [] [] [] [] [] [] [] [] [] [] [] [] [] [] [] [] [] [] [] [] [] [] [] [] [] [] [] [] [] [] [] [] [] [] [] [] [] [] [] [] [] [] [] [] [] [] [] [] [] [] [] [] [] []
238 [] [1 2 3 4 5] [1 2 3 4 5 7 8 10] [1 2 3 4 5 7 10] [1 2 3 5 7 10] [1 2 4 5 7] [1 2 3 4 5 7 8 13] [1 2 3 4 5 7] [1 2 5] [1 2 3 4 5 7 13] [1 2 4 5 7 13] [1 2 3 4 5 8] [1 2 3 5 8 10 13] [1 2 3 5 7 8 10 19] [1 2 4 5 8] [1 2 3 4 5 8 10 19] [1 2 3 4 5 7 8] [1 2 3 5 10] [1 2 3 4 5 8 13 17] [1 2 3 5] [1 2 3 5 13] [1 2 3 4 5 7 10 13 17 52] [1 2 3 4 5 7 13 52] [1 2 4 5 7 13 52] [1 2 4 5] [1 2 3 5 7] [1 2 3 4 5 7 8 10 13 17] [1 2 3 5 7 8 10 13] [1 2 3 4 5 10] [1 2 3 4 5 7 8 13 17] [1 2 3 13] [1 2 3 4 5 7 8 10 13 17 24] [1 2 3 4 5 7 10 13 17] [1 2 5 7 10] [1 2 3 4 5 10 13] [1 2 3 4 5 8 10 13 19 52 58] [1 2] [1 2 3 4 5 8 10 13 17] [1 2 3 4 5 13 52] [1 2 3 4 5 8 10] [1 2 3 4 5 6 8 11 13 52 58] [1] [1 2 3 5 10 13] [1 5 27] [1 2 4 5 6 7 8 9 10 13] [1 2 3 4 5 7 8 9 13] [1 2 3 5 8] [1 2 3 4 5 13] [1 2 3 5 7 13] [1 2 3 4 5 6 7] [1 2 3 4 5 7 17] [1 2 3 4] [1 2 3 4 5 7 10 13] [1 2 3 4 5 7 10 17] [1 2 7 13] [1 2 4 5 6 8] [1 2 3 4 5 7 8 10 13 17 52] [1 2 3] [1 2 3 4 5 7 8 10 13] [1 2 3 4 5 13 52 58] [1 2 3 4 5 7 8 10 13 52] [1 2 4 5 7 9 10] [1 5] [1 2 3 4 5 7 8 13 52] [1 2 3 5 7 10 13 52] [1 2 3 4 5 7 10 17 43 58] [1 2 3 4 5 6] [1 13] [1 2 5 7 10 13 17 52] [1 2 3 5 13 52] [1 2 3 4 5 7 8 10 13 17 19] [1 2 3 4 5 7 8 9 10 11] [1 2 3 4 5 7 8 17] [1 2 3 4 5 6 7 8 9 13 52 58] [] [] [] [] [] [] [] [] [] [] [] [] [] [] [] [] [] [] [] [] [] [] [] [] [] [] [] [] [] [] [] [] [] [] [] [] [] [] [] [] [] [] [] [] [] [] [] [] [] [] [] [] [] [] [] [] [] [] [] [] [] [] [] [] [] [] [] [] [] [] [] [] [] [] [] [] [] [] [] [] [] [] [] [] [] [] [] [] [] [] [] [] [] [] [] [] [] [] [] [] [] [] [] [] [] [] [] [] [] [] [] [] [] [] [] [] [] [] [] [] [] [] [] [] [] [] []
239 [] [1 2 3 4 5 7 10] [1 2 3 4 5 7 8 13 52] [1 2 3 5 7 10] [1 2 4 5 7] [1 2 3 4 5 7 8 13] [1 2 3 4 5 7] [1 2 3 4 5 7 8 10] [1 2 5] [1 2 3 4 5 7 13] [1 2 4 5 7 13] [1 2 3 4 5 8] [1 2 3 5 8 10 13] [1 2 3 5 7 8 10 19] [1 2 3 4 5] [1 2 4 5 8] [1 2 3 4 5 8 10 19] [1 2 3 4 5 7 8] [1 2 3 5 10] [1 2 3 4 5 8 13 17] [1 2 3 5] [1 2 3 5 13] [1 2 3 4 5 7 10 13 17 52] [1 2 3 4 5 7 13 52] [1 2 4 5 7 13 52] [1 2 4 5] [1 2 3 5 7] [1 2 3 4 5 7 8 10 13 17] [1 2 3 5 7 8 10 13] [1 2 3 4 5 10] [1 2 3 4 5 7 8 13 17] [1 2 3 13] [1 2 3 4 5 7 8 10 13 17 24] [1 2 3 4 5 7 10 13 17] [1 2 5 7 10] [1 2 3 4 5 10 13] [1 2 3 4 5 8 10 13 19 52 58] [1 2] [1 2 3 4 5 8 10 13 17] [1 2 3 4 5 13 52] [1 2 3 4 5 8 10] [1 2 3 4 5 6 8 11 13 52 58] [1] [1 2 3 5 10 13] [1 5 27] [1 2 4 5 6 7 8 9 10 13] [1 2 3 4 5 7 8 9 13] [1 2 3 5 8] [1 2 3 4 5 13] [1 2 3 5 7 13] [1 2 3 4 5 6 7] [1 2 3 4 5 7 17] [1 2 3 4] [1 2 3 4 5 7 10 13] [1 2 3 4 5 7 10 17] [1 2 7 13] [1 2 4 5 6 8] [1 2 3 4 5 7 8 10 13 17 52] [1 2 3] [1 2 3 4 5 7 8 10 13] [1 2 3 4 5 13 52 58] [1 2 3 4 5 7 8 10 13 52] [1 2 4 5 7 9 10] [1 5] [1 2 3 5 7 10 13 52] [1 2 3 4 5 7 10 17 43 58] [1 2 3 4 5 6] [1 13] [1 2 5 7 10 13 17 52] [1 2 3 5 13 52] [1 2 3 4 5 7 8 10 13 17 19] [1 2 3 4 5 7 8 9 10 11] [1 2 3 4 5 7 8 17] [1 2 3 4 5 6 7 8 9 13 52 58] [] [] [] [] [] [] [] [] [] [] [] [] [] [] [] [] [] [] [] [] [] [] [] [] [] [] [] [] [] [] [] [] [] [] [] [] [] [] [] [] [] [] [] [] [] [] [] [] [] [] [] [] [] [] [] [] [] [] [] [] [] [] [] [] [] [] [] [] [] [] [] [] [] [] [] [] [] [] [] [] [] [] [] [] [] [] [] [] [] [] [] [] [] [] [] [] [] [] [] [] [] [] [] [] [] [] [] [] [] [] [] [] [] [] [] [] [] [] [] [] [] [] [] [] [] [] []
240 [] [1 2 3 5 7 10] [1 2 4 5 7] [1 2 3 4 5 7 8 13] [1 2 3 4 5 7] [1 2 3 4 5 7 8 10] [1 2 5] [1 2 3 4 5 7 13] [1 2 4 5 7 13] [1 2 3 4 5 8] [1 2 3 5 8 10 13] [1 2 3 5 7 8 10 19] [1 2 3 4 5] [1 2 4 5 8] [1 2 3 4 5 8 10 19] [1 2 3 4 5 7 8] [1 2 3 5 10] [1 2 3 4 5 8 13 17] [1 2 3 5] [1 2 3 5 13] [1 2 3 4 5 7 10 13 17 52] [1 2 3 4 5 7 13 52] [1 2 4 5 7 13 52] [1 2 4 5] [1 2 3 5 7] [1 2 3 4 5 7 8 10 13 17] [1 2 3 5 7 8 10 13] [1 2 3 4 5 10] [1 2 3 4 5 7 8 13 17] [1 2 3 13] [1 2 3 4 5 7 10] [1 2 3 4 5 7 8 10 13 17 24] [1 2 3 4 5 7 10 13 17] [1 2 5 7 10] [1 2 3 4 5 10 13] [1 2 3 4 5 8 10 13 19 52 58] [1 2] [1 2 3 4 5 8 10 13 17] [1 2 3 4 5 13 52] [1 2 3 4 5 8 10] [1 2 3 4 5 6 8 11 13 52 58] [1] [1 2 3 5 10 13] [1 5 27] [1 2 4 5 6 7 8 9 10 13] [1 2 3 4 5 7 8 9 13] [1 2 3 5 8] [1 2 3 4 5 13] [1 2 3 5 7 13] [1 2 3 4 5 6 7] [1 2 3 4 5 7 17] [1 2 3 4] [1 2 3 4 5 7 10 13] [1 2 3 4 5 7 10 17] [1 2 7 13] [1 2 4 5 6 8] [1 2 3 4 5 7 8 10 13 17 52] [1 2 3] [1 2 3 4 5 7 8 10 13] [1 2 3 4 5 13 52 58] [1 2 3 4 5 7 8 10 13 52] [1 2 4 5 7 9 10] [1 5] [1 2 3 4 5 7 8 13 52] [1 2 3 5 7 10 13 52] [1 2 3 4 5 7 10 17 43 58] [1 2 3 4 5 6] [1 13] [1 2 5 7 10 13 17 52] [1 2 3 5 13 52] [1 2 3 4 5 7 8 10 13 17 19] [1 2 3 4 5 7 8 9 10 11] [1 2 3 4 5 7 8 17] [1 2 3 4 5 6 7 8 9 13 52 58] [] [] [] [] [] [] [] [] [] [] [] [] [] [] [] [] [] [] [] [] [] [] [] [] [] [] [] [] [] [] [] [] [] [] [] [] [] [] [] [] [] [] [] [] [] [] [] [] [] [] [] [] [] [] [] [] [] [] [] [] [] [] [] [] [] [] [] [] [] [] [] [] [] [] [] [] [] [] [] [] [] [] [] [] [] [] [] [] [] [] [] [] [] [] [] [] [] [] [] [] [] [] [] [] [] [] [] [] [] [] [] [] [] [] [] [] [] [] [] [] [] [] [] [] [] [] []
241 [] [1 2 3 4 5 7 8 13] [1 2 3 4 5 7] [1 2 3 4 5 7 8 10] [1 2 4 5 7] [1 2 3 5 7 10] [1 2 5] [1 2 3 4 5 7 13] [1 2 4 5 7 13] [1 2 3 4 5 8] [1 2 3 5 8 10 13] [1 2 3 5 7 8 10 19] [1 2 3 4 5] [1 2 4 5 8] [1 2 3 4 5 8 10 19] [1 2 3 4 5 7 8] [1 2 3 5 10] [1 2 3 4 5 8 13 17] [1 2 3 5] [1 2 3 5 13] [1 2 3 4 5 7 10 13 17 52] [1 2 3 4 5 7 13 52] [1 2 4 5 7 13 52] [1 2 4 5] [1 2 3 5 7] [1 2 3 4 5 7 8 10 13 17] [1 2 3 5 7 8 10 13] [1 2 3 4 5 10] [1 2 3 4 5 7 8 13 17] [1 2 3 13] [1 2 3 4 5 7 10] [1 2 3 4 5 7 8 10 13 17 24] [1 2 3 4 5 7 10 13 17] [1 2 5 7 10] [1 2 3 4 5 10 13] [1 2 3 4 5 8 10 13 19 52 58] [1 2] [1 2 3 4 5 8 10 13 17] [1 2 3 4 5 13 52] [1 2 3 4 5 8 10] [1 2 3 4 5 6 8 11 13 52 58] [1] [1 2 3 5 10 13] [1 5 27] [1 2 4 5 6 7 8 9 10 13] [1 2 3 4 5 7 8 9 13] [1 2 3 5 8] [1 2 3 4 5 13] [1 2 3 5 7 13] [1 2 3 4 5 6 7] [1 2 3 4 5 7 17] [1 2 3 4] [1 2 3 4 5 7 10 13] [1 2 3 4 5 7 10 17] [1 2 7 13] [1 2 4 5 6 8] [1 2 3 4 5 7 8 10 13 17 52] [1 2 3] [1 2 3 4 5 7 8 10 13] [1 2 3 4 5 13 52 58] [1 2 3 4 5 7 8 10 13 52] [1 2 4 5 7 9 10] [1 5] [1 2 3 4 5 7 8 13 52] [1 2 3 5 7 10 13 52] [1 2 3 4 5 7 10 17 43 58] [1 2 3 4 5 6] [1 13] [1 2 5 7 10 13 17 52] [1 2 3 5 13 52] [1 2 3 4 5 7 8 10 13 17 19] [1 2 3 4 5 7 8 9 10 11] [1 2 3 4 5 7 8 17] [1 2 3 4 5 6 7 8 9 13 52 58] [] [] [] [] [] [] [] [] [] [] [] [] [] [] [] [] [] [] [] [] [] [] [] [] [] [] [] [] [] [] [] [] [] [] [] [] [] [] [] [] [] [] [] [] [] [] [] [] [] [] [] [] [] [] [] [] [] [] [] [] [] [] [] [] [] [] [] [] [] [] [] [] [] [] [] [] [] [] [] [] [] [] [] [] [] [] [] [] [] [] [] [] [] [] [] [] [] [] [] [] [] [] [] [] [] [] [] [] [] [] [] [] [] [] [] [] [] [] [] [] [] [] [] [] [] [] []
242 [] [1 2 3 4 5 7 8 10] [1 2 4 5 7] [1 2 3 5 7 10] [1 2 5] [1 2 3 4 5 7 13] [1 2 4 5 7 13] [1 2 3 4 5 8] [1 2 3 5 8 10 13] [1 2 3 5 7 8 10 19] [1 2 3 4 5] [1 2 4 5 8] [1 2 3 4 5 7] [1 2 3 4 5 8 10 19] [1 2 3 4 5 7 8] [1 2 3 5 10] [1 2 3 4 5 8 13 17] [1 2 3 5] [1 2 3 5 13] [1 2 3 4 5 7 10 13 17 52] [1 2 3 4 5 7 13 52] [1 2 4 5 7 13 52] [1 2 4 5] [1 2 3 5 7] [1 2 3 4 5 7 8 10 13 17] [1 2 3 5 7 8 10 13] [1 2 3 4 5 10] [1 2 3 4 5 7 8 13 17] [1 2 3 13] [1 2 3 4 5 7 10] [1 2 3 4 5 7 8 10 13 17 24] [1 2 3 4 5 7 10 13 17] [1 2 5 7 10] [1 2 3 4 5 10 13] [1 2 3 4 5 8 10 13 19 52 58] [1 2] [1 2 3 4 5 8 10 13 17] [1 2 3 4 5 13 52] [1 2 3 4 5 8 10] [1 2 3 4 5 6 8 11 13 52 58] [1] [1 2 3 5 10 13] [1 5 27] [1 2 4 5 6 7 8 9 10 13] [1 2 3 4 5 7 8 9 13] [1 2 3 5 8] [1 2 3 4 5 13] [1 2 3 5 7 13] [1 2 3 4 5 6 7] [1 2 3 4 5 7 17] [1 2 3 4] [1 2 3 4 5 7 10 13] [1 2 3 4 5 7 10 17] [1 2 7 13] [1 2 4 5 6 8] [1 2 3 4 5 7 8 10 13 17 52] [1 2 3] [1 2 3 4 5 7 8 10 13] [1 2 3 4 5 13 52 58] [1 2 3 4 5 7 8 10 13 52] [1 2 4 5 7 9 10] [1 5] [1 2 3 4 5 7 8 13 52] [1 2 3 5 7 10 13 52] [1 2 3 4 5 7 10 17 43 58] [1 2 3 4 5 6] [1 13] [1 2 5 7 10 13 17 52] [1 2 3 5 13 52] [1 2 3 4 5 7 8 10 13 17 19] [1 2 3 4 5 7 8 9 10 11] [1 2 3 4 5 7 8 17] [1 2 3 4 5 6 7 8 9 13 52 58] [] [] [] [] [] [] [] [] [] [] [] [] [] [] [] [] [] [] [] [] [] [] [] [] [] [] [] [] [] [] [] [] [] [] [] [] [] [] [] [] [] [] [] [] [] [] [] [] [] [] [] [] [] [] [] [] [] [] [] [] [] [] [] [] [] [] [] [] [] [] [] [] [] [] [] [] [] [] [] [] [] [] [] [] [] [] [] [] [] [] [] [] [] [] [] [] [] [] [] [] [] [] [] [] [] [] [] [] [] [] [] [] [] [] [] [] [] [] [] [] [] [] [] [] [] [] [] []
243 [] [1 2 3 5 7 10] [1 2 3 4 5 8 10 13 17 24 52 58] [1 2 5] [1 2 3 4 5 7 13] [1 2 4 5 7 13] [1 2 3 4 5 8] [1 2 3 5 8 10 13] [1 2 3 5 7 8 10 19] [1 2 3 4 5] [1 2 4 5 8] [1 2 3 4 5 7] [1 2 3 4 5 7 8 10] [1 2 3 4 5 8 10 19] [1 2 3 4 5 7 8] [1 2 3 5 10] [1 2 4 5 7] [1 2 3 4 5 8 13 17] [1 2 3 5] [1 2 3 5 13] [1 2 3 4 5 7 10 13 17 52] [1 2 3 4 5 7 13 52] [1 2 4 5 7 13 52] [1 2 4 5] [1 2 3 5 7] [1 2 3 4 5 7 8 10 13 17] [1 2 3 5 7 8 10 13] [1 2 3 4 5 10] [1 2 3 4 5 7 8 13 17] [1 2 3 13] [1 2 3 4 5 7 10] [1 2 3 4 5 7 8 10 13 17 24] [1 2 3 4 5 7 10 13 17] [1 2 5 7 10] [1 2 3 4 5 10 13] [1 2 3 4 5 8 10 13 19 52 58] [1 2] [1 2 3 4 5 8 10 13 17] [1 2 3 4 5 13 52] [1 2 3 4 5 8 10] [1 2 3 4 5 6 8 11 13 52 58] [1] [1 2 3 5 10 13] [1 5 27] [1 2 4 5 6 7 8 9 10 13] [1 2 3 4 5 7 8 9 13] [1 2 3 5 8] [1 2 3 4 5 13] [1 2 3 5 7 13] [1 2 3 4 5 6 7] [1 2 3 4 5 7 17] [1 2 3 4] [1 2 3 4 5 7 10 13] [1 2 3 4 5 7 10 17] [1 2 7 13] [1 2 4 5 6 8] [1 2 3 4 5 7 8 10 13 17 52] [1 2 3] [1 2 3 4 5 7 8 10 13] [1 2 3 4 5 13 52 58] [1 2 3 4 5 7 8 10 13 52] [1 2 4 5 7 9 10] [1 5] [1 2 3 4 5 7 8 13 52] [1 2 3 5 7 10 13 52] [1 2 3 4 5 7 10 17 43 58] [1 2 3 4 5 6] [1 13] [1 2 5 7 10 13 17 52] [1 2 3 5 13 52] [1 2 3 4 5 7 8 10 13 17 19] [1 2 3 4 5 7 8 9 10 11] [1 2 3 4 5 7 8 17] [1 2 3 4 5 6 7 8 9 13 52 58] [] [] [] [] [] [] [] [] [] [] [] [] [] [] [] [] [] [] [] [] [] [] [] [] [] [] [] [] [] [] [] [] [] [] [] [] [] [] [] [] [] [] [] [] [] [] [] [] [] [] [] [] [] [] [] [] [] [] [] [] [] [] [] [] [] [] [] [] [] [] [] [] [] [] [] [] [] [] [] [] [] [] [] [] [] [] [] [] [] [] [] [] [] [] [] [] [] [] [] [] [] [] [] [] [] [] [] [] [] [] [] [] [] [] [] [] [] [] [] [] [] [] [] [] [] [] []
244 [] [1 2 5] [1 2 3 4 5 7 13] [1 2 4 5 7 13] [1 2 3 4 5 8] [1 2 3 5 8 10 13] [1 2 3 5 7 8 10 19] [1 2 3 4 5] [1 2 4 5 8] [1 2 3 4 5 7] [1 2 3 4 5 7 8 10] [1 2 3 5 7 10] [1 2 3 4 5 8 10 19] [1 2 3 4 5 7 8] [1 2 3 5 10] [1 2 4 5 7] [1 2 3 4 5 8 13 17] [1 2 3 5] [1 2 3 5 13] [1 2 3 4 5 7 10 13 17 52] [1 2 3 4 5 7 13 52] [1 2 4 5 7 13 52] [1 2 4 5] [1 2 3 5 7] [1 2 3 4 5 7 8 10 13 17] [1 2 3 5 7 8 10 13] [1 2 3 4 5 10] [1 2 3 4 5 7 8 13 17] [1 2 3 13] [1 2 3 4 5 7 10] [1 2 3 4 5 7 8 10 13 17 24] [1 2 3 4 5 7 10 13 17] [1 2 5 7 10] [1 2 3 4 5 10 13] [1 2 3 4 5 8 10 13 19 52 58] [1 2] [1 2 3 4 5 8 10 13 17] [1 2 3 4 5 13 52] [1 2 3 4 5 8 10] [1 2 3 4 5 6 8 11 13 52 58] [1] [1 2 3 5 10 13] [1 5 27] [1 2 4 5 6 7 8 9 10 13] [1 2 3 4 5 7 8 9 13] [1 2 3 5 8] [1 2 3 4 5 13] [1 2 3 5 7 13] [1 2 3 4 5 6 7] [1 2 3 4 5 7 17] [1 2 3 4] [1 2 3 4 5 7 10 13] [1 2 3 4 5 7 10 17] [1 2 7 13] [1 2 4 5 6 8] [1 2 3 4 5 7 8 10 13 17 52] [1 2 3] [1 2 3 4 5 7 8 10 13] [1 2 3 4 5 13 52 58] [1 2 3 4 5 7 8 10 13 52] [1 2 4 5 7 9 10] [1 5] [1 2 3 4 5 7 8 13 52] [1 2 3 5 7 10 13 52] [1 2 3 4 5 7 10 17 43 58] [1 2 3 4 5 6] [1 13] [1 2 5 7 10 13 17 52] [1 2 3 5 13 52] [1 2 3 4 5 7 8 10 13 17 19] [1 2 3 4 5 7 8 9 10 11] [1 2 3 4 5 7 8 17] [1 2 3 4 5 6 7 8 9 13 52 58] [] [] [] [] [] [] [] [] [] [] [] [] [] [] [] [] [] [] [] [] [] [] [] [] [] [] [] [] [] [] [] [] [] [] [] [] [] [] [] [] [] [] [] [] [] [] [] [] [] [] [] [] [] [] [] [] [] [] [] [] [] [] [] [] [] [] [] [] [] [] [] [] [] [] [] [] [] [] [] [] [] [] [] [] [] [] [] [] [] [] [] [] [] [] [] [] [] [] [] [] [] [] [] [] [] [] [] [] [] [] [] [] [] [] [] [] [] [] [] [] [] [] [] [] [] [] [] []
245 [] [1 2 4 5 7 13] [1 2 3 4 5 8] [1 2 3 5 8 10 13] [1 2 3 5 7 8 10 19] [1 2 3 4 5] [1 2 4 5 8] [1 2 3 4 5 7] [1 2 3 4 5 7 8 10] [1 2 3 5 7 10] [1 2 3 4 5 8 10 19] [1 2 3 4 5 7 8] [1 2 3 5 10] [1 2 4 5 7] [1 2 3 4 5 8 13 17] [1 2 3 4 5 7 13] [1 2 3 5] [1 2 3 5 13] [1 2 3 4 5 7 10 13 17 52] [1 2 3 4 5 7 13 52] [1 2 5] [1 2 4 5 7 13 52] [1 2 4 5] [1 2 3 5 7] [1 2 3 4 5 7 8 10 13 17] [1 2 3 5 7 8 10 13] [1 2 3 4 5 10] [1 2 3 4 5 7 8 13 17] [1 2 3 13] [1 2 3 4 5 7 10] [1 2 3 4 5 7 8 10 13 17 24] [1 2 3 4 5 7 10 13 17] [1 2 5 7 10] [1 2 3 4 5 10 13] [1 2 3 4 5 8 10 13 19 52 58] [1 2] [1 2 3 4 5 8 10 13 17] [1 2 3 4 5 13 52] [1 2 3 4 5 8 10] [1 2 3 4 5 6 8 11 13 52 58] [1] [1 2 3 5 10 13] [1 5 27] [1 2 4 5 6 7 8 9 10 13] [1 2 3 4 5 7 8 9 13] [1 2 3 5 8] [1 2 3 4 5 13] [1 2 3 5 7 13] [1 2 3 4 5 6 7] [1 2 3 4 5 7 17] [1 2 3 4] [1 2 3 4 5 7 10 13] [1 2 3 4 5 7 10 17] [1 2 7 13] [1 2 4 5 6 8] [1 2 3 4 5 7 8 10 13 17 52] [1 2 3] [1 2 3 4 5 7 8 10 13] [1 2 3 4 5 13 52 58] [1 2 3 4 5 7 8 10 13 52] [1 2 4 5 7 9 10] [1 5] [1 2 3 4 5 7 8 13 52] [1 2 3 5 7 10 13 52] [1 2 3 4 5 7 10 17 43 58] [1 2 3 4 5 6] [1 13] [1 2 5 7 10 13 17 52] [1 2 3 5 13 52] [1 2 3 4 5 7 8 10 13 17 19] [1 2 3 4 5 7 8 9 10 11] [1 2 3 4 5 7 8 17] [1 2 3 4 5 6 7 8 9 13 52 58] [] [] [] [] [] [] [] [] [] [] [] [] [] [] [] [] [] [] [] [] [] [] [] [] [] [] [] [] [] [] [] [] [] [] [] [] [] [] [] [] [] [] [] [] [] [] [] [] [] [] [] [] [] [] [] [] [] [] [] [] [] [] [] [] [] [] [] [] [] [] [] [] [] [] [] [] [] [] [] [] [] [] [] [] [] [] [] [] [] [] [] [] [] [] [] [] [] [] [] [] [] [] [] [] [] [] [] [] [] [] [] [] [] [] [] [] [] [] [] [] [] [] [] [] [] [] [] []
246 [] [1 2 3 5 8 10 13] [1 2 3 5 7 8 13 17] [1 2 3 4 5 8] [1 2 3 5 7 8 10 19] [1 2 3 4 5] [1 2 4 5 8] [1 2 3 4 5 7] [1 2 3 4 5 7 8 10] [1 2 3 5 7 10] [1 2 3 4 5 8 10 19] [1 2 3 4 5 7 8] [1 2 3 5 10] [1 2 4 5 7] [1 2 3 4 5 8 13 17] [1 2 3 4 5 7 13] [1 2 3 5] [1 2 3 5 13] [1 2 3 4 5 7 10 13 17 52] [1 2 3 4 5 7 13 52] [1 2 5] [1 2 4 5 7 13 52] [1 2 4 5] [1 2 3 5 7] [1 2 3 4 5 7 8 10 13 17] [1 2 3 5 7 8 10 13] [1 2 3 4 5 10] [1 2 3 4 5 7 8 13 17] [1 2 3 13] [1 2 3 4 5 7 10] [1 2 3 4 5 7 8 10 13 17 24] [1 2 3 4 5 7 10 13 17] [1 2 5 7 10] [1 2 3 4 5 10 13] [1 2 3 4 5 8 10 13 19 52 58] [1 2] [1 2 3 4 5 8 10 13 17] [1 2 3 4 5 13 52] [1 2 3 4 5 8 10] [1 2 3 4 5 6 8 11 13 52 58] [1] [1 2 3 5 10 13] [1 5 27] [1 2 4 5 6 7 8 9 10 13] [1 2 3 4 5 7 8 9 13] [1 2 3 5 8] [1 2 3 4 5 13] [1 2 3 5 7 13] [1 2 3 4 5 6 7] [1 2 3 4 5 7 17] [1 2 3 4] [1 2 3 4 5 7 10 13] [1 2 3 4 5 7 10 17] [1 2 7 13] [1 2 4 5 6 8] [1 2 3 4 5 7 8 10 13 17 52] [1 2 3] [1 2 3 4 5 7 8 10 13] [1 2 3 4 5 13 52 58] [1 2 3 4 5 7 8 10 13 52] [1 2 4 5 7 9 10] [1 5] [1 2 3 4 5 7 8 13 52] [1 2 3 5 7 10 13 52] [1 2 3 4 5 7 10 17 43 58] [1 2 3 4 5 6] [1 13] [1 2 5 7 10 13 17 52] [1 2 3 5 13 52] [1 2 3 4 5 7 8 10 13 17 19] [1 2 3 4 5 7 8 9 10 11] [1 2 3 4 5 7 8 17] [1 2 3 4 5 6 7 8 9 13 52 58] [] [] [] [] [] [] [] [] [] [] [] [] [] [] [] [] [] [] [] [] [] [] [] [] [] [] [] [] [] [] [] [] [] [] [] [] [] [] [] [] [] [] [] [] [] [] [] [] [] [] [] [] [] [] [] [] [] [] [] [] [] [] [] [] [] [] [] [] [] [] [] [] [] [] [] [] [] [] [] [] [] [] [] [] [] [] [] [] [] [] [] [] [] [] [] [] [] [] [] [] [] [] [] [] [] [] [] [] [] [] [] [] [] [] [] [] [] [] [] [] [] [] [] [] [] [] [] []
247 [] [1 2 3 4 5 8] [1 2 3 5 7 8 10 19] [1 2 3 4 5 7 8 10 13 17 24] [1 2 3 4 5] [1 2 4 5 8] [1 2 3 4 5 7] [1 2 3 4 5 7 8 10] [1 2 3 5 7 10] [1 2 3 4 5 8 10 19] [1 2 3 4 5 7 8] [1 2 3 5 10] [1 2 4 5 7] [1 2 3 4 5 8 13 17] [1 2 3 4 5 7 13] [1 2 3 5] [1 2 3 5 13] [1 2 3 4 5 7 10 13 17 52] [1 2 3 4 5 7 13 52] [1 2 5] [1 2 4 5 7 13 52] [1 2 4 5] [1 2 3 5 7] [1 2 3 4 5 7 8 10 13 17] [1 2 3 5 7 8 10 13] [1 2 3 4 5 10] [1 2 3 4 5 7 8 13 17] [1 2 3 13] [1 2 3 4 5 7 10] [1 2 3 4 5 7 10 13 17] [1 2 5 7 10] [1 2 3 4 5 10 13] [1 2 3 4 5 8 10 13 19 52 58] [1 2] [1 2 3 4 5 8 10 13 17] [1 2 3 4 5 13 52] [1 2 3 4 5 8 10] [1 2 3 4 5 6 8 11 13 52 58] [1] [1 2 3 5 10 13] [1 5 27] [1 2 4 5 6 7 8 9 10 13] [1 2 3 4 5 7 8 9 13] [1 2 3 5 8] [1 2 3 4 5 13] [1 2 3 5 7 13] [1 2 3 4 5 6 7] [1 2 3 4 5 7 17] [1 2 3 4] [1 2 3 4 5 7 10 13] [1 2 3 4 5 7 10 17] [1 2 7 13] [1 2 4 5 6 8] [1 2 3 4 5 7 8 10 13 17 52] [1 2 3] [1 2 3 4 5 7 8 10 13] [1 2 3 4 5 13 52 58] [1 2 3 4 5 7 8 10 13 52] [1 2 4 5 7 9 10] [1 5] [1 2 3 4 5 7 8 13 52] [1 2 3 5 7 10 13 52] [1 2 3 4 5 7 10 17 43 58] [1 2 3 4 5 6] [1 13] [1 2 5 7 10 13 17 52] [1 2 3 5 13 52] [1 2 3 4 5 7 8 10 13 17 19] [1 2 3 4 5 7 8 9 10 11] [1 2 3 4 5 7 8 17] [1 2 3 4 5 6 7 8 9 13 52 58] [] [] [] [] [] [] [] [] [] [] [] [] [] [] [] [] [] [] [] [] [] [] [] [] [] [] [] [] [] [] [] [] [] [] [] [] [] [] [] [] [] [] [] [] [] [] [] [] [] [] [] [] [] [] [] [] [] [] [] [] [] [] [] [] [] [] [] [] [] [] [] [] [] [] [] [] [] [] [] [] [] [] [] [] [] [] [] [] [] [] [] [] [] [] [] [] [] [] [] [] [] [] [] [] [] [] [] [] [] [] [] [] [] [] [] [] [] [] [] [] [] [] [] [] [] [] [] [] [] []
248 [] [1 2 3 4 5 7 8 10 13 17 24] [1 2 3 4 5] [1 2 4 5 8] [1 2 3 4 5 7] [1 2 3 4 5 7 8 10] [1 2 3 5 7 10] [1 2 3 4 5 8 10 19] [1 2 3 4 5 7 8] [1 2 3 5 10] [1 2 4 5 7] [1 2 3 4 5 8 13 17] [1 2 3 4 5 7 13] [1 2 3 5] [1 2 3 5 13] [1 2 3 4 5 7 10 13 17 52] [1 2 3 4 5 7 13 52] [1 2 5] [1 2 4 5 7 13 52] [1 2 4 5] [1 2 3 5 7] [1 2 3 4 5 7 8 10 13 17] [1 2 3 5 7 8 10 13] [1 2 3 4 5 10] [1 2 3 4 5 7 8 13 17] [1 2 3 4 5 8] [1 2 3 13] [1 2 3 4 5 7 10] [1 2 3 4 5 7 10 13 17] [1 2 5 7 10] [1 2 3 4 5 10 13] [1 2 3 4 5 8 10 13 19 52 58] [1 2] [1 2 3 4 5 8 10 13 17] [1 2 3 4 5 13 52] [1 2 3 4 5 8 10] [1 2 3 4 5 6 8 11 13 52 58] [1] [1 2 3 5 10 13] [1 5 27] [1 2 4 5 6 7 8 9 10 13] [1 2 3 4 5 7 8 9 13] [1 2 3 5 8] [1 2 3 4 5 13] [1 2 3 5 7 13] [1 2 3 4 5 6 7] [1 2 3 4 5 7 17] [1 2 3 4] [1 2 3 4 5 7 10 13] [1 2 3 4 5 7 10 17] [1 2 7 13] [1 2 4 5 6 8] [1 2 3 4 5 7 8 10 13 17 52] [1 2 3] [1 2 3 4 5 7 8 10 13] [1 2 3 4 5 13 52 58] [1 2 3 4 5 7 8 10 13 52] [1 2 4 5 7 9 10] [1 5] [1 2 3 4 5 7 8 13 52] [1 2 3 5 7 10 13 52] [1 2 3 4 5 7 10 17 43 58] [1 2 3 4 5 6] [1 13] [1 2 5 7 10 13 17 52] [1 2 3 5 13 52] [1 2 3 4 5 7 8 10 13 17 19] [1 2 3 4 5 7 8 9 10 11] [1 2 3 4 5 7 8 17] [1 2 3 4 5 6 7 8 9 13 52 58] [] [] [] [] [] [] [] [] [] [] [] [] [] [] [] [] [] [] [] [] [] [] [] [] [] [] [] [] [] [] [] [] [] [] [] [] [] [] [] [] [] [] [] [] [] [] [] [] [] [] [] [] [] [] [] [] [] [] [] [] [] [] [] [] [] [] [] [] [] [] [] [] [] [] [] [] [] [] [] [] [] [] [] [] [] [] [] [] [] [] [] [] [] [] [] [] [] [] [] [] [] [] [] [] [] [] [] [] [] [] [] [] [] [] [] [] [] [] [] [] [] [] [] [] [] [] [] [] [] [] []
249 [] [1 2 4 5 8] [1 2 3 4 5 7] [1 2 3 4 5 7 8 10 19] [1 2 3 4 5 7 8 10] [1 2 3 5 7 10] [1 2 3 4 5 8 10 19] [1 2 3 4 5 7 8] [1 2 3 4 5] [1 2 3 5 10] [1 2 4 5 7] [1 2 3 4 5 8 13 17] [1 2 3 4 5 7 13] [1 2 3 5] [1 2 3 5 13] [1 2 3 4 5 7 10 13 17 52] [1 2 3 4 5 7 13 52] [1 2 5] [1 2 4 5 7 13 52] [1 2 4 5] [1 2 3 5 7] [1 2 3 4 5 7 8 10 13 17] [1 2 3 5 7 8 10 13] [1 2 3 4 5 10] [1 2 3 4 5 7 8 13 17] [1 2 3 4 5 8] [1 2 3 13] [1 2 3 4 5 7 10] [1 2 3 4 5 7 8 10 13 17 24] [1 2 3 4 5 7 10 13 17] [1 2 5 7 10] [1 2 3 4 5 10 13] [1 2 3 4 5 8 10 13 19 52 58] [1 2] [1 2 3 4 5 8 10 13 17] [1 2 3 4 5 13 52] [1 2 3 4 5 8 10] [1 2 3 4 5 6 8 11 13 52 58] [1] [1 2 3 5 10 13] [1 5 27] [1 2 4 5 6 7 8 9 10 13] [1 2 3 4 5 7 8 9 13] [1 2 3 5 8] [1 2 3 4 5 13] [1 2 3 5 7 13] [1 2 3 4 5 6 7] [1 2 3 4 5 7 17] [1 2 3 4] [1 2 3 4 5 7 10 13] [1 2 3 4 5 7 10 17] [1 2 7 13] [1 2 4 5 6 8] [1 2 3 4 5 7 8 10 13 17 52] [1 2 3] [1 2 3 4 5 7 8 10 13] [1 2 3 4 5 13 52 58] [1 2 3 4 5 7 8 10 13 52] [1 2 4 5 7 9 10] [1 5] [1 2 3 4 5 7 8 13 52] [1 2 3 5 7 10 13 52] [1 2 3 4 5 7 10 17 43 58] [1 2 3 4 5 6] [1 13] [1 2 5 7 10 13 17 52] [1 2 3 5 13 52] [1 2 3 4 5 7 8 10 13 17 19] [1 2 3 4 5 7 8 9 10 11] [1 2 3 4 5 7 8 17] [1 2 3 4 5 6 7 8 9 13 52 58] [] [] [] [] [] [] [] [] [] [] [] [] [] [] [] [] [] [] [] [] [] [] [] [] [] [] [] [] [] [] [] [] [] [] [] [] [] [] [] [] [] [] [] [] [] [] [] [] [] [] [] [] [] [] [] [] [] [] [] [] [] [] [] [] [] [] [] [] [] [] [] [] [] [] [] [] [] [] [] [] [] [] [] [] [] [] [] [] [] [] [] [] [] [] [] [] [] [] [] [] [] [] [] [] [] [] [] [] [] [] [] [] [] [] [] [] [] [] [] [] [] [] [] [] [] [] [] [] [] []
250 [] [1 2 3 4 5 7 8 10 19] [1 2 3 4 5 7] [1 2 3 4 5 7 8 10] [1 2 3 5 7 10] [1 2 3 4 5 8 10 19] [1 2 3 4 5 7 8] [1 2 3 4 5] [1 2 3 5 10] [1 2 4 5 7] [1 2 3 4 5 8 13 17] [1 2 3 4 5 7 13] [1 2 3 5] [1 2 3 5 13] [1 2 3 4 5 7 10 13 17 52] [1 2 3 4 5 7 13 52] [1 2 5] [1 2 4 5 7 13 52] [1 2 4 5] [1 2 3 5 7] [1 2 3 4 5 7 8 10 13 17] [1 2 3 5 7 8 10 13] [1 2 3 4 5 10] [1 2 3 4 5 7 8 13 17] [1 2 3 4 5 8] [1 2 3 13] [1 2 3 4 5 7 10] [1 2 3 4 5 7 8 10 13 17 24] [1 2 3 4 5 7 10 13 17] [1 2 5 7 10] [1 2 3 4 5 10 13] [1 2 3 4 5 8 10 13 19 52 58] [1 2] [1 2 3 4 5 8 10 13 17] [1 2 3 4 5 13 52] [1 2 3 4 5 8 10] [1 2 3 4 5 6 8 11 13 52 58] [1] [1 2 3 5 10 13] [1 5 27] [1 2 4 5 6 7 8 9 10 13] [1 2 3 4 5 7 8 9 13] [1 2 3 5 8] [1 2 3 4 5 13] [1 2 3 5 7 13] [1 2 3 4 5 6 7] [1 2 3 4 5 7 17] [1 2 3 4] [1 2 3 4 5 7 10 13] [1 2 3 4 5 7 10 17] [1 2 7 13] [1 2 4 5 6 8] [1 2 3 4 5 7 8 10 13 17 52] [1 2 3] [1 2 3 4 5 7 8 10 13] [1 2 3 4 5 13 52 58] [1 2 3 4 5 7 8 10 13 52] [1 2 4 5 7 9 10] [1 5] [1 2 3 4 5 7 8 13 52] [1 2 3 5 7 10 13 52] [1 2 3 4 5 7 10 17 43 58] [1 2 3 4 5 6] [1 13] [1 2 5 7 10 13 17 52] [1 2 3 5 13 52] [1 2 3 4 5 7 8 10 13 17 19] [1 2 3 4 5 7 8 9 10 11] [1 2 3 4 5 7 8 17] [1 2 3 4 5 6 7 8 9 13 52 58] [] [] [] [] [] [] [] [] [] [] [] [] [] [] [] [] [] [] [] [] [] [] [] [] [] [] [] [] [] [] [] [] [] [] [] [] [] [] [] [] [] [] [] [] [] [] [] [] [] [] [] [] [] [] [] [] [] [] [] [] [] [] [] [] [] [] [] [] [] [] [] [] [] [] [] [] [] [] [] [] [] [] [] [] [] [] [] [] [] [] [] [] [] [] [] [] [] [] [] [] [] [] [] [] [] [] [] [] [] [] [] [] [] [] [] [] [] [] [] [] [] [] [] [] [] [] [] [] [] [] []
251 [] [1 2 3 4 5 7 8 10] [1 2 3 5 7 10] [1 2 3 4 5 8 10 19] [1 2 3 4 5 7] [1 2 3 4 5 7 8] [1 2 3 4 5] [1 2 3 5 10] [1 2 4 5 7] [1 2 3 4 5 8 13 17] [1 2 3 4 5 7 13] [1 2 3 5] [1 2 3 5 13] [1 2 3 4 5 7 10 13 17 52] [1 2 3 4 5 7 13 52] [1 2 5] [1 2 4 5 7 13 52] [1 2 4 5] [1 2 3 5 7] [1 2 3 4 5 7 8 10 13 17] [1 2 3 5 7 8 10 13] [1 2 3 4 5 10] [1 2 3 4 5 7 8 13 17] [1 2 3 4 5 8] [1 2 3 13] [1 2 3 4 5 7 10] [1 2 3 4 5 7 8 10 13 17 24] [1 2 3 4 5 7 10 13 17] [1 2 5 7 10] [1 2 3 4 5 10 13] [1 2 3 4 5 8 10 13 19 52 58] [1 2] [1 2 3 4 5 8 10 13 17] [1 2 3 4 5 13 52] [1 2 3 4 5 8 10] [1 2 3 4 5 6 8 11 13 52 58] [1] [1 2 3 5 10 13] [1 5 27] [1 2 4 5 6 7 8 9 10 13] [1 2 3 4 5 7 8 9 13] [1 2 3 5 8] [1 2 3 4 5 13] [1 2 3 5 7 13] [1 2 3 4 5 6 7] [1 2 3 4 5 7 17] [1 2 3 4] [1 2 3 4 5 7 10 13] [1 2 3 4 5 7 10 17] [1 2 7 13] [1 2 4 5 6 8] [1 2 3 4 5 7 8 10 13 17 52] [1 2 3] [1 2 3 4 5 7 8 10 13] [1 2 3 4 5 13 52 58] [1 2 3 4 5 7 8 10 13 52] [1 2 4 5 7 9 10] [1 5] [1 2 3 4 5 7 8 13 52] [1 2 3 5 7 10 13 52] [1 2 3 4 5 7 10 17 43 58] [1 2 3 4 5 6] [1 13] [1 2 5 7 10 13 17 52] [1 2 3 5 13 52] [1 2 3 4 5 7 8 10 13 17 19] [1 2 3 4 5 7 8 9 10 11] [1 2 3 4 5 7 8 17] [1 2 3 4 5 6 7 8 9 13 52 58] [] [] [] [] [] [] [] [] [] [] [] [] [] [] [] [] [] [] [] [] [] [] [] [] [] [] [] [] [] [] [] [] [] [] [] [] [] [] [] [] [] [] [] [] [] [] [] [] [] [] [] [] [] [] [] [] [] [] [] [] [] [] [] [] [] [] [] [] [] [] [] [] [] [] [] [] [] [] [] [] [] [] [] [] [] [] [] [] [] [] [] [] [] [] [] [] [] [] [] [] [] [] [] [] [] [] [] [] [] [] [] [] [] [] [] [] [] [] [] [] [] [] [] [] [] [] [] [] [] [] [] []
252 [] [1 2 3 4 5 8 10 19] [1 2 3 4 5 7] [1 2 3 4 5 7 8] [1 2 3 4 5] [1 2 3 5 7 10] [1 2 3 5 10] [1 2 4 5 7] [1 2 3 4 5 8 13 17] [1 2 3 4 5 7 13] [1 2 3 5] [1 2 3 5 13] [1 2 3 4 5 7 10 13 17 52] [1 2 3 4 5 7 13 52] [1 2 5] [1 2 4 5 7 13 52] [1 2 4 5] [1 2 3 5 7] [1 2 3 4 5 7 8 10 13 17] [1 2 3 5 7 8 10 13] [1 2 3 4 5 10] [1 2 3 4 5 7 8 13 17] [1 2 3 4 5 8] [1 2 3 13] [1 2 3 4 5 7 10] [1 2 3 4 5 7 8 10 13 17 24] [1 2 3 4 5 7 10 13 17] [1 2 5 7 10] [1 2 3 4 5 10 13] [1 2 3 4 5 8 10 13 19 52 58] [1 2] [1 2 3 4 5 8 10 13 17] [1 2 3 4 5 13 52] [1 2 3 4 5 8 10] [1 2 3 4 5 6 8 11 13 52 58] [1] [1 2 3 5 10 13] [1 5 27] [1 2 4 5 6 7 8 9 10 13] [1 2 3 4 5 7 8 9 13] [1 2 3 5 8] [1 2 3 4 5 13] [1 2 3 5 7 13] [1 2 3 4 5 6 7] [1 2 3 4 5 7 17] [1 2 3 4] [1 2 3 4 5 7 10 13] [1 2 3 4 5 7 10 17] [1 2 7 13] [1 2 4 5 6 8] [1 2 3 4 5 7 8 10 13 17 52] [1 2 3] [1 2 3 4 5 7 8 10 13] [1 2 3 4 5 13 52 58] [1 2 3 4 5 7 8 10 13 52] [1 2 4 5 7 9 10] [1 2 3 4 5 7 8 10] [1 5] [1 2 3 4 5 7 8 13 52] [1 2 3 5 7 10 13 52] [1 2 3 4 5 7 10 17 43 58] [1 2 3 4 5 6] [1 13] [1 2 5 7 10 13 17 52] [1 2 3 5 13 52] [1 2 3 4 5 7 8 10 13 17 19] [1 2 3 4 5 7 8 9 10 11] [1 2 3 4 5 7 8 17] [1 2 3 4 5 6 7 8 9 13 52 58] [] [] [] [] [] [] [] [] [] [] [] [] [] [] [] [] [] [] [] [] [] [] [] [] [] [] [] [] [] [] [] [] [] [] [] [] [] [] [] [] [] [] [] [] [] [] [] [] [] [] [] [] [] [] [] [] [] [] [] [] [] [] [] [] [] [] [] [] [] [] [] [] [] [] [] [] [] [] [] [] [] [] [] [] [] [] [] [] [] [] [] [] [] [] [] [] [] [] [] [] [] [] [] [] [] [] [] [] [] [] [] [] [] [] [] [] [] [] [] [] [] [] [] [] [] [] [] [] [] [] [] []
253 [] [1 2 3 4 5 7 8] [1 2 3 4 5] [1 2 3 5 7 10] [1 2 3 5 10] [1 2 4 5 7] [1 2 3 4 5 8 13 17] [1 2 3 4 5 7 13] [1 2 3 5] [1 2 3 5 13] [1 2 3 4 5 7 10 13 17 52] [1 2 3 4 5 7 13 52] [1 2 5] [1 2 4 5 7 13 52] [1 2 4 5] [1 2 3 5 7] [1 2 3 4 5 7 8 10 13 17] [1 2 3 5 7 8 10 13] [1 2 3 4 5 10] [1 2 3 4 5 7 8 13 17] [1 2 3 4 5 8] [1 2 3 13] [1 2 3 4 5 7 10] [1 2 3 4 5 7 8 10 13 17 24] [1 2 3 4 5 7] [1 2 3 4 5 7 10 13 17] [1 2 5 7 10] [1 2 3 4 5 10 13] [1 2 3 4 5 8 10 13 19 52 58] [1 2] [1 2 3 4 5 8 10 13 17] [1 2 3 4 5 13 52] [1 2 3 4 5 8 10] [1 2 3 4 5 6 8 11 13 52 58] [1] [1 2 3 5 10 13] [1 5 27] [1 2 4 5 6 7 8 9 10 13] [1 2 3 4 5 7 8 9 13] [1 2 3 5 8] [1 2 3 4 5 13] [1 2 3 5 7 13] [1 2 3 4 5 6 7] [1 2 3 4 5 7 17] [1 2 3 4] [1 2 3 4 5 7 10 13] [1 2 3 4 5 7 10 17] [1 2 7 13] [1 2 4 5 6 8] [1 2 3 4 5 7 8 10 13 17 52] [1 2 3] [1 2 3 4 5 7 8 10 13] [1 2 3 4 5 13 52 58] [1 2 3 4 5 7 8 10 13 52] [1 2 4 5 7 9 10] [1 2 3 4 5 7 8 10] [1 5] [1 2 3 4 5 7 8 13 52] [1 2 3 5 7 10 13 52] [1 2 3 4 5 7 10 17 43 58] [1 2 3 4 5 6] [1 13] [1 2 5 7 10 13 17 52] [1 2 3 5 13 52] [1 2 3 4 5 7 8 10 13 17 19] [1 2 3 4 5 7 8 9 10 11] [1 2 3 4 5 7 8 17] [1 2 3 4 5 6 7 8 9 13 52 58] [] [] [] [] [] [] [] [] [] [] [] [] [] [] [] [] [] [] [] [] [] [] [] [] [] [] [] [] [] [] [] [] [] [] [] [] [] [] [] [] [] [] [] [] [] [] [] [] [] [] [] [] [] [] [] [] [] [] [] [] [] [] [] [] [] [] [] [] [] [] [] [] [] [] [] [] [] [] [] [] [] [] [] [] [] [] [] [] [] [] [] [] [] [] [] [] [] [] [] [] [] [] [] [] [] [] [] [] [] [] [] [] [] [] [] [] [] [] [] [] [] [] [] [] [] [] [] [] [] [] [] [] []
254 [] [1 2 3 5 7 10] [1 2 3 5 10] [1 2 4 5 7] [1 2 3 4 5 8 13 17] [1 2 3 4 5] [1 2 3 4 5 7 13] [1 2 3 5] [1 2 3 5 13] [1 2 3 4 5 7 10 13 17 52] [1 2 3 4 5 7 13 52] [1 2 5] [1 2 4 5 7 13 52] [1 2 4 5] [1 2 3 5 7] [1 2 3 4 5 7 8 10 13 17] [1 2 3 5 7 8 10 13] [1 2 3 4 5 10] [1 2 3 4 5 7 8 13 17] [1 2 3 4 5 8] [1 2 3 13] [1 2 3 4 5 7 10] [1 2 3 4 5 7 8 10 13 17 24] [1 2 3 4 5 7] [1 2 3 4 5 7 10 13 17] [1 2 3 4 5 7 8] [1 2 5 7 10] [1 2 3 4 5 10 13] [1 2 3 4 5 8 10 13 19 52 58] [1 2] [1 2 3 4 5 8 10 13 17] [1 2 3 4 5 13 52] [1 2 3 4 5 8 10] [1 2 3 4 5 6 8 11 13 52 58] [1] [1 2 3 5 10 13] [1 5 27] [1 2 4 5 6 7 8 9 10 13] [1 2 3 4 5 7 8 9 13] [1 2 3 5 8] [1 2 3 4 5 13] [1 2 3 5 7 13] [1 2 3 4 5 6 7] [1 2 3 4 5 7 17] [1 2 3 4] [1 2 3 4 5 7 10 13] [1 2 3 4 5 7 10 17] [1 2 7 13] [1 2 4 5 6 8] [1 2 3 4 5 7 8 10 13 17 52] [1 2 3] [1 2 3 4 5 7 8 10 13] [1 2 3 4 5 13 52 58] [1 2 3 4 5 7 8 10 13 52] [1 2 4 5 7 9 10] [1 2 3 4 5 7 8 10] [1 5] [1 2 3 4 5 7 8 13 52] [1 2 3 5 7 10 13 52] [1 2 3 4 5 7 10 17 43 58] [1 2 3 4 5 6] [1 13] [1 2 5 7 10 13 17 52] [1 2 3 5 13 52] [1 2 3 4 5 7 8 10 13 17 19] [1 2 3 4 5 7 8 9 10 11] [1 2 3 4 5 7 8 17] [1 2 3 4 5 6 7 8 9 13 52 58] [] [] [] [] [] [] [] [] [] [] [] [] [] [] [] [] [] [] [] [] [] [] [] [] [] [] [] [] [] [] [] [] [] [] [] [] [] [] [] [] [] [] [] [] [] [] [] [] [] [] [] [] [] [] [] [] [] [] [] [] [] [] [] [] [] [] [] [] [] [] [] [] [] [] [] [] [] [] [] [] [] [] [] [] [] [] [] [] [] [] [] [] [] [] [] [] [] [] [] [] [] [] [] [] [] [] [] [] [] [] [] [] [] [] [] [] [] [] [] [] [] [] [] [] [] [] [] [] [] [] [] [] []
255 [] [1 2 4 5 7] [1 2 3 4 5 8 13 17] [1 2 3 4 5] [1 2 3 4 5 7 13] [1 2 3 5] [1 2 3 5 13] [1 2 3 4 5 7 10 13 17 52] [1 2 3 4 5 7 13 52] [1 2 5] [1 2 4 5 7 13 52] [1 2 4 5] [1 2 3 5 7] [1 2 3 4 5 7 8 10 13 17] [1 2 3 5 7 8 10 13] [1 2 3 4 5 10] [1 2 3 4 5 7 8 13 17] [1 2 3 4 5 8] [1 2 3 13] [1 2 3 4 5 7 10] [1 2 3 4 5 7 8 10 13 17 24] [1 2 3 4 5 7] [1 2 3 4 5 7 10 13 17] [1 2 3 4 5 7 8] [1 2 5 7 10] [1 2 3 4 5 10 13] [1 2 3 4 5 8 10 13 19 52 58] [1 2] [1 2 3 4 5 8 10 13 17] [1 2 3 4 5 13 52] [1 2 3 5 7 10] [1 2 3 4 5 8 10] [1 2 3 4 5 6 8 11 13 52 58] [1] [1 2 3 5 10 13] [1 5 27] [1 2 4 5 6 7 8 9 10 13] [1 2 3 4 5 7 8 9 13] [1 2 3 5 8] [1 2 3 4 5 13] [1 2 3 5 7 13] [1 2 3 4 5 6 7] [1 2 3 4 5 7 17] [1 2 3 4] [1 2 3 4 5 7 10 13] [1 2 3 4 5 7 10 17] [1 2 7 13] [1 2 4 5 6 8] [1 2 3 4 5 7 8 10 13 17 52] [1 2 3] [1 2 3 4 5 7 8 10 13] [1 2 3 4 5 13 52 58] [1 2 3 4 5 7 8 10 13 52] [1 2 4 5 7 9 10] [1 2 3 4 5 7 8 10] [1 5] [1 2 3 4 5 7 8 13 52] [1 2 3 5 7 10 13 52] [1 2 3 4 5 7 10 17 43 58] [1 2 3 4 5 6] [1 13] [1 2 5 7 10 13 17 52] [1 2 3 5 13 52] [1 2 3 4 5 7 8 10 13 17 19] [1 2 3 4 5 7 8 9 10 11] [1 2 3 4 5 7 8 17] [1 2 3 4 5 6 7 8 9 13 52 58] [] [] [] [] [] [] [] [] [] [] [] [] [] [] [] [] [] [] [] [] [] [] [] [] [] [] [] [] [] [] [] [] [] [] [] [] [] [] [] [] [] [] [] [] [] [] [] [] [] [] [] [] [] [] [] [] [] [] [] [] [] [] [] [] [] [] [] [] [] [] [] [] [] [] [] [] [] [] [] [] [] [] [] [] [] [] [] [] [] [] [] [] [] [] [] [] [] [] [] [] [] [] [] [] [] [] [] [] [] [] [] [] [] [] [] [] [] [] [] [] [] [] [] [] [] [] [] [] [] [] [] [] [] []
256 [] [1 2 3 4 5] [1 2 3 4 5 7 13] [1 2 3 5] [1 2 3 5 13] [1 2 3 4 5 7 10 13 17 52] [1 2 3 4 5 7 13 52] [1 2 5] [1 2 4 5 7 13 52] [1 2 4 5] [1 2 3 5 7] [1 2 3 4 5 7 8 10 13 17] [1 2 3 5 7 8 10 13] [1 2 3 4 5 10] [1 2 3 4 5 7 8 13 17] [1 2 3 4 5 8] [1 2 3 13] [1 2 3 4 5 7 10] [1 2 3 4 5 7 8 10 13 17 24] [1 2 3 4 5 7] [1 2 3 4 5 7 10 13 17] [1 2 3 4 5 7 8] [1 2 5 7 10] [1 2 3 4 5 10 13] [1 2 3 4 5 8 10 13 19 52 58] [1 2] [1 2 3 4 5 8 10 13 17] [1 2 3 4 5 13 52] [1 2 3 5 7 10] [1 2 3 4 5 8 10] [1 2 3 4 5 6 8 11 13 52 58] [1] [1 2 3 5 10 13] [1 5 27] [1 2 4 5 6 7 8 9 10 13] [1 2 3 4 5 7 8 9 13] [1 2 3 5 8] [1 2 3 4 5 13] [1 2 3 5 7 13] [1 2 3 4 5 6 7] [1 2 3 4 5 7 17] [1 2 3 4] [1 2 3 4 5 7 10 13] [1 2 3 4 5 7 10 17] [1 2 7 13] [1 2 4 5 6 8] [1 2 3 4 5 7 8 10 13 17 52] [1 2 3] [1 2 3 4 5 7 8 10 13] [1 2 3 4 5 13 52 58] [1 2 3 4 5 7 8 10 13 52] [1 2 4 5 7 9 10] [1 2 3 4 5 7 8 10] [1 5] [1 2 3 4 5 7 8 13 52] [1 2 3 5 7 10 13 52] [1 2 3 4 5 7 10 17 43 58] [1 2 3 4 5 6] [1 13] [1 2 3 4 5 8 13 17] [1 2 5 7 10 13 17 52] [1 2 3 5 13 52] [1 2 3 4 5 7 8 10 13 17 19] [1 2 3 4 5 7 8 9 10 11] [1 2 3 4 5 7 8 17] [1 2 3 4 5 6 7 8 9 13 52 58] [] [] [] [] [] [] [] [] [] [] [] [] [] [] [] [] [] [] [] [] [] [] [] [] [] [] [] [] [] [] [] [] [] [] [] [] [] [] [] [] [] [] [] [] [] [] [] [] [] [] [] [] [] [] [] [] [] [] [] [] [] [] [] [] [] [] [] [] [] [] [] [] [] [] [] [] [] [] [] [] [] [] [] [] [] [] [] [] [] [] [] [] [] [] [] [] [] [] [] [] [] [] [] [] [] [] [] [] [] [] [] [] [] [] [] [] [] [] [] [] [] [] [] [] [] [] [] [] [] [] [] [] [] [] []
257 [] [1 2 3 5] [1 2 3 5 13] [1 2 3 4 5 7 8 13 17] [1 2 3 4 5 7 10 13 17 52] [1 2 3 4 5 7 13 52] [1 2 5] [1 2 4 5 7 13 52] [1 2 4 5] [1 2 3 5 7] [1 2 3 4 5 7 8 10 13 17] [1 2 3 5 7 8 10 13] [1 2 3 4 5 10] [1 2 3 4 5 8] [1 2 3 13] [1 2 3 4 5 7 10] [1 2 3 4 5 7 8 10 13 17 24] [1 2 3 4 5 7] [1 2 3 4 5 7 10 13 17] [1 2 3 4 5 7 8] [1 2 5 7 10] [1 2 3 4 5 10 13] [1 2 3 4 5 8 10 13 19 52 58] [1 2] [1 2 3 4 5 8 10 13 17] [1 2 3 4 5 13 52] [1 2 3 5 7 10] [1 2 3 4 5 8 10] [1 2 3 4 5 6 8 11 13 52 58] [1] [1 2 3 5 10 13] [1 5 27] [1 2 4 5 6 7 8 9 10 13] [1 2 3 4 5 7 8 9 13] [1 2 3 5 8] [1 2 3 4 5 13] [1 2 3 5 7 13] [1 2 3 4 5 6 7] [1 2 3 4 5 7 17] [1 2 3 4] [1 2 3 4 5 7 10 13] [1 2 3 4 5 7 10 17] [1 2 7 13] [1 2 4 5 6 8] [1 2 3 4 5 7 8 10 13 17 52] [1 2 3] [1 2 3 4 5 7 8 10 13] [1 2 3 4 5 13 52 58] [1 2 3 4 5 7 8 10 13 52] [1 2 4 5 7 9 10] [1 2 3 4 5 7 8 10] [1 5] [1 2 3 4 5 7 8 13 52] [1 2 3 5 7 10 13 52] [1 2 3 4 5 7 10 17 43 58] [1 2 3 4 5 6] [1 2 3 4 5] [1 13] [1 2 3 4 5 8 13 17] [1 2 5 7 10 13 17 52] [1 2 3 5 13 52] [1 2 3 4 5 7 8 10 13 17 19] [1 2 3 4 5 7 8 9 10 11] [1 2 3 4 5 7 8 17] [1 2 3 4 5 6 7 8 9 13 52 58] [1 2 3 4 5 7 13] [] [] [] [] [] [] [] [] [] [] [] [] [] [] [] [] [] [] [] [] [] [] [] [] [] [] [] [] [] [] [] [] [] [] [] [] [] [] [] [] [] [] [] [] [] [] [] [] [] [] [] [] [] [] [] [] [] [] [] [] [] [] [] [] [] [] [] [] [] [] [] [] [] [] [] [] [] [] [] [] [] [] [] [] [] [] [] [] [] [] [] [] [] [] [] [] [] [] [] [] [] [] [] [] [] [] [] [] [] [] [] [] [] [] [] [] [] [] [] [] [] [] [] [] [] [] [] [] [] [] [] [] [] [] []
258 [] [1 2 3 4 5 7 8 13 17] [1 2 3 4 5 7 10 13 17 52] [1 2 3 4 5 7 13 52] [1 2 5] [1 2 4 5 7 13 52] [1 2 4 5] [1 2 3 5 7] [1 2 3 4 5 7 8 10 13 17] [1 2 3 5 7 8 10 13] [1 2 3 4 5 10] [1 2 3 4 5 8] [1 2 3 13] [1 2 3 4 5 7 10] [1 2 3 4 5 7 8 10 13 17 24] [1 2 3 4 5 7] [1 2 3 4 5 7 10 13 17] [1 2 3 4 5 7 8] [1 2 5 7 10] [1 2 3 4 5 10 13] [1 2 3 5] [1 2 3 4 5 8 10 13 19 52 58] [1 2] [1 2 3 4 5 8 10 13 17] [1 2 3 4 5 13 52] [1 2 3 5 7 10] [1 2 3 4 5 8 10] [1 2 3 4 5 6 8 11 13 52 58] [1] [1 2 3 5 10 13] [1 2 3 5 13] [1 5 27] [1 2 4 5 6 7 8 9 10 13] [1 2 3 4 5 7 8 9 13] [1 2 3 5 8] [1 2 3 4 5 13] [1 2 3 5 7 13] [1 2 3 4 5 6 7] [1 2 3 4 5 7 17] [1 2 3 4] [1 2 3 4 5 7 10 13] [1 2 3 4 5 7 10 17] [1 2 7 13] [1 2 4 5 6 8] [1 2 3 4 5 7 8 10 13 17 52] [1 2 3] [1 2 3 4 5 7 8 10 13] [1 2 3 4 5 13 52 58] [1 2 3 4 5 7 8 10 13 52] [1 2 4 5 7 9 10] [1 2 3 4 5 7 8 10] [1 5] [1 2 3 4 5 7 8 13 52] [1 2 3 5 7 10 13 52] [1 2 3 4 5 7 10 17 43 58] [1 2 3 4 5 6] [1 2 3 4 5] [1 13] [1 2 3 4 5 8 13 17] [1 2 5 7 10 13 17 52] [1 2 3 5 13 52] [1 2 3 4 5 7 8 10 13 17 19] [1 2 3 4 5 7 8 9 10 11] [1 2 3 4 5 7 8 17] [1 2 3 4 5 6 7 8 9 13 52 58] [1 2 3 4 5 7 13] [] [] [] [] [] [] [] [] [] [] [] [] [] [] [] [] [] [] [] [] [] [] [] [] [] [] [] [] [] [] [] [] [] [] [] [] [] [] [] [] [] [] [] [] [] [] [] [] [] [] [] [] [] [] [] [] [] [] [] [] [] [] [] [] [] [] [] [] [] [] [] [] [] [] [] [] [] [] [] [] [] [] [] [] [] [] [] [] [] [] [] [] [] [] [] [] [] [] [] [] [] [] [] [] [] [] [] [] [] [] [] [] [] [] [] [] [] [] [] [] [] [] [] [] [] [] [] [] [] [] [] [] [] [] []
259 [] [1 2 3 4 5 7 13 52] [1 2 5] [1 2 4 5 7 13 52] [1 2 4 5] [1 2 3 5 7] [1 2 3 4 5 7 8 10 13 17] [1 2 3 5 7 8 10 13] [1 2 3 4 5 10] [1 2 3 4 5 7 8 13 17] [1 2 3 4 5 8] [1 2 3 13] [1 2 3 4 5 7 10] [1 2 3 4 5 7 8 10 13 17 24] [1 2 3 4 5 7] [1 2 3 4 5 7 10 13 17] [1 2 3 4 5 7 8] [1 2 5 7 10] [1 2 3 4 5 10 13] [1 2 3 5] [1 2 3 4 5 8 10 13 19 52 58] [1 2] [1 2 3 4 5 8 10 13 17] [1 2 3 4 5 13 52] [1 2 3 5 7 10] [1 2 3 4 5 8 10] [1 2 3 4 5 6 8 11 13 52 58] [1] [1 2 3 5 10 13] [1 2 3 5 13] [1 5 27] [1 2 4 5 6 7 8 9 10 13] [1 2 3 4 5 7 8 9 13] [1 2 3 5 8] [1 2 3 4 5 13] [1 2 3 5 7 13] [1 2 3 4 5 6 7] [1 2 3 4 5 7 17] [1 2 3 4] [1 2 3 4 5 7 10 13] [1 2 3 4 5 7 10 17] [1 2 7 13] [1 2 4 5 6 8] [1 2 3 4 5 7 8 10 13 17 52] [1 2 3] [1 2 3 4 5 7 8 10 13] [1 2 3 4 5 13 52 58] [1 2 3 4 5 7 8 10 13 52] [1 2 4 5 7 9 10] [1 2 3 4 5 7 8 10] [1 5] [1 2 3 4 5 7 8 13 52] [1 2 3 5 7 10 13 52] [1 2 3 4 5 7 10 17 43 58] [1 2 3 4 5 6] [1 2 3 4 5] [1 13] [1 2 3 4 5 8 13 17] [1 2 5 7 10 13 17 52] [1 2 3 5 13 52] [1 2 3 4 5 7 8 10 13 17 19] [1 2 3 4 5 7 8 9 10 11] [1 2 3 4 5 7 8 17] [1 2 3 4 5 6 7 8 9 13 52 58] [1 2 3 4 5 7 13] [] [] [] [] [] [] [] [] [] [] [] [] [] [] [] [] [] [] [] [] [] [] [] [] [] [] [] [] [] [] [] [] [] [] [] [] [] [] [] [] [] [] [] [] [] [] [] [] [] [] [] [] [] [] [] [] [] [] [] [] [] [] [] [] [] [] [] [] [] [] [] [] [] [] [] [] [] [] [] [] [] [] [] [] [] [] [] [] [] [] [] [] [] [] [] [] [] [] [] [] [] [] [] [] [] [] [] [] [] [] [] [] [] [] [] [] [] [] [] [] [] [] [] [] [] [] [] [] [] [] [] [] [] [] [] []
260 [] [1 2 4 5 7 13 52] [1 2 4 5] [1 2 3 5 7] [1 2 3 4 5 7 8 10 13 17] [1 2 3 5 7 8 10 13] [1 2 3 4 5 10] [1 2 3 4 5 7 8 13 17] [1 2 3 4 5 8] [1 2 3 13] [1 2 3 4 5 7 10] [1 2 3 4 5 7 8 10 13 17 24] [1 2 3 4 5 7] [1 2 3 4 5 7 10 13 17] [1 2 3 4 5 7 8] [1 2 5 7 10] [1 2 3 4 5 10 13] [1 2 3 5] [1 2 3 4 5 8 10 13 19 52 58] [1 2] [1 2 3 4 5 8 10 13 17] [1 2 3 4 5 13 52] [1 2 3 5 7 10] [1 2 3 4 5 8 10] [1 2 3 4 5 6 8 11 13 52 58] [1] [1 2 3 5 10 13] [1 2 3 5 13] [1 5 27] [1 2 4 5 6 7 8 9 10 13] [1 2 3 4 5 7 8 9 13] [1 2 3 5 8] [1 2 3 4 5 13] [1 2 3 5 7 13] [1 2 3 4 5 6 7] [1 2 3 4 5 7 17] [1 2 3 4] [1 2 3 4 5 7 10 13] [1 2 3 4 5 7 10 17] [1 2 7 13] [1 2 4 5 6 8] [1 2 3 4 5 7 8 10 13 17 52] [1 2 5] [1 2 3] [1 2 3 4 5 7 8 10 13] [1 2 3 4 5 13 52 58] [1 2 3 4 5 7 8 10 13 52] [1 2 4 5 7 9 10] [1 2 3 4 5 7 8 10] [1 5] [1 2 3 4 5 7 8 13 52] [1 2 3 5 7 10 13 52] [1 2 3 4 5 7 10 17 43 58] [1 2 3 4 5 6] [1 2 3 4 5] [1 13] [1 2 3 4 5 8 13 17] [1 2 5 7 10 13 17 52] [1 2 3 5 13 52] [1 2 3 4 5 7 8 10 13 17 19] [1 2 3 4 5 7 8 9 10 11] [1 2 3 4 5 7 8 17] [1 2 3 4 5 6 7 8 9 13 52 58] [1 2 3 4 5 7 13] [] [] [] [] [] [] [] [] [] [] [] [] [] [] [] [] [] [] [] [] [] [] [] [] [] [] [] [] [] [] [] [] [] [] [] [] [] [] [] [] [] [] [] [] [] [] [] [] [] [] [] [] [] [] [] [] [] [] [] [] [] [] [] [] [] [] [] [] [] [] [] [] [] [] [] [] [] [] [] [] [] [] [] [] [] [] [] [] [] [] [] [] [] [] [] [] [] [] [] [] [] [] [] [] [] [] [] [] [] [] [] [] [] [] [] [] [] [] [] [] [] [] [] [] [] [] [] [] [] [] [] [] [] [] [] [] []
261 [] [1 2 3 5 7] [1 2 4 5] [1 2 3 4 5 7 8 10 13 17] [1 2 3 5 7 8 10 13] [1 2 3 4 5 10] [1 2 3 4 5 7 8 13 17] [1 2 3 4 5 8] [1 2 3 13] [1 2 3 4 5 7 10] [1 2 3 4 5 7 8 10 13 17 24] [1 2 3 4 5 7] [1 2 3 4 5 7 10 13 17] [1 2 3 4 5 7 8] [1 2 5 7 10] [1 2 3 4 5 10 13] [1 2 3 5] [1 2 3 4 5 8 10 13 19 52 58] [1 2] [1 2 3 4 5 8 10 13 17] [1 2 3 4 5 13 52] [1 2 3 5 7 10] [1 2 3 4 5 8 10] [1 2 3 4 5 6 8 11 13 52 58] [1] [1 2 3 5 10 13] [1 2 3 5 13] [1 5 27] [1 2 4 5 6 7 8 9 10 13] [1 2 3 4 5 7 8 9 13] [1 2 3 5 8] [1 2 3 4 5 13] [1 2 3 5 7 13] [1 2 3 4 5 6 7] [1 2 3 4 5 7 17] [1 2 3 4] [1 2 3 4 5 7 10 13] [1 2 3 4 5 7 10 17] [1 2 7 13] [1 2 4 5 6 8] [1 2 3 4 5 7 8 10 13 17 52] [1 2 5] [1 2 3] [1 2 3 4 5 7 8 10 13] [1 2 3 4 5 13 52 58] [1 2 3 4 5 7 8 10 13 52] [1 2 4 5 7 9 10] [1 2 3 4 5 7 8 10] [1 5] [1 2 3 4 5 7 8 13 52] [1 2 3 5 7 10 13 52] [1 2 3 4 5 7 10 17 43 58] [1 2 3 4 5 6] [1 2 3 4 5] [1 13] [1 2 3 4 5 8 13 17] [1 2 5 7 10 13 17 52] [1 2 3 5 13 52] [1 2 3 4 5 7 8 10 13 17 19] [1 2 3 4 5 7 8 9 10 11] [1 2 3 4 5 7 8 17] [1 2 3 4 5 6 7 8 9 13 52 58] [1 2 3 4 5 7 13] [] [] [] [] [] [] [] [] [] [] [] [] [] [] [] [] [] [] [] [] [] [] [] [] [] [] [] [] [] [] [] [] [] [] [] [] [] [] [] [] [] [] [] [] [] [] [] [] [] [] [] [] [] [] [] [] [] [] [] [] [] [] [] [] [] [] [] [] [] [] [] [] [] [] [] [] [] [] [] [] [] [] [] [] [] [] [] [] [] [] [] [] [] [] [] [] [] [] [] [] [] [] [] [] [] [] [] [] [] [] [] [] [] [] [] [] [] [] [] [] [] [] [] [] [] [] [] [] [] [] [] [] [] [] [] [] [] []
262 [] [1 2 4 5] [1 2 3 4 5 7 8 10 13 17] [1 2 3 5 7 8 10 13] [1 2 3 4 5 10] [1 2 3 4 5 7 8 13 17] [1 2 3 4 5 8] [1 2 3 5 7] [1 2 3 13] [1 2 3 4 5 7 10] [1 2 3 4 5 7 8 10 13 17 24] [1 2 3 4 5 7] [1 2 3 4 5 7 10 13 17] [1 2 3 4 5 7 8] [1 2 5 7 10] [1 2 3 4 5 10 13] [1 2 3 5] [1 2 3 4 5 8 10 13 19 52 58] [1 2] [1 2 3 4 5 8 10 13 17] [1 2 3 4 5 13 52] [1 2 3 5 7 10] [1 2 3 4 5 8 10] [1 2 3 4 5 6 8 11 13 52 58] [1] [1 2 3 5 10 13] [1 2 3 5 13] [1 5 27] [1 2 4 5 6 7 8 9 10 13] [1 2 3 4 5 7 8 9 13] [1 2 3 5 8] [1 2 3 4 5 13] [1 2 3 5 7 13] [1 2 3 4 5 6 7] [1 2 3 4 5 7 17] [1 2 3 4] [1 2 3 4 5 7 10 13] [1 2 3 4 5 7 10 17] [1 2 7 13] [1 2 4 5 6 8] [1 2 3 4 5 7 8 10 13 17 52] [1 2 5] [1 2 3] [1 2 3 4 5 7 8 10 13] [1 2 3 4 5 13 52 58] [1 2 3 4 5 7 8 10 13 52] [1 2 4 5 7 9 10] [1 2 3 4 5 7 8 10] [1 5] [1 2 3 4 5 7 8 13 52] [1 2 3 5 7 10 13 52] [1 2 3 4 5 7 10 17 43 58] [1 2 3 4 5 6] [1 2 3 4 5] [1 13] [1 2 3 4 5 8 13 17] [1 2 5 7 10 13 17 52] [1 2 3 5 13 52] [1 2 3 4 5 7 8 10 13 17 19] [1 2 3 4 5 7 8 9 10 11] [1 2 3 4 5 7 8 17] [1 2 3 4 5 6 7 8 9 13 52 58] [1 2 3 4 5 7 13] [] [] [] [] [] [] [] [] [] [] [] [] [] [] [] [] [] [] [] [] [] [] [] [] [] [] [] [] [] [] [] [] [] [] [] [] [] [] [] [] [] [] [] [] [] [] [] [] [] [] [] [] [] [] [] [] [] [] [] [] [] [] [] [] [] [] [] [] [] [] [] [] [] [] [] [] [] [] [] [] [] [] [] [] [] [] [] [] [] [] [] [] [] [] [] [] [] [] [] [] [] [] [] [] [] [] [] [] [] [] [] [] [] [] [] [] [] [] [] [] [] [] [] [] [] [] [] [] [] [] [] [] [] [] [] [] [] []
263 [] [1 2 3 5 7 8 10 13] [1 2 3 4 5 10] [1 2 3 4 5 7 8 13 17] [1 2 3 4 5 8] [1 2 3 5 7] [1 2 3 13] [1 2 3 4 5 7 10] [1 2 3 4 5 7 8 10 13 17 24] [1 2 3 4 5 7] [1 2 3 4 5 7 10 13 17] [1 2 3 4 5 7 8] [1 2 5 7 10] [1 2 3 4 5 10 13] [1 2 3 5] [1 2 3 4 5 8 10 13 19 52 58] [1 2 4 5] [1 2] [1 2 3 4 5 8 10 13 17] [1 2 3 4 5 13 52] [1 2 3 5 7 10] [1 2 3 4 5 8 10] [1 2 3 4 5 6 8 11 13 52 58] [1] [1 2 3 5 10 13] [1 2 3 5 13] [1 5 27] [1 2 4 5 6 7 8 9 10 13] [1 2 3 4 5 7 8 9 13] [1 2 3 5 8] [1 2 3 4 5 13] [1 2 3 5 7 13] [1 2 3 4 5 6 7] [1 2 3 4 5 7 17] [1 2 3 4] [1 2 3 4 5 7 10 13] [1 2 3 4 5 7 10 17] [1 2 7 13] [1 2 4 5 6 8] [1 2 3 4 5 7 8 10 13 17 52] [1 2 5] [1 2 3] [1 2 3 4 5 7 8 10 13] [1 2 3 4 5 13 52 58] [1 2 3 4 5 7 8 10 13 52] [1 2 4 5 7 9 10] [1 2 3 4 5 7 8 10] [1 5] [1 2 3 4 5 7 8 13 52] [1 2 3 5 7 10 13 52] [1 2 3 4 5 7 10 17 43 58] [1 2 3 4 5 6] [1 2 3 4 5] [1 13] [1 2 3 4 5 8 13 17] [1 2 5 7 10 13 17 52] [1 2 3 5 13 52] [1 2 3 4 5 7 8 10 13 17 19] [1 2 3 4 5 7 8 9 10 11] [1 2 3 4 5 7 8 17] [1 2 3 4 5 6 7 8 9 13 52 58] [1 2 3 4 5 7 13] [] [] [] [] [] [] [] [] [] [] [] [] [] [] [] [] [] [] [] [] [] [] [] [] [] [] [] [] [] [] [] [] [] [] [] [] [] [] [] [] [] [] [] [] [] [] [] [] [] [] [] [] [] [] [] [] [] [] [] [] [] [] [] [] [] [] [] [] [] [] [] [] [] [] [] [] [] [] [] [] [] [] [] [] [] [] [] [] [] [] [] [] [] [] [] [] [] [] [] [] [] [] [] [] [] [] [] [] [] [] [] [] [] [] [] [] [] [] [] [] [] [] [] [] [] [] [] [] [] [] [] [] [] [] [] [] [] [] []
264 [] [1 2 3 4 5 10] [1 2 3 5] [1 2 3 4 5 7 8 13 17] [1 2 3 4 5 8] [1 2 3 5 7] [1 2 3 13] [1 2 3 4 5 7 10] [1 2 3 4 5 7 8 10 13 17 24] [1 2 3 4 5 7] [1 2 3 4 5 7 10 13 17] [1 2 3 4 5 7 8] [1 2 5 7 10] [1 2 3 4 5 10 13] [1 2 3 4 5 8 10 13 19 52 58] [1 2 4 5] [1 2] [1 2 3 4 5 8 10 13 17] [1 2 3 4 5 13 52] [1 2 3 5 7 10] [1 2 3 4 5 8 10] [1 2 3 4 5 6 8 11 13 52 58] [1] [1 2 3 5 10 13] [1 2 3 5 13] [1 5 27] [1 2 4 5 6 7 8 9 10 13] [1 2 3 4 5 7 8 9 13] [1 2 3 5 8] [1 2 3 4 5 13] [1 2 3 5 7 13] [1 2 3 4 5 6 7] [1 2 3 4 5 7 17] [1 2 3 4] [1 2 3 4 5 7 10 13] [1 2 3 4 5 7 10 17] [1 2 7 13] [1 2 4 5 6 8] [1 2 3 4 5 7 8 10 13 17 52] [1 2 5] [1 2 3] [1 2 3 4 5 7 8 10 13] [1 2 3 4 5 13 52 58] [1 2 3 4 5 7 8 10 13 52] [1 2 4 5 7 9 10] [1 2 3 4 5 7 8 10] [1 5] [1 2 3 4 5 7 8 13 52] [1 2 3 5 7 10 13 52] [1 2 3 4 5 7 10 17 43 58] [1 2 3 4 5 6] [1 2 3 4 5] [1 13] [1 2 3 4 5 8 13 17] [1 2 5 7 10 13 17 52] [1 2 3 5 13 52] [1 2 3 4 5 7 8 10 13 17 19] [1 2 3 4 5 7 8 9 10 11] [1 2 3 4 5 7 8 17] [1 2 3 4 5 6 7 8 9 13 52 58] [1 2 3 4 5 7 13] [] [] [] [] [] [] [] [] [] [] [] [] [] [] [] [] [] [] [] [] [] [] [] [] [] [] [] [] [] [] [] [] [] [] [] [] [] [] [] [] [] [] [] [] [] [] [] [] [] [] [] [] [] [] [] [] [] [] [] [] [] [] [] [] [] [] [] [] [] [] [] [] [] [] [] [] [] [] [] [] [] [] [] [] [] [] [] [] [] [] [] [] [] [] [] [] [] [] [] [] [] [] [] [] [] [] [] [] [] [] [] [] [] [] [] [] [] [] [] [] [] [] [] [] [] [] [] [] [] [] [] [] [] [] [] [] [] [] [] []
265 [] [1 2 3 4 5 7 8 13 17] [1 2 3 4 5 8 13 52] [1 2 3 4 5 8] [1 2 3 5 7] [1 2 3 13] [1 2 3 4 5 7 10] [1 2 3 4 5 7 8 10 13 17 24] [1 2 3 4 5 7] [1 2 3 4 5 7 10 13 17] [1 2 3 4 5 7 8] [1 2 5 7 10] [1 2 3 4 5 10 13] [1 2 3 4 5 10] [1 2 3 5] [1 2 3 4 5 8 10 13 19 52 58] [1 2 4 5] [1 2] [1 2 3 4 5 8 10 13 17] [1 2 3 4 5 13 52] [1 2 3 5 7 10] [1 2 3 4 5 8 10] [1 2 3 4 5 6 8 11 13 52 58] [1] [1 2 3 5 10 13] [1 2 3 5 13] [1 5 27] [1 2 4 5 6 7 8 9 10 13] [1 2 3 4 5 7 8 9 13] [1 2 3 5 8] [1 2 3 4 5 13] [1 2 3 5 7 13] [1 2 3 4 5 6 7] [1 2 3 4 5 7 17] [1 2 3 4] [1 2 3 4 5 7 10 13] [1 2 3 4 5 7 10 17] [1 2 7 13] [1 2 4 5 6 8] [1 2 3 4 5 7 8 10 13 17 52] [1 2 5] [1 2 3] [1 2 3 4 5 7 8 10 13] [1 2 3 4 5 13 52 58] [1 2 3 4 5 7 8 10 13 52] [1 2 4 5 7 9 10] [1 2 3 4 5 7 8 10] [1 5] [1 2 3 4 5 7 8 13 52] [1 2 3 5 7 10 13 52] [1 2 3 4 5 7 10 17 43 58] [1 2 3 4 5 6] [1 2 3 4 5] [1 13] [1 2 3 4 5 8 13 17] [1 2 5 7 10 13 17 52] [1 2 3 5 13 52] [1 2 3 4 5 7 8 10 13 17 19] [1 2 3 4 5 7 8 9 10 11] [1 2 3 4 5 7 8 17] [1 2 3 4 5 6 7 8 9 13 52 58] [1 2 3 4 5 7 13] [] [] [] [] [] [] [] [] [] [] [] [] [] [] [] [] [] [] [] [] [] [] [] [] [] [] [] [] [] [] [] [] [] [] [] [] [] [] [] [] [] [] [] [] [] [] [] [] [] [] [] [] [] [] [] [] [] [] [] [] [] [] [] [] [] [] [] [] [] [] [] [] [] [] [] [] [] [] [] [] [] [] [] [] [] [] [] [] [] [] [] [] [] [] [] [] [] [] [] [] [] [] [] [] [] [] [] [] [] [] [] [] [] [] [] [] [] [] [] [] [] [] [] [] [] [] [] [] [] [] [] [] [] [] [] [] [] [] []
266 [] [1 2 3 4 5 8] [1 2 3 5 7] [1 2 3 13] [1 2 3 4 5 7 10] [1 2 3 4 5 7 8 10 13 17 24] [1 2 3 4 5 7] [1 2 3 4 5 7 10 13 17] [1 2 3 4 5 7 8] [1 2 5 7 10] [1 2 3 4 5 10 13] [1 2 3 4 5 10] [1 2 3 5] [1 2 3 4 5 8 10 13 19 52 58] [1 2 4 5] [1 2] [1 2 3 4 5 8 10 13 17] [1 2 3 4 5 13 52] [1 2 3 5 7 10] [1 2 3 4 5 8 10] [1 2 3 4 5 6 8 11 13 52 58] [1] [1 2 3 5 10 13] [1 2 3 5 13] [1 5 27] [1 2 4 5 6 7 8 9 10 13] [1 2 3 4 5 7 8 9 13] [1 2 3 5 8] [1 2 3 4 5 13] [1 2 3 5 7 13] [1 2 3 4 5 6 7] [1 2 3 4 5 7 17] [1 2 3 4] [1 2 3 4 5 7 10 13] [1 2 3 4 5 7 10 17] [1 2 7 13] [1 2 4 5 6 8] [1 2 3 4 5 7 8 10 13 17 52] [1 2 5] [1 2 3] [1 2 3 4 5 7 8 10 13] [1 2 3 4 5 13 52 58] [1 2 3 4 5 7 8 10 13 52] [1 2 4 5 7 9 10] [1 2 3 4 5 7 8 10] [1 5] [1 2 3 4 5 7 8 13 52] [1 2 3 5 7 10 13 52] [1 2 3 4 5 7 10 17 43 58] [1 2 3 4 5 6] [1 2 3 4 5] [1 13] [1 2 3 4 5 8 13 17] [1 2 5 7 10 13 17 52] [1 2 3 5 13 52] [1 2 3 4 5 7 8 10 13 17 19] [1 2 3 4 5 7 8 9 10 11] [1 2 3 4 5 7 8 17] [1 2 3 4 5 6 7 8 9 13 52 58] [1 2 3 4 5 7 13] [] [] [] [] [] [] [] [] [] [] [] [] [] [] [] [] [] [] [] [] [] [] [] [] [] [] [] [] [] [] [] [] [] [] [] [] [] [] [] [] [] [] [] [] [] [] [] [] [] [] [] [] [] [] [] [] [] [] [] [] [] [] [] [] [] [] [] [] [] [] [] [] [] [] [] [] [] [] [] [] [] [] [] [] [] [] [] [] [] [] [] [] [] [] [] [] [] [] [] [] [] [] [] [] [] [] [] [] [] [] [] [] [] [] [] [] [] [] [] [] [] [] [] [] [] [] [] [] [] [] [] [] [] [] [] [] [] [] [] [] []
267 [] [1 2 3 13] [1 2 3 4 5 7 10] [1 2 3 4 5 7 8 10 13 17 24] [1 2 3 4 5 7] [1 2 3 4 5 7 10 13 17] [1 2 3 4 5 7 8] [1 2 3 4 5 8] [1 2 5 7 10] [1 2 3 4 5 10 13] [1 2 3 4 5 10] [1 2 3 5] [1 2 3 4 5 8 10 13 19 52 58] [1 2 4 5] [1 2] [1 2 3 4 5 8 10 13 17] [1 2 3 4 5 13 52] [1 2 3 5 7 10] [1 2 3 4 5 8 10] [1 2 3 4 5 6 8 11 13 52 58] [1] [1 2 3 5 10 13] [1 2 3 5 13] [1 5 27] [1 2 4 5 6 7 8 9 10 13] [1 2 3 4 5 7 8 9 13] [1 2 3 5 8] [1 2 3 4 5 13] [1 2 3 5 7 13] [1 2 3 4 5 6 7] [1 2 3 4 5 7 17] [1 2 3 4] [1 2 3 4 5 7 10 13] [1 2 3 4 5 7 10 17] [1 2 7 13] [1 2 4 5 6 8] [1 2 3 4 5 7 8 10 13 17 52] [1 2 5] [1 2 3] [1 2 3 4 5 7 8 10 13] [1 2 3 4 5 13 52 58] [1 2 3 4 5 7 8 10 13 52] [1 2 3 5 7] [1 2 4 5 7 9 10] [1 2 3 4 5 7 8 10] [1 5] [1 2 3 4 5 7 8 13 52] [1 2 3 5 7 10 13 52] [1 2 3 4 5 7 10 17 43 58] [1 2 3 4 5 6] [1 2 3 4 5] [1 13] [1 2 3 4 5 8 13 17] [1 2 5 7 10 13 17 52] [1 2 3 5 13 52] [1 2 3 4 5 7 8 10 13 17 19] [1 2 3 4 5 7 8 9 10 11] [1 2 3 4 5 7 8 17] [1 2 3 4 5 6 7 8 9 13 52 58] [1 2 3 4 5 7 13] [] [] [] [] [] [] [] [] [] [] [] [] [] [] [] [] [] [] [] [] [] [] [] [] [] [] [] [] [] [] [] [] [] [] [] [] [] [] [] [] [] [] [] [] [] [] [] [] [] [] [] [] [] [] [] [] [] [] [] [] [] [] [] [] [] [] [] [] [] [] [] [] [] [] [] [] [] [] [] [] [] [] [] [] [] [] [] [] [] [] [] [] [] [] [] [] [] [] [] [] [] [] [] [] [] [] [] [] [] [] [] [] [] [] [] [] [] [] [] [] [] [] [] [] [] [] [] [] [] [] [] [] [] [] [] [] [] [] [] [] []
268 [] [1 2 3 4 5 7 8 10 13 17 24] [1 2 3 4 5 7] [1 2 3 4 5 7 10 13 17] [1 2 3 4 5 7 8] [1 2 3 4 5 8] [1 2 5 7 10] [1 2 3 4 5 10 13] [1 2 3 4 5 10] [1 2 3 5] [1 2 3 4 5 8 10 13 19 52 58] [1 2 4 5] [1 2] [1 2 3 4 5 8 10 13 17] [1 2 3 4 5 13 52] [1 2 3 5 7 10] [1 2 3 4 5 8 10] [1 2 3 4 5 6 8 11 13 52 58] [1] [1 2 3 5 10 13] [1 2 3 5 13] [1 5 27] [1 2 4 5 6 7 8 9 10 13] [1 2 3 4 5 7 8 9 13] [1 2 3 5 8] [1 2 3 4 5 13] [1 2 3 5 7 13] [1 2 3 4 5 6 7] [1 2 3 4 5 7 17] [1 2 3 4] [1 2 3 4 5 7 10 13] [1 2 3 4 5 7 10 17] [1 2 7 13] [1 2 4 5 6 8] [1 2 3 4 5 7 8 10 13 17 52] [1 2 3 13] [1 2 5] [1 2 3] [1 2 3 4 5 7 8 10 13] [1 2 3 4 5 13 52 58] [1 2 3 4 5 7 8 10 13 52] [1 2 3 5 7] [1 2 4 5 7 9 10] [1 2 3 4 5 7 8 10] [1 5] [1 2 3 4 5 7 8 13 52] [1 2 3 5 7 10 13 52] [1 2 3 4 5 7 10 17 43 58] [1 2 3 4 5 6] [1 2 3 4 5] [1 13] [1 2 3 4 5 8 13 17] [1 2 5 7 10 13 17 52] [1 2 3 5 13 52] [1 2 3 4 5 7 8 10 13 17 19] [1 2 3 4 5 7 8 9 10 11] [1 2 3 4 5 7 8 17] [1 2 3 4 5 6 7 8 9 13 52 58] [1 2 3 4 5 7 13] [] [] [] [] [] [] [] [] [] [] [] [] [] [] [] [] [] [] [] [] [] [] [] [] [] [] [] [] [] [] [] [] [] [] [] [] [] [] [] [] [] [] [] [] [] [] [] [] [] [] [] [] [] [] [] [] [] [] [] [] [] [] [] [] [] [] [] [] [] [] [] [] [] [] [] [] [] [] [] [] [] [] [] [] [] [] [] [] [] [] [] [] [] [] [] [] [] [] [] [] [] [] [] [] [] [] [] [] [] [] [] [] [] [] [] [] [] [] [] [] [] [] [] [] [] [] [] [] [] [] [] [] [] [] [] [] [] [] [] [] [] []
269 [] [1 2 3 4 5 7 10 13 17] [1 2 3 4 5 7 8] [1 2 3 4 5 8] [1 2 5 7 10] [1 2 3 4 5 10 13] [1 2 3 4 5 10] [1 2 3 5] [1 2 3 4 5 8 10 13 19 52 58] [1 2 4 5] [1 2 3 4 5 7] [1 2] [1 2 3 4 5 8 10 13 17] [1 2 3 4 5 13 52] [1 2 3 5 7 10] [1 2 3 4 5 8 10] [1 2 3 4 5 6 8 11 13 52 58] [1] [1 2 3 5 10 13] [1 2 3 5 13] [1 5 27] [1 2 4 5 6 7 8 9 10 13] [1 2 3 4 5 7 8 9 13] [1 2 3 5 8] [1 2 3 4 5 13] [1 2 3 5 7 13] [1 2 3 4 5 6 7] [1 2 3 4 5 7 17] [1 2 3 4] [1 2 3 4 5 7 8 10 13 17 24] [1 2 3 4 5 7 10 13] [1 2 3 4 5 7 10 17] [1 2 7 13] [1 2 4 5 6 8] [1 2 3 4 5 7 8 10 13 17 52] [1 2 3 13] [1 2 5] [1 2 3] [1 2 3 4 5 7 8 10 13] [1 2 3 4 5 13 52 58] [1 2 3 4 5 7 8 10 13 52] [1 2 3 5 7] [1 2 4 5 7 9 10] [1 2 3 4 5 7 8 10] [1 5] [1 2 3 4 5 7 8 13 52] [1 2 3 5 7 10 13 52] [1 2 3 4 5 7 10 17 43 58] [1 2 3 4 5 6] [1 2 3 4 5] [1 13] [1 2 3 4 5 8 13 17] [1 2 5 7 10 13 17 52] [1 2 3 5 13 52] [1 2 3 4 5 7 8 10 13 17 19] [1 2 3 4 5 7 8 9 10 11] [1 2 3 4 5 7 8 17] [1 2 3 4 5 6 7 8 9 13 52 58] [1 2 3 4 5 7 13] [] [] [] [] [] [] [] [] [] [] [] [] [] [] [] [] [] [] [] [] [] [] [] [] [] [] [] [] [] [] [] [] [] [] [] [] [] [] [] [] [] [] [] [] [] [] [] [] [] [] [] [] [] [] [] [] [] [] [] [] [] [] [] [] [] [] [] [] [] [] [] [] [] [] [] [] [] [] [] [] [] [] [] [] [] [] [] [] [] [] [] [] [] [] [] [] [] [] [] [] [] [] [] [] [] [] [] [] [] [] [] [] [] [] [] [] [] [] [] [] [] [] [] [] [] [] [] [] [] [] [] [] [] [] [] [] [] [] [] [] [] []
270 [] [1 2 3 4 5 8] [1 2 5 7 10] [1 2 3 4 5 10 13] [1 2 3 4 5 10] [1 2 3 5] [1 2 3 4 5 8 10 13 19 52 58] [1 2 4 5] [1 2 3 4 5 7] [1 2] [1 2 3 4 5 8 10 13 17] [1 2 3 4 5 13 52] [1 2 3 5 7 10] [1 2 3 4 5 8 10] [1 2 3 4 5 6 8 11 13 52 58] [1] [1 2 3 5 10 13] [1 2 3 5 13] [1 5 27] [1 2 4 5 6 7 8 9 10 13] [1 2 3 4 5 7 8 9 13] [1 2 3 5 8] [1 2 3 4 5 13] [1 2 3 5 7 13] [1 2 3 4 5 6 7] [1 2 3 4 5 7 17] [1 2 3 4] [1 2 3 4 5 7 8 10 13 17 24] [1 2 3 4 5 7 10 13] [1 2 3 4 5 7 10 17] [1 2 7 13] [1 2 4 5 6 8] [1 2 3 4 5 7 8 10 13 17 52] [1 2 3 13] [1 2 3 4 5 7 8] [1 2 5] [1 2 3] [1 2 3 4 5 7 8 10 13] [1 2 3 4 5 13 52 58] [1 2 3 4 5 7 8 10 13 52] [1 2 3 5 7] [1 2 4 5 7 9 10] [1 2 3 4 5 7 8 10] [1 5] [1 2 3 4 5 7 8 13 52] [1 2 3 5 7 10 13 52] [1 2 3 4 5 7 10 17 43 58] [1 2 3 4 5 6] [1 2 3 4 5] [1 13] [1 2 3 4 5 8 13 17] [1 2 5 7 10 13 17 52] [1 2 3 5 13 52] [1 2 3 4 5 7 8 10 13 17 19] [1 2 3 4 5 7 8 9 10 11] [1 2 3 4 5 7 8 17] [1 2 3 4 5 6 7 8 9 13 52 58] [1 2 3 4 5 7 13] [] [] [] [] [] [] [] [] [] [] [] [] [] [] [] [] [] [] [] [] [] [] [] [] [] [] [] [] [] [] [] [] [] [] [] [] [] [] [] [] [] [] [] [] [] [] [] [] [] [] [] [] [] [] [] [] [] [] [] [] [] [] [] [] [] [] [] [] [] [] [] [] [] [] [] [] [] [] [] [] [] [] [] [] [] [] [] [] [] [] [] [] [] [] [] [] [] [] [] [] [] [] [] [] [] [] [] [] [] [] [] [] [] [] [] [] [] [] [] [] [] [] [] [] [] [] [] [] [] [] [] [] [] [] [] [] [] [] [] [] [] [] []
271 [] [1 2 3 4 5 10 13] [1 2 4 5 7 13] [1 2 3 4 5 7 8 10 13 17] [1 2 3 4 5 10] [1 2 3 5] [1 2 3 4 5 8 10 13 19 52 58] [1 2 4 5] [1 2 3 4 5 7] [1 2] [1 2 3 4 5 8 10 13 17] [1 2 3 4 5 13 52] [1 2 3 5 7 10] [1 2 3 4 5 8 10] [1 2 3 4 5 6 8 11 13 52 58] [1] [1 2 3 5 10 13] [1 2 3 5 13] [1 5 27] [1 2 4 5 6 7 8 9 10 13] [1 2 3 4 5 7 8 9 13] [1 2 3 5 8] [1 2 3 4 5 13] [1 2 3 5 7 13] [1 2 3 4 5 6 7] [1 2 3 4 5 7 17] [1 2 3 4] [1 2 3 4 5 7 8 10 13 17 24] [1 2 3 4 5 7 10 13] [1 2 3 4 5 7 10 17] [1 2 7 13] [1 2 4 5 6 8] [1 2 3 4 5 7 8 10 13 17 52] [1 2 3 13] [1 2 3 4 5 7 8] [1 2 5] [1 2 3] [1 2 3 4 5 7 8 10 13] [1 2 3 4 5 13 52 58] [1 2 3 4 5 7 8 10 13 52] [1 2 3 5 7] [1 2 4 5 7 9 10] [1 2 3 4 5 7 8 10] [1 5] [1 2 3 4 5 7 8 13 52] [1 2 3 5 7 10 13 52] [1 2 3 4 5 7 10 17 43 58] [1 2 3 4 5 6] [1 2 3 4 5] [1 13] [1 2 3 4 5 8 13 17] [1 2 5 7 10 13 17 52] [1 2 3 5 13 52] [1 2 3 4 5 7 8 10 13 17 19] [1 2 3 4 5 7 8 9 10 11] [1 2 3 4 5 7 8 17] [1 2 3 4 5 6 7 8 9 13 52 58] [1 2 3 4 5 7 13] [1 2 3 4 5 8] [] [] [] [] [] [] [] [] [] [] [] [] [] [] [] [] [] [] [] [] [] [] [] [] [] [] [] [] [] [] [] [] [] [] [] [] [] [] [] [] [] [] [] [] [] [] [] [] [] [] [] [] [] [] [] [] [] [] [] [] [] [] [] [] [] [] [] [] [] [] [] [] [] [] [] [] [] [] [] [] [] [] [] [] [] [] [] [] [] [] [] [] [] [] [] [] [] [] [] [] [] [] [] [] [] [] [] [] [] [] [] [] [] [] [] [] [] [] [] [] [] [] [] [] [] [] [] [] [] [] [] [] [] [] [] [] [] [] [] [] [] []
272 [] [1 2 3 4 5 7 8 10 13 17] [1 2 3 4 5 10] [1 2 3 4 5 8 10] [1 2 3 5] [1 2 3 4 5 8 10 13 19 52 58] [1 2 4 5] [1 2 3 4 5 7] [1 2] [1 2 3 4 5 8 10 13 17] [1 2 3 4 5 13 52] [1 2 3 5 7 10] [1 2 3 4 5 6 8 11 13 52 58] [1] [1 2 3 5 10 13] [1 2 3 5 13] [1 5 27] [1 2 4 5 6 7 8 9 10 13] [1 2 3 4 5 7 8 9 13] [1 2 3 5 8] [1 2 3 4 5 13] [1 2 3 5 7 13] [1 2 3 4 5 6 7] [1 2 3 4 5 7 17] [1 2 3 4] [1 2 3 4 5 7 8 10 13 17 24] [1 2 3 4 5 7 10 13] [1 2 3 4 5 7 10 17] [1 2 7 13] [1 2 4 5 6 8] [1 2 3 4 5 7 8 10 13 17 52] [1 2 3 13] [1 2 3 4 5 7 8] [1 2 5] [1 2 3] [1 2 3 4 5 7 8 10 13] [1 2 3 4 5 13 52 58] [1 2 3 4 5 7 8 10 13 52] [1 2 3 5 7] [1 2 4 5 7 9 10] [1 2 3 4 5 7 8 10] [1 5] [1 2 3 4 5 7 8 13 52] [1 2 3 5 7 10 13 52] [1 2 3 4 5 7 10 17 43 58] [1 2 3 4 5 6] [1 2 3 4 5] [1 13] [1 2 3 4 5 8 13 17] [1 2 5 7 10 13 17 52] [1 2 3 5 13 52] [1 2 3 4 5 7 8 10 13 17 19] [1 2 3 4 5 7 8 9 10 11] [1 2 3 4 5 7 8 17] [1 2 3 4 5 6 7 8 9 13 52 58] [1 2 3 4 5 7 13] [1 2 3 4 5 8] [] [] [] [] [] [] [] [] [] [] [] [] [] [] [] [] [] [] [] [] [] [] [] [] [] [] [] [] [] [] [] [] [] [] [] [] [] [] [] [] [] [] [] [] [] [] [] [] [] [] [] [] [] [] [] [] [] [] [] [] [] [] [] [] [] [] [] [] [] [] [] [] [] [] [] [] [] [] [] [] [] [] [] [] [] [] [] [] [] [] [] [] [] [] [] [] [] [] [] [] [] [] [] [] [] [] [] [] [] [] [] [] [] [] [] [] [] [] [] [] [] [] [] [] [] [] [] [] [] [] [] [] [] [] [] [] [] [] [] [] [] [] [] []
273 [] [1 2 3 4 5 8 10] [1 2 3 5] [1 2 3 4 5 8 10 13 19 52 58] [1 2 4 5] [1 2 3 4 5 7] [1 2] [1 2 3 4 5 8 10 13 17] [1 2 3 4 5 13 52] [1 2 3 5 7 10] [1 2 3 4 5 6 8 11 13 52 58] [1] [1 2 3 5 10 13] [1 2 3 5 13] [1 5 27] [1 2 4 5 6 7 8 9 10 13] [1 2 3 4 5 7 8 9 13] [1 2 3 5 8] [1 2 3 4 5 13] [1 2 3 5 7 13] [1 2 3 4 5 6 7] [1 2 3 4 5 7 17] [1 2 3 4] [1 2 3 4 5 7 8 10 13 17 24] [1 2 3 4 5 7 10 13] [1 2 3 4 5 7 10 17] [1 2 7 13] [1 2 4 5 6 8] [1 2 3 4 5 7 8 10 13 17 52] [1 2 3 13] [1 2 3 4 5 7 8] [1 2 5] [1 2 3] [1 2 3 4 5 7 8 10 13] [1 2 3 4 5 13 52 58] [1 2 3 4 5 7 8 10 13 52] [1 2 3 5 7] [1 2 4 5 7 9 10] [1 2 3 4 5 7 8 10] [1 5] [1 2 3 4 5 7 8 13 52] [1 2 3 5 7 10 13 52] [1 2 3 4 5 7 10 17 43 58] [1 2 3 4 5 6] [1 2 3 4 5] [1 13] [1 2 3 4 5 8 13 17] [1 2 5 7 10 13 17 52] [1 2 3 5 13 52] [1 2 3 4 5 7 8 10 13 17 19] [1 2 3 4 5 7 8 9 10 11] [1 2 3 4 5 7 8 17] [1 2 3 4 5 6 7 8 9 13 52 58] [1 2 3 4 5 7 13] [1 2 3 4 5 8] [1 2 3 4 5 10] [] [] [] [] [] [] [] [] [] [] [] [] [] [] [] [] [] [] [] [] [] [] [] [] [] [] [] [] [] [] [] [] [] [] [] [] [] [] [] [] [] [] [] [] [] [] [] [] [] [] [] [] [] [] [] [] [] [] [] [] [] [] [] [] [] [] [] [] [] [] [] [] [] [] [] [] [] [] [] [] [] [] [] [] [] [] [] [] [] [] [] [] [] [] [] [] [] [] [] [] [] [] [] [] [] [] [] [] [] [] [] [] [] [] [] [] [] [] [] [] [] [] [] [] [] [] [] [] [] [] [] [] [] [] [] [] [] [] [] [] [] [] [] [] []
274 [] [1 2 3 4 5 8 10 13 19 52 58] [1 2 4 5] [1 2 3 5] [1 2 3 4 5 7] [1 2] [1 2 3 4 5 8 10 13 17] [1 2 3 4 5 13 52] [1 2 3 5 7 10] [1 2 3 4 5 8 10] [1 2 3 4 5 6 8 11 13 52 58] [1] [1 2 3 5 10 13] [1 2 3 5 13] [1 5 27] [1 2 4 5 6 7 8 9 10 13] [1 2 3 4 5 7 8 9 13] [1 2 3 5 8] [1 2 3 4 5 13] [1 2 3 5 7 13] [1 2 3 4 5 6 7] [1 2 3 4 5 7 17] [1 2 3 4] [1 2 3 4 5 7 8 10 13 17 24] [1 2 3 4 5 7 10 13] [1 2 3 4 5 7 10 17] [1 2 7 13] [1 2 4 5 6 8] [1 2 3 4 5 7 8 10 13 17 52] [1 2 3 13] [1 2 3 4 5 7 8] [1 2 5] [1 2 3] [1 2 3 4 5 7 8 10 13] [1 2 3 4 5 13 52 58] [1 2 3 4 5 7 8 10 13 52] [1 2 3 5 7] [1 2 4 5 7 9 10] [1 2 3 4 5 7 8 10] [1 5] [1 2 3 4 5 7 8 13 52] [1 2 3 5 7 10 13 52] [1 2 3 4 5 7 10 17 43 58] [1 2 3 4 5 6] [1 2 3 4 5] [1 13] [1 2 3 4 5 8 13 17] [1 2 5 7 10 13 17 52] [1 2 3 5 13 52] [1 2 3 4 5 7 8 10 13 17 19] [1 2 3 4 5 7 8 9 10 11] [1 2 3 4 5 7 8 17] [1 2 3 4 5 6 7 8 9 13 52 58] [1 2 3 4 5 7 13] [1 2 3 4 5 8] [1 2 3 4 5 10] [] [] [] [] [] [] [] [] [] [] [] [] [] [] [] [] [] [] [] [] [] [] [] [] [] [] [] [] [] [] [] [] [] [] [] [] [] [] [] [] [] [] [] [] [] [] [] [] [] [] [] [] [] [] [] [] [] [] [] [] [] [] [] [] [] [] [] [] [] [] [] [] [] [] [] [] [] [] [] [] [] [] [] [] [] [] [] [] [] [] [] [] [] [] [] [] [] [] [] [] [] [] [] [] [] [] [] [] [] [] [] [] [] [] [] [] [] [] [] [] [] [] [] [] [] [] [] [] [] [] [] [] [] [] [] [] [] [] [] [] [] [] [] [] []
275 [] [1 2 3 5] [1 2 3 4 5 7] [1 2] [1 2 3 4 5 8 10 13 17] [1 2 3 4 5 13 52] [1 2 3 5 7 10] [1 2 3 4 5 8 10] [1 2 3 4 5 6 8 11 13 52 58] [1 2 4 5] [1] [1 2 3 5 10 13] [1 2 3 5 13] [1 5 27] [1 2 4 5 6 7 8 9 10 13] [1 2 3 4 5 7 8 9 13] [1 2 3 5 8] [1 2 3 4 5 13] [1 2 3 5 7 13] [1 2 3 4 5 6 7] [1 2 3 4 5 7 17] [1 2 3 4] [1 2 3 4 5 7 8 10 13 17 24] [1 2 3 4 5 7 10 13] [1 2 3 4 5 7 10 17] [1 2 7 13] [1 2 4 5 6 8] [1 2 3 4 5 7 8 10 13 17 52] [1 2 3 13] [1 2 3 4 5 7 8] [1 2 5] [1 2 3] [1 2 3 4 5 7 8 10 13] [1 2 3 4 5 13 52 58] [1 2 3 4 5 7 8 10 13 52] [1 2 3 5 7] [1 2 4 5 7 9 10] [1 2 3 4 5 7 8 10] [1 5] [1 2 3 4 5 7 8 13 52] [1 2 3 5 7 10 13 52] [1 2 3 4 5 7 10 17 43 58] [1 2 3 4 5 6] [1 2 3 4 5] [1 13] [1 2 3 4 5 8 13 17] [1 2 5 7 10 13 17 52] [1 2 3 5 13 52] [1 2 3 4 5 7 8 10 13 17 19] [1 2 3 4 5 7 8 9 10 11] [1 2 3 4 5 7 8 17] [1 2 3 4 5 6 7 8 9 13 52 58] [1 2 3 4 5 7 13] [1 2 3 4 5 8] [1 2 3 4 5 10] [] [] [] [] [] [] [] [] [] [] [] [] [] [] [] [] [] [] [] [] [] [] [] [] [] [] [] [] [] [] [] [] [] [] [] [] [] [] [] [] [] [] [] [] [] [] [] [] [] [] [] [] [] [] [] [] [] [] [] [] [] [] [] [] [] [] [] [] [] [] [] [] [] [] [] [] [] [] [] [] [] [] [] [] [] [] [] [] [] [] [] [] [] [] [] [] [] [] [] [] [] [] [] [] [] [] [] [] [] [] [] [] [] [] [] [] [] [] [] [] [] [] [] [] [] [] [] [] [] [] [] [] [] [] [] [] [] [] [] [] [] [] [] [] [] []
276 [] [1 2] [1 2 3 4 5 7] [1 2 3 4 5 8 10 13 17] [1 2 3 4 5 13 52] [1 2 3 5 7 10] [1 2 3 4 5 8 10] [1 2 3 4 5 6 8 11 13 52 58] [1 2 4 5] [1] [1 2 3 5 10 13] [1 2 3 5 13] [1 5 27] [1 2 4 5 6 7 8 9 10 13] [1 2 3 4 5 7 8 9 13] [1 2 3 5 8] [1 2 3 4 5 13] [1 2 3 5 7 13] [1 2 3 4 5 6 7] [1 2 3 4 5 7 17] [1 2 3 4] [1 2 3 4 5 7 8 10 13 17 24] [1 2 3 4 5 7 10 13] [1 2 3 5] [1 2 3 4 5 7 10 17] [1 2 7 13] [1 2 4 5 6 8] [1 2 3 4 5 7 8 10 13 17 52] [1 2 3 13] [1 2 3 4 5 7 8] [1 2 5] [1 2 3] [1 2 3 4 5 7 8 10 13] [1 2 3 4 5 13 52 58] [1 2 3 4 5 7 8 10 13 52] [1 2 3 5 7] [1 2 4 5 7 9 10] [1 2 3 4 5 7 8 10] [1 5] [1 2 3 4 5 7 8 13 52] [1 2 3 5 7 10 13 52] [1 2 3 4 5 7 10 17 43 58] [1 2 3 4 5 6] [1 2 3 4 5] [1 13] [1 2 3 4 5 8 13 17] [1 2 5 7 10 13 17 52] [1 2 3 5 13 52] [1 2 3 4 5 7 8 10 13 17 19] [1 2 3 4 5 7 8 9 10 11] [1 2 3 4 5 7 8 17] [1 2 3 4 5 6 7 8 9 13 52 58] [1 2 3 4 5 7 13] [1 2 3 4 5 8] [1 2 3 4 5 10] [] [] [] [] [] [] [] [] [] [] [] [] [] [] [] [] [] [] [] [] [] [] [] [] [] [] [] [] [] [] [] [] [] [] [] [] [] [] [] [] [] [] [] [] [] [] [] [] [] [] [] [] [] [] [] [] [] [] [] [] [] [] [] [] [] [] [] [] [] [] [] [] [] [] [] [] [] [] [] [] [] [] [] [] [] [] [] [] [] [] [] [] [] [] [] [] [] [] [] [] [] [] [] [] [] [] [] [] [] [] [] [] [] [] [] [] [] [] [] [] [] [] [] [] [] [] [] [] [] [] [] [] [] [] [] [] [] [] [] [] [] [] [] [] [] []
277 [] [1 2 3 4 5 8 10 13 17] [1 2 3 4 5 7] [1 2 3 4 5 13 52] [1 2 3 5 7 10] [1 2 3 4 5 8 10] [1 2] [1 2 3 4 5 6 8 11 13 52 58] [1 2 4 5] [1] [1 2 3 5 10 13] [1 2 3 5 13] [1 5 27] [1 2 4 5 6 7 8 9 10 13] [1 2 3 4 5 7 8 9 13] [1 2 3 5 8] [1 2 3 4 5 13] [1 2 3 5 7 13] [1 2 3 4 5 6 7] [1 2 3 4 5 7 17] [1 2 3 4] [1 2 3 4 5 7 8 10 13 17 24] [1 2 3 4 5 7 10 13] [1 2 3 5] [1 2 3 4 5 7 10 17] [1 2 7 13] [1 2 4 5 6 8] [1 2 3 4 5 7 8 10 13 17 52] [1 2 3 13] [1 2 3 4 5 7 8] [1 2 5] [1 2 3] [1 2 3 4 5 7 8 10 13] [1 2 3 4 5 13 52 58] [1 2 3 4 5 7 8 10 13 52] [1 2 3 5 7] [1 2 4 5 7 9 10] [1 2 3 4 5 7 8 10] [1 5] [1 2 3 4 5 7 8 13 52] [1 2 3 5 7 10 13 52] [1 2 3 4 5 7 10 17 43 58] [1 2 3 4 5 6] [1 2 3 4 5] [1 13] [1 2 3 4 5 8 13 17] [1 2 4 5 7 8 13 17] [1 2 5 7 10 13 17 52] [1 2 3 5 13 52] [1 2 3 4 5 7 8 10 13 17 19] [1 2 3 4 5 7 8 9 10 11] [1 2 3 4 5 7 8 17] [1 2 3 4 5 6 7 8 9 13 52 58] [1 2 3 4 5 7 13] [1 2 3 4 5 8] [1 2 3 4 5 10] [] [] [] [] [] [] [] [] [] [] [] [] [] [] [] [] [] [] [] [] [] [] [] [] [] [] [] [] [] [] [] [] [] [] [] [] [] [] [] [] [] [] [] [] [] [] [] [] [] [] [] [] [] [] [] [] [] [] [] [] [] [] [] [] [] [] [] [] [] [] [] [] [] [] [] [] [] [] [] [] [] [] [] [] [] [] [] [] [] [] [] [] [] [] [] [] [] [] [] [] [] [] [] [] [] [] [] [] [] [] [] [] [] [] [] [] [] [] [] [] [] [] [] [] [] [] [] [] [] [] [] [] [] [] [] [] [] [] [] [] [] [] [] [] []
278 [] [1 2 3 4 5 13 52] [1 2 3 5 7 10] [1 2 3 4 5 8 10] [1 2] [1 2 3 4 5 7] [1 2 3 4 5 6 8 11 13 52 58] [1 2 4 5] [1] [1 2 3 5 10 13] [1 2 3 5 13] [1 5 27] [1 2 4 5 6 7 8 9 10 13] [1 2 3 4 5 7 8 9 13] [1 2 3 5 8] [1 2 3 4 5 13] [1 2 3 5 7 13] [1 2 3 4 5 6 7] [1 2 3 4 5 7 17] [1 2 3 4] [1 2 3 4 5 7 8 10 13 17 24] [1 2 3 4 5 7 10 13] [1 2 3 5] [1 2 3 4 5 7 10 17] [1 2 7 13] [1 2 4 5 6 8] [1 2 3 4 5 7 8 10 13 17 52] [1 2 3 13] [1 2 3 4 5 7 8] [1 2 5] [1 2 3] [1 2 3 4 5 7 8 10 13] [1 2 3 4 5 13 52 58] [1 2 3 4 5 7 8 10 13 52] [1 2 3 5 7] [1 2 4 5 7 9 10] [1 2 3 4 5 7 8 10] [1 5] [1 2 3 4 5 7 8 13 52] [1 2 3 5 7 10 13 52] [1 2 3 4 5 7 10 17 43 58] [1 2 3 4 5 6] [1 2 3 4 5] [1 13] [1 2 3 4 5 8 13 17] [1 2 4 5 7 8 13 17] [1 2 5 7 10 13 17 52] [1 2 3 5 13 52] [1 2 3 4 5 7 8 10 13 17 19] [1 2 3 4 5 7 8 9 10 11] [1 2 3 4 5 7 8 17] [1 2 3 4 5 6 7 8 9 13 52 58] [1 2 3 4 5 7 13] [1 2 3 4 5 8] [1 2 3 4 5 10] [] [] [] [] [] [] [] [] [] [] [] [] [] [] [] [] [] [] [] [] [] [] [] [] [] [] [] [] [] [] [] [] [] [] [] [] [] [] [] [] [] [] [] [] [] [] [] [] [] [] [] [] [] [] [] [] [] [] [] [] [] [] [] [] [] [] [] [] [] [] [] [] [] [] [] [] [] [] [] [] [] [] [] [] [] [] [] [] [] [] [] [] [] [] [] [] [] [] [] [] [] [] [] [] [] [] [] [] [] [] [] [] [] [] [] [] [] [] [] [] [] [] [] [] [] [] [] [] [] [] [] [] [] [] [] [] [] [] [] [] [] [] [] [] [] []
279 [] [1 2 3 4 5 8 10] [1 2] [1 2 3 4 5 7] [1 2 3 4 5 6 8 11 13 52 58] [1 2 4 5] [1] [1 2 3 5 10 13] [1 2 3 5 13] [1 5 27] [1 2 4 5 6 7 8 9 10 13] [1 2 3 4 5 7 8 9 13] [1 2 3 5 8] [1 2 3 4 5 13] [1 2 3 5 7 13] [1 2 3 4 5 6 7] [1 2 3 4 5 7 17] [1 2 3 4] [1 2 3 4 5 7 8 10 13 17 24] [1 2 3 4 5 7 10 13] [1 2 3 5] [1 2 3 4 5 7 10 17] [1 2 7 13] [1 2 4 5 6 8] [1 2 3 4 5 7 8 10 13 17 52] [1 2 3 13] [1 2 3 4 5 7 8] [1 2 5] [1 2 3] [1 2 3 4 5 7 8 10 13] [1 2 3 4 5 13 52 58] [1 2 3 4 5 7 8 10 13 52] [1 2 3 5 7] [1 2 4 5 7 9 10] [1 2 3 4 5 7 8 10] [1 5] [1 2 3 4 5 7 8 13 52] [1 2 3 5 7 10 13 52] [1 2 3 4 5 7 10 17 43 58] [1 2 3 4 5 6] [1 2 3 4 5] [1 13] [1 2 3 4 5 8 13 17] [1 2 4 5 7 8 13 17] [1 2 5 7 10 13 17 52] [1 2 3 4 5 13 52] [1 2 3 5 13 52] [1 2 3 4 5 7 8 10 13 17 19] [1 2 3 4 5 7 8 9 10 11] [1 2 3 4 5 7 8 17] [1 2 3 4 5 6 7 8 9 13 52 58] [1 2 3 4 5 7 13] [1 2 3 4 5 8] [1 2 3 4 5 10] [] [] [] [] [] [] [] [] [] [] [] [] [] [] [] [] [] [] [] [] [] [] [] [] [] [] [] [] [] [] [] [] [] [] [] [] [] [] [] [] [] [] [] [] [] [] [] [] [] [] [] [] [] [] [] [] [] [] [] [] [] [] [] [] [] [] [] [] [] [] [] [] [] [] [] [] [] [] [] [] [] [] [] [] [] [] [] [] [] [] [] [] [] [] [] [] [] [] [] [] [] [] [] [] [] [] [] [] [] [] [] [] [] [] [] [] [] [] [] [] [] [] [] [] [] [] [] [] [] [] [] [] [] [] [] [] [] [] [] [] [] [] [] [] [] [] []
280 [] [1 2 3 4 5 7] [1 2 3 4 5 6 8 11 13 52 58] [1 2 4 5] [1 2 3 5 10 13] [1 2 3 5 13] [1 2 4 5 6 7 8 9 10 13] [1 2 3 4 5 7 8 9 13] [1 2 3 5 8] [1 2 3 4 5 13] [1 2 3 5 7 13] [1 2 3 4 5 6 7] [1 2 3 4 5 7 17] [1 2 3 4] [1 2 3 4 5 7 8 10 13 17 24] [1 2] [1 2 3 4 5 7 10 13] [1 2 3 5] [1 2 3 4 5 7 10 17] [1 2 7 13] [1 2 4 5 6 8] [1 2 3 4 5 7 8 10 13 17 52] [1 2 3 13] [1 2 3 4 5 7 8] [1 2 5] [1 2 3] [1 2 3 4 5 7 8 10 13] [1 2 3 4 5 13 52 58] [1 2 3 4 5 7 8 10 13 52] [1 2 3 5 7] [1 2 4 5 7 9 10] [1 2 3 4 5 7 8 10] [1 5] [1] [1 2 3 4 5 7 8 13 52] [1 2 3 5 7 10 13 52] [1 2 3 4 5 7 10 17 43 58] [1 2 3 4 5 6] [1 2 3 4 5] [1 13] [1 2 3 4 5 8 13 17] [1 2 4 5 7 8 13 17] [1 2 5 7 10 13 17 52] [1 2 3 4 5 13 52] [1 2 3 5 13 52] [1 2 3 4 5 7 8 10 13 17 19] [1 2 3 4 5 8 10] [1 2 3 4 5 7 8 9 10 11] [1 2 3 4 5 7 8 17] [1 2 3 4 5 6 7 8 9 13 52 58] [1 2 3 4 5 7 13] [1 2 3 4 5 8] [1 2 3 4 5 10] [] [] [] [] [] [] [] [] [] [] [] [] [] [] [] [] [] [] [] [] [] [] [] [] [] [] [] [] [] [] [] [] [] [] [] [] [] [] [] [] [] [] [] [] [] [] [] [] [] [] [] [] [] [] [] [] [] [] [] [] [] [] [] [] [] [] [] [] [] [] [] [] [] [] [] [] [] [] [] [] [] [] [] [] [] [] [] [] [] [] [] [] [] [] [] [] [] [] [] [] [] [] [] [] [] [] [] [] [] [] [] [] [] [] [] [] [] [] [] [] [] [] [] [] [] [] [] [] [] [] [] [] [] [] [] [] [] [] [] [] [] [] [] [] [] [] [] []
281 [] [1 2 3 4 5 6 8 11 13 52 58] [1 2 4 5] [1 2 3 5 10 13] [1 2 3 5 13] [1 2 4 5 6 7 8 9 10 13] [1 2 3 4 5 7 8 9 13] [1 2 3 5 8] [1 2 3 4 5 13] [1 2 3 5 7 13] [1 2 3 4 5 6 7] [1 2 3 4 5 7 17] [1 2 3 4] [1 2 3 4 5 7 8 10 13 17 24] [1 2] [1 2 3 4 5 7 10 13] [1 2 3 5] [1 2 3 4 5 7 10 17] [1 2 7 13] [1 2 3 4 5 7] [1 2 4 5 6 8] [1 2 3 4 5 7 8 10 13 17 52] [1 2 3 13] [1 2 3 4 5 7 8] [1 2 5] [1 2 3] [1 2 3 4 5 7 8 10 13] [1 2 3 4 5 13 52 58] [1 2 3 4 5 7 8 10 13 52] [1 2 3 5 7] [1 2 4 5 7 9 10] [1 2 3 4 5 7 8 10] [1 5] [1] [1 2 3 4 5 7 8 13 52] [1 2 3 5 7 10 13 52] [1 2 3 4 5 7 10 17 43 58] [1 2 3 4 5 6] [1 2 3 4 5] [1 13] [1 2 3 4 5 8 13 17] [1 2 4 5 7 8 13 17] [1 2 5 7 10 13 17 52] [1 2 3 4 5 13 52] [1 2 3 5 13 52] [1 2 3 4 5 7 8 10 13 17 19] [1 2 3 4 5 8 10] [1 2 3 4 5 7 8 9 10 11] [1 2 3 4 5 7 8 17] [1 2 3 4 5 6 7 8 9 13 52 58] [1 2 3 4 5 7 13] [1 2 3 4 5 8] [1 2 3 4 5 10] [] [] [] [] [] [] [] [] [] [] [] [] [] [] [] [] [] [] [] [] [] [] [] [] [] [] [] [] [] [] [] [] [] [] [] [] [] [] [] [] [] [] [] [] [] [] [] [] [] [] [] [] [] [] [] [] [] [] [] [] [] [] [] [] [] [] [] [] [] [] [] [] [] [] [] [] [] [] [] [] [] [] [] [] [] [] [] [] [] [] [] [] [] [] [] [] [] [] [] [] [] [] [] [] [] [] [] [] [] [] [] [] [] [] [] [] [] [] [] [] [] [] [] [] [] [] [] [] [] [] [] [] [] [] [] [] [] [] [] [] [] [] [] [] [] [] [] []
282 [] [1 2 4 5] [1 2 3 5 10 13] [1 2 3 5 13] [1 2 4 5 6 7 8 9 10 13] [1 2 3 4 5 7 8 9 13] [1 2 3 5 8] [1 2 3 4 5 13] [1 2 3 5 7 13] [1 2 3 4 5 6 7] [1 2 3 4 5 7 17] [1 2 3 4] [1 2 3 4 5 7 8 10 13 17 24] [1 2] [1 2 3 4 5 7 10 13] [1 2 3 5] [1 2 3 4 5 7 10 17] [1 2 7 13] [1 2 3 4 5 7] [1 2 4 5 6 8] [1 2 3 4 5 7 8 10 13 17 52] [1 2 3 13] [1 2 3 4 5 7 8] [1 2 5] [1 2 3] [1 2 3 4 5 7 8 10 13] [1 2 3 4 5 13 52 58] [1 2 3 4 5 7 8 10 13 52] [1 2 3 5 7] [1 2 4 5 7 9 10] [1 2 3 4 5 7 8 10] [1 5] [1] [1 2 3 4 5 7 8 13 52] [1 2 3 5 7 10 13 52] [1 2 3 4 5 7 10 17 43 58] [1 2 3 4 5 6] [1 2 3 4 5] [1 13] [1 2 3 4 5 8 13 17] [1 2 4 5 7 8 13 17] [1 2 5 7 10 13 17 52] [1 2 3 4 5 13 52] [1 2 3 5 13 52] [1 2 3 4 5 7 8 10 13 17 19] [1 2 3 4 5 8 10] [1 2 3 4 5 7 8 9 10 11] [1 2 3 4 5 7 8 17] [1 2 3 4 5 6 7 8 9 13 52 58] [1 2 3 4 5 7 13] [1 2 3 4 5 8] [1 2 3 4 5 10] [] [] [] [] [] [] [] [] [] [] [] [] [] [] [] [] [] [] [] [] [] [] [] [] [] [] [] [] [] [] [] [] [] [] [] [] [] [] [] [] [] [] [] [] [] [] [] [] [] [] [] [] [] [] [] [] [] [] [] [] [] [] [] [] [] [] [] [] [] [] [] [] [] [] [] [] [] [] [] [] [] [] [] [] [] [] [] [] [] [] [] [] [] [] [] [] [] [] [] [] [] [] [] [] [] [] [] [] [] [] [] [] [] [] [] [] [] [] [] [] [] [] [] [] [] [] [] [] [] [] [] [] [] [] [] [] [] [] [] [] [] [] [] [] [] [] [] [] []
283 [] [1 2 3 5 10 13] [1 2 3 5 13] [1 2 4 5 6 7 8 9 10 13] [1 2 3 4 5 7 8 9 13] [1 2 3 5 8] [1 2 3 4 5 13] [1 2 3 5 7 13] [1 2 3 4 5 6 7] [1 2 3 4 5 7 17] [1 2 3 4] [1 2 3 4 5 7 8 10 13 17 24] [1 2] [1 2 3 4 5 7 10 13] [1 2 3 5] [1 2 3 4 5 7 10 17] [1 2 7 13] [1 2 3 4 5 7] [1 2 4 5 6 8] [1 2 3 4 5 7 8 10 13 17 52] [1 2 3 13] [1 2 3 4 5 7 8] [1 2 5] [1 2 3] [1 2 3 4 5 7 8 10 13] [1 2 3 4 5 13 52 58] [1 2 3 4 5 7 8 10 13 52] [1 2 3 5 7] [1 2 4 5 7 9 10] [1 2 3 4 5 7 8 10] [1 5] [1] [1 2 3 4 5 7 8 13 52] [1 2 3 5 7 10 13 52] [1 2 3 4 5 7 10 17 43 58] [1 2 3 4 5 6] [1 2 3 4 5] [1 13] [1 2 3 4 5 8 13 17] [1 2 4 5 7 8 13 17] [1 2 5 7 10 13 17 52] [1 2 3 4 5 13 52] [1 2 3 5 13 52] [1 2 3 4 5 7 8 10 13 17 19] [1 2 3 4 5 8 10] [1 2 3 4 5 7 8 9 10 11] [1 2 3 4 5 7 8 17] [1 2 3 4 5 6 7 8 9 13 52 58] [1 2 3 4 5 7 13] [1 2 7 24 27] [1 2 3 4 5 8] [1 2 3 4 5 10] [] [] [] [] [] [] [] [] [] [] [] [] [] [] [] [] [] [] [] [] [] [] [] [] [] [] [] [] [] [] [] [] [] [] [] [] [] [] [] [] [] [] [] [] [] [] [] [] [] [] [] [] [] [] [] [] [] [] [] [] [] [] [] [] [] [] [] [] [] [] [] [] [] [] [] [] [] [] [] [] [] [] [] [] [] [] [] [] [] [] [] [] [] [] [] [] [] [] [] [] [] [] [] [] [] [] [] [] [] [] [] [] [] [] [] [] [] [] [] [] [] [] [] [] [] [] [] [] [] [] [] [] [] [] [] [] [] [] [] [] [] [] [] [] [] [] [] [] []
284 [] [1 2 3 5 13] [1 2 4 5 6 7 8 9 10 13] [1 2 3 4 5 7 8 9 13] [1 2 3 5 8] [1 2 3 4 5 13] [1 2 3 5 7 13] [1 2 3 4 5 6 7] [1 2 3 4 5 7 17] [1 2 3 4] [1 2 3 4 5 7 8 10 13 17 24] [1 2] [1 2 3 4 5 7 10 13] [1 2 3 5] [1 2 3 4 5 7 10 17] [1 2 7 13] [1 2 3 4 5 7] [1 2 4 5 6 8] [1 2 3 4 5 7 8 10 13 17 52] [1 2 3 13] [1 2 3 4 5 7 8] [1 2 5] [1 2 3] [1 2 3 4 5 7 8 10 13] [1 2 3 4 5 13 52 58] [1 2 3 4 5 7 8 10 13 52] [1 2 3 5 7] [1 2 4 5 7 9 10] [1 2 3 4 5 7 8 10] [1 5] [1] [1 2 3 4 5 7 8 13 52] [1 2 3 5 7 10 13 52] [1 2 3 4 5 7 10 17 43 58] [1 2 3 4 5 6] [1 2 3 4 5] [1 13] [1 2 3 4 5 8 13 17] [1 2 4 5 7 8 13 17] [1 2 5 7 10 13 17 52] [1 2 3 4 5 13 52] [1 2 3 5 13 52] [1 2 3 4 5 7 8 10 13 17 19] [1 2 3 4 5 8 10] [1 2 3 4 5 7 8 9 10 11] [1 2 3 4 5 7 8 17] [1 2 3 4 5 6 7 8 9 13 52 58] [1 2 3 4 5 7 13] [1 2 7 24 27] [1 2 3 4 5 8] [1 2 3 4 5 10] [] [] [] [] [] [] [] [] [] [] [] [] [] [] [] [] [] [] [] [] [] [] [] [] [] [] [] [] [] [] [] [] [] [] [] [] [] [] [] [] [] [] [] [] [] [] [] [] [] [] [] [] [] [] [] [] [] [] [] [] [] [] [] [] [] [] [] [] [] [] [] [] [] [] [] [] [] [] [] [] [] [] [] [] [] [] [] [] [] [] [] [] [] [] [] [] [] [] [] [] [] [] [] [] [] [] [] [] [] [] [] [] [] [] [] [] [] [] [] [] [] [] [] [] [] [] [] [] [] [] [] [] [] [] [] [] [] [] [] [] [] [] [] [] [] [] [] [] [] []
285 [] [1 2 4 5 6 7 8 9 10 13] [1 2 3 4 5 7 8 9 13] [1 2 3 5 8] [1 2 3 4 5 13] [1 2 3 5 7 13] [1 2 3 4 5 6 7] [1 2 3 4 5 7 17] [1 2 3 4] [1 2 3 4 5 7 8 10 13 17 24] [1 2] [1 2 3 4 5 7 10 13] [1 2 3 5] [1 2 3 4 5 7 10 17] [1 2 7 13] [1 2 3 4 5 7] [1 2 4 5 6 8] [1 2 3 4 5 7 8 10 13 17 52] [1 2 3 13] [1 2 3 4 5 7 8] [1 2 5] [1 2 3] [1 2 3 4 5 7 8 10 13] [1 2 3 4 5 13 52 58] [1 2 3 4 5 7 8 10 13 52] [1 2 3 5 7] [1 2 4 5 7 9 10] [1 2 3 4 5 7 8 10] [1 5] [1] [1 2 3 4 5 7 8 13 52] [1 2 3 5 7 10 13 52] [1 2 3 4 5 7 10 17 43 58] [1 2 3 5 13] [1 2 3 4 5 6] [1 2 3 4 5] [1 13] [1 2 3 4 5 8 13 17] [1 2 4 5 7 8 13 17] [1 2 5 7 10 13 17 52] [1 2 3 4 5 13 52] [1 2 3 5 13 52] [1 2 3 4 5 7 8 10 13 17 19] [1 2 3 4 5 8 10] [1 2 3 4 5 7 8 9 10 11] [1 2 3 4 5 7 8 17] [1 2 3 4 5 6 7 8 9 13 52 58] [1 2 3 4 5 7 13] [1 2 7 24 27] [1 2 3 4 5 8] [1 2 3 4 5 10] [] [] [] [] [] [] [] [] [] [] [] [] [] [] [] [] [] [] [] [] [] [] [] [] [] [] [] [] [] [] [] [] [] [] [] [] [] [] [] [] [] [] [] [] [] [] [] [] [] [] [] [] [] [] [] [] [] [] [] [] [] [] [] [] [] [] [] [] [] [] [] [] [] [] [] [] [] [] [] [] [] [] [] [] [] [] [] [] [] [] [] [] [] [] [] [] [] [] [] [] [] [] [] [] [] [] [] [] [] [] [] [] [] [] [] [] [] [] [] [] [] [] [] [] [] [] [] [] [] [] [] [] [] [] [] [] [] [] [] [] [] [] [] [] [] [] [] [] [] []
286 [] [1 2 4 5 6 7 8 9 10 13] [1 2 3 4 5 7 8 9 13] [1 2 3 5 8] [1 2 3 4 5 13] [1 2 3 5 7 13] [1 2 3 4 5 6 7] [1 2 3 4 5 7 17] [1 2 3 4] [1 2 3 4 5 7 8 10 13 17 24] [1 2] [1 2 3 4 5 7 10 13] [1 2 3 5] [1 2 3 4 5 7 10 17] [1 2 7 13] [1 2 3 4 5 7] [1 2 4 5 6 8] [1 2 3 4 5 7 8 10 13 17 52] [1 2 3 13] [1 2 3 4 5 7 8] [1 2 5] [1 2 3] [1 2 3 4 5 7 8 10 13] [1 2 3 4 5 13 52 58] [1 2 3 4 5 7 8 10 13 52] [1 2 3 5 7] [1 2 4 5 7 9 10] [1 2 3 4 5 7 8 10] [1 5] [1] [1 2 3 4 5 7 8 13 52] [1 2 3 5 7 10 13 52] [1 2 3 4 5 7 10 17 43 58] [1 2 3 5 13] [1 2 3 4 5 6] [1 2 3 4 5] [1 13] [1 2 3 4 5 8 13 17] [1 2 4 5 7 8 13 17] [1 2 5 7 10 13 17 52] [1 2 3 4 5 13 52] [1 2 3 5 13 52] [1 2 3 4 5 7 8 10 13 17 19] [1 2 3 4 5 8 10] [1 2 3 4 5 7 8 9 10 11] [1 2 3 4 5 7 8 17] [1 2 3 4 5 6 7 8 9 13 52 58] [1 2 3 4 5 7 13] [1 2 7 24 27] [1 2 3 4 5 8] [1 2 3 4 5 10] [] [] [] [] [] [] [] [] [] [] [] [] [] [] [] [] [] [] [] [] [] [] [] [] [] [] [] [] [] [] [] [] [] [] [] [] [] [] [] [] [] [] [] [] [] [] [] [] [] [] [] [] [] [] [] [] [] [] [] [] [] [] [] [] [] [] [] [] [] [] [] [] [] [] [] [] [] [] [] [] [] [] [] [] [] [] [] [] [] [] [] [] [] [] [] [] [] [] [] [] [] [] [] [] [] [] [] [] [] [] [] [] [] [] [] [] [] [] [] [] [] [] [] [] [] [] [] [] [] [] [] [] [] [] [] [] [] [] [] [] [] [] [] [] [] [] [] [] [] []
287 [] [1 2 3 4 5 7 8 9 13] [1 2 3 5 8] [1 2 3 4 5 13] [1 2 3 5 7 13] [1 2 3 4 5 6 7] [1 2 3 4 5 7 17] [1 2 3 4] [1 2 3 4 5 7 8 10 13 17 24] [1 2] [1 2 3 4 5 7 10 13] [1 2 3 5] [1 2 3 4 5 7 10 17] [1 2 7 13] [1 2 3 4 5 7] [1 2 4 5 6 8] [1 2 3 4 5 7 8 10 13 17 52] [1 2 3 13] [1 2 3 4 5 7 8] [1 2 5] [1 2 3] [1 2 3 4 5 7 8 10 13] [1 2 3 4 5 13 52 58] [1 2 3 4 5 7 8 10 13 52] [1 2 3 5 7] [1 2 4 5 7 9 10] [1 2 3 4 5 7 8 10] [1 5] [1] [1 2 3 4 5 7 8 13 52] [1 2 3 5 7 10 13 52] [1 2 3 4 5 7 10 17 43 58] [1 2 3 5 13] [1 2 3 4 5 6] [1 2 3 4 5] [1 13] [1 2 3 4 5 8 13 17] [1 2 4 5 7 8 13 17] [1 2 5 7 10 13 17 52] [1 2 3 4 5 13 52] [1 2 3 5 13 52] [1 2 3 4 5 7 8 10 13 17 19] [1 2 3 4 5 8 10] [1 2 3 4 5 7 8 9 10 11] [1 2 3 4 5 7 8 17] [1 2 3 4 5 6 7 8 9 13 52 58] [1 2 3 4 5 7 13] [1 2 7 24 27] [1 2 3 4 5 8] [1 2 3 4 5 10] [] [] [] [] [] [] [] [] [] [] [] [] [] [] [] [] [] [] [] [] [] [] [] [] [] [] [] [] [] [] [] [] [] [] [] [] [] [] [] [] [] [] [] [] [] [] [] [] [] [] [] [] [] [] [] [] [] [] [] [] [] [] [] [] [] [] [] [] [] [] [] [] [] [] [] [] [] [] [] [] [] [] [] [] [] [] [] [] [] [] [] [] [] [] [] [] [] [] [] [] [] [] [] [] [] [] [] [] [] [] [] [] [] [] [] [] [] [] [] [] [] [] [] [] [] [] [] [] [] [] [] [] [] [] [] [] [] [] [] [] [] [] [] [] [] [] [] [] [] [] []
288 [] [1 2 3 5 8] [1 2 3 4 5 13] [1 2 3 5 7 13] [1 2 3 4 5 6 7] [1 2 3 4 5 7 17] [1 2 3 4] [1 2 3 4 5 7 8 10 13 17 24] [1 2] [1 2 3 4 5 7 10 13] [1 2 3 5] [1 2 3 4 5 7 10 17] [1 2 7 13] [1 2 3 4 5 7] [1 2 4 5 6 8] [1 2 3 4 5 7 8 10 13 17 52] [1 2 3 13] [1 2 3 4 5 7 8] [1 2 5] [1 2 3] [1 2 3 4 5 7 8 10 13] [1 2 3 4 5 13 52 58] [1 2 3 4 5 7 8 10 13 52] [1 2 3 5 7] [1 2 4 5 7 9 10] [1 2 3 4 5 7 8 10] [1 5] [1] [1 2 3 4 5 7 8 13 52] [1 2 3 5 7 10 13 52] [1 2 3 4 5 7 10 17 43 58] [1 2 3 5 13] [1 2 3 4 5 6] [1 2 3 4 5] [1 13] [1 2 3 4 5 8 13 17] [1 2 4 5 7 8 13 17] [1 2 5 7 10 13 17 52] [1 2 3 4 5 13 52] [1 2 3 5 13 52] [1 2 3 4 5 7 8 10 13 17 19] [1 2 3 4 5 8 10] [1 2 3 4 5 7 8 9 10 11] [1 2 3 4 5 7 8 17] [1 2 3 4 5 6 7 8 9 13 52 58] [1 2 3 4 5 7 13] [1 2 7 24 27] [1 2 3 4 5 8] [1 2 3 4 5 10] [] [] [] [] [] [] [] [] [] [] [] [] [] [] [] [] [] [] [] [] [] [] [] [] [] [] [] [] [] [] [] [] [] [] [] [] [] [] [] [] [] [] [] [] [] [] [] [] [] [] [] [] [] [] [] [] [] [] [] [] [] [] [] [] [] [] [] [] [] [] [] [] [] [] [] [] [] [] [] [] [] [] [] [] [] [] [] [] [] [] [] [] [] [] [] [] [] [] [] [] [] [] [] [] [] [] [] [] [] [] [] [] [] [] [] [] [] [] [] [] [] [] [] [] [] [] [] [] [] [] [] [] [] [] [] [] [] [] [] [] [] [] [] [] [] [] [] [] [] [] [] []
289 [] [1 2 3 5 8] [1 2 3 4 5 13] [1 2 3 5 7 13] [1 2 3 4 5 6 7] [1 2 3 4 5 7 17] [1 2 3 4] [1 2 3 4 5 7 8 10 13 17 24] [1 2] [1 2 3 4 5 7 10 13] [1 2 3 5] [1 2 3 4 5 7 10 17] [1 2 7 13] [1 2 3 4 5 7] [1 2 4 5 6 8] [1 2 3 4 5 7 8 10 13 17 52] [1 2 3 13] [1 2 3 4 5 7 8] [1 2 5] [1 2 3] [1 2 3 4 5 7 8 10 13] [1 2 3 4 5 13 52 58] [1 2 3 4 5 7 8 10 13 52] [1 2 3 5 7] [1 2 4 5 7 9 10] [1 2 3 4 5 7 8 10] [1 5] [1] [1 2 3 4 5 7 8 13 52] [1 2 3 5 7 10 13 52] [1 2 3 4 5 7 10 17 43 58] [1 2 3 5 13] [1 2 3 4 5 6] [1 2 3 4 5] [1 13] [1 2 3 4 5 8 13 17] [1 2 4 5 7 8 13 17] [1 2 5 7 10 13 17 52] [1 2 3 4 5 13 52] [1 2 3 5 13 52] [1 2 3 4 5 7 8 10 13 17 19] [1 2 3 4 5 8 10] [1 2 3 4 5 7 8 9 10 11] [1 2 3 4 5 7 8 17] [1 2 3 4 5 6 7 8 9 13 52 58] [1 2 3 4 5 7 13] [1 2 7 24 27] [1 2 3 4 5 8] [1 2 3 4 5 10] [] [] [] [] [] [] [] [] [] [] [] [] [] [] [] [] [] [] [] [] [] [] [] [] [] [] [] [] [] [] [] [] [] [] [] [] [] [] [] [] [] [] [] [] [] [] [] [] [] [] [] [] [] [] [] [] [] [] [] [] [] [] [] [] [] [] [] [] [] [] [] [] [] [] [] [] [] [] [] [] [] [] [] [] [] [] [] [] [] [] [] [] [] [] [] [] [] [] [] [] [] [] [] [] [] [] [] [] [] [] [] [] [] [] [] [] [] [] [] [] [] [] [] [] [] [] [] [] [] [] [] [] [] [] [] [] [] [] [] [] [] [] [] [] [] [] [] [] [] [] [] []
290 [] [1 2 3 4 5 13] [1 2 3 5 7 13] [1 2 3 4 5 6 7] [1 2 3 4 5 7 17] [1 2 3 4] [1 2 3 4 5 7 8 10 13 17 24] [1 2] [1 2 3 4 5 7 10 13] [1 2 3 5] [1 2 3 4 5 7 10 17] [1 2 7 13] [1 2 3 4 5 7] [1 2 4 5 6 8] [1 2 3 4 5 7 8 10 13 17 52] [1 2 3 13] [1 2 3 4 5 7 8] [1 2 5] [1 2 3] [1 2 3 4 5 7 8 10 13] [1 2 3 4 5 13 52 58] [1 2 3 4 5 7 8 10 13 52] [1 2 3 5 7] [1 2 4 5 7 9 10] [1 2 3 4 5 7 8 10] [1 5] [1] [1 2 3 4 5 7 8 13 52] [1 2 3 5 7 10 13 52] [1 2 3 4 5 7 10 17 43 58] [1 2 3 5 13] [1 2 3 4 5 6] [1 2 3 4 5] [1 13] [1 2 3 4 5 8 13 17] [1 2 4 5 7 8 13 17] [1 2 5 7 10 13 17 52] [1 2 3 4 5 13 52] [1 2 3 5 13 52] [1 2 3 4 5 7 8 10 13 17 19] [1 2 3 4 5 8 10] [1 2 3 4 5 7 8 9 10 11] [1 2 3 4 5 7 8 17] [1 2 3 4 5 6 7 8 9 13 52 58] [1 2 3 4 5 7 13] [1 2 7 24 27] [1 2 3 4 5 8] [1 2 3 4 5 10] [] [] [] [] [] [] [] [] [] [] [] [] [] [] [] [] [] [] [] [] [] [] [] [] [] [] [] [] [] [] [] [] [] [] [] [] [] [] [] [] [] [] [] [] [] [] [] [] [] [] [] [] [] [] [] [] [] [] [] [] [] [] [] [] [] [] [] [] [] [] [] [] [] [] [] [] [] [] [] [] [] [] [] [] [] [] [] [] [] [] [] [] [] [] [] [] [] [] [] [] [] [] [] [] [] [] [] [] [] [] [] [] [] [] [] [] [] [] [] [] [] [] [] [] [] [] [] [] [] [] [] [] [] [] [] [] [] [] [] [] [] [] [] [] [] [] [] [] [] [] [] [] []
291 [] [1 2 3 5 7 13] [1 2 3 4 5 6 7] [1 2 3 4 5 7 17] [1 2 3 4] [1 2 3 4 5 7 8 10 13 17 24] [1 2] [1 2 3 4 5 7 10 13] [1 2 3 5] [1 2 3 4 5 7 10 17] [1 2 7 13] [1 2 3 4 5 7] [1 2 4 5 6 8] [1 2 3 4 5 7 8 10 13 17 52] [1 2 3 13] [1 2 3 4 5 7 8] [1 2 5] [1 2 3] [1 2 3 4 5 7 8 10 13] [1 2 3 4 5 13 52 58] [1 2 3 4 5 7 8 10 13 52] [1 2 3 5 7] [1 2 4 5 7 9 10] [1 2 3 4 5 7 8 10] [1 5] [1] [1 2 3 4 5 7 8 13 52] [1 2 3 5 7 10 13 52] [1 2 3 4 5 7 10 17 43 58] [1 2 3 5 13] [1 2 3 4 5 6] [1 2 3 4 5] [1 13] [1 2 3 4 5 8 13 17] [1 2 4 5 7 8 13 17] [1 2 5 7 10 13 17 52] [1 2 3 4 5 13 52] [1 2 3 5 13 52] [1 2 3 4 5 7 8 10 13 17 19] [1 2 3 4 5 8 10] [1 2 3 4 5 7 8 9 10 11] [1 2 3 4 5 7 8 17] [1 2 3 4 5 6 7 8 9 13 52 58] [1 2 3 4 5 7 13] [1 2 7 24 27] [1 2 3 4 5 8] [1 2 3 4 5 10] [] [] [] [] [] [] [] [] [] [] [] [] [] [] [] [] [] [] [] [] [] [] [] [] [] [] [] [] [] [] [] [] [] [] [] [] [] [] [] [] [] [] [] [] [] [] [] [] [] [] [] [] [] [] [] [] [] [] [] [] [] [] [] [] [] [] [] [] [] [] [] [] [] [] [] [] [] [] [] [] [] [] [] [] [] [] [] [] [] [] [] [] [] [] [] [] [] [] [] [] [] [] [] [] [] [] [] [] [] [] [] [] [] [] [] [] [] [] [] [] [] [] [] [] [] [] [] [] [] [] [] [] [] [] [] [] [] [] [] [] [] [] [] [] [] [] [] [] [] [] [] [] [] []
292 [] [1 2 3 4 5 6 7] [1 13] [1 2 3 4 5 7 17] [1 2 3 4] [1 2 3 4 5 7 8 10 13 17 24] [1 2] [1 2 3 4 5 7 10 13] [1 2 3 5] [1 2 3 4 5 7 10 17] [1 2 7 13] [1 2 3 4 5 7] [1 2 4 5 6 8] [1 2 3 4 5 7 8 10 13 17 52] [1 2 3 13] [1 2 3 4 5 7 8] [1 2 5] [1 2 3] [1 2 3 4 5 7 8 10 13] [1 2 3 4 5 13 52 58] [1 2 3 4 5 7 8 10 13 52] [1 2 3 5 7] [1 2 4 5 7 9 10] [1 2 3 4 5 7 8 10] [1 5] [1] [1 2 3 4 5 7 8 13 52] [1 2 3 5 7 10 13 52] [1 2 3 5 7 13] [1 2 3 4 5 7 10 17 43 58] [1 2 3 5 13] [1 2 3 4 5 6] [1 2 3 4 5] [1 2 3 4 5 8 13 17] [1 2 4 5 7 8 13 17] [1 2 5 7 10 13 17 52] [1 2 3 4 5 13 52] [1 2 3 5 13 52] [1 2 3 4 5 7 8 10 13 17 19] [1 2 3 4 5 8 10] [1 2 3 4 5 7 8 9 10 11] [1 2 3 4 5 7 8 17] [1 2 3 4 5 6 7 8 9 13 52 58] [1 2 3 4 5 7 13] [1 2 7 24 27] [1 2 3 4 5 8] [1 2 3 4 5 10] [] [] [] [] [] [] [] [] [] [] [] [] [] [] [] [] [] [] [] [] [] [] [] [] [] [] [] [] [] [] [] [] [] [] [] [] [] [] [] [] [] [] [] [] [] [] [] [] [] [] [] [] [] [] [] [] [] [] [] [] [] [] [] [] [] [] [] [] [] [] [] [] [] [] [] [] [] [] [] [] [] [] [] [] [] [] [] [] [] [] [] [] [] [] [] [] [] [] [] [] [] [] [] [] [] [] [] [] [] [] [] [] [] [] [] [] [] [] [] [] [] [] [] [] [] [] [] [] [] [] [] [] [] [] [] [] [] [] [] [] [] [] [] [] [] [] [] [] [] [] [] [] [] []
293 [] [1 13] [1 2 3 4 5 7 17] [1 2 3 4] [1 2 3 4 5 7 8 10 13 17 24] [1 2] [1 2 3 4 5 7 10 13] [1 2 3 5] [1 2 3 4 5 7 10 17] [1 2 7 13] [1 2 3 4 5 7] [1 2 4 5 6 8] [1 2 3 4 5 7 8 10 13 17 52] [1 2 3 13] [1 2 3 4 5 7 8] [1 2 5] [1 2 3] [1 2 3 4 5 7 8 10 13] [1 2 3 4 5 13 52 58] [1 2 3 4 5 7 8 10 13 52] [1 2 3 5 7] [1 2 4 5 7 9 10] [1 2 3 4 5 7 8 10] [1 5] [1] [1 2 3 4 5 7 8 13 52] [1 2 3 5 7 10 13 52] [1 2 3 5 7 13] [1 2 3 4 5 7 10 17 43 58] [1 2 3 5 13] [1 2 3 4 5 6] [1 2 3 4 5] [1 2 3 4 5 8 13 17] [1 2 4 5 7 8 13 17] [1 2 5 7 10 13 17 52] [1 2 3 4 5 13 52] [1 2 3 5 13 52] [1 2 3 4 5 7 8 10 13 17 19] [1 2 3 4 5 8 10] [1 2 3 4 5 7 8 9 10 11] [1 2 3 4 5 7 8 17] [1 2 3 4 5 6 7 8 9 13 52 58] [1 2 3 4 5 7 13] [1 2 7 24 27] [1 2 3 4 5 8] [1 2 3 4 5 10] [] [] [] [] [] [] [] [] [] [] [] [] [] [] [] [] [] [] [] [] [] [] [] [] [] [] [] [] [] [] [] [] [] [] [] [] [] [] [] [] [] [] [] [] [] [] [] [] [] [] [] [] [] [] [] [] [] [] [] [] [] [] [] [] [] [] [] [] [] [] [] [] [] [] [] [] [] [] [] [] [] [] [] [] [] [] [] [] [] [] [] [] [] [] [] [] [] [] [] [] [] [] [] [] [] [] [] [] [] [] [] [] [] [] [] [] [] [] [] [] [] [] [] [] [] [] [] [] [] [] [] [] [] [] [] [] [] [] [] [] [] [] [] [] [] [] [] [] [] [] [] [] [] [] []
294 [] [1 2 3 4] [1 2 3 4 5 7 8 10 13 17 24] [1 2 3 4 5 7 10 13] [1 2 3 5] [1 2 3 4 5 7 10 17] [1 2 3 4 5 7] [1 2 4 5 6 8] [1 2 3 4 5 7 8 10 13 17 52] [1 2 3 13] [1 2 3 4 5 7 8] [1 2] [1 2 5] [1 2 3] [1 2 3 4 5 7 8 10 13] [1 2 3 4 5 13 52 58] [1 2 3 4 5 7 8 10 13 52] [1 2 3 5 7] [1 2 4 5 7 9 10] [1 2 3 4 5 7 8 10] [1 5] [1] [1 2 3 4 5 7 8 13 52] [1 2 3 5 7 10 13 52] [1 2 3 5 7 13] [1 2 3 4 5 7 10 17 43 58] [1 2 3 5 13] [1 2 3 4 5 6] [1 2 3 4 5] [1 13] [1 2 3 4 5 8 13 17] [1 2 4 5 7 8 13 17] [1 2 5 7 10 13 17 52] [1 2 3 4 5 13 52] [1 2 3 5 13 52] [1 2 3 4 5 7 8 10 13 17 19] [1 2 3 4 5 8 10] [1 2 3 4 5 7 8 9 10 11] [1 2 3 4 5 7 8 17] [1 2 3 4 5 6 7 8 9 13 52 58] [1 2 3 4 5 7 13] [1 2 7 24 27] [1 2 3 4 5 8] [1 2 3 4 5 10] [] [] [] [] [] [] [] [] [] [] [] [] [] [] [] [] [] [] [] [] [] [] [] [] [] [] [] [] [] [] [] [] [] [] [] [] [] [] [] [] [] [] [] [] [] [] [] [] [] [] [] [] [] [] [] [] [] [] [] [] [] [] [] [] [] [] [] [] [] [] [] [] [] [] [] [] [] [] [] [] [] [] [] [] [] [] [] [] [] [] [] [] [] [] [] [] [] [] [] [] [] [] [] [] [] [] [] [] [] [] [] [] [] [] [] [] [] [] [] [] [] [] [] [] [] [] [] [] [] [] [] [] [] [] [] [] [] [] [] [] [] [] [] [] [] [] [] [] [] [] [] [] [] [] [] [] []
295 [] [1 2 3 4 5 7 8 10 13 17 24] [1 2 3 4 5 7 10 13] [1 2 3 5] [1 2 3 4 5 7 10 17] [1 2 3 4 5 7] [1 2 4 5 6 8] [1 2 3 4 5 7 8 10 13 17 52] [1 2 3 13] [1 2 3 4 5 7 8] [1 2] [1 2 5] [1 2 3] [1 2 3 4 5 7 8 10 13] [1 2 3 4 5 13 52 58] [1 2 3 4 5 7 8 10 13 52] [1 2 3 5 7] [1 2 4 5 7 9 10] [1 2 3 4 5 7 8 10] [1 5] [1] [1 2 3 4 5 7 8 13 52] [1 2 3 5 7 10 13 52] [1 2 3 5 7 13] [1 2 3 4 5 7 10 17 43 58] [1 2 3 5 13] [1 2 3 4 5 6] [1 2 3 4 5] [1 13] [1 2 3 4] [1 2 3 4 5 8 13 17] [1 2 4 5 7 8 13 17] [1 2 5 7 10 13 17 52] [1 2 3 4 5 13 52] [1 2 3 5 13 52] [1 2 3 4 5 7 8 10 13 17 19] [1 2 3 4 5 8 10] [1 2 3 4 5 7 8 9 10 11] [1 2 3 4 5 7 8 17] [1 2 3 4 5 6 7 8 9 13 52 58] [1 2 3 4 5 7 13] [1 2 7 24 27] [1 2 3 4 5 8] [1 2 3 4 5 10] [1 2 3 4 5 7 8 10 13 17] [] [] [] [] [] [] [] [] [] [] [] [] [] [] [] [] [] [] [] [] [] [] [] [] [] [] [] [] [] [] [] [] [] [] [] [] [] [] [] [] [] [] [] [] [] [] [] [] [] [] [] [] [] [] [] [] [] [] [] [] [] [] [] [] [] [] [] [] [] [] [] [] [] [] [] [] [] [] [] [] [] [] [] [] [] [] [] [] [] [] [] [] [] [] [] [] [] [] [] [] [] [] [] [] [] [] [] [] [] [] [] [] [] [] [] [] [] [] [] [] [] [] [] [] [] [] [] [] [] [] [] [] [] [] [] [] [] [] [] [] [] [] [] [] [] [] [] [] [] [] [] [] [] [] [] []
296 [] [1 2 3 5] [1 2 3 4 5 7 10 17] [1 2 3 4 5 7] [1 2 4 5 6 8] [1 2 3 4 5 7 8 10 13 17 52] [1 2 3 13] [1 2 3 4 5 7 8] [1 2] [1 2 5] [1 2 3] [1 2 3 4 5 7 8 10 13] [1 2 3 4 5 13 52 58] [1 2 3 4 5 7 8 10 13 52] [1 2 3 5 7] [1 2 4 5 7 9 10] [1 2 3 4 5 7 8 10] [1 5] [1] [1 2 3 4 5 7 8 13 52] [1 2 3 5 7 10 13 52] [1 2 3 5 7 13] [1 2 3 4 5 7 10 17 43 58] [1 2 3 5 13] [1 2 3 4 5 6] [1 2 3 4 5] [1 13] [1 2 3 4] [1 2 3 4 5 8 13 17] [1 2 4 5 7 8 13 17] [1 2 5 7 10 13 17 52] [1 2 3 4 5 13 52] [1 2 3 5 13 52] [1 2 3 4 5 7 8 10 13 17 19] [1 2 3 4 5 8 10] [1 2 3 4 5 7 8 9 10 11] [1 2 3 4 5 7 8 17] [1 2 3 4 5 6 7 8 9 13 52 58] [1 2 3 4 5 7 13] [1 2 7 24 27] [1 2 3 4 5 8] [1 2 3 4 5 10] [1 2 3 4 5 7 8 10 13 17] [] [] [] [] [] [] [] [] [] [] [] [] [] [] [] [] [] [] [] [] [] [] [] [] [] [] [] [] [] [] [] [] [] [] [] [] [] [] [] [] [] [] [] [] [] [] [] [] [] [] [] [] [] [] [] [] [] [] [] [] [] [] [] [] [] [] [] [] [] [] [] [] [] [] [] [] [] [] [] [] [] [] [] [] [] [] [] [] [] [] [] [] [] [] [] [] [] [] [] [] [] [] [] [] [] [] [] [] [] [] [] [] [] [] [] [] [] [] [] [] [] [] [] [] [] [] [] [] [] [] [] [] [] [] [] [] [] [] [] [] [] [] [] [] [] [] [] [] [] [] [] [] [] [] [] [] [] []
297 [] [1 2 3 4 5 7 10 17] [1 2 3 4 5 7] [1 2 4 5 6 8] [1 2 3 4 5 7 8 10 13 17 52] [1 2 3 13] [1 2 3 4 5 7 8] [1 2] [1 2 5] [1 2 3] [1 2 3 5] [1 2 3 4 5 7 8 10 13] [1 2 3 4 5 13 52 58] [1 2 3 4 5 7 8 10 13 52] [1 2 3 5 7] [1 2 4 5 7 9 10] [1 2 3 4 5 7 8 10] [1 5] [1] [1 2 3 4 5 7 8 13 52] [1 2 3 5 7 10 13 52] [1 2 3 5 7 13] [1 2 3 4 5 7 10 17 43 58] [1 2 3 5 13] [1 2 3 4 5 6] [1 2 3 4 5] [1 13] [1 2 3 4] [1 2 3 4 5 8 13 17] [1 2 4 5 7 8 13 17] [1 2 5 7 10 13 17 52] [1 2 3 4 5 13 52] [1 2 3 5 13 52] [1 2 3 4 5 7 8 10 13 17 19] [1 2 3 4 5 8 10] [1 2 3 4 5 7 8 9 10 11] [1 2 3 4 5 7 8 17] [1 2 3 4 5 6 7 8 9 13 52 58] [1 2 3 4 5 7 13] [1 2 7 24 27] [1 2 3 4 5 8] [1 2 3 4 5 10] [1 2 3 4 5 7 8 10 13 17] [] [] [] [] [] [] [] [] [] [] [] [] [] [] [] [] [] [] [] [] [] [] [] [] [] [] [] [] [] [] [] [] [] [] [] [] [] [] [] [] [] [] [] [] [] [] [] [] [] [] [] [] [] [] [] [] [] [] [] [] [] [] [] [] [] [] [] [] [] [] [] [] [] [] [] [] [] [] [] [] [] [] [] [] [] [] [] [] [] [] [] [] [] [] [] [] [] [] [] [] [] [] [] [] [] [] [] [] [] [] [] [] [] [] [] [] [] [] [] [] [] [] [] [] [] [] [] [] [] [] [] [] [] [] [] [] [] [] [] [] [] [] [] [] [] [] [] [] [] [] [] [] [] [] [] [] [] []
298 [] [1 2 3 4 5 7 10 17] [1 2 3 4 5 7] [1 2 4 5 6 8] [1 2 3 4 5 7 8 10 13 17 52] [1 2 3 13] [1 2 3 4 5 7 8] [1 2] [1 2 5] [1 2 3] [1 2 3 5] [1 2 3 4 5 7 8 10 13] [1 2 3 4 5 13 52 58] [1 2 3 4 5 7 8 10 13 52] [1 2 3 5 7] [1 2 4 5 7 9 10] [1 2 3 4 5 7 8 10] [1 5] [1] [1 2 3 4 5 7 8 13 52] [1 2 3 5 7 10 13 52] [1 2 3 5 7 13] [1 2 3 4 5 7 10 17 43 58] [1 2 3 5 13] [1 2 3 4 5 6] [1 2 3 4 5] [1 13] [1 2 3 4] [1 2 3 4 5 8 13 17] [1 2 4 5 7 8 13 17] [1 2 5 7 10 13 17 52] [1 2 3 4 5 13 52] [1 2 3 5 13 52] [1 2 3 4 5 7 8 10 13 17 19] [1 2 3 4 5 8 10] [1 2 3 4 5 7 8 9 10 11] [1 2 3 4 5 7 8 17] [1 2 3 4 5 6 7 8 9 13 52 58] [1 2 3 4 5 7 13] [1 2 7 24 27] [1 2 3 4 5 8] [1 2 3 4 5 10] [1 2 3 4 5 7 8 10 13 17] [] [] [] [] [] [] [] [] [] [] [] [] [] [] [] [] [] [] [] [] [] [] [] [] [] [] [] [] [] [] [] [] [] [] [] [] [] [] [] [] [] [] [] [] [] [] [] [] [] [] [] [] [] [] [] [] [] [] [] [] [] [] [] [] [] [] [] [] [] [] [] [] [] [] [] [] [] [] [] [] [] [] [] [] [] [] [] [] [] [] [] [] [] [] [] [] [] [] [] [] [] [] [] [] [] [] [] [] [] [] [] [] [] [] [] [] [] [] [] [] [] [] [] [] [] [] [] [] [] [] [] [] [] [] [] [] [] [] [] [] [] [] [] [] [] [] [] [] [] [] [] [] [] [] [] [] [] []
299 [] [1 2 3 4 5 7] [1 2 4 5 6 8] [1 2 3 4 5 7 8 10 13 17 52] [1 2 3 13] [1 2 3 4 5 7 8] [1 2] [1 2 5] [1 2 3] [1 2 3 5] [1 2 3 4 5 7 8 10 13] [1 2 3 4 5 13 52 58] [1 2 3 4 5 7 8 10 13 52] [1 2 3 5 7] [1 2 4 5 7 9 10] [1 2 3 4 5 7 8 10] [1 5] [1] [1 2 3 4 5 7 8 13 52] [1 2 3 5 7 10 13 52] [1 2 3 5 7 13] [1 2 3 4 5 7 10 17 43 58] [1 2 3 5 13] [1 2 3 4 5 6] [1 2 3 4 5] [1 13] [1 2 3 4] [1 2 3 4 5 8 13 17] [1 2 4 5 7 8 13 17] [1 2 5 7 10 13 17 52] [1 2 3 4 5 13 52] [1 2 3 5 13 52] [1 2 3 4 5 7 8 10 13 17 19] [1 2 3 4 5 8 10] [1 2 3 4 5 7 8 9 10 11] [1 2 3 4 5 7 8 17] [1 2 3 4 5 6 7 8 9 13 52 58] [1 2 3 4 5 7 13] [1 2 7 24 27] [1 2 3 4 5 8] [1 2 3 4 5 10] [1 2 3 4 5 7 8 10 13 17] [] [] [] [] [] [] [] [] [] [] [] [] [] [] [] [] [] [] [] [] [] [] [] [] [] [] [] [] [] [] [] [] [] [] [] [] [] [] [] [] [] [] [] [] [] [] [] [] [] [] [] [] [] [] [] [] [] [] [] [] [] [] [] [] [] [] [] [] [] [] [] [] [] [] [] [] [] [] [] [] [] [] [] [] [] [] [] [] [] [] [] [] [] [] [] [] [] [] [] [] [] [] [] [] [] [] [] [] [] [] [] [] [] [] [] [] [] [] [] [] [] [] [] [] [] [] [] [] [] [] [] [] [] [] [] [] [] [] [] [] [] [] [] [] [] [] [] [] [] [] [] [] [] [] [] [] [] [] []
300 [] [1 2 4 5 6 8] [1 2 3 4 5 7 8 10 13 17 52] [1 2 3 13] [1 2 3 4 5 7 8] [1 2] [1 2 5] [1 2 3] [1 2 3 5] [1 2 3 4 5 7] [1 2 3 4 5 7 8 10 13] [1 2 3 4 5 13 52 58] [1 2 3 4 5 7 8 10 13 52] [1 2 3 5 7] [1 2 4 5 7 9 10] [1 2 3 4 5 7 8 10] [1 5] [1] [1 2 3 4 5 7 8 13 52] [1 2 3 5 7 10 13 52] [1 2 3 5 7 13] [1 2 3 4 5 7 10 17 43 58] [1 2 3 5 13] [1 2 3 4 5 6] [1 2 3 4 5] [1 13] [1 2 3 4] [1 2 3 4 5 8 13 17] [1 2 4 5 7 8 13 17] [1 2 5 7 10 13 17 52] [1 2 3 4 5 13 52] [1 2 3 5 13 52] [1 2 3 4 5 7 8 10 13 17 19] [1 2 3 4 5 8 10] [1 2 3 4 5 7 8 9 10 11] [1 2 3 4 5 7 8 17] [1 2 3 4 5 6 7 8 9 13 52 58] [1 2 3 4 5 7 13] [1 2 7 24 27] [1 2 3 4 5 8] [1 2 3 4 5 10] [1 2 3 4 5 7 8 10 13 17] [] [] [] [] [] [] [] [] [] [] [] [] [] [] [] [] [] [] [] [] [] [] [] [] [] [] [] [] [] [] [] [] [] [] [] [] [] [] [] [] [] [] [] [] [] [] [] [] [] [] [] [] [] [] [] [] [] [] [] [] [] [] [] [] [] [] [] [] [] [] [] [] [] [] [] [] [] [] [] [] [] [] [] [] [] [] [] [] [] [] [] [] [] [] [] [] [] [] [] [] [] [] [] [] [] [] [] [] [] [] [] [] [] [] [] [] [] [] [] [] [] [] [] [] [] [] [] [] [] [] [] [] [] [] [] [] [] [] [] [] [] [] [] [] [] [] [] [] [] [] [] [] [] [] [] [] [] [] []
301 [] [1 2 4 5 6 8] [1 2 3 4 5 7 8 10 13 17 52] [1 2 3 13] [1 2 3 4 5 7 8] [1 2] [1 2 5] [1 2 3] [1 2 3 5] [1 2 3 4 5 7] [1 2 3 4 5 7 8 10 13] [1 2 3 4 5 13 52 58] [1 2 3 4 5 7 8 10 13 52] [1 2 3 5 7] [1 2 4 5 7 9 10] [1 2 3 4 5 7 8 10] [1 5] [1] [1 2 3 4 5 7 8 13 52] [1 2 3 5 7 10 13 52] [1 2 3 5 7 13] [1 2 3 4 5 7 10 17 43 58] [1 2 3 5 13] [1 2 3 4 5 6] [1 2 3 4 5] [1 13] [1 2 3 4] [1 2 3 4 5 8 13 17] [1 2 4 5 7 8 13 17] [1 2 5 7 10 13 17 52] [1 2 3 4 5 13 52] [1 2 3 5 13 52] [1 2 3 4 5 7 8 10 13 17 19] [1 2 3 4 5 8 10] [1 2 3 4 5 7 8 9 10 11] [1 2 3 4 5 7 8 17] [1 2 3 4 5 6 7 8 9 13 52 58] [1 2 3 4 5 7 13] [1 2 7 24 27] [1 2 3 4 5 8] [1 2 3 4 5 10] [1 2 3 4 5 7 8 10 13 17] [] [] [] [] [] [] [] [] [] [] [] [] [] [] [] [] [] [] [] [] [] [] [] [] [] [] [] [] [] [] [] [] [] [] [] [] [] [] [] [] [] [] [] [] [] [] [] [] [] [] [] [] [] [] [] [] [] [] [] [] [] [] [] [] [] [] [] [] [] [] [] [] [] [] [] [] [] [] [] [] [] [] [] [] [] [] [] [] [] [] [] [] [] [] [] [] [] [] [] [] [] [] [] [] [] [] [] [] [] [] [] [] [] [] [] [] [] [] [] [] [] [] [] [] [] [] [] [] [] [] [] [] [] [] [] [] [] [] [] [] [] [] [] [] [] [] [] [] [] [] [] [] [] [] [] [] [] [] []
302 [] [1 2 3 4 5 7 8 10 13 17 52] [1 2 3 13] [1 2 3 4 5 7 8] [1 2] [1 2 5] [1 2 3] [1 2 3 5] [1 2 3 4 5 7] [1 2 3 4 5 7 8 10 13] [1 2 3 4 5 13 52 58] [1 2 3 4 5 7 8 10 13 52] [1 2 3 5 7] [1 2 4 5 7 9 10] [1 2 3 4 5 7 8 10] [1 5] [1] [1 2 3 4 5 7 8 13 52] [1 2 3 5 7 10 13 52] [1 2 3 5 7 13] [1 2 3 4 5 7 10 17 43 58] [1 2 3 5 13] [1 2 3 4 5 6] [1 2 3 4 5] [1 13] [1 2 3 4] [1 2 4 5 6 8] [1 2 3 4 5 8 13 17] [1 2 4 5 7 8 13 17] [1 2 5 7 10 13 17 52] [1 2 3 4 5 13 52] [1 2 3 5 13 52] [1 2 3 4 5 7 8 10 13 17 19] [1 2 3 4 5 8 10] [1 2 3 4 5 7 8 9 10 11] [1 2 3 4 5 7 8 17] [1 2 3 4 5 6 7 8 9 13 52 58] [1 2 3 4 5 7 13] [1 2 7 24 27] [1 2 3 4 5 8] [1 2 3 4 5 10] [1 2 3 4 5 7 8 10 13 17] [] [] [] [] [] [] [] [] [] [] [] [] [] [] [] [] [] [] [] [] [] [] [] [] [] [] [] [] [] [] [] [] [] [] [] [] [] [] [] [] [] [] [] [] [] [] [] [] [] [] [] [] [] [] [] [] [] [] [] [] [] [] [] [] [] [] [] [] [] [] [] [] [] [] [] [] [] [] [] [] [] [] [] [] [] [] [] [] [] [] [] [] [] [] [] [] [] [] [] [] [] [] [] [] [] [] [] [] [] [] [] [] [] [] [] [] [] [] [] [] [] [] [] [] [] [] [] [] [] [] [] [] [] [] [] [] [] [] [] [] [] [] [] [] [] [] [] [] [] [] [] [] [] [] [] [] [] [] []
303 [] [1 2 3 4 5 7 8] [1 2 3 4 5 7 13] [1 2] [1 2 5] [1 2 3] [1 2 3 5] [1 2 3 4 5 7] [1 2 3 4 5 7 8 10 13] [1 2 3 4 5 13 52 58] [1 2 3 4 5 7 8 10 13 52] [1 2 3 5 7] [1 2 4 5 7 9 10] [1 2 3 4 5 7 8 10] [1 5] [1] [1 2 3 4 5 7 8 13 52] [1 2 3 5 7 10 13 52] [1 2 3 5 7 13] [1 2 3 4 5 7 10 17 43 58] [1 2 3 5 13] [1 2 3 4 5 6] [1 2 3 4 5] [1 13] [1 2 3 4] [1 2 4 5 6 8] [1 2 3 4 5 8 13 17] [1 2 4 5 7 8 13 17] [1 2 5 7 10 13 17 52] [1 2 3 4 5 13 52] [1 2 3 5 13 52] [1 2 3 4 5 7 8 10 13 17 19] [1 2 3 4 5 8 10] [1 2 3 4 5 7 8 9 10 11] [1 2 3 4 5 7 8 17] [1 2 3 4 5 6 7 8 9 13 52 58] [1 2 7 24 27] [1 2 3 4 5 8] [1 2 3 4 5 10] [1 2 3 4 5 7 8 10 13 17] [] [] [] [] [] [] [] [] [] [] [] [] [] [] [] [] [] [] [] [] [] [] [] [] [] [] [] [] [] [] [] [] [] [] [] [] [] [] [] [] [] [] [] [] [] [] [] [] [] [] [] [] [] [] [] [] [] [] [] [] [] [] [] [] [] [] [] [] [] [] [] [] [] [] [] [] [] [] [] [] [] [] [] [] [] [] [] [] [] [] [] [] [] [] [] [] [] [] [] [] [] [] [] [] [] [] [] [] [] [] [] [] [] [] [] [] [] [] [] [] [] [] [] [] [] [] [] [] [] [] [] [] [] [] [] [] [] [] [] [] [] [] [] [] [] [] [] [] [] [] [] [] [] [] [] [] [] [] [] [] []
304 [] [1 2 3 4 5 7 13] [1 2] [1 2 5] [1 2 3] [1 2 13] [1 2 3 4 5 7 8] [1 2 3 5] [1 2 3 4 5 7] [1 2 3 4 5 7 8 10 13] [1 2 3 4 5 13 52 58] [1 2 3 4 5 7 8 10 13 52] [1 2 3 5 7] [1 2 4 5 7 9 10] [1 2 3 4 5 7 8 10] [1 5] [1] [1 2 3 4 5 7 8 13 52] [1 2 3 5 7 10 13 52] [1 2 3 5 7 13] [1 2 3 4 5 7 10 17 43 58] [1 2 3 5 13] [1 2 3 4 5 6] [1 2 3 4 5] [1 13] [1 2 3 4] [1 2 4 5 6 8] [1 2 3 4 5 8 13 17] [1 2 4 5 7 8 13 17] [1 2 5 7 10 13 17 52] [1 2 3 4 5 13 52] [1 2 3 5 13 52] [1 2 3 4 5 7 8 10 13 17 19] [1 2 3 4 5 8 10] [1 2 3 4 5 7 8 9 10 11] [1 2 3 4 5 7 8 17] [1 2 3 4 5 6 7 8 9 13 52 58] [1 2 7 24 27] [1 2 3 4 5 8] [1 2 3 4 5 10] [1 2 3 4 5 7 8 10 13 17] [] [] [] [] [] [] [] [] [] [] [] [] [] [] [] [] [] [] [] [] [] [] [] [] [] [] [] [] [] [] [] [] [] [] [] [] [] [] [] [] [] [] [] [] [] [] [] [] [] [] [] [] [] [] [] [] [] [] [] [] [] [] [] [] [] [] [] [] [] [] [] [] [] [] [] [] [] [] [] [] [] [] [] [] [] [] [] [] [] [] [] [] [] [] [] [] [] [] [] [] [] [] [] [] [] [] [] [] [] [] [] [] [] [] [] [] [] [] [] [] [] [] [] [] [] [] [] [] [] [] [] [] [] [] [] [] [] [] [] [] [] [] [] [] [] [] [] [] [] [] [] [] [] [] [] [] [] [] [] []
305 [] [1 2 5] [1 2 3] [1 2 3 4 5 7 8] [1 2 3 5] [1 2 3 4 5 7] [1 2 3 4 5 7 8 10 13] [1 2 3 4 5 13 52 58] [1 2 3 4 5 7 8 10 13 52] [1 2 3 5 7] [1 2 4 5 7 9 10] [1 2 3 4 5 7 8 10] [1 5] [1 2] [1] [1 2 3 4 5 7 8 13 52] [1 2 3 5 7 10 13 52] [1 2 3 5 7 13] [1 2 3 4 5 7 10 17 43 58] [1 2 3 5 13] [1 2 3 4 5 6] [1 2 3 4 5] [1 13] [1 2 3 4] [1 2 4 5 6 8] [1 2 3 4 5 8 13 17] [1 2 4 5 7 8 13 17] [1 2 5 7 10 13 17 52] [1 2 3 4 5 13 52] [1 2 3 5 13 52] [1 2 3 4 5 7 8 10 13 17 19] [1 2 3 4 5 8 10] [1 2 3 4 5 7 8 9 10 11] [1 2 3 4 5 7 8 17] [1 2 3 4 5 6 7 8 9 13 52 58] [1 2 3 4 5 7 13] [1 2 7 24 27] [1 2 3 4 5 8] [1 2 3 4 5 10] [1 2 3 4 5 7 8 10 13 17] [] [] [] [] [] [] [] [] [] [] [] [] [] [] [] [] [] [] [] [] [] [] [] [] [] [] [] [] [] [] [] [] [] [] [] [] [] [] [] [] [] [] [] [] [] [] [] [] [] [] [] [] [] [] [] [] [] [] [] [] [] [] [] [] [] [] [] [] [] [] [] [] [] [] [] [] [] [] [] [] [] [] [] [] [] [] [] [] [] [] [] [] [] [] [] [] [] [] [] [] [] [] [] [] [] [] [] [] [] [] [] [] [] [] [] [] [] [] [] [] [] [] [] [] [] [] [] [] [] [] [] [] [] [] [] [] [] [] [] [] [] [] [] [] [] [] [] [] [] [] [] [] [] [] [] [] [] [] [] [] []
306 [] [1 2 5] [1 2 3] [1 2 3 4 5 7 8] [1 2 3 5] [1 2 3 4 5 7] [1 2 3 4 5 7 8 10 13] [1 2 3 4 5 13 52 58] [1 2 3 4 5 7 8 10 13 52] [1 2 3 5 7] [1 2 4 5 7 9 10] [1 2 3 4 5 7 8 10] [1 5] [1 2] [1] [1 2 3 4 5 7 8 13 52] [1 2 3 5 7 10 13 52] [1 2 3 5 7 13] [1 2 3 4 5 7 10 17 43 58] [1 2 3 5 13] [1 2 3 4 5 6] [1 2 3 4 5] [1 13] [1 2 3 4] [1 2 4 5 6 8] [1 2 3 4 5 8 13 17] [1 2 4 5 7 8 13 17] [1 2 5 7 10 13 17 52] [1 2 3 4 5 13 52] [1 2 3 5 13 52] [1 2 3 4 5 7 8 10 13 17 19] [1 2 3 4 5 8 10] [1 2 3 4 5 7 8 9 10 11] [1 2 3 4 5 7 8 17] [1 2 3 4 5 6 7 8 9 13 52 58] [1 2 3 4 5 7 13] [1 2 7 24 27] [1 2 3 4 5 8] [1 2 3 4 5 10] [1 2 3 4 5 7 8 10 13 17] [] [] [] [] [] [] [] [] [] [] [] [] [] [] [] [] [] [] [] [] [] [] [] [] [] [] [] [] [] [] [] [] [] [] [] [] [] [] [] [] [] [] [] [] [] [] [] [] [] [] [] [] [] [] [] [] [] [] [] [] [] [] [] [] [] [] [] [] [] [] [] [] [] [] [] [] [] [] [] [] [] [] [] [] [] [] [] [] [] [] [] [] [] [] [] [] [] [] [] [] [] [] [] [] [] [] [] [] [] [] [] [] [] [] [] [] [] [] [] [] [] [] [] [] [] [] [] [] [] [] [] [] [] [] [] [] [] [] [] [] [] [] [] [] [] [] [] [] [] [] [] [] [] [] [] [] [] [] [] [] []
307 [] [1 2 3] [1 2 3 4 5 7 8] [1 2 3 5] [1 2] [1 2 3 4 5 7] [1 2 3 4 5 7 8 10 13] [1 2 3 4 5 13 52 58] [1 2 3 4 5 7 8 10 13 52] [1 2 5] [1 2 3 5 7] [1 2 4 5 7 9 10] [1 2 3 4 5 7 8 10] [1 5] [1] [1 2 3 4 5 7 8 13 52] [1 2 3 5 7 10 13 52] [1 2 3 5 7 13] [1 2 3 4 5 7 10 17 43 58] [1 2 3 5 13] [1 2 3 4 5 6] [1 2 3 4 5] [1 13] [1 2 3 4] [1 2 4 5 6 8] [1 2 3 4 5 8 13 17] [1 2 4 5 7 8 13 17] [1 2 5 7 10 13 17 52] [1 2 3 4 5 13 52] [1 2 3 5 13 52] [1 2 3 4 5 7 8 10 13 17 19] [1 2 3 4 5 8 10] [1 2 3 4 5 7 8 9 10 11] [1 2 3 4 5 7 8 17] [1 2 3 4 5 6 7 8 9 13 52 58] [1 2 3 4 5 7 13] [1 2 7 24 27] [1 2 3 4 5 8] [1 2 3 4 5 10] [1 2 3 4 5 7 8 10 13 17] [] [] [] [] [] [] [] [] [] [] [] [] [] [] [] [] [] [] [] [] [] [] [] [] [] [] [] [] [] [] [] [] [] [] [] [] [] [] [] [] [] [] [] [] [] [] [] [] [] [] [] [] [] [] [] [] [] [] [] [] [] [] [] [] [] [] [] [] [] [] [] [] [] [] [] [] [] [] [] [] [] [] [] [] [] [] [] [] [] [] [] [] [] [] [] [] [] [] [] [] [] [] [] [] [] [] [] [] [] [] [] [] [] [] [] [] [] [] [] [] [] [] [] [] [] [] [] [] [] [] [] [] [] [] [] [] [] [] [] [] [] [] [] [] [] [] [] [] [] [] [] [] [] [] [] [] [] [] [] [] []
308 [] [1 2 3] [1 2 3 4 5 7 8] [1 2] [1 2 3 4 5 7] [1 2 3 4 5 7 8 10 13] [1 2 3 4 5 13 52 58] [1 2 3 4 5 7 8 10 13 52] [1 2 5] [1 2 3 5 7] [1 2 4 5 7 9 10] [1 2 3 4 5 7 8 10] [1 5] [1] [1 2 3 4 5 7 8 13 52] [1 2 3 5 7 10 13 52] [1 2 3 5 7 13] [1 2 3 4 5 7 10 17 43 58] [1 2 3 5 13] [1 2 3 4 5 6] [1 2 3 4 5] [1 13] [1 2 3 4] [1 2 4 5 6 8] [1 2 3 4 5 8 13 17] [1 2 3 5] [1 2 4 5 7 8 13 17] [1 2 5 7 10 13 17 52] [1 2 3 4 5 13 52] [1 2 3 5 13 52] [1 2 3 4 5 7 8 10 13 17 19] [1 2 3 4 5 8 10] [1 2 3 4 5 7 8 9 10 11] [1 2 3 4 5 7 8 17] [1 2 3 4 5 6 7 8 9 13 52 58] [1 2 3 4 5 7 13] [1 2 7 24 27] [1 2 3 4 5 8] [1 2 3 4 5 10] [1 2 3 4 5 7 8 10 13 17] [] [] [] [] [] [] [] [] [] [] [] [] [] [] [] [] [] [] [] [] [] [] [] [] [] [] [] [] [] [] [] [] [] [] [] [] [] [] [] [] [] [] [] [] [] [] [] [] [] [] [] [] [] [] [] [] [] [] [] [] [] [] [] [] [] [] [] [] [] [] [] [] [] [] [] [] [] [] [] [] [] [] [] [] [] [] [] [] [] [] [] [] [] [] [] [] [] [] [] [] [] [] [] [] [] [] [] [] [] [] [] [] [] [] [] [] [] [] [] [] [] [] [] [] [] [] [] [] [] [] [] [] [] [] [] [] [] [] [] [] [] [] [] [] [] [] [] [] [] [] [] [] [] [] [] [] [] [] [] [] []
309 [] [1 2 3] [1 2 3 4 5 7 8] [1 2] [1 2 3 4 5 7] [1 2 3 4 5 7 8 10 13] [1 2 3 4 5 13 52 58] [1 2 3 4 5 7 8 10 13 52] [1 2 5] [1 2 3 5 7] [1 2 4 5 7 9 10] [1 2 3 4 5 7 8 10] [1 5] [1] [1 2 3 4 5 7 8 13 52] [1 2 3 5 7 10 13 52] [1 2 3 5 7 13] [1 2 3 4 5 7 10 17 43 58] [1 2 3 5 13] [1 2 3 4 5 6] [1 2 3 4 5] [1 13] [1 2 3 4] [1 2 4 5 6 8] [1 2 3 4 5 8 13 17] [1 2 3 5] [1 2 4 5 7 8 13 17] [1 2 5 7 10 13 17 52] [1 2 3 4 5 13 52] [1 2 3 5 13 52] [1 2 3 4 5 7 8 10 13 17 19] [1 2 3 4 5 8 10] [1 2 3 4 5 7 8 9 10 11] [1 2 3 4 5 7 8 17] [1 2 3 4 5 6 7 8 9 13 52 58] [1 2 3 4 5 7 13] [1 2 7 24 27] [1 2 3 4 5 8] [1 2 3 4 5 10] [1 2 3 4 5 7 8 10 13 17] [] [] [] [] [] [] [] [] [] [] [] [] [] [] [] [] [] [] [] [] [] [] [] [] [] [] [] [] [] [] [] [] [] [] [] [] [] [] [] [] [] [] [] [] [] [] [] [] [] [] [] [] [] [] [] [] [] [] [] [] [] [] [] [] [] [] [] [] [] [] [] [] [] [] [] [] [] [] [] [] [] [] [] [] [] [] [] [] [] [] [] [] [] [] [] [] [] [] [] [] [] [] [] [] [] [] [] [] [] [] [] [] [] [] [] [] [] [] [] [] [] [] [] [] [] [] [] [] [] [] [] [] [] [] [] [] [] [] [] [] [] [] [] [] [] [] [] [] [] [] [] [] [] [] [] [] [] [] [] [] []
310 [] [1 2 3 4 5 7 8] [1 2] [1 2 3 4 5 7] [1 2 3 4 5 7 8 10 13] [1 2 3 4 5 13 52 58] [1 2 3 4 5 7 8 10 13 52] [1 2 5] [1 2 3 5 7] [1 2 4 5 7 9 10] [1 2 3 4 5 7 8 10] [1 5] [1] [1 2 3 4 5 7 8 13 52] [1 2 3 5 7 10 13 52] [1 2 3 5 7 13] [1 2 3 4 5 7 10 17 43 58] [1 2 3 5 13] [1 2 3 4 5 6] [1 2 3 4 5] [1 13] [1 2 3 4] [1 2 4 5 6 8] [1 2 3 4 5 8 13 17] [1 2 3 5] [1 2 4 5 7 8 13 17] [1 2 5 7 10 13 17 52] [1 2 3 4 5 13 52] [1 2 3 5 13 52] [1 2 3 4 5 7 8 10 13 17 19] [1 2 3 4 5 8 10] [1 2 3 4 5 7 8 9 10 11] [1 2 3 4 5 7 8 17] [1 2 3 4 5 6 7 8 9 13 52 58] [1 2 3 4 5 7 13] [1 2 7 24 27] [1 2 3 4 5 8] [1 2 3 4 5 10] [1 2 3 4 5 7 8 10 13 17] [] [] [] [] [] [] [] [] [] [] [] [] [] [] [] [] [] [] [] [] [] [] [] [] [] [] [] [] [] [] [] [] [] [] [] [] [] [] [] [] [] [] [] [] [] [] [] [] [] [] [] [] [] [] [] [] [] [] [] [] [] [] [] [] [] [] [] [] [] [] [] [] [] [] [] [] [] [] [] [] [] [] [] [] [] [] [] [] [] [] [] [] [] [] [] [] [] [] [] [] [] [] [] [] [] [] [] [] [] [] [] [] [] [] [] [] [] [] [] [] [] [] [] [] [] [] [] [] [] [] [] [] [] [] [] [] [] [] [] [] [] [] [] [] [] [] [] [] [] [] [] [] [] [] [] [] [] [] [] [] [] []
311 [] [1 2 3 4 5 7 8] [1 2] [1 2 3 4 5 7] [1 2 3 4 5 7 8 10 13] [1 2 3 4 5 13 52 58] [1 2 3 4 5 7 8 10 13 52] [1 2 5] [1 2 3 5 7] [1 2 4 5 7 9 10] [1 2 3 4 5 7 8 10] [1 5] [1] [1 2 3 4 5 7 8 13 52] [1 2 3 5 7 10 13 52] [1 2 3 5 7 13] [1 2 3 4 5 7 10 17 43 58] [1 2 3 5 13] [1 2 3 4 5 6] [1 2 3 4 5] [1 13] [1 2 3 4] [1 2 4 5 6 8] [1 2 3 4 5 8 13 17] [1 2 3 5] [1 2 4 5 7 8 13 17] [1 2 5 7 10 13 17 52] [1 2 3 4 5 13 52] [1 2 3 5 13 52] [1 2 3 4 5 7 8 10 13 17 19] [1 2 3 4 5 8 10] [1 2 3 4 5 7 8 9 10 11] [1 2 3 4 5 7 8 17] [1 2 3 4 5 6 7 8 9 13 52 58] [1 2 3 4 5 7 13] [1 2 7 24 27] [1 2 3 4 5 8] [1 2 3 4 5 10] [1 2 3 4 5 7 8 10 13 17] [] [] [] [] [] [] [] [] [] [] [] [] [] [] [] [] [] [] [] [] [] [] [] [] [] [] [] [] [] [] [] [] [] [] [] [] [] [] [] [] [] [] [] [] [] [] [] [] [] [] [] [] [] [] [] [] [] [] [] [] [] [] [] [] [] [] [] [] [] [] [] [] [] [] [] [] [] [] [] [] [] [] [] [] [] [] [] [] [] [] [] [] [] [] [] [] [] [] [] [] [] [] [] [] [] [] [] [] [] [] [] [] [] [] [] [] [] [] [] [] [] [] [] [] [] [] [] [] [] [] [] [] [] [] [] [] [] [] [] [] [] [] [] [] [] [] [] [] [] [] [] [] [] [] [] [] [] [] [] [] [] []
312 [] [1 2] [1 2 3 4 5 7] [1 2 3 4 5 7 8 10 13] [1 2 3 4 5 13 52 58] [1 2 3 4 5 7 8 10 13 52] [1 2 5] [1 2 3 5 7] [1 2 4 5 7 9 10] [1 2 3 4 5 7 8 10] [1 5] [1] [1 2 3 4 5 7 8 13 52] [1 2 3 5 7 10 13 52] [1 2 3 5 7 13] [1 2 3 4 5 7 10 17 43 58] [1 2 3 5 13] [1 2 3 4 5 6] [1 2 3 4 5] [1 13] [1 2 3 4] [1 2 4 5 6 8] [1 2 3 4 5 8 13 17] [1 2 3 5] [1 2 4 5 7 8 13 17] [1 2 5 7 10 13 17 52] [1 2 3 4 5 13 52] [1 2 3 5 13 52] [1 2 3 4 5 7 8 10 13 17 19] [1 2 3 4 5 8 10] [1 2 3 4 5 7 8 9 10 11] [1 2 3 4 5 7 8 17] [1 2 3 4 5 6 7 8 9 13 52 58] [1 2 3 4 5 7 13] [1 2 7 24 27] [1 2 3 4 5 8] [1 2 3 4 5 10] [1 2 3 4 5 7 8 10 13 17] [] [] [] [] [] [] [] [] [] [] [] [] [] [] [] [] [] [] [] [] [] [] [] [] [] [] [] [] [] [] [] [] [] [] [] [] [] [] [] [] [] [] [] [] [] [] [] [] [] [] [] [] [] [] [] [] [] [] [] [] [] [] [] [] [] [] [] [] [] [] [] [] [] [] [] [] [] [] [] [] [] [] [] [] [] [] [] [] [] [] [] [] [] [] [] [] [] [] [] [] [] [] [] [] [] [] [] [] [] [] [] [] [] [] [] [] [] [] [] [] [] [] [] [] [] [] [] [] [] [] [] [] [] [] [] [] [] [] [] [] [] [] [] [] [] [] [] [] [] [] [] [] [] [] [] [] [] [] [] [] [] [] []
313 [] [1 2 3 4 5 7 8 10 13] [1 2 3 4 5 13 52 58] [1 2 3 4 5 7 8 10 13 52] [1 2 3 5 7] [1 2 4 5 7 9 10] [1 2 3 4 5 7 8 10] [1] [1 2 3 4 5 7 8 13 52] [1 2 3 5 7 10 13 52] [1 2 3 5 7 13] [1 2] [1 2 3 4 5 7 10 17 43 58] [1 2 3 5 13] [1 2 3 4 5 6] [1 2 3 4 5] [1 2 3 4 5 7] [1 13] [1 2 3 4] [1 2 4 5 6 8] [1 2 3 4 5 8 13 17] [1 2 3 5] [1 2 4 5 7 8 13 17] [1 2 5 7 10 13 17 52] [1 2 3 4 5 13 52] [1 2 3 5 13 52] [1 2 3 4 5 7 8 10 13 17 19] [1 2 3 4 5 8 10] [1 2 3 4 5 7 8 9 10 11] [1 2 3 4 5 7 8 17] [1 2 3 4 5 6 7 8 9 13 52 58] [1 2 3 4 5 7 13] [1 2 7 24 27] [1 2 3 4 5 8] [1 2 3 4 5 10] [1 2 5] [1 2 3 4 5 7 8 10 13 17] [] [] [] [] [] [] [] [] [] [] [] [] [] [] [] [] [] [] [] [] [] [] [] [] [] [] [] [] [] [] [] [] [] [] [] [] [] [] [] [] [] [] [] [] [] [] [] [] [] [] [] [] [] [] [] [] [] [] [] [] [] [] [] [] [] [] [] [] [] [] [] [] [] [] [] [] [] [] [] [] [] [] [] [] [] [] [] [] [] [] [] [] [] [] [] [] [] [] [] [] [] [] [] [] [] [] [] [] [] [] [] [] [] [] [] [] [] [] [] [] [] [] [] [] [] [] [] [] [] [] [] [] [] [] [] [] [] [] [] [] [] [] [] [] [] [] [] [] [] [] [] [] [] [] [] [] [] [] [] [] [] [] [] []
314 [] [1 2 3 4 5 13 52 58] [1 2 3 4 5 7 8 10 13 52] [1 2 3 5 7] [1 2 4 5 7 9 10] [1 2 3 4 5 7 8 10] [1] [1 2 3 4 5 7 8 13 52] [1 2 3 5 7 10 13 52] [1 2 3 5 7 13] [1 2] [1 2 3 4 5 7 10 17 43 58] [1 2 3 5 13] [1 2 3 4 5 6] [1 2 3 4 5] [1 2 3 4 5 7] [1 13] [1 2 3 4] [1 2 4 5 6 8] [1 2 3 4 5 8 13 17] [1 2 3 5] [1 2 4 5 7 8 13 17] [1 2 5 7 10 13 17 52] [1 2 3 4 5 13 52] [1 2 3 5 13 52] [1 2 3 4 5 7 8 10 13 17 19] [1 2 3 4 5 8 10] [1 2 3 4 5 7 8 9 10 11] [1 2 3 4 5 7 8 17] [1 2 3 4 5 6 7 8 9 13 52 58] [1 2 3 4 5 7 13] [1 2 7 24 27] [1 2 3 4 5 8] [1 2 3 4 5 10] [1 2 5] [1 2 3 4 5 7 8 10 13 17] [] [] [] [] [] [] [] [] [] [] [] [] [] [] [] [] [] [] [] [] [] [] [] [] [] [] [] [] [] [] [] [] [] [] [] [] [] [] [] [] [] [] [] [] [] [] [] [] [] [] [] [] [] [] [] [] [] [] [] [] [] [] [] [] [] [] [] [] [] [] [] [] [] [] [] [] [] [] [] [] [] [] [] [] [] [] [] [] [] [] [] [] [] [] [] [] [] [] [] [] [] [] [] [] [] [] [] [] [] [] [] [] [] [] [] [] [] [] [] [] [] [] [] [] [] [] [] [] [] [] [] [] [] [] [] [] [] [] [] [] [] [] [] [] [] [] [] [] [] [] [] [] [] [] [] [] [] [] [] [] [] [] [] [] []
315 [] [1 2 3 5 7] [1 2 4 5 7 9 10] [1 2 3 4 5 7 8 10] [1] [1 2 3 4 5 7 8 13 52] [1 2 3 5 7 10 13 52] [1 2 3 5 7 13] [1 2] [1 2 3 4 5 7 10 17 43 58] [1 2 3 5 13] [1 2 3 4 5 6] [1 2 3 4 5] [1 2 3 4 5 7] [1 13] [1 2 3 4] [1 2 4 5 6 8] [1 2 3 4 5 8 13 17] [1 2 3 5] [1 2 4 5 7 8 13 17] [1 2 5 7 10 13 17 52] [1 2 3 4 5 13 52] [1 2 3 5 13 52] [1 2 3 4 5 7 8 10 13 17 19] [1 2 3 4 5 8 10] [1 2 3 4 5 7 8 9 10 11] [1 2 3 4 5 7 8 17] [1 2 3 4 5 6 7 8 9 13 52 58] [1 2 3 4 5 7 13] [1 2 7 24 27] [1 2 3 4 5 8] [1 2 3 4 5 10] [1 2 5] [1 2 3 4 5 7 8 10 13 17] [] [] [] [] [] [] [] [] [] [] [] [] [] [] [] [] [] [] [] [] [] [] [] [] [] [] [] [] [] [] [] [] [] [] [] [] [] [] [] [] [] [] [] [] [] [] [] [] [] [] [] [] [] [] [] [] [] [] [] [] [] [] [] [] [] [] [] [] [] [] [] [] [] [] [] [] [] [] [] [] [] [] [] [] [] [] [] [] [] [] [] [] [] [] [] [] [] [] [] [] [] [] [] [] [] [] [] [] [] [] [] [] [] [] [] [] [] [] [] [] [] [] [] [] [] [] [] [] [] [] [] [] [] [] [] [] [] [] [] [] [] [] [] [] [] [] [] [] [] [] [] [] [] [] [] [] [] [] [] [] [] [] [] [] [] [] []
316 [] [1 2 4 5 7 9 10] [1 2 3 4 5 7 8 10] [1] [1 2 3 4 5 7 8 13 52] [1 2 3 5 7 10 13 52] [1 2 3 5 7 13] [1 2] [1 2 3 4 5 7 10 17 43 58] [1 2 3 5 13] [1 2 3 4 5 6] [1 2 3 4 5] [1 2 3 4 5 7] [1 13] [1 2 3 4] [1 2 4 5 6 8] [1 2 3 4 5 8 13 17] [1 2 3 5] [1 2 4 5 7 8 13 17] [1 2 5 7 10 13 17 52] [1 2 3 4 5 13 52] [1 2 3 5 13 52] [1 2 3 4 5 7 8 10 13 17 19] [1 2 3 4 5 8 10] [1 2 3 4 5 7 8 9 10 11] [1 2 3 4 5 7 8 17] [1 2 3 4 5 6 7 8 9 13 52 58] [1 2 3 4 5 7 13] [1 2 7 24 27] [1 2 3 4 5 8] [1 2 3 4 5 10] [1 2 5] [1 2 3 4 5 7 8 10 13 17] [] [] [] [] [] [] [] [] [] [] [] [] [] [] [] [] [] [] [] [] [] [] [] [] [] [] [] [] [] [] [] [] [] [] [] [] [] [] [] [] [] [] [] [] [] [] [] [] [] [] [] [] [] [] [] [] [] [] [] [] [] [] [] [] [] [] [] [] [] [] [] [] [] [] [] [] [] [] [] [] [] [] [] [] [] [] [] [] [] [] [] [] [] [] [] [] [] [] [] [] [] [] [] [] [] [] [] [] [] [] [] [] [] [] [] [] [] [] [] [] [] [] [] [] [] [] [] [] [] [] [] [] [] [] [] [] [] [] [] [] [] [] [] [] [] [] [] [] [] [] [] [] [] [] [] [] [] [] [] [] [] [] [] [] [] [] [] []
317 [] [1 2 3 4 5 7 8 10] [1] [1 2 3 4 5 7 8 13 52] [1 2 3 5 7 10 13 52] [1 2 3 5 7 13] [1 2] [1 2 3 4 5 7 10 17 43 58] [1 2 3 5 13] [1 2 3 4 5 6] [1 2 3 4 5] [1 2 3 4 5 7] [1 13] [1 2 3 4] [1 2 4 5 6 8] [1 2 3 4 5 8 13 17] [1 2 3 5] [1 2 4 5 7 8 13 17] [1 2 5 7 10 13 17 52] [1 2 3 4 5 13 52] [1 2 3 5 13 52] [1 2 3 4 5 7 8 10 13 17 19] [1 2 3 4 5 8 10] [1 2 3 4 5 7 8 9 10 11] [1 2 3 4 5 7 8 17] [1 2 3 4 5 6 7 8 9 13 52 58] [1 2 3 4 5 7 13] [1 2 7 24 27] [1 2 3 4 5 8] [1 2 3 4 5 10] [1 2 5] [1 2 3 4 5 7 8 10 13 17] [] [] [] [] [] [] [] [] [] [] [] [] [] [] [] [] [] [] [] [] [] [] [] [] [] [] [] [] [] [] [] [] [] [] [] [] [] [] [] [] [] [] [] [] [] [] [] [] [] [] [] [] [] [] [] [] [] [] [] [] [] [] [] [] [] [] [] [] [] [] [] [] [] [] [] [] [] [] [] [] [] [] [] [] [] [] [] [] [] [] [] [] [] [] [] [] [] [] [] [] [] [] [] [] [] [] [] [] [] [] [] [] [] [] [] [] [] [] [] [] [] [] [] [] [] [] [] [] [] [] [] [] [] [] [] [] [] [] [] [] [] [] [] [] [] [] [] [] [] [] [] [] [] [] [] [] [] [] [] [] [] [] [] [] [] [] [] [] []
318 [] [1 2 3 4 5 7 8 10] [1 2 3 4 5 7 10 13] [1] [1 2 3 4 5 7 8 13 52] [1 2 3 5 7 10 13 52] [1 2 3 5 7 13] [1 2] [1 2 3 4 5 7 10 17 43 58] [1 2 3 5 13] [1 2 3 4 5 6] [1 2 3 4 5] [1 2 3 4 5 7] [1 13] [1 2 3 4] [1 2 4 5 6 8] [1 2 3 4 5 8 13 17] [1 2 3 5] [1 2 4 5 7 8 13 17] [1 2 5 7 10 13 17 52] [1 2 3 4 5 13 52] [1 2 3 5 13 52] [1 2 3 4 5 7 8 10 13 17 19] [1 2 3 4 5 8 10] [1 2 3 4 5 7 8 9 10 11] [1 2 3 4 5 7 8 17] [1 2 3 4 5 6 7 8 9 13 52 58] [1 2 3 4 5 7 13] [1 2 7 24 27] [1 2 3 4 5 8] [1 2 3 4 5 10] [1 2 5] [1 2 3 4 5 7 8 10 13 17] [] [] [] [] [] [] [] [] [] [] [] [] [] [] [] [] [] [] [] [] [] [] [] [] [] [] [] [] [] [] [] [] [] [] [] [] [] [] [] [] [] [] [] [] [] [] [] [] [] [] [] [] [] [] [] [] [] [] [] [] [] [] [] [] [] [] [] [] [] [] [] [] [] [] [] [] [] [] [] [] [] [] [] [] [] [] [] [] [] [] [] [] [] [] [] [] [] [] [] [] [] [] [] [] [] [] [] [] [] [] [] [] [] [] [] [] [] [] [] [] [] [] [] [] [] [] [] [] [] [] [] [] [] [] [] [] [] [] [] [] [] [] [] [] [] [] [] [] [] [] [] [] [] [] [] [] [] [] [] [] [] [] [] [] [] [] [] []
319 [] [1 2 3 4 5 7 10 13] [1] [1 2 3 4 5 7 8 13 52] [1 2 3 5 7 10 13 52] [1 2 3 5 7 13] [1 2] [1 2 3 4 5 7 10 17 43 58] [1 2 3 5 13] [1 2 3 4 5 6] [1 2 3 4 5] [1 2 3 4 5 7] [1 13] [1 2 3 4] [1 2 4 5 6 8] [1 2 3 4 5 8 13 17] [1 2 3 5] [1 2 4 5 7 8 13 17] [1 2 5 7 10 13 17 52] [1 2 3 4 5 13 52] [1 2 3 5 13 52] [1 2 3 4 5 7 8 10 13 17 19] [1 2 3 4 5 8 10] [1 2 3 4 5 7 8 9 10 11] [1 2 3 4 5 7 8 17] [1 2 3 4 5 6 7 8 9 13 52 58] [1 2 3 4 5 7 13] [1 2 7 24 27] [1 2 3 4 5 8] [1 2 3 4 5 10] [1 2 5] [1 2 3 4 5 7 8 10 13 17] [] [] [] [] [] [] [] [] [] [] [] [] [] [] [] [] [] [] [] [] [] [] [] [] [] [] [] [] [] [] [] [] [] [] [] [] [] [] [] [] [] [] [] [] [] [] [] [] [] [] [] [] [] [] [] [] [] [] [] [] [] [] [] [] [] [] [] [] [] [] [] [] [] [] [] [] [] [] [] [] [] [] [] [] [] [] [] [] [] [] [] [] [] [] [] [] [] [] [] [] [] [] [] [] [] [] [] [] [] [] [] [] [] [] [] [] [] [] [] [] [] [] [] [] [] [] [] [] [] [] [] [] [] [] [] [] [] [] [] [] [] [] [] [] [] [] [] [] [] [] [] [] [] [] [] [] [] [] [] [] [] [] [] [] [] [] [] [] []
320 [] [1 2 3 4 5 7 8 13 52] [1 2 3 5 7 10 13 52] [1 2 3 5 7 13] [1 2 3 4 5 7 10 17 43 58] [1 2 3 5 13] [1 2 3 4 5 6] [1 2 3 4 5] [1 2 3 4 5 7] [1 2 3 4] [1 2 4 5 6 8] [1 2 3 4 5 8 13 17] [1 2 3 5] [1 2 4 5 7 8 13 17] [1] [1 2 5 7 10 13 17 52] [1 2] [1 2 3 4 5 13 52] [1 2 3 5 13 52] [1 2 3 4 5 7 8 10 13 17 19] [1 2 3 4 5 8 10] [1 2 3 4 5 7 8 9 10 11] [1 2 3 4 5 7 8 17] [1 2 3 4 5 6 7 8 9 13 52 58] [1 2 3 4 5 7 13] [1 2 7 24 27] [1 2 3 4 5 8] [1 2 3 4 5 10] [1 2 5] [1 2 3 4 5 7 8 10 13 17] [] [] [] [] [] [] [] [] [] [] [] [] [] [] [] [] [] [] [] [] [] [] [] [] [] [] [] [] [] [] [] [] [] [] [] [] [] [] [] [] [] [] [] [] [] [] [] [] [] [] [] [] [] [] [] [] [] [] [] [] [] [] [] [] [] [] [] [] [] [] [] [] [] [] [] [] [] [] [] [] [] [] [] [] [] [] [] [] [] [] [] [] [] [] [] [] [] [] [] [] [] [] [] [] [] [] [] [] [] [] [] [] [] [] [] [] [] [] [] [] [] [] [] [] [] [] [] [] [] [] [] [] [] [] [] [] [] [] [] [] [] [] [] [] [] [] [] [] [] [] [] [] [] [] [] [] [] [] [] [] [] [] [] [] [] [] [] [] [] [] []
321 [] [1 2 3 4 5 7 8 13 52] [1 2 3 5 7 10 13 52] [1 2 3 5 7 13] [1 2 3 4 5 7 10 17 43 58] [1 2 3 5 13] [1 2 3 4 5 6] [1 2 3 4 5] [1 2 3 4 5 7] [1 2 3 4] [1 2 4 5 6 8] [1 2 3 4 5 8 13 17] [1 2 3 5] [1 2 4 5 7 8 13 17] [1] [1 2 5 7 10 13 17 52] [1 2] [1 2 3 4 5 13 52] [1 2 3 5 13 52] [1 2 3 4 5 7 8 10 13 17 19] [1 2 3 4 5 8 10] [1 2 3 4 5 7 8 9 10 11] [1 2 3 4 5 7 8 17] [1 2 3 4 5 6 7 8 9 13 52 58] [1 2 3 4 5 7 13] [1 2 7 24 27] [1 2 3 4 5 8] [1 2 3 4 5 10] [1 2 5] [1 2 3 4 5 7 8 10 13 17] [] [] [] [] [] [] [] [] [] [] [] [] [] [] [] [] [] [] [] [] [] [] [] [] [] [] [] [] [] [] [] [] [] [] [] [] [] [] [] [] [] [] [] [] [] [] [] [] [] [] [] [] [] [] [] [] [] [] [] [] [] [] [] [] [] [] [] [] [] [] [] [] [] [] [] [] [] [] [] [] [] [] [] [] [] [] [] [] [] [] [] [] [] [] [] [] [] [] [] [] [] [] [] [] [] [] [] [] [] [] [] [] [] [] [] [] [] [] [] [] [] [] [] [] [] [] [] [] [] [] [] [] [] [] [] [] [] [] [] [] [] [] [] [] [] [] [] [] [] [] [] [] [] [] [] [] [] [] [] [] [] [] [] [] [] [] [] [] [] [] []
322 [] [1 2 3 5 7 10 13 52] [1 2 3 5 7 13] [1 2 3 4 5 7 10 17 43 58] [1 2 3 5 13] [1 2 3 4 5 6] [1 2 3 4 5] [1 2 3 4 5 7] [1 2 3 4] [1 2 4 5 6 8] [1 2 3 4 5 8 13 17] [1 2 3 5] [1 2 4 5 7 8 13 17] [1] [1 2 5 7 10 13 17 52] [1 2] [1 2 3 4 5 13 52] [1 2 3 5 13 52] [1 2 3 4 5 7 8 10 13 17 19] [1 2 3 4 5 8 10] [1 2 3 4 5 7 8 9 10 11] [1 2 3 4 5 7 8 17] [1 2 3 4 5 6 7 8 9 13 52 58] [1 2 3 4 5 7 13] [1 2 7 24 27] [1 2 3 4 5 8] [1 2 3 4 5 10] [1 2 5] [1 2 3 4 5 7 8 10 13 17] [] [] [] [] [] [] [] [] [] [] [] [] [] [] [] [] [] [] [] [] [] [] [] [] [] [] [] [] [] [] [] [] [] [] [] [] [] [] [] [] [] [] [] [] [] [] [] [] [] [] [] [] [] [] [] [] [] [] [] [] [] [] [] [] [] [] [] [] [] [] [] [] [] [] [] [] [] [] [] [] [] [] [] [] [] [] [] [] [] [] [] [] [] [] [] [] [] [] [] [] [] [] [] [] [] [] [] [] [] [] [] [] [] [] [] [] [] [] [] [] [] [] [] [] [] [] [] [] [] [] [] [] [] [] [] [] [] [] [] [] [] [] [] [] [] [] [] [] [] [] [] [] [] [] [] [] [] [] [] [] [] [] [] [] [] [] [] [] [] [] [] []
323 [] [1 2 3 5 7 13] [1 2 3 4 5 7 10 17 43 58] [1 2 3 5 13] [1 2 3 4 5 6] [1 2 3 4 5] [1 2 3 4 5 7] [1 2 3 4] [1 2 4 5 6 8] [1 2 3 4 5 8 13 17] [1 2 3 5] [1 2 4 5 7 8 13 17] [1] [1 2 5 7 10 13 17 52] [1 2] [1 2 3 4 5 13 52] [1 2 3 5 13 52] [1 2 3 4 5 7 8 10 13 17 19] [1 2 3 4 5 8 10] [1 2 3 4 5 7 8 9 10 11] [1 2 3 4 5 7 8 17] [1 2 3 4 5 6 7 8 9 13 52 58] [1 2 3 4 5 7 13] [1 2 7 24 27] [1 2 3 4 5 8] [1 2 3 4 5 10] [1 2 5] [1 2 3 4 5 7 8 10 13 17] [] [] [] [] [] [] [] [] [] [] [] [] [] [] [] [] [] [] [] [] [] [] [] [] [] [] [] [] [] [] [] [] [] [] [] [] [] [] [] [] [] [] [] [] [] [] [] [] [] [] [] [] [] [] [] [] [] [] [] [] [] [] [] [] [] [] [] [] [] [] [] [] [] [] [] [] [] [] [] [] [] [] [] [] [] [] [] [] [] [] [] [] [] [] [] [] [] [] [] [] [] [] [] [] [] [] [] [] [] [] [] [] [] [] [] [] [] [] [] [] [] [] [] [] [] [] [] [] [] [] [] [] [] [] [] [] [] [] [] [] [] [] [] [] [] [] [] [] [] [] [] [] [] [] [] [] [] [] [] [] [] [] [] [] [] [] [] [] [] [] [] [] []
324 [] [1 2 3 5 7 13] [1 2 3 4 5 7 10 17 43 58] [1 2 3 5 13] [1 2 3 4 5 6] [1 2 3 4 5] [1 2 3 4 5 7] [1 2 3 4] [1 2 4 5 6 8] [1 2 3 4 5 8 13 17] [1 2 3 5] [1 2 4 5 7 8 13 17] [1] [1 2 5 7 10 13 17 52] [1 2] [1 2 3 4 5 13 52] [1 2 3 5 13 52] [1 2 3 4 5 7 8 10 13 17 19] [1 2 3 4 5 8 10] [1 2 3 4 5 7 8 9 10 11] [1 2 3 4 5 7 8 17] [1 2 3 4 5 6 7 8 9 13 52 58] [1 2 3 4 5 7 13] [1 2 7 24 27] [1 2 3 4 5 8] [1 2 3 4 5 10] [1 2 5] [1 2 3 4 5 7 8 10 13 17] [] [] [] [] [] [] [] [] [] [] [] [] [] [] [] [] [] [] [] [] [] [] [] [] [] [] [] [] [] [] [] [] [] [] [] [] [] [] [] [] [] [] [] [] [] [] [] [] [] [] [] [] [] [] [] [] [] [] [] [] [] [] [] [] [] [] [] [] [] [] [] [] [] [] [] [] [] [] [] [] [] [] [] [] [] [] [] [] [] [] [] [] [] [] [] [] [] [] [] [] [] [] [] [] [] [] [] [] [] [] [] [] [] [] [] [] [] [] [] [] [] [] [] [] [] [] [] [] [] [] [] [] [] [] [] [] [] [] [] [] [] [] [] [] [] [] [] [] [] [] [] [] [] [] [] [] [] [] [] [] [] [] [] [] [] [] [] [] [] [] [] [] []
325 [] [1 2 3 4 5 7 10 17 43 58] [1 2 3 4 5 7 8 13] [1 2 3 5 13] [1 2 3 4 5 6] [1 2 3 4 5] [1 2 3 4 5 7] [1 2 3 4] [1 2 4 5 6 8] [1 2 3 4 5 8 13 17] [1 2 3 5] [1 2 4 5 7 8 13 17] [1] [1 2 5 7 10 13 17 52] [1 2] [1 2 3 4 5 13 52] [1 2 3 5 13 52] [1 2 3 4 5 7 8 10 13 17 19] [1 2 3 4 5 8 10] [1 2 3 4 5 7 8 9 10 11] [1 2 3 4 5 7 8 17] [1 2 3 4 5 6 7 8 9 13 52 58] [1 2 3 4 5 7 13] [1 2 7 24 27] [1 2 3 5 7 13] [1 2 3 4 5 8] [1 2 3 4 5 10] [1 2 5] [1 2 3 4 5 7 8 10 13 17] [] [] [] [] [] [] [] [] [] [] [] [] [] [] [] [] [] [] [] [] [] [] [] [] [] [] [] [] [] [] [] [] [] [] [] [] [] [] [] [] [] [] [] [] [] [] [] [] [] [] [] [] [] [] [] [] [] [] [] [] [] [] [] [] [] [] [] [] [] [] [] [] [] [] [] [] [] [] [] [] [] [] [] [] [] [] [] [] [] [] [] [] [] [] [] [] [] [] [] [] [] [] [] [] [] [] [] [] [] [] [] [] [] [] [] [] [] [] [] [] [] [] [] [] [] [] [] [] [] [] [] [] [] [] [] [] [] [] [] [] [] [] [] [] [] [] [] [] [] [] [] [] [] [] [] [] [] [] [] [] [] [] [] [] [] [] [] [] [] [] [] []
326 [] [1 2 3 5 13] [1 2 3 4 5 6] [1 2 3 4 5] [1 2 3 4 5 7] [1 2 3 4] [1 2 4 5 6 8] [1 2 3 4 5 8 13 17] [1 2 3 5] [1 2 4 5 7 8 13 17] [1] [1 2 5 7 10 13 17 52] [1 2] [1 2 3 4 5 13 52] [1 2 3 5 13 52] [1 2 3 4 5 7 8 10 13 17 19] [1 2 3 4 5 8 10] [1 2 3 4 5 7 8 9 10 11] [1 2 3 4 5 7 8 17] [1 2 3 4 5 6 7 8 9 13 52 58] [1 2 3 4 5 7 13] [1 2 7 24 27] [1 2 3 5 7 13] [1 2 3 4 5 8] [1 2 3 4 5 10] [1 2 5] [1 2 3 4 5 7 8 10 13 17] [] [] [] [] [] [] [] [] [] [] [] [] [] [] [] [] [] [] [] [] [] [] [] [] [] [] [] [] [] [] [] [] [] [] [] [] [] [] [] [] [] [] [] [] [] [] [] [] [] [] [] [] [] [] [] [] [] [] [] [] [] [] [] [] [] [] [] [] [] [] [] [] [] [] [] [] [] [] [] [] [] [] [] [] [] [] [] [] [] [] [] [] [] [] [] [] [] [] [] [] [] [] [] [] [] [] [] [] [] [] [] [] [] [] [] [] [] [] [] [] [] [] [] [] [] [] [] [] [] [] [] [] [] [] [] [] [] [] [] [] [] [] [] [] [] [] [] [] [] [] [] [] [] [] [] [] [] [] [] [] [] [] [] [] [] [] [] [] [] [] [] [] [] []
327 [] [1 2 3 4 5 6] [1 2 3 4 5] [1 2 3 4 5 7] [1 2 3 4] [1 2 4 5 6 8] [1 2 3 4 5 8 13 17] [1 2 3 5] [1 2 4 5 7 8 13 17] [1] [1 2 5 7 10 13 17 52] [1 2] [1 2 3 4 5 13 52] [1 2 3 5 13 52] [1 2 3 4 5 7 8 10 13 17 19] [1 2 3 4 5 8 10] [1 2 3 4 5 7 8 9 10 11] [1 2 3 4 5 7 8 17] [1 2 3 4 5 6 7 8 9 13 52 58] [1 2 3 4 5 7 13] [1 2 7 24 27] [1 2 3 5 7 13] [1 2 3 4 5 8] [1 2 3 4 5 10] [1 2 5] [1 2 3 5 13] [1 2 3 4 5 7 8 10 13 17] [] [] [] [] [] [] [] [] [] [] [] [] [] [] [] [] [] [] [] [] [] [] [] [] [] [] [] [] [] [] [] [] [] [] [] [] [] [] [] [] [] [] [] [] [] [] [] [] [] [] [] [] [] [] [] [] [] [] [] [] [] [] [] [] [] [] [] [] [] [] [] [] [] [] [] [] [] [] [] [] [] [] [] [] [] [] [] [] [] [] [] [] [] [] [] [] [] [] [] [] [] [] [] [] [] [] [] [] [] [] [] [] [] [] [] [] [] [] [] [] [] [] [] [] [] [] [] [] [] [] [] [] [] [] [] [] [] [] [] [] [] [] [] [] [] [] [] [] [] [] [] [] [] [] [] [] [] [] [] [] [] [] [] [] [] [] [] [] [] [] [] [] [] []
328 [] [1 2 3 4 5] [1 2 3 4 5 7] [1 2 3 4] [1 2 4 5 6 8] [1 2 3 4 5 8 13 17] [1 2 3 5] [1 2 4 5 7 8 13 17] [1] [1 2 5 7 10 13 17 52] [1 2] [1 2 3 4 5 13 52] [1 2 3 5 13 52] [1 2 3 4 5 7 8 10 13 17 19] [1 2 3 4 5 8 10] [1 2 3 4 5 7 8 9 10 11] [1 2 3 4 5 7 8 17] [1 2 3 4 5 6 7 8 9 13 52 58] [1 2 3 4 5 7 13] [1 2 7 24 27] [1 2 3 5 7 13] [1 2 3 4 5 8] [1 2 3 4 5 10] [1 2 5] [1 2 3 5 13] [1 2 3 4 5 7 8 10 13 17] [] [] [] [] [] [] [] [] [] [] [] [] [] [] [] [] [] [] [] [] [] [] [] [] [] [] [] [] [] [] [] [] [] [] [] [] [] [] [] [] [] [] [] [] [] [] [] [] [] [] [] [] [] [] [] [] [] [] [] [] [] [] [] [] [] [] [] [] [] [] [] [] [] [] [] [] [] [] [] [] [] [] [] [] [] [] [] [] [] [] [] [] [] [] [] [] [] [] [] [] [] [] [] [] [] [] [] [] [] [] [] [] [] [] [] [] [] [] [] [] [] [] [] [] [] [] [] [] [] [] [] [] [] [] [] [] [] [] [] [] [] [] [] [] [] [] [] [] [] [] [] [] [] [] [] [] [] [] [] [] [] [] [] [] [] [] [] [] [] [] [] [] [] [] []
329 [] [1 2 3 4 5 7] [1] [1 2 3 4] [1 2 4 5 6 8] [1 2 3 4 5 8 13 17] [1 2 3 5] [1 2 4 5 7 8 13 17] [1 2 5 7 10 13 17 52] [1 2] [1 2 3 4 5 7 8 10] [1 2 3 4 5 13 52] [1 2 3 5 13 52] [1 2 3 4 5 7 8 10 13 17 19] [1 2 3 4 5 8 10] [1 2 3 4 5 7 8 9 10 11] [1 2 3 4 5 7 8 17] [1 2 3 4 5 6 7 8 9 13 52 58] [1 2 3 4 5 7 13] [1 2 7 24 27] [1 2 3 5 7 13] [1 2 3 4 5 8] [1 2 3 4 5 10] [1 2 5] [1 2 3 5 13] [1 2 3 4 5 7 8 10 13 17] [1 2 3 4 5] [] [] [] [] [] [] [] [] [] [] [] [] [] [] [] [] [] [] [] [] [] [] [] [] [] [] [] [] [] [] [] [] [] [] [] [] [] [] [] [] [] [] [] [] [] [] [] [] [] [] [] [] [] [] [] [] [] [] [] [] [] [] [] [] [] [] [] [] [] [] [] [] [] [] [] [] [] [] [] [] [] [] [] [] [] [] [] [] [] [] [] [] [] [] [] [] [] [] [] [] [] [] [] [] [] [] [] [] [] [] [] [] [] [] [] [] [] [] [] [] [] [] [] [] [] [] [] [] [] [] [] [] [] [] [] [] [] [] [] [] [] [] [] [] [] [] [] [] [] [] [] [] [] [] [] [] [] [] [] [] [] [] [] [] [] [] [] [] [] [] [] [] [] []
330 [] [1 2 3 4] [1 2 4 5 6 8] [1 2 3 4 5 8 13 17] [1 2 3 5] [1 2 4 5 7 8 13 17] [1 2 5 7 10 13 17 52] [1 2 3 4 5 7 8 10] [1 2] [1 2 3 4 5 13 52] [1 2 3 5 13 52] [1 2 3 4 5 7 8 10 13 17 19] [1 2 3 4 5 8 10] [1 2 3 4 5 7 8 9 10 11] [1 2 3 4 5 7] [1 2 3 4 5 7 8 17] [1 2 3 4 5 6 7 8 9 13 52 58] [1 2 3 4 5 7 13] [1 2 7 24 27] [1 2 3 5 7 13] [1 2 3 4 5 8] [1 2 3 4 5 10] [1 2 5] [1 2 3 5 13] [1 2 3 4 5 7 8 10 13 17] [1 2 3 4 5] [] [] [] [] [] [] [] [] [] [] [] [] [] [] [] [] [] [] [] [] [] [] [] [] [] [] [] [] [] [] [] [] [] [] [] [] [] [] [] [] [] [] [] [] [] [] [] [] [] [] [] [] [] [] [] [] [] [] [] [] [] [] [] [] [] [] [] [] [] [] [] [] [] [] [] [] [] [] [] [] [] [] [] [] [] [] [] [] [] [] [] [] [] [] [] [] [] [] [] [] [] [] [] [] [] [] [] [] [] [] [] [] [] [] [] [] [] [] [] [] [] [] [] [] [] [] [] [] [] [] [] [] [] [] [] [] [] [] [] [] [] [] [] [] [] [] [] [] [] [] [] [] [] [] [] [] [] [] [] [] [] [] [] [] [] [] [] [] [] [] [] [] [] [] []
331 [] [1 2 4 5 6 8] [1 2 3 4 5 8 13 17] [1 2 3 5] [1 2 4 5 7 8 13 17] [1 2 5 7 10 13 17 52] [1 2 3 4 5 7 8 10] [1 2] [1 2 3 4 5 13 52] [1 2 3 5 13 52] [1 2 3 4 5 7 8 10 13 17 19] [1 2 3 4 5 8 10] [1 2 3 4 5 7 8 9 10 11] [1 2 3 4 5 7] [1 2 3 4 5 7 8 17] [1 2 3 4 5 6 7 8 9 13 52 58] [1 2 3 4 5 7 13] [1 2 7 24 27] [1 2 3 5 7 13] [1 2 3 4 5 8] [1 2 3 4 5 10] [1 2 5] [1 2 3 4] [1 2 3 5 13] [1 2 3 4 5 7 8 10 13 17] [1 2 3 4 5] [] [] [] [] [] [] [] [] [] [] [] [] [] [] [] [] [] [] [] [] [] [] [] [] [] [] [] [] [] [] [] [] [] [] [] [] [] [] [] [] [] [] [] [] [] [] [] [] [] [] [] [] [] [] [] [] [] [] [] [] [] [] [] [] [] [] [] [] [] [] [] [] [] [] [] [] [] [] [] [] [] [] [] [] [] [] [] [] [] [] [] [] [] [] [] [] [] [] [] [] [] [] [] [] [] [] [] [] [] [] [] [] [] [] [] [] [] [] [] [] [] [] [] [] [] [] [] [] [] [] [] [] [] [] [] [] [] [] [] [] [] [] [] [] [] [] [] [] [] [] [] [] [] [] [] [] [] [] [] [] [] [] [] [] [] [] [] [] [] [] [] [] [] [] []
332 [] [1 2 4 5 6 8] [1 2 3 4 5 8 13 17] [1 2 3 5] [1 2 4 5 7 8 13 17] [1 2 5 7 10 13 17 52] [1 2 3 4 5 7 8 10] [1 2] [1 2 3 4 5 13 52] [1 2 3 5 13 52] [1 2 3 4 5 7 8 10 13 17 19] [1 2 3 4 5 8 10] [1 2 3 4 5 7 8 9 10 11] [1 2 3 4 5 7] [1 2 3 4 5 7 8 17] [1 2 3 4 5 6 7 8 9 13 52 58] [1 2 3 4 5 7 13] [1 2 7 24 27] [1 2 3 5 7 13] [1 2 3 4 5 8] [1 2 3 4 5 10] [1 2 5] [1 2 3 4] [1 2 3 5 13] [1 2 3 4 5 7 8 10 13 17] [1 2 3 4 5] [] [] [] [] [] [] [] [] [] [] [] [] [] [] [] [] [] [] [] [] [] [] [] [] [] [] [] [] [] [] [] [] [] [] [] [] [] [] [] [] [] [] [] [] [] [] [] [] [] [] [] [] [] [] [] [] [] [] [] [] [] [] [] [] [] [] [] [] [] [] [] [] [] [] [] [] [] [] [] [] [] [] [] [] [] [] [] [] [] [] [] [] [] [] [] [] [] [] [] [] [] [] [] [] [] [] [] [] [] [] [] [] [] [] [] [] [] [] [] [] [] [] [] [] [] [] [] [] [] [] [] [] [] [] [] [] [] [] [] [] [] [] [] [] [] [] [] [] [] [] [] [] [] [] [] [] [] [] [] [] [] [] [] [] [] [] [] [] [] [] [] [] [] [] []
333 [] [1 2 3 4 5 8 13 17] [1 2 3 5] [1 2 4 5 7 8 13 17] [1 2 5 7 10 13 17 52] [1 2 3 4 5 7 8 10] [1 2] [1 2 3 4 5 13 52] [1 2 3 5 13 52] [1 2 3 4 5 7 8 10 13 17 19] [1 2 3 4 5 8 10] [1 2 3 4 5 7 8 9 10 11] [1 2 3 4 5 7] [1 2 3 4 5 7 8 17] [1 2 3 4 5 6 7 8 9 13 52 58] [1 2 3 4 5 7 13] [1 2 7 24 27] [1 2 3 5 7 13] [1 2 3 4 5 8] [1 2 3 4 5 10] [1 2 5] [1 2 3 4] [1 2 3 5 13] [1 2 3 4 5 7 8 10 13 17] [1 2 3 4 5] [] [] [] [] [] [] [] [] [] [] [] [] [] [] [] [] [] [] [] [] [] [] [] [] [] [] [] [] [] [] [] [] [] [] [] [] [] [] [] [] [] [] [] [] [] [] [] [] [] [] [] [] [] [] [] [] [] [] [] [] [] [] [] [] [] [] [] [] [] [] [] [] [] [] [] [] [] [] [] [] [] [] [] [] [] [] [] [] [] [] [] [] [] [] [] [] [] [] [] [] [] [] [] [] [] [] [] [] [] [] [] [] [] [] [] [] [] [] [] [] [] [] [] [] [] [] [] [] [] [] [] [] [] [] [] [] [] [] [] [] [] [] [] [] [] [] [] [] [] [] [] [] [] [] [] [] [] [] [] [] [] [] [] [] [] [] [] [] [] [] [] [] [] [] [] []
334 [] [1 2 3 5] [1 2 3 4 5 8 13 17] [1 2 4 5 7 8 13 17] [1 2 5 7 10 13 17 52] [1 2 3 4 5 7 8 10] [1 2] [1 2 3 4 5 13 52] [1 2 3 5 13 52] [1 2 3 4 5 7 8 10 13 17 19] [1 2 3 4 5 8 10] [1 2 3 4 5 7 8 9 10 11] [1 2 3 4 5 7] [1 2 3 4 5 7 8 17] [1 2 3 4 5 6 7 8 9 13 52 58] [1 2 3 4 5 7 13] [1 2 7 24 27] [1 2 3 5 7 13] [1 2 3 4 5 8] [1 2 3 4 5 10] [1 2 5] [1 2 3 4] [1 2 3 5 13] [1 2 3 4 5 7 8 10 13 17] [1 2 3 4 5] [] [] [] [] [] [] [] [] [] [] [] [] [] [] [] [] [] [] [] [] [] [] [] [] [] [] [] [] [] [] [] [] [] [] [] [] [] [] [] [] [] [] [] [] [] [] [] [] [] [] [] [] [] [] [] [] [] [] [] [] [] [] [] [] [] [] [] [] [] [] [] [] [] [] [] [] [] [] [] [] [] [] [] [] [] [] [] [] [] [] [] [] [] [] [] [] [] [] [] [] [] [] [] [] [] [] [] [] [] [] [] [] [] [] [] [] [] [] [] [] [] [] [] [] [] [] [] [] [] [] [] [] [] [] [] [] [] [] [] [] [] [] [] [] [] [] [] [] [] [] [] [] [] [] [] [] [] [] [] [] [] [] [] [] [] [] [] [] [] [] [] [] [] [] [] []
335 [] [1 2 3 4 5 8 13 17] [1 2 4 5 7 8 13 17] [1 2 5 7 10 13 17 52] [1 2 3 4 5 7 8 10] [1 2] [1 2 3 4 5 13 52] [1 2 3 5 13 52] [1 2 3 4 5 7 8 10 13 17 19] [1 2 3 4 5 8 10] [1 2 3 4 5 7 8 9 10 11] [1 2 3 4 5 7] [1 2 3 4 5 7 8 17] [1 2 3 4 5 6 7 8 9 13 52 58] [1 2 3 4 5 7 13] [1 2 7 24 27] [1 2 3 5 7 13] [1 2 3 4 5 8] [1 2 3 4 5 10] [1 2 5] [1 2 3 4] [1 2 3 5 13] [1 2 3 4 5 7 8 10 13 17] [1 2 3 4 5] [] [] [] [] [] [] [] [] [] [] [] [] [] [] [] [] [] [] [] [] [] [] [] [] [] [] [] [] [] [] [] [] [] [] [] [] [] [] [] [] [] [] [] [] [] [] [] [] [] [] [] [] [] [] [] [] [] [] [] [] [] [] [] [] [] [] [] [] [] [] [] [] [] [] [] [] [] [] [] [] [] [] [] [] [] [] [] [] [] [] [] [] [] [] [] [] [] [] [] [] [] [] [] [] [] [] [] [] [] [] [] [] [] [] [] [] [] [] [] [] [] [] [] [] [] [] [] [] [] [] [] [] [] [] [] [] [] [] [] [] [] [] [] [] [] [] [] [] [] [] [] [] [] [] [] [] [] [] [] [] [] [] [] [] [] [] [] [] [] [] [] [] [] [] [] [] []
336 [] [1 2 4 5 7 8 13 17] [1 2 3 4 5 7 8 10 13 17] [1 2 3 4 5 7 8 10] [1 2] [1 2 3 4 5 13 52] [1 2 3 5 13 52] [1 2 3 4 5 7 8 10 13 17 19] [1 2 3 4 5 8 10] [1 2 3 4 5 7 8 9 10 11] [1 2 3 4 5 7] [1 2 3 4 5 7 8 17] [1 2 3 4 5 6 7 8 9 13 52 58] [1 2 3 4 5 7 13] [1 2 7 24 27] [1 2 3 5 7 13] [1 2 3 4 5 8] [1 2 3 4 5 10] [1 2 5] [1 2 3 4] [1 2 3 5 13] [1 2 3 4 5] [] [] [] [] [] [] [] [] [] [] [] [] [] [] [] [] [] [] [] [] [] [] [] [] [] [] [] [] [] [] [] [] [] [] [] [] [] [] [] [] [] [] [] [] [] [] [] [] [] [] [] [] [] [] [] [] [] [] [] [] [] [] [] [] [] [] [] [] [] [] [] [] [] [] [] [] [] [] [] [] [] [] [] [] [] [] [] [] [] [] [] [] [] [] [] [] [] [] [] [] [] [] [] [] [] [] [] [] [] [] [] [] [] [] [] [] [] [] [] [] [] [] [] [] [] [] [] [] [] [] [] [] [] [] [] [] [] [] [] [] [] [] [] [] [] [] [] [] [] [] [] [] [] [] [] [] [] [] [] [] [] [] [] [] [] [] [] [] [] [] [] [] [] [] [] [] [] [] []
337 [] [1 2 3 4 5 7 8 10 13 17] [1 2 3 4 5 7 8 10] [1 2] [1 2 3 4 5 13 52] [1 2 3 5 13 52] [1 2 3 4 5 7 8 10 13 17 19] [1 2 3 4 5 8 10] [1 2 3 4 5 7 8 9 10 11] [1 2 3 4 5 7] [1 2 3 4 5 7 8 17] [1 2 3 4 5 6 7 8 9 13 52 58] [1 2 3 4 5 7 13] [1 2 7 24 27] [1 2 3 5 7 13] [1 2 3 4 5 8] [1 2 3 4 5 10] [1 2 5] [1 2 3 4] [1 2 3 5 13] [1 2 3 4 5] [] [] [] [] [] [] [] [] [] [] [] [] [] [] [] [] [] [] [] [] [] [] [] [] [] [] [] [] [] [] [] [] [] [] [] [] [] [] [] [] [] [] [] [] [] [] [] [] [] [] [] [] [] [] [] [] [] [] [] [] [] [] [] [] [] [] [] [] [] [] [] [] [] [] [] [] [] [] [] [] [] [] [] [] [] [] [] [] [] [] [] [] [] [] [] [] [] [] [] [] [] [] [] [] [] [] [] [] [] [] [] [] [] [] [] [] [] [] [] [] [] [] [] [] [] [] [] [] [] [] [] [] [] [] [] [] [] [] [] [] [] [] [] [] [] [] [] [] [] [] [] [] [] [] [] [] [] [] [] [] [] [] [] [] [] [] [] [] [] [] [] [] [] [] [] [] [] [] [] []
338 [] [1 2 3 4 5 7 8 10] [1 2 3 4 5 13 52] [1 2 3 5 13 52] [1 2 3 4 5 7 8 10 13 17 19] [1 2 3 4 5 8 10] [1 2 3 4 5 7 8 9 10 11] [1 2 3 4 5 7] [1 2 3 4 5 7 8 17] [1 2 3 4 5 6 7 8 9 13 52 58] [1 2] [1 2 3 4 5 7 13] [1 2 7 24 27] [1 2 3 5 7 13] [1 2 3 4 5 8] [1 2 3 4 5 10] [1 2 5] [1 2 3 4] [1 2 3 5 13] [1 2 3 4 5 7 8 10 13 17] [1 2 3 4 5] [] [] [] [] [] [] [] [] [] [] [] [] [] [] [] [] [] [] [] [] [] [] [] [] [] [] [] [] [] [] [] [] [] [] [] [] [] [] [] [] [] [] [] [] [] [] [] [] [] [] [] [] [] [] [] [] [] [] [] [] [] [] [] [] [] [] [] [] [] [] [] [] [] [] [] [] [] [] [] [] [] [] [] [] [] [] [] [] [] [] [] [] [] [] [] [] [] [] [] [] [] [] [] [] [] [] [] [] [] [] [] [] [] [] [] [] [] [] [] [] [] [] [] [] [] [] [] [] [] [] [] [] [] [] [] [] [] [] [] [] [] [] [] [] [] [] [] [] [] [] [] [] [] [] [] [] [] [] [] [] [] [] [] [] [] [] [] [] [] [] [] [] [] [] [] [] [] [] [] []
339 [] [1 2 3 4 5 7 8 10] [1 2 3 4 5 13 52] [1 2 3 5 13 52] [1 2 3 4 5 7 8 10 13 17 19] [1 2 3 4 5 8 10] [1 2 3 4 5 7 8 9 10 11] [1 2 3 4 5 7] [1 2 3 4 5 7 8 17] [1 2 3 4 5 6 7 8 9 13 52 58] [1 2] [1 2 3 4 5 7 13] [1 2 7 24 27] [1 2 3 5 7 13] [1 2 3 4 5 8] [1 2 3 4 5 10] [1 2 5] [1 2 3 4] [1 2 3 5 13] [1 2 3 4 5 7 8 10 13 17] [1 2 3 4 5] [] [] [] [] [] [] [] [] [] [] [] [] [] [] [] [] [] [] [] [] [] [] [] [] [] [] [] [] [] [] [] [] [] [] [] [] [] [] [] [] [] [] [] [] [] [] [] [] [] [] [] [] [] [] [] [] [] [] [] [] [] [] [] [] [] [] [] [] [] [] [] [] [] [] [] [] [] [] [] [] [] [] [] [] [] [] [] [] [] [] [] [] [] [] [] [] [] [] [] [] [] [] [] [] [] [] [] [] [] [] [] [] [] [] [] [] [] [] [] [] [] [] [] [] [] [] [] [] [] [] [] [] [] [] [] [] [] [] [] [] [] [] [] [] [] [] [] [] [] [] [] [] [] [] [] [] [] [] [] [] [] [] [] [] [] [] [] [] [] [] [] [] [] [] [] [] [] [] [] []
340 [] [1 2 3 4 5 13 52] [1 2 7 13] [1 2 3 5 13 52] [1 2 3 4 5 7 8 10 13 17 19] [1 2 3 4 5 8 10] [1 2 3 4 5 7 8 9 10 11] [1 2 3 4 5 7] [1 2 3 4 5 7 8 17] [1 2 3 4 5 6 7 8 9 13 52 58] [1 2] [1 2 3 4 5 7 13] [1 2 7 24 27] [1 2 3 5 7 13] [1 2 3 4 5 8] [1 2 3 4 5 10] [1 2 5] [1 2 3 4] [1 2 3 5 13] [1 2 3 4 5 7 8 10 13 17] [1 2 3 4 5] [] [] [] [] [] [] [] [] [] [] [] [] [] [] [] [] [] [] [] [] [] [] [] [] [] [] [] [] [] [] [] [] [] [] [] [] [] [] [] [] [] [] [] [] [] [] [] [] [] [] [] [] [] [] [] [] [] [] [] [] [] [] [] [] [] [] [] [] [] [] [] [] [] [] [] [] [] [] [] [] [] [] [] [] [] [] [] [] [] [] [] [] [] [] [] [] [] [] [] [] [] [] [] [] [] [] [] [] [] [] [] [] [] [] [] [] [] [] [] [] [] [] [] [] [] [] [] [] [] [] [] [] [] [] [] [] [] [] [] [] [] [] [] [] [] [] [] [] [] [] [] [] [] [] [] [] [] [] [] [] [] [] [] [] [] [] [] [] [] [] [] [] [] [] [] [] [] [] [] []
341 [] [1 2 3 5 13 52] [1 2 3 4 5 7 8 10 13 17 19] [1 2 3 4 5 8 10] [1 2 3 4 5 7 8 9 10 11] [1 2 3 4 5 7] [1 2 3 4 5 7 8 17] [1 2 3 4 5 6 7 8 9 13 52 58] [1 2 3 4 5 7 13] [1 2 3 5 7 13] [1 2 3 4 5 8] [1 2 3 4 5 10] [1 2 5] [1 2 3 4] [1 2 3 5 13] [1 2 3 4 5 7 8 10 13 17] [1 2 3 4 5] [] [] [] [] [] [] [] [] [] [] [] [] [] [] [] [] [] [] [] [] [] [] [] [] [] [] [] [] [] [] [] [] [] [] [] [] [] [] [] [] [] [] [] [] [] [] [] [] [] [] [] [] [] [] [] [] [] [] [] [] [] [] [] [] [] [] [] [] [] [] [] [] [] [] [] [] [] [] [] [] [] [] [] [] [] [] [] [] [] [] [] [] [] [] [] [] [] [] [] [] [] [] [] [] [] [] [] [] [] [] [] [] [] [] [] [] [] [] [] [] [] [] [] [] [] [] [] [] [] [] [] [] [] [] [] [] [] [] [] [] [] [] [] [] [] [] [] [] [] [] [] [] [] [] [] [] [] [] [] [] [] [] [] [] [] [] [] [] [] [] [] [] [] [] [] [] [] [] [] [] [] [] [] []
342 [] [1 2 3 4 5 8 10] [1 2 13] [1 2 3 4 5 7 8 9 10 11] [1 2 3 4 5 7] [1 2 3 4 5 7 8 17] [1 2 3 4 5 6 7 8 9 13 52 58] [1 2 3 4 5 7 13] [1 2 3 5 7 13] [1 2 3 4 5 8] [1 2 3 4 5 10] [1 2 5] [1 2 3 4] [1 2 3 5 13] [1 2 3 4 5 7 8 10 13 17] [1 2 3 4 5] [] [] [] [] [] [] [] [] [] [] [] [] [] [] [] [] [] [] [] [] [] [] [] [] [] [] [] [] [] [] [] [] [] [] [] [] [] [] [] [] [] [] [] [] [] [] [] [] [] [] [] [] [] [] [] [] [] [] [] [] [] [] [] [] [] [] [] [] [] [] [] [] [] [] [] [] [] [] [] [] [] [] [] [] [] [] [] [] [] [] [] [] [] [] [] [] [] [] [] [] [] [] [] [] [] [] [] [] [] [] [] [] [] [] [] [] [] [] [] [] [] [] [] [] [] [] [] [] [] [] [] [] [] [] [] [] [] [] [] [] [] [] [] [] [] [] [] [] [] [] [] [] [] [] [] [] [] [] [] [] [] [] [] [] [] [] [] [] [] [] [] [] [] [] [] [] [] [] [] [] [] [] [] [] []
343 [] [1 2 13] [1 2 3 4 5 7 8 9 10 11] [1 2 3 4 5 7] [1 2 3 4 5 7 8 17] [1 2 3 4 5 6 7 8 9 13 52 58] [1 2 3 4 5 7 13] [1 2 3 5 7 13] [1 2 3 4 5 8] [1 2 3 4 5 10] [1 2 5] [1 2 3 4] [1 2 3 5 13] [1 2 3 4 5 7 8 10 13 17] [1 2 3 4 5] [] [] [] [] [] [] [] [] [] [] [] [] [] [] [] [] [] [] [] [] [] [] [] [] [] [] [] [] [] [] [] [] [] [] [] [] [] [] [] [] [] [] [] [] [] [] [] [] [] [] [] [] [] [] [] [] [] [] [] [] [] [] [] [] [] [] [] [] [] [] [] [] [] [] [] [] [] [] [] [] [] [] [] [] [] [] [] [] [] [] [] [] [] [] [] [] [] [] [] [] [] [] [] [] [] [] [] [] [] [] [] [] [] [] [] [] [] [] [] [] [] [] [] [] [] [] [] [] [] [] [] [] [] [] [] [] [] [] [] [] [] [] [] [] [] [] [] [] [] [] [] [] [] [] [] [] [] [] [] [] [] [] [] [] [] [] [] [] [] [] [] [] [] [] [] [] [] [] [] [] [] [] [] [] [] []
344 [] [1 2 3 4 5 7 8 9 10 11] [1 2 5 54] [1 2 3 4 5 7 8 17] [1 2 3 4 5 6 7 8 9 13 52 58] [1 2 3 4 5 7 13] [1 2 3 5 7 13] [1 2 3 4 5 8] [1 2 3 4 5 10] [1 2 5] [1 2 3 4] [1 2 3 5 13] [1 2 3 4 5 7 8 10 13 17] [1 2 3 4 5] [] [] [] [] [] [] [] [] [] [] [] [] [] [] [] [] [] [] [] [] [] [] [] [] [] [] [] [] [] [] [] [] [] [] [] [] [] [] [] [] [] [] [] [] [] [] [] [] [] [] [] [] [] [] [] [] [] [] [] [] [] [] [] [] [] [] [] [] [] [] [] [] [] [] [] [] [] [] [] [] [] [] [] [] [] [] [] [] [] [] [] [] [] [] [] [] [] [] [] [] [] [] [] [] [] [] [] [] [] [] [] [] [] [] [] [] [] [] [] [] [] [] [] [] [] [] [] [] [] [] [] [] [] [] [] [] [] [] [] [] [] [] [] [] [] [] [] [] [] [] [] [] [] [] [] [] [] [] [] [] [] [] [] [] [] [] [] [] [] [] [] [] [] [] [] [] [] [] [] [] [] [] [] [] [] [] []
345 [] [1 2 5 54] [1 2 3 4 5 7 8 17] [1 2 3 4 5 6 7 8 9 13 52 58] [1 2 3 4 5 7 13] [1 2 3 4 5 7 8 9 10 19] [1 2 3 5 7 13] [1 2 3 4 5 8] [1 2 3 4 5 10] [1 2 5] [1 2 3 4] [1 2 3 5 13] [1 2 3 4 5 7 8 10 13 17] [1 2 3 4 5] [] [] [] [] [] [] [] [] [] [] [] [] [] [] [] [] [] [] [] [] [] [] [] [] [] [] [] [] [] [] [] [] [] [] [] [] [] [] [] [] [] [] [] [] [] [] [] [] [] [] [] [] [] [] [] [] [] [] [] [] [] [] [] [] [] [] [] [] [] [] [] [] [] [] [] [] [] [] [] [] [] [] [] [] [] [] [] [] [] [] [] [] [] [] [] [] [] [] [] [] [] [] [] [] [] [] [] [] [] [] [] [] [] [] [] [] [] [] [] [] [] [] [] [] [] [] [] [] [] [] [] [] [] [] [] [] [] [] [] [] [] [] [] [] [] [] [] [] [] [] [] [] [] [] [] [] [] [] [] [] [] [] [] [] [] [] [] [] [] [] [] [] [] [] [] [] [] [] [] [] [] [] [] [] [] [] []
346 [] [1 2 3 4 5 7 8 17] [1 2 3 4 5 6 7 8 9 13 52 58] [1 2 3 4 5 7 13] [1 2 3 4 5 7 8 9 10 19] [1 2 3 5 7 13] [1 2 3 4 5 8] [1 2 3 4 5 10] [1 2 5] [1 2 3 4] [1 2 3 5 13] [1 2 3 4 5 7 8 10 13 17] [1 2 3 4 5] [] [] [] [] [] [] [] [] [] [] [] [] [] [] [] [] [] [] [] [] [] [] [] [] [] [] [] [] [] [] [] [] [] [] [] [] [] [] [] [] [] [] [] [] [] [] [] [] [] [] [] [] [] [] [] [] [] [] [] [] [] [] [] [] [] [] [] [] [] [] [] [] [] [] [] [] [] [] [] [] [] [] [] [] [] [] [] [] [] [] [] [] [] [] [] [] [] [] [] [] [] [] [] [] [] [] [] [] [] [] [] [] [] [] [] [] [] [] [] [] [] [] [] [] [] [] [] [] [] [] [] [] [] [] [] [] [] [] [] [] [] [] [] [] [] [] [] [] [] [] [] [] [] [] [] [] [] [] [] [] [] [] [] [] [] [] [] [] [] [] [] [] [] [] [] [] [] [] [] [] [] [] [] [] [] [] [] []
347 [] [1 2 3 4 5 6 7 8 9 13 52 58] [1 2 3 4 5 7 13] [1 2 3 4 5 7 8 9 10 19] [1 2 3 5 7 13] [1 2 3 4 5 8] [1 2 3 4 5 10] [1 2 5] [1 2 3 4] [1 2 3 5 13] [1 2 3 4 5 7 8 10 13 17] [1 2 3 4 5] [] [] [] [] [] [] [] [] [] [] [] [] [] [] [] [] [] [] [] [] [] [] [] [] [] [] [] [] [] [] [] [] [] [] [] [] [] [] [] [] [] [] [] [] [] [] [] [] [] [] [] [] [] [] [] [] [] [] [] [] [] [] [] [] [] [] [] [] [] [] [] [] [] [] [] [] [] [] [] [] [] [] [] [] [] [] [] [] [] [] [] [] [] [] [] [] [] [] [] [] [] [] [] [] [] [] [] [] [] [] [] [] [] [] [] [] [] [] [] [] [] [] [] [] [] [] [] [] [] [] [] [] [] [] [] [] [] [] [] [] [] [] [] [] [] [] [] [] [] [] [] [] [] [] [] [] [] [] [] [] [] [] [] [] [] [] [] [] [] [] [] [] [] [] [] [] [] [] [] [] [] [] [] [] [] [] [] [] []
348 [] [1 2 3 4 5 7 13] [1 2 3 4 5 7 8 9 10 19] [1 2 3 5 7 13] [1 2 3 4 5 8] [1 2 3 4 5 10] [1 2 5] [1 2 3 4] [1 2 3 5 13] [1 2 3 4 5 7 8 10 13 17] [1 2 3 4 5] [] [] [] [] [] [] [] [] [] [] [] [] [] [] [] [] [] [] [] [] [] [] [] [] [] [] [] [] [] [] [] [] [] [] [] [] [] [] [] [] [] [] [] [] [] [] [] [] [] [] [] [] [] [] [] [] [] [] [] [] [] [] [] [] [] [] [] [] [] [] [] [] [] [] [] [] [] [] [] [] [] [] [] [] [] [] [] [] [] [] [] [] [] [] [] [] [] [] [] [] [] [] [] [] [] [] [] [] [] [] [] [] [] [] [] [] [] [] [] [] [] [] [] [] [] [] [] [] [] [] [] [] [] [] [] [] [] [] [] [] [] [] [] [] [] [] [] [] [] [] [] [] [] [] [] [] [] [] [] [] [] [] [] [] [] [] [] [] [] [] [] [] [] [] [] [] [] [] [] [] [] [] [] [] [] [] [] [] [] []
349 [] [1 2 3 4 5 7 13] [1 2 3 4 5 7 8 9 10 19] [1 2 3 5 7 13] [1 2 3 4 5 8] [1 2 3 4 5 10] [1 2 5] [1 2 3 4] [1 2 3 5 13] [1 2 3 4 5 7 8 10 13 17] [1 2 3 4 5] [] [] [] [] [] [] [] [] [] [] [] [] [] [] [] [] [] [] [] [] [] [] [] [] [] [] [] [] [] [] [] [] [] [] [] [] [] [] [] [] [] [] [] [] [] [] [] [] [] [] [] [] [] [] [] [] [] [] [] [] [] [] [] [] [] [] [] [] [] [] [] [] [] [] [] [] [] [] [] [] [] [] [] [] [] [] [] [] [] [] [] [] [] [] [] [] [] [] [] [] [] [] [] [] [] [] [] [] [] [] [] [] [] [] [] [] [] [] [] [] [] [] [] [] [] [] [] [] [] [] [] [] [] [] [] [] [] [] [] [] [] [] [] [] [] [] [] [] [] [] [] [] [] [] [] [] [] [] [] [] [] [] [] [] [] [] [] [] [] [] [] [] [] [] [] [] [] [] [] [] [] [] [] [] [] [] [] [] [] []
350 [] [1 2 3 4 5 7 8 9 10 19] [1 2 3 5 7 13] [1 2 3 4 5 8] [1 2 3 4 5 10] [1 2 5] [1 2 3 4] [1 2 3 5 13] [1 2 3 4 5 7 8 10 13 17] [1 2 3 4 5] [] [] [] [] [] [] [] [] [] [] [] [] [] [] [] [] [] [] [] [] [] [] [] [] [] [] [] [] [] [] [] [] [] [] [] [] [] [] [] [] [] [] [] [] [] [] [] [] [] [] [] [] [] [] [] [] [] [] [] [] [] [] [] [] [] [] [] [] [] [] [] [] [] [] [] [] [] [] [] [] [] [] [] [] [] [] [] [] [] [] [] [] [] [] [] [] [] [] [] [] [] [] [] [] [] [] [] [] [] [] [] [] [] [] [] [] [] [] [] [] [] [] [] [] [] [] [] [] [] [] [] [] [] [] [] [] [] [] [] [] [] [] [] [] [] [] [] [] [] [] [] [] [] [] [] [] [] [] [] [] [] [] [] [] [] [] [] [] [] [] [] [] [] [] [] [] [] [] [] [] [] [] [] [] [] [] [] [] [] [] []
351 [] [1 2 3 5 7 13] [1 2 3 4 5 8] [1 2 3 4 5 10] [1 2 5] [1 2 3 4] [1 2 3 5 13] [1 2 3 4 5 7 8 10 13 17] [1 2 3 4 5] [] [] [] [] [] [] [] [] [] [] [] [] [] [] [] [] [] [] [] [] [] [] [] [] [] [] [] [] [] [] [] [] [] [] [] [] [] [] [] [] [] [] [] [] [] [] [] [] [] [] [] [] [] [] [] [] [] [] [] [] [] [] [] [] [] [] [] [] [] [] [] [] [] [] [] [] [] [] [] [] [] [] [] [] [] [] [] [] [] [] [] [] [] [] [] [] [] [] [] [] [] [] [] [] [] [] [] [] [] [] [] [] [] [] [] [] [] [] [] [] [] [] [] [] [] [] [] [] [] [] [] [] [] [] [] [] [] [] [] [] [] [] [] [] [] [] [] [] [] [] [] [] [] [] [] [] [] [] [] [] [] [] [] [] [] [] [] [] [] [] [] [] [] [] [] [] [] [] [] [] [] [] [] [] [] [] [] [] [] [] [] []
352 [] [1 2 3 4 5 8] [1 2 3 4 5 10] [1 2 5] [1 2 3 4] [1 2 3 5 13] [1 2 3 4 5 7 8 10 13 17] [1 2 3 4 5] [] [] [] [] [] [] [] [] [] [] [] [] [] [] [] [] [] [] [] [] [] [] [] [] [] [] [] [] [] [] [] [] [] [] [] [] [] [] [] [] [] [] [] [] [] [] [] [] [] [] [] [] [] [] [] [] [] [] [] [] [] [] [] [] [] [] [] [] [] [] [] [] [] [] [] [] [] [] [] [] [] [] [] [] [] [] [] [] [] [] [] [] [] [] [] [] [] [] [] [] [] [] [] [] [] [] [] [] [] [] [] [] [] [] [] [] [] [] [] [] [] [] [] [] [] [] [] [] [] [] [] [] [] [] [] [] [] [] [] [] [] [] [] [] [] [] [] [] [] [] [] [] [] [] [] [] [] [] [] [] [] [] [] [] [] [] [] [] [] [] [] [] [] [] [] [] [] [] [] [] [] [] [] [] [] [] [] [] [] [] [] [] []
353 [] [1 2 3 4 5 8] [1 2 3 4 5 10] [1 2 5] [1 2 3 4] [1 2 3 5 13] [1 2 3 4 5 7 8 10 13 17] [1 2 3 4 5] [] [] [] [] [] [] [] [] [] [] [] [] [] [] [] [] [] [] [] [] [] [] [] [] [] [] [] [] [] [] [] [] [] [] [] [] [] [] [] [] [] [] [] [] [] [] [] [] [] [] [] [] [] [] [] [] [] [] [] [] [] [] [] [] [] [] [] [] [] [] [] [] [] [] [] [] [] [] [] [] [] [] [] [] [] [] [] [] [] [] [] [] [] [] [] [] [] [] [] [] [] [] [] [] [] [] [] [] [] [] [] [] [] [] [] [] [] [] [] [] [] [] [] [] [] [] [] [] [] [] [] [] [] [] [] [] [] [] [] [] [] [] [] [] [] [] [] [] [] [] [] [] [] [] [] [] [] [] [] [] [] [] [] [] [] [] [] [] [] [] [] [] [] [] [] [] [] [] [] [] [] [] [] [] [] [] [] [] [] [] [] [] []
354 [] [1 2 3 4 5 10] [1 2 5] [1 2 3 4] [1 2 3 5 13] [1 2 3 4 5 7 8 10 13 17] [1 2 3 4 5] [] [] [] [] [] [] [] [] [] [] [] [] [] [] [] [] [] [] [] [] [] [] [] [] [] [] [] [] [] [] [] [] [] [] [] [] [] [] [] [] [] [] [] [] [] [] [] [] [] [] [] [] [] [] [] [] [] [] [] [] [] [] [] [] [] [] [] [] [] [] [] [] [] [] [] [] [] [] [] [] [] [] [] [] [] [] [] [] [] [] [] [] [] [] [] [] [] [] [] [] [] [] [] [] [] [] [] [] [] [] [] [] [] [] [] [] [] [] [] [] [] [] [] [] [] [] [] [] [] [] [] [] [] [] [] [] [] [] [] [] [] [] [] [] [] [] [] [] [] [] [] [] [] [] [] [] [] [] [] [] [] [] [] [] [] [] [] [] [] [] [] [] [] [] [] [] [] [] [] [] [] [] [] [] [] [] [] [] [] [] [] [] [] []
355 [] [1 2 5] [1 2 3 4] [1 2 3 5 13] [1 2 3 4 5 7 8 10 13 17] [1 2 3 4 5] [] [] [] [] [] [] [] [] [] [] [] [] [] [] [] [] [] [] [] [] [] [] [] [] [] [] [] [] [] [] [] [] [] [] [] [] [] [] [] [] [] [] [] [] [] [] [] [] [] [] [] [] [] [] [] [] [] [] [] [] [] [] [] [] [] [] [] [] [] [] [] [] [] [] [] [] [] [] [] [] [] [] [] [] [] [] [] [] [] [] [] [] [] [] [] [] [] [] [] [] [] [] [] [] [] [] [] [] [] [] [] [] [] [] [] [] [] [] [] [] [] [] [] [] [] [] [] [] [] [] [] [] [] [] [] [] [] [] [] [] [] [] [] [] [] [] [] [] [] [] [] [] [] [] [] [] [] [] [] [] [] [] [] [] [] [] [] [] [] [] [] [] [] [] [] [] [] [] [] [] [] [] [] [] [] [] [] [] [] [] [] [] [] [] []
356 [] [1 2 3 5 13] [1 2 3 4 5 7 8 10 13 52 58] [1 2 3 4 5 7 8 10 13 17] [1 2 3 4 5] [] [] [] [] [] [] [] [] [] [] [] [] [] [] [] [] [] [] [] [] [] [] [] [] [] [] [] [] [] [] [] [] [] [] [] [] [] [] [] [] [] [] [] [] [] [] [] [] [] [] [] [] [] [] [] [] [] [] [] [] [] [] [] [] [] [] [] [] [] [] [] [] [] [] [] [] [] [] [] [] [] [] [] [] [] [] [] [] [] [] [] [] [] [] [] [] [] [] [] [] [] [] [] [] [] [] [] [] [] [] [] [] [] [] [] [] [] [] [] [] [] [] [] [] [] [] [] [] [] [] [] [] [] [] [] [] [] [] [] [] [] [] [] [] [] [] [] [] [] [] [] [] [] [] [] [] [] [] [] [] [] [] [] [] [] [] [] [] [] [] [] [] [] [] [] [] [] [] [] [] [] [] [] [] [] [] [] [] [] [] [] [] [] [] [] []
357 [] [1 2 3 4 5 7 8 10 13 17] [1 2 3 4 5 7 8 10 13 17 52] [1 2] [1 2 3 4 5] [] [] [] [] [] [] [] [] [] [] [] [] [] [] [] [] [] [] [] [] [] [] [] [] [] [] [] [] [] [] [] [] [] [] [] [] [] [] [] [] [] [] [] [] [] [] [] [] [] [] [] [] [] [] [] [] [] [] [] [] [] [] [] [] [] [] [] [] [] [] [] [] [] [] [] [] [] [] [] [] [] [] [] [] [] [] [] [] [] [] [] [] [] [] [] [] [] [] [] [] [] [] [] [] [] [] [] [] [] [] [] [] [] [] [] [] [] [] [] [] [] [] [] [] [] [] [] [] [] [] [] [] [] [] [] [] [] [] [] [] [] [] [] [] [] [] [] [] [] [] [] [] [] [] [] [] [] [] [] [] [] [] [] [] [] [] [] [] [] [] [] [] [] [] [] [] [] [] [] [] [] [] [] [] [] [] [] [] [] [] [] [] [] [] [] []
358 [] [1 2] [1 2 3 4 5] [] [] [] [] [] [] [] [] [] [] [] [] [] [] [] [] [] [] [] [] [] [] [] [] [] [] [] [] [] [] [] [] [] [] [] [] [] [] [] [] [] [] [] [] [] [] [] [] [] [] [] [] [] [] [] [] [] [] [] [] [] [] [] [] [] [] [] [] [] [] [] [] [] [] [] [] [] [] [] [] [] [] [] [] [] [] [] [] [] [] [] [] [] [] [] [] [] [] [] [] [] [] [] [] [] [] [] [] [] [] [] [] [] [] [] [] [] [] [] [] [] [] [] [] [] [] [] [] [] [] [] [] [] [] [] [] [] [] [] [] [] [] [] [] [] [] [] [] [] [] [] [] [] [] [] [] [] [] [] [] [] [] [] [] [] [] [] [] [] [] [] [] [] [] [] [] [] [] [] [] [] [] [] [] [] [] [] [] [] [] [] [] [] [] [] [] [] []
359 [] [1 2 3 4 5] [] [] [] [] [] [] [] [] [] [] [] [] [] [] [] [] [] [] [] [] [] [] [] [] [] [] [] [] [] [] [] [] [] [] [] [] [] [] [] [] [] [] [] [] [] [] [] [] [] [] [] [] [] [] [] [] [] [] [] [] [] [] [] [] [] [] [] [] [] [] [] [] [] [] [] [] [] [] [] [] [] [] [] [] [] [] [] [] [] [] [] [] [] [] [] [] [] [] [] [] [] [] [] [] [] [] [] [] [] [] [] [] [] [] [] [] [] [] [] [] [] [] [] [] [] [] [] [] [] [] [] [] [] [] [] [] [] [] [] [] [] [] [] [] [] [] [] [] [] [] [] [] [] [] [] [] [] [] [] [] [] [] [] [] [] [] [] [] [] [] [] [] [] [] [] [] [] [] [] [] [] [] [] [] [] [] [] [] [] [] [] [] [] [] [] [] [] [] []
360 [] [1 2 3 4 5] [1 2 3 4 5 7 8] [] [] [] [] [] [] [] [] [] [] [] [] [] [] [] [] [] [] [] [] [] [] [] [] [] [] [] [] [] [] [] [] [] [] [] [] [] [] [] [] [] [] [] [] [] [] [] [] [] [] [] [] [] [] [] [] [] [] [] [] [] [] [] [] [] [] [] [] [] [] [] [] [] [] [] [] [] [] [] [] [] [] [] [] [] [] [] [] [] [] [] [] [] [] [] [] [] [] [] [] [] [] [] [] [] [] [] [] [] [] [] [] [] [] [] [] [] [] [] [] [] [] [] [] [] [] [] [] [] [] [] [] [] [] [] [] [] [] [] [] [] [] [] [] [] [] [] [] [] [] [] [] [] [] [] [] [] [] [] [] [] [] [] [] [] [] [] [] [] [] [] [] [] [] [] [] [] [] [] [] [] [] [] [] [] [] [] [] [] [] [] [] [] [] [] [] [] []
361 [] [1 2 3 4 5 7 8] [1 2] [] [] [] [] [] [] [] [] [] [] [] [] [] [] [] [] [] [] [] [] [] [] [] [] [] [] [] [] [] [] [] [] [] [] [] [] [] [] [] [] [] [] [] [] [] [] [] [] [] [] [] [] [] [] [] [] [] [] [] [] [] [] [] [] [] [] [] [] [] [] [] [] [] [] [] [] [] [] [] [] [] [] [] [] [] [] [] [] [] [] [] [] [] [] [] [] [] [] [] [] [] [] [] [] [] [] [] [] [] [] [] [] [] [] [] [] [] [] [] [] [] [] [] [] [] [] [] [] [] [] [] [] [] [] [] [] [] [] [] [] [] [] [] [] [] [] [] [] [] [] [] [] [] [] [] [] [] [] [] [] [] [] [] [] [] [] [] [] [] [] [] [] [] [] [] [] [] [] [] [] [] [] [] [] [] [] [] [] [] [] [] [] [] [] [] [] [] []
362 [] [1 2] [1 2 4 5 6 7 8 9 13 17] [] [] [] [] [] [] [] [] [] [] [] [] [] [] [] [] [] [] [] [] [] [] [] [] [] [] [] [] [] [] [] [] [] [] [] [] [] [] [] [] [] [] [] [] [] [] [] [] [] [] [] [] [] [] [] [] [] [] [] [] [] [] [] [] [] [] [] [] [] [] [] [] [] [] [] [] [] [] [] [] [] [] [] [] [] [] [] [] [] [] [] [] [] [] [] [] [] [] [] [] [] [] [] [] [] [] [] [] [] [] [] [] [] [] [] [] [] [] [] [] [] [] [] [] [] [] [] [] [] [] [] [] [] [] [] [] [] [] [] [] [] [] [] [] [] [] [] [] [] [] [] [] [] [] [] [] [] [] [] [] [] [] [] [] [] [] [] [] [] [] [] [] [] [] [] [] [] [] [] [] [] [] [] [] [] [] [] [] [] [] [] [] [] [] [] [] [] []
363 [] [1 2 4 5 6 7 8 9 13 17] [1 2 3 4 5 8 13] [] [] [] [] [] [] [] [] [] [] [] [] [] [] [] [] [] [] [] [] [] [] [] [] [] [] [] [] [] [] [] [] [] [] [] [] [] [] [] [] [] [] [] [] [] [] [] [] [] [] [] [] [] [] [] [] [] [] [] [] [] [] [] [] [] [] [] [] [] [] [] [] [] [] [] [] [] [] [] [] [] [] [] [] [] [] [] [] [] [] [] [] [] [] [] [] [] [] [] [] [] [] [] [] [] [] [] [] [] [] [] [] [] [] [] [] [] [] [] [] [] [] [] [] [] [] [] [] [] [] [] [] [] [] [] [] [] [] [] [] [] [] [] [] [] [] [] [] [] [] [] [] [] [] [] [] [] [] [] [] [] [] [] [] [] [] [] [] [] [] [] [] [] [] [] [] [] [] [] [] [] [] [] [] [] [] [] [] [] [] [] [] [] [] [] [] [] []
364 [] [1 2 3 4 5 8 13] [1 5] [] [] [] [] [] [] [] [] [] [] [] [] [] [] [] [] [] [] [] [] [] [] [] [] [] [] [] [] [] [] [] [] [] [] [] [] [] [] [] [] [] [] [] [] [] [] [] [] [] [] [] [] [] [] [] [] [] [] [] [] [] [] [] [] [] [] [] [] [] [] [] [] [] [] [] [] [] [] [] [] [] [] [] [] [] [] [] [] [] [] [] [] [] [] [] [] [] [] [] [] [] [] [] [] [] [] [] [] [] [] [] [] [] [] [] [] [] [] [] [] [] [] [] [] [] [] [] [] [] [] [] [] [] [] [] [] [] [] [] [] [] [] [] [] [] [] [] [] [] [] [] [] [] [] [] [] [] [] [] [] [] [] [] [] [] [] [] [] [] [] [] [] [] [] [] [] [] [] [] [] [] [] [] [] [] [] [] [] [] [] [] [] [] [] [] [] [] []
365 [] [1 5] [] [] [] [] [] [] [] [] [] [] [] [] [] [] [] [] [] [] [] [] [] [] [] [] [] [] [] [] [] [] [] [] [] [] [] [] [] [] [] [] [] [] [] [] [] [] [] [] [] [] [] [] [] [] [] [] [] [] [] [] [] [] [] [] [] [] [] [] [] [] [] [] [] [] [] [] [] [] [] [] [] [] [] [] [] [] [] [] [] [] [] [] [] [] [] [] [] [] [] [] [] [] [] [] [] [] [] [] [] [] [] [] [] [] [] [] [] [] [] [] [] [] [] [] [] [] [] [] [] [] [] [] [] [] [] [] [] [] [] [] [] [] [] [] [] [] [] [] [] [] [] [] [] [] [] [] [] [] [] [] [] [] [] [] [] [] [] [] [] [] [] [] [] [] [] [] [] [] [] [] [] [] [] [] [] [] [] [] [] [] [] [] [] [] [] [] [] [] []
