day not_working team1 team2 team3 team4 team5 team6 team7 team8 team9 team10 team11 team12 team13 team14 team15 team16 team17 team18 team19 team20 team21 team22 team23 team24 team25 team26 team27 team28 team29 team30 team31 team32 team33 team34 team35 team36 team37 team38 team39 team40 team41 team42 team43 team44 team45 team46 team47 team48 team49 team50 team51 team52 team53 team54 team55 team56 team57 team58 team59 team60 team61 team62 team63 team64 team65 team66 team67 team68 team69 team70 team71 team72 team73 team74 team75 team76 team77 team78 team79 team80 team81 team82 team83 team84 team85 team86 team87 team88 team89 team90 team91 team92 team93 team94 team95 team96 team97 team98 team99 team100 team101 team102 team103 team104 team105 team106 team107 team108 team109 team110 team111 team112 team113 team114 team115 team116 team117 team118 team119 team120 team121 team122 team123 team124 team125 team126 team127 team128 team129 team130 team131 team132 team133 team134 team135 team136 team137 team138 team139 team140 team141 team142 team143 team144 team145 team146 team147 team148 team149 team150 team151 team152 team153 team154 team155 team156 team157 team158 team159 team160 team161 team162 team163 team164 team165 team166 team167 team168 team169 team170 team171 team172 team173 team174 team175 team176 team177 team178 team179 team180 team181 team182 team183 team184 team185 team186 team187 team188 team189 team190 team191 team192 team193 team194 team195 team196 team197 team198 team199 team200 team201 team202 team203 team204 team205 team206 team207 team208 team209 team210 team211 team212 team213 team214 team215 team216 team217 team218 team219 team220 team221 team222 team223 team224 team225 team226 team227 team228 team229 team230 team231 team232 team233
1 [25 33 39] [1 2 3 4] [1 2 3 4 5] [1 2 3 4 5 6 16 18 19 26 49 55] [1 2 3 4 5 6 19 23] [1 2] [1 2 3 4 5 6 16 19] [1] [1 2 3 19 55] [1 2 3 16 55] [1 2 3 4 6 19 23 26 55] [1 10] [1 2 3 4 6 16 18 19 23] [1 2 3 4 6 19 23] [1 2 3 4 6 19 23 52] [1 2 3 4 7 18 19 27] [1 6 18] [1 2 3 4 19 23] [1 2 3 4 5 6 9 19 23 28] [1 2 3 4 5 18 28] [1 2 10 50] [1 2 3 4 5 18] [1 2 3 4 5 6 19 23 52] [1 2 3 4 6 16 19 23] [1 2 3 4 19 23 26] [1 2 3 4 5 6 19 26] [1 2 3 4 19] [1 2 3 4 18 19] [1 2 3 4 5 19] [1 2 3 4 5 6] [1 2 3 4 5 6 9 19 23] [1 2 3 4 5 6 18 19 26] [1 2 3 4 5 6 16 55] [1 2 3 4 5 16] [1 2 3 4 55] [1 2 3 4 6 16] [1 2 3 4 19 23 52] [1 2 3] [1 2 3 4 6 19 23 28] [1 2 3 4 16 26] [1 2 3 4 16 19 55] [1 2 3 4 6] [1 2 3 4 18] [1 2 3 4 6 19 23 28 52] [1 2 3 4 5 55] [1 2 3 4 5 6 19 23 55] [1 2 3 4 6 18 19 23 28] [1 2 3 4 18 26] [1 2 3 4 6 18 26 49] [1 2 3 4 5 6 9 19 23 28 52 56] [1 2 3 4 6 19] [1 2 3 4 16 19] [1 2 3 4 5 16 55] [1 2 3 4 19 55] [1 2 3 4 5 6 16] [1 2 3 4 5 6 9 18 19 26] [1 2 3 4 16 19 23] [1 2 3 4 5 6 18 19 23] [1 2 3 4 18 19 26 49 55] [1 2 3 4 16 26 55] [1 2 3 4 18 19 23 26 49] [1 2 3 4 5 6 10 18 19 23 26 52] [1 2 3 4 5 19 23] [1 2 3 4 5 6 9 18 19 23 28 52 56] [1 2 3 4 5 6 19 23 28 55] [1 2 3 4 5 6 9 19] [1 2 3 19] [1 2 3 4 18 19 23 52] [1 2 3 4 19 23 52 55] [1 2 3 4 5 6 18] [1 2 3 4 5 6 9 19 23 28 52] [1 2 3 4 16] [1 2 3 4 19 26] [1 2 3 4 6 19 26] [1 2 3 4 6 19 23 28 55] [1 2 3 4 5 6 26] [1 2 3 4 5 6 16 18] [1 2 3 4 5 6 9 18 19 23 26 55] [1 2 3 4 5 6 16 19 23] [1 2 3 4 5 6 9 19 23 28 30 52 56] [1 2 3 4 6 18 19 23 28 55] [1 2 3 4 18 19 23 26] [1 2 3 4 5 6 19 23 28] [1 2 3 4 26] [1 2 3 4 5 26] [1 2 3 4 5 6 16 18 19 23 28] [1 2 3 4 5 6 18 19 23 28 52] [1 2 3 4 5 6 9] [1 2 59] [1 2 3 4 6 18 19 23] [1 2 3 4 5 6 7 8 19 55] [1 2 3 4 5 6 9 16 19 23 28 52] [1 2 3 4 6 18 55] [1 2 3 4 5 6 9 16 19 23] [1 2 3 4 5 6 19 23 26] [1 2 3 4 5 6 9 18 19 23 26] [1 2 3 4 5 6 7 9 18 19 23 28] [1 2 3 4 6 18 19 23 26 28 49] [1 2 3 4 6 8 16 18 55 58] [1 2 3 4 5 6 9 11 18] [1 2 3 4 5 6 9 16 19 23 55] [1 2 3 4 5 6 9 11 19 23 28 30 34 52] [1 2 3 4 5 6 9 16 18 19 23] [1 2 3 4 5 6 19 23 26 28 52] [1 2 3 4 6 16 18 26] [1 2 3 4 5 6 9 16 18 19 23 28 52] [1 2 3 4 16 18 55] [1 2 3 4 5 6 16 18 55] [1 2 3 4 6 10 19] [1 2 3 4 5 6 9 19 23 55] [1 2 3 4 6 16 19] [1 2 3 4 5 18 19] [1 2 3 4 16 19 23 55] [1 2 3 4 5 6 19 23 26 52] [1 2 3 4 18 19 23 26 52] [1 2 3 4 6 10 18 19 23] [1 2 3 4 6 16 18 19 23 26 49 52 55 58] [1 2 3 4 5 6 9 11 19 23 26 28 30 34] [1 2 6] [1 2 3 4 6 8 16 18 55] [1 59] [1 2 3 4 5 6 19 23 28 52 56] [1 2 3 4 6 16 18 19 23 52] [1 2 53] [1 2 3 4 6 8 16 19 23 55 58] [1 2 3 4 5 6 9 18 19 23 26 28 49] [1 2 3 4 5 18 23 26 49] [1 2 3 4 19 23 26 52] [1 2 4] [1 2 3 4 5 6 9 18 19 23 28] [1 2 3 4 6 18] [1 2 3 4 18 19 23] [2 19] [1 2 3 4 6 7 16 19] [1 2 3 4 5 6 9 18 19 23 26 28] [2 19 23] [1 2 3 4 5 6 9 18 26] [2 3 19 23] [1 2 3 4 5 6 19] [1 2 23] [1 2 3 4 5 19 23 55] [] [] [] [] [] [] [] [] [] [] [] [] [] [] [] [] [] [] [] [] [] [] [] [] [] [] [] [] [] [] [] [] [] [] [] [] [] [] [] [] [] [] [] [] [] [] [] [] [] [] [] [] [] [] [] [] [] [] [] [] [] [] [] [] [] [] [] [] [] [] [] [] [] [] [] [] [] [] [] [] [] [] [] [] [] [] [] [] [] [] [] [] []
2 [22 41] [1 2 3 4] [1 2 3 4 5] [1 2 3 4 5 6 16 18 19 25 26] [1 2 3 4 5 6 19 23] [1 2] [1 2 3 4 5 6 16 19] [1] [1 2 3 19 25] [1 2 3 16 25] [1 2 3 4 6 19 23 25] [1 10] [1 2 3 4 6 16 18 19 23] [1 2 3 4 6 19 23] [1 2 3 4 6 19 23 52] [1 2 3 4 5 6 16 18 23 25 26 49] [1 2 3 4 7 18 19 27] [1 6 18] [1 2 3 4 19 23] [1 2 3 4 5 6 9 19 23 25] [1 2 3 4 5 18 25] [1 2 10 50] [1 2 3 4 5 18] [1 2 3 4 5 6 19 23 52] [1 2 3 4 6 16 19 23] [1 2 3 4 19 23 25] [1 2 3 4 5 6 19 25] [1 2 3 4 19] [1 2 3 4 18 19] [1 2 3 4 5 19] [1 2 3 4 5 6] [1 2 3 4 5 6 9 19 23] [1 2 3 4 5 6 18 19 25] [1 2 3 4 5 6 16 25] [1 2 3 4 5 16] [1 2 3 4 25] [1 2 3 4 6 16] [1 2 3 4 19 23 52] [1 2 3] [1 2 3 4 16 25] [1 2 3 4 16 19 25] [1 2 3 4 6] [1 2 3 4 18] [1 2 3 4 6 19 23 25 52] [1 2 3 4 5 25] [1 2 3 4 5 6 19 23 25] [1 2 3 4 6 18 19 23 25] [1 2 3 4 18 25] [1 2 3 4 18 19 23 25 26 49] [1 2 3 4 6 18 25 26] [1 2 3 4 5 6 9 19 23 25 52 56] [1 2 3 4 6 19] [1 2 3 4 16 19] [1 2 3 4 5 16 25] [1 2 3 4 19 25] [1 2 3 4 5 6 16] [1 2 3 4 5 6 9 18 19 25] [1 2 3 4 16 19 23] [1 2 3 4 5 6 18 19 23] [1 2 3 4 18 19 25 26] [1 2 3 4 18 19 23 25 26] [1 2 3 4 5 6 10 18 19 23 25 52] [1 2 3 4 5 19 23] [1 2 3 4 5 6 9 18 19 23 25 52 56] [1 2 3 4 5 6 9 19] [1 2 3 19] [1 2 3 4 18 19 23 52] [1 2 3 4 19 23 25 52] [1 2 3 4 5 6 18] [1 2 3 4 5 6 9 19 23 25 52] [1 2 3 4 16] [1 2 3 4 6 19 25] [1 2 3 4 5 6 25] [1 2 3 4 5 6 16 18] [1 2 3 4 5 6 9 18 19 23 25] [1 2 3 4 5 6 16 19 23] [1 2 3 4 5 6 9 19 23 25 28 52 56] [1 2 3 4 18 19 23 25] [1 2 3 4 5 6 16 18 19 23 25] [1 2 3 4 5 6 18 19 23 25 52] [1 2 3 4 5 6 9] [1 2 59] [1 2 3 4 6 18 19 23] [1 2 3 4 5 6 7 8 19 25] [1 2 3 4 5 6 9 16 19 23 25 52] [1 2 3 4 6 18 25] [1 2 3 4 5 6 9 16 19 23] [1 2 3 4 5 6 7 9 18 19 23 25] [1 2 3 4 6 18 19 23 25 26] [1 2 3 4 6 8 16 18 25 55] [1 2 3 4 5 6 9 11 18] [1 2 3 4 5 6 9 16 19 23 25] [1 2 3 4 5 6 9 11 19 23 25 28 30 52] [1 2 3 4 5 6 9 16 18 19 23] [1 2 3 4 5 6 19 23 25 52] [1 2 3 4 6 16 18 25] [1 2 3 4 5 6 9 16 18 19 23 25 52] [1 2 3 4 16 18 25] [1 2 3 4 5 6 16 18 25] [1 2 3 4 6 10 19] [1 2 3 4 6 16 19] [1 2 3 4 5 18 19] [1 2 3 4 16 19 23 25] [1 2 3 4 18 19 23 25 52] [1 2 3 4 6 10 18 19 23] [1 2 3 4 6 16 18 19 23 25 26 52 55] [1 2 3 4 5 6 9 11 19 23 25 28 30] [1 2 6] [1 2 3 4 6 8 16 18 25] [1 59] [1 2 3 4 5 6 19 23 25 52 56] [1 2 3 4 6 16 18 19 23 52] [1 2 53] [1 2 3 4 6 8 16 19 23 25 55] [1 2 3 4 5 6 9 18 19 23 25 26] [1 2 3 4 5 18 23 25 26] [1 2 4] [1 2 3 4 6 18] [1 2 3 4 18 19 23] [1 2 25] [2 19] [1 2 3 4 6 7 16 19] [2 19 23] [1 2 3 4 5 6 9 18 25] [2 3 19 23] [1 2 3 4 5 6 19] [1 2 23] [1 2 3 4 5 19 23 25] [] [] [] [] [] [] [] [] [] [] [] [] [] [] [] [] [] [] [] [] [] [] [] [] [] [] [] [] [] [] [] [] [] [] [] [] [] [] [] [] [] [] [] [] [] [] [] [] [] [] [] [] [] [] [] [] [] [] [] [] [] [] [] [] [] [] [] [] [] [] [] [] [] [] [] [] [] [] [] [] [] [] [] [] [] [] [] [] [] [] [] [] [] [] [] [] [] [] [] [] [] [] [] [] [] []
3 [2] [1 3 4 5 6] [1 3 4 5 6 9 16 18 19 25 26] [1 3 4 5 6 8 9 19 23] [1 3] [1 3 4 6] [1 3 4 5 6 9 16 19] [1] [1 3 4 19 25] [1 3 4 6 16 25] [1 3 4 5 6 8 19 23 25] [1 10] [1 3 4 5 6 8 16 18 19 23] [1 3 4 5 6 7 10 18] [1 3 4 5 6 9 19 23] [1 3 4 5 6 9 19 23 52] [1 3 4 5 6 8 9 16 18 23 25 26 49] [1 3 4 5] [1 3 4 6 7 10 13 18 19 27 59] [1 6 18] [1 3 4 5 6 19 23] [1 3 4 5 6 9 10 11 19 23 25] [1 3 4 5 6 10 18 25] [1 3 10 50] [1 3 4 5 6 10 18] [1 3 4 6 8 16 19 23] [1 3 4 5 6 19 23 25] [1 3 4 5 6 9 18 19 25] [1 3 4 6 19] [1 3 4 6 18 19] [1 3 4 5 6 19] [1 3 4 6 19 23] [1 3 4 5 6 9] [1 3 4 5 6 9 10 19 23] [1 3 4 5 6 9 11 19 23] [1 3 4 5 6 9 11 19 23 25] [1 3 4 5 6 7 8 13 16 25] [1 3 4 5 6 16 18] [1 3 4 5 6 25] [1 3 4 5 6 8 16] [1 3 4 5 6 19 23 52] [1 3 4] [1 3 4 5 6 9 19 23 25] [1 3 4 6 7 16 19 25] [1 3 4 5 6 18] [1 3 4 5 6 7 19 23 25] [1 3 4 6 7 13 19] [1 3 4 5 6 7 9] [1 3 4 5 6 9 19 23 25 52] [1 3 4 5 6 8 9 18 19 23 25] [1 3 4 5 19] [1 3 4 5 6 18 19 23 25 26 49] [1 3 4 5 6 10] [1 3 4 5 7 18 19] [1 3 4 6 8 16 18 19 23] [1 3 4 6 8 18 25 26] [1 3 4 5 6 9 11 19 23 25 52 56] [1 3 4 5 6 9 19] [1 3 4 7 18] [1 3 4 6 16 19] [1 3 4 5 6 16 25] [1 3 4 6 19 25] [1 3 4 5 6 9 10 11 18 19 25] [1 3 4 6 16 19 23] [1 3 4 5 6 7 9 18 19 23] [1 3 4 5 6 7 18] [1 3 4 6 18 19 25 26] [1 3 4 5 6 7 19 23] [1 3 4 5 6 7] [1 3 4 5 6 9 18 19 23] [1 3 4 6 18 19 23 25 26] [1 3 4 5 6 9 10 11 18 19 23 25 52] [1 3 4 6 8 16] [1 3 4 5 6 9 11 18 19 23 25 52 56] [1 3 4 5 6 7 9 18] [1 3 4 5 6 18 19] [1 3 4 5 6 9 11 19] [1 3 4 19] [1 3 4 5 6 8 10 16] [1 3 4 5 6 18 19 23 25 26] [1 3 4 5 6 18 19 23 52] [1 3 4 5 6 19 23 25 52] [1 3 4 5 6 9 18] [1 3 4 5 6 9 11 19 23 25 52] [1 3 4 6 7 16 18] [1 3 4 5 6 9 19 25] [1 3 4 6 7] [1 3 4 19 23] [1 3 4 5 6 9 10 11 19 23 25 52] [1 3 4 5 6 8 25] [1 3 4 5 18] [1 3 4 5 6 8 16 18] [1 3 4 5 6 8 9 11 18 19 23 25] [1 3 4 6 18] [1 3 4 5 6 16] [1 3 4 5 6 8 16 19 23] [1 3 4 5 6 9 11 19 23 25 28 52 56] [1 3 4 5 6 8 9 16] [1 3 4 5 6 9 18 19 23 25] [1 3 4 5 6 18 19 23 25] [1 3 4 6 8] [1 3 4 5 6 8 9 11 19 23 25] [1 3 4 5 6 8 9 19 23 25] [1 3 4 5 6 7 9 19 23 52] [1 3 4 18 25] [1 3 4 5 6 8 16 25] [1 3 4 6 16] [1 3 4 6 19 23 52] [1 3 4 5 6 8 9 16 18 19 23 25] [1 3 4 5 6 8] [1 3 4 5 6 9 18 19 23 25 52] [1 3 4 5 6 9 11] [1 3 59] [1 3 4 5 6 8 18 19 23] [1 3 4 5 6 8 9 18] [1 3 4 5 6 7 8 10 19 25] [1 3 4 5 6 9 11 16 19 23 25 52] [1 3 4 6 8 18 25] [1 3 4 6 7 8 16 18] [1 3 4 5 6 8 9 11 16 19 23] [1 3 4 5 6 8 9 18 19 23] [1 3 4 5 6 9 11 18 19 23 25] [1 3 4 5 6 8 18] [1 3 4 5 6 8 9] [1 3 4 5 6 7 8 9 10 11 18 19 23 25] [1 3 4 5 6 8 9 11] [1 3 4 5 6 8 9 18 19 23 25 26] [1 3 4 5 6 8 10 16 18 25 55] [1 3 4 5 6 7 8 9 11 13 18] [1 3 4 5 6 8 9 11 16 19 23 25] [1 3 4 5 6 9 11 13 19 23 25 28 30 52] [1 3 4 5 6 8 9 11 16 18 19 23] [1 3 4 5 6 8 9 19 23 25 52] [1 3 4 5 6 8 9 19 23 52] [1 3 4 6 8 16 18 25] [1 3 4 5 6 9 11 16 18 19 23 25 52] [1 3 4 6 16 18 25] [1 3 4 5 6 8 16 18 25] [1 3 4 7 25] [1 3 4 6 7 19 23 52] [1 3 4 5 6 8 10 11 19] [1 3 4 5 6 9 10 19 23 25] [1 3 4 5 6 8 16 19] [1 3 4 6 10 18] [1 3 4 6 16 19 23 25] [1 3 4 6 18 19 23 25 52] [1 3 4 5 6 9 10 11 18 19 23] [1 3 4 5 6 9 16 18 19 23 25 26 52 55] [1 3 4 5 6 8 9 11 13 19 23 25 28 30] [1 3 6] [1 3 4 5 6 8 10 16 18 25] [1 6] [1 59] [1 3 4 6 7 18] [1 3 4 5 6 9 19 23 25 52 56] [1 3 4 6 8 19 23] [1 3 4 5 6 8 16 18 19 23 52] [1 3 53] [1 3 4 18] [1 3 4 5 6 9 11 16 19 23] [1 3 4 5 6 8 9 10 16 19 23 25 55] [1 3 4 5 6 7 8 9 11 18 19 23 25 26] [1 3 4 5 6 8 10 16 25] [1 3 4 5 6 18 23 25 26] [1 3 4 6 25] [1 3 4 6 8 18] [1 3 4 5 6 18 19 23] [1 3 25] [3 4 19] [1 3 4 6 7 8 10 16 19] [1 3 4 6 18 25] [1 3 4 5 6 9 10 11 18 19 23 25] [3 4 19 23] [1 3 4 5 6 8 9 11 18 25] [1 3 4 23] [1 3 4 5 6 10 19 23 25] [] [] [] [] [] [] [] [] [] [] [] [] [] [] [] [] [] [] [] [] [] [] [] [] [] [] [] [] [] [] [] [] [] [] [] [] [] [] [] [] [] [] [] [] [] [] [] [] [] [] [] [] [] [] [] [] [] []
4 [7] [1 2 3 4 5 6 16 18 19 25 26] [1 2 3 4 5 6 19 23] [1 2 3 4] [1 2 3 4 5 6 16 19] [1 2 3 19 25] [1 2 3 16 25] [1 2 3 4 6 19 23 25] [1 2 3 4 6 16 18 19 23] [1 2 3 4 5] [1 2 3 4 6 19 23] [1 2 3 4 6 19 23 52] [1 2 3 4 5 6 16 18 23 25 26 49] [1 2 3 4 10 18 19 27] [1 6 18] [1 2 3 4 19 23] [1 2 3 4 5 6 9 19 23 25] [1 2 3 4 5 18 25] [1 2 10 50] [1] [1 2 3 4 5 18] [1 2 3 4 5 6 19 23 52] [1 2 3 4 6 16 19 23] [1 2 3 4 19 23 25] [1 2 3 4 5 6 19 25] [1 2 3 4 19] [1 2 3 4 18 19] [1 2 3 4 5 19] [1 2 3 4 5 6] [1 2 3 4 5 6 9 19 23] [1 2 3 4 5 6 18 19 25] [1 2 3 4 5 6 16 25] [1 2 3 4 5 16] [1 2 3 4 25] [1 2 3 4 6 16] [1 2 3 4 19 23 52] [1 2 3] [1 2 3 4 16 25] [1 2 3 4 16 19 25] [1 2 3 4 6] [1 2 3 4 18] [1 2 3 4 6 19 23 25 52] [1 2 3 4 5 25] [1 2 3 4 5 6 19 23 25] [1 2 3 4 6 18 19 23 25] [1 2 3 4 18 25] [1 2 3 4 18 19 23 25 26 49] [1 2 3 4 6 18 25 26] [1 2 3 4 5 6 9 19 23 25 52 56] [1 2 3 4 6 19] [1 2 3 4 16 19] [1 2 3 4 5 16 25] [1 2 3 4 19 25] [1 2 3 4 5 6 16] [1 2 3 4 5 6 9 18 19 25] [1 2 3 4 16 19 23] [1 2 3 4 5 6 18 19 23] [1 2 3 4 18 19 25 26] [1 2 3 4 18 19 23 25 26] [1 2 3 4 5 6 10 18 19 23 25 52] [1 2 3 4 5 19 23] [1 2 3 4 5 6 9 18 19 23 25 52 56] [1 2 3 4 5 6 9 19] [1 2 3 19] [1 2 3 4 18 19 23 52] [1 2 3 4 19 23 25 52] [1 2 3 4 5 6 18] [1 2 3 4 5 6 9 19 23 25 52] [1 2 3 4 16] [1 2 3 4 6 19 25] [1 2 3 4 5 6 25] [1 2 3 4 5 6 16 18] [1 2 3 4 5 6 9 18 19 23 25] [1 2 3 4 5 6 16 19 23] [1 2 3 4 5 6 9 19 23 25 28 52 56] [1 2 3 4 18 19 23 25] [1 2] [1 10] [1 2 3 4 5 6 16 18 19 23 25] [1 2 3 4 5 6 18 19 23 25 52] [1 2 3 4 5 6 9] [1 2 59] [1 2 3 4 6 18 19 23] [1 2 3 4 5 6 8 10 19 25] [1 2 3 4 5 6 9 16 19 23 25 52] [1 2 3 4 6 18 25] [1 2 3 4 5 6 9 16 19 23] [1 2 3 4 5 6 9 10 18 19 23 25] [1 2 3 4 6 18 19 23 25 26] [1 2 3 4 6 8 16 18 25 55] [1 2 3 4 5 6 9 11 18] [1 2 3 4 5 6 9 16 19 23 25] [1 2 3 4 5 6 9 11 19 23 25 28 30 52] [1 2 3 4 5 6 9 16 18 19 23] [1 2 3 4 5 6 19 23 25 52] [1 2 3 4 6 16 18 25] [1 2 3 4 5 6 9 16 18 19 23 25 52] [1 2 3 4 16 18 25] [1 2 3 4 5 6 16 18 25] [1 2 3 4 6 10 19] [1 2 3 4 6 16 19] [1 2 3 4 5 18 19] [1 2 3 4 16 19 23 25] [1 2 3 4 18 19 23 25 52] [1 2 3 4 6 10 18 19 23] [1 2 3 4 6 16 18 19 23 25 26 52 55] [1 2 3 4 5 6 9 11 19 23 25 28 30] [1 2 6] [1 2 3 4 6 8 16 18 25] [1 59] [1 2 3 4 5 6 19 23 25 52 56] [1 2 3 4 6 16 18 19 23 52] [1 2 53] [1 2 3 4 6 8 16 19 23 25 55] [1 2 3 4 5 6 9 18 19 23 25 26] [1 2 3 4 5 18 23 25 26] [1 2 4] [1 2 3 4 6 18] [1 2 3 4 18 19 23] [1 2 25] [2 19] [1 2 3 4 6 10 16 19] [2 19 23] [1 2 3 4 5 6 9 18 25] [2 3 19 23] [1 2 3 4 5 6 19] [1 2 23] [1 2 3 4 5 19 23 25] [] [] [] [] [] [] [] [] [] [] [] [] [] [] [] [] [] [] [] [] [] [] [] [] [] [] [] [] [] [] [] [] [] [] [] [] [] [] [] [] [] [] [] [] [] [] [] [] [] [] [] [] [] [] [] [] [] [] [] [] [] [] [] [] [] [] [] [] [] [] [] [] [] [] [] [] [] [] [] [] [] [] [] [] [] [] [] [] [] [] [] [] [] [] [] [] [] [] [] [] [] [] [] [] [] []
5 [13 26 45 52] [1 2 3 4 5 6 19 23] [1 2 3 4] [1 2 3 4 5 6 16 19] [1 2 3 19 25] [1 2 3 16 25] [1 2 3 4 6 19 23 25] [1 2 3 4 6 16 18 19 23] [1 2 3 4 5] [1 2 3 4 6 19 23] [1 2 3 4 6 19 23 56] [1 2 3 4 7 18 19 27] [1 6 18] [1 2 3 4 19 23] [1 2 3 4 5 6 9 19 23 25] [1 2 3 4 5 18 25] [1 2 10 50] [1] [1 2 3 4 5 18] [1 2 3 4 5 6 19 23 56] [1 2 3 4 6 16 19 23] [1 2 3 4 19 23 25] [1 2 3 4 5 6 19 25] [1 2 3 4 19] [1 2 3 4 18 19] [1 2 3 4 5 19] [1 2 3 4 5 6] [1 2 3 4 5 6 9 19 23] [1 2 3 4 5 6 18 19 25] [1 2 3 4 5 6 16 25] [1 2 3 4 5 16] [1 2 3 4 25] [1 2 3 4 6 16] [1 2 3 4 19 23 56] [1 2 3] [1 2 3 4 16 25] [1 2 3 4 16 19 25] [1 2 3 4 6] [1 2 3 4 18] [1 2 3 4 6 19 23 25 56] [1 2 3 4 5 25] [1 2 3 4 5 6 19 23 25] [1 2 3 4 6 18 19 23 25] [1 2 3 4 18 25] [1 2 3 4 6 18 25 49] [1 2 3 4 6 19] [1 2 3 4 16 19] [1 2 3 4 5 16 25] [1 2 3 4 19 25] [1 2 3 4 5 6 16] [1 2 3 4 5 6 9 18 19 25] [1 2 3 4 16 19 23] [1 2 3 4 5 6 18 19 23] [1 2 3 4 18 19 25 49] [1 2 3 4 18 19 23 25 49] [1 2 3 4 5 6 10 18 19 23 25 56] [1 2 3 4 5 19 23] [1 2 3 4 5 6 9 19] [1 2 3 19] [1 2 3 4 18 19 23 56] [1 2 3 4 19 23 25 56] [1 2 3 4 5 6 18] [1 2 3 4 5 6 9 19 23 25 56] [1 2 3 4 16] [1 2 3 4 6 19 25] [1 2 3 4 5 6 25] [1 2 3 4 5 6 16 18] [1 2 3 4 5 6 9 18 19 23 25] [1 2 3 4 5 6 16 19 23] [1 2 3 4 18 19 23 25] [1 2] [1 10] [1 2 3 4 5 6 16 18 19 23 25] [1 2 3 4 5 6 18 19 23 25 56] [1 2 3 4 5 6 9] [1 2 59] [1 2 3 4 6 18 19 23] [1 2 3 4 5 6 7 8 19 25] [1 2 3 4 5 6 9 16 19 23 25 56] [1 2 3 4 6 18 25] [1 2 3 4 5 6 9 16 19 23] [1 2 3 4 5 6 7 9 18 19 23 25] [1 2 3 4 6 18 19 23 25 49] [1 2 3 4 6 8 16 18 25 55] [1 2 3 4 5 6 9 11 18] [1 2 3 4 5 6 9 16 19 23 25] [1 2 3 4 5 6 9 11 19 23 25 28 30 56] [1 2 3 4 5 6 9 16 18 19 23] [1 2 3 4 5 6 19 23 25 56] [1 2 3 4 6 16 18 25] [1 2 3 4 5 6 9 16 18 19 23 25 56] [1 2 3 4 16 18 25] [1 2 3 4 5 6 16 18 25] [1 2 3 4 6 10 19] [1 2 3 4 6 16 19] [1 2 3 4 5 18 19] [1 2 3 4 16 19 23 25] [1 2 3 4 18 19 23 25 56] [1 2 3 4 6 10 18 19 23] [1 2 3 4 6 16 18 19 23 25 49 55 56] [1 2 3 4 5 6 9 11 19 23 25 28 30] [1 2 6] [1 2 3 4 6 8 16 18 25] [1 59] [1 2 3 4 6 16 18 19 23 56] [1 2 53] [1 2 3 4 6 8 16 19 23 25 55] [1 2 3 4 5 6 9 18 19 23 25 49] [1 2 3 4 5 18 23 25 49] [1 2 4] [1 2 3 4 6 18] [1 2 3 4 18 19 23] [1 2 25] [2 19] [1 2 3 4 6 7 16 19] [2 19 23] [1 2 3 4 5 6 9 18 25] [2 3 19 23] [1 2 3 4 5 6 19] [1 2 23] [1 2 3 4 5 19 23 25] [] [] [] [] [] [] [] [] [] [] [] [] [] [] [] [] [] [] [] [] [] [] [] [] [] [] [] [] [] [] [] [] [] [] [] [] [] [] [] [] [] [] [] [] [] [] [] [] [] [] [] [] [] [] [] [] [] [] [] [] [] [] [] [] [] [] [] [] [] [] [] [] [] [] [] [] [] [] [] [] [] [] [] [] [] [] [] [] [] [] [] [] [] [] [] [] [] [] [] [] [] [] [] [] [] [] [] [] [] [] [] [] []
6 [26 29 38 45] [1 2 3 4] [1 2 3 4 5 6 16 19] [1 2 3 19 25] [1 2 3 16 25] [1 2 3 4 6 19 23 25] [1 2 3 4 6 16 18 19 23] [1 2 3 4 5] [1 2 3 4 6 19 23] [1 2 3 4 6 19 23 52] [1 2 3 4 7 18 19 27] [1 6 18] [1 2 3 4 19 23] [1 2 3 4 5 6 9 19 23 25] [1 2 3 4 5 18 25] [1 2 10 50] [1] [1 2 3 4 5 18] [1 2 3 4 5 6 19 23 52] [1 2 3 4 6 16 19 23] [1 2 3 4 19 23 25] [1 2 3 4 5 6 19 25] [1 2 3 4 5 6 19 23] [1 2 3 4 19] [1 2 3 4 18 19] [1 2 3 4 5 19] [1 2 3 4 5 6] [1 2 3 4 5 6 9 19 23] [1 2 3 4 5 6 18 19 25] [1 2 3 4 5 6 16 25] [1 2 3 4 5 16] [1 2 3 4 25] [1 2 3 4 6 16] [1 2 3 4 19 23 52] [1 2 3] [1 2 3 4 16 25] [1 2 3 4 16 19 25] [1 2 3 4 6] [1 2 3 4 18] [1 2 3 4 6 19 23 25 52] [1 2 3 4 5 25] [1 2 3 4 5 6 19 23 25] [1 2 3 4 6 18 19 23 25] [1 2 3 4 18 25] [1 2 3 4 6 18 25 49] [1 2 3 4 5 6 9 19 23 25 52 56] [1 2 3 4 6 19] [1 2 3 4 16 19] [1 2 3 4 5 16 25] [1 2 3 4 19 25] [1 2 3 4 5 6 16] [1 2 3 4 5 6 9 18 19 25] [1 2 3 4 16 19 23] [1 2 3 4 5 6 18 19 23] [1 2 3 4 18 19 25 49] [1 2 3 4 18 19 23 25 49] [1 2 3 4 5 6 10 18 19 23 25 52] [1 2 3 4 5 19 23] [1 2 3 4 5 6 9 18 19 23 25 52 56] [1 2 3 4 5 6 9 19] [1 2 3 19] [1 2 3 4 18 19 23 52] [1 2 3 4 19 23 25 52] [1 2 3 4 5 6 18] [1 2 3 4 5 6 9 19 23 25 52] [1 2 3 4 16] [1 2 3 4 6 19 25] [1 2 3 4 5 6 25] [1 2 3 4 5 6 16 18] [1 2 3 4 5 6 9 18 19 23 25] [1 2 3 4 5 6 16 19 23] [1 2 3 4 5 6 9 19 23 25 28 52 56] [1 2 3 4 18 19 23 25] [1 2] [1 10] [1 2 3 4 5 6 16 18 19 23 25] [1 2 3 4 5 6 18 19 23 25 52] [1 2 3 4 5 6 9] [1 2 59] [1 2 3 4 6 18 19 23] [1 2 3 4 5 6 7 8 19 25] [1 2 3 4 5 6 9 16 19 23 25 52] [1 2 3 4 6 18 25] [1 2 3 4 5 6 9 16 19 23] [1 2 3 4 5 6 7 9 18 19 23 25] [1 2 3 4 6 18 19 23 25 49] [1 2 3 4 6 8 16 18 25 55] [1 2 3 4 5 6 9 11 18] [1 2 3 4 5 6 9 16 19 23 25] [1 2 3 4 5 6 9 11 19 23 25 28 30 52] [1 2 3 4 5 6 9 16 18 19 23] [1 2 3 4 5 6 19 23 25 52] [1 2 3 4 6 16 18 25] [1 2 3 4 5 6 9 16 18 19 23 25 52] [1 2 3 4 16 18 25] [1 2 3 4 5 6 16 18 25] [1 2 3 4 6 10 19] [1 2 3 4 6 16 19] [1 2 3 4 5 18 19] [1 2 3 4 16 19 23 25] [1 2 3 4 18 19 23 25 52] [1 2 3 4 6 10 18 19 23] [1 2 3 4 6 16 18 19 23 25 49 52 55] [1 2 3 4 5 6 9 11 19 23 25 28 30] [1 2 6] [1 2 3 4 6 8 16 18 25] [1 59] [1 2 3 4 5 6 19 23 25 52 56] [1 2 3 4 6 16 18 19 23 52] [1 2 53] [1 2 3 4 6 8 16 19 23 25 55] [1 2 3 4 5 6 9 18 19 23 25 49] [1 2 3 4 5 18 23 25 49] [1 2 4] [1 2 3 4 6 18] [1 2 3 4 18 19 23] [1 2 25] [2 19] [1 2 3 4 6 7 16 19] [2 19 23] [1 2 3 4 5 6 9 18 25] [2 3 19 23] [1 2 3 4 5 6 19] [1 2 23] [1 2 3 4 5 19 23 25] [] [] [] [] [] [] [] [] [] [] [] [] [] [] [] [] [] [] [] [] [] [] [] [] [] [] [] [] [] [] [] [] [] [] [] [] [] [] [] [] [] [] [] [] [] [] [] [] [] [] [] [] [] [] [] [] [] [] [] [] [] [] [] [] [] [] [] [] [] [] [] [] [] [] [] [] [] [] [] [] [] [] [] [] [] [] [] [] [] [] [] [] [] [] [] [] [] [] [] [] [] [] [] [] [] [] [] [] []
7 [18] [1 2 3 4 5 6 16 19] [1 2 3 16 25] [1 2 3 4 6 19 23 25] [1 2 3 4 6 16 19 23] [1 2 3 4 5] [1 2 3 4 6 19 23] [1 2 3 4 6 19 23 52] [1 2 3 4 5 6 16 23 25 26 49] [1 2 3 4] [1 2 3 4 7 19 27 59] [1 6 53] [1 2 3 4 19 23] [1 2 3 4 5 6 9 19 23 25] [1 2 3 4 5 25 28] [1 2 10 50] [1] [1 2 3 4 5 23] [1 2 3 4 5 6 19 23 52] [1 2 3 4 19 23 25] [1 2 3 4 5 6 19 25] [1 2 3 4 5 6 19 23] [1 2 3 4 19] [1 2 3 4 19 25] [1 2 3 4 5 19] [1 2 3 4 5 6] [1 2 3 4 5 6 9 19 23] [1 2 3 4 5 6 16 25] [1 2 3 4 5 16] [1 2 3 4 25] [1 2 3 4 6 16] [1 2 3 4 19 23 52] [1 2 3] [1 2 3 4 16 25] [1 2 3 4 16 19 25] [1 2 3 4 6] [1 2 3 4 23] [1 2 3 4 6 19 23 25 52] [1 2 3 4 5 25] [1 2 3 4 5 6 19 23 25] [1 2 3 4 19 23 25 26 49] [1 2 3 4 6 23 25 26] [1 2 3 4 5 6 9 19 23 25 52 56] [1 2 3 4 6 19] [1 2 3 4 16 19] [1 2 3 4 5 16 25] [1 2 3 4 5 6 16] [1 2 3 4 16 19 23] [1 2 3 4 5 23 25] [1 2 3 4 19 23 25 26] [1 2 3 4 5 6 10 19 23 25 52] [1 2 3 4 5 19 23] [1 2 3 4 5 6 9 19] [1 2 3 19] [1 2 3 4 19 23 25 52] [1 2 3 4 5 6 23] [1 2 3 4 5 6 9 19 23 25 52] [1 2 3 4 16] [1 2 3 4 6 19 25] [1 2 3 4 5 6 25] [1 2 3 4 5 6 16 19 23] [1 2 3 4 5 6 9 19 23 25 28 52 56] [1 2] [1 10] [1 2 3 4 5 6 16 19 23 25] [1 2 3 4 5 6 19 23 25 52] [1 2 3 4 5 6 9] [1 2 59] [1 2 3 4 5 6 7 8 19 25] [1 2 3 4 5 6 9 16 19 23 25 52] [1 2 3 4 6 23 25] [1 2 3 4 5 6 9 16 19 23] [1 2 3 4 5 6 7 9 19 23 25] [1 2 3 4 6 19 23 25 26] [1 2 3 4 6 8 16 23 25 55] [1 2 3 4 5 6 9 11 23] [1 2 3 4 5 6 9 16 19 23 25] [1 2 3 4 5 6 9 11 19 23 25 28 30 52] [1 2 3 4 6 16 23 25] [1 2 3 4 5 6 16 23 25] [1 2 3 4 6 10 19] [1 2 3 4 6 16 19] [1 2 3 4 16 19 23 25] [1 2 3 4 6 10 19 23 25] [1 2 3 4 16 23 25] [1 2 3 4 6 16 19 23 25 26 52 55] [1 2 3 4 5 6 9 11 19 23 25 28 30] [1 2 6] [1 2 3 4 6 8 16 23 25] [1 59] [1 2 3 4 5 6 19 23 25 52 56] [1 2 3 4 6 16 19 23 52] [1 2 53] [1 2 3 4 6 8 16 19 23 25 55] [1 2 3 4 5 6 9 19 23 25 26] [1 2 3 4 5 23 25 26] [1 2 4] [1 2 3 4 6 25] [1 2 25] [2 19] [1 2 3 4 6 7 16 19] [1 2 3 4 23 25] [2 19 23] [1 2 3 4 5 6 9 23 25] [2 3 19 23] [1 2 3 4 5 6 19] [1 2 23] [1 2 3 4 5 19 23 25] [] [] [] [] [] [] [] [] [] [] [] [] [] [] [] [] [] [] [] [] [] [] [] [] [] [] [] [] [] [] [] [] [] [] [] [] [] [] [] [] [] [] [] [] [] [] [] [] [] [] [] [] [] [] [] [] [] [] [] [] [] [] [] [] [] [] [] [] [] [] [] [] [] [] [] [] [] [] [] [] [] [] [] [] [] [] [] [] [] [] [] [] [] [] [] [] [] [] [] [] [] [] [] [] [] [] [] [] [] [] [] [] [] [] [] [] [] [] [] [] [] [] [] [] [] []
8 [16 45 48 58] [1 2 3 18 25] [1 2 3 4 6 19 23 25] [1 2 3 4 6 18 19 23] [1 2 3 4 5] [1 2 3 4 6 19 23] [1 2 3 4 6 19 23 52] [1 2 3 4 5 6 18 23 25 26 49] [1 2 3 4] [1 2 3 4 7 18 19 27] [1 6 18] [1 2 3 4 19 23] [1 2 3 4 5 6 9 19 23 25] [1 2 3 4 5 18 25] [1 2 10 50] [1] [1 2 3 4 5 18] [1 2 3 4 5 6 19 23 52] [1 2 3 4 19 23 25] [1 2 3 4 5 6 19 25] [1 2 3 4 5 6 19 23] [1 2 3 4 19] [1 2 3 4 18 19] [1 2 3 4 5 19] [1 2 3 4 5 6] [1 2 3 4 5 6 9 19 23] [1 2 3 4 5 6 18 19 25] [1 2 3 4 5 6 18 25] [1 2 3 4 25] [1 2 3 4 6 18] [1 2 3 4 19 23 52] [1 2 3] [1 2 3 4 18 25] [1 2 3 4 18 19 25] [1 2 3 4 6] [1 2 3 4 18] [1 2 3 4 6 19 23 25 52] [1 2 3 4 5 25] [1 2 3 4 5 6 19 23 25] [1 2 3 4 6 18 19 23 25] [1 2 3 4 18 19 23 25 26 49] [1 2 3 4 6 18 25 26] [1 2 3 4 5 6 9 19 23 25 52 56] [1 2 3 4 6 19] [1 2 3 4 19 25] [1 2 3 4 5 6 18] [1 2 3 4 5 6 9 18 19 25] [1 2 3 4 18 19 23] [1 2 3 4 5 6 18 19 23] [1 2 3 4 18 19 25 26] [1 2 3 4 18 19 23 25 26] [1 2 3 4 5 6 10 18 19 23 25 52] [1 2 3 4 5 19 23] [1 2 3 4 5 6 9 18 19 23 25 52 56] [1 2 3 4 5 6 9 19] [1 2 3 19] [1 2 3 4 18 19 23 52] [1 2 3 4 19 23 25 52] [1 2 3 4 5 6 9 19 23 25 52] [1 2 3 4 6 19 25] [1 2 3 4 5 6 25] [1 2 3 4 5 6 9 18 19 23 25] [1 2 3 4 5 6 9 19 23 25 28 52 56] [1 2 3 4 18 19 23 25] [1 2] [1 10] [1 2 3 4 5 6 18 19 23 25] [1 2 3 4 5 6 18 19 23 25 52] [1 2 3 4 5 6 9] [1 2 59] [1 2 3 4 5 6 7 8 19 25] [1 2 3 4 5 6 9 18 19 23 25 52] [1 2 3 4 6 18 25] [1 2 3 4 5 6 9 18 19 23] [1 2 3 4 5 6 7 9 18 19 23 25] [1 2 3 4 6 18 19 23 25 26] [1 2 3 4 6 8 18 23 25 55] [1 2 3 4 5 6 9 11 18] [1 2 3 4 5 6 9 11 19 23 25 28 30 52] [1 2 3 4 5 6 19 23 25 52] [1 2 3 4 6 10 19] [1 2 3 4 6 18 19] [1 2 3 4 5 18 19] [1 2 3 4 18 19 23 25 52] [1 2 3 4 6 10 18 19 23] [1 2 3 4 6 18 19 23 25 26 52 55] [1 2 3 4 5 6 9 11 19 23 25 28 30] [1 2 6] [1 2 3 4 6 8 18 23 25] [1 59] [1 2 3 4 5 6 19 23 25 52 56] [1 2 3 4 6 18 19 23 52] [1 2 53] [1 2 3 4 6 8 18 19 23 25 55] [1 2 3 4 5 6 9 18 19 23 25 26] [1 2 3 4 5 18 23 25 26] [1 2 4] [1 2 25] [2 19] [1 2 3 4 6 7 18 19] [2 19 23] [1 2 3 4 5 6 9 18 25] [2 3 19 23] [1 2 3 4 5 6 19] [1 2 23] [1 2 3 4 5 19 23 25] [] [] [] [] [] [] [] [] [] [] [] [] [] [] [] [] [] [] [] [] [] [] [] [] [] [] [] [] [] [] [] [] [] [] [] [] [] [] [] [] [] [] [] [] [] [] [] [] [] [] [] [] [] [] [] [] [] [] [] [] [] [] [] [] [] [] [] [] [] [] [] [] [] [] [] [] [] [] [] [] [] [] [] [] [] [] [] [] [] [] [] [] [] [] [] [] [] [] [] [] [] [] [] [] [] [] [] [] [] [] [] [] [] [] [] [] [] [] [] [] [] [] [] [] [] [] [] []
9 [4 10 16 17 19] [1 2 3 5 6 8 18 23 25] [1 2 3 5 6 7] [1 2 3 5 6 9 23 25] [1 2 3 5 6 9 23 25 52] [1 2 3 5 6 9 18 23 25 26 49] [1 2 3 5] [1 2 3 6 7 11 13 18 23 27] [1 6 18] [1 2 3 5 6 23 25] [1 2 3 5 6 9 11 23 25 28] [1 2 3 5 6 18 25] [1 2 18 50] [1] [1 2 3 5 6 18 23] [1 2 3 6 18 23 25] [1 2 3 5 6 18 23 25] [1 2 3 6] [1 2 3 5 6 9 18 23 25] [1 2 3 5 6 9 23] [1 2 3 6 23] [1 2 3 6 18 23] [1 2 3 5 6] [1 2 3 5 6 23] [1 2 3 5 6 18] [1 2 3 6 23 25] [1 2 3 5 6 9] [1 2 3 5 6 9 18 23] [1 2 3 5 6 9 11 23 25] [1 2 3 5 6 7 13 18 25] [1 2 3 5 6 25] [1 2 3 5 6 18 23 25 52] [1 2 3] [1 2 3 5 6 9 23 25 28] [1 2 3 18 25] [1 2 3 7 18 23 25] [1 2 3 5 6 9 18] [1 2 3 5 6 7 18 23 25] [1 2 3 6 7 13 23] [1 2 3 5 6 7 9] [1 2 3 5 6 9 23 25 28 52] [1 2 3 5 6 9 18 23 25 28] [1 2 3 5 23] [1 2 3 5 6 18 23 25 26 49] [1 2 3 5 7 18 23] [1 2 3 6 18 23 25 26] [1 2 3 5 6 9 11 23 25 28 52 56] [1 2 3 7] [1 2 3 5 6 9 11 18 23 25] [1 2 3 5 6 7 9 18 23 25] [1 2 3 5 6 7 18 23] [1 2 3 5 6 7 23 25] [1 2 3 5 6 9 11 18 23 25 52] [1 2 3 6 18] [1 2 3 5 6 7 23] [1 2 3 5 6 7 9 18] [1 2 3 5 6 9 11 18 23 25 28 52 56] [1 2 3 5 18] [1 2 3 5 6 9 11 23] [1 2 3 23] [1 2 3 5 6 18 23 25 26] [1 2 3 5 6 23 25 52] [1 2 3 5 6 9 11 23 25 28 52] [1 2 3 7 18] [1 2 3 6 7] [1 2 3 18 23] [1 2 3 5 6 9 11 18 23 25 28 30 52 56] [1 2 3 6 8] [1 2] [1 2 3 5 6 8 9 11 23 25 28] [1 2 3 5 6 7 9 23 25 52] [1 2 3 6 8 18] [1 2 3 6 23 25 52] [1 18] [1 2 3 5 6 8 9 18 23 25 28] [1 2 3 5 6 9 18 23 25 28 52] [1 2 3 5 6 9 11] [1 2 59] [1 2 3 5 6 8 9 18 23] [1 2 3 5 6 7 8 11 18 23 25] [1 2 3 5 6 9 11 18 23 25 28 52] [1 2 3 6 8 18 23 25] [1 2 3 6 7 8 18] [1 2 3 5 6 8 9 11 18 23 25] [1 2 3 5 6 8 18 23] [1 2 3 5 6 8 9] [1 2 3 5 6 7 8 9 11 18 23 25 28] [1 2 3 5 6 8 9 11] [1 2 3 5 6 8 9 18 23 25 26 28] [1 2 3 5 6 9 18 23 25 52] [1 2 3 5 6 8] [1 2 3 5 6 8 18 23 25 55] [1 2 3 5 6 7 8 9 11 13 18 23] [1 2 3 5 6 9 11 13 23 25 28 30 34 52] [1 2 3 5 6 8 9 18 23 25 28 52] [1 2 3 5 6 8 9 23 25 52] [1 2 3 6 18 25] [1 2 3 7 25] [1 2 3 6 7 23 25 52] [1 2 3 5 6 11 23] [1 2 3 6 18 23 25 52] [1 2 3 18 23 25] [1 2 3 5 6 9 18 23 25 26 52 55] [1 2 3 5 6 8 9 11 13 18 23 25 28 30 34] [1 2 3 5 6 8 9 23 25 28] [1 2 6] [1 59] [1 2 3 5 6 9 23 25 28 52 56] [1 2 3 6 8 23 25] [1 2 3 5 6 8 18 23 25 52] [1 2 53] [1 2 3 18] [1 2 3 5 6 8 9 18 23 25 55] [1 2 3 5 6 7 8 9 11 18 23 25 26 28] [1 2 3 6 25] [1 2 18] [1 2 3 5 6 9 11 18 23 25 28] [1 2 25] [2 23] [1 2 3 6 7 8 11 18 23] [2 3 23] [1 2 23] [] [] [] [] [] [] [] [] [] [] [] [] [] [] [] [] [] [] [] [] [] [] [] [] [] [] [] [] [] [] [] [] [] [] [] [] [] [] [] [] [] [] [] [] [] [] [] [] [] [] [] [] [] [] [] [] [] [] [] [] [] [] [] [] [] [] [] [] [] [] [] [] [] [] [] [] [] [] [] [] [] [] [] [] [] [] [] [] [] [] [] [] [] [] [] [] [] [] [] [] [] [] [] [] [] [] [] [] [] [] [] []
10 [2 6 10 37] [1 3 4 5 7 9 11 18] [1 3 4 5 8 9 11 19 23] [1 3 4 5 8 9 11 19 23 52] [1 3 4 5 8 9 11 14 16 18 23 25 26 49] [1 3 4 5] [1 3 4 7 8 11 13 18 19 27 59] [1 11 18] [1 3 4 5 8 9 19 23] [1 3 4 5 9 11 13 19 23 25] [1 3 4 5 9 11 18 25] [1 3 18 50] [1] [1 3 4 5 8 9 11 18] [1 3 4 8 9 14 16 19 23] [1 3 4 5 8 9 19 23 25] [1 3 4 8] [1 3 4 5 9 11 18 19 25] [1 3 4 9 19] [1 3 4 8 18 19] [1 3 4 5 8 9] [1 3 4 5 8 9 19] [1 3 4 5 8] [1 3 4 5 9] [1 3 4 5 9 19 23] [1 3 4 8 9 19 23] [1 3 4 5 9 11] [1 3 4 8 19] [1 3 4 5 9 11 13 19 23] [1 3 4 5 8 9 11 18 19 25] [1 3 4 9] [1 3 4 5 8 9 11 13 19 23 25] [1 3 4 5 7 8 9 11 13 14 16 25] [1 3 4 5 8 9 16 18] [1 3 4 5 8 25] [1 3 4 5 8 14 16] [1 3 4 5 8 9 19 23 52] [1 3 4 5 9 11 19 23] [1 3 4] [1 3 4 5 8 9 11 14 19 23] [1 3 4 5 9 11 19 23 25] [1 3 4 9 19 23] [1 3 4 8 16 25] [1 3 4 7 8 16 19 25] [1 3 4 5 8 9 11] [1 3 4 5 8 18] [1 3 4 5 7 8 19 23 25] [1 3 4 7 8 9 13 19] [1 3 4 5 7 9 11] [1 3 4 5 9 11 19 23 25 52] [1 3 4 5 9 25] [1 3 4 5 8 9 11 19 23 25] [1 3 4 5 8 9 11 14 18 19 23 25] [1 3 4 5 19] [1 3 4 5 8 11 18 25] [1 3 4 5 8 9 18 19 23 25 26 49] [1 3 4 5 9 19] [1 3 4 5 7 18 19] [1 3 4 8 9 14 16 18 19 23] [1 3 4 8 14 18 25 26] [1 3 4 5 8 9 11 13 19 23 25 52 56] [1 3 4 5 7 8 9 11] [1 3 4 5 8 9 11 19] [1 3 4 7 18] [1 3 4 8 9 16 19] [1 3 4 5 8 9 16 25] [1 3 4 8 9 19 25] [1 3 4 5 8 9 14 16] [1 3 4 5 8 9 11 13 18 19 25] [1 3 4 8 9 16 19 23] [1 3 4 5 7 9 11 18 19 23] [1 3 4 5 7 8 9 18] [1 3 4 8 9 18 19 25 26] [1 3 4 5 7 9 19 23] [1 3 4 5 7 9] [1 3 4 5 8 16 25] [1 3 4 5 8 9 11 18 19 23] [1 3 4 8 9 18 19 23 25 26] [1 3 4 5 8 9 11 16 18 19 23 25 52] [1 3 4 8 14 16] [1 3 4 5 7 8 9 19 23] [1 3 4 5 8 9 11 18 25] [1 3 4 5 8 9 11 13 18 19 23 25 52 56] [1 3 4 5 9 18 19] [1 3 4 5 7 8 9] [1 3 4 8 9 19] [1 3 4 5 9 11 13 19] [1 3 4 19] [1 3 4 5 8 9 11 14 16] [1 3 4 5 8 9 18 19 23 25 26] [1 3 4 5 9 18 19 23 52] [1 3 4 5 8 9 19 23 25 52] [1 3 4 5 8 9 11 13 19 23 25 52] [1 3 4 7 8 16 18] [1 3 4 5 8 9 11 19 25] [1 3 4 7 9] [1 3 4 5 8 19] [1 3 4 5 9 11 19] [1 3 4 19 23] [1 3 4 5 9 11 13 19 23 25 52] [1 3 4 5 8 9 14 25] [1 3 4 5 18] [1 3 4 5 8 9 14 16 18] [1 3 4 5 8 11] [1 3 4 9 19 25] [1 3 4 5 8 9 11 13 14 18 19 23 25] [1 3 4 8 9 18] [1 3 4 5 8 16] [1 3 4 5 8 9 14 16 19 23] [1 3 4 5 9 11 13 19 23 25 28 52 56] [1 3 4 5 8 9 11 18 19 23 25] [1 3 4 5 8 9 18 19 23 25] [1 3 4 8 9] [1 3] [1 3 4 5 8 9 11 14 19 23 25] [1 3 4 5 7 8 9 11 19 23 52] [1 3 4 18 25] [1 3 4 8 9 16] [1 3 4 5 9 18] [1 3 4 5 8 14 16 25] [1 3 4 8 9 19 23 52] [1 18] [1 3 4 5 8 9 11 14 16 18 19 23 25] [1 3 4 5 8 9 14] [1 3 4 5 8 9 11 18 19 23 25 52] [1 3 4 5 8 9 11 13] [1 3 59] [1 3 4 5 8 9 18 19 23] [1 3 4 5 9 11 13] [1 3 4 5 7 8 9 11 14 16 19 25] [1 3 4 5 8 19 23] [1 3 4 5 8 9 11 13 16 19 23 25 52] [1 3 4 8 9 18 25] [1 3 4 7 8 9 14 16 18] [1 3 4 5 8 9 11 13 16 19 23] [1 3 4 5 9 11 13 18 19 23 25] [1 3 4 5 8 9 18] [1 3 4 5 7 8 9 11 13 18 19 23 25] [1 3 4 5 8 9 11 18 19 23 25 26] [1 3 4 5 8 9 14 16 18 25 55] [1 3 4 5 7 8 9 11 13 14 18] [1 3 4 5 8 9 11 13 14 16 19 23 25] [1 3 4 5 9 11 13 18 19 23 25 28 30 52] [1 3 4 5 8 9 11 13 16 18 19 23] [1 3 4 5 8 9 11 19 23 25 52] [1 3 4 8 9 14 16 18 25] [1 3 4 5 8 9 11 13 16 18 19 23 25 52] [1 3 4 8 9 16 18 25] [1 3 4 5 8 9 14 16 18 25] [1 3 4 7 25] [1 3 4 7 9 19 23 52] [1 3 4 5 8 9 11 14 16 19] [1 3 4 19 25] [1 3 4 5 8 9 14 16 19] [1 3 4 5 8 9 18 19] [1 3 4 9 11 18] [1 3 4 5 7 11 18] [1 3 4 8 9 16 19 23 25] [1 3 4 8 9 18 19 23 25 52] [1 3 4 5 8 9 11 16 18 19 23] [1 3 4 5 8 9 16] [1 3 4 8 16 18 25] [1 3 4 5 8 9 11 16 18 19 23 25 26 52 55] [1 3 4 5 8 14 16 19] [1 3 4 5 8 9 11 13 19] [1 3 4 5 8 9 11 13 14 18 19 23 25 28 30] [1 3 11] [1 13] [1 59] [1 3 4 7 8 9 18] [1 3 4 5 8 9 11 19 23 25 52 56] [1 3 4 5 8 9 11 13 14 16 19 23] [1 3 4 5 8 9 14 16 18 19 23 52] [1 3 53] [1 3 4 18] [1 3 4 5 8 9 11 14 16 19 23 25 55] [1 3 4 8 19 23] [1 3 4 5 7 8 9 11 13 18 19 23 25 26] [1 3 4 5 8 9 11 14 16 25] [1 3 4 5 8 9 18 23 25 26] [1 3 4 8 25] [1 3 4 5 9 19 23 25 52] [1 3 4 5 8 9 11 13 18 19 23 25] [1 3 4 8 9 14 18] [1 3 4 8 9 14 19 23] [1 3 4 5 8 18 19 23] [1 3 25] [3 4 19] [1 3 4 7 8 9 11 14 16 19] [3 4 19 23] [1 3 4 5 8 9 11 13 18 25] [1 3 4 23] [] [] [] [] [] [] [] [] [] [] [] [] [] [] [] [] [] [] [] [] [] [] [] [] [] [] [] [] [] [] [] [] [] [] [] [] [] [] [] [] [] []
11 [36 60] [1 2 3 4 6 19 23 52] [1 2 3 4 5 6 16 18 23 25 26 49] [1 2 3 4] [1 2 3 4 7 18 19 27] [1 6 18] [1 2 3 4 19 23] [1 2 3 4 5 6 9 19 23 25] [1 2 3 4 5 18 25] [1 2 10 50] [1] [1 2 3 4 5 18] [1 2 3 4 5 6 19 23 52] [1 2 3 4 6 16 19 23] [1 2 3 4 19 23 25] [1 2 3 4 5 6 19 25] [1 2 3 4 5 6 19 23] [1 2 3 4 19] [1 2 3 4 18 19] [1 2 3 4 5] [1 2 3 4 5 19] [1 2 3 4 5 6] [1 2 3 4 6 19 23] [1 2 3 4 5 6 9 19 23] [1 2 3 4 5 6 18 19 25] [1 2 3 4 5 6 16 25] [1 2 3 4 5 16] [1 2 3 4 25] [1 2 3 4 6 16] [1 2 3 4 19 23 52] [1 2 3] [1 2 3 4 6 19 23 25] [1 2 3 4 16 25] [1 2 3 4 16 19 25] [1 2 3 4 6] [1 2 3 4 18] [1 2 3 4 6 19 23 25 52] [1 2 3 4 5 25] [1 2 3 4 5 6 19 23 25] [1 2 3 4 6 18 19 23 25] [1 2 3 4 18 25] [1 2 3 4 18 19 23 25 26 49] [1 2 3 4 6 16 18 19 23] [1 2 3 4 6 18 25 26] [1 2 3 4 5 6 9 19 23 25 52 56] [1 2 3 4 6 19] [1 2 3 4 16 19] [1 2 3 4 5 16 25] [1 2 3 4 19 25] [1 2 3 4 5 6 16] [1 2 3 4 5 6 9 18 19 25] [1 2 3 4 16 19 23] [1 2 3 4 5 6 18 19 23] [1 2 3 4 18 19 25 26] [1 2 3 4 18 19 23 25 26] [1 2 3 4 5 6 10 18 19 23 25 52] [1 2 3 4 5 19 23] [1 2 3 4 5 6 9 18 19 23 25 52 56] [1 2 3 4 5 6 9 19] [1 2 3 19] [1 2 3 4 18 19 23 52] [1 2 3 4 19 23 25 52] [1 2 3 4 5 6 18] [1 2 3 4 5 6 9 19 23 25 52] [1 2 3 4 16] [1 2 3 4 6 19 25] [1 2 3 4 5 6 25] [1 2 3 4 5 6 16 18] [1 2 3 4 5 6 9 18 19 23 25] [1 2 3 4 5 6 16 19 23] [1 2 3 4 5 6 9 19 23 25 28 52 56] [1 2 3 4 18 19 23 25] [1 2] [1 10] [1 2 3 4 5 6 16 18 19 23 25] [1 2 3 4 5 6 18 19 23 25 52] [1 2 3 4 5 6 9] [1 2 59] [1 2 3 4 6 18 19 23] [1 2 3 4 5 6 7 8 19 25] [1 2 3 4 5 6 9 16 19 23 25 52] [1 2 3 4 6 18 25] [1 2 3 4 5 6 9 16 19 23] [1 2 3 4 5 6 7 9 18 19 23 25] [1 2 3 4 6 18 19 23 25 26] [1 2 3 4 6 8 16 18 25 55] [1 2 3 4 5 6 9 11 18] [1 2 3 4 5 6 9 16 19 23 25] [1 2 3 4 5 6 9 11 19 23 25 28 30 52] [1 2 3 4 5 6 9 16 18 19 23] [1 2 3 4 5 6 19 23 25 52] [1 2 3 4 6 16 18 25] [1 2 3 4 5 6 9 16 18 19 23 25 52] [1 2 3 4 16 18 25] [1 2 3 4 5 6 16 18 25] [1 2 3 4 6 10 19] [1 2 3 4 6 16 19] [1 2 3 4 5 18 19] [1 2 3 4 16 19 23 25] [1 2 3 4 18 19 23 25 52] [1 2 3 4 6 10 18 19 23] [1 2 3 4 6 16 18 19 23 25 26 52 55] [1 2 3 4 5 6 9 11 19 23 25 28 30] [1 2 6] [1 2 3 4 6 8 16 18 25] [1 59] [1 2 3 4 5 6 19 23 25 52 56] [1 2 3 4 6 16 18 19 23 52] [1 2 53] [1 2 3 4 6 8 16 19 23 25 55] [1 2 3 4 5 6 9 18 19 23 25 26] [1 2 3 4 5 18 23 25 26] [1 2 4] [1 2 3 4 6 18] [1 2 3 4 18 19 23] [1 2 25] [2 19] [1 2 3 4 6 7 16 19] [2 19 23] [1 2 3 4 5 6 9 18 25] [2 3 19 23] [1 2 3 4 5 6 19] [1 2 23] [1 2 3 4 5 19 23 25] [] [] [] [] [] [] [] [] [] [] [] [] [] [] [] [] [] [] [] [] [] [] [] [] [] [] [] [] [] [] [] [] [] [] [] [] [] [] [] [] [] [] [] [] [] [] [] [] [] [] [] [] [] [] [] [] [] [] [] [] [] [] [] [] [] [] [] [] [] [] [] [] [] [] [] [] [] [] [] [] [] [] [] [] [] [] [] [] [] [] [] [] [] [] [] [] [] [] [] [] [] [] [] [] [] [] [] [] [] []
12 [8 33 43] [1 2 3 4 5 6 16 18 23 25 26 49] [1 2 3 4] [1 2 3 4 7 18 19 27] [1 6 18] [1 2 3 4 19 23] [1 2 3 4 5 6 9 19 23 25] [1 2 3 4 5 18 25] [1 2 10 50] [1] [1 2 3 4 5 18] [1 2 3 4 5 6 19 23 52] [1 2 3 4 6 16 19 23] [1 2 3 4 19 23 25] [1 2 3 4 5 6 19 25] [1 2 3 4 5 6 19 23] [1 2 3 4 19] [1 2 3 4 18 19] [1 2 3 4 5] [1 2 3 4 5 19] [1 2 3 4 5 6] [1 2 3 4 6 19 23] [1 2 3 4 5 6 9 19 23] [1 2 3 4 5 6 18 19 25] [1 2 3 4 5 6 16 25] [1 2 3 4 5 16] [1 2 3 4 25] [1 2 3 4 6 16] [1 2 3 4 19 23 52] [1 2 3] [1 2 3 4 6 19 23 25] [1 2 3 4 16 25] [1 2 3 4 16 19 25] [1 2 3 4 6] [1 2 3 4 18] [1 2 3 4 6 19 23 25 52] [1 2 3 4 5 25] [1 2 3 4 5 6 19 23 25] [1 2 3 4 6 18 19 23 25] [1 2 3 4 18 25] [1 2 3 4 18 19 23 25 26 49] [1 2 3 4 6 16 18 19 23] [1 2 3 4 6 18 25 26] [1 2 3 4 5 6 9 19 23 25 52 56] [1 2 3 4 6 19] [1 2 3 4 16 19] [1 2 3 4 5 16 25] [1 2 3 4 19 25] [1 2 3 4 5 6 16] [1 2 3 4 5 6 9 18 19 25] [1 2 3 4 16 19 23] [1 2 3 4 5 6 18 19 23] [1 2 3 4 18 19 25 26] [1 2 3 4 18 19 23 25 26] [1 2 3 4 5 6 10 18 19 23 25 52] [1 2 3 4 5 19 23] [1 2 3 4 5 6 9 18 19 23 25 52 56] [1 2 3 4 5 6 9 19] [1 2 3 19] [1 2 3 4 18 19 23 52] [1 2 3 4 19 23 25 52] [1 2 3 4 5 6 18] [1 2 3 4 5 6 9 19 23 25 52] [1 2 3 4 16] [1 2 3 4 6 19 25] [1 2 3 4 5 6 25] [1 2 3 4 5 6 16 18] [1 2 3 4 5 6 9 18 19 23 25] [1 2 3 4 5 6 16 19 23] [1 2 3 4 5 6 9 19 23 25 28 52 56] [1 2 3 4 18 19 23 25] [1 2] [1 10] [1 2 3 4 5 6 16 18 19 23 25] [1 2 3 4 5 6 18 19 23 25 52] [1 2 3 4 5 6 9] [1 2 59] [1 2 3 4 6 18 19 23] [1 2 3 4 5 6 7 10 19 25] [1 2 3 4 5 6 9 16 19 23 25 52] [1 2 3 4 6 18 25] [1 2 3 4 5 6 9 16 19 23] [1 2 3 4 5 6 7 9 18 19 23 25] [1 2 3 4 6 18 19 23 25 26] [1 2 3 4 6 19 23 52] [1 2 3 4 6 10 16 18 25 55] [1 2 3 4 5 6 9 11 18] [1 2 3 4 5 6 9 16 19 23 25] [1 2 3 4 5 6 9 11 19 23 25 28 30 52] [1 2 3 4 5 6 9 16 18 19 23] [1 2 3 4 5 6 19 23 25 52] [1 2 3 4 6 16 18 25] [1 2 3 4 5 6 9 16 18 19 23 25 52] [1 2 3 4 16 18 25] [1 2 3 4 5 6 16 18 25] [1 2 3 4 6 10 19] [1 2 3 4 6 16 19] [1 2 3 4 5 18 19] [1 2 3 4 16 19 23 25] [1 2 3 4 18 19 23 25 52] [1 2 3 4 6 10 18 19 23] [1 2 3 4 6 16 18 19 23 25 26 52 55] [1 2 3 4 5 6 9 11 19 23 25 28 30] [1 2 6] [1 2 3 4 6 10 16 18 25] [1 59] [1 2 3 4 5 6 19 23 25 52 56] [1 2 3 4 6 16 18 19 23 52] [1 2 53] [1 2 3 4 6 10 16 19 23 25 55] [1 2 3 4 5 6 9 18 19 23 25 26] [1 2 3 4 5 18 23 25 26] [1 2 4] [1 2 3 4 6 18] [1 2 3 4 18 19 23] [1 2 25] [2 19] [1 2 3 4 6 7 16 19] [2 19 23] [1 2 3 4 5 6 9 18 25] [2 3 19 23] [1 2 3 4 5 6 19] [1 2 23] [1 2 3 4 5 19 23 25] [] [] [] [] [] [] [] [] [] [] [] [] [] [] [] [] [] [] [] [] [] [] [] [] [] [] [] [] [] [] [] [] [] [] [] [] [] [] [] [] [] [] [] [] [] [] [] [] [] [] [] [] [] [] [] [] [] [] [] [] [] [] [] [] [] [] [] [] [] [] [] [] [] [] [] [] [] [] [] [] [] [] [] [] [] [] [] [] [] [] [] [] [] [] [] [] [] [] [] [] [] [] [] [] [] [] [] [] [] []
13 [11 17] [1 2 3 4] [1 2 3 4 7 18 19 27] [1 6 18] [1 2 3 4 19 23] [1 2 3 4 5 6 9 19 23 25] [1 2 3 4 5 18 25] [1 2 10 50] [1] [1 2 3 4 5 18] [1 2 3 4 5 6 19 23 52] [1 2 3 4 6 16 19 23] [1 2 3 4 19 23 25] [1 2 3 4 5 6 19 25] [1 2 3 4 5 6 19 23] [1 2 3 4 19] [1 2 3 4 18 19] [1 2 3 4 5] [1 2 3 4 5 19] [1 2 3 4 5 6] [1 2 3 4 6 19 23] [1 2 3 4 5 6 9 19 23] [1 2 3 4 5 6 18 19 25] [1 2 3 4 5 6 16 25] [1 2 3 4 5 16] [1 2 3 4 25] [1 2 3 4 6 16] [1 2 3 4 19 23 52] [1 2 3] [1 2 3 4 6 19 23 25] [1 2 3 4 16 25] [1 2 3 4 16 19 25] [1 2 3 4 6] [1 2 3 4 18] [1 2 3 4 6 19 23 25 52] [1 2 3 4 5 25] [1 2 3 4 5 6 19 23 25] [1 2 3 4 6 18 19 23 25] [1 2 3 4 18 25] [1 2 3 4 18 19 23 25 26 49] [1 2 3 4 6 16 18 19 23] [1 2 3 4 6 18 25 26] [1 2 3 4 5 6 9 19 23 25 52 56] [1 2 3 4 6 19] [1 2 3 4 16 19] [1 2 3 4 5 16 25] [1 2 3 4 19 25] [1 2 3 4 5 6 16] [1 2 3 4 5 6 9 18 19 25] [1 2 3 4 16 19 23] [1 2 3 4 5 6 18 19 23] [1 2 3 4 18 19 25 26] [1 2 3 4 18 19 23 25 26] [1 2 3 4 5 6 10 18 19 23 25 52] [1 2 3 4 5 19 23] [1 2 3 4 5 6 9 18 19 23 25 52 56] [1 2 3 4 5 6 9 19] [1 2 3 19] [1 2 3 4 18 19 23 52] [1 2 3 4 19 23 25 52] [1 2 3 4 5 6 18] [1 2 3 4 5 6 9 19 23 25 52] [1 2 3 4 16] [1 2 3 4 6 19 25] [1 2 3 4 5 6 25] [1 2 3 4 5 6 16 18] [1 2 3 4 5 6 9 18 19 23 25] [1 2 3 4 5 6 16 19 23] [1 2 3 4 5 6 9 19 23 25 28 52 56] [1 2 3 4 18 19 23 25] [1 2] [1 10] [1 2 3 4 5 6 16 18 19 23 25] [1 2 3 4 5 6 18 19 23 25 52] [1 2 3 4 5 6 9] [1 2 59] [1 2 3 4 6 18 19 23] [1 2 3 4 5 6 7 8 19 25] [1 2 3 4 5 6 9 16 19 23 25 52] [1 2 3 4 6 18 25] [1 2 3 4 5 6 9 16 19 23] [1 2 3 4 5 6 7 9 18 19 23 25] [1 2 3 4 6 18 19 23 25 26] [1 2 3 4 6 19 23 52] [1 2 3 4 6 8 16 18 25 55] [1 2 3 4 5 6 9 13 18] [1 2 3 4 5 6 9 16 19 23 25] [1 2 3 4 5 6 9 13 19 23 25 28 30 52] [1 2 3 4 5 6 9 16 18 19 23] [1 2 3 4 5 6 19 23 25 52] [1 2 3 4 6 16 18 25] [1 2 3 4 5 6 9 16 18 19 23 25 52] [1 2 3 4 16 18 25] [1 2 3 4 5 6 16 18 25] [1 2 3 4 6 10 19] [1 2 3 4 6 16 19] [1 2 3 4 5 18 19] [1 2 3 4 16 19 23 25] [1 2 3 4 18 19 23 25 52] [1 2 3 4 6 10 18 19 23] [1 2 3 4 6 16 18 19 23 25 26 52 55] [1 2 3 4 5 6 9 13 19 23 25 28 30] [1 2 6] [1 2 3 4 6 8 16 18 25] [1 59] [1 2 3 4 5 6 19 23 25 52 56] [1 2 3 4 6 16 18 19 23 52] [1 2 53] [1 2 3 4 6 8 16 19 23 25 55] [1 2 3 4 5 6 9 18 19 23 25 26] [1 2 3 4 5 18 23 25 26] [1 2 4] [1 2 3 4 6 18] [1 2 3 4 18 19 23] [1 2 25] [2 19] [1 2 3 4 6 7 16 19] [2 19 23] [1 2 3 4 5 6 9 18 25] [2 3 19 23] [1 2 3 4 5 6 19] [1 2 23] [1 2 3 4 5 19 23 25] [] [] [] [] [] [] [] [] [] [] [] [] [] [] [] [] [] [] [] [] [] [] [] [] [] [] [] [] [] [] [] [] [] [] [] [] [] [] [] [] [] [] [] [] [] [] [] [] [] [] [] [] [] [] [] [] [] [] [] [] [] [] [] [] [] [] [] [] [] [] [] [] [] [] [] [] [] [] [] [] [] [] [] [] [] [] [] [] [] [] [] [] [] [] [] [] [] [] [] [] [] [] [] [] [] [] [] [] [] [] []
14 [5 7 52] [1 2 3 4 10 18 19 27] [1 2 3 4 19 23] [1 2 3 4 6 9 19 23 25] [1 2 3 4] [1 2 3 4 6 18 25] [1 2 3 4 6 18] [1 2 3 4 6 19 23 56] [1 2 3 4 6 16 19 23] [1 2 3 4 19 23 25] [1 2 3 4 6 19 25] [1 2 3 4 6 19 23] [1 2 3 4 19] [1 2 3 4 18 19] [1 2 3 4 6] [1 2 3 4 6 19] [1 2 3 4 6 9 19 23] [1 2 3 4 6 18 19 25] [1 2 3 4 6 16 25] [1 2 3 4 6 16] [1 2 3 4 25] [1 2 3 4 19 23 56] [1 2 3] [1 2 3 4 6 19 23 25] [1 2 3 4 16 25] [1 2 3 4 16 19 25] [1 2 3 4 18] [1 2 3 4 6 19 23 25 56] [1 2 3 4 6 25] [1 2 3 4 6 18 19 23 25] [1 2 3 4 18 25] [1 2 3 4 18 19 23 25 26 49] [1 2 3 4 6 16 18 19 23] [1 2 3 4 6 18 25 26] [1 2 3 4 16 19] [1 2 3 4 19 25] [1 2 3 4 6 9 18 19 25] [1 2 3 4 16 19 23] [1 2 3 4 6 18 19 23] [1 2 3 4 18 19 25 26] [1 2 3 4 18 19 23 25 26] [1 2 3 4 6 10 18 19 23 25 56] [1 2 3 4 6 9 19] [1 2 3 19] [1 2 3 4 18 19 23 56] [1 2 3 4 19 23 25 56] [1 2 3 4 6 9 19 23 25 56] [1 2 3 4 16] [1 2 3 4 6 16 18] [1 2 3 4 6 9 18 19 23 25] [1 2 3 4 18 19 23 25] [1 2] [1] [1 10] [1 2 3 4 6 16 18 19 23 25] [1 2 3 4 6 18 19 23 25 56] [1 2 3 4 6 9] [1 2 59] [1 2 3 4 6 9 18] [1 2 3 4 6 8 10 19 25] [1 2 3 4 6 9 16 19 23 25 56] [1 2 3 4 6 9 16 19 23] [1 2 3 4 6 9 10 18 19 23 25] [1 2 3 4 6 18 19 23 25 26] [1 2 3 4 6 8 16 18 25 55] [1 2 3 4 6 9 11 18] [1 2 3 4 6 9 16 19 23 25] [1 2 3 4 6 9 11 19 23 25 28 30 56] [1 2 3 4 6 9 16 18 19 23] [1 2 3 4 6 9 19 23 56] [1 2 3 4 6 16 18 25] [1 2 3 4 6 9 16 18 19 23 25 56] [1 2 3 4 16 18 25] [1 2 3 4 6 10 19] [1 2 3 4 6 16 19] [1 2 3 4 6 18 19] [1 2 3 4 16 19 23 25] [1 2 3 4 18 19 23 25 56] [1 2 3 4 6 10 18 19 23] [1 2 3 4 6 16 18 19 23 25 26 55 56] [1 2 3 4 6 9 11 19 23 25 28 30] [1 6 18] [1 2 6] [1 2 3 4 6 8 16 18 25] [1 59] [1 2 3 4 6 16 18 19 23 56] [1 2 53] [1 2 3 4 6 8 16 19 23 25 55] [1 2 3 4 6 9 18 19 23 25 26] [1 2 3 4 6 18 23 25 26] [1 2 4] [1 2 3 4 18 19 23] [1 2 25] [2 19] [1 2 3 4 6 10 16 19] [2 19 23] [1 2 3 4 6 9 18 25] [2 3 19 23] [1 2 23] [] [] [] [] [] [] [] [] [] [] [] [] [] [] [] [] [] [] [] [] [] [] [] [] [] [] [] [] [] [] [] [] [] [] [] [] [] [] [] [] [] [] [] [] [] [] [] [] [] [] [] [] [] [] [] [] [] [] [] [] [] [] [] [] [] [] [] [] [] [] [] [] [] [] [] [] [] [] [] [] [] [] [] [] [] [] [] [] [] [] [] [] [] [] [] [] [] [] [] [] [] [] [] [] [] [] [] [] [] [] [] [] [] [] [] [] [] [] [] [] [] [] [] [] [] [] [] [] [] [] [] [] [] [] []
15 [1 47] [2 3 4 6 7 10 13 18 19 27 59] [2 3 4 6 19 23] [2 3 4 5 6 9 10 19 23 25] [2 3 4 16] [2 3 4 5 10 18 25 28] [2 3 4 5 6 10 18 23] [2 3 4 5 6 16 19 23 25 52] [2 3 4 6 8 16 18 19 23] [2 3 4 6 16 18 19 23 25 26] [2 3 4 6] [2 3 4 5 6 18 19 25 26] [2 3 4 5 6 19 23] [2 3 4 19 25] [2 3 4 6 18 19 25] [2 3 4 5 6 16 25] [2 3 4 5 6 19 25] [2 3 4 5 6 16 18 19 23] [2 3 4 5 16 18] [2 3 4 18 19 23] [2 3 4 6 18 19 23] [2 3 4 5 6] [2 3 4 6 10 18 19 23] [2 3 4 6 16 18 19] [2 3 4 5 6 18 25] [2 3 4 5 6 9 18 19 23] [2 3 4] [2 3 4 5 6 9 19 23 25] [2 3 4 5 6 7 8 13 16 18 25 55] [2 3 4 5 6 16 18] [2 3 4 6 16 25 55] [2 3 4 6 8 16 18 25] [2 3 4 6 18 19 23 52] [2 3 4 6 16 19 23] [2 3 18] [2 3 4 5 6 8 19 23] [2 3 4 6 19 23 25] [2 3 4 19 23] [2 3 4 6 16 18 25 26] [2 3 4 6 7 16 18 19 25 55] [2 3 4 6 18 25] [2 3 4 5 18 25] [2 3 4 6 16 18 23 25] [2 3 4 5 6 7 16 18 19 23 25 26] [2 3 4 6 7 13 16 19] [2 3 4 5 6 7] [2 3 4 16 25] [2 3 4 6 16 19 23 25 52] [2 3 4 5] [2 3 4 5 16 25 55] [2 3 4 5 6 16 19 23 25 55] [2 3 4 5 6 16 18 25 55] [2 3 4 6 8 16 18 19 23 25] [2 3 4 6 10 18 25 26] [2 3 4 5 19] [2 3 4 6 10 18] [2 3 4 5 7 18 19 23] [2 3 4 6 18 19] [2 3 4 5 16 18 19 25] [2 3 4 6 8 16 18 23 25 26 49] [2 3 4 5 6 9 19 23 25 52 56] [2 3 4 6 7 16] [2 3 4 6 19] [2 3 4 7 18] [2 3 4 6 16 19 25 55] [2 3 4 5 6 8 16 18] [2 3 4 5 6 9 10 18 19 23 25 26] [2 3 4 6 16 18 19 23] [2 3 4 5 6 7 16 18 19 23 25] [2 3 4 19] [2 3 4 6 18 23] [2 3 4 5 6 7 18 23 25] [2 3 4 6 16 18 19 23 25 26 49 55] [2 3 4 16 19 25] [2 3 4 5 6 18] [2 3 4 7 18 19 23 25] [2 3 4 5 7] [2 3 4 5 6 16 18 25 26 55] [2 3 4 6 16 18 19 23 25 26 49] [2 3 4 5 6 10 11 18 19 23 25 26 52] [2 3 4 6 8 16 18] [2 3 4 5 6 7 19 23] [2 3 4 5 6 7 18] [2 3 4 5 6 10 18 25 28] [2 3 4 5 6 9 18 19 23 25 52 56] [2 3 4 6 7 18] [2 3 4 18] [2 3 4 5 18 19 25] [2 3 4 5 6 9 19] [2 3 4 18 19] [2 3 4 5 6 8 10 16 18 25] [2 3 4 5 6 18 19 23 25] [2 3 4 5 25] [2 3 4 6 18 19 23 25 26 49] [2 3 4 6 18 19 23 25] [2 3 4 18 19 23 25 52] [2 3 4 6 16 19 23 25 52 55] [2 3 4 5 6 18 23 25] [2 3 4 5 6 9 16 19 23] [2 3 4 5 6 9 19 23 25 52] [2 3 4 6 7 16 18 25] [2 3 4 6 18 19 25 26] [2 3 4 7] [2 3 4 5 6 19 23 52] [2 3 4 16 18] [2 3 4 5 6 16 19] [2 3 4 18 19 23 25] [2 3 4 5 6 18 19 23] [2 3 4 6 16 18 19 23 25] [2 3 4 5 6 9 10 16 18 19 23 25 52] [2 3 4 5 6 8 16 18 25 26] [2 3 4 5 18] [2 3 4 5 6 8 16 18 25] [2 3 4 5 6 16] [2 3 4 16 18 19 25 55] [2 3 4 5 6 8 9 16 18 19 23 25 26 55] [2 3 4 5 6 25] [2 3 4 6 16 18] [2 3 4 5 6 8 16 18 19 23 25] [2 3 4 5 6 9 18 19 23 25] [2 3 4 16 18 19 25] [2 3 4 25] [2 3 4 5 6 9 18 19 23 25 28 52 56] [2 3 4 6 25] [2 3 4 6 16 18 19 23 25 55] [2 3 4 5 6 18 19 23 25 26] [2 3 4 5 6 16 18 25] [2 3 4 6 8] [2 3] [2 18] [2 3 4 5 6 8 9 16 19 23 25] [2 3 4 5 6 8 19 23 25] [2 3 4 5 6 7 19 23 52] [2 3 4 18 25 26] [2 3 4 5 6 8 16 18 25 55] [2] [2 3 4 5 16 18 25 26] [2 3 4 6 19 23 52] [2 10] [2 3 4 5 6 8 18 25] [2 3 4 5 6 18 19] [2 3 4 5 6 18 19 23 25 52] [2 3 4 5 6 9 25] [2 3 59] [2 3 4 6 8 18 19 23 25] [2 3 16] [2 3 4 5 6 8 16 18 23] [2 3 4 5 6 9] [2 3 4 5 6 7 8 10 16 18 19 25 55] [2 3 4 5 6 9 16 18 19 23 25 52] [2 3 4 6 8 16 18 23 25 55] [2 3 4 6 7 8 16 18] [2 3 4 5 6 8 9 16 18 19 23 25] [2 3 4 5 6 9 18 19 23 25 26] [2 3 4 5 6 8 18 23 25] [2 3 4 5 6 8] [2 3 4 5 6 7 8 9 10 18 19 23 25] [2 3 4 5 6 8 9] [2 3 4 5 6 8 16 25] [2 3 4 6 8 18 19 23 25 26 49] [2 3 4 5 6 9 16 19 23 25] [2 3 4 6 18 19 23 25 52] [2 3 4 5 16 18 25 55] [2 3 4 6 8 10 16 18 23 25 55 58] [2 3 4 5 6 7 8 9 11 18 23] [2 3 4 5 6 8 9 16 18 19 23 25 55] [2 3 4 5 6 9 11 19 23 25 28 30 52] [2 3 4 16 19] [2 3 4 5 6 8 18 19 23 25 26 52] [2 3 4 5 6 8 19 23 52] [2 3 4 6 8 16 18 23 25 26] [2 3 4 16 18 19 23] [2 3 4 6 16 18 25 55] [2 3 4 5 6 8 16 18 23 25 55] [2 3 4 7 16 25 55] [2 3 4 7 16 18 19 23 25 52] [2 3 4 5 6 8 10 11 16 19] [2 3 4 6 16 18 19 23 52] [2 3 4 5 6 9 16 19 23 25 55] [2 3 4 18 19 25 26] [2 3 4 5 6 9 16] [2 3 16 25] [2 3 4 5 6 10 18 19 23 25] [2 3 4 5 6 8 16 18 19 25] [2 3 4 5 6 19 23 25] [2 3 4 10 18 25] [2 3 4 6 16] [2 3 4 5 6 7 10 16 18 25] [2 3 4 5 6 18 19 23 25 26 52] [2 3 4 5 16 25] [2 3 4 6 19 23 25 52] [2 3 4 16 19 23] [2 3 4 6 18 19 23 25 26 52] [2 3 4 5 6 10 11 18 19 23 25] [2 3 4 5 18 25 26] [2 3 4 6 16 18 25] [2 3 4 6 16 18 23 25 55] [2 3 4 5 6 16 18 19 23 25 26 49 52 55 58] [2 3 4 6 16 18 23] [2 3 4 5 6 8 16 18 19] [2 3 4 5 6 9 18 19 25] [2 3 4 5 6 8 9 11 18 19 23 25 26 28 30] [2 3 4 5 6 8 18 19 23 25] [2 6 18] [2 3 6] [2 3 4 6 8 10 16 18 23 25 55] [2 3 4 6 7 16 18] [2 3 4 5 6 19 23 25 52 56] [2 3 4 6 8 19 23] [2 3 4 5 10 18 25] [2 3 4 6 8 16 18 19 23 52] [2 3 4 53] [2 3 4 18 25] [2 3 4 5 6 9 16 18 19 23] [2 3 4 6 8 10 16 18 19 23 25 55 58] [2 3 4 5 6 16 18 19 23 25 26] [2 3 4 5 6 7 8 9 18 19 23 25 26 49] [2 3 4 5 6 8 10 16 18 25 55] [2 3 4 5 6 16 18 23 25 26 49] [2 3 4 5 18 19 23 25 26 52] [2 3 4 5 6 10 18 25] [2 3 25] [2 19] [2 3 4 5 6 18 23 25 26 49] [2 3 4 6 7 8 10 16 18 19] [2 3 4 5 6 16 19 23 25] [2 3 4 6 18 23 25 26] [2 19 23] [2 3 4 5 6 8 9 18 23 25 26] [2 3 19 23] [2 3 4 5 6 19] [2 3 4 5 6 7 18 23] [2 3 23] [2 3 4 5 6 10 16 18 19 23 25 55]
16 [7 27 35] [1 2 3 4 19 23] [1 2 3 4 5 6 9 19 23 25] [1 2 3 4] [1 2 3 4 5 18 25] [1 2 3 4 5 18] [1 2 3 4 5 6 19 23 52] [1 2 3 4 6 16 19 23] [1 2 3 4 19 23 25] [1 2 3 4 5 6 19 25] [1 2 3 4 5 6 19 23] [1 2 3 4 19] [1 2 3 4 18 19] [1 2 3 4 5] [1 2 3 4 5 19] [1 2 3 4 5 6] [1 2 3 4 6 19 23] [1 2 3 4 5 6 9 19 23] [1 2 3 4 5 6 18 19 25] [1 2 3 4 5 6 16 25] [1 2 3 4 5 16] [1 2 3 4 25] [1 2 3 4 6 16] [1 2 3 4 19 23 52] [1 2 3] [1 2 3 4 6 19 23 25] [1 2 3 4 16 25] [1 2 3 4 16 19 25] [1 2 3 4 6] [1 2 3 4 18] [1 2 3 4 6 19 23 25 52] [1 2 3 4 5 25] [1 2 3 4 5 6 19 23 25] [1 2 3 4 6 18 19 23 25] [1 2 3 4 18 25] [1 2 3 4 18 19 23 25 26 49] [1 2 3 4 6 16 18 19 23] [1 2 3 4 6 18 25 26] [1 2 3 4 5 6 9 19 23 25 52 56] [1 2 3 4 6 19] [1 2 3 4 16 19] [1 2 3 4 5 16 25] [1 2 3 4 19 25] [1 2 3 4 5 6 16] [1 2 3 4 5 6 9 18 19 25] [1 2 3 4 16 19 23] [1 2 3 4 5 6 18 19 23] [1 2 3 4 18 19 25 26] [1 2 3 4 18 19 23 25 26] [1 2 3 4 5 6 10 18 19 23 25 52] [1 2 3 4 5 19 23] [1 2 3 4 5 6 9 18 19 23 25 52 56] [1 2 3 4 5 6 9 19] [1 2 3 19] [1 2 3 4 18 19 23 52] [1 2 3 4 19 23 25 52] [1 2 3 4 5 6 18] [1 2 3 4 5 6 9 19 23 25 52] [1 2 3 4 16] [1 2 3 4 6 19 25] [1 2 3 4 5 6 25] [1 2 3 4 5 6 16 18] [1 2 3 4 5 6 9 18 19 23 25] [1 2 3 4 5 6 16 19 23] [1 2 3 4 5 6 9 19 23 25 28 52 56] [1 2 3 4 18 19 23 25] [1 2] [1] [1 10] [1 2 3 4 5 6 16 18 19 23 25] [1 2 3 4 5 6 18 19 23 25 52] [1 2 3 4 5 6 9] [1 2 59] [1 2 3 4 6 18 19 23] [1 2 3 4 5 6 8 10 19 25] [1 2 3 4 5 6 9 16 19 23 25 52] [1 2 3 4 6 18 25] [1 2 3 4 5 6 9 16 19 23] [1 2 3 4 5 6 9 10 18 19 23 25] [1 2 3 4 6 18 19 23 25 26] [1 2 3 4 6 19 23 52] [1 2 3 4 6 8 16 18 25 55] [1 2 3 4 5 6 9 11 18] [1 2 3 4 5 6 9 16 19 23 25] [1 2 3 4 5 6 9 11 19 23 25 28 30 52] [1 2 3 4 5 6 9 16 18 19 23] [1 2 3 4 5 6 19 23 25 52] [1 2 3 4 6 16 18 25] [1 2 3 4 5 6 9 16 18 19 23 25 52] [1 2 3 4 16 18 25] [1 2 3 4 5 6 16 18 25] [1 2 3 4 6 10 19] [1 2 3 4 6 16 19] [1 2 3 4 5 18 19] [1 2 3 4 16 19 23 25] [1 2 3 4 18 19 23 25 52] [1 2 3 4 6 10 18 19 23] [1 2 3 4 6 16 18 19 23 25 26 52 55] [1 2 3 4 5 6 9 11 19 23 25 28 30] [1 6 18] [1 2 6] [1 2 3 4 6 8 16 18 25] [1 59] [1 2 3 4 5 6 19 23 25 52 56] [1 2 3 4 6 16 18 19 23 52] [1 2 53] [1 2 3 4 6 8 16 19 23 25 55] [1 2 3 4 5 6 9 18 19 23 25 26] [1 2 3 4 5 18 23 25 26] [1 2 4] [1 2 3 4 6 18] [1 2 3 4 18 19 23] [1 2 25] [2 19] [1 2 3 4 6 10 16 19] [2 19 23] [1 2 3 4 5 6 9 18 25] [2 3 19 23] [1 2 3 4 5 6 19] [1 2 23] [1 2 3 4 5 19 23 25] [] [] [] [] [] [] [] [] [] [] [] [] [] [] [] [] [] [] [] [] [] [] [] [] [] [] [] [] [] [] [] [] [] [] [] [] [] [] [] [] [] [] [] [] [] [] [] [] [] [] [] [] [] [] [] [] [] [] [] [] [] [] [] [] [] [] [] [] [] [] [] [] [] [] [] [] [] [] [] [] [] [] [] [] [] [] [] [] [] [] [] [] [] [] [] [] [] [] [] [] [] [] [] [] [] [] [] [] [] [] [] [] []
17 [6 24 32 51] [1 2 3 4 5 9 11 19 23 25] [1 2 3 4] [1 2 3 4 5 18] [1 2 3 4 5 9 19 23 52] [1 2 3 4 8 16 19 23] [1 2 3 4 19 23 25] [1 2 3 4 5 9 19 25] [1 2 3 4 5 9 19 23] [1 2 3 4 19] [1 2 3 4 18 19] [1 2 3 4 5] [1 2 3 4 5 19] [1 2 3 4 19 23] [1 2 3 4 5 9] [1 2 3 4 9 19 23] [1 2 3 4 5 9 11 19 23] [1 2 3 4 5 9 18 19 25] [1 2 3 4 5 8 16 25] [1 2 3 4 5 16] [1 2 3 4 25] [1 2 3 4 8 16] [1 2 3 4 19 23 52] [1 2 3] [1 2 3 4 5 8 9 19 23] [1 2 3 4 9 19 23 25] [1 2 3 4 16 25] [1 2 3 4 16 19 25] [1 2 3 4 9] [1 2 3 4 18] [1 2 3 4 9 19 23 25 52] [1 2 3 4 5 25] [1 2 3 4 5 9 19 23 25] [1 2 3 4 8 9 18 19 23 25] [1 2 3 4 18 25] [1 2 3 4 18 19 23 25 26 49] [1 2 3 4 8 16 18 19 23] [1 2 3 4 8 18 25 26] [1 2 3 4 5 9 11 19 23 25 52 56] [1 2 3 4 9 19] [1 2 3 4 16 19] [1 2 3 4 5 16 25] [1 2 3 4 19 25] [1 2 3 4 5 8 16] [1 2 3 4 5 9 11 18 19 25] [1 2 3 4 16 19 23] [1 2 3 4 5 9 18 19 23] [1 2 3 4 18 19 25 26] [1 2 3 4 18 19 23 25 26] [1 2 3 4 5 9 10 18 19 23 25 52] [1 2 3 4 5 19 23] [1 2 3 4 5 18 25] [1 2 3 4 5 9 11 18 19 23 25 52 56] [1 2 3 4 5 9 11 19] [1 2 3 19] [1 2 3 4 18 19 23 52] [1 2 3 4 19 23 25 52] [1 2 3 4 5 9 18] [1 2 3 4 5 9 11 19 23 25 52] [1 2 3 4 16] [1 2 3 4 9 19 25] [1 2 3 4 5 8 25] [1 2 3 4 5 8 16 18] [1 2 3 4 5 8 9 11 18 19 23 25] [1 2 3 4 5 8 16 19 23] [1 2 3 4 5 9 11 19 23 25 28 52 56] [1 2 3 4 5 8 9 16] [1 2 3 4 9 18 19 23 25] [1 2 3 4 18 19 23 25] [1 2 3 4 8] [1 2] [1] [1 2 3 4 5 8 9 11 19 23 25] [1 2 3 4 5 8 9 19 23 25] [1 10] [1 2 3 4 5 8 9 16 18 19 23 25] [1 2 3 4 5 8] [1 2 3 4 5 9 18 19 23 25 52] [1 2 3 4 5 9 11] [1 2 59] [1 2 3 4 8 18 19 23] [1 2 3 4 5 8 9 18] [1 2 3 4 5 7 8 10 19 25] [1 2 3 4 5 9 11 16 19 23 25 52] [1 2 3 4 8 18 25] [1 2 3 4 5 8 9 11 16 19 23] [1 2 3 4 8 9 18 19 23] [1 2 3 4 5 9 11 18 19 23 25] [1 2 3 4 5 8 18] [1 2 3 4 5 8 9] [1 2 3 4 5 7 8 9 11 18 19 23 25] [1 2 3 4 5 8 9 11] [1 2 3 4 8 9 18 19 23 25 26] [1 2 3 4 9 19 23 52] [1 2 3 4 8 10 16 18 25 55] [1 2 3 4 5 8 9 11 13 18] [1 2 3 4 5 8 9 11 16 19 23 25] [1 2 3 4 5 9 11 13 19 23 25 28 30 52] [1 2 3 4 5 8 9 11 16 18 19 23] [1 2 3 4 5 8 9 19 23 25 52] [1 2 3 4 5 8 9 19 23 52] [1 2 3 4 8 16 18 25] [1 2 3 4 5 9 11 16 18 19 23 25 52] [1 2 3 4 16 18 25] [1 2 3 4 5 8 16 18 25] [1 2 3 4 8 10 19] [1 2 3 4 8 16 19] [1 2 3 4 5 18 19] [1 2 3 4 16 19 23 25] [1 2 3 4 5 9 19 23 25 52] [1 2 3 4 18 19 23 25 52] [1 2 3 4 9 10 18 19 23] [1 2 3 4 9 16 18 19 23 25 26 52 55] [1 2 3 4 5 8 9 11 13 19 23 25 28 30] [1 10 18] [1 2 10] [1 2 3 4 8 10 16 18 25] [1 59] [1 2 3 4 5 9 19 23 25 52 56] [1 2 3 4 8 19 23] [1 2 3 4 8 16 18 19 23 52] [1 2 53] [1 2 3 4 5 9 11 16 19 23] [1 2 3 4 8 9 10 16 19 23 25 55] [1 2 3 4 5 8 9 11 18 19 23 25 26] [1 2 3 4 5 18 23 25 26] [1 2 4] [1 2 3 4 8 18] [1 2 3 4 18 19 23] [1 2 25] [2 19] [1 2 3 4 7 8 16 19] [2 19 23] [1 2 3 4 5 8 9 11 18 25] [2 3 19 23] [1 2 3 4 5 9 19] [1 2 23] [1 2 3 4 5 19 23 25] [] [] [] [] [] [] [] [] [] [] [] [] [] [] [] [] [] [] [] [] [] [] [] [] [] [] [] [] [] [] [] [] [] [] [] [] [] [] [] [] [] [] [] [] [] [] [] [] [] [] [] [] [] [] [] [] [] [] [] [] [] [] [] [] [] [] [] [] [] [] [] [] [] [] [] [] [] [] [] [] [] [] [] [] [] [] [] [] [] [] [] [] [] [] [] []
18 [15 31 35] [1 2 3 4] [1 2 3 4 5 18] [1 2 3 4 5 6 19 23 52] [1 2 3 4 6 16 19 23] [1 2 3 4 19 23 25] [1 2 3 4 5 6 19 25] [1 2 3 4 5 6 19 23] [1 2 3 4 19] [1 2 3 4 18 19] [1 2 3 4 5] [1 2 3 4 5 19] [1 2 3 4 19 23] [1 2 3 4 5 6] [1 2 3 4 6 19 23] [1 2 3 4 5 6 9 19 23] [1 2 3 4 5 6 18 19 25] [1 2 3 4 5 6 9 19 23 25] [1 2 3 4 5 6 16 25] [1 2 3 4 5 16] [1 2 3 4 25] [1 2 3 4 6 16] [1 2 3 4 19 23 52] [1 2 3] [1 2 3 4 6 19 23 25] [1 2 3 4 16 25] [1 2 3 4 16 19 25] [1 2 3 4 6] [1 2 3 4 18] [1 2 3 4 6 19 23 25 52] [1 2 3 4 5 25] [1 2 3 4 5 6 19 23 25] [1 2 3 4 6 18 19 23 25] [1 2 3 4 18 25] [1 2 3 4 18 19 23 25 26 49] [1 2 3 4 6 16 18 19 23] [1 2 3 4 6 18 25 26] [1 2 3 4 5 6 9 19 23 25 52 56] [1 2 3 4 6 19] [1 2 3 4 16 19] [1 2 3 4 5 16 25] [1 2 3 4 19 25] [1 2 3 4 5 6 16] [1 2 3 4 5 6 9 18 19 25] [1 2 3 4 16 19 23] [1 2 3 4 5 6 18 19 23] [1 2 3 4 18 19 25 26] [1 2 3 4 18 19 23 25 26] [1 2 3 4 5 6 10 18 19 23 25 52] [1 2 3 4 5 19 23] [1 2 3 4 5 18 25] [1 2 3 4 5 6 9 18 19 23 25 52 56] [1 2 3 4 5 6 9 19] [1 2 3 19] [1 2 3 4 18 19 23 52] [1 2 3 4 19 23 25 52] [1 2 3 4 5 6 18] [1 2 3 4 5 6 9 19 23 25 52] [1 2 3 4 16] [1 2 3 4 6 19 25] [1 2 3 4 5 6 25] [1 2 3 4 5 6 16 18] [1 2 3 4 5 6 9 18 19 23 25] [1 2 3 4 5 6 16 19 23] [1 2 3 4 5 6 9 19 23 25 28 52 56] [1 2 3 4 18 19 23 25] [1 2] [1] [1 10] [1 2 3 4 5 6 16 18 19 23 25] [1 2 3 4 5 6 18 19 23 25 52] [1 2 3 4 5 6 9] [1 2 59] [1 2 3 4 6 18 19 23] [1 2 3 4 5 6 7 8 19 25] [1 2 3 4 5 6 9 16 19 23 25 52] [1 2 3 4 6 18 25] [1 2 3 4 5 6 9 16 19 23] [1 2 3 4 5 6 7 9 18 19 23 25] [1 2 3 4 6 18 19 23 25 26] [1 2 3 4 6 19 23 52] [1 2 3 4 6 8 16 18 25 55] [1 2 3 4 5 6 9 11 18] [1 2 3 4 5 6 9 16 19 23 25] [1 2 3 4 5 6 9 11 19 23 25 28 30 52] [1 2 3 4 5 6 9 16 18 19 23] [1 2 3 4 5 6 19 23 25 52] [1 2 3 4 6 16 18 25] [1 2 3 4 5 6 9 16 18 19 23 25 52] [1 2 3 4 16 18 25] [1 2 3 4 5 6 16 18 25] [1 2 3 4 6 10 19] [1 2 3 4 6 16 19] [1 2 3 4 5 18 19] [1 2 3 4 16 19 23 25] [1 2 3 4 18 19 23 25 52] [1 2 3 4 6 10 18 19 23] [1 2 3 4 6 16 18 19 23 25 26 52 55] [1 2 3 4 5 6 9 11 19 23 25 28 30] [1 6 18] [1 2 6] [1 2 3 4 6 8 16 18 25] [1 59] [1 2 3 4 5 6 19 23 25 52 56] [1 2 3 4 6 16 18 19 23 52] [1 2 53] [1 2 3 4 6 8 16 19 23 25 55] [1 2 3 4 5 6 9 18 19 23 25 26] [1 2 3 4 5 18 23 25 26] [1 2 4] [1 2 3 4 6 18] [1 2 3 4 18 19 23] [1 2 25] [2 19] [1 2 3 4 6 7 16 19] [2 19 23] [1 2 3 4 5 6 9 18 25] [2 3 19 23] [1 2 3 4 5 6 19] [1 2 23] [1 2 3 4 5 19 23 25] [] [] [] [] [] [] [] [] [] [] [] [] [] [] [] [] [] [] [] [] [] [] [] [] [] [] [] [] [] [] [] [] [] [] [] [] [] [] [] [] [] [] [] [] [] [] [] [] [] [] [] [] [] [] [] [] [] [] [] [] [] [] [] [] [] [] [] [] [] [] [] [] [] [] [] [] [] [] [] [] [] [] [] [] [] [] [] [] [] [] [] [] [] [] [] [] [] [] [] [] [] [] [] [] [] [] [] [] [] [] [] [] []
19 [27 34 35 40 47] [1 2 3 4 5 18] [1 2 3 4 5 6 19 23 52] [1 2 3 4 6 16 19 23] [1 2 3 4 19 23 25] [1 2 3 4] [1 2 3 4 5 6 19 25] [1 2 3 4 5 6 19 23] [1 2 3 4 19] [1 2 3 4 18 19] [1 2 3 4 5] [1 2 3 4 5 19] [1 2 3 4 19 23] [1 2 3 4 5 6] [1 2 3 4 6 19 23] [1 2 3 4 5 6 9 19 23] [1 2 3 4 5 6 18 19 25] [1 2 3 4 5 6 9 19 23 25] [1 2 3 4 5 6 16 25] [1 2 3 4 5 16] [1 2 3 4 25] [1 2 3 4 6 16] [1 2 3 4 19 23 52] [1 2 3] [1 2 3 4 6 19 23 25] [1 2 3 4 16 25] [1 2 3 4 16 19 25] [1 2 3 4 6] [1 2 3 4 18] [1 2 3 4 6 19 23 25 52] [1 2 3 4 5 25] [1 2 3 4 5 6 19 23 25] [1 2 3 4 6 18 19 23 25] [1 2 3 4 18 25] [1 2 3 4 18 19 23 25 26 49] [1 2 3 4 6 16 18 19 23] [1 2 3 4 6 18 25 26] [1 2 3 4 5 6 9 19 23 25 52 56] [1 2 3 4 6 19] [1 2 3 4 16 19] [1 2 3 4 5 16 25] [1 2 3 4 19 25] [1 2 3 4 5 6 16] [1 2 3 4 5 6 9 18 19 25] [1 2 3 4 16 19 23] [1 2 3 4 5 6 18 19 23] [1 2 3 4 18 19 25 26] [1 2 3 4 18 19 23 25 26] [1 2 3 4 5 6 10 18 19 23 25 52] [1 2 3 4 5 19 23] [1 2 3 4 5 18 25] [1 2 3 4 5 6 9 18 19 23 25 52 56] [1 2 3 4 5 6 9 19] [1 2 3 19] [1 2 3 4 18 19 23 52] [1 2 3 4 19 23 25 52] [1 2 3 4 5 6 18] [1 2 3 4 5 6 9 19 23 25 52] [1 2 3 4 16] [1 2 3 4 6 19 25] [1 2 3 4 5 6 25] [1 2 3 4 5 6 16 18] [1 2 3 4 5 6 9 18 19 23 25] [1 2 3 4 5 6 16 19 23] [1 2 3 4 5 6 9 19 23 25 28 52 56] [1 2 3 4 18 19 23 25] [1 2] [1] [1 10] [1 2 3 4 5 6 16 18 19 23 25] [1 2 3 4 5 6 18 19 23 25 52] [1 2 3 4 5 6 9] [1 2 59] [1 2 3 4 6 18 19 23] [1 2 3 4 5 6 7 8 19 25] [1 2 3 4 5 6 9 16 19 23 25 52] [1 2 3 4 6 18 25] [1 2 3 4 5 6 9 16 19 23] [1 2 3 4 5 6 7 9 18 19 23 25] [1 2 3 4 6 18 19 23 25 26] [1 2 3 4 6 19 23 52] [1 2 3 4 6 8 16 18 25 55] [1 2 3 4 5 6 9 11 18] [1 2 3 4 5 6 9 16 19 23 25] [1 2 3 4 5 6 9 11 19 23 25 28 30 52] [1 2 3 4 5 6 9 16 18 19 23] [1 2 3 4 5 6 19 23 25 52] [1 2 3 4 6 16 18 25] [1 2 3 4 5 6 9 16 18 19 23 25 52] [1 2 3 4 16 18 25] [1 2 3 4 5 6 16 18 25] [1 2 3 4 6 10 19] [1 2 3 4 6 16 19] [1 2 3 4 5 18 19] [1 2 3 4 16 19 23 25] [1 2 3 4 18 19 23 25 52] [1 2 3 4 6 10 18 19 23] [1 2 3 4 6 16 18 19 23 25 26 52 55] [1 2 3 4 5 6 9 11 19 23 25 28 30] [1 6 18] [1 2 6] [1 2 3 4 6 8 16 18 25] [1 59] [1 2 3 4 5 6 19 23 25 52 56] [1 2 3 4 6 16 18 19 23 52] [1 2 53] [1 2 3 4 6 8 16 19 23 25 55] [1 2 3 4 5 6 9 18 19 23 25 26] [1 2 3 4 5 18 23 25 26] [1 2 4] [1 2 3 4 6 18] [1 2 3 4 18 19 23] [1 2 25] [2 19] [1 2 3 4 6 7 16 19] [2 19 23] [1 2 3 4 5 6 9 18 25] [2 3 19 23] [1 2 3 4 5 6 19] [1 2 23] [1 2 3 4 5 19 23 25] [] [] [] [] [] [] [] [] [] [] [] [] [] [] [] [] [] [] [] [] [] [] [] [] [] [] [] [] [] [] [] [] [] [] [] [] [] [] [] [] [] [] [] [] [] [] [] [] [] [] [] [] [] [] [] [] [] [] [] [] [] [] [] [] [] [] [] [] [] [] [] [] [] [] [] [] [] [] [] [] [] [] [] [] [] [] [] [] [] [] [] [] [] [] [] [] [] [] [] [] [] [] [] [] [] [] [] [] [] [] [] [] []
20 [16 30 47] [1 2 3 4 6 18 19 23] [1 2 3 4 6 19] [1 2 3 4 19 23 25] [1 2 3 4] [1 2 3 4 5 6 19 25] [1 2 3 4 5 6 19 23] [1 2 3 4 19] [1 2 3 4 18 19] [1 2 3 4 5] [1 2 3 4 5 19] [1 2 3 4 19 23] [1 2 3 4 5 6] [1 2 3 4 6 19 23] [1 2 3 4 5 6 9 19 23] [1 2 3 4 5 6 18 19 25] [1 2 3 4 5 6 9 19 23 25] [1 2 3 4 5 6 18 25] [1 2 3 4 5 18] [1 2 3 4 25] [1 2 3 4 6 18] [1 2 3 4 19 23 52] [1 2 3] [1 2 3 4 6 19 23 25] [1 2 3 4 18 25] [1 2 3 4 18 19 25] [1 2 3 4 6] [1 2 3 4 18] [1 2 3 4 6 19 23 25 52] [1 2 3 4 5 25] [1 2 3 4 5 6 19 23 25] [1 2 3 4 6 18 19 23 25] [1 2 3 4 18 19 23 25 26 49] [1 2 3 4 6 18 25 26] [1 2 3 4 5 6 9 19 23 25 52 56] [1 2 3 4 5 18 25] [1 2 3 4 19 25] [1 2 3 4 5 6 18] [1 2 3 4 5 6 9 18 19 25] [1 2 3 4 18 19 23] [1 2 3 4 5 6 18 19 23] [1 2 3 4 18 19 25 26] [1 2 3 4 18 19 23 25 26] [1 2 3 4 5 6 10 18 19 23 25 52] [1 2 3 4 5 19 23] [1 2 3 4 5 6 9 18 19 23 25 52 56] [1 2 3 4 5 6 9 19] [1 2 3 19] [1 2 3 4 18 19 23 52] [1 2 3 4 19 23 25 52] [1 2 3 4 5 6 9 19 23 25 52] [1 2 3 4 6 19 25] [1 2 3 4 5 6 19 23 52] [1 2 3 4 5 6 25] [1 2 3 4 5 6 9 18 19 23 25] [1 2 3 4 5 6 9 19 23 25 28 52 56] [1 2 3 4 18 19 23 25] [1 2] [1] [1 10] [1 2 3 4 5 6 18 19 23 25] [1 2 3 4 5 6 18 19 23 25 52] [1 2 3 4 5 6 9] [1 2 59] [1 2 3 4 5 6 7 8 19 25] [1 2 3 4 5 6 9 18 19 23 25 52] [1 2 3 4 6 18 25] [1 2 3 4 5 6 9 18 19 23] [1 2 3 4 5 6 7 9 18 19 23 25] [1 2 3 4 6 18 19 23 25 26] [1 2 3 4 6 19 23 52] [1 2 3 4 6 8 18 23 25 55] [1 2 3 4 5 6 9 11 18] [1 2 3 4 5 6 9 11 19 23 25 28 34 52] [1 2 3 4 5 6 19 23 25 52] [1 2 3 4 6 10 19] [1 2 3 4 6 18 19] [1 2 3 4 5 18 19] [1 2 3 4 18 19 23 25 52] [1 2 3 4 6 10 18 19 23] [1 2 3 4 6 18 19 23 25 26 52 55] [1 2 3 4 5 6 9 11 19 23 25 28 34] [1 6 18] [1 2 6] [1 2 3 4 6 8 18 23 25] [1 59] [1 2 3 4 5 6 19 23 25 52 56] [1 2 3 4 6 18 19 23 52] [1 2 53] [1 2 3 4 6 8 18 19 23 25 55] [1 2 3 4 5 6 9 18 19 23 25 26] [1 2 3 4 5 18 23 25 26] [1 2 4] [1 2 25] [2 19] [1 2 3 4 6 7 18 19] [2 19 23] [1 2 3 4 5 6 9 18 25] [2 3 19 23] [1 2 3 4 5 6 19] [1 2 23] [1 2 3 4 5 19 23 25] [] [] [] [] [] [] [] [] [] [] [] [] [] [] [] [] [] [] [] [] [] [] [] [] [] [] [] [] [] [] [] [] [] [] [] [] [] [] [] [] [] [] [] [] [] [] [] [] [] [] [] [] [] [] [] [] [] [] [] [] [] [] [] [] [] [] [] [] [] [] [] [] [] [] [] [] [] [] [] [] [] [] [] [] [] [] [] [] [] [] [] [] [] [] [] [] [] [] [] [] [] [] [] [] [] [] [] [] [] [] [] [] [] [] [] [] [] [] [] [] [] [] [] [] [] [] [] [] [] [] [] []
21 [7 29 52 59] [1 2 3 4 19 23 25] [1 2 3 4] [1 2 3 4 5 6 19 25] [1 2 3 4 5 6 19 23] [1 2 3 4 19] [1 2 3 4 18 19] [1 2 3 4 5] [1 2 3 4 5 19] [1 2 3 4 19 23] [1 2 3 4 5 6] [1 2 3 4 6 19 23] [1 2 3 4 5 6 9 19 23] [1 2 3 4 5 6 18 19 25] [1 2 3 4 5 6 9 19 23 25] [1 2 3 4 5 6 16 25] [1 2 3 4 5 16] [1 2 3 4 25] [1 2 3 4 6 16] [1 2 3 4 19 23 56] [1 2 3] [1 2 3 4 6 19 23 25] [1 2 3 4 16 25] [1 2 3 4 16 19 25] [1 2 3 4 6] [1 2 3 4 18] [1 2 3 4 6 19 23 25 56] [1 2 3 4 5 25] [1 2 3 4 5 6 19 23 25] [1 2 3 4 6 18 19 23 25] [1 2 3 4 18 25] [1 2 3 4 18 19 23 25 26 49] [1 2 3 4 6 16 18 19 23] [1 2 3 4 6 18 25 26] [1 2 3 4 6 19] [1 2 3 4 16 19] [1 2 3 4 5 16 25] [1 2 3 4 19 25] [1 2 3 4 5 6 16] [1 2 3 4 5 6 9 18 19 25] [1 2 3 4 16 19 23] [1 2 3 4 5 6 18 19 23] [1 2 3 4 5 18] [1 2 3 4 18 19 25 26] [1 2 3 4 18 19 23 25 26] [1 2 3 4 5 6 10 18 19 23 25 56] [1 2 3 4 5 19 23] [1 2 3 4 5 18 25] [1 2 3 4 5 6 9 19] [1 2 3 19] [1 2 3 4 18 19 23 56] [1 2 3 4 19 23 25 56] [1 2 3 4 5 6 18] [1 2 3 4 5 6 9 19 23 25 56] [1 2 3 4 16] [1 2 3 4 6 19 25] [1 2 3 4 5 6 19 23 56] [1 2 3 4 5 6 25] [1 2 3 4 5 6 16 18] [1 2 3 4 5 6 9 18 19 23 25] [1 2 3 4 5 6 16 19 23] [1 2 3 4 18 19 23 25] [1 2] [1] [1 10] [1 2 3 4 5 6 16 18 19 23 25] [1 2 3 4 5 6 18 19 23 25 56] [1 2 3 4 5 6 9] [1 2 60] [1 2 3 4 6 18 19 23] [1 2 3 4 5 6 8 10 19 25] [1 2 3 4 5 6 9 16 19 23 25 56] [1 2 3 4 6 18 25] [1 2 3 4 5 6 9 16 19 23] [1 2 3 4 5 6 9 10 18 19 23 25] [1 2 3 4 6 18 19 23 25 26] [1 2 3 4 6 19 23 56] [1 2 3 4 6 8 16 18 25 55] [1 2 3 4 5 6 9 11 18] [1 2 3 4 5 6 9 16 19 23 25] [1 2 3 4 5 6 9 11 19 23 25 28 30 56] [1 2 3 4 5 6 9 16 18 19 23] [1 2 3 4 5 6 19 23 25 56] [1 2 3 4 6 16 18 25] [1 2 3 4 5 6 9 16 18 19 23 25 56] [1 2 3 4 16 18 25] [1 2 3 4 5 6 16 18 25] [1 2 3 4 6 10 19] [1 2 3 4 6 16 19] [1 2 3 4 5 18 19] [1 2 3 4 16 19 23 25] [1 2 3 4 18 19 23 25 56] [1 2 3 4 6 10 18 19 23] [1 2 3 4 6 16 18 19 23 25 26 55 56] [1 2 3 4 5 6 9 11 19 23 25 28 30] [1 6 18] [1 2 6] [1 2 3 4 6 8 16 18 25] [1 60] [1 2 3 4 6 16 18 19 23 56] [1 2 53] [1 2 3 4 6 8 16 19 23 25 55] [1 2 3 4 5 6 9 18 19 23 25 26] [1 2 3 4 5 18 23 25 26] [1 2 4] [1 2 3 4 6 18] [1 2 3 4 18 19 23] [1 2 25] [2 19] [1 2 3 4 6 10 16 19] [2 19 23] [1 2 3 4 5 6 9 18 25] [2 3 19 23] [1 2 3 4 5 6 19] [1 2 23] [1 2 3 4 5 19 23 25] [] [] [] [] [] [] [] [] [] [] [] [] [] [] [] [] [] [] [] [] [] [] [] [] [] [] [] [] [] [] [] [] [] [] [] [] [] [] [] [] [] [] [] [] [] [] [] [] [] [] [] [] [] [] [] [] [] [] [] [] [] [] [] [] [] [] [] [] [] [] [] [] [] [] [] [] [] [] [] [] [] [] [] [] [] [] [] [] [] [] [] [] [] [] [] [] [] [] [] [] [] [] [] [] [] [] [] [] [] [] [] [] [] [] [] [] [] []
22 [9 56] [1 2 3 4 5 6 19 25] [1 2 3 4 5 6 19 23] [1 2 3 4 19] [1 2 3 4 18 19] [1 2 3 4 5] [1 2 3 4 5 19] [1 2 3 4] [1 2 3 4 19 23] [1 2 3 4 5 6] [1 2 3 4 6 19 23] [1 2 3 4 5 6 11 19 23] [1 2 3 4 5 6 18 19 25] [1 2 3 4 5 6 11 19 23 25] [1 2 3 4 5 6 16 25] [1 2 3 4 5 16] [1 2 3 4 25] [1 2 3 4 6 16] [1 2 3 4 19 23 52] [1 2 3] [1 2 3 4 6 19 23 25] [1 2 3 4 16 25] [1 2 3 4 16 19 25] [1 2 3 4 6] [1 2 3 4 18] [1 2 3 4 19 23 25] [1 2 3 4 6 19 23 25 52] [1 2 3 4 5 25] [1 2 3 4 5 6 19 23 25] [1 2 3 4 6 18 19 23 25] [1 2 3 4 18 25] [1 2 3 4 18 19 23 25 26 49] [1 2 3 4 6 16 18 19 23] [1 2 3 4 6 18 25 26] [1 2 3 4 6 19] [1 2 3 4 16 19] [1 2 3 4 5 16 25] [1 2 3 4 19 25] [1 2 3 4 5 6 16] [1 2 3 4 5 6 11 18 19 25] [1 2 3 4 16 19 23] [1 2 3 4 5 6 18 19 23] [1 2 3 4 5 18] [1 2 3 4 18 19 25 26] [1 2 3 4 18 19 23 25 26] [1 2 3 4 5 6 10 18 19 23 25 52] [1 2 3 4 5 19 23] [1 2 3 4 5 18 25] [1 2 3 4 5 6 11 19] [1 2 3 19] [1 2 3 4 18 19 23 52] [1 2 3 4 19 23 25 52] [1 2 3 4 5 6 18] [1 2 3 4 5 6 11 19 23 25 52] [1 2 3 4 16] [1 2 3 4 6 19 25] [1 2 3 4 5 6 19 23 52] [1 2 3 4 5 6 25] [1 2 3 4 5 6 16 18] [1 2 3 4 5 6 11 18 19 23 25] [1 2 3 4 5 6 16 19 23] [1 2 3 4 18 19 23 25] [1 2] [1] [1 10] [1 2 3 4 5 6 16 18 19 23 25] [1 2 3 4 5 6 18 19 23 25 52] [1 2 3 4 5 6 11] [1 2 59] [1 2 3 4 6 18 19 23] [1 2 3 4 5 6 7 8 19 25] [1 2 3 4 5 6 11 16 19 23 25 52] [1 2 3 4 6 18 25] [1 2 3 4 5 6 11 16 19 23] [1 2 3 4 5 6 7 11 18 19 23 25] [1 2 3 4 6 18 19 23 25 26] [1 2 3 4 6 19 23 52] [1 2 3 4 6 8 16 18 25 55] [1 2 3 4 5 6 11 13 18] [1 2 3 4 5 6 11 16 19 23 25] [1 2 3 4 5 6 11 13 19 23 25 28 30 52] [1 2 3 4 5 6 11 16 18 19 23] [1 2 3 4 5 6 19 23 25 52] [1 2 3 4 6 16 18 25] [1 2 3 4 5 6 11 16 18 19 23 25 52] [1 2 3 4 16 18 25] [1 2 3 4 5 6 16 18 25] [1 2 3 4 6 10 19] [1 2 3 4 6 16 19] [1 2 3 4 5 18 19] [1 2 3 4 16 19 23 25] [1 2 3 4 18 19 23 25 52] [1 2 3 4 6 10 18 19 23] [1 2 3 4 6 16 18 19 23 25 26 52 55] [1 2 3 4 5 6 11 13 19 23 25 28 30] [1 6 18] [1 2 6] [1 2 3 4 6 8 16 18 25] [1 59] [1 2 3 4 6 16 18 19 23 52] [1 2 53] [1 2 3 4 6 8 16 19 23 25 55] [1 2 3 4 5 6 11 18 19 23 25 26] [1 2 3 4 5 18 23 25 26] [1 2 4] [1 2 3 4 6 18] [1 2 3 4 18 19 23] [1 2 25] [2 19] [1 2 3 4 6 7 16 19] [2 19 23] [1 2 3 4 5 6 11 18 25] [2 3 19 23] [1 2 3 4 5 6 19] [1 2 23] [1 2 3 4 5 19 23 25] [] [] [] [] [] [] [] [] [] [] [] [] [] [] [] [] [] [] [] [] [] [] [] [] [] [] [] [] [] [] [] [] [] [] [] [] [] [] [] [] [] [] [] [] [] [] [] [] [] [] [] [] [] [] [] [] [] [] [] [] [] [] [] [] [] [] [] [] [] [] [] [] [] [] [] [] [] [] [] [] [] [] [] [] [] [] [] [] [] [] [] [] [] [] [] [] [] [] [] [] [] [] [] [] [] [] [] [] [] [] [] [] [] [] [] [] [] []
23 [6 18 34] [1 2 3 4 19] [1 2 3 4 19 25] [1 2 3 4 5] [1 2 3 4 5 19] [1 2 3 4] [1 2 3 4 5 9 19 23] [1 2 3 4 19 23] [1 2 3 4 5 9] [1 2 3 4 9 19 23] [1 2 3 4 5 9 11 19 23] [1 2 3 4 5 9 19 25] [1 2 3 4 5 9 11 19 23 25] [1 2 3 4 5 8 16 25] [1 2 3 4 5 16] [1 2 3 4 25] [1 2 3 4 8 16] [1 2 3 4 19 23 52] [1 2 3] [1 2 3 4 5 8 9 19 23] [1 2 3 4 9 19 23 25] [1 2 3 4 16 25] [1 2 3 4 16 19 25] [1 2 3 4 9] [1 2 3 4 23] [1 2 3 4 19 23 25] [1 2 3 4 9 19 23 25 52] [1 2 3 4 5 25] [1 2 3 4 5 9 19 23 25] [1 2 3 4 8 9 19 23 25] [1 2 3 4 19 23 25 26 49] [1 2 3 4 8 16 19 23] [1 2 3 4 8 23 25 26] [1 2 3 4 5 9 11 19 23 25 52 56] [1 2 3 4 9 19] [1 2 3 4 16 19] [1 2 3 4 5 16 25] [1 2 3 4 5 8 16] [1 2 3 4 16 19 23] [1 2 3 4 5 23 25] [1 2 3 4 19 23 25 26] [1 2 3 4 5 9 10 19 23 25 52] [1 2 3 4 5 19 23] [1 2 3 4 5 25 28] [1 2 3 4 5 9 11 19] [1 2 3 19] [1 2 3 4 19 23 25 52] [1 2 3 4 5 9 23] [1 2 3 4 5 9 11 19 23 25 52] [1 2 3 4 16] [1 2 3 4 9 19 25] [1 2 3 4 5 9 19 23 52] [1 2 3 4 5 8 25] [1 2 3 4 5 8 9 11 19 23 25] [1 2 3 4 5 8 16 19 23] [1 2 3 4 5 9 11 19 23 25 28 52 56] [1 2 3 4 5 8 9 16] [1 2 3 4 8] [1 2] [1] [1 2 3 4 5 8 9 19 23 25] [1 10] [1 2 3 4 5 8 9 16 19 23 25] [1 2 3 4 5 8] [1 2 3 4 5 9 19 23 25 52] [1 2 3 4 5 9 11] [1 2 59] [1 2 3 4 8 19 23 25] [1 2 3 4 5 8 9 23] [1 2 3 4 5 7 8 10 19 25] [1 2 3 4 5 9 11 16 19 23 25 52] [1 2 3 4 8 23 25] [1 2 3 4 5 8 9 11 16 19 23] [1 2 3 4 5 8 23] [1 2 3 4 5 8 9] [1 2 3 4 5 7 8 9 11 19 23 25] [1 2 3 4 5 8 9 11] [1 2 3 4 8 9 19 23 25 26] [1 2 3 4 9 19 23 52] [1 2 3 4 8 10 16 23 25 55] [1 2 3 4 5 8 9 11 13 23] [1 2 3 4 5 8 9 11 16 19 23 25] [1 2 3 4 5 9 11 13 19 23 25 28 30 52] [1 2 3 4 5 8 9 19 23 25 52] [1 2 3 4 5 8 9 19 23 52] [1 2 3 4 8 16 23 25] [1 2 3 4 5 8 16 23 25] [1 2 3 4 8 10 19] [1 2 3 4 8 16 19] [1 2 3 4 16 19 23 25] [1 2 3 4 9 10 19 23 25] [1 2 3 4 16 23 25] [1 2 3 4 9 16 19 23 25 26 52 55] [1 2 3 4 5 8 9 11 13 19 23 25 28 30] [1 10 53] [1 2 10] [1 2 3 4 8 10 16 23 25] [1 59] [1 2 3 4 5 9 19 23 25 52 56] [1 2 3 4 8 19 23] [1 2 3 4 8 16 19 23 52] [1 2 53] [1 2 3 4 5 9 11 16 19 23] [1 2 3 4 8 9 10 16 19 23 25 55] [1 2 3 4 5 8 9 11 19 23 25 26] [1 2 3 4 5 23 25 26] [1 2 4] [1 2 3 4 8 25] [1 2 25] [2 19] [1 2 3 4 7 8 16 19] [1 2 3 4 23 25] [2 19 23] [1 2 3 4 5 8 9 11 23 25] [2 3 19 23] [1 2 3 4 5 9 19] [1 2 3 4 5 23] [1 2 23] [1 2 3 4 5 19 23 25] [] [] [] [] [] [] [] [] [] [] [] [] [] [] [] [] [] [] [] [] [] [] [] [] [] [] [] [] [] [] [] [] [] [] [] [] [] [] [] [] [] [] [] [] [] [] [] [] [] [] [] [] [] [] [] [] [] [] [] [] [] [] [] [] [] [] [] [] [] [] [] [] [] [] [] [] [] [] [] [] [] [] [] [] [] [] [] [] [] [] [] [] [] [] [] [] [] [] [] [] [] [] [] [] [] [] [] [] [] [] [] [] [] [] []
24 [] [1 2 3 4 5] [1 2 3 4 5 19] [1 2 3 4] [1 2 3 4 5 6 19 23] [1 2 3 4 19 23] [1 2 3 4 5 6] [1 2 3 4 6 19 23] [1 2 3 4 19] [1 2 3 4 5 6 9 19 23] [1 2 3 4 5 6 18 19 25] [1 2 3 4 5 6 9 19 23 25] [1 2 3 4 5 6 16 25] [1 2 3 4 5 16] [1 2 3 4 25] [1 2 3 4 6 16] [1 2 3 4 19 23 52] [1 2 3] [1 2 3 4 6 19 23 25] [1 2 3 4 16 25] [1 2 3 4 16 19 25] [1 2 3 4 6] [1 2 3 4 18] [1 2 3 4 19 23 25] [1 2 3 4 6 19 23 25 52] [1 2 3 4 5 25] [1 2 3 4 5 6 19 23 25] [1 2 3 4 6 18 19 23 25] [1 2 3 4 18 25] [1 2 3 4 18 19 23 25 26 49] [1 2 3 4 18 19] [1 2 3 4 6 16 18 19 23] [1 2 3 4 6 18 25 26] [1 2 3 4 5 6 9 19 23 25 52 56] [1 2 3 4 6 19] [1 2 3 4 16 19] [1 2 3 4 5 16 25] [1 2 3 4 19 25] [1 2 3 4 5 6 16] [1 2 3 4 5 6 9 18 19 25] [1 2 3 4 16 19 23] [1 2 3 4 5 6 18 19 23] [1 2 3 4 5 18] [1 2 3 4 18 19 25 26] [1 2 3 4 18 19 23 25 26] [1 2 3 4 5 6 10 18 19 23 25 52] [1 2 3 4 5 19 23] [1 2 3 4 5 18 25] [1 2 3 4 5 6 9 18 19 23 25 52 56] [1 2 3 4 5 6 9 19] [1 2 3 19] [1 2 3 4 18 19 23 52] [1 2 3 4 19 23 25 52] [1 2 3 4 5 6 18] [1 2 3 4 5 6 9 19 23 25 52] [1 2 3 4 16] [1 2 3 4 6 19 25] [1 2 3 4 5 6 19 23 52] [1 2 3 4 5 6 25] [1 2 3 4 5 6 16 18] [1 2 3 4 5 6 9 18 19 23 25] [1 2 3 4 5 6 16 19 23] [1 2 3 4 5 6 9 19 23 25 28 52 56] [1 2 3 4 18 19 23 25] [1 2] [1] [1 10] [1 2 3 4 5 6 16 18 19 23 25] [1 2 3 4 5 6 18 19 23 25 52] [1 2 3 4 5 6 9] [1 2 59] [1 2 3 4 6 18 19 23] [1 2 3 4 5 6 7 8 19 25] [1 2 3 4 5 6 9 16 19 23 25 52] [1 2 3 4 6 18 25] [1 2 3 4 5 6 9 16 19 23] [1 2 3 4 5 6 7 9 18 19 23 25] [1 2 3 4 6 18 19 23 25 26] [1 2 3 4 6 19 23 52] [1 2 3 4 6 8 16 18 25 55] [1 2 3 4 5 6 9 11 18] [1 2 3 4 5 6 9 16 19 23 25] [1 2 3 4 5 6 9 11 19 23 25 28 30 52] [1 2 3 4 5 6 9 16 18 19 23] [1 2 3 4 5 6 19 23 25 52] [1 2 3 4 6 16 18 25] [1 2 3 4 5 6 9 16 18 19 23 25 52] [1 2 3 4 16 18 25] [1 2 3 4 5 6 16 18 25] [1 2 3 4 6 10 19] [1 2 3 4 6 16 19] [1 2 3 4 5 18 19] [1 2 3 4 16 19 23 25] [1 2 3 4 18 19 23 25 52] [1 2 3 4 6 10 18 19 23] [1 2 3 4 6 16 18 19 23 25 26 52 55] [1 2 3 4 5 6 9 11 19 23 25 28 30] [1 6 18] [1 2 6] [1 2 3 4 6 8 16 18 25] [1 59] [1 2 3 4 5 6 19 23 25 52 56] [1 2 3 4 6 16 18 19 23 52] [1 2 53] [1 2 3 4 6 8 16 19 23 25 55] [1 2 3 4 5 6 9 18 19 23 25 26] [1 2 3 4 5 18 23 25 26] [1 2 4] [1 2 3 4 6 18] [1 2 3 4 18 19 23] [1 2 25] [2 19] [1 2 3 4 6 7 16 19] [2 19 23] [1 2 3 4 5 6 9 18 25] [2 3 19 23] [1 2 3 4 5 6 19] [1 2 23] [1 2 3 4 5 19 23 25] [] [] [] [] [] [] [] [] [] [] [] [] [] [] [] [] [] [] [] [] [] [] [] [] [] [] [] [] [] [] [] [] [] [] [] [] [] [] [] [] [] [] [] [] [] [] [] [] [] [] [] [] [] [] [] [] [] [] [] [] [] [] [] [] [] [] [] [] [] [] [] [] [] [] [] [] [] [] [] [] [] [] [] [] [] [] [] [] [] [] [] [] [] [] [] [] [] [] [] [] [] [] [] [] [] [] [] [] [] [] [] [] [] [] []
25 [15 59] [1 2 3 4 5 19] [1 2 3 4 19] [1 2 3 4] [1 2 3 4 5 6 19 23] [1 2 3 4 5] [1 2 3 4 19 23] [1 2 3 4 5 6] [1 2 3 4 6 19 23] [1 2 3 4 5 6 9 19 23] [1 2 3 4 5 6 18 19 25] [1 2 3 4 5 6 9 19 23 25] [1 2 3 4 5 6 16 25] [1 2 3 4 5 16] [1 2 3 4 25] [1 2 3 4 6 16] [1 2 3 4 19 23 52] [1 2 3] [1 2 3 4 6 19 23 25] [1 2 3 4 16 25] [1 2 3 4 16 19 25] [1 2 3 4 6] [1 2 3 4 18] [1 2 3 4 19 23 25] [1 2 3 4 6 19 23 25 52] [1 2 3 4 5 25] [1 2 3 4 5 6 19 23 25] [1 2 3 4 6 18 19 23 25] [1 2 3 4 18 25] [1 2 3 4 18 19 23 25 26 49] [1 2 3 4 18 19] [1 2 3 4 6 16 18 19 23] [1 2 3 4 6 18 25 26] [1 2 3 4 5 6 9 19 23 25 52 56] [1 2 3 4 6 19] [1 2 3 4 16 19] [1 2 3 4 5 16 25] [1 2 3 4 19 25] [1 2 3 4 5 6 16] [1 2 3 4 5 6 9 18 19 25] [1 2 3 4 16 19 23] [1 2 3 4 5 6 18 19 23] [1 2 3 4 5 18] [1 2 3 4 18 19 25 26] [1 2 3 4 18 19 23 25 26] [1 2 3 4 5 6 10 18 19 23 25 52] [1 2 3 4 5 19 23] [1 2 3 4 5 18 25] [1 2 3 4 5 6 9 18 19 23 25 52 56] [1 2 3 4 5 6 9 19] [1 2 3 19] [1 2 3 4 18 19 23 52] [1 2 3 4 19 23 25 52] [1 2 3 4 5 6 18] [1 2 3 4 5 6 9 19 23 25 52] [1 2 3 4 16] [1 2 3 4 6 19 25] [1 2 3 4 5 6 19 23 52] [1 2 3 4 5 6 25] [1 2 3 4 5 6 16 18] [1 2 3 4 5 6 9 18 19 23 25] [1 2 3 4 5 6 16 19 23] [1 2 3 4 5 6 9 19 23 25 28 52 56] [1 2 3 4 18 19 23 25] [1 2] [1] [1 10] [1 2 3 4 5 6 16 18 19 23 25] [1 2 3 4 5 6 18 19 23 25 52] [1 2 3 4 5 6 9] [1 2 60] [1 2 3 4 6 18 19 23] [1 2 3 4 5 6 7 8 19 25] [1 2 3 4 5 6 9 16 19 23 25 52] [1 2 3 4 6 18 25] [1 2 3 4 5 6 9 16 19 23] [1 2 3 4 5 6 7 9 18 19 23 25] [1 2 3 4 6 18 19 23 25 26] [1 2 3 4 6 19 23 52] [1 2 3 4 6 8 16 18 25 55] [1 2 3 4 5 6 9 11 18] [1 2 3 4 5 6 9 16 19 23 25] [1 2 3 4 5 6 9 11 19 23 25 28 30 52] [1 2 3 4 5 6 9 16 18 19 23] [1 2 3 4 5 6 19 23 25 52] [1 2 3 4 6 16 18 25] [1 2 3 4 5 6 9 16 18 19 23 25 52] [1 2 3 4 16 18 25] [1 2 3 4 5 6 16 18 25] [1 2 3 4 6 10 19] [1 2 3 4 6 16 19] [1 2 3 4 5 18 19] [1 2 3 4 16 19 23 25] [1 2 3 4 18 19 23 25 52] [1 2 3 4 6 10 18 19 23] [1 2 3 4 6 16 18 19 23 25 26 52 55] [1 2 3 4 5 6 9 11 19 23 25 28 30] [1 6 18] [1 2 6] [1 2 3 4 6 8 16 18 25] [1 60] [1 2 3 4 5 6 19 23 25 52 56] [1 2 3 4 6 16 18 19 23 52] [1 2 53] [1 2 3 4 6 8 16 19 23 25 55] [1 2 3 4 5 6 9 18 19 23 25 26] [1 2 3 4 5 18 23 25 26] [1 2 4] [1 2 3 4 6 18] [1 2 3 4 18 19 23] [1 2 25] [2 19] [1 2 3 4 6 7 16 19] [2 19 23] [1 2 3 4 5 6 9 18 25] [2 3 19 23] [1 2 3 4 5 6 19] [1 2 23] [1 2 3 4 5 19 23 25] [] [] [] [] [] [] [] [] [] [] [] [] [] [] [] [] [] [] [] [] [] [] [] [] [] [] [] [] [] [] [] [] [] [] [] [] [] [] [] [] [] [] [] [] [] [] [] [] [] [] [] [] [] [] [] [] [] [] [] [] [] [] [] [] [] [] [] [] [] [] [] [] [] [] [] [] [] [] [] [] [] [] [] [] [] [] [] [] [] [] [] [] [] [] [] [] [] [] [] [] [] [] [] [] [] [] [] [] [] [] [] [] [] [] []
26 [17 49 52] [1 2 3 4] [1 2 3 4 5 6 19 23] [1 2 3 4 5] [1 2 3 4 19 23] [1 2 3 4 5 6] [1 2 3 4 6 19 23] [1 2 3 4 19] [1 2 3 4 5 6 9 19 23] [1 2 3 4 5 6 18 19 25] [1 2 3 4 5 6 9 19 23 25] [1 2 3 4 5 6 16 25] [1 2 3 4 5 16] [1 2 3 4 25] [1 2 3 4 6 16] [1 2 3 4 19 23 56] [1 2 3] [1 2 3 4 6 19 23 25] [1 2 3 4 16 25] [1 2 3 4 16 19 25] [1 2 3 4 6] [1 2 3 4 18] [1 2 3 4 19 23 25] [1 2 3 4 6 19 23 25 56] [1 2 3 4 5 25] [1 2 3 4 5 6 19 23 25] [1 2 3 4 6 18 19 23 25] [1 2 3 4 18 25] [1 2 3 4 18 19] [1 2 3 4 6 16 18 19 23] [1 2 3 4 6 18 25 26] [1 2 3 4 6 19] [1 2 3 4 16 19] [1 2 3 4 5 16 25] [1 2 3 4 19 25] [1 2 3 4 5 6 16] [1 2 3 4 5 6 9 18 19 25] [1 2 3 4 16 19 23] [1 2 3 4 5 6 18 19 23] [1 2 3 4 5 18] [1 2 3 4 18 19 25 26] [1 2 3 4 18 19 23 25 26] [1 2 3 4 5 6 10 18 19 23 25 56] [1 2 3 4 5 19 23] [1 2 3 4 5 18 25] [1 2 3 4 5 6 9 19] [1 2 3 19] [1 2 3 4 18 19 23 56] [1 2 3 4 5 19] [1 2 3 4 19 23 25 56] [1 2 3 4 5 6 18] [1 2 3 4 5 6 9 19 23 25 56] [1 2 3 4 16] [1 2 3 4 6 19 25] [1 2 3 4 5 6 19 23 56] [1 2 3 4 5 6 25] [1 2 3 4 5 6 16 18] [1 2 3 4 5 6 9 18 19 23 25] [1 2 3 4 5 6 16 19 23] [1 2 3 4 18 19 23 25] [1 2] [1] [1 10] [1 2 3 4 5 6 16 18 19 23 25] [1 2 3 4 5 6 18 19 23 25 56] [1 2 3 4 5 6 9] [1 2 59] [1 2 3 4 6 18 19 23] [1 2 3 4 5 6 7 8 19 25] [1 2 3 4 5 6 9 16 19 23 25 56] [1 2 3 4 6 18 25] [1 2 3 4 5 6 9 16 19 23] [1 2 3 4 5 6 7 9 18 19 23 25] [1 2 3 4 6 18 19 23 25 26] [1 2 3 4 6 19 23 56] [1 2 3 4 6 8 16 18 25 55] [1 2 3 4 5 6 9 11 18] [1 2 3 4 5 6 9 16 19 23 25] [1 2 3 4 5 6 9 11 19 23 25 28 30 56] [1 2 3 4 5 6 9 16 18 19 23] [1 2 3 4 5 6 19 23 25 56] [1 2 3 4 6 16 18 25] [1 2 3 4 5 6 9 16 18 19 23 25 56] [1 2 3 4 16 18 25] [1 2 3 4 5 6 16 18 25] [1 2 3 4 6 10 19] [1 2 3 4 6 16 19] [1 2 3 4 5 18 19] [1 2 3 4 16 19 23 25] [1 2 3 4 18 19 23 25 56] [1 2 3 4 6 10 18 19 23] [1 2 3 4 6 16 18 19 23 25 26 55 56] [1 2 3 4 5 6 9 11 19 23 25 28 30] [1 6 18] [1 2 6] [1 2 3 4 6 8 16 18 25] [1 59] [1 2 3 4 6 16 18 19 23 56] [1 2 53] [1 2 3 4 6 8 16 19 23 25 55] [1 2 3 4 5 6 9 18 19 23 25 26] [1 2 3 4 5 18 23 25 26] [1 2 4] [1 2 3 4 6 18] [1 2 3 4 18 19 23] [1 2 25] [2 19] [1 2 3 4 6 7 16 19] [2 19 23] [1 2 3 4 5 6 9 18 25] [2 3 19 23] [1 2 3 4 5 6 19] [1 2 23] [1 2 3 4 5 19 23 25] [] [] [] [] [] [] [] [] [] [] [] [] [] [] [] [] [] [] [] [] [] [] [] [] [] [] [] [] [] [] [] [] [] [] [] [] [] [] [] [] [] [] [] [] [] [] [] [] [] [] [] [] [] [] [] [] [] [] [] [] [] [] [] [] [] [] [] [] [] [] [] [] [] [] [] [] [] [] [] [] [] [] [] [] [] [] [] [] [] [] [] [] [] [] [] [] [] [] [] [] [] [] [] [] [] [] [] [] [] [] [] [] [] [] [] [] [] [] [] []
27 [3 17] [1 2 4 5 6 16] [1 2 4 5 19 23] [1 2 4 6 19 23] [1 2 4 5 6] [1 2 4 5 6 10 19 23] [1 2 4 6 16 19] [1 2 4 5 6 9 19 23] [1 2 4 5 6 18 19 25] [1 2 4] [1 2 4 5 6 9 19 23 25] [1 2 4 5 6 7 8 13 16 18 25] [1 2 4 5 6 16 18] [1 2 4 5 6 16 25] [1 2 4 5] [1 2 4 5 6 8 16 18] [1 2 4 5 6 19 23 52] [1 2 4 6 16 19 23] [1 2 4 5 6 19 23] [1 2 4 5 6 8 19 23] [1 2 4 5 6 19 23 25] [1 2 4 19 23] [1 2 4 6 16 18 25] [1 2 4 6 7 16 18 19 25] [1 2 4 5 6 7 16 19 23 25] [1 2 4 6 7 13 16 19] [1 2 4 5 6 7] [1 2 4 5 16] [1 2 4 5 6 16 19 23 25 52] [1 2 4 5 6 16 19 23 25] [1 2 4 5 6 8 16 18 19 23 25] [1 2 4 5 19] [1 2 4 5 6 10 18 25] [1 2 4 5 6 18 19 23 25 26 49] [1 2 4 5 6 10] [1 2 4 5 7 18 19] [1 2 4 6 19] [1 2 4 6 8 16 18 19 23] [1 2 4 5 16 19] [1 2 4 6 8 16 18 25 26] [1 2 4 5 6 9 19 23 25 52 56] [1 2 4 5 6 7 16] [1 2 4 5 6 19] [1 2 4 7] [1 2 4 6 16 18 19] [1 2 4 5 6 16 18 25] [1 2 4 6 16 19 25] [1 2 4 5 6 9 10 18 19 25] [1 2 4 6 16 18 19 23] [1 2 4 5 6 7 16 18 19 23] [1 2 4 19] [1 2 4 5 6 18] [1 2 4 5 6 7 18] [1 2 4 6 16 18 19 25 26] [1 2 4 16 19] [1 2 4 5 7 19 23] [1 2 4 6 16 18 19 23 25 26] [1 2 4 5 6 10 11 18 19 23 25 52] [1 2 4 6 8 16 18] [1 2 4 5 6 7 19 23] [1 2 4 5 6 9 18 19 23 25 52 56] [1 2 4 5 18 19] [1 2 4 5 6 9 19] [1 2 4 5 6 8 10 16 18] [1 2 4 5 6 18 19 23] [1 2 4 6] [1 2 4 5 6 18 19 23 25 26] [1 2 4 5 18 19 23 52] [1 2 4 6 18 19] [1 2 4 5 6 9 16 19 23] [1 2 4 5 6 9 19 23 25 52] [1 2 4 6 7 16 18] [1 2 4 6 19 25] [1 2 4 5 6 19 25] [1 2 4 16] [1 2 4 5 6 16 19] [1 2 4 5 6 9 10 16 19 23 25 52] [1 2 4 5 6 8 16 25] [1 2 4 16 19 25] [1 2 4 5 6 8 9 16 18 19 23 25] [1 2 4 6 18] [1 2 4 5 6 8 16 18 19 23] [1 2 4 5 6 9 19 23 25 28 52 56] [1 2 4 5 6 16 19 23] [1 2 4 5 6 16 18 19 23 25] [1 2 4 5 6 18 19 23 25] [1 2 4 6 8] [1 2] [1] [1 2 4 5 6 8 9 16 19 23 25] [1 2 4 5 6 8 19 23 25] [1 2 4 5 6 7 19 23 52] [1 2 4 25] [1 2 4 5 6 8 16 18 25] [1 2 4 6 16 18] [1 2 4 6 19 23 52] [1 10] [1 2 4 5 6 8] [1 2 4 5 6 18 19 23 25 52] [1 2 4 5 6 9] [1 2 59] [1 2 4 5 6 8 18 19 23] [1 2 16] [1 2 4 5 6 8 9 16 18] [1 2 4 5 6 7 8 10 16 19 25] [1 2 4 5 6 9 16 18 19 23 25 52] [1 2 4 6 8 16 18 25] [1 2 4 6 7 8 16 18] [1 2 4 5 6 8 9 16 18 19 23] [1 2 4 5 6 9 18 19 23 25] [1 2 4 5 6 8 18] [1 2 4 5 6 8 9] [1 2 4 5 6 7 8 9 10 18 19 23 25] [1 2 4 5 6 8 9 16] [1 2 4 5 6 8 18 19 23 25 26] [1 2 4 5 6 9 16 19 23 25] [1 2 4 5 16 25] [1 2 4 5 6 8 10 16 18 23 25 55] [1 2 4 5 6 7 8 9 11 18] [1 2 4 5 6 9 11 19 23 25 28 30 52] [1 2 4 5 6 8 19 23 25 52] [1 2 4 5 6 8 9 19 23 52] [1 2 4 16 19 23] [1 2 4 7 16 25] [1 2 4 7 16 19 23 52] [1 2 4 5 6 8 10 11 16 19] [1 2 4 6 16 19 23 52] [1 2 4 19 25] [1 2 4 5 6 9 16] [1 2 4 5 6 10 19 23 25] [1 2 4 5 6 8 16 18 19] [1 2 4 5 6 18 19] [1 2 4 10 18] [1 2 4 6 16] [1 2 4 5 6 7 10 16] [1 2 4 6 16 18 19 23 25] [1 2 4 5 6 19 23 25 52] [1 2 4 6 18 19 23 25 52] [1 2 4 5 6 10 11 18 19 23] [1 2 4 5 6 25] [1 2 4 5 6 16 18 19 23 25 26 52 55] [1 2 4 5 6 8 9 11 19 23 25 28 30] [1 6 18] [1 2 6] [1 2 4 5 6 8 10 16 18 23 25] [1 59] [1 2 4 6 7 16] [1 2 4 5 6 19 23 25 52 56] [1 2 4 6 8 19 23] [1 2 4 5 10] [1 2 4 5 6 8 16 18 19 23 52] [1 2 53] [1 2 4 5 6 9 16 18 19 23] [1 2 4 5 6 8 10 16 18 19 23 25 55] [1 2 4 5 6 7 8 9 18 19 23 25 26] [1 2 4 5 6 8 10 16 18 25] [1 2 4 5 6 16 18 23 25 26] [1 2 4 6 16 25] [1 2 4 5 19 23 25 52] [1 2 4 5 6 10 18] [1 2 25] [2 19] [1 2 4 5 6 18 23 25 26] [1 2 4 6 7 8 10 16 18 19] [1 2 4 6 18 25] [1 2 4 5 6 9 10 18 19 23 25] [2 19 23] [1 2 4 5 6 8 9 18 25] [2 4 19 23] [1 2 23] [1 2 4 5 6 10 16 19 23 25] [] [] [] [] [] [] [] [] [] [] [] [] [] [] [] [] [] [] [] [] [] [] [] [] [] [] [] [] [] [] [] [] [] [] [] [] [] [] [] [] [] [] [] [] [] [] [] [] [] [] [] [] [] [] [] [] [] [] [] [] [] [] []
28 [6 29 37 40] [1 2 3 4 19 23] [1 2 3 4 25] [1 2 3 4 5 9] [1 2 3 4 9 19 23] [1 2 3 4 19] [1 2 3 4 5] [1 2 3 4 5 9 11 19 23] [1 2 3 4 5 9 18 19 25] [1 2 3 4] [1 2 3 4 5 9 11 19 23 25] [1 2 3 4 5 8 16 25] [1 2 3 4 5 16] [1 2 3 4 8 16] [1 2 3 4 19 23 52] [1 2 3] [1 2 3 4 5 8 9 19 23] [1 2 3 4 9 19 23 25] [1 2 3 4 16 25] [1 2 3 4 16 19 25] [1 2 3 4 9] [1 2 3 4 18] [1 2 3 4 19 23 25] [1 2 3 4 9 19 23 25 52] [1 2 3 4 5 25] [1 2 3 4 5 9 19 23 25] [1 2 3 4 8 9 18 19 23 25] [1 2 3 4 18 25] [1 2 3 4 18 19 23 25 26 49] [1 2 3 4 18 19] [1 2 3 4 8 16 18 19 23] [1 2 3 4 8 18 25 26] [1 2 3 4 5 9 11 19 23 25 52 56] [1 2 3 4 9 19] [1 2 3 4 16 19] [1 2 3 4 5 16 25] [1 2 3 4 19 25] [1 2 3 4 5 8 16] [1 2 3 4 5 9 11 18 19 25] [1 2 3 4 5 9 19 23] [1 2 3 4 16 19 23] [1 2 3 4 5 9 18 19 23] [1 2 3 4 5 18] [1 2 3 4 18 19 25 26] [1 2 3 4 18 19 23 25 26] [1 2 3 4 5 9 10 18 19 23 25 52] [1 2 3 4 5 19 23] [1 2 3 4 5 18 25] [1 2 3 4 5 9 11 18 19 23 25 52 56] [1 2 3 4 5 9 11 19] [1 2 3 19] [1 2 3 4 18 19 23 52] [1 2 3 4 5 19] [1 2 3 4 19 23 25 52] [1 2 3 4 5 9 18] [1 2 3 4 5 9 11 19 23 25 52] [1 2 3 4 16] [1 2 3 4 9 19 25] [1 2 3 4 5 9 19 23 52] [1 2 3 4 5 8 25] [1 2 3 4 5 8 16 18] [1 2 3 4 5 8 9 11 18 19 23 25] [1 2 3 4 5 8 16 19 23] [1 2 3 4 5 9 11 19 23 25 28 52 56] [1 2 3 4 5 8 9 16] [1 2 3 4 9 18 19 23 25] [1 2 3 4 18 19 23 25] [1 2 3 4 8] [1 2] [1] [1 2 3 4 5 8 9 11 19 23 25] [1 2 3 4 5 8 9 19 23 25] [1 10] [1 2 3 4 5 8 9 16 18 19 23 25] [1 2 3 4 5 8] [1 2 3 4 5 9 18 19 23 25 52] [1 2 3 4 5 9 11] [1 2 59] [1 2 3 4 8 18 19 23] [1 2 3 4 5 8 9 18] [1 2 3 4 5 7 8 10 19 25] [1 2 3 4 5 9 11 16 19 23 25 52] [1 2 3 4 8 18 25] [1 2 3 4 5 8 9 11 16 19 23] [1 2 3 4 8 9 18 19 23] [1 2 3 4 5 9 11 18 19 23 25] [1 2 3 4 5 8 18] [1 2 3 4 5 8 9] [1 2 3 4 5 7 8 9 11 18 19 23 25] [1 2 3 4 5 8 9 11] [1 2 3 4 8 9 18 19 23 25 26] [1 2 3 4 9 19 23 52] [1 2 3 4 8 10 16 18 25 55] [1 2 3 4 5 8 9 11 13 18] [1 2 3 4 5 8 9 11 16 19 23 25] [1 2 3 4 5 9 11 13 19 23 25 28 30 52] [1 2 3 4 5 8 9 11 16 18 19 23] [1 2 3 4 5 8 9 19 23 25 52] [1 2 3 4 5 8 9 19 23 52] [1 2 3 4 8 16 18 25] [1 2 3 4 5 9 11 16 18 19 23 25 52] [1 2 3 4 16 18 25] [1 2 3 4 5 8 16 18 25] [1 2 3 4 8 10 19] [1 2 3 4 8 16 19] [1 2 3 4 5 18 19] [1 2 3 4 16 19 23 25] [1 2 3 4 5 9 19 23 25 52] [1 2 3 4 18 19 23 25 52] [1 2 3 4 9 10 18 19 23] [1 2 3 4 9 16 18 19 23 25 26 52 55] [1 2 3 4 5 8 9 11 13 19 23 25 28 30] [1 10 18] [1 2 10] [1 2 3 4 8 10 16 18 25] [1 59] [1 2 3 4 5 9 19 23 25 52 56] [1 2 3 4 8 19 23] [1 2 3 4 8 16 18 19 23 52] [1 2 53] [1 2 3 4 5 9 11 16 19 23] [1 2 3 4 8 9 10 16 19 23 25 55] [1 2 3 4 5 8 9 11 18 19 23 25 26] [1 2 3 4 5 18 23 25 26] [1 2 4] [1 2 3 4 8 18] [1 2 3 4 18 19 23] [1 2 25] [2 19] [1 2 3 4 7 8 16 19] [2 19 23] [1 2 3 4 5 8 9 11 18 25] [2 3 19 23] [1 2 3 4 5 9 19] [1 2 23] [1 2 3 4 5 19 23 25] [] [] [] [] [] [] [] [] [] [] [] [] [] [] [] [] [] [] [] [] [] [] [] [] [] [] [] [] [] [] [] [] [] [] [] [] [] [] [] [] [] [] [] [] [] [] [] [] [] [] [] [] [] [] [] [] [] [] [] [] [] [] [] [] [] [] [] [] [] [] [] [] [] [] [] [] [] [] [] [] [] [] [] [] [] [] [] [] [] [] [] [] [] [] [] [] [] []
29 [11 52 60] [1 2 3 4 5 6] [1 2 3 4 6 19 23] [1 2 3 4 19] [1 2 3 4 5] [1 2 3 4 5 6 9 19 23] [1 2 3 4 5 6 18 19 25] [1 2 3 4] [1 2 3 4 5 6 9 19 23 25] [1 2 3 4 5 6 16 25] [1 2 3 4 5 16] [1 2 3 4 25] [1 2 3 4 6 16] [1 2 3 4 19 23 56] [1 2 3 4 19 23] [1 2 3] [1 2 3 4 5 6 19 23] [1 2 3 4 6 19 23 25] [1 2 3 4 16 25] [1 2 3 4 16 19 25] [1 2 3 4 6] [1 2 3 4 18] [1 2 3 4 19 23 25] [1 2 3 4 6 19 23 25 56] [1 2 3 4 5 25] [1 2 3 4 5 6 19 23 25] [1 2 3 4 6 18 19 23 25] [1 2 3 4 18 25] [1 2 3 4 18 19 23 25 26 49] [1 2 3 4 18 19] [1 2 3 4 6 16 18 19 23] [1 2 3 4 6 18 25 26] [1 2 3 4 6 19] [1 2 3 4 16 19] [1 2 3 4 5 16 25] [1 2 3 4 19 25] [1 2 3 4 5 6 16] [1 2 3 4 5 6 9 18 19 25] [1 2 3 4 16 19 23] [1 2 3 4 5 6 18 19 23] [1 2 3 4 5 18] [1 2 3 4 18 19 25 26] [1 2 3 4 18 19 23 25 26] [1 2 3 4 5 6 10 18 19 23 25 56] [1 2 3 4 5 19 23] [1 2 3 4 5 18 25] [1 2 3 4 5 6 9 19] [1 2 3 19] [1 2 3 4 18 19 23 56] [1 2 3 4 5 19] [1 2 3 4 19 23 25 56] [1 2 3 4 5 6 18] [1 2 3 4 5 6 9 19 23 25 56] [1 2 3 4 16] [1 2 3 4 6 19 25] [1 2 3 4 5 6 19 23 56] [1 2 3 4 5 6 25] [1 2 3 4 5 6 16 18] [1 2 3 4 5 6 9 18 19 23 25] [1 2 3 4 5 6 16 19 23] [1 2 3 4 18 19 23 25] [1 2] [1] [1 10] [1 2 3 4 5 6 16 18 19 23 25] [1 2 3 4 5 6 18 19 23 25 56] [1 2 3 4 5 6 9] [1 2 59] [1 2 3 4 6 18 19 23] [1 2 3 4 5 6 7 8 19 25] [1 2 3 4 5 6 9 16 19 23 25 56] [1 2 3 4 6 18 25] [1 2 3 4 5 6 9 16 19 23] [1 2 3 4 5 6 7 9 18 19 23 25] [1 2 3 4 6 18 19 23 25 26] [1 2 3 4 6 19 23 56] [1 2 3 4 6 8 16 18 25 55] [1 2 3 4 5 6 9 13 18] [1 2 3 4 5 6 9 16 19 23 25] [1 2 3 4 5 6 9 13 19 23 25 28 30 56] [1 2 3 4 5 6 9 16 18 19 23] [1 2 3 4 5 6 19 23 25 56] [1 2 3 4 6 16 18 25] [1 2 3 4 5 6 9 16 18 19 23 25 56] [1 2 3 4 16 18 25] [1 2 3 4 5 6 16 18 25] [1 2 3 4 6 10 19] [1 2 3 4 6 16 19] [1 2 3 4 5 18 19] [1 2 3 4 16 19 23 25] [1 2 3 4 18 19 23 25 56] [1 2 3 4 6 10 18 19 23] [1 2 3 4 6 16 18 19 23 25 26 55 56] [1 2 3 4 5 6 9 13 19 23 25 28 30] [1 6 18] [1 2 6] [1 2 3 4 6 8 16 18 25] [1 59] [1 2 3 4 6 16 18 19 23 56] [1 2 53] [1 2 3 4 6 8 16 19 23 25 55] [1 2 3 4 5 6 9 18 19 23 25 26] [1 2 3 4 5 18 23 25 26] [1 2 4] [1 2 3 4 6 18] [1 2 3 4 18 19 23] [1 2 25] [2 19] [1 2 3 4 6 7 16 19] [2 19 23] [1 2 3 4 5 6 9 18 25] [2 3 19 23] [1 2 3 4 5 6 19] [1 2 23] [1 2 3 4 5 19 23 25] [] [] [] [] [] [] [] [] [] [] [] [] [] [] [] [] [] [] [] [] [] [] [] [] [] [] [] [] [] [] [] [] [] [] [] [] [] [] [] [] [] [] [] [] [] [] [] [] [] [] [] [] [] [] [] [] [] [] [] [] [] [] [] [] [] [] [] [] [] [] [] [] [] [] [] [] [] [] [] [] [] [] [] [] [] [] [] [] [] [] [] [] [] [] [] [] [] [] [] [] [] [] [] [] [] [] [] [] [] [] [] [] [] [] [] [] [] [] []
30 [16 52 60] [1 2 3 4 19] [1 2 3 4] [1 2 3 4 5] [1 2 3 4 5 6 9 19 23] [1 2 3 4 5 6 18 19 25] [1 2 3 4 5 6 9 19 23 25] [1 2 3 4 5 6 18 25] [1 2 3 4 5 18] [1 2 3 4 25] [1 2 3 4 6 18] [1 2 3 4 19 23 56] [1 2 3 4 19 23] [1 2 3 4 6 19 23] [1 2 3] [1 2 3 4 5 6 19 23] [1 2 3 4 6 19 23 25] [1 2 3 4 18 25] [1 2 3 4 18 19 25] [1 2 3 4 6] [1 2 3 4 18] [1 2 3 4 19 23 25] [1 2 3 4 5 6] [1 2 3 4 6 19 23 25 56] [1 2 3 4 5 25] [1 2 3 4 5 6 19 23 25] [1 2 3 4 6 18 19 23 25] [1 2 3 4 18 19 23 25 26 49] [1 2 3 4 18 19] [1 2 3 4 6 18 19 23] [1 2 3 4 6 18 25 26] [1 2 3 4 6 19] [1 2 3 4 5 18 25] [1 2 3 4 19 25] [1 2 3 4 5 6 18] [1 2 3 4 5 6 9 18 19 25] [1 2 3 4 18 19 23] [1 2 3 4 5 6 18 19 23] [1 2 3 4 18 19 25 26] [1 2 3 4 18 19 23 25 26] [1 2 3 4 5 6 10 18 19 23 25 56] [1 2 3 4 5 19 23] [1 2 3 4 5 6 9 19] [1 2 3 19] [1 2 3 4 18 19 23 56] [1 2 3 4 5 19] [1 2 3 4 19 23 25 56] [1 2 3 4 5 6 9 19 23 25 56] [1 2 3 4 6 19 25] [1 2 3 4 5 6 19 23 56] [1 2 3 4 5 6 25] [1 2 3 4 5 6 9 18 19 23 25] [1 2 3 4 18 19 23 25] [1 2] [1] [1 10] [1 2 3 4 5 6 18 19 23 25] [1 2 3 4 5 6 18 19 23 25 56] [1 2 3 4 5 6 9] [1 2 59] [1 2 3 4 5 6 7 8 19 25] [1 2 3 4 5 6 9 18 19 23 25 56] [1 2 3 4 6 18 25] [1 2 3 4 5 6 9 18 19 23] [1 2 3 4 5 6 7 9 18 19 23 25] [1 2 3 4 6 18 19 23 25 26] [1 2 3 4 6 19 23 56] [1 2 3 4 6 8 18 23 25 55] [1 2 3 4 5 6 9 11 18] [1 2 3 4 5 6 9 11 19 23 25 28 30 56] [1 2 3 4 5 6 19 23 25 56] [1 2 3 4 6 10 19] [1 2 3 4 6 18 19] [1 2 3 4 5 18 19] [1 2 3 4 18 19 23 25 56] [1 2 3 4 6 10 18 19 23] [1 2 3 4 6 18 19 23 25 26 55 56] [1 2 3 4 5 6 9 11 19 23 25 28 30] [1 6 18] [1 2 6] [1 2 3 4 6 8 18 23 25] [1 59] [1 2 3 4 6 18 19 23 56] [1 2 53] [1 2 3 4 6 8 18 19 23 25 55] [1 2 3 4 5 6 9 18 19 23 25 26] [1 2 3 4 5 18 23 25 26] [1 2 4] [1 2 25] [2 19] [1 2 3 4 6 7 18 19] [2 19 23] [1 2 3 4 5 6 9 18 25] [2 3 19 23] [1 2 3 4 5 6 19] [1 2 23] [1 2 3 4 5 19 23 25] [] [] [] [] [] [] [] [] [] [] [] [] [] [] [] [] [] [] [] [] [] [] [] [] [] [] [] [] [] [] [] [] [] [] [] [] [] [] [] [] [] [] [] [] [] [] [] [] [] [] [] [] [] [] [] [] [] [] [] [] [] [] [] [] [] [] [] [] [] [] [] [] [] [] [] [] [] [] [] [] [] [] [] [] [] [] [] [] [] [] [] [] [] [] [] [] [] [] [] [] [] [] [] [] [] [] [] [] [] [] [] [] [] [] [] [] [] [] [] [] [] [] [] [] [] [] [] [] [] [] [] [] [] [] [] [] []
31 [] [1 2 3 4 5] [1 2 3 4 5 6 9 19 23] [1 2 3 4 5 6 18 19 25] [1 2 3 4] [1 2 3 4 5 6 9 19 23 25] [1 2 3 4 5 6 16 25] [1 2 3 4 5 16] [1 2 3 4 25] [1 2 3 4 6 16] [1 2 3 4 19 23 52] [1 2 3 4 19 23] [1 2 3 4 6 19 23] [1 2 3] [1 2 3 4 5 6 19 23] [1 2 3 4 6 19 23 25] [1 2 3 4 16 25] [1 2 3 4 16 19 25] [1 2 3 4 6] [1 2 3 4 18] [1 2 3 4 19 23 25] [1 2 3 4 19] [1 2 3 4 5 6] [1 2 3 4 6 19 23 25 52] [1 2 3 4 5 25] [1 2 3 4 5 6 19 23 25] [1 2 3 4 6 18 19 23 25] [1 2 3 4 18 25] [1 2 3 4 18 19 23 25 26 49] [1 2 3 4 18 19] [1 2 3 4 6 16 18 19 23] [1 2 3 4 6 18 25 26] [1 2 3 4 5 6 9 19 23 25 52 56] [1 2 3 4 6 19] [1 2 3 4 16 19] [1 2 3 4 5 16 25] [1 2 3 4 19 25] [1 2 3 4 5 6 16] [1 2 3 4 5 6 9 18 19 25] [1 2 3 4 16 19 23] [1 2 3 4 5 6 18 19 23] [1 2 3 4 5 18] [1 2 3 4 18 19 25 26] [1 2 3 4 18 19 23 25 26] [1 2 3 4 5 6 10 18 19 23 25 52] [1 2 3 4 5 19 23] [1 2 3 4 5 18 25] [1 2 3 4 5 6 9 18 19 23 25 52 56] [1 2 3 4 5 6 9 19] [1 2 3 19] [1 2 3 4 18 19 23 52] [1 2 3 4 5 19] [1 2 3 4 19 23 25 52] [1 2 3 4 5 6 18] [1 2 3 4 5 6 9 19 23 25 52] [1 2 3 4 16] [1 2 3 4 6 19 25] [1 2 3 4 5 6 19 23 52] [1 2 3 4 5 6 25] [1 2 3 4 5 6 16 18] [1 2 3 4 5 6 9 18 19 23 25] [1 2 3 4 5 6 16 19 23] [1 2 3 4 5 6 9 19 23 25 28 52 56] [1 2 3 4 18 19 23 25] [1 2] [1] [1 10] [1 2 3 4 5 6 16 18 19 23 25] [1 2 3 4 5 6 18 19 23 25 52] [1 2 3 4 5 6 9] [1 2 59] [1 2 3 4 6 18 19 23] [1 2 3 4 5 6 7 8 19 25] [1 2 3 4 5 6 9 16 19 23 25 52] [1 2 3 4 6 18 25] [1 2 3 4 5 6 9 16 19 23] [1 2 3 4 5 6 7 9 18 19 23 25] [1 2 3 4 6 18 19 23 25 26] [1 2 3 4 6 19 23 52] [1 2 3 4 6 8 16 18 25 55] [1 2 3 4 5 6 9 11 18] [1 2 3 4 5 6 9 16 19 23 25] [1 2 3 4 5 6 9 11 19 23 25 28 30 52] [1 2 3 4 5 6 9 16 18 19 23] [1 2 3 4 5 6 19 23 25 52] [1 2 3 4 6 16 18 25] [1 2 3 4 5 6 9 16 18 19 23 25 52] [1 2 3 4 16 18 25] [1 2 3 4 5 6 16 18 25] [1 2 3 4 6 10 19] [1 2 3 4 6 16 19] [1 2 3 4 5 18 19] [1 2 3 4 16 19 23 25] [1 2 3 4 18 19 23 25 52] [1 2 3 4 6 10 18 19 23] [1 2 3 4 6 16 18 19 23 25 26 52 55] [1 2 3 4 5 6 9 11 19 23 25 28 30] [1 6 18] [1 2 6] [1 2 3 4 6 8 16 18 25] [1 59] [1 2 3 4 5 6 19 23 25 52 56] [1 2 3 4 6 16 18 19 23 52] [1 2 53] [1 2 3 4 6 8 16 19 23 25 55] [1 2 3 4 5 6 9 18 19 23 25 26] [1 2 3 4 5 18 23 25 26] [1 2 4] [1 2 3 4 6 18] [1 2 3 4 18 19 23] [1 2 25] [2 19] [1 2 3 4 6 7 16 19] [2 19 23] [1 2 3 4 5 6 9 18 25] [2 3 19 23] [1 2 3 4 5 6 19] [1 2 23] [1 2 3 4 5 19 23 25] [] [] [] [] [] [] [] [] [] [] [] [] [] [] [] [] [] [] [] [] [] [] [] [] [] [] [] [] [] [] [] [] [] [] [] [] [] [] [] [] [] [] [] [] [] [] [] [] [] [] [] [] [] [] [] [] [] [] [] [] [] [] [] [] [] [] [] [] [] [] [] [] [] [] [] [] [] [] [] [] [] [] [] [] [] [] [] [] [] [] [] [] [] [] [] [] [] [] [] [] [] [] [] [] [] [] [] [] [] [] [] [] [] [] []
32 [] [1 2 3 4 5 6 18 19 25] [1 2 3 4] [1 2 3 4 5 6 9 19 23 25] [1 2 3 4 5 6 16 25] [1 2 3 4 5 16] [1 2 3 4 25] [1 2 3 4 6 16] [1 2 3 4 19 23 52] [1 2 3 4 19 23] [1 2 3 4 6 19 23] [1 2 3] [1 2 3 4 5 6 19 23] [1 2 3 4 6 19 23 25] [1 2 3 4 16 25] [1 2 3 4 16 19 25] [1 2 3 4 6] [1 2 3 4 18] [1 2 3 4 19 23 25] [1 2 3 4 19] [1 2 3 4 5 6] [1 2 3 4 6 19 23 25 52] [1 2 3 4 5] [1 2 3 4 5 25] [1 2 3 4 5 6 19 23 25] [1 2 3 4 6 18 19 23 25] [1 2 3 4 18 25] [1 2 3 4 18 19 23 25 26 49] [1 2 3 4 18 19] [1 2 3 4 6 16 18 19 23] [1 2 3 4 6 18 25 26] [1 2 3 4 5 6 9 19 23 25 52 56] [1 2 3 4 6 19] [1 2 3 4 16 19] [1 2 3 4 5 16 25] [1 2 3 4 19 25] [1 2 3 4 5 6 16] [1 2 3 4 5 6 9 18 19 25] [1 2 3 4 16 19 23] [1 2 3 4 5 6 18 19 23] [1 2 3 4 5 18] [1 2 3 4 18 19 25 26] [1 2 3 4 18 19 23 25 26] [1 2 3 4 5 6 10 18 19 23 25 52] [1 2 3 4 5 19 23] [1 2 3 4 5 18 25] [1 2 3 4 5 6 9 18 19 23 25 52 56] [1 2 3 4 5 6 9 19] [1 2 3 19] [1 2 3 4 18 19 23 52] [1 2 3 4 5 19] [1 2 3 4 19 23 25 52] [1 2 3 4 5 6 18] [1 2 3 4 5 6 9 19 23] [1 2 3 4 5 6 9 19 23 25 52] [1 2 3 4 16] [1 2 3 4 6 19 25] [1 2 3 4 5 6 19 23 52] [1 2 3 4 5 6 25] [1 2 3 4 5 6 16 18] [1 2 3 4 5 6 9 18 19 23 25] [1 2 3 4 5 6 16 19 23] [1 2 3 4 5 6 9 19 23 25 28 52 56] [1 2 3 4 18 19 23 25] [1 2] [1] [1 10] [1 2 3 4 5 6 16 18 19 23 25] [1 2 3 4 5 6 18 19 23 25 52] [1 2 3 4 5 6 9] [1 2 59] [1 2 3 4 6 18 19 23] [1 2 3 4 5 6 7 8 19 25] [1 2 3 4 5 6 9 16 19 23 25 52] [1 2 3 4 6 18 25] [1 2 3 4 5 6 9 16 19 23] [1 2 3 4 5 6 7 9 18 19 23 25] [1 2 3 4 6 18 19 23 25 26] [1 2 3 4 6 19 23 52] [1 2 3 4 6 8 16 18 25 55] [1 2 3 4 5 6 9 11 18] [1 2 3 4 5 6 9 16 19 23 25] [1 2 3 4 5 6 9 11 19 23 25 28 30 52] [1 2 3 4 5 6 9 16 18 19 23] [1 2 3 4 5 6 19 23 25 52] [1 2 3 4 6 16 18 25] [1 2 3 4 5 6 9 16 18 19 23 25 52] [1 2 3 4 16 18 25] [1 2 3 4 5 6 16 18 25] [1 2 3 4 6 10 19] [1 2 3 4 6 16 19] [1 2 3 4 5 18 19] [1 2 3 4 16 19 23 25] [1 2 3 4 18 19 23 25 52] [1 2 3 4 6 10 18 19 23] [1 2 3 4 6 16 18 19 23 25 26 52 55] [1 2 3 4 5 6 9 11 19 23 25 28 30] [1 6 18] [1 2 6] [1 2 3 4 6 8 16 18 25] [1 59] [1 2 3 4 5 6 19 23 25 52 56] [1 2 3 4 6 16 18 19 23 52] [1 2 53] [1 2 3 4 6 8 16 19 23 25 55] [1 2 3 4 5 6 9 18 19 23 25 26] [1 2 3 4 5 18 23 25 26] [1 2 4] [1 2 3 4 6 18] [1 2 3 4 18 19 23] [1 2 25] [2 19] [1 2 3 4 6 7 16 19] [2 19 23] [1 2 3 4 5 6 9 18 25] [2 3 19 23] [1 2 3 4 5 6 19] [1 2 23] [1 2 3 4 5 19 23 25] [] [] [] [] [] [] [] [] [] [] [] [] [] [] [] [] [] [] [] [] [] [] [] [] [] [] [] [] [] [] [] [] [] [] [] [] [] [] [] [] [] [] [] [] [] [] [] [] [] [] [] [] [] [] [] [] [] [] [] [] [] [] [] [] [] [] [] [] [] [] [] [] [] [] [] [] [] [] [] [] [] [] [] [] [] [] [] [] [] [] [] [] [] [] [] [] [] [] [] [] [] [] [] [] [] [] [] [] [] [] [] [] [] [] []
33 [] [1 2 3 4 5 6 9 19 23 25] [1 2 3 4 5 6 16 25] [1 2 3 4 5 16] [1 2 3 4 25] [1 2 3 4] [1 2 3 4 6 16] [1 2 3 4 19 23 52] [1 2 3 4 19 23] [1 2 3 4 6 19 23] [1 2 3] [1 2 3 4 5 6 19 23] [1 2 3 4 6 19 23 25] [1 2 3 4 16 25] [1 2 3 4 16 19 25] [1 2 3 4 6] [1 2 3 4 18] [1 2 3 4 19 23 25] [1 2 3 4 19] [1 2 3 4 5 6] [1 2 3 4 6 19 23 25 52] [1 2 3 4 5] [1 2 3 4 5 25] [1 2 3 4 5 6 19 23 25] [1 2 3 4 6 18 19 23 25] [1 2 3 4 18 25] [1 2 3 4 18 19 23 25 26 49] [1 2 3 4 18 19] [1 2 3 4 6 16 18 19 23] [1 2 3 4 6 18 25 26] [1 2 3 4 5 6 9 19 23 25 52 56] [1 2 3 4 6 19] [1 2 3 4 16 19] [1 2 3 4 5 16 25] [1 2 3 4 19 25] [1 2 3 4 5 6 16] [1 2 3 4 5 6 9 18 19 25] [1 2 3 4 16 19 23] [1 2 3 4 5 6 18 19 23] [1 2 3 4 5 18] [1 2 3 4 18 19 25 26] [1 2 3 4 18 19 23 25 26] [1 2 3 4 5 6 10 18 19 23 25 52] [1 2 3 4 5 19 23] [1 2 3 4 5 18 25] [1 2 3 4 5 6 9 18 19 23 25 52 56] [1 2 3 4 5 6 9 19] [1 2 3 19] [1 2 3 4 18 19 23 52] [1 2 3 4 5 19] [1 2 3 4 19 23 25 52] [1 2 3 4 5 6 18] [1 2 3 4 5 6 9 19 23] [1 2 3 4 5 6 9 19 23 25 52] [1 2 3 4 16] [1 2 3 4 6 19 25] [1 2 3 4 5 6 19 23 52] [1 2 3 4 5 6 25] [1 2 3 4 5 6 16 18] [1 2 3 4 5 6 9 18 19 23 25] [1 2 3 4 5 6 16 19 23] [1 2 3 4 5 6 9 19 23 25 28 52 56] [1 2 3 4 18 19 23 25] [1 2] [1] [1 10] [1 2 3 4 5 6 16 18 19 23 25] [1 2 3 4 5 6 18 19 23 25 52] [1 2 3 4 5 6 9] [1 2 59] [1 2 3 4 6 18 19 23] [1 2 3 4 5 6 7 8 19 25] [1 2 3 4 5 6 9 16 19 23 25 52] [1 2 3 4 6 18 25] [1 2 3 4 5 6 9 16 19 23] [1 2 3 4 5 6 7 9 18 19 23 25] [1 2 3 4 6 18 19 23 25 26] [1 2 3 4 6 19 23 52] [1 2 3 4 6 8 16 18 25 55] [1 2 3 4 5 6 9 11 18] [1 2 3 4 5 6 9 16 19 23 25] [1 2 3 4 5 6 9 11 19 23 25 28 30 52] [1 2 3 4 5 6 9 16 18 19 23] [1 2 3 4 5 6 19 23 25 52] [1 2 3 4 6 16 18 25] [1 2 3 4 5 6 9 16 18 19 23 25 52] [1 2 3 4 16 18 25] [1 2 3 4 5 6 16 18 25] [1 2 3 4 6 10 19] [1 2 3 4 6 16 19] [1 2 3 4 5 18 19] [1 2 3 4 16 19 23 25] [1 2 3 4 18 19 23 25 52] [1 2 3 4 6 10 18 19 23] [1 2 3 4 6 16 18 19 23 25 26 52 55] [1 2 3 4 5 6 9 11 19 23 25 28 30] [1 6 18] [1 2 6] [1 2 3 4 6 8 16 18 25] [1 59] [1 2 3 4 5 6 19 23 25 52 56] [1 2 3 4 6 16 18 19 23 52] [1 2 53] [1 2 3 4 6 8 16 19 23 25 55] [1 2 3 4 5 6 9 18 19 23 25 26] [1 2 3 4 5 18 23 25 26] [1 2 4] [1 2 3 4 6 18] [1 2 3 4 18 19 23] [1 2 25] [2 19] [1 2 3 4 6 7 16 19] [2 19 23] [1 2 3 4 5 6 9 18 25] [2 3 19 23] [1 2 3 4 5 6 19] [1 2 23] [1 2 3 4 5 19 23 25] [] [] [] [] [] [] [] [] [] [] [] [] [] [] [] [] [] [] [] [] [] [] [] [] [] [] [] [] [] [] [] [] [] [] [] [] [] [] [] [] [] [] [] [] [] [] [] [] [] [] [] [] [] [] [] [] [] [] [] [] [] [] [] [] [] [] [] [] [] [] [] [] [] [] [] [] [] [] [] [] [] [] [] [] [] [] [] [] [] [] [] [] [] [] [] [] [] [] [] [] [] [] [] [] [] [] [] [] [] [] [] [] [] [] [] []
34 [] [1 2 3 4 5 16] [1 2 3 4 25] [1 2 3 4] [1 2 3 4 6 16] [1 2 3 4 19 23 52] [1 2 3 4 19 23] [1 2 3 4 6 19 23] [1 2 3] [1 2 3 4 5 6 19 23] [1 2 3 4 6 19 23 25] [1 2 3 4 16 25] [1 2 3 4 16 19 25] [1 2 3 4 6] [1 2 3 4 18] [1 2 3 4 19 23 25] [1 2 3 4 19] [1 2 3 4 5 6] [1 2 3 4 6 19 23 25 52] [1 2 3 4 5] [1 2 3 4 5 25] [1 2 3 4 5 6 19 23 25] [1 2 3 4 6 18 19 23 25] [1 2 3 4 18 25] [1 2 3 4 18 19 23 25 26 49] [1 2 3 4 18 19] [1 2 3 4 6 16 18 19 23] [1 2 3 4 6 18 25 26] [1 2 3 4 5 6 9 19 23 25 52 56] [1 2 3 4 6 19] [1 2 3 4 16 19] [1 2 3 4 5 16 25] [1 2 3 4 19 25] [1 2 3 4 5 6 16] [1 2 3 4 5 6 9 18 19 25] [1 2 3 4 16 19 23] [1 2 3 4 5 6 18 19 23] [1 2 3 4 5 18] [1 2 3 4 18 19 25 26] [1 2 3 4 18 19 23 25 26] [1 2 3 4 5 6 10 18 19 23 25 52] [1 2 3 4 5 19 23] [1 2 3 4 5 18 25] [1 2 3 4 5 6 9 18 19 23 25 52 56] [1 2 3 4 5 6 9 19] [1 2 3 19] [1 2 3 4 18 19 23 52] [1 2 3 4 5 19] [1 2 3 4 19 23 25 52] [1 2 3 4 5 6 18] [1 2 3 4 5 6 9 19 23] [1 2 3 4 5 6 9 19 23 25 52] [1 2 3 4 16] [1 2 3 4 6 19 25] [1 2 3 4 5 6 19 23 52] [1 2 3 4 5 6 25] [1 2 3 4 5 6 16 18] [1 2 3 4 5 6 9 18 19 23 25] [1 2 3 4 5 6 16 19 23] [1 2 3 4 5 6 9 19 23 25] [1 2 3 4 5 6 9 19 23 25 28 52 56] [1 2 3 4 18 19 23 25] [1 2] [1] [1 2 3 4 5 6 16 25] [1 10] [1 2 3 4 5 6 16 18 19 23 25] [1 2 3 4 5 6 18 19 23 25 52] [1 2 3 4 5 6 9] [1 2 59] [1 2 3 4 6 18 19 23] [1 2 3 4 5 6 7 8 19 25] [1 2 3 4 5 6 9 16 19 23 25 52] [1 2 3 4 6 18 25] [1 2 3 4 5 6 9 16 19 23] [1 2 3 4 5 6 7 9 18 19 23 25] [1 2 3 4 6 18 19 23 25 26] [1 2 3 4 6 19 23 52] [1 2 3 4 6 8 16 18 25 55] [1 2 3 4 5 6 9 11 18] [1 2 3 4 5 6 9 16 19 23 25] [1 2 3 4 5 6 9 11 19 23 25 28 30 52] [1 2 3 4 5 6 9 16 18 19 23] [1 2 3 4 5 6 19 23 25 52] [1 2 3 4 6 16 18 25] [1 2 3 4 5 6 9 16 18 19 23 25 52] [1 2 3 4 16 18 25] [1 2 3 4 5 6 16 18 25] [1 2 3 4 6 10 19] [1 2 3 4 6 16 19] [1 2 3 4 5 18 19] [1 2 3 4 16 19 23 25] [1 2 3 4 18 19 23 25 52] [1 2 3 4 6 10 18 19 23] [1 2 3 4 6 16 18 19 23 25 26 52 55] [1 2 3 4 5 6 9 11 19 23 25 28 30] [1 6 18] [1 2 6] [1 2 3 4 6 8 16 18 25] [1 59] [1 2 3 4 5 6 19 23 25 52 56] [1 2 3 4 6 16 18 19 23 52] [1 2 53] [1 2 3 4 6 8 16 19 23 25 55] [1 2 3 4 5 6 9 18 19 23 25 26] [1 2 3 4 5 18 23 25 26] [1 2 4] [1 2 3 4 6 18] [1 2 3 4 18 19 23] [1 2 25] [2 19] [1 2 3 4 6 7 16 19] [2 19 23] [1 2 3 4 5 6 9 18 25] [2 3 19 23] [1 2 3 4 5 6 19] [1 2 23] [1 2 3 4 5 19 23 25] [] [] [] [] [] [] [] [] [] [] [] [] [] [] [] [] [] [] [] [] [] [] [] [] [] [] [] [] [] [] [] [] [] [] [] [] [] [] [] [] [] [] [] [] [] [] [] [] [] [] [] [] [] [] [] [] [] [] [] [] [] [] [] [] [] [] [] [] [] [] [] [] [] [] [] [] [] [] [] [] [] [] [] [] [] [] [] [] [] [] [] [] [] [] [] [] [] [] [] [] [] [] [] [] [] [] [] [] [] [] [] [] [] [] [] []
35 [] [1 2 3 4] [1 2 3 4 6 16] [1 2 3 4 19 23 52] [1 2 3 4 19 23] [1 2 3 4 6 19 23] [1 2 3] [1 2 3 4 5 6 19 23] [1 2 3 4 6 19 23 25] [1 2 3 4 16 25] [1 2 3 4 16 19 25] [1 2 3 4 6] [1 2 3 4 18] [1 2 3 4 19 23 25] [1 2 3 4 19] [1 2 3 4 5 6] [1 2 3 4 6 19 23 25 52] [1 2 3 4 5] [1 2 3 4 5 25] [1 2 3 4 5 6 19 23 25] [1 2 3 4 25] [1 2 3 4 6 18 19 23 25] [1 2 3 4 18 25] [1 2 3 4 18 19 23 25 26 49] [1 2 3 4 18 19] [1 2 3 4 6 16 18 19 23] [1 2 3 4 6 18 25 26] [1 2 3 4 5 6 9 19 23 25 52 56] [1 2 3 4 6 19] [1 2 3 4 16 19] [1 2 3 4 5 16 25] [1 2 3 4 19 25] [1 2 3 4 5 6 16] [1 2 3 4 5 6 9 18 19 25] [1 2 3 4 16 19 23] [1 2 3 4 5 6 18 19 23] [1 2 3 4 5 18] [1 2 3 4 18 19 25 26] [1 2 3 4 18 19 23 25 26] [1 2 3 4 5 6 10 18 19 23 25 52] [1 2 3 4 5 19 23] [1 2 3 4 5 18 25] [1 2 3 4 5 6 9 18 19 23 25 52 56] [1 2 3 4 5 6 9 19] [1 2 3 19] [1 2 3 4 18 19 23 52] [1 2 3 4 5 19] [1 2 3 4 19 23 25 52] [1 2 3 4 5 6 18] [1 2 3 4 5 6 9 19 23] [1 2 3 4 5 6 9 19 23 25 52] [1 2 3 4 16] [1 2 3 4 6 19 25] [1 2 3 4 5 6 19 23 52] [1 2 3 4 5 6 25] [1 2 3 4 5 6 16 18] [1 2 3 4 5 6 9 18 19 23 25] [1 2 3 4 5 6 16 19 23] [1 2 3 4 5 6 9 19 23 25] [1 2 3 4 5 6 9 19 23 25 28 52 56] [1 2 3 4 18 19 23 25] [1 2] [1] [1 2 3 4 5 6 16 25] [1 10] [1 2 3 4 5 6 16 18 19 23 25] [1 2 3 4 5 6 18 19 23 25 52] [1 2 3 4 5 6 9] [1 2 59] [1 2 3 4 6 18 19 23] [1 2 3 4 5 6 7 8 19 25] [1 2 3 4 5 6 9 16 19 23 25 52] [1 2 3 4 6 18 25] [1 2 3 4 5 6 9 16 19 23] [1 2 3 4 5 6 7 9 18 19 23 25] [1 2 3 4 6 18 19 23 25 26] [1 2 3 4 6 19 23 52] [1 2 3 4 6 8 16 18 25 55] [1 2 3 4 5 6 9 11 18] [1 2 3 4 5 6 9 16 19 23 25] [1 2 3 4 5 6 9 11 19 23 25 28 30 52] [1 2 3 4 5 6 9 16 18 19 23] [1 2 3 4 5 6 19 23 25 52] [1 2 3 4 6 16 18 25] [1 2 3 4 5 6 9 16 18 19 23 25 52] [1 2 3 4 16 18 25] [1 2 3 4 5 6 16 18 25] [1 2 3 4 6 10 19] [1 2 3 4 6 16 19] [1 2 3 4 5 18 19] [1 2 3 4 16 19 23 25] [1 2 3 4 18 19 23 25 52] [1 2 3 4 6 10 18 19 23] [1 2 3 4 6 16 18 19 23 25 26 52 55] [1 2 3 4 5 6 9 11 19 23 25 28 30] [1 6 18] [1 2 6] [1 2 3 4 6 8 16 18 25] [1 59] [1 2 3 4 5 6 19 23 25 52 56] [1 2 3 4 6 16 18 19 23 52] [1 2 53] [1 2 3 4 6 8 16 19 23 25 55] [1 2 3 4 5 6 9 18 19 23 25 26] [1 2 3 4 5 18 23 25 26] [1 2 4] [1 2 3 4 6 18] [1 2 3 4 18 19 23] [1 2 25] [2 19] [1 2 3 4 6 7 16 19] [2 19 23] [1 2 3 4 5 6 9 18 25] [2 3 19 23] [1 2 3 4 5 6 19] [1 2 23] [1 2 3 4 5 19 23 25] [] [] [] [] [] [] [] [] [] [] [] [] [] [] [] [] [] [] [] [] [] [] [] [] [] [] [] [] [] [] [] [] [] [] [] [] [] [] [] [] [] [] [] [] [] [] [] [] [] [] [] [] [] [] [] [] [] [] [] [] [] [] [] [] [] [] [] [] [] [] [] [] [] [] [] [] [] [] [] [] [] [] [] [] [] [] [] [] [] [] [] [] [] [] [] [] [] [] [] [] [] [] [] [] [] [] [] [] [] [] [] [] [] [] [] [] []
36 [] [1 2 3 4 19 23 52] [1 2 3 4 6] [1 2 3 4 5 6 19 23 25 52 56] [1 2 3 4 19 23] [1 2 3 4 6 19 23] [1 2 3 4] [1 2 3] [1 2 3 4 5 6 19 23] [1 2 3 4 6 19 23 25] [1 2 3 4 16 25] [1 2 3 4 16 19 25] [1 2 3 4 18] [1 2 3 4 19 23 25] [1 2 3 4 19] [1 2 3 4 5 6] [1 2 3 4 6 19 23 25 52] [1 2 3 4 5] [1 2 3 4 5 25] [1 2 3 4 5 6 19 23 25] [1 2 3 4 25] [1 2 3 4 6 18 19 23 25] [1 2 3 4 18 25] [1 2 3 4 18 19 23 25 26 49] [1 2 3 4 18 19] [1 2 3 4 6 16 18 19 23] [1 2 3 4 6 18 25 26] [1 2 3 4 5 6 9 19 23 25 52 56] [1 2 3 4 6 19] [1 2 3 4 16 19] [1 2 3 4 5 16 25] [1 2 3 4 19 25] [1 2 3 4 5 6 16] [1 2 3 4 5 6 9 18 19 25] [1 2 3 4 16 19 23] [1 2 3 4 5 6 18 19 23] [1 2 3 4 5 18] [1 2 3 4 18 19 25 26] [1 2 3 4 18 19 23 25 26] [1 2 3 4 5 6 10 18 19 23 25 52] [1 2 3 4 6 16] [1 2 3 4 5 19 23] [1 2 3 4 5 18 25] [1 2 3 4 5 6 9 18 19 23 25 52 56] [1 2 3 4 5 6 9 19] [1 2 3 19] [1 2 3 4 18 19 23 52] [1 2 3 4 5 19] [1 2 3 4 19 23 25 52] [1 2 3 4 5 6 18] [1 2 3 4 5 6 9 19 23] [1 2 3 4 5 6 9 19 23 25 52] [1 2 3 4 16] [1 2 3 4 6 19 25] [1 2 3 4 5 6 19 23 52] [1 2 3 4 5 6 25] [1 2 3 4 5 6 16 18] [1 2 3 4 5 6 9 18 19 23 25] [1 2 3 4 5 6 16 19 23] [1 2 3 4 5 6 9 19 23 25] [1 2 3 4 5 6 9 19 23 25 28 52 56] [1 2 3 4 18 19 23 25] [1 2] [1] [1 2 3 4 5 6 16 25] [1 10] [1 2 3 4 5 6 16 18 19 23 25] [1 2 3 4 5 6 18 19 23 25 52] [1 2 3 4 5 6 9] [1 2 59] [1 2 3 4 6 18 19 23] [1 2 3 4 5 6 7 8 19 25] [1 2 3 4 5 6 9 16 19 23 25 52] [1 2 3 4 6 18 25] [1 2 3 4 5 6 9 16 19 23] [1 2 3 4 5 6 7 9 18 19 23 25] [1 2 3 4 6 18 19 23 25 26] [1 2 3 4 6 19 23 52] [1 2 3 4 6 8 16 18 25 55] [1 2 3 4 5 6 9 11 18] [1 2 3 4 5 6 9 16 19 23 25] [1 2 3 4 5 6 9 11 19 23 25 28 30 52] [1 2 3 4 5 6 9 16 18 19 23] [1 2 3 4 5 6 19 23 25 52] [1 2 3 4 6 16 18 25] [1 2 3 4 5 6 9 16 18 19 23 25 52] [1 2 3 4 16 18 25] [1 2 3 4 5 6 16 18 25] [1 2 3 4 6 10 19] [1 2 3 4 6 16 19] [1 2 3 4 5 18 19] [1 2 3 4 16 19 23 25] [1 2 3 4 18 19 23 25 52] [1 2 3 4 6 10 18 19 23] [1 2 3 4 6 16 18 19 23 25 26 52 55] [1 2 3 4 5 6 9 11 19 23 25 28 30] [1 6 18] [1 2 6] [1 2 3 4 6 8 16 18 25] [1 59] [1 2 3 4 6 16 18 19 23 52] [1 2 53] [1 2 3 4 6 8 16 19 23 25 55] [1 2 3 4 5 6 9 18 19 23 25 26] [1 2 3 4 5 18 23 25 26] [1 2 4] [1 2 3 4 6 18] [1 2 3 4 18 19 23] [1 2 25] [2 19] [1 2 3 4 6 7 16 19] [2 19 23] [1 2 3 4 5 6 9 18 25] [2 3 19 23] [1 2 3 4 5 6 19] [1 2 23] [1 2 3 4 5 19 23 25] [] [] [] [] [] [] [] [] [] [] [] [] [] [] [] [] [] [] [] [] [] [] [] [] [] [] [] [] [] [] [] [] [] [] [] [] [] [] [] [] [] [] [] [] [] [] [] [] [] [] [] [] [] [] [] [] [] [] [] [] [] [] [] [] [] [] [] [] [] [] [] [] [] [] [] [] [] [] [] [] [] [] [] [] [] [] [] [] [] [] [] [] [] [] [] [] [] [] [] [] [] [] [] [] [] [] [] [] [] [] [] [] [] [] [] [] []
37 [] [1 2 3 4 5 6 19 23 25 52 56] [1 2 3 4 19 23] [1 2 3 4 6 19 23] [1 2 3 4] [1 2 3] [1 2 3 4 5 6 19 23] [1 2 3 4 6 19 23 25] [1 2 3 4 16 25] [1 2 3 4 16 19 25] [1 2 3 4 6] [1 2 3 4 18] [1 2 3 4 19 23 25] [1 2 3 4 19] [1 2 3 4 5 6] [1 2 3 4 6 19 23 25 52] [1 2 3 4 5] [1 2 3 4 5 25] [1 2 3 4 5 6 19 23 25] [1 2 3 4 25] [1 2 3 4 6 18 19 23 25] [1 2 3 4 18 25] [1 2 3 4 18 19 23 25 26 49] [1 2 3 4 18 19] [1 2 3 4 6 16 18 19 23] [1 2 3 4 6 18 25 26] [1 2 3 4 5 6 9 19 23 25 52 56] [1 2 3 4 6 19] [1 2 3 4 16 19] [1 2 3 4 5 16 25] [1 2 3 4 19 25] [1 2 3 4 5 6 16] [1 2 3 4 5 6 9 18 19 25] [1 2 3 4 16 19 23] [1 2 3 4 5 6 18 19 23] [1 2 3 4 5 18] [1 2 3 4 18 19 25 26] [1 2 3 4 18 19 23 25 26] [1 2 3 4 5 6 10 18 19 23 25 52] [1 2 3 4 6 16] [1 2 3 4 5 19 23] [1 2 3 4 5 18 25] [1 2 3 4 5 6 9 18 19 23 25 52 56] [1 2 3 4 5 6 9 19] [1 2 3 19] [1 2 3 4 18 19 23 52] [1 2 3 4 5 19] [1 2 3 4 19 23 25 52] [1 2 3 4 5 6 18] [1 2 3 4 5 6 9 19 23] [1 2 3 4 5 6 9 19 23 25 52] [1 2 3 4 16] [1 2 3 4 6 19 25] [1 2 3 4 5 6 19 23 52] [1 2 3 4 5 6 25] [1 2 3 4 5 6 16 18] [1 2 3 4 5 6 9 18 19 23 25] [1 2 3 4 5 6 16 19 23] [1 2 3 4 5 6 9 19 23 25] [1 2 3 4 5 6 9 19 23 25 28 52 56] [1 2 3 4 18 19 23 25] [1 2] [1] [1 2 3 4 5 6 16 25] [1 2 3 4 19 23 52] [1 10] [1 2 3 4 5 6 16 18 19 23 25] [1 2 3 4 5 6 18 19 23 25 52] [1 2 3 4 5 6 9] [1 2 59] [1 2 3 4 6 18 19 23] [1 2 3 4 5 6 7 8 19 25] [1 2 3 4 5 6 9 16 19 23 25 52] [1 2 3 4 6 18 25] [1 2 3 4 5 6 9 16 19 23] [1 2 3 4 5 6 7 9 18 19 23 25] [1 2 3 4 6 18 19 23 25 26] [1 2 3 4 6 19 23 52] [1 2 3 4 6 8 16 18 25 55] [1 2 3 4 5 6 9 11 18] [1 2 3 4 5 6 9 16 19 23 25] [1 2 3 4 5 6 9 11 19 23 25 28 30 52] [1 2 3 4 5 6 9 16 18 19 23] [1 2 3 4 5 6 19 23 25 52] [1 2 3 4 6 16 18 25] [1 2 3 4 5 6 9 16 18 19 23 25 52] [1 2 3 4 16 18 25] [1 2 3 4 5 6 16 18 25] [1 2 3 4 6 10 19] [1 2 3 4 6 16 19] [1 2 3 4 5 18 19] [1 2 3 4 16 19 23 25] [1 2 3 4 18 19 23 25 52] [1 2 3 4 6 10 18 19 23] [1 2 3 4 6 16 18 19 23 25 26 52 55] [1 2 3 4 5 6 9 11 19 23 25 28 30] [1 6 18] [1 2 6] [1 2 3 4 6 8 16 18 25] [1 59] [1 2 3 4 6 16 18 19 23 52] [1 2 53] [1 2 3 4 6 8 16 19 23 25 55] [1 2 3 4 5 6 9 18 19 23 25 26] [1 2 3 4 5 18 23 25 26] [1 2 4] [1 2 3 4 6 18] [1 2 3 4 18 19 23] [1 2 25] [2 19] [1 2 3 4 6 7 16 19] [2 19 23] [1 2 3 4 5 6 9 18 25] [2 3 19 23] [1 2 3 4 5 6 19] [1 2 23] [1 2 3 4 5 19 23 25] [] [] [] [] [] [] [] [] [] [] [] [] [] [] [] [] [] [] [] [] [] [] [] [] [] [] [] [] [] [] [] [] [] [] [] [] [] [] [] [] [] [] [] [] [] [] [] [] [] [] [] [] [] [] [] [] [] [] [] [] [] [] [] [] [] [] [] [] [] [] [] [] [] [] [] [] [] [] [] [] [] [] [] [] [] [] [] [] [] [] [] [] [] [] [] [] [] [] [] [] [] [] [] [] [] [] [] [] [] [] [] [] [] [] [] [] []
38 [] [1 2 3 4 6 19 23] [1 2 3 4] [1 2 3] [1 2 3 4 5 6 19 23] [1 2 3 4 6 19 23 25] [1 2 3 4 19 23] [1 2 3 4 16 25] [1 2 3 4 16 19 25] [1 2 3 4 6] [1 2 3 4 18] [1 2 3 4 19 23 25] [1 2 3 4 19] [1 2 3 4 5 6] [1 2 3 4 6 19 23 25 52] [1 2 3 4 5] [1 2 3 4 5 25] [1 2 3 4 5 6 19 23 25] [1 2 3 4 25] [1 2 3 4 6 18 19 23 25] [1 2 3 4 18 25] [1 2 3 4 18 19 23 25 26 49] [1 2 3 4 18 19] [1 2 3 4 6 16 18 19 23] [1 2 3 4 6 18 25 26] [1 2 3 4 5 6 9 19 23 25 52 56] [1 2 3 4 6 19] [1 2 3 4 16 19] [1 2 3 4 5 16 25] [1 2 3 4 19 25] [1 2 3 4 5 6 16] [1 2 3 4 5 6 9 18 19 25] [1 2 3 4 16 19 23] [1 2 3 4 5 6 18 19 23] [1 2 3 4 5 18] [1 2 3 4 18 19 25 26] [1 2 3 4 18 19 23 25 26] [1 2 3 4 5 6 10 18 19 23 25 52] [1 2 3 4 6 16] [1 2 3 4 5 19 23] [1 2 3 4 5 18 25] [1 2 3 4 5 6 9 18 19 23 25 52 56] [1 2 3 4 5 6 9 19] [1 2 3 19] [1 2 3 4 18 19 23 52] [1 2 3 4 5 19] [1 2 3 4 19 23 25 52] [1 2 3 4 5 6 18] [1 2 3 4 5 6 9 19 23] [1 2 3 4 5 6 9 19 23 25 52] [1 2 3 4 16] [1 2 3 4 6 19 25] [1 2 3 4 5 6 19 23 52] [1 2 3 4 5 6 25] [1 2 3 4 5 6 16 18] [1 2 3 4 5 6 9 18 19 23 25] [1 2 3 4 5 6 16 19 23] [1 2 3 4 5 6 9 19 23 25] [1 2 3 4 5 6 9 19 23 25 28 52 56] [1 2 3 4 18 19 23 25] [1 2] [1] [1 2 3 4 5 6 16 25] [1 2 3 4 19 23 52] [1 10] [1 2 3 4 5 6 16 18 19 23 25] [1 2 3 4 5 6 18 19 23 25 52] [1 2 3 4 5 6 9] [1 2 59] [1 2 3 4 6 18 19 23] [1 2 3 4 5 6 7 8 19 25] [1 2 3 4 5 6 9 16 19 23 25 52] [1 2 3 4 6 18 25] [1 2 3 4 5 6 9 16 19 23] [1 2 3 4 5 6 7 9 18 19 23 25] [1 2 3 4 6 18 19 23 25 26] [1 2 3 4 6 19 23 52] [1 2 3 4 6 8 16 18 25 55] [1 2 3 4 5 6 9 11 18] [1 2 3 4 5 6 9 16 19 23 25] [1 2 3 4 5 6 9 11 19 23 25 28 30 52] [1 2 3 4 5 6 9 16 18 19 23] [1 2 3 4 5 6 19 23 25 52] [1 2 3 4 6 16 18 25] [1 2 3 4 5 6 9 16 18 19 23 25 52] [1 2 3 4 16 18 25] [1 2 3 4 5 6 16 18 25] [1 2 3 4 6 10 19] [1 2 3 4 6 16 19] [1 2 3 4 5 18 19] [1 2 3 4 16 19 23 25] [1 2 3 4 18 19 23 25 52] [1 2 3 4 6 10 18 19 23] [1 2 3 4 6 16 18 19 23 25 26 52 55] [1 2 3 4 5 6 9 11 19 23 25 28 30] [1 6 18] [1 2 6] [1 2 3 4 6 8 16 18 25] [1 59] [1 2 3 4 5 6 19 23 25 52 56] [1 2 3 4 6 16 18 19 23 52] [1 2 53] [1 2 3 4 6 8 16 19 23 25 55] [1 2 3 4 5 6 9 18 19 23 25 26] [1 2 3 4 5 18 23 25 26] [1 2 4] [1 2 3 4 6 18] [1 2 3 4 18 19 23] [1 2 25] [2 19] [1 2 3 4 6 7 16 19] [2 19 23] [1 2 3 4 5 6 9 18 25] [2 3 19 23] [1 2 3 4 5 6 19] [1 2 23] [1 2 3 4 5 19 23 25] [] [] [] [] [] [] [] [] [] [] [] [] [] [] [] [] [] [] [] [] [] [] [] [] [] [] [] [] [] [] [] [] [] [] [] [] [] [] [] [] [] [] [] [] [] [] [] [] [] [] [] [] [] [] [] [] [] [] [] [] [] [] [] [] [] [] [] [] [] [] [] [] [] [] [] [] [] [] [] [] [] [] [] [] [] [] [] [] [] [] [] [] [] [] [] [] [] [] [] [] [] [] [] [] [] [] [] [] [] [] [] [] [] [] [] [] []
39 [] [1 2 3] [1 2 3 4 5 6 19 23] [1 2 3 4 6 19 23 25] [1 2 3 4 19 23] [1 2 3 4] [1 2 3 4 16 25] [1 2 3 4 16 19 25] [1 2 3 4 6] [1 2 3 4 18] [1 2 3 4 19 23 25] [1 2 3 4 19] [1 2 3 4 5 6] [1 2 3 4 6 19 23 25 52] [1 2 3 4 5] [1 2 3 4 5 25] [1 2 3 4 5 6 19 23 25] [1 2 3 4 25] [1 2 3 4 6 18 19 23 25] [1 2 3 4 18 25] [1 2 3 4 18 19 23 25 26 49] [1 2 3 4 18 19] [1 2 3 4 6 16 18 19 23] [1 2 3 4 6 18 25 26] [1 2 3 4 5 6 9 19 23 25 52 56] [1 2 3 4 6 19] [1 2 3 4 16 19] [1 2 3 4 5 16 25] [1 2 3 4 19 25] [1 2 3 4 5 6 16] [1 2 3 4 5 6 9 18 19 25] [1 2 3 4 16 19 23] [1 2 3 4 5 6 18 19 23] [1 2 3 4 5 18] [1 2 3 4 18 19 25 26] [1 2 3 4 6 19 23] [1 2 3 4 18 19 23 25 26] [1 2 3 4 5 6 10 18 19 23 25 52] [1 2 3 4 6 16] [1 2 3 4 5 19 23] [1 2 3 4 5 18 25] [1 2 3 4 5 6 9 18 19 23 25 52 56] [1 2 3 4 5 6 9 19] [1 2 3 19] [1 2 3 4 18 19 23 52] [1 2 3 4 5 19] [1 2 3 4 19 23 25 52] [1 2 3 4 5 6 18] [1 2 3 4 5 6 9 19 23] [1 2 3 4 5 6 9 19 23 25 52] [1 2 3 4 16] [1 2 3 4 6 19 25] [1 2 3 4 5 6 19 23 52] [1 2 3 4 5 6 25] [1 2 3 4 5 6 16 18] [1 2 3 4 5 6 9 18 19 23 25] [1 2 3 4 5 6 16 19 23] [1 2 3 4 5 6 9 19 23 25] [1 2 3 4 5 6 9 19 23 25 28 52 56] [1 2 3 4 18 19 23 25] [1 2] [1] [1 2 3 4 5 6 16 25] [1 2 3 4 19 23 52] [1 10] [1 2 3 4 5 6 16 18 19 23 25] [1 2 3 4 5 6 18 19 23 25 52] [1 2 3 4 5 6 9] [1 2 59] [1 2 3 4 6 18 19 23] [1 2 3 4 5 6 7 8 19 25] [1 2 3 4 5 6 9 16 19 23 25 52] [1 2 3 4 6 18 25] [1 2 3 4 5 6 9 16 19 23] [1 2 3 4 5 6 7 9 18 19 23 25] [1 2 3 4 6 18 19 23 25 26] [1 2 3 4 6 19 23 52] [1 2 3 4 6 8 16 18 25 55] [1 2 3 4 5 6 9 11 18] [1 2 3 4 5 6 9 16 19 23 25] [1 2 3 4 5 6 9 11 19 23 25 28 30 52] [1 2 3 4 5 6 9 16 18 19 23] [1 2 3 4 5 6 19 23 25 52] [1 2 3 4 6 16 18 25] [1 2 3 4 5 6 9 16 18 19 23 25 52] [1 2 3 4 16 18 25] [1 2 3 4 5 6 16 18 25] [1 2 3 4 6 10 19] [1 2 3 4 6 16 19] [1 2 3 4 5 18 19] [1 2 3 4 16 19 23 25] [1 2 3 4 18 19 23 25 52] [1 2 3 4 6 10 18 19 23] [1 2 3 4 6 16 18 19 23 25 26 52 55] [1 2 3 4 5 6 9 11 19 23 25 28 30] [1 6 18] [1 2 6] [1 2 3 4 6 8 16 18 25] [1 59] [1 2 3 4 5 6 19 23 25 52 56] [1 2 3 4 6 16 18 19 23 52] [1 2 53] [1 2 3 4 6 8 16 19 23 25 55] [1 2 3 4 5 6 9 18 19 23 25 26] [1 2 3 4 5 18 23 25 26] [1 2 4] [1 2 3 4 6 18] [1 2 3 4 18 19 23] [1 2 25] [2 19] [1 2 3 4 6 7 16 19] [2 19 23] [1 2 3 4 5 6 9 18 25] [2 3 19 23] [1 2 3 4 5 6 19] [1 2 23] [1 2 3 4 5 19 23 25] [] [] [] [] [] [] [] [] [] [] [] [] [] [] [] [] [] [] [] [] [] [] [] [] [] [] [] [] [] [] [] [] [] [] [] [] [] [] [] [] [] [] [] [] [] [] [] [] [] [] [] [] [] [] [] [] [] [] [] [] [] [] [] [] [] [] [] [] [] [] [] [] [] [] [] [] [] [] [] [] [] [] [] [] [] [] [] [] [] [] [] [] [] [] [] [] [] [] [] [] [] [] [] [] [] [] [] [] [] [] [] [] [] [] [] [] []
40 [] [1 2 3 4 6 19 23 25] [1 2 3 4 19 23] [1 2 3 4] [1 2 3 4 16 25] [1 2 3 4 16 19 25] [1 2 3 4 6] [1 2 3 4 18] [1 2 3 4 19 23 25] [1 2 3 4 19] [1 2 3 4 5 6] [1 2 3 4 6 19 23 25 52] [1 2 3 4 5] [1 2 3 4 5 25] [1 2 3 4 5 6 19 23 25] [1 2 3 4 25] [1 2 3 4 6 18 19 23 25] [1 2 3 4 18 25] [1 2 3 4 18 19 23 25 26 49] [1 2 3 4 18 19] [1 2 3 4 6 16 18 19 23] [1 2 3 4 6 18 25 26] [1 2 3 4 5 6 9 19 23 25 52 56] [1 2 3 4 6 19] [1 2 3 4 16 19] [1 2 3 4 5 16 25] [1 2 3 4 19 25] [1 2 3 4 5 6 16] [1 2 3 4 5 6 9 18 19 25] [1 2 3 4 5 6 19 23] [1 2 3 4 16 19 23] [1 2 3 4 5 6 18 19 23] [1 2 3 4 5 18] [1 2 3 4 18 19 25 26] [1 2 3] [1 2 3 4 6 19 23] [1 2 3 4 18 19 23 25 26] [1 2 3 4 5 6 10 18 19 23 25 52] [1 2 3 4 6 16] [1 2 3 4 5 19 23] [1 2 3 4 5 18 25] [1 2 3 4 5 6 9 18 19 23 25 52 56] [1 2 3 4 5 6 9 19] [1 2 3 19] [1 2 3 4 18 19 23 52] [1 2 3 4 5 19] [1 2 3 4 19 23 25 52] [1 2 3 4 5 6 18] [1 2 3 4 5 6 9 19 23] [1 2 3 4 5 6 9 19 23 25 52] [1 2 3 4 16] [1 2 3 4 6 19 25] [1 2 3 4 5 6 19 23 52] [1 2 3 4 5 6 25] [1 2 3 4 5 6 16 18] [1 2 3 4 5 6 9 18 19 23 25] [1 2 3 4 5 6 16 19 23] [1 2 3 4 5 6 9 19 23 25] [1 2 3 4 5 6 9 19 23 25 28 52 56] [1 2 3 4 18 19 23 25] [1 2] [1] [1 2 3 4 5 6 16 25] [1 2 3 4 19 23 52] [1 10] [1 2 3 4 5 6 16 18 19 23 25] [1 2 3 4 5 6 18 19 23 25 52] [1 2 3 4 5 6 9] [1 2 59] [1 2 3 4 6 18 19 23] [1 2 3 4 5 6 7 8 19 25] [1 2 3 4 5 6 9 16 19 23 25 52] [1 2 3 4 6 18 25] [1 2 3 4 5 6 9 16 19 23] [1 2 3 4 5 6 7 9 18 19 23 25] [1 2 3 4 6 18 19 23 25 26] [1 2 3 4 6 19 23 52] [1 2 3 4 6 8 16 18 25 55] [1 2 3 4 5 6 9 11 18] [1 2 3 4 5 6 9 16 19 23 25] [1 2 3 4 5 6 9 11 19 23 25 28 30 52] [1 2 3 4 5 6 9 16 18 19 23] [1 2 3 4 5 6 19 23 25 52] [1 2 3 4 6 16 18 25] [1 2 3 4 5 6 9 16 18 19 23 25 52] [1 2 3 4 16 18 25] [1 2 3 4 5 6 16 18 25] [1 2 3 4 6 10 19] [1 2 3 4 6 16 19] [1 2 3 4 5 18 19] [1 2 3 4 16 19 23 25] [1 2 3 4 18 19 23 25 52] [1 2 3 4 6 10 18 19 23] [1 2 3 4 6 16 18 19 23 25 26 52 55] [1 2 3 4 5 6 9 11 19 23 25 28 30] [1 6 18] [1 2 6] [1 2 3 4 6 8 16 18 25] [1 59] [1 2 3 4 5 6 19 23 25 52 56] [1 2 3 4 6 16 18 19 23 52] [1 2 53] [1 2 3 4 6 8 16 19 23 25 55] [1 2 3 4 5 6 9 18 19 23 25 26] [1 2 3 4 5 18 23 25 26] [1 2 4] [1 2 3 4 6 18] [1 2 3 4 18 19 23] [1 2 25] [2 19] [1 2 3 4 6 7 16 19] [2 19 23] [1 2 3 4 5 6 9 18 25] [2 3 19 23] [1 2 3 4 5 6 19] [1 2 23] [1 2 3 4 5 19 23 25] [] [] [] [] [] [] [] [] [] [] [] [] [] [] [] [] [] [] [] [] [] [] [] [] [] [] [] [] [] [] [] [] [] [] [] [] [] [] [] [] [] [] [] [] [] [] [] [] [] [] [] [] [] [] [] [] [] [] [] [] [] [] [] [] [] [] [] [] [] [] [] [] [] [] [] [] [] [] [] [] [] [] [] [] [] [] [] [] [] [] [] [] [] [] [] [] [] [] [] [] [] [] [] [] [] [] [] [] [] [] [] [] [] [] [] [] []
41 [] [1 2 3 4] [1 2 3 4 5 6 16] [1 2 3 4 16 25] [1 2 3 4 16 19 25] [1 2 3 4 19 23] [1 2 3 4 6] [1 2 3 4 18] [1 2 3 4 19 23 25] [1 2 3 4 19] [1 2 3 4 5 6] [1 2 3 4 6 19 23 25 52] [1 2 3 4 5] [1 2 3 4 5 25] [1 2 3 4 5 6 19 23 25] [1 2 3 4 25] [1 2 3 4 6 18 19 23 25] [1 2 3 4 18 25] [1 2 3 4 18 19 23 25 26 49] [1 2 3 4 18 19] [1 2 3 4 6 16 18 19 23] [1 2 3 4 6 18 25 26] [1 2 3 4 5 6 9 19 23 25 52 56] [1 2 3 4 6 19] [1 2 3 4 16 19] [1 2 3 4 5 16 25] [1 2 3 4 19 25] [1 2 3 4 5 6 9 18 19 25] [1 2 3 4 5 6 19 23] [1 2 3 4 16 19 23] [1 2 3 4 5 6 18 19 23] [1 2 3 4 5 18] [1 2 3 4 18 19 25 26] [1 2 3] [1 2 3 4 6 19 23] [1 2 3 4 18 19 23 25 26] [1 2 3 4 5 6 10 18 19 23 25 52] [1 2 3 4 6 16] [1 2 3 4 6 19 23 25] [1 2 3 4 5 19 23] [1 2 3 4 5 18 25] [1 2 3 4 5 6 9 18 19 23 25 52 56] [1 2 3 4 5 6 9 19] [1 2 3 19] [1 2 3 4 18 19 23 52] [1 2 3 4 5 19] [1 2 3 4 19 23 25 52] [1 2 3 4 5 6 18] [1 2 3 4 5 6 9 19 23] [1 2 3 4 5 6 9 19 23 25 52] [1 2 3 4 16] [1 2 3 4 6 19 25] [1 2 3 4 5 6 19 23 52] [1 2 3 4 5 6 25] [1 2 3 4 5 6 16 18] [1 2 3 4 5 6 9 18 19 23 25] [1 2 3 4 5 6 16 19 23] [1 2 3 4 5 6 9 19 23 25] [1 2 3 4 5 6 9 19 23 25 28 52 56] [1 2 3 4 18 19 23 25] [1 2] [1] [1 2 3 4 5 6 16 25] [1 2 3 4 19 23 52] [1 10] [1 2 3 4 5 6 16 18 19 23 25] [1 2 3 4 5 6 18 19 23 25 52] [1 2 3 4 5 6 9] [1 2 59] [1 2 3 4 6 18 19 23] [1 2 3 4 5 6 7 8 19 25] [1 2 3 4 5 6 9 16 19 23 25 52] [1 2 3 4 6 18 25] [1 2 3 4 5 6 9 16 19 23] [1 2 3 4 5 6 7 9 18 19 23 25] [1 2 3 4 6 18 19 23 25 26] [1 2 3 4 6 19 23 52] [1 2 3 4 6 8 16 18 25 55] [1 2 3 4 5 6 9 11 18] [1 2 3 4 5 6 9 16 19 23 25] [1 2 3 4 5 6 9 11 19 23 25 28 30 52] [1 2 3 4 5 6 9 16 18 19 23] [1 2 3 4 5 6 19 23 25 52] [1 2 3 4 6 16 18 25] [1 2 3 4 5 6 9 16 18 19 23 25 52] [1 2 3 4 16 18 25] [1 2 3 4 5 6 16 18 25] [1 2 3 4 6 10 19] [1 2 3 4 6 16 19] [1 2 3 4 5 18 19] [1 2 3 4 16 19 23 25] [1 2 3 4 18 19 23 25 52] [1 2 3 4 6 10 18 19 23] [1 2 3 4 6 16 18 19 23 25 26 52 55] [1 2 3 4 5 6 9 11 19 23 25 28 30] [1 6 18] [1 2 6] [1 2 3 4 6 8 16 18 25] [1 59] [1 2 3 4 5 6 19 23 25 52 56] [1 2 3 4 6 16 18 19 23 52] [1 2 53] [1 2 3 4 6 8 16 19 23 25 55] [1 2 3 4 5 6 9 18 19 23 25 26] [1 2 3 4 5 18 23 25 26] [1 2 4] [1 2 3 4 6 18] [1 2 3 4 18 19 23] [1 2 25] [2 19] [1 2 3 4 6 7 16 19] [2 19 23] [1 2 3 4 5 6 9 18 25] [2 3 19 23] [1 2 3 4 5 6 19] [1 2 23] [1 2 3 4 5 19 23 25] [] [] [] [] [] [] [] [] [] [] [] [] [] [] [] [] [] [] [] [] [] [] [] [] [] [] [] [] [] [] [] [] [] [] [] [] [] [] [] [] [] [] [] [] [] [] [] [] [] [] [] [] [] [] [] [] [] [] [] [] [] [] [] [] [] [] [] [] [] [] [] [] [] [] [] [] [] [] [] [] [] [] [] [] [] [] [] [] [] [] [] [] [] [] [] [] [] [] [] [] [] [] [] [] [] [] [] [] [] [] [] [] [] [] [] [] []
42 [] [1 2 3 4 16 25] [1 2 3 4 16 19 25] [1 2 3 4 5 6 9] [1 2 3 4 19 23] [1 2 3 4 6] [1 2 3 4] [1 2 3 4 18] [1 2 3 4 19 23 25] [1 2 3 4 19] [1 2 3 4 5 6] [1 2 3 4 6 19 23 25 52] [1 2 3 4 5] [1 2 3 4 5 25] [1 2 3 4 5 6 19 23 25] [1 2 3 4 25] [1 2 3 4 6 18 19 23 25] [1 2 3 4 18 25] [1 2 3 4 18 19 23 25 26 49] [1 2 3 4 18 19] [1 2 3 4 6 16 18 19 23] [1 2 3 4 6 18 25 26] [1 2 3 4 5 6 9 19 23 25 52 56] [1 2 3 4 6 19] [1 2 3 4 16 19] [1 2 3 4 5 16 25] [1 2 3 4 19 25] [1 2 3 4 5 6 16] [1 2 3 4 5 6 9 18 19 25] [1 2 3 4 5 6 19 23] [1 2 3 4 16 19 23] [1 2 3 4 5 6 18 19 23] [1 2 3 4 5 18] [1 2 3 4 18 19 25 26] [1 2 3] [1 2 3 4 6 19 23] [1 2 3 4 18 19 23 25 26] [1 2 3 4 5 6 10 18 19 23 25 52] [1 2 3 4 6 16] [1 2 3 4 6 19 23 25] [1 2 3 4 5 19 23] [1 2 3 4 5 18 25] [1 2 3 4 5 6 9 18 19 23 25 52 56] [1 2 3 4 5 6 9 19] [1 2 3 19] [1 2 3 4 18 19 23 52] [1 2 3 4 5 19] [1 2 3 4 19 23 25 52] [1 2 3 4 5 6 18] [1 2 3 4 5 6 9 19 23] [1 2 3 4 5 6 9 19 23 25 52] [1 2 3 4 16] [1 2 3 4 6 19 25] [1 2 3 4 5 6 19 23 52] [1 2 3 4 5 6 25] [1 2 3 4 5 6 16 18] [1 2 3 4 5 6 9 18 19 23 25] [1 2 3 4 5 6 16 19 23] [1 2 3 4 5 6 9 19 23 25] [1 2 3 4 5 6 9 19 23 25 28 52 56] [1 2 3 4 18 19 23 25] [1 2] [1] [1 2 3 4 5 6 16 25] [1 2 3 4 19 23 52] [1 10] [1 2 3 4 5 6 16 18 19 23 25] [1 2 3 4 5 6 18 19 23 25 52] [1 2 59] [1 2 3 4 6 18 19 23] [1 2 3 4 5 6 7 8 19 25] [1 2 3 4 5 6 9 16 19 23 25 52] [1 2 3 4 6 18 25] [1 2 3 4 5 6 9 16 19 23] [1 2 3 4 5 6 7 9 18 19 23 25] [1 2 3 4 6 18 19 23 25 26] [1 2 3 4 6 19 23 52] [1 2 3 4 6 8 16 18 25 55] [1 2 3 4 5 6 9 11 18] [1 2 3 4 5 6 9 16 19 23 25] [1 2 3 4 5 6 9 11 19 23 25 28 30 52] [1 2 3 4 5 6 9 16 18 19 23] [1 2 3 4 5 6 19 23 25 52] [1 2 3 4 6 16 18 25] [1 2 3 4 5 6 9 16 18 19 23 25 52] [1 2 3 4 16 18 25] [1 2 3 4 5 6 16 18 25] [1 2 3 4 6 10 19] [1 2 3 4 6 16 19] [1 2 3 4 5 18 19] [1 2 3 4 16 19 23 25] [1 2 3 4 18 19 23 25 52] [1 2 3 4 6 10 18 19 23] [1 2 3 4 6 16 18 19 23 25 26 52 55] [1 2 3 4 5 6 9 11 19 23 25 28 30] [1 6 18] [1 2 6] [1 2 3 4 6 8 16 18 25] [1 59] [1 2 3 4 5 6 19 23 25 52 56] [1 2 3 4 6 16 18 19 23 52] [1 2 53] [1 2 3 4 6 8 16 19 23 25 55] [1 2 3 4 5 6 9 18 19 23 25 26] [1 2 3 4 5 18 23 25 26] [1 2 4] [1 2 3 4 6 18] [1 2 3 4 18 19 23] [1 2 25] [2 19] [1 2 3 4 6 7 16 19] [2 19 23] [1 2 3 4 5 6 9 18 25] [2 3 19 23] [1 2 3 4 5 6 19] [1 2 23] [1 2 3 4 5 19 23 25] [] [] [] [] [] [] [] [] [] [] [] [] [] [] [] [] [] [] [] [] [] [] [] [] [] [] [] [] [] [] [] [] [] [] [] [] [] [] [] [] [] [] [] [] [] [] [] [] [] [] [] [] [] [] [] [] [] [] [] [] [] [] [] [] [] [] [] [] [] [] [] [] [] [] [] [] [] [] [] [] [] [] [] [] [] [] [] [] [] [] [] [] [] [] [] [] [] [] [] [] [] [] [] [] [] [] [] [] [] [] [] [] [] [] [] [] []
43 [] [1 2 3 4 5 6 9] [1 2 3 4 18] [1 2 3 4 6 16 25 55] [1 2 3 4 19 23] [1 2 3 4 6] [1 2 3 4] [1 2 3 4 19 23 25] [1 2 3 4 19] [1 2 3 4 5 6] [1 2 3 4 6 19 23 25 52] [1 2 3 4 5] [1 2 3 4 5 25] [1 2 3 4 5 6 19 23 25] [1 2 3 4 25] [1 2 3 4 6 18 19 23 25] [1 2 3 4 18 25] [1 2 3 4 18 19 23 25 26 49] [1 2 3 4 18 19] [1 2 3 4 6 16 18 19 23] [1 2 3 4 6 18 25 26] [1 2 3 4 5 6 9 19 23 25 52 56] [1 2 3 4 6 19] [1 2 3 4 16 19] [1 2 3 4 5 16 25] [1 2 3 4 19 25] [1 2 3 4 5 6 16] [1 2 3 4 5 6 9 18 19 25] [1 2 3 4 5 6 19 23] [1 2 3 4 16 19 23] [1 2 3 4 5 6 18 19 23] [1 2 3 4 5 18] [1 2 3 4 18 19 25 26] [1 2 3] [1 2 3 4 16 25] [1 2 3 4 6 19 23] [1 2 3 4 18 19 23 25 26] [1 2 3 4 5 6 10 18 19 23 25 52] [1 2 3 4 6 16] [1 2 3 4 6 19 23 25] [1 2 3 4 5 19 23] [1 2 3 4 5 18 25] [1 2 3 4 5 6 9 18 19 23 25 52 56] [1 2 3 4 5 6 9 19] [1 2 3 19] [1 2 3 4 18 19 23 52] [1 2 3 4 5 19] [1 2 3 4 19 23 25 52] [1 2 3 4 5 6 18] [1 2 3 4 5 6 9 19 23] [1 2 3 4 5 6 9 19 23 25 52] [1 2 3 4 16] [1 2 3 4 6 19 25] [1 2 3 4 5 6 19 23 52] [1 2 3 4 5 6 25] [1 2 3 4 5 6 16 18] [1 2 3 4 5 6 9 18 19 23 25] [1 2 3 4 5 6 16 19 23] [1 2 3 4 5 6 9 19 23 25] [1 2 3 4 5 6 9 19 23 25 28 52 56] [1 2 3 4 18 19 23 25] [1 2] [1] [1 2 3 4 5 6 16 25] [1 2 3 4 19 23 52] [1 10] [1 2 3 4 5 6 16 18 19 23 25] [1 2 3 4 5 6 18 19 23 25 52] [1 2 59] [1 2 3 4 6 18 19 23] [1 2 3 4 5 6 7 8 19 25] [1 2 3 4 5 6 9 16 19 23 25 52] [1 2 3 4 6 18 25] [1 2 3 4 5 6 9 16 19 23] [1 2 3 4 5 6 7 9 18 19 23 25] [1 2 3 4 6 18 19 23 25 26] [1 2 3 4 6 19 23 52] [1 2 3 4 6 8 16 18 25 55] [1 2 3 4 5 6 9 11 18] [1 2 3 4 5 6 9 16 19 23 25] [1 2 3 4 5 6 9 11 19 23 25 28 30 52] [1 2 3 4 5 6 9 16 18 19 23] [1 2 3 4 5 6 19 23 25 52] [1 2 3 4 6 16 18 25] [1 2 3 4 5 6 9 16 18 19 23 25 52] [1 2 3 4 16 18 25] [1 2 3 4 5 6 16 18 25] [1 2 3 4 6 10 19] [1 2 3 4 6 16 19] [1 2 3 4 5 18 19] [1 2 3 4 16 19 23 25] [1 2 3 4 18 19 23 25 52] [1 2 3 4 6 10 18 19 23] [1 2 3 4 6 16 18 19 23 25 26 52 55] [1 2 3 4 5 6 9 11 19 23 25 28 30] [1 6 18] [1 2 6] [1 2 3 4 6 8 16 18 25] [1 59] [1 2 3 4 5 6 19 23 25 52 56] [1 2 3 4 6 16 18 19 23 52] [1 2 53] [1 2 3 4 6 8 16 19 23 25 55] [1 2 3 4 5 6 9 18 19 23 25 26] [1 2 3 4 5 18 23 25 26] [1 2 4] [1 2 3 4 6 18] [1 2 3 4 18 19 23] [1 2 25] [2 19] [1 2 3 4 6 7 16 19] [2 19 23] [1 2 3 4 5 6 9 18 25] [2 3 19 23] [1 2 3 4 5 6 19] [1 2 23] [1 2 3 4 5 19 23 25] [] [] [] [] [] [] [] [] [] [] [] [] [] [] [] [] [] [] [] [] [] [] [] [] [] [] [] [] [] [] [] [] [] [] [] [] [] [] [] [] [] [] [] [] [] [] [] [] [] [] [] [] [] [] [] [] [] [] [] [] [] [] [] [] [] [] [] [] [] [] [] [] [] [] [] [] [] [] [] [] [] [] [] [] [] [] [] [] [] [] [] [] [] [] [] [] [] [] [] [] [] [] [] [] [] [] [] [] [] [] [] [] [] [] [] [] []
44 [] [1 2 3 4 6 16 25 55] [1 2 3 4 19 23] [1 2 3 4 5 19 23] [1 2 3 4 6] [1 2 3 4] [1 2 3 4 18] [1 2 3 4 19 23 25] [1 2 3 4 19] [1 2 3 4 5 6] [1 2 3 4 6 19 23 25 52] [1 2 3 4 5] [1 2 3 4 5 25] [1 2 3 4 5 6 19 23 25] [1 2 3 4 25] [1 2 3 4 6 18 19 23 25] [1 2 3 4 18 25] [1 2 3 4 18 19 23 25 26 49] [1 2 3 4 18 19] [1 2 3 4 6 16 18 19 23] [1 2 3 4 6 18 25 26] [1 2 3 4 5 6 9 19 23 25 52 56] [1 2 3 4 6 19] [1 2 3 4 16 19] [1 2 3 4 5 16 25] [1 2 3 4 19 25] [1 2 3 4 5 6 16] [1 2 3 4 5 6 9 18 19 25] [1 2 3 4 5 6 19 23] [1 2 3 4 16 19 23] [1 2 3 4 5 6 18 19 23] [1 2 3 4 5 18] [1 2 3 4 18 19 25 26] [1 2 3] [1 2 3 4 16 25] [1 2 3 4 6 19 23] [1 2 3 4 18 19 23 25 26] [1 2 3 4 5 6 10 18 19 23 25 52] [1 2 3 4 6 16] [1 2 3 4 6 19 23 25] [1 2 3 4 5 18 25] [1 2 3 4 5 6 9 18 19 23 25 52 56] [1 2 3 4 5 6 9 19] [1 2 3 19] [1 2 3 4 18 19 23 52] [1 2 3 4 5 19] [1 2 3 4 19 23 25 52] [1 2 3 4 5 6 18] [1 2 3 4 5 6 9 19 23] [1 2 3 4 5 6 9 19 23 25 52] [1 2 3 4 16] [1 2 3 4 6 19 25] [1 2 3 4 5 6 19 23 52] [1 2 3 4 5 6 25] [1 2 3 4 5 6 16 18] [1 2 3 4 5 6 9 18 19 23 25] [1 2 3 4 5 6 16 19 23] [1 2 3 4 5 6 9 19 23 25] [1 2 3 4 5 6 9 19 23 25 28 52 56] [1 2 3 4 18 19 23 25] [1 2] [1] [1 2 3 4 5 6 16 25] [1 2 3 4 19 23 52] [1 10] [1 2 3 4 5 6 16 18 19 23 25] [1 2 3 4 5 6 18 19 23 25 52] [1 2 3 4 5 6 9] [1 2 59] [1 2 3 4 6 18 19 23] [1 2 3 4 5 6 7 8 19 25] [1 2 3 4 5 6 9 16 19 23 25 52] [1 2 3 4 6 18 25] [1 2 3 4 5 6 9 16 19 23] [1 2 3 4 5 6 7 9 18 19 23 25] [1 2 3 4 6 18 19 23 25 26] [1 2 3 4 6 19 23 52] [1 2 3 4 6 8 16 18 25 55] [1 2 3 4 5 6 9 11 18] [1 2 3 4 5 6 9 16 19 23 25] [1 2 3 4 5 6 9 11 19 23 25 28 30 52] [1 2 3 4 5 6 9 16 18 19 23] [1 2 3 4 5 6 19 23 25 52] [1 2 3 4 6 16 18 25] [1 2 3 4 5 6 9 16 18 19 23 25 52] [1 2 3 4 16 18 25] [1 2 3 4 5 6 16 18 25] [1 2 3 4 6 10 19] [1 2 3 4 6 16 19] [1 2 3 4 5 18 19] [1 2 3 4 16 19 23 25] [1 2 3 4 18 19 23 25 52] [1 2 3 4 6 10 18 19 23] [1 2 3 4 6 16 18 19 23 25 26 52 55] [1 2 3 4 5 6 9 11 19 23 25 28 30] [1 6 18] [1 2 6] [1 2 3 4 6 8 16 18 25] [1 59] [1 2 3 4 5 6 19 23 25 52 56] [1 2 3 4 6 16 18 19 23 52] [1 2 53] [1 2 3 4 6 8 16 19 23 25 55] [1 2 3 4 5 6 9 18 19 23 25 26] [1 2 3 4 5 18 23 25 26] [1 2 4] [1 2 3 4 6 18] [1 2 3 4 18 19 23] [1 2 25] [2 19] [1 2 3 4 6 7 16 19] [2 19 23] [1 2 3 4 5 6 9 18 25] [2 3 19 23] [1 2 3 4 5 6 19] [1 2 23] [1 2 3 4 5 19 23 25] [] [] [] [] [] [] [] [] [] [] [] [] [] [] [] [] [] [] [] [] [] [] [] [] [] [] [] [] [] [] [] [] [] [] [] [] [] [] [] [] [] [] [] [] [] [] [] [] [] [] [] [] [] [] [] [] [] [] [] [] [] [] [] [] [] [] [] [] [] [] [] [] [] [] [] [] [] [] [] [] [] [] [] [] [] [] [] [] [] [] [] [] [] [] [] [] [] [] [] [] [] [] [] [] [] [] [] [] [] [] [] [] [] [] [] [] []
45 [] [1 2 3 4 5 19 23] [1 2 3 4 6] [1 2 3 4] [1 2 3 4 18] [1 2 3 4 19 23] [1 2 3 4 19 23 25] [1 2 3 4 19] [1 2 3 4 5 6] [1 2 3 4 6 19 23 25 52] [1 2 3 4 5] [1 2 3 4 5 25] [1 2 3 4 5 6 19 23 25] [1 2 3 4 25] [1 2 3 4 6 18 19 23 25] [1 2 3 4 18 25] [1 2 3 4 18 19 23 25 26 49] [1 2 3 4 18 19] [1 2 3 4 6 16 18 19 23] [1 2 3 4 6 18 25 26] [1 2 3 4 5 6 9 19 23 25 52 56] [1 2 3 4 6 19] [1 2 3 4 16 19] [1 2 3 4 5 16 25] [1 2 3 4 19 25] [1 2 3 4 5 6 16] [1 2 3 4 5 6 9 18 19 25] [1 2 3 4 5 6 19 23] [1 2 3 4 16 19 23] [1 2 3 4 5 6 18 19 23] [1 2 3 4 5 18] [1 2 3 4 18 19 25 26] [1 2 3] [1 2 3 4 16 25] [1 2 3 4 6 19 23] [1 2 3 4 18 19 23 25 26] [1 2 3 4 5 6 10 18 19 23 25 52] [1 2 3 4 6 16] [1 2 3 4 6 19 23 25] [1 2 3 4 5 18 25] [1 2 3 4 5 6 9 18 19 23 25 52 56] [1 2 3 4 5 6 9 19] [1 2 3 19] [1 2 3 4 18 19 23 52] [1 2 3 4 5 19] [1 2 3 4 19 23 25 52] [1 2 3 4 5 6 18] [1 2 3 4 5 6 9 19 23] [1 2 3 4 5 6 9 19 23 25 52] [1 2 3 4 16] [1 2 3 4 6 19 25] [1 2 3 4 5 6 19 23 52] [1 2 3 4 5 6 25] [1 2 3 4 5 6 16 18] [1 2 3 4 5 6 9 18 19 23 25] [1 2 3 4 5 6 16 19 23] [1 2 3 4 5 6 9 19 23 25] [1 2 3 4 5 6 9 19 23 25 28 52 56] [1 2 3 4 18 19 23 25] [1 2] [1] [1 2 3 4 5 6 16 25] [1 2 3 4 19 23 52] [1 10] [1 2 3 4 5 6 16 18 19 23 25] [1 2 3 4 5 6 18 19 23 25 52] [1 2 3 4 5 6 9] [1 2 59] [1 2 3 4 6 18 19 23] [1 2 3 4 5 6 7 8 19 25] [1 2 3 4 5 6 9 16 19 23 25 52] [1 2 3 4 6 18 25] [1 2 3 4 5 6 9 16 19 23] [1 2 3 4 5 6 7 9 18 19 23 25] [1 2 3 4 6 18 19 23 25 26] [1 2 3 4 6 19 23 52] [1 2 3 4 6 8 16 18 25 55] [1 2 3 4 5 6 9 11 18] [1 2 3 4 5 6 9 16 19 23 25] [1 2 3 4 5 6 9 11 19 23 25 28 30 52] [1 2 3 4 5 6 9 16 18 19 23] [1 2 3 4 5 6 19 23 25 52] [1 2 3 4 6 16 18 25] [1 2 3 4 5 6 9 16 18 19 23 25 52] [1 2 3 4 16 18 25] [1 2 3 4 5 6 16 18 25] [1 2 3 4 6 10 19] [1 2 3 4 6 16 19] [1 2 3 4 5 18 19] [1 2 3 4 16 19 23 25] [1 2 3 4 18 19 23 25 52] [1 2 3 4 6 10 18 19 23] [1 2 3 4 6 16 18 19 23 25 26 52 55] [1 2 3 4 5 6 9 11 19 23 25 28 30] [1 6 18] [1 2 6] [1 2 3 4 6 8 16 18 25] [1 59] [1 2 3 4 5 6 19 23 25 52 56] [1 2 3 4 6 16 18 19 23 52] [1 2 53] [1 2 3 4 6 8 16 19 23 25 55] [1 2 3 4 5 6 9 18 19 23 25 26] [1 2 3 4 5 18 23 25 26] [1 2 4] [1 2 3 4 6 18] [1 2 3 4 18 19 23] [1 2 25] [2 19] [1 2 3 4 6 7 16 19] [2 19 23] [1 2 3 4 5 6 9 18 25] [2 3 19 23] [1 2 3 4 5 6 19] [1 2 23] [1 2 3 4 5 19 23 25] [] [] [] [] [] [] [] [] [] [] [] [] [] [] [] [] [] [] [] [] [] [] [] [] [] [] [] [] [] [] [] [] [] [] [] [] [] [] [] [] [] [] [] [] [] [] [] [] [] [] [] [] [] [] [] [] [] [] [] [] [] [] [] [] [] [] [] [] [] [] [] [] [] [] [] [] [] [] [] [] [] [] [] [] [] [] [] [] [] [] [] [] [] [] [] [] [] [] [] [] [] [] [] [] [] [] [] [] [] [] [] [] [] [] [] [] [] []
46 [] [1 2 3 4] [1 2 3 4 18] [1 2 3 4 19 23] [1 2 3 4 19 23 25] [1 2 3 4 19] [1 2 3 4 5 6] [1 2 3 4 6 19 23 25 52] [1 2 3 4 5] [1 2 3 4 5 25] [1 2 3 4 5 6 19 23 25] [1 2 3 4 25] [1 2 3 4 6 18 19 23 25] [1 2 3 4 18 25] [1 2 3 4 18 19 23 25 26 49] [1 2 3 4 18 19] [1 2 3 4 6 16 18 19 23] [1 2 3 4 6 18 25 26] [1 2 3 4 5 6 9 19 23 25 52 56] [1 2 3 4 6] [1 2 3 4 6 19] [1 2 3 4 16 19] [1 2 3 4 5 16 25] [1 2 3 4 19 25] [1 2 3 4 5 6 16] [1 2 3 4 5 6 9 18 19 25] [1 2 3 4 5 6 19 23] [1 2 3 4 16 19 23] [1 2 3 4 5 6 18 19 23] [1 2 3 4 5 18] [1 2 3 4 18 19 25 26] [1 2 3] [1 2 3 4 16 25] [1 2 3 4 6 19 23] [1 2 3 4 18 19 23 25 26] [1 2 3 4 5 6 10 18 19 23 25 52] [1 2 3 4 6 16] [1 2 3 4 6 19 23 25] [1 2 3 4 5 19 23] [1 2 3 4 5 18 25] [1 2 3 4 5 6 9 18 19 23 25 52 56] [1 2 3 4 5 6 9 19] [1 2 3 19] [1 2 3 4 18 19 23 52] [1 2 3 4 5 19] [1 2 3 4 19 23 25 52] [1 2 3 4 5 6 18] [1 2 3 4 5 6 9 19 23] [1 2 3 4 5 6 9 19 23 25 52] [1 2 3 4 16] [1 2 3 4 6 19 25] [1 2 3 4 5 6 19 23 52] [1 2 3 4 5 6 25] [1 2 3 4 5 6 16 18] [1 2 3 4 5 6 9 18 19 23 25] [1 2 3 4 5 6 16 19 23] [1 2 3 4 5 6 9 19 23 25] [1 2 3 4 5 6 9 19 23 25 28 52 56] [1 2 3 4 18 19 23 25] [1 2] [1] [1 2 3 4 5 6 16 25] [1 2 3 4 19 23 52] [1 10] [1 2 3 4 5 6 16 18 19 23 25] [1 2 3 4 5 6 18 19 23 25 52] [1 2 3 4 5 6 9] [1 2 59] [1 2 3 4 6 18 19 23] [1 2 3 4 5 6 7 8 19 25] [1 2 3 4 5 6 9 16 19 23 25 52] [1 2 3 4 6 18 25] [1 2 3 4 5 6 9 16 19 23] [1 2 3 4 5 6 7 9 18 19 23 25] [1 2 3 4 6 18 19 23 25 26] [1 2 3 4 6 19 23 52] [1 2 3 4 6 8 16 18 25 55] [1 2 3 4 5 6 9 11 18] [1 2 3 4 5 6 9 16 19 23 25] [1 2 3 4 5 6 9 11 19 23 25 28 30 52] [1 2 3 4 5 6 9 16 18 19 23] [1 2 3 4 5 6 19 23 25 52] [1 2 3 4 6 16 18 25] [1 2 3 4 5 6 9 16 18 19 23 25 52] [1 2 3 4 16 18 25] [1 2 3 4 5 6 16 18 25] [1 2 3 4 6 10 19] [1 2 3 4 6 16 19] [1 2 3 4 5 18 19] [1 2 3 4 16 19 23 25] [1 2 3 4 18 19 23 25 52] [1 2 3 4 6 10 18 19 23] [1 2 3 4 6 16 18 19 23 25 26 52 55] [1 2 3 4 5 6 9 11 19 23 25 28 30] [1 6 18] [1 2 6] [1 2 3 4 6 8 16 18 25] [1 59] [1 2 3 4 5 6 19 23 25 52 56] [1 2 3 4 6 16 18 19 23 52] [1 2 53] [1 2 3 4 6 8 16 19 23 25 55] [1 2 3 4 5 6 9 18 19 23 25 26] [1 2 3 4 5 18 23 25 26] [1 2 4] [1 2 3 4 6 18] [1 2 3 4 18 19 23] [1 2 25] [2 19] [1 2 3 4 6 7 16 19] [2 19 23] [1 2 3 4 5 6 9 18 25] [2 3 19 23] [1 2 3 4 5 6 19] [1 2 23] [1 2 3 4 5 19 23 25] [] [] [] [] [] [] [] [] [] [] [] [] [] [] [] [] [] [] [] [] [] [] [] [] [] [] [] [] [] [] [] [] [] [] [] [] [] [] [] [] [] [] [] [] [] [] [] [] [] [] [] [] [] [] [] [] [] [] [] [] [] [] [] [] [] [] [] [] [] [] [] [] [] [] [] [] [] [] [] [] [] [] [] [] [] [] [] [] [] [] [] [] [] [] [] [] [] [] [] [] [] [] [] [] [] [] [] [] [] [] [] [] [] [] [] [] [] []
47 [] [1 2 3 4 19 23] [1 2 3 4 19 23 25] [1 2 3 4 19] [1 2 3 4 5 6] [1 2 3 4] [1 2 3 4 6 19 23 25 52] [1 2 3 4 5] [1 2 3 4 5 25] [1 2 3 4 5 6 19 23 25] [1 2 3 4 25] [1 2 3 4 6 18 19 23 25] [1 2 3 4 18 25] [1 2 3 4 18 19 23 25 26 49] [1 2 3 4 18 19] [1 2 3 4 6 16 18 19 23] [1 2 3 4 6 18 25 26] [1 2 3 4 5 6 9 19 23 25 52 56] [1 2 3 4 6] [1 2 3 4 6 19] [1 2 3 4 16 19] [1 2 3 4 5 16 25] [1 2 3 4 19 25] [1 2 3 4 5 6 16] [1 2 3 4 5 6 9 18 19 25] [1 2 3 4 5 6 19 23] [1 2 3 4 16 19 23] [1 2 3 4 5 6 18 19 23] [1 2 3 4 18] [1 2 3 4 5 18] [1 2 3 4 18 19 25 26] [1 2 3] [1 2 3 4 16 25] [1 2 3 4 6 19 23] [1 2 3 4 18 19 23 25 26] [1 2 3 4 5 6 10 18 19 23 25 52] [1 2 3 4 6 16] [1 2 3 4 6 19 23 25] [1 2 3 4 5 19 23] [1 2 3 4 5 18 25] [1 2 3 4 5 6 9 18 19 23 25 52 56] [1 2 3 4 5 6 9 19] [1 2 3 19] [1 2 3 4 18 19 23 52] [1 2 3 4 5 19] [1 2 3 4 19 23 25 52] [1 2 3 4 5 6 18] [1 2 3 4 5 6 9 19 23] [1 2 3 4 5 6 9 19 23 25 52] [1 2 3 4 16] [1 2 3 4 6 19 25] [1 2 3 4 5 6 19 23 52] [1 2 3 4 5 6 25] [1 2 3 4 5 6 16 18] [1 2 3 4 5 6 9 18 19 23 25] [1 2 3 4 5 6 16 19 23] [1 2 3 4 5 6 9 19 23 25] [1 2 3 4 5 6 9 19 23 25 28 52 56] [1 2 3 4 18 19 23 25] [1 2] [1] [1 2 3 4 5 6 16 25] [1 2 3 4 19 23 52] [1 10] [1 2 3 4 5 6 16 18 19 23 25] [1 2 3 4 5 6 18 19 23 25 52] [1 2 3 4 5 6 9] [1 2 59] [1 2 3 4 6 18 19 23] [1 2 3 4 5 6 7 8 19 25] [1 2 3 4 5 6 9 16 19 23 25 52] [1 2 3 4 6 18 25] [1 2 3 4 5 6 9 16 19 23] [1 2 3 4 5 6 7 9 18 19 23 25] [1 2 3 4 6 18 19 23 25 26] [1 2 3 4 6 19 23 52] [1 2 3 4 6 8 16 18 25 55] [1 2 3 4 5 6 9 11 18] [1 2 3 4 5 6 9 16 19 23 25] [1 2 3 4 5 6 9 11 19 23 25 28 30 52] [1 2 3 4 5 6 9 16 18 19 23] [1 2 3 4 5 6 19 23 25 52] [1 2 3 4 6 16 18 25] [1 2 3 4 5 6 9 16 18 19 23 25 52] [1 2 3 4 16 18 25] [1 2 3 4 5 6 16 18 25] [1 2 3 4 6 10 19] [1 2 3 4 6 16 19] [1 2 3 4 5 18 19] [1 2 3 4 16 19 23 25] [1 2 3 4 18 19 23 25 52] [1 2 3 4 6 10 18 19 23] [1 2 3 4 6 16 18 19 23 25 26 52 55] [1 2 3 4 5 6 9 11 19 23 25 28 30] [1 6 18] [1 2 6] [1 2 3 4 6 8 16 18 25] [1 59] [1 2 3 4 5 6 19 23 25 52 56] [1 2 3 4 6 16 18 19 23 52] [1 2 53] [1 2 3 4 6 8 16 19 23 25 55] [1 2 3 4 5 6 9 18 19 23 25 26] [1 2 3 4 5 18 23 25 26] [1 2 4] [1 2 3 4 6 18] [1 2 3 4 18 19 23] [1 2 25] [2 19] [1 2 3 4 6 7 16 19] [2 19 23] [1 2 3 4 5 6 9 18 25] [2 3 19 23] [1 2 3 4 5 6 19] [1 2 23] [1 2 3 4 5 19 23 25] [] [] [] [] [] [] [] [] [] [] [] [] [] [] [] [] [] [] [] [] [] [] [] [] [] [] [] [] [] [] [] [] [] [] [] [] [] [] [] [] [] [] [] [] [] [] [] [] [] [] [] [] [] [] [] [] [] [] [] [] [] [] [] [] [] [] [] [] [] [] [] [] [] [] [] [] [] [] [] [] [] [] [] [] [] [] [] [] [] [] [] [] [] [] [] [] [] [] [] [] [] [] [] [] [] [] [] [] [] [] [] [] [] [] [] [] [] []
48 [] [1 2 3 4 19] [1 2 3 4 5 6] [1 2 3 4] [1 2 3 4 6 19 23 25 52] [1 2 3 4 5] [1 2 3 4 5 25] [1 2 3 4 5 6 19 23 25] [1 2 3 4 25] [1 2 3 4 6 18 19 23 25] [1 2 3 4 18 25] [1 2 3 4 18 19 23 25 26 49] [1 2 3 4 18 19] [1 2 3 4 6 16 18 19 23] [1 2 3 4 6 18 25 26] [1 2 3 4 5 6 9 19 23 25 52 56] [1 2 3 4 6] [1 2 3 4 6 19] [1 2 3 4 16 19] [1 2 3 4 5 16 25] [1 2 3 4 19 25] [1 2 3 4 5 6 16] [1 2 3 4 5 6 9 18 19 25] [1 2 3 4 5 6 19 23] [1 2 3 4 16 19 23] [1 2 3 4 5 6 18 19 23] [1 2 3 4 18] [1 2 3 4 5 18] [1 2 3 4 18 19 25 26] [1 2 3 4 19 23] [1 2 3] [1 2 3 4 16 25] [1 2 3 4 6 19 23] [1 2 3 4 18 19 23 25 26] [1 2 3 4 5 6 10 18 19 23 25 52] [1 2 3 4 6 16] [1 2 3 4 6 19 23 25] [1 2 3 4 5 19 23] [1 2 3 4 5 18 25] [1 2 3 4 5 6 9 18 19 23 25 52 56] [1 2 3 4 5 6 9 19] [1 2 3 19] [1 2 3 4 18 19 23 52] [1 2 3 4 5 19] [1 2 3 4 19 23 25 52] [1 2 3 4 5 6 18] [1 2 3 4 5 6 9 19 23] [1 2 3 4 5 6 9 19 23 25 52] [1 2 3 4 16] [1 2 3 4 6 19 25] [1 2 3 4 5 6 19 23 52] [1 2 3 4 5 6 25] [1 2 3 4 5 6 16 18] [1 2 3 4 5 6 9 18 19 23 25] [1 2 3 4 5 6 16 19 23] [1 2 3 4 5 6 9 19 23 25] [1 2 3 4 5 6 9 19 23 25 28 52 56] [1 2 3 4 18 19 23 25] [1 2] [1] [1 2 3 4 5 6 16 25] [1 2 3 4 19 23 52] [1 10] [1 2 3 4 5 6 16 18 19 23 25] [1 2 3 4 5 6 18 19 23 25 52] [1 2 3 4 5 6 9] [1 2 59] [1 2 3 4 6 18 19 23] [1 2 3 4 5 6 7 8 19 25] [1 2 3 4 5 6 9 16 19 23 25 52] [1 2 3 4 6 18 25] [1 2 3 4 5 6 9 16 19 23] [1 2 3 4 5 6 7 9 18 19 23 25] [1 2 3 4 6 18 19 23 25 26] [1 2 3 4 6 19 23 52] [1 2 3 4 6 8 16 18 25 55] [1 2 3 4 5 6 9 11 18] [1 2 3 4 5 6 9 16 19 23 25] [1 2 3 4 5 6 9 11 19 23 25 28 30 52] [1 2 3 4 5 6 9 16 18 19 23] [1 2 3 4 5 6 19 23 25 52] [1 2 3 4 6 16 18 25] [1 2 3 4 5 6 9 16 18 19 23 25 52] [1 2 3 4 16 18 25] [1 2 3 4 5 6 16 18 25] [1 2 3 4 6 10 19] [1 2 3 4 6 16 19] [1 2 3 4 5 18 19] [1 2 3 4 16 19 23 25] [1 2 3 4 18 19 23 25 52] [1 2 3 4 6 10 18 19 23] [1 2 3 4 6 16 18 19 23 25 26 52 55] [1 2 3 4 5 6 9 11 19 23 25 28 30] [1 6 18] [1 2 6] [1 2 3 4 6 8 16 18 25] [1 59] [1 2 3 4 5 6 19 23 25 52 56] [1 2 3 4 6 16 18 19 23 52] [1 2 53] [1 2 3 4 6 8 16 19 23 25 55] [1 2 3 4 5 6 9 18 19 23 25 26] [1 2 3 4 5 18 23 25 26] [1 2 4] [1 2 3 4 6 18] [1 2 3 4 18 19 23] [1 2 25] [2 19] [1 2 3 4 6 7 16 19] [2 19 23] [1 2 3 4 5 6 9 18 25] [2 3 19 23] [1 2 3 4 5 6 19] [1 2 23] [1 2 3 4 5 19 23 25] [] [] [] [] [] [] [] [] [] [] [] [] [] [] [] [] [] [] [] [] [] [] [] [] [] [] [] [] [] [] [] [] [] [] [] [] [] [] [] [] [] [] [] [] [] [] [] [] [] [] [] [] [] [] [] [] [] [] [] [] [] [] [] [] [] [] [] [] [] [] [] [] [] [] [] [] [] [] [] [] [] [] [] [] [] [] [] [] [] [] [] [] [] [] [] [] [] [] [] [] [] [] [] [] [] [] [] [] [] [] [] [] [] [] [] [] [] [] []
49 [] [1 2 3 4] [1 2 3 4 6 19 23 25 52] [1 2 3 4 5] [1 2 3 4 5 25] [1 2 3 4 5 6 19 23 25] [1 2 3 4 25] [1 2 3 4 6 18 19 23 25] [1 2 3 4 19] [1 2 3 4 5 6] [1 2 3 4 18 25] [1 2 3 4 18 19 23 25 26 49] [1 2 3 4 18 19] [1 2 3 4 6 16 18 19 23] [1 2 3 4 6 18 25 26] [1 2 3 4 5 6 9 19 23 25 52 56] [1 2 3 4 6] [1 2 3 4 6 19] [1 2 3 4 16 19] [1 2 3 4 5 16 25] [1 2 3 4 19 25] [1 2 3 4 5 6 16] [1 2 3 4 5 6 9 18 19 25] [1 2 3 4 5 6 19 23] [1 2 3 4 16 19 23] [1 2 3 4 5 6 18 19 23] [1 2 3 4 18] [1 2 3 4 5 18] [1 2 3 4 18 19 25 26] [1 2 3 4 19 23] [1 2 3] [1 2 3 4 16 25] [1 2 3 4 6 19 23] [1 2 3 4 18 19 23 25 26] [1 2 3 4 5 6 10 18 19 23 25 52] [1 2 3 4 6 16] [1 2 3 4 6 19 23 25] [1 2 3 4 5 19 23] [1 2 3 4 5 18 25] [1 2 3 4 5 6 9 18 19 23 25 52 56] [1 2 3 4 5 6 9 19] [1 2 3 19] [1 2 3 4 18 19 23 52] [1 2 3 4 5 19] [1 2 3 4 19 23 25 52] [1 2 3 4 5 6 18] [1 2 3 4 5 6 9 19 23] [1 2 3 4 5 6 9 19 23 25 52] [1 2 3 4 16] [1 2 3 4 6 19 25] [1 2 3 4 5 6 19 23 52] [1 2 3 4 5 6 25] [1 2 3 4 5 6 16 18] [1 2 3 4 5 6 9 18 19 23 25] [1 2 3 4 5 6 16 19 23] [1 2 3 4 5 6 9 19 23 25] [1 2 3 4 5 6 9 19 23 25 28 52 56] [1 2 3 4 18 19 23 25] [1 2] [1] [1 2 3 4 5 6 16 25] [1 2 3 4 19 23 52] [1 10] [1 2 3 4 5 6 16 18 19 23 25] [1 2 3 4 5 6 18 19 23 25 52] [1 2 3 4 5 6 9] [1 2 59] [1 2 3 4 6 18 19 23] [1 2 3 4 5 6 7 8 19 25] [1 2 3 4 5 6 9 16 19 23 25 52] [1 2 3 4 6 18 25] [1 2 3 4 5 6 9 16 19 23] [1 2 3 4 5 6 7 9 18 19 23 25] [1 2 3 4 6 18 19 23 25 26] [1 2 3 4 6 19 23 52] [1 2 3 4 6 8 16 18 25 55] [1 2 3 4 5 6 9 11 18] [1 2 3 4 5 6 9 16 19 23 25] [1 2 3 4 5 6 9 11 19 23 25 28 30 52] [1 2 3 4 5 6 9 16 18 19 23] [1 2 3 4 5 6 19 23 25 52] [1 2 3 4 6 16 18 25] [1 2 3 4 5 6 9 16 18 19 23 25 52] [1 2 3 4 16 18 25] [1 2 3 4 5 6 16 18 25] [1 2 3 4 6 10 19] [1 2 3 4 6 16 19] [1 2 3 4 5 18 19] [1 2 3 4 16 19 23 25] [1 2 3 4 18 19 23 25 52] [1 2 3 4 6 10 18 19 23] [1 2 3 4 6 16 18 19 23 25 26 52 55] [1 2 3 4 5 6 9 11 19 23 25 28 30] [1 6 18] [1 2 6] [1 2 3 4 6 8 16 18 25] [1 59] [1 2 3 4 5 6 19 23 25 52 56] [1 2 3 4 6 16 18 19 23 52] [1 2 53] [1 2 3 4 6 8 16 19 23 25 55] [1 2 3 4 5 6 9 18 19 23 25 26] [1 2 3 4 5 18 23 25 26] [1 2 4] [1 2 3 4 6 18] [1 2 3 4 18 19 23] [1 2 25] [2 19] [1 2 3 4 6 7 16 19] [2 19 23] [1 2 3 4 5 6 9 18 25] [2 3 19 23] [1 2 3 4 5 6 19] [1 2 23] [1 2 3 4 5 19 23 25] [] [] [] [] [] [] [] [] [] [] [] [] [] [] [] [] [] [] [] [] [] [] [] [] [] [] [] [] [] [] [] [] [] [] [] [] [] [] [] [] [] [] [] [] [] [] [] [] [] [] [] [] [] [] [] [] [] [] [] [] [] [] [] [] [] [] [] [] [] [] [] [] [] [] [] [] [] [] [] [] [] [] [] [] [] [] [] [] [] [] [] [] [] [] [] [] [] [] [] [] [] [] [] [] [] [] [] [] [] [] [] [] [] [] [] [] [] [] []
50 [] [1 2 3 4 5] [1 2 3 4 5 25] [1 2 3 4 25] [1 2 3 4 5 6 19 23 25] [1 2 3 4 6 18 19 23 25] [1 2 3 4 19] [1 2 3 4 5 6] [1 2 3 4 18 25] [1 2 3 4 18 19 23 25 26 49] [1 2 3 4] [1 2 3 4 18 19] [1 2 3 4 6 16 18 19 23] [1 2 3 4 6 18 25 26] [1 2 3 4 5 6 9 19 23 25 52 56] [1 2 3 4 6] [1 2 3 4 6 19] [1 2 3 4 16 19] [1 2 3 4 5 16 25] [1 2 3 4 19 25] [1 2 3 4 5 6 16] [1 2 3 4 5 6 9 18 19 25] [1 2 3 4 5 6 19 23] [1 2 3 4 16 19 23] [1 2 3 4 5 6 18 19 23] [1 2 3 4 18] [1 2 3 4 5 18] [1 2 3 4 18 19 25 26] [1 2 3 4 19 23] [1 2 3] [1 2 3 4 16 25] [1 2 3 4 6 19 23] [1 2 3 4 18 19 23 25 26] [1 2 3 4 5 6 10 18 19 23 25 52] [1 2 3 4 6 16] [1 2 3 4 6 19 23 25] [1 2 3 4 5 19 23] [1 2 3 4 5 18 25] [1 2 3 4 5 6 9 18 19 23 25 52 56] [1 2 3 4 5 6 9 19] [1 2 3 19] [1 2 3 4 18 19 23 52] [1 2 3 4 5 19] [1 2 3 4 19 23 25 52] [1 2 3 4 5 6 18] [1 2 3 4 5 6 9 19 23] [1 2 3 4 5 6 9 19 23 25 52] [1 2 3 4 16] [1 2 3 4 6 19 25] [1 2 3 4 5 6 19 23 52] [1 2 3 4 5 6 25] [1 2 3 4 5 6 16 18] [1 2 3 4 5 6 9 18 19 23 25] [1 2 3 4 5 6 16 19 23] [1 2 3 4 5 6 9 19 23 25] [1 2 3 4 5 6 9 19 23 25 28 52 56] [1 2 3 4 18 19 23 25] [1 2] [1] [1 2 3 4 5 6 16 25] [1 2 3 4 19 23 52] [1 10] [1 2 3 4 5 6 16 18 19 23 25] [1 2 3 4 5 6 18 19 23 25 52] [1 2 3 4 5 6 9] [1 2 59] [1 2 3 4 6 18 19 23] [1 2 3 4 5 6 7 8 19 25] [1 2 3 4 5 6 9 16 19 23 25 52] [1 2 3 4 6 18 25] [1 2 3 4 5 6 9 16 19 23] [1 2 3 4 5 6 7 9 18 19 23 25] [1 2 3 4 6 18 19 23 25 26] [1 2 3 4 6 19 23 52] [1 2 3 4 6 8 16 18 25 55] [1 2 3 4 5 6 9 11 18] [1 2 3 4 5 6 9 16 19 23 25] [1 2 3 4 5 6 9 11 19 23 25 28 30 52] [1 2 3 4 5 6 9 16 18 19 23] [1 2 3 4 5 6 19 23 25 52] [1 2 3 4 6 16 18 25] [1 2 3 4 5 6 9 16 18 19 23 25 52] [1 2 3 4 16 18 25] [1 2 3 4 5 6 16 18 25] [1 2 3 4 6 10 19] [1 2 3 4 6 16 19] [1 2 3 4 5 18 19] [1 2 3 4 16 19 23 25] [1 2 3 4 18 19 23 25 52] [1 2 3 4 6 10 18 19 23] [1 2 3 4 6 16 18 19 23 25 26 52 55] [1 2 3 4 5 6 9 11 19 23 25 28 30] [1 6 18] [1 2 6] [1 2 3 4 6 8 16 18 25] [1 59] [1 2 3 4 5 6 19 23 25 52 56] [1 2 3 4 6 16 18 19 23 52] [1 2 53] [1 2 3 4 6 8 16 19 23 25 55] [1 2 3 4 5 6 9 18 19 23 25 26] [1 2 3 4 5 18 23 25 26] [1 2 4] [1 2 3 4 6 18] [1 2 3 4 18 19 23] [1 2 25] [2 19] [1 2 3 4 6 7 16 19] [2 19 23] [1 2 3 4 5 6 9 18 25] [2 3 19 23] [1 2 3 4 5 6 19] [1 2 23] [1 2 3 4 5 19 23 25] [] [] [] [] [] [] [] [] [] [] [] [] [] [] [] [] [] [] [] [] [] [] [] [] [] [] [] [] [] [] [] [] [] [] [] [] [] [] [] [] [] [] [] [] [] [] [] [] [] [] [] [] [] [] [] [] [] [] [] [] [] [] [] [] [] [] [] [] [] [] [] [] [] [] [] [] [] [] [] [] [] [] [] [] [] [] [] [] [] [] [] [] [] [] [] [] [] [] [] [] [] [] [] [] [] [] [] [] [] [] [] [] [] [] [] [] [] [] [] []
51 [] [1 2 3 4 25] [1 2 3 4 5 6 19 23 25] [1 2 3 4 5 6 16 25 55] [1 2 3 4 6 18 19 23 25] [1 2 3 4 19] [1 2 3 4 5 6] [1 2 3 4 18 25] [1 2 3 4 18 19 23 25 26 49] [1 2 3 4] [1 2 3 4 18 19] [1 2 3 4 6 16 18 19 23] [1 2 3 4 6 18 25 26] [1 2 3 4 5 6 9 19 23 25 52 56] [1 2 3 4 6] [1 2 3 4 6 19] [1 2 3 4 16 19] [1 2 3 4 5] [1 2 3 4 5 16 25] [1 2 3 4 19 25] [1 2 3 4 5 6 16] [1 2 3 4 5 6 9 18 19 25] [1 2 3 4 5 6 19 23] [1 2 3 4 16 19 23] [1 2 3 4 5 6 18 19 23] [1 2 3 4 18] [1 2 3 4 5 18] [1 2 3 4 18 19 25 26] [1 2 3 4 19 23] [1 2 3] [1 2 3 4 16 25] [1 2 3 4 6 19 23] [1 2 3 4 18 19 23 25 26] [1 2 3 4 5 6 10 18 19 23 25 52] [1 2 3 4 6 16] [1 2 3 4 6 19 23 25] [1 2 3 4 5 19 23] [1 2 3 4 5 18 25] [1 2 3 4 5 6 9 18 19 23 25 52 56] [1 2 3 4 5 6 9 19] [1 2 3 19] [1 2 3 4 18 19 23 52] [1 2 3 4 5 19] [1 2 3 4 19 23 25 52] [1 2 3 4 5 6 18] [1 2 3 4 5 6 9 19 23] [1 2 3 4 5 6 9 19 23 25 52] [1 2 3 4 16] [1 2 3 4 6 19 25] [1 2 3 4 5 6 19 23 52] [1 2 3 4 5 6 25] [1 2 3 4 5 6 16 18] [1 2 3 4 5 6 9 18 19 23 25] [1 2 3 4 5 6 16 19 23] [1 2 3 4 5 6 9 19 23 25] [1 2 3 4 5 6 9 19 23 25 28 52 56] [1 2 3 4 18 19 23 25] [1 2] [1] [1 2 3 4 5 6 16 25] [1 2 3 4 5 25] [1 2 3 4 19 23 52] [1 10] [1 2 3 4 5 6 16 18 19 23 25] [1 2 3 4 5 6 18 19 23 25 52] [1 2 3 4 5 6 9] [1 2 59] [1 2 3 4 6 18 19 23] [1 2 3 4 5 6 7 8 19 25] [1 2 3 4 5 6 9 16 19 23 25 52] [1 2 3 4 6 18 25] [1 2 3 4 5 6 9 16 19 23] [1 2 3 4 5 6 7 9 18 19 23 25] [1 2 3 4 6 18 19 23 25 26] [1 2 3 4 6 19 23 52] [1 2 3 4 6 8 16 18 25 55] [1 2 3 4 5 6 9 11 18] [1 2 3 4 5 6 9 16 19 23 25] [1 2 3 4 5 6 9 11 19 23 25 28 30 52] [1 2 3 4 5 6 9 16 18 19 23] [1 2 3 4 5 6 19 23 25 52] [1 2 3 4 6 16 18 25] [1 2 3 4 5 6 9 16 18 19 23 25 52] [1 2 3 4 16 18 25] [1 2 3 4 5 6 16 18 25] [1 2 3 4 6 10 19] [1 2 3 4 6 16 19] [1 2 3 4 5 18 19] [1 2 3 4 16 19 23 25] [1 2 3 4 18 19 23 25 52] [1 2 3 4 6 10 18 19 23] [1 2 3 4 6 16 18 19 23 25 26 52 55] [1 2 3 4 5 6 9 11 19 23 25 28 30] [1 6 18] [1 2 6] [1 2 3 4 6 8 16 18 25] [1 59] [1 2 3 4 5 6 19 23 25 52 56] [1 2 3 4 6 16 18 19 23 52] [1 2 53] [1 2 3 4 6 8 16 19 23 25 55] [1 2 3 4 5 6 9 18 19 23 25 26] [1 2 3 4 5 18 23 25 26] [1 2 4] [1 2 3 4 6 18] [1 2 3 4 18 19 23] [1 2 25] [2 19] [1 2 3 4 6 7 16 19] [2 19 23] [1 2 3 4 5 6 9 18 25] [2 3 19 23] [1 2 3 4 5 6 19] [1 2 23] [1 2 3 4 5 19 23 25] [] [] [] [] [] [] [] [] [] [] [] [] [] [] [] [] [] [] [] [] [] [] [] [] [] [] [] [] [] [] [] [] [] [] [] [] [] [] [] [] [] [] [] [] [] [] [] [] [] [] [] [] [] [] [] [] [] [] [] [] [] [] [] [] [] [] [] [] [] [] [] [] [] [] [] [] [] [] [] [] [] [] [] [] [] [] [] [] [] [] [] [] [] [] [] [] [] [] [] [] [] [] [] [] [] [] [] [] [] [] [] [] [] [] [] [] [] [] []
52 [] [1 2 3 4 5 6 16 25 55] [1 2 3 4 25] [1 2 3 4 6 18 19 23 25] [1 2 3 4 19] [1 2 3 4 5 6] [1 2 3 4 18 25] [1 2 3 4 18 19 23 25 26 49] [1 2 3 4] [1 2 3 4 18 19] [1 2 3 4 6 16 18 19 23] [1 2 3 4 6 18 25 26] [1 2 3 4 5 6 9 19 23 25 52 56] [1 2 3 4 6] [1 2 3 4 6 19] [1 2 3 4 16 19] [1 2 3 4 5] [1 2 3 4 5 16 25] [1 2 3 4 19 25] [1 2 3 4 5 6 16] [1 2 3 4 5 6 9 18 19 25] [1 2 3 4 5 6 19 23] [1 2 3 4 16 19 23] [1 2 3 4 5 6 18 19 23] [1 2 3 4 18] [1 2 3 4 5 18] [1 2 3 4 18 19 25 26] [1 2 3 4 19 23] [1 2 3] [1 2 3 4 16 25] [1 2 3 4 6 19 23] [1 2 3 4 18 19 23 25 26] [1 2 3 4 5 6 10 18 19 23 25 52] [1 2 3 4 6 16] [1 2 3 4 6 19 23 25] [1 2 3 4 5 19 23] [1 2 3 4 5 18 25] [1 2 3 4 5 6 9 18 19 23 25 52 56] [1 2 3 4 5 6 19 23 25] [1 2 3 4 5 6 9 19] [1 2 3 19] [1 2 3 4 18 19 23 52] [1 2 3 4 5 19] [1 2 3 4 19 23 25 52] [1 2 3 4 5 6 18] [1 2 3 4 5 6 9 19 23] [1 2 3 4 5 6 9 19 23 25 52] [1 2 3 4 16] [1 2 3 4 6 19 25] [1 2 3 4 5 6 19 23 52] [1 2 3 4 5 6 25] [1 2 3 4 5 6 16 18] [1 2 3 4 5 6 9 18 19 23 25] [1 2 3 4 5 6 16 19 23] [1 2 3 4 5 6 9 19 23 25] [1 2 3 4 5 6 9 19 23 25 28 52 56] [1 2 3 4 18 19 23 25] [1 2] [1] [1 2 3 4 5 6 16 25] [1 2 3 4 5 25] [1 2 3 4 19 23 52] [1 10] [1 2 3 4 5 6 16 18 19 23 25] [1 2 3 4 5 6 18 19 23 25 52] [1 2 3 4 5 6 9] [1 2 59] [1 2 3 4 6 18 19 23] [1 2 3 4 5 6 7 8 19 25] [1 2 3 4 5 6 9 16 19 23 25 52] [1 2 3 4 6 18 25] [1 2 3 4 5 6 9 16 19 23] [1 2 3 4 5 6 7 9 18 19 23 25] [1 2 3 4 6 18 19 23 25 26] [1 2 3 4 6 19 23 52] [1 2 3 4 6 8 16 18 25 55] [1 2 3 4 5 6 9 11 18] [1 2 3 4 5 6 9 16 19 23 25] [1 2 3 4 5 6 9 11 19 23 25 28 30 52] [1 2 3 4 5 6 9 16 18 19 23] [1 2 3 4 5 6 19 23 25 52] [1 2 3 4 6 16 18 25] [1 2 3 4 5 6 9 16 18 19 23 25 52] [1 2 3 4 16 18 25] [1 2 3 4 5 6 16 18 25] [1 2 3 4 6 10 19] [1 2 3 4 6 16 19] [1 2 3 4 5 18 19] [1 2 3 4 16 19 23 25] [1 2 3 4 18 19 23 25 52] [1 2 3 4 6 10 18 19 23] [1 2 3 4 6 16 18 19 23 25 26 52 55] [1 2 3 4 5 6 9 11 19 23 25 28 30] [1 6 18] [1 2 6] [1 2 3 4 6 8 16 18 25] [1 59] [1 2 3 4 5 6 19 23 25 52 56] [1 2 3 4 6 16 18 19 23 52] [1 2 53] [1 2 3 4 6 8 16 19 23 25 55] [1 2 3 4 5 6 9 18 19 23 25 26] [1 2 3 4 5 18 23 25 26] [1 2 4] [1 2 3 4 6 18] [1 2 3 4 18 19 23] [1 2 25] [2 19] [1 2 3 4 6 7 16 19] [2 19 23] [1 2 3 4 5 6 9 18 25] [2 3 19 23] [1 2 3 4 5 6 19] [1 2 23] [1 2 3 4 5 19 23 25] [] [] [] [] [] [] [] [] [] [] [] [] [] [] [] [] [] [] [] [] [] [] [] [] [] [] [] [] [] [] [] [] [] [] [] [] [] [] [] [] [] [] [] [] [] [] [] [] [] [] [] [] [] [] [] [] [] [] [] [] [] [] [] [] [] [] [] [] [] [] [] [] [] [] [] [] [] [] [] [] [] [] [] [] [] [] [] [] [] [] [] [] [] [] [] [] [] [] [] [] [] [] [] [] [] [] [] [] [] [] [] [] [] [] [] [] [] [] []
53 [] [1 2 3 4 6 18 19 23 25] [1 2 3 4 19] [1 2 3 4 5 6 9 19 23 25 52] [1 2 3 4 5 6] [1 2 3 4 18 25] [1 2 3 4 18 19 23 25 26 49] [1 2 3 4] [1 2 3 4 18 19] [1 2 3 4 6 16 18 19 23] [1 2 3 4 6 18 25 26] [1 2 3 4 5 6 9 19 23 25 52 56] [1 2 3 4 6] [1 2 3 4 6 19] [1 2 3 4 16 19] [1 2 3 4 5] [1 2 3 4 5 16 25] [1 2 3 4 19 25] [1 2 3 4 5 6 16] [1 2 3 4 5 6 9 18 19 25] [1 2 3 4 5 6 19 23] [1 2 3 4 16 19 23] [1 2 3 4 5 6 18 19 23] [1 2 3 4 18] [1 2 3 4 5 18] [1 2 3 4 18 19 25 26] [1 2 3 4 19 23] [1 2 3] [1 2 3 4 16 25] [1 2 3 4 6 19 23] [1 2 3 4 18 19 23 25 26] [1 2 3 4 5 6 10 18 19 23 25 52] [1 2 3 4 6 16] [1 2 3 4 6 19 23 25] [1 2 3 4 5 19 23] [1 2 3 4 5 18 25] [1 2 3 4 5 6 9 18 19 23 25 52 56] [1 2 3 4 5 6 19 23 25] [1 2 3 4 5 6 9 19] [1 2 3 19] [1 2 3 4 18 19 23 52] [1 2 3 4 5 19] [1 2 3 4 19 23 25 52] [1 2 3 4 5 6 18] [1 2 3 4 5 6 9 19 23] [1 2 3 4 16] [1 2 3 4 6 19 25] [1 2 3 4 5 6 19 23 52] [1 2 3 4 5 6 25] [1 2 3 4 5 6 16 18] [1 2 3 4 5 6 9 18 19 23 25] [1 2 3 4 5 6 16 19 23] [1 2 3 4 5 6 9 19 23 25] [1 2 3 4 5 6 9 19 23 25 28 52 56] [1 2 3 4 18 19 23 25] [1 2] [1] [1 2 3 4 25] [1 2 3 4 5 6 16 25] [1 2 3 4 5 25] [1 2 3 4 19 23 52] [1 10] [1 2 3 4 5 6 16 18 19 23 25] [1 2 3 4 5 6 18 19 23 25 52] [1 2 3 4 5 6 9] [1 2 59] [1 2 3 4 6 18 19 23] [1 2 3 4 5 6 7 8 19 25] [1 2 3 4 5 6 9 16 19 23 25 52] [1 2 3 4 6 18 25] [1 2 3 4 5 6 9 16 19 23] [1 2 3 4 5 6 7 9 18 19 23 25] [1 2 3 4 6 18 19 23 25 26] [1 2 3 4 6 19 23 52] [1 2 3 4 6 8 16 18 25 55] [1 2 3 4 5 6 9 11 18] [1 2 3 4 5 6 9 16 19 23 25] [1 2 3 4 5 6 9 11 19 23 25 28 30 52] [1 2 3 4 5 6 9 16 18 19 23] [1 2 3 4 5 6 19 23 25 52] [1 2 3 4 6 16 18 25] [1 2 3 4 5 6 9 16 18 19 23 25 52] [1 2 3 4 16 18 25] [1 2 3 4 5 6 16 18 25] [1 2 3 4 6 10 19] [1 2 3 4 6 16 19] [1 2 3 4 5 18 19] [1 2 3 4 16 19 23 25] [1 2 3 4 18 19 23 25 52] [1 2 3 4 6 10 18 19 23] [1 2 3 4 6 16 18 19 23 25 26 52 55] [1 2 3 4 5 6 9 11 19 23 25 28 30] [1 6 18] [1 2 6] [1 2 3 4 6 8 16 18 25] [1 59] [1 2 3 4 5 6 19 23 25 52 56] [1 2 3 4 6 16 18 19 23 52] [1 2 53] [1 2 3 4 6 8 16 19 23 25 55] [1 2 3 4 5 6 9 18 19 23 25 26] [1 2 3 4 5 18 23 25 26] [1 2 4] [1 2 3 4 6 18] [1 2 3 4 18 19 23] [1 2 25] [2 19] [1 2 3 4 6 7 16 19] [2 19 23] [1 2 3 4 5 6 9 18 25] [2 3 19 23] [1 2 3 4 5 6 19] [1 2 23] [1 2 3 4 5 19 23 25] [] [] [] [] [] [] [] [] [] [] [] [] [] [] [] [] [] [] [] [] [] [] [] [] [] [] [] [] [] [] [] [] [] [] [] [] [] [] [] [] [] [] [] [] [] [] [] [] [] [] [] [] [] [] [] [] [] [] [] [] [] [] [] [] [] [] [] [] [] [] [] [] [] [] [] [] [] [] [] [] [] [] [] [] [] [] [] [] [] [] [] [] [] [] [] [] [] [] [] [] [] [] [] [] [] [] [] [] [] [] [] [] [] [] [] [] [] [] [] []
54 [] [1 2 3 4 5 6 9 19 23 25 52] [1 2 3 4 5 6] [1 2 3 4 18 25] [1 2 3 4 18 19 23 25 26 49] [1 2 3 4 19] [1 2 3 4] [1 2 3 4 18 19] [1 2 3 4 6 16 18 19 23] [1 2 3 4 6 18 25 26] [1 2 3 4 5 6 9 19 23 25 52 56] [1 2 3 4 6] [1 2 3 4 6 19] [1 2 3 4 16 19] [1 2 3 4 5] [1 2 3 4 5 16 25] [1 2 3 4 19 25] [1 2 3 4 5 6 16] [1 2 3 4 5 6 9 18 19 25] [1 2 3 4 5 6 19 23] [1 2 3 4 16 19 23] [1 2 3 4 5 6 18 19 23] [1 2 3 4 18] [1 2 3 4 5 18] [1 2 3 4 18 19 25 26] [1 2 3 4 19 23] [1 2 3] [1 2 3 4 16 25] [1 2 3 4 6 19 23] [1 2 3 4 18 19 23 25 26] [1 2 3 4 5 6 10 18 19 23 25 52] [1 2 3 4 6 16] [1 2 3 4 6 19 23 25] [1 2 3 4 5 19 23] [1 2 3 4 5 18 25] [1 2 3 4 5 6 9 18 19 23 25 52 56] [1 2 3 4 5 6 19 23 25] [1 2 3 4 5 6 9 19] [1 2 3 19] [1 2 3 4 18 19 23 52] [1 2 3 4 5 19] [1 2 3 4 19 23 25 52] [1 2 3 4 5 6 18] [1 2 3 4 5 6 9 19 23] [1 2 3 4 16] [1 2 3 4 6 19 25] [1 2 3 4 5 6 19 23 52] [1 2 3 4 5 6 25] [1 2 3 4 5 6 16 18] [1 2 3 4 5 6 9 18 19 23 25] [1 2 3 4 5 6 16 19 23] [1 2 3 4 5 6 9 19 23 25] [1 2 3 4 5 6 9 19 23 25 28 52 56] [1 2 3 4 6 18 19 23 25] [1 2 3 4 18 19 23 25] [1 2] [1] [1 2 3 4 25] [1 2 3 4 5 6 16 25] [1 2 3 4 5 25] [1 2 3 4 19 23 52] [1 10] [1 2 3 4 5 6 16 18 19 23 25] [1 2 3 4 5 6 18 19 23 25 52] [1 2 3 4 5 6 9] [1 2 59] [1 2 3 4 6 18 19 23] [1 2 3 4 5 6 7 8 19 25] [1 2 3 4 5 6 9 16 19 23 25 52] [1 2 3 4 6 18 25] [1 2 3 4 5 6 9 16 19 23] [1 2 3 4 5 6 7 9 18 19 23 25] [1 2 3 4 6 18 19 23 25 26] [1 2 3 4 6 19 23 52] [1 2 3 4 6 8 16 18 25 55] [1 2 3 4 5 6 9 11 18] [1 2 3 4 5 6 9 16 19 23 25] [1 2 3 4 5 6 9 11 19 23 25 28 30 52] [1 2 3 4 5 6 9 16 18 19 23] [1 2 3 4 5 6 19 23 25 52] [1 2 3 4 6 16 18 25] [1 2 3 4 5 6 9 16 18 19 23 25 52] [1 2 3 4 16 18 25] [1 2 3 4 5 6 16 18 25] [1 2 3 4 6 10 19] [1 2 3 4 6 16 19] [1 2 3 4 5 18 19] [1 2 3 4 16 19 23 25] [1 2 3 4 18 19 23 25 52] [1 2 3 4 6 10 18 19 23] [1 2 3 4 6 16 18 19 23 25 26 52 55] [1 2 3 4 5 6 9 11 19 23 25 28 30] [1 6 18] [1 2 6] [1 2 3 4 6 8 16 18 25] [1 59] [1 2 3 4 5 6 19 23 25 52 56] [1 2 3 4 6 16 18 19 23 52] [1 2 53] [1 2 3 4 6 8 16 19 23 25 55] [1 2 3 4 5 6 9 18 19 23 25 26] [1 2 3 4 5 18 23 25 26] [1 2 4] [1 2 3 4 6 18] [1 2 3 4 18 19 23] [1 2 25] [2 19] [1 2 3 4 6 7 16 19] [2 19 23] [1 2 3 4 5 6 9 18 25] [2 3 19 23] [1 2 3 4 5 6 19] [1 2 23] [1 2 3 4 5 19 23 25] [] [] [] [] [] [] [] [] [] [] [] [] [] [] [] [] [] [] [] [] [] [] [] [] [] [] [] [] [] [] [] [] [] [] [] [] [] [] [] [] [] [] [] [] [] [] [] [] [] [] [] [] [] [] [] [] [] [] [] [] [] [] [] [] [] [] [] [] [] [] [] [] [] [] [] [] [] [] [] [] [] [] [] [] [] [] [] [] [] [] [] [] [] [] [] [] [] [] [] [] [] [] [] [] [] [] [] [] [] [] [] [] [] [] [] [] [] [] [] []
55 [] [1 2 3 4 18 25] [1 2 3 4 18 19 23 25 26 49] [1 2 3 4 19] [1 2 3 4] [1 2 3 4 18 19] [1 2 3 4 6 16 18 19 23] [1 2 3 4 6 18 25 26] [1 2 3 4 5 6 9 19 23 25 52 56] [1 2 3 4 6] [1 2 3 4 6 19] [1 2 3 4 16 19] [1 2 3 4 5] [1 2 3 4 5 16 25] [1 2 3 4 19 25] [1 2 3 4 5 6 16] [1 2 3 4 5 6 9 18 19 25] [1 2 3 4 5 6 19 23] [1 2 3 4 16 19 23] [1 2 3 4 5 6 18 19 23] [1 2 3 4 18] [1 2 3 4 5 18] [1 2 3 4 18 19 25 26] [1 2 3 4 19 23] [1 2 3] [1 2 3 4 16 25] [1 2 3 4 6 19 23] [1 2 3 4 18 19 23 25 26] [1 2 3 4 5 6 10 18 19 23 25 52] [1 2 3 4 6 16] [1 2 3 4 6 19 23 25] [1 2 3 4 5 19 23] [1 2 3 4 5 6] [1 2 3 4 5 18 25] [1 2 3 4 5 6 9 18 19 23 25 52 56] [1 2 3 4 5 6 19 23 25] [1 2 3 4 5 6 9 19] [1 2 3 19] [1 2 3 4 18 19 23 52] [1 2 3 4 5 19] [1 2 3 4 19 23 25 52] [1 2 3 4 5 6 18] [1 2 3 4 5 6 9 19 23] [1 2 3 4 5 6 9 19 23 25 52] [1 2 3 4 16] [1 2 3 4 6 19 25] [1 2 3 4 5 6 19 23 52] [1 2 3 4 5 6 25] [1 2 3 4 5 6 16 18] [1 2 3 4 5 6 9 18 19 23 25] [1 2 3 4 5 6 16 19 23] [1 2 3 4 5 6 9 19 23 25] [1 2 3 4 5 6 9 19 23 25 28 52 56] [1 2 3 4 6 18 19 23 25] [1 2 3 4 18 19 23 25] [1 2] [1] [1 2 3 4 25] [1 2 3 4 5 6 16 25] [1 2 3 4 5 25] [1 2 3 4 19 23 52] [1 10] [1 2 3 4 5 6 16 18 19 23 25] [1 2 3 4 5 6 18 19 23 25 52] [1 2 3 4 5 6 9] [1 2 59] [1 2 3 4 6 18 19 23] [1 2 3 4 5 6 7 8 19 25] [1 2 3 4 5 6 9 16 19 23 25 52] [1 2 3 4 6 18 25] [1 2 3 4 5 6 9 16 19 23] [1 2 3 4 5 6 7 9 18 19 23 25] [1 2 3 4 6 18 19 23 25 26] [1 2 3 4 6 19 23 52] [1 2 3 4 6 8 16 18 25 55] [1 2 3 4 5 6 9 11 18] [1 2 3 4 5 6 9 16 19 23 25] [1 2 3 4 5 6 9 11 19 23 25 28 30 52] [1 2 3 4 5 6 9 16 18 19 23] [1 2 3 4 5 6 19 23 25 52] [1 2 3 4 6 16 18 25] [1 2 3 4 5 6 9 16 18 19 23 25 52] [1 2 3 4 16 18 25] [1 2 3 4 5 6 16 18 25] [1 2 3 4 6 10 19] [1 2 3 4 6 16 19] [1 2 3 4 5 18 19] [1 2 3 4 16 19 23 25] [1 2 3 4 18 19 23 25 52] [1 2 3 4 6 10 18 19 23] [1 2 3 4 6 16 18 19 23 25 26 52 55] [1 2 3 4 5 6 9 11 19 23 25 28 30] [1 6 18] [1 2 6] [1 2 3 4 6 8 16 18 25] [1 59] [1 2 3 4 5 6 19 23 25 52 56] [1 2 3 4 6 16 18 19 23 52] [1 2 53] [1 2 3 4 6 8 16 19 23 25 55] [1 2 3 4 5 6 9 18 19 23 25 26] [1 2 3 4 5 18 23 25 26] [1 2 4] [1 2 3 4 6 18] [1 2 3 4 18 19 23] [1 2 25] [2 19] [1 2 3 4 6 7 16 19] [2 19 23] [1 2 3 4 5 6 9 18 25] [2 3 19 23] [1 2 3 4 5 6 19] [1 2 23] [1 2 3 4 5 19 23 25] [] [] [] [] [] [] [] [] [] [] [] [] [] [] [] [] [] [] [] [] [] [] [] [] [] [] [] [] [] [] [] [] [] [] [] [] [] [] [] [] [] [] [] [] [] [] [] [] [] [] [] [] [] [] [] [] [] [] [] [] [] [] [] [] [] [] [] [] [] [] [] [] [] [] [] [] [] [] [] [] [] [] [] [] [] [] [] [] [] [] [] [] [] [] [] [] [] [] [] [] [] [] [] [] [] [] [] [] [] [] [] [] [] [] [] [] [] [] [] []
56 [] [1 2 3 4 19] [1 2 3 4] [1 2 3 4 6 19 23 25 52] [1 2 3 4 18 19] [1 2 3 4 6 16 18 19 23] [1 2 3 4 6 18 25 26] [1 2 3 4 5 6 9 19 23 25 52 56] [1 2 3 4 6] [1 2 3 4 6 19] [1 2 3 4 16 19] [1 2 3 4 5] [1 2 3 4 5 16 25] [1 2 3 4 19 25] [1 2 3 4 5 6 16] [1 2 3 4 5 6 9 18 19 25] [1 2 3 4 5 6 19 23] [1 2 3 4 16 19 23] [1 2 3 4 5 6 18 19 23] [1 2 3 4 18] [1 2 3 4 5 18] [1 2 3 4 18 19 25 26] [1 2 3 4 19 23] [1 2 3] [1 2 3 4 16 25] [1 2 3 4 6 19 23] [1 2 3 4 18 19 23 25 26] [1 2 3 4 5 6 10 18 19 23 25 52] [1 2 3 4 6 16] [1 2 3 4 6 19 23 25] [1 2 3 4 5 19 23] [1 2 3 4 5 6] [1 2 3 4 5 18 25] [1 2 3 4 5 6 9 18 19 23 25 52 56] [1 2 3 4 5 6 19 23 25] [1 2 3 4 5 6 9 19] [1 2 3 19] [1 2 3 4 18 19 23 52] [1 2 3 4 5 19] [1 2 3 4 19 23 25 52] [1 2 3 4 5 6 18] [1 2 3 4 5 6 9 19 23] [1 2 3 4 5 6 9 19 23 25 52] [1 2 3 4 16] [1 2 3 4 6 19 25] [1 2 3 4 5 6 19 23 52] [1 2 3 4 5 6 25] [1 2 3 4 5 6 16 18] [1 2 3 4 5 6 9 18 19 23 25] [1 2 3 4 5 6 16 19 23] [1 2 3 4 5 6 9 19 23 25] [1 2 3 4 5 6 9 19 23 25 28 52 56] [1 2 3 4 6 18 19 23 25] [1 2 3 4 18 19 23 25] [1 2] [1] [1 2 3 4 25] [1 2 3 4 5 6 16 25] [1 2 3 4 5 25] [1 2 3 4 19 23 52] [1 10] [1 2 3 4 5 6 16 18 19 23 25] [1 2 3 4 5 6 18 19 23 25 52] [1 2 3 4 5 6 9] [1 2 59] [1 2 3 4 6 18 19 23] [1 2 3 4 5 6 7 8 19 25] [1 2 3 4 5 6 9 16 19 23 25 52] [1 2 3 4 6 18 25] [1 2 3 4 5 6 9 16 19 23] [1 2 3 4 5 6 7 9 18 19 23 25] [1 2 3 4 6 18 19 23 25 26] [1 2 3 4 6 19 23 52] [1 2 3 4 6 8 16 18 25 55] [1 2 3 4 5 6 9 11 18] [1 2 3 4 5 6 9 16 19 23 25] [1 2 3 4 5 6 9 11 19 23 25 28 30 52] [1 2 3 4 5 6 9 16 18 19 23] [1 2 3 4 5 6 19 23 25 52] [1 2 3 4 6 16 18 25] [1 2 3 4 5 6 9 16 18 19 23 25 52] [1 2 3 4 16 18 25] [1 2 3 4 5 6 16 18 25] [1 2 3 4 6 10 19] [1 2 3 4 6 16 19] [1 2 3 4 5 18 19] [1 2 3 4 16 19 23 25] [1 2 3 4 18 19 23 25 52] [1 2 3 4 6 10 18 19 23] [1 2 3 4 6 16 18 19 23 25 26 52 55] [1 2 3 4 5 6 9 11 19 23 25 28 30] [1 6 18] [1 2 6] [1 2 3 4 6 8 16 18 25] [1 59] [1 2 3 4 5 6 19 23 25 52 56] [1 2 3 4 6 16 18 19 23 52] [1 2 53] [1 2 3 4 6 8 16 19 23 25 55] [1 2 3 4 5 6 9 18 19 23 25 26] [1 2 3 4 5 18 23 25 26] [1 2 4] [1 2 3 4 6 18] [1 2 3 4 18 19 23] [1 2 25] [2 19] [1 2 3 4 6 7 16 19] [1 2 3 4 18 25] [2 19 23] [1 2 3 4 5 6 9 18 25] [2 3 19 23] [1 2 3 4 5 6 19] [1 2 23] [1 2 3 4 5 19 23 25] [] [] [] [] [] [] [] [] [] [] [] [] [] [] [] [] [] [] [] [] [] [] [] [] [] [] [] [] [] [] [] [] [] [] [] [] [] [] [] [] [] [] [] [] [] [] [] [] [] [] [] [] [] [] [] [] [] [] [] [] [] [] [] [] [] [] [] [] [] [] [] [] [] [] [] [] [] [] [] [] [] [] [] [] [] [] [] [] [] [] [] [] [] [] [] [] [] [] [] [] [] [] [] [] [] [] [] [] [] [] [] [] [] [] [] [] [] [] [] []
57 [] [1 2 3 4 6 19 23 25 52] [1 2 3 4 16 25] [1 2 3 4 18 19] [1 2 3 4 19] [1 2 3 4 6 16 18 19 23] [1 2 3 4 6 18 25 26] [1 2 3 4 5 6 9 19 23 25 52 56] [1 2 3 4 6] [1 2 3 4 6 19] [1 2 3 4] [1 2 3 4 16 19] [1 2 3 4 5] [1 2 3 4 5 16 25] [1 2 3 4 19 25] [1 2 3 4 5 6 16] [1 2 3 4 5 6 9 18 19 25] [1 2 3 4 5 6 19 23] [1 2 3 4 16 19 23] [1 2 3 4 5 6 18 19 23] [1 2 3 4 18] [1 2 3 4 5 18] [1 2 3 4 18 19 25 26] [1 2 3 4 19 23] [1 2 3] [1 2 3 4 6 19 23] [1 2 3 4 18 19 23 25 26] [1 2 3 4 5 6 10 18 19 23 25 52] [1 2 3 4 6 16] [1 2 3 4 6 19 23 25] [1 2 3 4 5 19 23] [1 2 3 4 5 6] [1 2 3 4 5 18 25] [1 2 3 4 5 6 9 18 19 23 25 52 56] [1 2 3 4 5 6 19 23 25] [1 2 3 4 5 6 9 19] [1 2 3 19] [1 2 3 4 18 19 23 52] [1 2 3 4 5 19] [1 2 3 4 19 23 25 52] [1 2 3 4 5 6 18] [1 2 3 4 5 6 9 19 23] [1 2 3 4 5 6 9 19 23 25 52] [1 2 3 4 16] [1 2 3 4 6 19 25] [1 2 3 4 5 6 19 23 52] [1 2 3 4 5 6 25] [1 2 3 4 5 6 16 18] [1 2 3 4 5 6 9 18 19 23 25] [1 2 3 4 5 6 16 19 23] [1 2 3 4 5 6 9 19 23 25] [1 2 3 4 5 6 9 19 23 25 28 52 56] [1 2 3 4 6 18 19 23 25] [1 2 3 4 18 19 23 25] [1 2] [1] [1 2 3 4 25] [1 2 3 4 5 6 16 25] [1 2 3 4 5 25] [1 2 3 4 19 23 52] [1 10] [1 2 3 4 5 6 16 18 19 23 25] [1 2 3 4 5 6 18 19 23 25 52] [1 2 3 4 5 6 9] [1 2 59] [1 2 3 4 6 18 19 23] [1 2 3 4 5 6 7 8 19 25] [1 2 3 4 5 6 9 16 19 23 25 52] [1 2 3 4 6 18 25] [1 2 3 4 5 6 9 16 19 23] [1 2 3 4 5 6 7 9 18 19 23 25] [1 2 3 4 6 18 19 23 25 26] [1 2 3 4 6 19 23 52] [1 2 3 4 6 8 16 18 25 55] [1 2 3 4 5 6 9 11 18] [1 2 3 4 5 6 9 16 19 23 25] [1 2 3 4 5 6 9 11 19 23 25 28 30 52] [1 2 3 4 5 6 9 16 18 19 23] [1 2 3 4 5 6 19 23 25 52] [1 2 3 4 6 16 18 25] [1 2 3 4 5 6 9 16 18 19 23 25 52] [1 2 3 4 16 18 25] [1 2 3 4 5 6 16 18 25] [1 2 3 4 6 10 19] [1 2 3 4 6 16 19] [1 2 3 4 5 18 19] [1 2 3 4 16 19 23 25] [1 2 3 4 18 19 23 25 52] [1 2 3 4 6 10 18 19 23] [1 2 3 4 6 16 18 19 23 25 26 52 55] [1 2 3 4 5 6 9 11 19 23 25 28 30] [1 6 18] [1 2 6] [1 2 3 4 6 8 16 18 25] [1 59] [1 2 3 4 5 6 19 23 25 52 56] [1 2 3 4 6 16 18 19 23 52] [1 2 53] [1 2 3 4 6 8 16 19 23 25 55] [1 2 3 4 5 6 9 18 19 23 25 26] [1 2 3 4 5 18 23 25 26] [1 2 4] [1 2 3 4 6 18] [1 2 3 4 18 19 23] [1 2 25] [2 19] [1 2 3 4 6 7 16 19] [1 2 3 4 18 25] [2 19 23] [1 2 3 4 5 6 9 18 25] [2 3 19 23] [1 2 3 4 5 6 19] [1 2 23] [1 2 3 4 5 19 23 25] [] [] [] [] [] [] [] [] [] [] [] [] [] [] [] [] [] [] [] [] [] [] [] [] [] [] [] [] [] [] [] [] [] [] [] [] [] [] [] [] [] [] [] [] [] [] [] [] [] [] [] [] [] [] [] [] [] [] [] [] [] [] [] [] [] [] [] [] [] [] [] [] [] [] [] [] [] [] [] [] [] [] [] [] [] [] [] [] [] [] [] [] [] [] [] [] [] [] [] [] [] [] [] [] [] [] [] [] [] [] [] [] [] [] [] [] [] [] [] []
58 [] [1 2 3 4 18 19] [1 2 3 4 19] [1 2 3 4 6 16 18 19 23] [1 2 3 4 6 18 25 26] [1 2 3 4 5 6 9 19 23 25 52 56] [1 2 3 4 6] [1 2 3 4 6 19] [1 2 3 4] [1 2 3 4 16 19] [1 2 3 4 5] [1 2 3 4 5 16 25] [1 2 3 4 19 25] [1 2 3 4 5 6 16] [1 2 3 4 5 6 9 18 19 25] [1 2 3 4 5 6 19 23] [1 2 3 4 16 19 23] [1 2 3 4 5 6 18 19 23] [1 2 3 4 18] [1 2 3 4 5 18] [1 2 3 4 18 19 25 26] [1 2 3 4 19 23] [1 2 3] [1 2 3 4 16 25] [1 2 3 4 6 19 23] [1 2 3 4 18 19 23 25 26] [1 2 3 4 5 6 10 18 19 23 25 52] [1 2 3 4 6 16] [1 2 3 4 6 19 23 25] [1 2 3 4 5 19 23] [1 2 3 4 5 6] [1 2 3 4 5 18 25] [1 2 3 4 5 6 9 18 19 23 25 52 56] [1 2 3 4 5 6 19 23 25] [1 2 3 4 5 6 9 19] [1 2 3 19] [1 2 3 4 18 19 23 52] [1 2 3 4 5 19] [1 2 3 4 19 23 25 52] [1 2 3 4 5 6 18] [1 2 3 4 5 6 9 19 23] [1 2 3 4 5 6 9 19 23 25 52] [1 2 3 4 16] [1 2 3 4 6 19 25] [1 2 3 4 5 6 19 23 52] [1 2 3 4 5 6 25] [1 2 3 4 5 6 16 18] [1 2 3 4 5 6 9 18 19 23 25] [1 2 3 4 5 6 16 19 23] [1 2 3 4 5 6 9 19 23 25] [1 2 3 4 5 6 9 19 23 25 28 52 56] [1 2 3 4 6 18 19 23 25] [1 2 3 4 18 19 23 25] [1 2] [1] [1 2 3 4 25] [1 2 3 4 5 6 16 25] [1 2 3 4 5 25] [1 2 3 4 19 23 52] [1 10] [1 2 3 4 5 6 16 18 19 23 25] [1 2 3 4 5 6 18 19 23 25 52] [1 2 3 4 5 6 9] [1 2 59] [1 2 3 4 6 18 19 23] [1 2 3 4 5 6 7 8 19 25] [1 2 3 4 5 6 9 16 19 23 25 52] [1 2 3 4 6 18 25] [1 2 3 4 5 6 9 16 19 23] [1 2 3 4 5 6 7 9 18 19 23 25] [1 2 3 4 6 18 19 23 25 26] [1 2 3 4 6 19 23 52] [1 2 3 4 6 8 16 18 25 55] [1 2 3 4 5 6 9 11 18] [1 2 3 4 5 6 9 16 19 23 25] [1 2 3 4 5 6 9 11 19 23 25 28 30 52] [1 2 3 4 5 6 9 16 18 19 23] [1 2 3 4 5 6 19 23 25 52] [1 2 3 4 6 16 18 25] [1 2 3 4 5 6 9 16 18 19 23 25 52] [1 2 3 4 16 18 25] [1 2 3 4 5 6 16 18 25] [1 2 3 4 6 10 19] [1 2 3 4 6 16 19] [1 2 3 4 5 18 19] [1 2 3 4 16 19 23 25] [1 2 3 4 18 19 23 25 52] [1 2 3 4 6 10 18 19 23] [1 2 3 4 6 16 18 19 23 25 26 52 55] [1 2 3 4 5 6 9 11 19 23 25 28 30] [1 6 18] [1 2 6] [1 2 3 4 6 8 16 18 25] [1 59] [1 2 3 4 5 6 19 23 25 52 56] [1 2 3 4 6 16 18 19 23 52] [1 2 53] [1 2 3 4 6 8 16 19 23 25 55] [1 2 3 4 5 6 9 18 19 23 25 26] [1 2 3 4 5 18 23 25 26] [1 2 4] [1 2 3 4 6 18] [1 2 3 4 18 19 23] [1 2 25] [2 19] [1 2 3 4 6 7 16 19] [1 2 3 4 18 25] [2 19 23] [1 2 3 4 5 6 9 18 25] [2 3 19 23] [1 2 3 4 5 6 19] [1 2 23] [1 2 3 4 5 19 23 25] [] [] [] [] [] [] [] [] [] [] [] [] [] [] [] [] [] [] [] [] [] [] [] [] [] [] [] [] [] [] [] [] [] [] [] [] [] [] [] [] [] [] [] [] [] [] [] [] [] [] [] [] [] [] [] [] [] [] [] [] [] [] [] [] [] [] [] [] [] [] [] [] [] [] [] [] [] [] [] [] [] [] [] [] [] [] [] [] [] [] [] [] [] [] [] [] [] [] [] [] [] [] [] [] [] [] [] [] [] [] [] [] [] [] [] [] [] [] [] [] []
59 [] [1 2 3 4 6 16 18 19 23] [1 2 3 4 19] [1 2 3 4 6 18 25 26] [1 2 3 4 5 6 9 19 23 25 52 56] [1 2 3 4 6] [1 2 3 4 6 19] [1 2 3 4] [1 2 3 4 16 19] [1 2 3 4 5] [1 2 3 4 5 16 25] [1 2 3 4 19 25] [1 2 3 4 5 6 16] [1 2 3 4 5 6 9 18 19 25] [1 2 3 4 5 6 19 23] [1 2 3 4 16 19 23] [1 2 3 4 5 6 18 19 23] [1 2 3 4 18] [1 2 3 4 5 18] [1 2 3 4 18 19 25 26] [1 2 3 4 19 23] [1 2 3] [1 2 3 4 16 25] [1 2 3 4 6 19 23] [1 2 3 4 18 19 23 25 26] [1 2 3 4 5 6 10 18 19 23 25 52] [1 2 3 4 6 16] [1 2 3 4 6 19 23 25] [1 2 3 4 5 19 23] [1 2 3 4 5 6] [1 2 3 4 5 18 25] [1 2 3 4 5 6 9 18 19 23 25 52 56] [1 2 3 4 5 6 19 23 25] [1 2 3 4 18 19] [1 2 3 4 5 6 9 19] [1 2 3 19] [1 2 3 4 18 19 23 52] [1 2 3 4 5 19] [1 2 3 4 19 23 25 52] [1 2 3 4 5 6 18] [1 2 3 4 5 6 9 19 23] [1 2 3 4 5 6 9 19 23 25 52] [1 2 3 4 16] [1 2 3 4 6 19 25] [1 2 3 4 5 6 19 23 52] [1 2 3 4 5 6 25] [1 2 3 4 5 6 16 18] [1 2 3 4 5 6 9 18 19 23 25] [1 2 3 4 5 6 16 19 23] [1 2 3 4 5 6 9 19 23 25] [1 2 3 4 5 6 9 19 23 25 28 52 56] [1 2 3 4 6 18 19 23 25] [1 2 3 4 18 19 23 25] [1 2] [1] [1 2 3 4 25] [1 2 3 4 5 6 16 25] [1 2 3 4 5 25] [1 2 3 4 19 23 52] [1 10] [1 2 3 4 5 6 16 18 19 23 25] [1 2 3 4 5 6 18 19 23 25 52] [1 2 3 4 5 6 9] [1 2 59] [1 2 3 4 6 18 19 23] [1 2 3 4 5 6 7 8 19 25] [1 2 3 4 5 6 9 16 19 23 25 52] [1 2 3 4 6 18 25] [1 2 3 4 5 6 9 16 19 23] [1 2 3 4 5 6 7 9 18 19 23 25] [1 2 3 4 6 18 19 23 25 26] [1 2 3 4 6 19 23 52] [1 2 3 4 6 8 16 18 25 55] [1 2 3 4 5 6 9 11 18] [1 2 3 4 5 6 9 16 19 23 25] [1 2 3 4 5 6 9 11 19 23 25 28 30 52] [1 2 3 4 5 6 9 16 18 19 23] [1 2 3 4 5 6 19 23 25 52] [1 2 3 4 6 16 18 25] [1 2 3 4 5 6 9 16 18 19 23 25 52] [1 2 3 4 16 18 25] [1 2 3 4 5 6 16 18 25] [1 2 3 4 6 10 19] [1 2 3 4 6 16 19] [1 2 3 4 5 18 19] [1 2 3 4 16 19 23 25] [1 2 3 4 18 19 23 25 52] [1 2 3 4 6 10 18 19 23] [1 2 3 4 6 16 18 19 23 25 26 52 55] [1 2 3 4 5 6 9 11 19 23 25 28 30] [1 6 18] [1 2 6] [1 2 3 4 6 8 16 18 25] [1 59] [1 2 3 4 5 6 19 23 25 52 56] [1 2 3 4 6 16 18 19 23 52] [1 2 53] [1 2 3 4 6 8 16 19 23 25 55] [1 2 3 4 5 6 9 18 19 23 25 26] [1 2 3 4 5 18 23 25 26] [1 2 4] [1 2 3 4 6 18] [1 2 3 4 18 19 23] [1 2 25] [2 19] [1 2 3 4 6 7 16 19] [1 2 3 4 18 25] [2 19 23] [1 2 3 4 5 6 9 18 25] [2 3 19 23] [1 2 3 4 5 6 19] [1 2 23] [1 2 3 4 5 19 23 25] [] [] [] [] [] [] [] [] [] [] [] [] [] [] [] [] [] [] [] [] [] [] [] [] [] [] [] [] [] [] [] [] [] [] [] [] [] [] [] [] [] [] [] [] [] [] [] [] [] [] [] [] [] [] [] [] [] [] [] [] [] [] [] [] [] [] [] [] [] [] [] [] [] [] [] [] [] [] [] [] [] [] [] [] [] [] [] [] [] [] [] [] [] [] [] [] [] [] [] [] [] [] [] [] [] [] [] [] [] [] [] [] [] [] [] [] [] [] [] [] []
60 [] [1 2 3 4 6 18 25 26] [1 2 3 4 5 6 9 19 23 25 52 56] [1 2 3 4 6] [1 2 3 4 6 19] [1 2 3 4] [1 2 3 4 16 19] [1 2 3 4 5] [1 2 3 4 5 16 25] [1 2 3 4 19 25] [1 2 3 4 5 6 16] [1 2 3 4 5 6 9 18 19 25] [1 2 3 4 5 6 19 23] [1 2 3 4 16 19 23] [1 2 3 4 5 6 18 19 23] [1 2 3 4 19] [1 2 3 4 18] [1 2 3 4 5 18] [1 2 3 4 18 19 25 26] [1 2 3 4 19 23] [1 2 3] [1 2 3 4 16 25] [1 2 3 4 6 19 23] [1 2 3 4 18 19 23 25 26] [1 2 3 4 5 6 10 18 19 23 25 52] [1 2 3 4 6 16] [1 2 3 4 6 19 23 25] [1 2 3 4 5 19 23] [1 2 3 4 5 6] [1 2 3 4 5 18 25] [1 2 3 4 5 6 9 18 19 23 25 52 56] [1 2 3 4 5 6 19 23 25] [1 2 3 4 18 19] [1 2 3 4 5 6 9 19] [1 2 3 19] [1 2 3 4 18 19 23 52] [1 2 3 4 5 19] [1 2 3 4 19 23 25 52] [1 2 3 4 5 6 18] [1 2 3 4 5 6 9 19 23] [1 2 3 4 5 6 9 19 23 25 52] [1 2 3 4 16] [1 2 3 4 6 19 25] [1 2 3 4 5 6 19 23 52] [1 2 3 4 5 6 25] [1 2 3 4 5 6 16 18] [1 2 3 4 5 6 9 18 19 23 25] [1 2 3 4 5 6 16 19 23] [1 2 3 4 5 6 9 19 23 25] [1 2 3 4 5 6 9 19 23 25 28 52 56] [1 2 3 4 6 18 19 23 25] [1 2 3 4 18 19 23 25] [1 2] [1] [1 2 3 4 25] [1 2 3 4 5 6 16 25] [1 2 3 4 5 25] [1 2 3 4 19 23 52] [1 10] [1 2 3 4 5 6 16 18 19 23 25] [1 2 3 4 5 6 18 19 23 25 52] [1 2 3 4 5 6 9] [1 2 59] [1 2 3 4 6 18 19 23] [1 2 3 4 5 6 7 8 19 25] [1 2 3 4 5 6 9 16 19 23 25 52] [1 2 3 4 6 18 25] [1 2 3 4 5 6 9 16 19 23] [1 2 3 4 5 6 7 9 18 19 23 25] [1 2 3 4 6 18 19 23 25 26] [1 2 3 4 6 19 23 52] [1 2 3 4 6 8 16 18 25 55] [1 2 3 4 5 6 9 11 18] [1 2 3 4 5 6 9 16 19 23 25] [1 2 3 4 5 6 9 11 19 23 25 28 30 52] [1 2 3 4 5 6 9 16 18 19 23] [1 2 3 4 5 6 19 23 25 52] [1 2 3 4 6 16 18 25] [1 2 3 4 5 6 9 16 18 19 23 25 52] [1 2 3 4 16 18 25] [1 2 3 4 5 6 16 18 25] [1 2 3 4 6 10 19] [1 2 3 4 6 16 19] [1 2 3 4 5 18 19] [1 2 3 4 16 19 23 25] [1 2 3 4 18 19 23 25 52] [1 2 3 4 6 10 18 19 23] [1 2 3 4 6 16 18 19 23 25 26 52 55] [1 2 3 4 5 6 9 11 19 23 25 28 30] [1 6 18] [1 2 6] [1 2 3 4 6 8 16 18 25] [1 59] [1 2 3 4 5 6 19 23 25 52 56] [1 2 3 4 6 16 18 19 23 52] [1 2 53] [1 2 3 4 6 8 16 19 23 25 55] [1 2 3 4 5 6 9 18 19 23 25 26] [1 2 3 4 5 18 23 25 26] [1 2 4] [1 2 3 4 6 18] [1 2 3 4 18 19 23] [1 2 25] [2 19] [1 2 3 4 6 7 16 19] [1 2 3 4 18 25] [2 19 23] [1 2 3 4 5 6 9 18 25] [2 3 19 23] [1 2 3 4 5 6 19] [1 2 23] [1 2 3 4 5 19 23 25] [] [] [] [] [] [] [] [] [] [] [] [] [] [] [] [] [] [] [] [] [] [] [] [] [] [] [] [] [] [] [] [] [] [] [] [] [] [] [] [] [] [] [] [] [] [] [] [] [] [] [] [] [] [] [] [] [] [] [] [] [] [] [] [] [] [] [] [] [] [] [] [] [] [] [] [] [] [] [] [] [] [] [] [] [] [] [] [] [] [] [] [] [] [] [] [] [] [] [] [] [] [] [] [] [] [] [] [] [] [] [] [] [] [] [] [] [] [] [] [] [] []
61 [] [1 2 3 4 6] [1 2 3 4 6 19] [1 2 3 4] [1 2 3 4 16 19] [1 2 3 4 5] [1 2 3 4 5 16 25] [1 2 3 4 19 25] [1 2 3 4 5 6 16] [1 2 3 4 5 6 9 18 19 25] [1 2 3 4 5 6 19 23] [1 2 3 4 16 19 23] [1 2 3 4 5 6 18 19 23] [1 2 3 4 19] [1 2 3 4 18] [1 2 3 4 5 18] [1 2 3 4 18 19 25 26] [1 2 3 4 19 23] [1 2 3] [1 2 3 4 16 25] [1 2 3 4 6 19 23] [1 2 3 4 18 19 23 25 26] [1 2 3 4 5 6 10 18 19 23 25 52] [1 2 3 4 6 16] [1 2 3 4 6 19 23 25] [1 2 3 4 5 19 23] [1 2 3 4 5 6] [1 2 3 4 5 18 25] [1 2 3 4 5 6 9 18 19 23 25 52 56] [1 2 3 4 5 6 19 23 25] [1 2 3 4 18 19] [1 2 3 4 5 6 9 19] [1 2 3 19] [1 2 3 4 18 19 23 52] [1 2 3 4 5 19] [1 2 3 4 19 23 25 52] [1 2 3 4 5 6 18] [1 2 3 4 5 6 9 19 23] [1 2 3 4 5 6 9 19 23 25 52] [1 2 3 4 16] [1 2 3 4 6 19 25] [1 2 3 4 5 6 19 23 52] [1 2 3 4 5 6 25] [1 2 3 4 5 6 16 18] [1 2 3 4 5 6 9 18 19 23 25] [1 2 3 4 5 6 16 19 23] [1 2 3 4 5 6 9 19 23 25] [1 2 3 4 5 6 9 19 23 25 28 52 56] [1 2 3 4 6 18 19 23 25] [1 2 3 4 18 19 23 25] [1 2] [1] [1 2 3 4 25] [1 2 3 4 5 6 16 25] [1 2 3 4 5 25] [1 2 3 4 19 23 52] [1 10] [1 2 3 4 5 6 16 18 19 23 25] [1 2 3 4 5 6 18 19 23 25 52] [1 2 3 4 5 6 9] [1 2 59] [1 2 3 4 6 18 19 23] [1 2 3 4 5 6 7 8 19 25] [1 2 3 4 5 6 9 16 19 23 25 52] [1 2 3 4 6 18 25] [1 2 3 4 5 6 9 16 19 23] [1 2 3 4 5 6 7 9 18 19 23 25] [1 2 3 4 6 18 19 23 25 26] [1 2 3 4 6 19 23 52] [1 2 3 4 6 8 16 18 25 55] [1 2 3 4 5 6 9 11 18] [1 2 3 4 5 6 9 16 19 23 25] [1 2 3 4 5 6 9 11 19 23 25 28 30 52] [1 2 3 4 5 6 9 16 18 19 23] [1 2 3 4 5 6 19 23 25 52] [1 2 3 4 6 16 18 25] [1 2 3 4 5 6 9 16 18 19 23 25 52] [1 2 3 4 16 18 25] [1 2 3 4 5 6 16 18 25] [1 2 3 4 6 10 19] [1 2 3 4 6 16 19] [1 2 3 4 5 18 19] [1 2 3 4 16 19 23 25] [1 2 3 4 18 19 23 25 52] [1 2 3 4 6 10 18 19 23] [1 2 3 4 6 16 18 19 23 25 26 52 55] [1 2 3 4 5 6 9 11 19 23 25 28 30] [1 6 18] [1 2 6] [1 2 3 4 6 8 16 18 25] [1 59] [1 2 3 4 5 6 19 23 25 52 56] [1 2 3 4 6 16 18 19 23 52] [1 2 53] [1 2 3 4 6 8 16 19 23 25 55] [1 2 3 4 5 6 9 18 19 23 25 26] [1 2 3 4 5 18 23 25 26] [1 2 4] [1 2 3 4 6 18] [1 2 3 4 18 19 23] [1 2 25] [2 19] [1 2 3 4 6 7 16 19] [1 2 3 4 18 25] [2 19 23] [1 2 3 4 5 6 9 18 25] [2 3 19 23] [1 2 3 4 5 6 19] [1 2 23] [1 2 3 4 5 19 23 25] [] [] [] [] [] [] [] [] [] [] [] [] [] [] [] [] [] [] [] [] [] [] [] [] [] [] [] [] [] [] [] [] [] [] [] [] [] [] [] [] [] [] [] [] [] [] [] [] [] [] [] [] [] [] [] [] [] [] [] [] [] [] [] [] [] [] [] [] [] [] [] [] [] [] [] [] [] [] [] [] [] [] [] [] [] [] [] [] [] [] [] [] [] [] [] [] [] [] [] [] [] [] [] [] [] [] [] [] [] [] [] [] [] [] [] [] [] [] [] [] [] [] [] []
62 [] [1 2 3 4] [1 2 3 4 16 19] [1 2 3 4 5] [1 2 3 4 5 16 25] [1 2 3 4 19 25] [1 2 3 4 5 6 16] [1 2 3 4 5 6 9 18 19 25] [1 2 3 4 5 6 19 23] [1 2 3 4 16 19 23] [1 2 3 4 5 6 18 19 23] [1 2 3 4 19] [1 2 3 4 18] [1 2 3 4 5 18] [1 2 3 4 18 19 25 26] [1 2 3 4 19 23] [1 2 3] [1 2 3 4 16 25] [1 2 3 4 6 19 23] [1 2 3 4 18 19 23 25 26] [1 2 3 4 5 6 10 18 19 23 25 52] [1 2 3 4 6 16] [1 2 3 4 6 19 23 25] [1 2 3 4 5 19 23] [1 2 3 4 5 6] [1 2 3 4 5 18 25] [1 2 3 4 5 6 9 18 19 23 25 52 56] [1 2 3 4 6] [1 2 3 4 5 6 19 23 25] [1 2 3 4 18 19] [1 2 3 4 5 6 9 19] [1 2 3 19] [1 2 3 4 18 19 23 52] [1 2 3 4 5 19] [1 2 3 4 19 23 25 52] [1 2 3 4 5 6 18] [1 2 3 4 5 6 9 19 23] [1 2 3 4 5 6 9 19 23 25 52] [1 2 3 4 16] [1 2 3 4 6 19 25] [1 2 3 4 5 6 19 23 52] [1 2 3 4 6 19] [1 2 3 4 5 6 25] [1 2 3 4 5 6 16 18] [1 2 3 4 5 6 9 18 19 23 25] [1 2 3 4 5 6 16 19 23] [1 2 3 4 5 6 9 19 23 25] [1 2 3 4 5 6 9 19 23 25 28 52 56] [1 2 3 4 6 18 19 23 25] [1 2 3 4 18 19 23 25] [1 2] [1] [1 2 3 4 25] [1 2 3 4 5 6 16 25] [1 2 3 4 5 25] [1 2 3 4 19 23 52] [1 10] [1 2 3 4 5 6 16 18 19 23 25] [1 2 3 4 5 6 18 19 23 25 52] [1 2 3 4 5 6 9] [1 2 59] [1 2 3 4 6 18 19 23] [1 2 3 4 5 6 7 8 19 25] [1 2 3 4 5 6 9 16 19 23 25 52] [1 2 3 4 6 18 25] [1 2 3 4 5 6 9 16 19 23] [1 2 3 4 5 6 7 9 18 19 23 25] [1 2 3 4 6 18 19 23 25 26] [1 2 3 4 6 19 23 52] [1 2 3 4 6 8 16 18 25 55] [1 2 3 4 5 6 9 11 18] [1 2 3 4 5 6 9 16 19 23 25] [1 2 3 4 5 6 9 11 19 23 25 28 30 52] [1 2 3 4 5 6 9 16 18 19 23] [1 2 3 4 5 6 19 23 25 52] [1 2 3 4 6 16 18 25] [1 2 3 4 5 6 9 16 18 19 23 25 52] [1 2 3 4 16 18 25] [1 2 3 4 5 6 16 18 25] [1 2 3 4 6 10 19] [1 2 3 4 6 16 19] [1 2 3 4 5 18 19] [1 2 3 4 16 19 23 25] [1 2 3 4 18 19 23 25 52] [1 2 3 4 6 10 18 19 23] [1 2 3 4 6 16 18 19 23 25 26 52 55] [1 2 3 4 5 6 9 11 19 23 25 28 30] [1 6 18] [1 2 6] [1 2 3 4 6 8 16 18 25] [1 59] [1 2 3 4 5 6 19 23 25 52 56] [1 2 3 4 6 16 18 19 23 52] [1 2 53] [1 2 3 4 6 8 16 19 23 25 55] [1 2 3 4 5 6 9 18 19 23 25 26] [1 2 3 4 5 18 23 25 26] [1 2 4] [1 2 3 4 6 18] [1 2 3 4 18 19 23] [1 2 25] [2 19] [1 2 3 4 6 7 16 19] [1 2 3 4 18 25] [2 19 23] [1 2 3 4 5 6 9 18 25] [2 3 19 23] [1 2 3 4 5 6 19] [1 2 23] [1 2 3 4 5 19 23 25] [] [] [] [] [] [] [] [] [] [] [] [] [] [] [] [] [] [] [] [] [] [] [] [] [] [] [] [] [] [] [] [] [] [] [] [] [] [] [] [] [] [] [] [] [] [] [] [] [] [] [] [] [] [] [] [] [] [] [] [] [] [] [] [] [] [] [] [] [] [] [] [] [] [] [] [] [] [] [] [] [] [] [] [] [] [] [] [] [] [] [] [] [] [] [] [] [] [] [] [] [] [] [] [] [] [] [] [] [] [] [] [] [] [] [] [] [] [] [] [] [] [] [] []
63 [] [1 2 3 4 5] [1 2 3 4 5 16 25] [1 2 3 4 19 25] [1 2 3 4 5 6 16] [1 2 3 4 5 6 9 18 19 25] [1 2 3 4 5 6 19 23] [1 2 3 4 16 19 23] [1 2 3 4 5 6 18 19 23] [1 2 3 4 19] [1 2 3 4 18] [1 2 3 4] [1 2 3 4 5 18] [1 2 3 4 18 19 25 26] [1 2 3 4 19 23] [1 2 3] [1 2 3 4 16 25] [1 2 3 4 6 19 23] [1 2 3 4 18 19 23 25 26] [1 2 3 4 5 6 10 18 19 23 25 52] [1 2 3 4 6 16] [1 2 3 4 6 19 23 25] [1 2 3 4 5 19 23] [1 2 3 4 5 6] [1 2 3 4 5 18 25] [1 2 3 4 5 6 9 18 19 23 25 52 56] [1 2 3 4 6] [1 2 3 4 5 6 19 23 25] [1 2 3 4 18 19] [1 2 3 4 5 6 9 19] [1 2 3 19] [1 2 3 4 18 19 23 52] [1 2 3 4 5 19] [1 2 3 4 19 23 25 52] [1 2 3 4 5 6 18] [1 2 3 4 5 6 9 19 23] [1 2 3 4 5 6 9 19 23 25 52] [1 2 3 4 16] [1 2 3 4 6 19 25] [1 2 3 4 5 6 19 23 52] [1 2 3 4 6 19] [1 2 3 4 5 6 25] [1 2 3 4 5 6 16 18] [1 2 3 4 5 6 9 18 19 23 25] [1 2 3 4 5 6 16 19 23] [1 2 3 4 5 6 9 19 23 25] [1 2 3 4 5 6 9 19 23 25 28 52 56] [1 2 3 4 6 18 19 23 25] [1 2 3 4 18 19 23 25] [1 2] [1] [1 2 3 4 25] [1 2 3 4 5 6 16 25] [1 2 3 4 5 25] [1 2 3 4 19 23 52] [1 10] [1 2 3 4 5 6 16 18 19 23 25] [1 2 3 4 5 6 18 19 23 25 52] [1 2 3 4 5 6 9] [1 2 59] [1 2 3 4 6 18 19 23] [1 2 3 4 5 6 7 8 19 25] [1 2 3 4 5 6 9 16 19 23 25 52] [1 2 3 4 6 18 25] [1 2 3 4 5 6 9 16 19 23] [1 2 3 4 5 6 7 9 18 19 23 25] [1 2 3 4 6 18 19 23 25 26] [1 2 3 4 6 19 23 52] [1 2 3 4 6 8 16 18 25 55] [1 2 3 4 5 6 9 11 18] [1 2 3 4 5 6 9 16 19 23 25] [1 2 3 4 5 6 9 11 19 23 25 28 30 52] [1 2 3 4 5 6 9 16 18 19 23] [1 2 3 4 5 6 19 23 25 52] [1 2 3 4 6 16 18 25] [1 2 3 4 5 6 9 16 18 19 23 25 52] [1 2 3 4 16 18 25] [1 2 3 4 5 6 16 18 25] [1 2 3 4 6 10 19] [1 2 3 4 6 16 19] [1 2 3 4 5 18 19] [1 2 3 4 16 19 23 25] [1 2 3 4 18 19 23 25 52] [1 2 3 4 6 10 18 19 23] [1 2 3 4 6 16 18 19 23 25 26 52 55] [1 2 3 4 5 6 9 11 19 23 25 28 30] [1 6 18] [1 2 6] [1 2 3 4 6 8 16 18 25] [1 59] [1 2 3 4 5 6 19 23 25 52 56] [1 2 3 4 6 16 18 19 23 52] [1 2 53] [1 2 3 4 6 8 16 19 23 25 55] [1 2 3 4 5 6 9 18 19 23 25 26] [1 2 3 4 5 18 23 25 26] [1 2 4] [1 2 3 4 6 18] [1 2 3 4 18 19 23] [1 2 25] [2 19] [1 2 3 4 6 7 16 19] [1 2 3 4 18 25] [2 19 23] [1 2 3 4 5 6 9 18 25] [2 3 19 23] [1 2 3 4 5 6 19] [1 2 23] [1 2 3 4 5 19 23 25] [] [] [] [] [] [] [] [] [] [] [] [] [] [] [] [] [] [] [] [] [] [] [] [] [] [] [] [] [] [] [] [] [] [] [] [] [] [] [] [] [] [] [] [] [] [] [] [] [] [] [] [] [] [] [] [] [] [] [] [] [] [] [] [] [] [] [] [] [] [] [] [] [] [] [] [] [] [] [] [] [] [] [] [] [] [] [] [] [] [] [] [] [] [] [] [] [] [] [] [] [] [] [] [] [] [] [] [] [] [] [] [] [] [] [] [] [] [] [] [] [] [] [] [] []
64 [] [1 2 3 4 19 25] [1 2 3 4 5 6 16] [1 2 3 4 5 6 9 18 19 25] [1 2 3 4 5 6 19 23] [1 2 3 4 16 19 23] [1 2 3 4 5 6 18 19 23] [1 2 3 4 19] [1 2 3 4 18] [1 2 3 4] [1 2 3 4 5 18] [1 2 3 4 5] [1 2 3 4 18 19 25 26] [1 2 3 4 19 23] [1 2 3] [1 2 3 4 16 25] [1 2 3 4 6 19 23] [1 2 3 4 18 19 23 25 26] [1 2 3 4 5 6 10 18 19 23 25 52] [1 2 3 4 6 16] [1 2 3 4 6 19 23 25] [1 2 3 4 5 19 23] [1 2 3 4 5 6] [1 2 3 4 5 18 25] [1 2 3 4 5 6 9 18 19 23 25 52 56] [1 2 3 4 6] [1 2 3 4 5 6 19 23 25] [1 2 3 4 18 19] [1 2 3 4 5 6 9 19] [1 2 3 19] [1 2 3 4 18 19 23 52] [1 2 3 4 5 19] [1 2 3 4 19 23 25 52] [1 2 3 4 5 6 18] [1 2 3 4 5 6 9 19 23] [1 2 3 4 5 6 9 19 23 25 52] [1 2 3 4 16] [1 2 3 4 6 19 25] [1 2 3 4 5 6 19 23 52] [1 2 3 4 6 19] [1 2 3 4 5 6 25] [1 2 3 4 5 6 16 18] [1 2 3 4 5 6 9 18 19 23 25] [1 2 3 4 5 6 16 19 23] [1 2 3 4 5 6 9 19 23 25] [1 2 3 4 5 6 9 19 23 25 28 52 56] [1 2 3 4 6 18 19 23 25] [1 2 3 4 18 19 23 25] [1 2] [1] [1 2 3 4 25] [1 2 3 4 5 6 16 25] [1 2 3 4 5 25] [1 2 3 4 19 23 52] [1 10] [1 2 3 4 5 6 16 18 19 23 25] [1 2 3 4 5 6 18 19 23 25 52] [1 2 3 4 5 6 9] [1 2 59] [1 2 3 4 6 18 19 23] [1 2 3 4 5 6 7 8 19 25] [1 2 3 4 5 6 9 16 19 23 25 52] [1 2 3 4 6 18 25] [1 2 3 4 5 6 9 16 19 23] [1 2 3 4 5 6 7 9 18 19 23 25] [1 2 3 4 6 18 19 23 25 26] [1 2 3 4 6 19 23 52] [1 2 3 4 6 8 16 18 25 55] [1 2 3 4 5 6 9 11 18] [1 2 3 4 5 6 9 16 19 23 25] [1 2 3 4 5 6 9 11 19 23 25 28 30 52] [1 2 3 4 5 6 9 16 18 19 23] [1 2 3 4 5 6 19 23 25 52] [1 2 3 4 6 16 18 25] [1 2 3 4 5 6 9 16 18 19 23 25 52] [1 2 3 4 16 18 25] [1 2 3 4 5 6 16 18 25] [1 2 3 4 6 10 19] [1 2 3 4 6 16 19] [1 2 3 4 5 18 19] [1 2 3 4 16 19 23 25] [1 2 3 4 18 19 23 25 52] [1 2 3 4 6 10 18 19 23] [1 2 3 4 6 16 18 19 23 25 26 52 55] [1 2 3 4 5 6 9 11 19 23 25 28 30] [1 6 18] [1 2 6] [1 2 3 4 6 8 16 18 25] [1 59] [1 2 3 4 5 6 19 23 25 52 56] [1 2 3 4 6 16 18 19 23 52] [1 2 53] [1 2 3 4 6 8 16 19 23 25 55] [1 2 3 4 5 6 9 18 19 23 25 26] [1 2 3 4 5 18 23 25 26] [1 2 4] [1 2 3 4 6 18] [1 2 3 4 18 19 23] [1 2 25] [2 19] [1 2 3 4 6 7 16 19] [1 2 3 4 18 25] [2 19 23] [1 2 3 4 5 6 9 18 25] [2 3 19 23] [1 2 3 4 5 6 19] [1 2 23] [1 2 3 4 5 19 23 25] [] [] [] [] [] [] [] [] [] [] [] [] [] [] [] [] [] [] [] [] [] [] [] [] [] [] [] [] [] [] [] [] [] [] [] [] [] [] [] [] [] [] [] [] [] [] [] [] [] [] [] [] [] [] [] [] [] [] [] [] [] [] [] [] [] [] [] [] [] [] [] [] [] [] [] [] [] [] [] [] [] [] [] [] [] [] [] [] [] [] [] [] [] [] [] [] [] [] [] [] [] [] [] [] [] [] [] [] [] [] [] [] [] [] [] [] [] [] [] [] [] [] [] [] [] []
65 [] [1 2 3 4 5 6 9 18 19 25] [1 2 3 4 5 6 19 23] [1 2 3 4 16 19 23] [1 2 3 4 5 6 18 19 23] [1 2 3 4 19] [1 2 3 4 18] [1 2 3 4] [1 2 3 4 5 18] [1 2 3 4 5] [1 2 3 4 18 19 25 26] [1 2 3 4 19 23] [1 2 3] [1 2 3 4 16 25] [1 2 3 4 6 19 23] [1 2 3 4 18 19 23 25 26] [1 2 3 4 5 6 10 18 19 23 25 52] [1 2 3 4 6 16] [1 2 3 4 6 19 23 25] [1 2 3 4 5 19 23] [1 2 3 4 5 6] [1 2 3 4 5 18 25] [1 2 3 4 5 6 9 18 19 23 25 52 56] [1 2 3 4 6] [1 2 3 4 5 6 19 23 25] [1 2 3 4 18 19] [1 2 3 4 5 6 9 19] [1 2 3 19] [1 2 3 4 5 6 16] [1 2 3 4 18 19 23 52] [1 2 3 4 5 19] [1 2 3 4 19 23 25 52] [1 2 3 4 5 6 18] [1 2 3 4 5 6 9 19 23] [1 2 3 4 5 6 9 19 23 25 52] [1 2 3 4 16] [1 2 3 4 19 25] [1 2 3 4 6 19 25] [1 2 3 4 5 6 19 23 52] [1 2 3 4 6 19] [1 2 3 4 5 6 25] [1 2 3 4 5 6 16 18] [1 2 3 4 5 6 9 18 19 23 25] [1 2 3 4 5 6 16 19 23] [1 2 3 4 5 6 9 19 23 25] [1 2 3 4 5 6 9 19 23 25 28 52 56] [1 2 3 4 6 18 19 23 25] [1 2 3 4 18 19 23 25] [1 2] [1] [1 2 3 4 25] [1 2 3 4 5 6 16 25] [1 2 3 4 5 25] [1 2 3 4 19 23 52] [1 10] [1 2 3 4 5 6 16 18 19 23 25] [1 2 3 4 5 6 18 19 23 25 52] [1 2 3 4 5 6 9] [1 2 59] [1 2 3 4 6 18 19 23] [1 2 3 4 5 6 7 8 19 25] [1 2 3 4 5 6 9 16 19 23 25 52] [1 2 3 4 6 18 25] [1 2 3 4 5 6 9 16 19 23] [1 2 3 4 5 6 7 9 18 19 23 25] [1 2 3 4 6 18 19 23 25 26] [1 2 3 4 6 19 23 52] [1 2 3 4 6 8 16 18 25 55] [1 2 3 4 5 6 9 11 18] [1 2 3 4 5 6 9 16 19 23 25] [1 2 3 4 5 6 9 11 19 23 25 28 30 52] [1 2 3 4 5 6 9 16 18 19 23] [1 2 3 4 5 6 19 23 25 52] [1 2 3 4 6 16 18 25] [1 2 3 4 5 6 9 16 18 19 23 25 52] [1 2 3 4 16 18 25] [1 2 3 4 5 6 16 18 25] [1 2 3 4 6 10 19] [1 2 3 4 6 16 19] [1 2 3 4 5 18 19] [1 2 3 4 16 19 23 25] [1 2 3 4 18 19 23 25 52] [1 2 3 4 6 10 18 19 23] [1 2 3 4 6 16 18 19 23 25 26 52 55] [1 2 3 4 5 6 9 11 19 23 25 28 30] [1 6 18] [1 2 6] [1 2 3 4 6 8 16 18 25] [1 59] [1 2 3 4 5 6 19 23 25 52 56] [1 2 3 4 6 16 18 19 23 52] [1 2 53] [1 2 3 4 6 8 16 19 23 25 55] [1 2 3 4 5 6 9 18 19 23 25 26] [1 2 3 4 5 18 23 25 26] [1 2 4] [1 2 3 4 6 18] [1 2 3 4 18 19 23] [1 2 25] [2 19] [1 2 3 4 6 7 16 19] [1 2 3 4 18 25] [2 19 23] [1 2 3 4 5 6 9 18 25] [2 3 19 23] [1 2 3 4 5 6 19] [1 2 23] [1 2 3 4 5 19 23 25] [] [] [] [] [] [] [] [] [] [] [] [] [] [] [] [] [] [] [] [] [] [] [] [] [] [] [] [] [] [] [] [] [] [] [] [] [] [] [] [] [] [] [] [] [] [] [] [] [] [] [] [] [] [] [] [] [] [] [] [] [] [] [] [] [] [] [] [] [] [] [] [] [] [] [] [] [] [] [] [] [] [] [] [] [] [] [] [] [] [] [] [] [] [] [] [] [] [] [] [] [] [] [] [] [] [] [] [] [] [] [] [] [] [] [] [] [] [] [] [] [] [] [] [] [] []
66 [] [1 2 3 4 16 19 23] [1 2 3 4 5 6 18 19 23] [1 2 3 4 19 23] [1 2 3 4 19] [1 2 3 4 18] [1 2 3 4] [1 2 3 4 5 18] [1 2 3 4 5] [1 2 3 4 18 19 25 26] [1 2 3] [1 2 3 4 5 6 19 23] [1 2 3 4 16 25] [1 2 3 4 6 19 23] [1 2 3 4 18 19 23 25 26] [1 2 3 4 5 6 10 18 19 23 25 52] [1 2 3 4 6 16] [1 2 3 4 6 19 23 25] [1 2 3 4 5 19 23] [1 2 3 4 5 6] [1 2 3 4 5 18 25] [1 2 3 4 5 6 9 18 19 23 25 52 56] [1 2 3 4 6] [1 2 3 4 5 6 19 23 25] [1 2 3 4 18 19] [1 2 3 4 5 6 9 19] [1 2 3 19] [1 2 3 4 5 6 16] [1 2 3 4 18 19 23 52] [1 2 3 4 5 19] [1 2 3 4 19 23 25 52] [1 2 3 4 5 6 18] [1 2 3 4 5 6 9 19 23] [1 2 3 4 5 6 9 19 23 25 52] [1 2 3 4 16] [1 2 3 4 19 25] [1 2 3 4 6 19 25] [1 2 3 4 5 6 19 23 52] [1 2 3 4 6 19] [1 2 3 4 5 6 25] [1 2 3 4 5 6 16 18] [1 2 3 4 5 6 9 18 19 23 25] [1 2 3 4 5 6 16 19 23] [1 2 3 4 5 6 9 19 23 25] [1 2 3 4 5 6 9 19 23 25 28 52 56] [1 2 3 4 6 18 19 23 25] [1 2 3 4 18 19 23 25] [1 2] [1] [1 2 3 4 25] [1 2 3 4 5 6 16 25] [1 2 3 4 5 25] [1 2 3 4 19 23 52] [1 10] [1 2 3 4 5 6 16 18 19 23 25] [1 2 3 4 5 6 18 19 23 25 52] [1 2 3 4 5 6 9] [1 2 59] [1 2 3 4 6 18 19 23] [1 2 3 4 5 6 7 8 19 25] [1 2 3 4 5 6 9 16 19 23 25 52] [1 2 3 4 6 18 25] [1 2 3 4 5 6 9 16 19 23] [1 2 3 4 5 6 7 9 18 19 23 25] [1 2 3 4 6 18 19 23 25 26] [1 2 3 4 6 19 23 52] [1 2 3 4 6 8 16 18 25 55] [1 2 3 4 5 6 9 11 18] [1 2 3 4 5 6 9 16 19 23 25] [1 2 3 4 5 6 9 11 19 23 25 28 30 52] [1 2 3 4 5 6 9 16 18 19 23] [1 2 3 4 5 6 19 23 25 52] [1 2 3 4 6 16 18 25] [1 2 3 4 5 6 9 16 18 19 23 25 52] [1 2 3 4 16 18 25] [1 2 3 4 5 6 16 18 25] [1 2 3 4 6 10 19] [1 2 3 4 6 16 19] [1 2 3 4 5 18 19] [1 2 3 4 16 19 23 25] [1 2 3 4 18 19 23 25 52] [1 2 3 4 6 10 18 19 23] [1 2 3 4 6 16 18 19 23 25 26 52 55] [1 2 3 4 5 6 9 11 19 23 25 28 30] [1 6 18] [1 2 6] [1 2 3 4 6 8 16 18 25] [1 59] [1 2 3 4 5 6 19 23 25 52 56] [1 2 3 4 6 16 18 19 23 52] [1 2 53] [1 2 3 4 6 8 16 19 23 25 55] [1 2 3 4 5 6 9 18 19 23 25 26] [1 2 3 4 5 18 23 25 26] [1 2 4] [1 2 3 4 6 18] [1 2 3 4 18 19 23] [1 2 25] [2 19] [1 2 3 4 6 7 16 19] [1 2 3 4 18 25] [2 19 23] [1 2 3 4 5 6 9 18 25] [2 3 19 23] [1 2 3 4 5 6 19] [1 2 23] [1 2 3 4 5 19 23 25] [] [] [] [] [] [] [] [] [] [] [] [] [] [] [] [] [] [] [] [] [] [] [] [] [] [] [] [] [] [] [] [] [] [] [] [] [] [] [] [] [] [] [] [] [] [] [] [] [] [] [] [] [] [] [] [] [] [] [] [] [] [] [] [] [] [] [] [] [] [] [] [] [] [] [] [] [] [] [] [] [] [] [] [] [] [] [] [] [] [] [] [] [] [] [] [] [] [] [] [] [] [] [] [] [] [] [] [] [] [] [] [] [] [] [] [] [] [] [] [] [] [] [] [] [] [] []
67 [] [1 2 3 4 19 23] [1 2 3 4 19] [1 2 3 4 18] [1 2 3 4] [1 2 3 4 5 18] [1 2 3 4 5] [1 2 3 4 18 19 25 26] [1 2 3] [1 2 3 4 5 6 19 23] [1 2 3 4 16 25] [1 2 3 4 6 19 23] [1 2 3 4 18 19 23 25 26] [1 2 3 4 5 6 10 18 19 23 25 52] [1 2 3 4 6 16] [1 2 3 4 6 19 23 25] [1 2 3 4 5 19 23] [1 2 3 4 5 6] [1 2 3 4 5 18 25] [1 2 3 4 5 6 9 18 19 23 25 52 56] [1 2 3 4 6] [1 2 3 4 5 6 19 23 25] [1 2 3 4 18 19] [1 2 3 4 5 6 9 19] [1 2 3 19] [1 2 3 4 5 6 16] [1 2 3 4 5 6 18 19 23] [1 2 3 4 18 19 23 52] [1 2 3 4 5 19] [1 2 3 4 19 23 25 52] [1 2 3 4 5 6 18] [1 2 3 4 5 6 9 19 23] [1 2 3 4 5 6 9 19 23 25 52] [1 2 3 4 16] [1 2 3 4 19 25] [1 2 3 4 6 19 25] [1 2 3 4 5 6 19 23 52] [1 2 3 4 6 19] [1 2 3 4 16 19 23] [1 2 3 4 5 6 25] [1 2 3 4 5 6 16 18] [1 2 3 4 5 6 9 18 19 23 25] [1 2 3 4 5 6 16 19 23] [1 2 3 4 5 6 9 19 23 25] [1 2 3 4 5 6 9 19 23 25 28 52 56] [1 2 3 4 6 18 19 23 25] [1 2 3 4 18 19 23 25] [1 2] [1] [1 2 3 4 25] [1 2 3 4 5 6 16 25] [1 2 3 4 5 25] [1 2 3 4 19 23 52] [1 10] [1 2 3 4 5 6 16 18 19 23 25] [1 2 3 4 5 6 18 19 23 25 52] [1 2 3 4 5 6 9] [1 2 59] [1 2 3 4 6 18 19 23] [1 2 3 4 5 6 7 8 19 25] [1 2 3 4 5 6 9 16 19 23 25 52] [1 2 3 4 6 18 25] [1 2 3 4 5 6 9 16 19 23] [1 2 3 4 5 6 7 9 18 19 23 25] [1 2 3 4 6 18 19 23 25 26] [1 2 3 4 6 19 23 52] [1 2 3 4 6 8 16 18 25 55] [1 2 3 4 5 6 9 11 18] [1 2 3 4 5 6 9 16 19 23 25] [1 2 3 4 5 6 9 11 19 23 25 28 30 52] [1 2 3 4 5 6 9 16 18 19 23] [1 2 3 4 5 6 19 23 25 52] [1 2 3 4 6 16 18 25] [1 2 3 4 5 6 9 16 18 19 23 25 52] [1 2 3 4 16 18 25] [1 2 3 4 5 6 16 18 25] [1 2 3 4 6 10 19] [1 2 3 4 6 16 19] [1 2 3 4 5 18 19] [1 2 3 4 16 19 23 25] [1 2 3 4 18 19 23 25 52] [1 2 3 4 6 10 18 19 23] [1 2 3 4 6 16 18 19 23 25 26 52 55] [1 2 3 4 5 6 9 11 19 23 25 28 30] [1 6 18] [1 2 6] [1 2 3 4 6 8 16 18 25] [1 59] [1 2 3 4 5 6 19 23 25 52 56] [1 2 3 4 6 16 18 19 23 52] [1 2 53] [1 2 3 4 6 8 16 19 23 25 55] [1 2 3 4 5 6 9 18 19 23 25 26] [1 2 3 4 5 18 23 25 26] [1 2 4] [1 2 3 4 6 18] [1 2 3 4 18 19 23] [1 2 25] [2 19] [1 2 3 4 6 7 16 19] [1 2 3 4 18 25] [2 19 23] [1 2 3 4 5 6 9 18 25] [2 3 19 23] [1 2 3 4 5 6 19] [1 2 23] [1 2 3 4 5 19 23 25] [] [] [] [] [] [] [] [] [] [] [] [] [] [] [] [] [] [] [] [] [] [] [] [] [] [] [] [] [] [] [] [] [] [] [] [] [] [] [] [] [] [] [] [] [] [] [] [] [] [] [] [] [] [] [] [] [] [] [] [] [] [] [] [] [] [] [] [] [] [] [] [] [] [] [] [] [] [] [] [] [] [] [] [] [] [] [] [] [] [] [] [] [] [] [] [] [] [] [] [] [] [] [] [] [] [] [] [] [] [] [] [] [] [] [] [] [] [] [] [] [] [] [] [] [] [] []
68 [] [1 2 3 4 18] [1 2 3 4] [1 2 3 4 19] [1 2 3 4 5 18] [1 2 3 4 5] [1 2 3 4 18 19 25 26] [1 2 3 4 19 23] [1 2 3] [1 2 3 4 5 6 19 23] [1 2 3 4 16 25] [1 2 3 4 6 19 23] [1 2 3 4 18 19 23 25 26] [1 2 3 4 5 6 10 18 19 23 25 52] [1 2 3 4 6 16] [1 2 3 4 6 19 23 25] [1 2 3 4 5 19 23] [1 2 3 4 5 6] [1 2 3 4 5 18 25] [1 2 3 4 5 6 9 18 19 23 25 52 56] [1 2 3 4 6] [1 2 3 4 5 6 19 23 25] [1 2 3 4 18 19] [1 2 3 4 5 6 9 19] [1 2 3 19] [1 2 3 4 5 6 16] [1 2 3 4 5 6 18 19 23] [1 2 3 4 18 19 23 52] [1 2 3 4 5 19] [1 2 3 4 19 23 25 52] [1 2 3 4 5 6 18] [1 2 3 4 5 6 9 19 23] [1 2 3 4 5 6 9 19 23 25 52] [1 2 3 4 16] [1 2 3 4 19 25] [1 2 3 4 6 19 25] [1 2 3 4 5 6 19 23 52] [1 2 3 4 6 19] [1 2 3 4 16 19 23] [1 2 3 4 5 6 25] [1 2 3 4 5 6 16 18] [1 2 3 4 5 6 9 18 19 23 25] [1 2 3 4 5 6 16 19 23] [1 2 3 4 5 6 9 19 23 25] [1 2 3 4 5 6 9 19 23 25 28 52 56] [1 2 3 4 6 18 19 23 25] [1 2 3 4 18 19 23 25] [1 2] [1] [1 2 3 4 25] [1 2 3 4 5 6 16 25] [1 2 3 4 5 25] [1 2 3 4 19 23 52] [1 10] [1 2 3 4 5 6 16 18 19 23 25] [1 2 3 4 5 6 18 19 23 25 52] [1 2 3 4 5 6 9] [1 2 59] [1 2 3 4 6 18 19 23] [1 2 3 4 5 6 7 8 19 25] [1 2 3 4 5 6 9 16 19 23 25 52] [1 2 3 4 6 18 25] [1 2 3 4 5 6 9 16 19 23] [1 2 3 4 5 6 7 9 18 19 23 25] [1 2 3 4 6 18 19 23 25 26] [1 2 3 4 6 19 23 52] [1 2 3 4 6 8 16 18 25 55] [1 2 3 4 5 6 9 11 18] [1 2 3 4 5 6 9 16 19 23 25] [1 2 3 4 5 6 9 11 19 23 25 28 30 52] [1 2 3 4 5 6 9 16 18 19 23] [1 2 3 4 5 6 19 23 25 52] [1 2 3 4 6 16 18 25] [1 2 3 4 5 6 9 16 18 19 23 25 52] [1 2 3 4 16 18 25] [1 2 3 4 5 6 16 18 25] [1 2 3 4 6 10 19] [1 2 3 4 6 16 19] [1 2 3 4 5 18 19] [1 2 3 4 16 19 23 25] [1 2 3 4 18 19 23 25 52] [1 2 3 4 6 10 18 19 23] [1 2 3 4 6 16 18 19 23 25 26 52 55] [1 2 3 4 5 6 9 11 19 23 25 28 30] [1 6 18] [1 2 6] [1 2 3 4 6 8 16 18 25] [1 59] [1 2 3 4 5 6 19 23 25 52 56] [1 2 3 4 6 16 18 19 23 52] [1 2 53] [1 2 3 4 6 8 16 19 23 25 55] [1 2 3 4 5 6 9 18 19 23 25 26] [1 2 3 4 5 18 23 25 26] [1 2 4] [1 2 3 4 6 18] [1 2 3 4 18 19 23] [1 2 25] [2 19] [1 2 3 4 6 7 16 19] [1 2 3 4 18 25] [2 19 23] [1 2 3 4 5 6 9 18 25] [2 3 19 23] [1 2 3 4 5 6 19] [1 2 23] [1 2 3 4 5 19 23 25] [] [] [] [] [] [] [] [] [] [] [] [] [] [] [] [] [] [] [] [] [] [] [] [] [] [] [] [] [] [] [] [] [] [] [] [] [] [] [] [] [] [] [] [] [] [] [] [] [] [] [] [] [] [] [] [] [] [] [] [] [] [] [] [] [] [] [] [] [] [] [] [] [] [] [] [] [] [] [] [] [] [] [] [] [] [] [] [] [] [] [] [] [] [] [] [] [] [] [] [] [] [] [] [] [] [] [] [] [] [] [] [] [] [] [] [] [] [] [] [] [] [] [] [] [] [] []
69 [] [1 2 3 4 19] [1 2 3 4 5] [1 2 3 4 5 18] [1 2 3 4 18 19 25 26] [1 2 3 4 19 23] [1 2 3] [1 2 3 4 5 6 19 23] [1 2 3 4 16 25] [1 2 3 4 6 19 23] [1 2 3 4] [1 2 3 4 18 19 23 25 26] [1 2 3 4 5 6 10 18 19 23 25 52] [1 2 3 4 6 16] [1 2 3 4 6 19 23 25] [1 2 3 4 5 19 23] [1 2 3 4 5 6] [1 2 3 4 5 18 25] [1 2 3 4 5 6 9 18 19 23 25 52 56] [1 2 3 4 6] [1 2 3 4 5 6 19 23 25] [1 2 3 4 18 19] [1 2 3 4 5 6 9 19] [1 2 3 19] [1 2 3 4 5 6 16] [1 2 3 4 5 6 18 19 23] [1 2 3 4 18 19 23 52] [1 2 3 4 5 19] [1 2 3 4 19 23 25 52] [1 2 3 4 5 6 18] [1 2 3 4 5 6 9 19 23] [1 2 3 4 5 6 9 19 23 25 52] [1 2 3 4 16] [1 2 3 4 19 25] [1 2 3 4 6 19 25] [1 2 3 4 5 6 19 23 52] [1 2 3 4 6 19] [1 2 3 4 16 19 23] [1 2 3 4 5 6 25] [1 2 3 4 5 6 16 18] [1 2 3 4 5 6 9 18 19 23 25] [1 2 3 4 18] [1 2 3 4 5 6 16 19 23] [1 2 3 4 5 6 9 19 23 25] [1 2 3 4 5 6 9 19 23 25 28 52 56] [1 2 3 4 6 18 19 23 25] [1 2 3 4 18 19 23 25] [1 2] [1] [1 2 3 4 25] [1 2 3 4 5 6 16 25] [1 2 3 4 5 25] [1 2 3 4 19 23 52] [1 10] [1 2 3 4 5 6 16 18 19 23 25] [1 2 3 4 5 6 18 19 23 25 52] [1 2 3 4 5 6 9] [1 2 59] [1 2 3 4 6 18 19 23] [1 2 3 4 5 6 7 8 19 25] [1 2 3 4 5 6 9 16 19 23 25 52] [1 2 3 4 6 18 25] [1 2 3 4 5 6 9 16 19 23] [1 2 3 4 5 6 7 9 18 19 23 25] [1 2 3 4 6 18 19 23 25 26] [1 2 3 4 6 19 23 52] [1 2 3 4 6 8 16 18 25 55] [1 2 3 4 5 6 9 11 18] [1 2 3 4 5 6 9 16 19 23 25] [1 2 3 4 5 6 9 11 19 23 25 28 30 52] [1 2 3 4 5 6 9 16 18 19 23] [1 2 3 4 5 6 19 23 25 52] [1 2 3 4 6 16 18 25] [1 2 3 4 5 6 9 16 18 19 23 25 52] [1 2 3 4 16 18 25] [1 2 3 4 5 6 16 18 25] [1 2 3 4 6 10 19] [1 2 3 4 6 16 19] [1 2 3 4 5 18 19] [1 2 3 4 16 19 23 25] [1 2 3 4 18 19 23 25 52] [1 2 3 4 6 10 18 19 23] [1 2 3 4 6 16 18 19 23 25 26 52 55] [1 2 3 4 5 6 9 11 19 23 25 28 30] [1 6 18] [1 2 6] [1 2 3 4 6 8 16 18 25] [1 59] [1 2 3 4 5 6 19 23 25 52 56] [1 2 3 4 6 16 18 19 23 52] [1 2 53] [1 2 3 4 6 8 16 19 23 25 55] [1 2 3 4 5 6 9 18 19 23 25 26] [1 2 3 4 5 18 23 25 26] [1 2 4] [1 2 3 4 6 18] [1 2 3 4 18 19 23] [1 2 25] [2 19] [1 2 3 4 6 7 16 19] [1 2 3 4 18 25] [2 19 23] [1 2 3 4 5 6 9 18 25] [2 3 19 23] [1 2 3 4 5 6 19] [1 2 23] [1 2 3 4 5 19 23 25] [] [] [] [] [] [] [] [] [] [] [] [] [] [] [] [] [] [] [] [] [] [] [] [] [] [] [] [] [] [] [] [] [] [] [] [] [] [] [] [] [] [] [] [] [] [] [] [] [] [] [] [] [] [] [] [] [] [] [] [] [] [] [] [] [] [] [] [] [] [] [] [] [] [] [] [] [] [] [] [] [] [] [] [] [] [] [] [] [] [] [] [] [] [] [] [] [] [] [] [] [] [] [] [] [] [] [] [] [] [] [] [] [] [] [] [] [] [] [] [] [] [] [] [] [] [] []
70 [] [1 2 3 4 5 18] [1 2 3 4 5 19 23] [1 2 3 4 5] [1 2 3 4 18 19 25 26] [1 2 3 4 19] [1 2 3 4 19 23] [1 2 3] [1 2 3 4 5 6 19 23] [1 2 3 4 16 25] [1 2 3 4 6 19 23] [1 2 3 4] [1 2 3 4 18 19 23 25 26] [1 2 3 4 5 6 10 18 19 23 25 52] [1 2 3 4 6 16] [1 2 3 4 6 19 23 25] [1 2 3 4 5 6] [1 2 3 4 5 18 25] [1 2 3 4 5 6 9 18 19 23 25 52 56] [1 2 3 4 6] [1 2 3 4 5 6 19 23 25] [1 2 3 4 18 19] [1 2 3 4 5 6 9 19] [1 2 3 19] [1 2 3 4 5 6 16] [1 2 3 4 5 6 18 19 23] [1 2 3 4 18 19 23 52] [1 2 3 4 5 19] [1 2 3 4 19 23 25 52] [1 2 3 4 5 6 18] [1 2 3 4 5 6 9 19 23] [1 2 3 4 5 6 9 19 23 25 52] [1 2 3 4 16] [1 2 3 4 19 25] [1 2 3 4 6 19 25] [1 2 3 4 5 6 19 23 52] [1 2 3 4 6 19] [1 2 3 4 16 19 23] [1 2 3 4 5 6 25] [1 2 3 4 5 6 16 18] [1 2 3 4 5 6 9 18 19 23 25] [1 2 3 4 18] [1 2 3 4 5 6 16 19 23] [1 2 3 4 5 6 9 19 23 25] [1 2 3 4 5 6 9 19 23 25 28 52 56] [1 2 3 4 6 18 19 23 25] [1 2 3 4 18 19 23 25] [1 2] [1] [1 2 3 4 25] [1 2 3 4 5 6 16 25] [1 2 3 4 5 25] [1 2 3 4 19 23 52] [1 10] [1 2 3 4 5 6 16 18 19 23 25] [1 2 3 4 5 6 18 19 23 25 52] [1 2 3 4 5 6 9] [1 2 59] [1 2 3 4 6 18 19 23] [1 2 3 4 5 6 7 8 19 25] [1 2 3 4 5 6 9 16 19 23 25 52] [1 2 3 4 6 18 25] [1 2 3 4 5 6 9 16 19 23] [1 2 3 4 5 6 7 9 18 19 23 25] [1 2 3 4 6 18 19 23 25 26] [1 2 3 4 6 19 23 52] [1 2 3 4 6 8 16 18 25 55] [1 2 3 4 5 6 9 11 18] [1 2 3 4 5 6 9 16 19 23 25] [1 2 3 4 5 6 9 11 19 23 25 28 30 52] [1 2 3 4 5 6 9 16 18 19 23] [1 2 3 4 5 6 19 23 25 52] [1 2 3 4 6 16 18 25] [1 2 3 4 5 6 9 16 18 19 23 25 52] [1 2 3 4 16 18 25] [1 2 3 4 5 6 16 18 25] [1 2 3 4 6 10 19] [1 2 3 4 6 16 19] [1 2 3 4 5 18 19] [1 2 3 4 16 19 23 25] [1 2 3 4 18 19 23 25 52] [1 2 3 4 6 10 18 19 23] [1 2 3 4 6 16 18 19 23 25 26 52 55] [1 2 3 4 5 6 9 11 19 23 25 28 30] [1 6 18] [1 2 6] [1 2 3 4 6 8 16 18 25] [1 59] [1 2 3 4 5 6 19 23 25 52 56] [1 2 3 4 6 16 18 19 23 52] [1 2 53] [1 2 3 4 6 8 16 19 23 25 55] [1 2 3 4 5 6 9 18 19 23 25 26] [1 2 3 4 5 18 23 25 26] [1 2 4] [1 2 3 4 6 18] [1 2 3 4 18 19 23] [1 2 25] [2 19] [1 2 3 4 6 7 16 19] [1 2 3 4 18 25] [2 19 23] [1 2 3 4 5 6 9 18 25] [2 3 19 23] [1 2 3 4 5 6 19] [1 2 23] [1 2 3 4 5 19 23 25] [] [] [] [] [] [] [] [] [] [] [] [] [] [] [] [] [] [] [] [] [] [] [] [] [] [] [] [] [] [] [] [] [] [] [] [] [] [] [] [] [] [] [] [] [] [] [] [] [] [] [] [] [] [] [] [] [] [] [] [] [] [] [] [] [] [] [] [] [] [] [] [] [] [] [] [] [] [] [] [] [] [] [] [] [] [] [] [] [] [] [] [] [] [] [] [] [] [] [] [] [] [] [] [] [] [] [] [] [] [] [] [] [] [] [] [] [] [] [] [] [] [] [] [] [] [] []
71 [] [1 2 3 4 5 19 23] [1 2 3 4 5] [1 2 3 4 18 19 25 26] [1 2 3 4 19] [1 2 3 4 19 23] [1 2 3] [1 2 3 4 5 6 19 23] [1 2 3 4 16 25] [1 2 3 4 6 19 23] [1 2 3 4] [1 2 3 4 18 19 23 25 26] [1 2 3 4 5 6 10 18 19 23 25 52] [1 2 3 4 6 16] [1 2 3 4 6 19 23 25] [1 2 3 4 5 6] [1 2 3 4 5 18 25] [1 2 3 4 5 6 9 18 19 23 25 52 56] [1 2 3 4 6] [1 2 3 4 5 6 19 23 25] [1 2 3 4 18 19] [1 2 3 4 5 6 9 19] [1 2 3 19] [1 2 3 4 5 6 16] [1 2 3 4 5 6 18 19 23] [1 2 3 4 18 19 23 52] [1 2 3 4 5 19] [1 2 3 4 19 23 25 52] [1 2 3 4 5 6 18] [1 2 3 4 5 6 9 19 23] [1 2 3 4 5 6 9 19 23 25 52] [1 2 3 4 16] [1 2 3 4 19 25] [1 2 3 4 6 19 25] [1 2 3 4 5 6 19 23 52] [1 2 3 4 6 19] [1 2 3 4 16 19 23] [1 2 3 4 5 6 25] [1 2 3 4 5 6 16 18] [1 2 3 4 5 6 9 18 19 23 25] [1 2 3 4 18] [1 2 3 4 5 6 16 19 23] [1 2 3 4 5 6 9 19 23 25] [1 2 3 4 5 6 9 19 23 25 28 52 56] [1 2 3 4 6 18 19 23 25] [1 2 3 4 18 19 23 25] [1 2] [1] [1 2 3 4 25] [1 2 3 4 5 18] [1 2 3 4 5 6 16 25] [1 2 3 4 5 25] [1 2 3 4 19 23 52] [1 10] [1 2 3 4 5 6 16 18 19 23 25] [1 2 3 4 5 6 18 19 23 25 52] [1 2 3 4 5 6 9] [1 2 59] [1 2 3 4 6 18 19 23] [1 2 3 4 5 6 7 8 19 25] [1 2 3 4 5 6 9 16 19 23 25 52] [1 2 3 4 6 18 25] [1 2 3 4 5 6 9 16 19 23] [1 2 3 4 5 6 7 9 18 19 23 25] [1 2 3 4 6 18 19 23 25 26] [1 2 3 4 6 19 23 52] [1 2 3 4 6 8 16 18 25 55] [1 2 3 4 5 6 9 11 18] [1 2 3 4 5 6 9 16 19 23 25] [1 2 3 4 5 6 9 11 19 23 25 28 30 52] [1 2 3 4 5 6 9 16 18 19 23] [1 2 3 4 5 6 19 23 25 52] [1 2 3 4 6 16 18 25] [1 2 3 4 5 6 9 16 18 19 23 25 52] [1 2 3 4 16 18 25] [1 2 3 4 5 6 16 18 25] [1 2 3 4 6 10 19] [1 2 3 4 6 16 19] [1 2 3 4 5 18 19] [1 2 3 4 16 19 23 25] [1 2 3 4 18 19 23 25 52] [1 2 3 4 6 10 18 19 23] [1 2 3 4 6 16 18 19 23 25 26 52 55] [1 2 3 4 5 6 9 11 19 23 25 28 30] [1 6 18] [1 2 6] [1 2 3 4 6 8 16 18 25] [1 59] [1 2 3 4 5 6 19 23 25 52 56] [1 2 3 4 6 16 18 19 23 52] [1 2 53] [1 2 3 4 6 8 16 19 23 25 55] [1 2 3 4 5 6 9 18 19 23 25 26] [1 2 3 4 5 18 23 25 26] [1 2 4] [1 2 3 4 6 18] [1 2 3 4 18 19 23] [1 2 25] [2 19] [1 2 3 4 6 7 16 19] [1 2 3 4 18 25] [2 19 23] [1 2 3 4 5 6 9 18 25] [2 3 19 23] [1 2 3 4 5 6 19] [1 2 23] [1 2 3 4 5 19 23 25] [] [] [] [] [] [] [] [] [] [] [] [] [] [] [] [] [] [] [] [] [] [] [] [] [] [] [] [] [] [] [] [] [] [] [] [] [] [] [] [] [] [] [] [] [] [] [] [] [] [] [] [] [] [] [] [] [] [] [] [] [] [] [] [] [] [] [] [] [] [] [] [] [] [] [] [] [] [] [] [] [] [] [] [] [] [] [] [] [] [] [] [] [] [] [] [] [] [] [] [] [] [] [] [] [] [] [] [] [] [] [] [] [] [] [] [] [] [] [] [] [] [] [] [] [] [] []
72 [] [1 2 3 4 18 19 25 26] [1 2 3 4] [1 2 3 4 5 6 19 23] [1 2 3 4 19] [1 2 3 4 5] [1 2 3 4 19 23] [1 2 3] [1 2 3 4 16 25] [1 2 3 4 6 19 23] [1 2 3 4 18 19 23 25 26] [1 2 3 4 5 6 10 18 19 23 25 52] [1 2 3 4 6 16] [1 2 3 4 6 19 23 25] [1 2 3 4 5 19 23] [1 2 3 4 5 6] [1 2 3 4 5 18 25] [1 2 3 4 5 6 9 18 19 23 25 52 56] [1 2 3 4 6] [1 2 3 4 5 6 19 23 25] [1 2 3 4 18 19] [1 2 3 4 5 6 9 19] [1 2 3 19] [1 2 3 4 5 6 16] [1 2 3 4 5 6 18 19 23] [1 2 3 4 18 19 23 52] [1 2 3 4 5 19] [1 2 3 4 19 23 25 52] [1 2 3 4 5 6 18] [1 2 3 4 5 6 9 19 23] [1 2 3 4 5 6 9 19 23 25 52] [1 2 3 4 16] [1 2 3 4 19 25] [1 2 3 4 6 19 25] [1 2 3 4 5 6 19 23 52] [1 2 3 4 6 19] [1 2 3 4 16 19 23] [1 2 3 4 5 6 25] [1 2 3 4 5 6 16 18] [1 2 3 4 5 6 9 18 19 23 25] [1 2 3 4 18] [1 2 3 4 5 6 16 19 23] [1 2 3 4 5 6 9 19 23 25] [1 2 3 4 5 6 9 19 23 25 28 52 56] [1 2 3 4 6 18 19 23 25] [1 2 3 4 18 19 23 25] [1 2] [1] [1 2 3 4 25] [1 2 3 4 5 18] [1 2 3 4 5 6 16 25] [1 2 3 4 5 25] [1 2 3 4 19 23 52] [1 10] [1 2 3 4 5 6 16 18 19 23 25] [1 2 3 4 5 6 18 19 23 25 52] [1 2 3 4 5 6 9] [1 2 59] [1 2 3 4 6 18 19 23] [1 2 3 4 5 6 7 8 19 25] [1 2 3 4 5 6 9 16 19 23 25 52] [1 2 3 4 6 18 25] [1 2 3 4 5 6 9 16 19 23] [1 2 3 4 5 6 7 9 18 19 23 25] [1 2 3 4 6 18 19 23 25 26] [1 2 3 4 6 19 23 52] [1 2 3 4 6 8 16 18 25 55] [1 2 3 4 5 6 9 11 18] [1 2 3 4 5 6 9 16 19 23 25] [1 2 3 4 5 6 9 11 19 23 25 28 30 52] [1 2 3 4 5 6 9 16 18 19 23] [1 2 3 4 5 6 19 23 25 52] [1 2 3 4 6 16 18 25] [1 2 3 4 5 6 9 16 18 19 23 25 52] [1 2 3 4 16 18 25] [1 2 3 4 5 6 16 18 25] [1 2 3 4 6 10 19] [1 2 3 4 6 16 19] [1 2 3 4 5 18 19] [1 2 3 4 16 19 23 25] [1 2 3 4 18 19 23 25 52] [1 2 3 4 6 10 18 19 23] [1 2 3 4 6 16 18 19 23 25 26 52 55] [1 2 3 4 5 6 9 11 19 23 25 28 30] [1 6 18] [1 2 6] [1 2 3 4 6 8 16 18 25] [1 59] [1 2 3 4 5 6 19 23 25 52 56] [1 2 3 4 6 16 18 19 23 52] [1 2 53] [1 2 3 4 6 8 16 19 23 25 55] [1 2 3 4 5 6 9 18 19 23 25 26] [1 2 3 4 5 18 23 25 26] [1 2 4] [1 2 3 4 6 18] [1 2 3 4 18 19 23] [1 2 25] [2 19] [1 2 3 4 6 7 16 19] [1 2 3 4 18 25] [2 19 23] [1 2 3 4 5 6 9 18 25] [2 3 19 23] [1 2 3 4 5 6 19] [1 2 23] [1 2 3 4 5 19 23 25] [] [] [] [] [] [] [] [] [] [] [] [] [] [] [] [] [] [] [] [] [] [] [] [] [] [] [] [] [] [] [] [] [] [] [] [] [] [] [] [] [] [] [] [] [] [] [] [] [] [] [] [] [] [] [] [] [] [] [] [] [] [] [] [] [] [] [] [] [] [] [] [] [] [] [] [] [] [] [] [] [] [] [] [] [] [] [] [] [] [] [] [] [] [] [] [] [] [] [] [] [] [] [] [] [] [] [] [] [] [] [] [] [] [] [] [] [] [] [] [] [] [] [] [] [] [] []
73 [] [1 2 3 4 5 6 19 23] [1 2 3 4 19] [1 2 3 4 5] [1 2 3 4 19 23] [1 2 3] [1 2 3 4 16 25] [1 2 3 4 6 19 23] [1 2 3 4] [1 2 3 4 18 19 23 25 26] [1 2 3 4 5 6 10 18 19 23 25 52] [1 2 3 4 6 16] [1 2 3 4 6 19 23 25] [1 2 3 4 5 19 23] [1 2 3 4 5 6] [1 2 3 4 5 18 25] [1 2 3 4 5 6 9 18 19 23 25 52 56] [1 2 3 4 6] [1 2 3 4 5 6 19 23 25] [1 2 3 4 18 19] [1 2 3 4 5 6 9 19] [1 2 3 19] [1 2 3 4 5 6 16] [1 2 3 4 5 6 18 19 23] [1 2 3 4 18 19 23 52] [1 2 3 4 5 19] [1 2 3 4 19 23 25 52] [1 2 3 4 5 6 18] [1 2 3 4 5 6 9 19 23] [1 2 3 4 5 6 9 19 23 25 52] [1 2 3 4 16] [1 2 3 4 19 25] [1 2 3 4 6 19 25] [1 2 3 4 5 6 19 23 52] [1 2 3 4 6 19] [1 2 3 4 16 19 23] [1 2 3 4 5 6 25] [1 2 3 4 5 6 16 18] [1 2 3 4 5 6 9 18 19 23 25] [1 2 3 4 18] [1 2 3 4 5 6 16 19 23] [1 2 3 4 5 6 9 19 23 25] [1 2 3 4 5 6 9 19 23 25 28 52 56] [1 2 3 4 6 18 19 23 25] [1 2 3 4 18 19 23 25] [1 2] [1] [1 2 3 4 25] [1 2 3 4 5 18] [1 2 3 4 5 6 16 25] [1 2 3 4 5 25] [1 2 3 4 19 23 52] [1 10] [1 2 3 4 5 6 16 18 19 23 25] [1 2 3 4 5 6 18 19 23 25 52] [1 2 3 4 5 6 9] [1 2 59] [1 2 3 4 6 18 19 23] [1 2 3 4 5 6 7 8 19 25] [1 2 3 4 5 6 9 16 19 23 25 52] [1 2 3 4 6 18 25] [1 2 3 4 5 6 9 16 19 23] [1 2 3 4 5 6 7 9 18 19 23 25] [1 2 3 4 6 18 19 23 25 26] [1 2 3 4 6 19 23 52] [1 2 3 4 6 8 16 18 25 55] [1 2 3 4 5 6 9 11 18] [1 2 3 4 5 6 9 16 19 23 25] [1 2 3 4 5 6 9 11 19 23 25 28 30 52] [1 2 3 4 5 6 9 16 18 19 23] [1 2 3 4 5 6 19 23 25 52] [1 2 3 4 6 16 18 25] [1 2 3 4 5 6 9 16 18 19 23 25 52] [1 2 3 4 16 18 25] [1 2 3 4 5 6 16 18 25] [1 2 3 4 6 10 19] [1 2 3 4 6 16 19] [1 2 3 4 5 18 19] [1 2 3 4 16 19 23 25] [1 2 3 4 18 19 23 25 52] [1 2 3 4 6 10 18 19 23] [1 2 3 4 6 16 18 19 23 25 26 52 55] [1 2 3 4 5 6 9 11 19 23 25 28 30] [1 6 18] [1 2 6] [1 2 3 4 6 8 16 18 25] [1 59] [1 2 3 4 5 6 19 23 25 52 56] [1 2 3 4 6 16 18 19 23 52] [1 2 53] [1 2 3 4 6 8 16 19 23 25 55] [1 2 3 4 5 6 9 18 19 23 25 26] [1 2 3 4 5 18 23 25 26] [1 2 4] [1 2 3 4 6 18] [1 2 3 4 18 19 23] [1 2 25] [2 19] [1 2 3 4 6 7 16 19] [1 2 3 4 18 25] [2 19 23] [1 2 3 4 5 6 9 18 25] [2 3 19 23] [1 2 3 4 5 6 19] [1 2 23] [1 2 3 4 5 19 23 25] [] [] [] [] [] [] [] [] [] [] [] [] [] [] [] [] [] [] [] [] [] [] [] [] [] [] [] [] [] [] [] [] [] [] [] [] [] [] [] [] [] [] [] [] [] [] [] [] [] [] [] [] [] [] [] [] [] [] [] [] [] [] [] [] [] [] [] [] [] [] [] [] [] [] [] [] [] [] [] [] [] [] [] [] [] [] [] [] [] [] [] [] [] [] [] [] [] [] [] [] [] [] [] [] [] [] [] [] [] [] [] [] [] [] [] [] [] [] [] [] [] [] [] [] [] [] [] []
74 [] [1 2 3 4 19] [1 2 3 4 5] [1 2 3 4 5 19 23] [1 2 3 4 19 23] [1 2 3] [1 2 3 4 5 6 19 23] [1 2 3 4 16 25] [1 2 3 4 6 19 23] [1 2 3 4] [1 2 3 4 18 19 23 25 26] [1 2 3 4 5 6 10 18 19 23 25 52] [1 2 3 4 6 16] [1 2 3 4 6 19 23 25] [1 2 3 4 5 6] [1 2 3 4 5 18 25] [1 2 3 4 5 6 9 18 19 23 25 52 56] [1 2 3 4 6] [1 2 3 4 5 6 19 23 25] [1 2 3 4 18 19] [1 2 3 4 5 6 9 19] [1 2 3 19] [1 2 3 4 5 6 16] [1 2 3 4 5 6 18 19 23] [1 2 3 4 18 19 23 52] [1 2 3 4 5 19] [1 2 3 4 19 23 25 52] [1 2 3 4 5 6 18] [1 2 3 4 5 6 9 19 23] [1 2 3 4 5 6 9 19 23 25 52] [1 2 3 4 16] [1 2 3 4 19 25] [1 2 3 4 6 19 25] [1 2 3 4 5 6 19 23 52] [1 2 3 4 6 19] [1 2 3 4 16 19 23] [1 2 3 4 5 6 25] [1 2 3 4 5 6 16 18] [1 2 3 4 5 6 9 18 19 23 25] [1 2 3 4 18] [1 2 3 4 5 6 16 19 23] [1 2 3 4 5 6 9 19 23 25] [1 2 3 4 5 6 9 19 23 25 28 52 56] [1 2 3 4 6 18 19 23 25] [1 2 3 4 18 19 23 25] [1 2] [1] [1 2 3 4 25] [1 2 3 4 5 18] [1 2 3 4 5 6 16 25] [1 2 3 4 5 25] [1 2 3 4 19 23 52] [1 10] [1 2 3 4 5 6 16 18 19 23 25] [1 2 3 4 5 6 18 19 23 25 52] [1 2 3 4 5 6 9] [1 2 59] [1 2 3 4 6 18 19 23] [1 2 3 4 5 6 7 8 19 25] [1 2 3 4 5 6 9 16 19 23 25 52] [1 2 3 4 6 18 25] [1 2 3 4 5 6 9 16 19 23] [1 2 3 4 5 6 7 9 18 19 23 25] [1 2 3 4 6 18 19 23 25 26] [1 2 3 4 6 19 23 52] [1 2 3 4 6 8 16 18 25 55] [1 2 3 4 5 6 9 11 18] [1 2 3 4 5 6 9 16 19 23 25] [1 2 3 4 5 6 9 11 19 23 25 28 30 52] [1 2 3 4 5 6 9 16 18 19 23] [1 2 3 4 5 6 19 23 25 52] [1 2 3 4 6 16 18 25] [1 2 3 4 5 6 9 16 18 19 23 25 52] [1 2 3 4 16 18 25] [1 2 3 4 5 6 16 18 25] [1 2 3 4 6 10 19] [1 2 3 4 6 16 19] [1 2 3 4 5 18 19] [1 2 3 4 16 19 23 25] [1 2 3 4 18 19 23 25 52] [1 2 3 4 6 10 18 19 23] [1 2 3 4 6 16 18 19 23 25 26 52 55] [1 2 3 4 5 6 9 11 19 23 25 28 30] [1 6 18] [1 2 6] [1 2 3 4 6 8 16 18 25] [1 59] [1 2 3 4 5 6 19 23 25 52 56] [1 2 3 4 6 16 18 19 23 52] [1 2 53] [1 2 3 4 6 8 16 19 23 25 55] [1 2 3 4 5 6 9 18 19 23 25 26] [1 2 3 4 5 18 23 25 26] [1 2 4] [1 2 3 4 6 18] [1 2 3 4 18 19 23] [1 2 25] [2 19] [1 2 3 4 6 7 16 19] [1 2 3 4 18 25] [2 19 23] [1 2 3 4 5 6 9 18 25] [2 3 19 23] [1 2 3 4 5 6 19] [1 2 23] [1 2 3 4 5 19 23 25] [] [] [] [] [] [] [] [] [] [] [] [] [] [] [] [] [] [] [] [] [] [] [] [] [] [] [] [] [] [] [] [] [] [] [] [] [] [] [] [] [] [] [] [] [] [] [] [] [] [] [] [] [] [] [] [] [] [] [] [] [] [] [] [] [] [] [] [] [] [] [] [] [] [] [] [] [] [] [] [] [] [] [] [] [] [] [] [] [] [] [] [] [] [] [] [] [] [] [] [] [] [] [] [] [] [] [] [] [] [] [] [] [] [] [] [] [] [] [] [] [] [] [] [] [] [] [] []
75 [] [1 2 3 4 5 19 23] [1 2 3 4 19 23] [1 2 3 4 6 19 23] [1 2 3] [1 2 3 4 5 6 19 23] [1 2 3 4 5] [1 2 3 4 16 25] [1 2 3 4] [1 2 3 4 18 19 23 25 26] [1 2 3 4 5 6 10 18 19 23 25 52] [1 2 3 4 6 16] [1 2 3 4 6 19 23 25] [1 2 3 4 5 6] [1 2 3 4 5 18 25] [1 2 3 4 5 6 9 18 19 23 25 52 56] [1 2 3 4 6] [1 2 3 4 5 6 19 23 25] [1 2 3 4 18 19] [1 2 3 4 19] [1 2 3 4 5 6 9 19] [1 2 3 19] [1 2 3 4 5 6 16] [1 2 3 4 5 6 18 19 23] [1 2 3 4 18 19 23 52] [1 2 3 4 5 19] [1 2 3 4 19 23 25 52] [1 2 3 4 5 6 18] [1 2 3 4 5 6 9 19 23] [1 2 3 4 5 6 9 19 23 25 52] [1 2 3 4 16] [1 2 3 4 19 25] [1 2 3 4 6 19 25] [1 2 3 4 5 6 19 23 52] [1 2 3 4 6 19] [1 2 3 4 16 19 23] [1 2 3 4 5 6 25] [1 2 3 4 5 6 16 18] [1 2 3 4 5 6 9 18 19 23 25] [1 2 3 4 18] [1 2 3 4 5 6 16 19 23] [1 2 3 4 5 6 9 19 23 25] [1 2 3 4 5 6 9 19 23 25 28 52 56] [1 2 3 4 6 18 19 23 25] [1 2 3 4 18 19 23 25] [1 2] [1] [1 2 3 4 25] [1 2 3 4 5 18] [1 2 3 4 5 6 16 25] [1 2 3 4 5 25] [1 2 3 4 19 23 52] [1 10] [1 2 3 4 5 6 16 18 19 23 25] [1 2 3 4 5 6 18 19 23 25 52] [1 2 3 4 5 6 9] [1 2 59] [1 2 3 4 6 18 19 23] [1 2 3 4 5 6 7 8 19 25] [1 2 3 4 5 6 9 16 19 23 25 52] [1 2 3 4 6 18 25] [1 2 3 4 5 6 9 16 19 23] [1 2 3 4 5 6 7 9 18 19 23 25] [1 2 3 4 6 18 19 23 25 26] [1 2 3 4 6 19 23 52] [1 2 3 4 6 8 16 18 25 55] [1 2 3 4 5 6 9 11 18] [1 2 3 4 5 6 9 16 19 23 25] [1 2 3 4 5 6 9 11 19 23 25 28 30 52] [1 2 3 4 5 6 9 16 18 19 23] [1 2 3 4 5 6 19 23 25 52] [1 2 3 4 6 16 18 25] [1 2 3 4 5 6 9 16 18 19 23 25 52] [1 2 3 4 16 18 25] [1 2 3 4 5 6 16 18 25] [1 2 3 4 6 10 19] [1 2 3 4 6 16 19] [1 2 3 4 5 18 19] [1 2 3 4 16 19 23 25] [1 2 3 4 18 19 23 25 52] [1 2 3 4 6 10 18 19 23] [1 2 3 4 6 16 18 19 23 25 26 52 55] [1 2 3 4 5 6 9 11 19 23 25 28 30] [1 6 18] [1 2 6] [1 2 3 4 6 8 16 18 25] [1 59] [1 2 3 4 5 6 19 23 25 52 56] [1 2 3 4 6 16 18 19 23 52] [1 2 53] [1 2 3 4 6 8 16 19 23 25 55] [1 2 3 4 5 6 9 18 19 23 25 26] [1 2 3 4 5 18 23 25 26] [1 2 4] [1 2 3 4 6 18] [1 2 3 4 18 19 23] [1 2 25] [2 19] [1 2 3 4 6 7 16 19] [1 2 3 4 18 25] [2 19 23] [1 2 3 4 5 6 9 18 25] [2 3 19 23] [1 2 3 4 5 6 19] [1 2 23] [1 2 3 4 5 19 23 25] [] [] [] [] [] [] [] [] [] [] [] [] [] [] [] [] [] [] [] [] [] [] [] [] [] [] [] [] [] [] [] [] [] [] [] [] [] [] [] [] [] [] [] [] [] [] [] [] [] [] [] [] [] [] [] [] [] [] [] [] [] [] [] [] [] [] [] [] [] [] [] [] [] [] [] [] [] [] [] [] [] [] [] [] [] [] [] [] [] [] [] [] [] [] [] [] [] [] [] [] [] [] [] [] [] [] [] [] [] [] [] [] [] [] [] [] [] [] [] [] [] [] [] [] [] [] [] []
76 [] [1 2 3 4 6 19 23] [1 2 3 4 5 6 19 23] [1 2 3] [1 2 3 4 5] [1 2 3 4 16 25] [1 2 3 4] [1 2 3 4 18 19 23 25 26] [1 2 3 4 5 6 10 18 19 23 25 52] [1 2 3 4 6 16] [1 2 3 4 6 19 23 25] [1 2 3 4 19 23] [1 2 3 4 5 19 23] [1 2 3 4 5 6] [1 2 3 4 5 18 25] [1 2 3 4 5 6 9 18 19 23 25 52 56] [1 2 3 4 6] [1 2 3 4 5 6 19 23 25] [1 2 3 4 18 19] [1 2 3 4 19] [1 2 3 4 5 6 9 19] [1 2 3 19] [1 2 3 4 5 6 16] [1 2 3 4 5 6 18 19 23] [1 2 3 4 18 19 23 52] [1 2 3 4 5 19] [1 2 3 4 19 23 25 52] [1 2 3 4 5 6 18] [1 2 3 4 5 6 9 19 23] [1 2 3 4 5 6 9 19 23 25 52] [1 2 3 4 16] [1 2 3 4 19 25] [1 2 3 4 6 19 25] [1 2 3 4 5 6 19 23 52] [1 2 3 4 6 19] [1 2 3 4 16 19 23] [1 2 3 4 5 6 25] [1 2 3 4 5 6 16 18] [1 2 3 4 5 6 9 18 19 23 25] [1 2 3 4 18] [1 2 3 4 5 6 16 19 23] [1 2 3 4 5 6 9 19 23 25] [1 2 3 4 5 6 9 19 23 25 28 52 56] [1 2 3 4 6 18 19 23 25] [1 2 3 4 18 19 23 25] [1 2] [1] [1 2 3 4 25] [1 2 3 4 5 18] [1 2 3 4 5 6 16 25] [1 2 3 4 5 25] [1 2 3 4 19 23 52] [1 10] [1 2 3 4 5 6 16 18 19 23 25] [1 2 3 4 5 6 18 19 23 25 52] [1 2 3 4 5 6 9] [1 2 59] [1 2 3 4 6 18 19 23] [1 2 3 4 5 6 7 8 19 25] [1 2 3 4 5 6 9 16 19 23 25 52] [1 2 3 4 6 18 25] [1 2 3 4 5 6 9 16 19 23] [1 2 3 4 5 6 7 9 18 19 23 25] [1 2 3 4 6 18 19 23 25 26] [1 2 3 4 6 19 23 52] [1 2 3 4 6 8 16 18 25 55] [1 2 3 4 5 6 9 11 18] [1 2 3 4 5 6 9 16 19 23 25] [1 2 3 4 5 6 9 11 19 23 25 28 30 52] [1 2 3 4 5 6 9 16 18 19 23] [1 2 3 4 5 6 19 23 25 52] [1 2 3 4 6 16 18 25] [1 2 3 4 5 6 9 16 18 19 23 25 52] [1 2 3 4 16 18 25] [1 2 3 4 5 6 16 18 25] [1 2 3 4 6 10 19] [1 2 3 4 6 16 19] [1 2 3 4 5 18 19] [1 2 3 4 16 19 23 25] [1 2 3 4 18 19 23 25 52] [1 2 3 4 6 10 18 19 23] [1 2 3 4 6 16 18 19 23 25 26 52 55] [1 2 3 4 5 6 9 11 19 23 25 28 30] [1 6 18] [1 2 6] [1 2 3 4 6 8 16 18 25] [1 59] [1 2 3 4 5 6 19 23 25 52 56] [1 2 3 4 6 16 18 19 23 52] [1 2 53] [1 2 3 4 6 8 16 19 23 25 55] [1 2 3 4 5 6 9 18 19 23 25 26] [1 2 3 4 5 18 23 25 26] [1 2 4] [1 2 3 4 6 18] [1 2 3 4 18 19 23] [1 2 25] [2 19] [1 2 3 4 6 7 16 19] [1 2 3 4 18 25] [2 19 23] [1 2 3 4 5 6 9 18 25] [2 3 19 23] [1 2 3 4 5 6 19] [1 2 23] [1 2 3 4 5 19 23 25] [] [] [] [] [] [] [] [] [] [] [] [] [] [] [] [] [] [] [] [] [] [] [] [] [] [] [] [] [] [] [] [] [] [] [] [] [] [] [] [] [] [] [] [] [] [] [] [] [] [] [] [] [] [] [] [] [] [] [] [] [] [] [] [] [] [] [] [] [] [] [] [] [] [] [] [] [] [] [] [] [] [] [] [] [] [] [] [] [] [] [] [] [] [] [] [] [] [] [] [] [] [] [] [] [] [] [] [] [] [] [] [] [] [] [] [] [] [] [] [] [] [] [] [] [] [] [] []
77 [] [1 2 3] [1 2 3 4 5 6 19 23] [1 2 3 4 19 25] [1 2 3 4 5] [1 2 3 4 16 25] [1 2 3 4 6 19 23] [1 2 3 4] [1 2 3 4 18 19 23 25 26] [1 2 3 4 5 6 10 18 19 23 25 52] [1 2 3 4 6 16] [1 2 3 4 6 19 23 25] [1 2 3 4 19 23] [1 2 3 4 5 19 23] [1 2 3 4 5 6] [1 2 3 4 5 18 25] [1 2 3 4 5 6 9 18 19 23 25 52 56] [1 2 3 4 6] [1 2 3 4 5 6 19 23 25] [1 2 3 4 18 19] [1 2 3 4 19] [1 2 3 4 5 6 9 19] [1 2 3 19] [1 2 3 4 5 6 16] [1 2 3 4 5 6 18 19 23] [1 2 3 4 18 19 23 52] [1 2 3 4 5 19] [1 2 3 4 19 23 25 52] [1 2 3 4 5 6 18] [1 2 3 4 5 6 9 19 23] [1 2 3 4 5 6 9 19 23 25 52] [1 2 3 4 16] [1 2 3 4 6 19 25] [1 2 3 4 5 6 19 23 52] [1 2 3 4 6 19] [1 2 3 4 16 19 23] [1 2 3 4 5 6 25] [1 2 3 4 5 6 16 18] [1 2 3 4 5 6 9 18 19 23 25] [1 2 3 4 18] [1 2 3 4 5 6 16 19 23] [1 2 3 4 5 6 9 19 23 25] [1 2 3 4 5 6 9 19 23 25 28 52 56] [1 2 3 4 6 18 19 23 25] [1 2 3 4 18 19 23 25] [1 2] [1] [1 2 3 4 25] [1 2 3 4 5 18] [1 2 3 4 5 6 16 25] [1 2 3 4 5 25] [1 2 3 4 19 23 52] [1 10] [1 2 3 4 5 6 16 18 19 23 25] [1 2 3 4 5 6 18 19 23 25 52] [1 2 3 4 5 6 9] [1 2 59] [1 2 3 4 6 18 19 23] [1 2 3 4 5 6 7 8 19 25] [1 2 3 4 5 6 9 16 19 23 25 52] [1 2 3 4 6 18 25] [1 2 3 4 5 6 9 16 19 23] [1 2 3 4 5 6 7 9 18 19 23 25] [1 2 3 4 6 18 19 23 25 26] [1 2 3 4 6 19 23 52] [1 2 3 4 6 8 16 18 25 55] [1 2 3 4 5 6 9 11 18] [1 2 3 4 5 6 9 16 19 23 25] [1 2 3 4 5 6 9 11 19 23 25 28 30 52] [1 2 3 4 5 6 9 16 18 19 23] [1 2 3 4 5 6 19 23 25 52] [1 2 3 4 6 16 18 25] [1 2 3 4 5 6 9 16 18 19 23 25 52] [1 2 3 4 16 18 25] [1 2 3 4 5 6 16 18 25] [1 2 3 4 6 10 19] [1 2 3 4 6 16 19] [1 2 3 4 5 18 19] [1 2 3 4 16 19 23 25] [1 2 3 4 18 19 23 25 52] [1 2 3 4 6 10 18 19 23] [1 2 3 4 6 16 18 19 23 25 26 52 55] [1 2 3 4 5 6 9 11 19 23 25 28 30] [1 6 18] [1 2 6] [1 2 3 4 6 8 16 18 25] [1 59] [1 2 3 4 5 6 19 23 25 52 56] [1 2 3 4 6 16 18 19 23 52] [1 2 53] [1 2 3 4 6 8 16 19 23 25 55] [1 2 3 4 5 6 9 18 19 23 25 26] [1 2 3 4 5 18 23 25 26] [1 2 4] [1 2 3 4 6 18] [1 2 3 4 18 19 23] [1 2 25] [2 19] [1 2 3 4 6 7 16 19] [1 2 3 4 18 25] [2 19 23] [1 2 3 4 5 6 9 18 25] [2 3 19 23] [1 2 3 4 5 6 19] [1 2 23] [1 2 3 4 5 19 23 25] [] [] [] [] [] [] [] [] [] [] [] [] [] [] [] [] [] [] [] [] [] [] [] [] [] [] [] [] [] [] [] [] [] [] [] [] [] [] [] [] [] [] [] [] [] [] [] [] [] [] [] [] [] [] [] [] [] [] [] [] [] [] [] [] [] [] [] [] [] [] [] [] [] [] [] [] [] [] [] [] [] [] [] [] [] [] [] [] [] [] [] [] [] [] [] [] [] [] [] [] [] [] [] [] [] [] [] [] [] [] [] [] [] [] [] [] [] [] [] [] [] [] [] [] [] [] [] []
78 [] [1 2 3 4 19 25] [1 2 3 4 5] [1 2 3 4 16 25] [1 2 3 4 6 19 23] [1 2 3 4] [1 2 3] [1 2 3 4 18 19 23 25 26] [1 2 3 4 5 6 10 18 19 23 25 52] [1 2 3 4 6 16] [1 2 3 4 6 19 23 25] [1 2 3 4 19 23] [1 2 3 4 5 19 23] [1 2 3 4 5 6] [1 2 3 4 5 18 25] [1 2 3 4 5 6 9 18 19 23 25 52 56] [1 2 3 4 6] [1 2 3 4 5 6 19 23 25] [1 2 3 4 18 19] [1 2 3 4 19] [1 2 3 4 5 6 9 19] [1 2 3 19] [1 2 3 4 5 6 16] [1 2 3 4 5 6 18 19 23] [1 2 3 4 18 19 23 52] [1 2 3 4 5 19] [1 2 3 4 19 23 25 52] [1 2 3 4 5 6 18] [1 2 3 4 5 6 9 19 23] [1 2 3 4 5 6 9 19 23 25 52] [1 2 3 4 16] [1 2 3 4 6 19 25] [1 2 3 4 5 6 19 23 52] [1 2 3 4 6 19] [1 2 3 4 5 6 19 23] [1 2 3 4 16 19 23] [1 2 3 4 5 6 25] [1 2 3 4 5 6 16 18] [1 2 3 4 5 6 9 18 19 23 25] [1 2 3 4 18] [1 2 3 4 5 6 16 19 23] [1 2 3 4 5 6 9 19 23 25] [1 2 3 4 5 6 9 19 23 25 28 52 56] [1 2 3 4 6 18 19 23 25] [1 2 3 4 18 19 23 25] [1 2] [1] [1 2 3 4 25] [1 2 3 4 5 18] [1 2 3 4 5 6 16 25] [1 2 3 4 5 25] [1 2 3 4 19 23 52] [1 10] [1 2 3 4 5 6 16 18 19 23 25] [1 2 3 4 5 6 18 19 23 25 52] [1 2 3 4 5 6 9] [1 2 59] [1 2 3 4 6 18 19 23] [1 2 3 4 5 6 7 8 19 25] [1 2 3 4 5 6 9 16 19 23 25 52] [1 2 3 4 6 18 25] [1 2 3 4 5 6 9 16 19 23] [1 2 3 4 5 6 7 9 18 19 23 25] [1 2 3 4 6 18 19 23 25 26] [1 2 3 4 6 19 23 52] [1 2 3 4 6 8 16 18 25 55] [1 2 3 4 5 6 9 11 18] [1 2 3 4 5 6 9 16 19 23 25] [1 2 3 4 5 6 9 11 19 23 25 28 30 52] [1 2 3 4 5 6 9 16 18 19 23] [1 2 3 4 5 6 19 23 25 52] [1 2 3 4 6 16 18 25] [1 2 3 4 5 6 9 16 18 19 23 25 52] [1 2 3 4 16 18 25] [1 2 3 4 5 6 16 18 25] [1 2 3 4 6 10 19] [1 2 3 4 6 16 19] [1 2 3 4 5 18 19] [1 2 3 4 16 19 23 25] [1 2 3 4 18 19 23 25 52] [1 2 3 4 6 10 18 19 23] [1 2 3 4 6 16 18 19 23 25 26 52 55] [1 2 3 4 5 6 9 11 19 23 25 28 30] [1 6 18] [1 2 6] [1 2 3 4 6 8 16 18 25] [1 59] [1 2 3 4 5 6 19 23 25 52 56] [1 2 3 4 6 16 18 19 23 52] [1 2 53] [1 2 3 4 6 8 16 19 23 25 55] [1 2 3 4 5 6 9 18 19 23 25 26] [1 2 3 4 5 18 23 25 26] [1 2 4] [1 2 3 4 6 18] [1 2 3 4 18 19 23] [1 2 25] [2 19] [1 2 3 4 6 7 16 19] [1 2 3 4 18 25] [2 19 23] [1 2 3 4 5 6 9 18 25] [2 3 19 23] [1 2 3 4 5 6 19] [1 2 23] [1 2 3 4 5 19 23 25] [] [] [] [] [] [] [] [] [] [] [] [] [] [] [] [] [] [] [] [] [] [] [] [] [] [] [] [] [] [] [] [] [] [] [] [] [] [] [] [] [] [] [] [] [] [] [] [] [] [] [] [] [] [] [] [] [] [] [] [] [] [] [] [] [] [] [] [] [] [] [] [] [] [] [] [] [] [] [] [] [] [] [] [] [] [] [] [] [] [] [] [] [] [] [] [] [] [] [] [] [] [] [] [] [] [] [] [] [] [] [] [] [] [] [] [] [] [] [] [] [] [] [] [] [] [] [] []
79 [] [1 2 3 4 16 25] [1 2 3 4 6 19 23] [1 2 3 4] [1 2 3 4 5] [1 2 3] [1 2 3 4 18 19 23 25 26] [1 2 3 4 5 6 10 18 19 23 25 52] [1 2 3 4 6 16] [1 2 3 4 6 19 23 25] [1 2 3 4 19 23] [1 2 3 4 5 19 23] [1 2 3 4 5 6] [1 2 3 4 5 18 25] [1 2 3 4 5 6 9 18 19 23 25 52 56] [1 2 3 4 6] [1 2 3 4 5 6 19 23 25] [1 2 3 4 18 19] [1 2 3 4 19] [1 2 3 4 5 6 9 19] [1 2 3 19] [1 2 3 4 5 6 16] [1 2 3 4 5 6 18 19 23] [1 2 3 4 18 19 23 52] [1 2 3 4 5 19] [1 2 3 4 19 23 25 52] [1 2 3 4 5 6 18] [1 2 3 4 5 6 9 19 23] [1 2 3 4 5 6 9 19 23 25 52] [1 2 3 4 16] [1 2 3 4 19 25] [1 2 3 4 6 19 25] [1 2 3 4 5 6 19 23 52] [1 2 3 4 6 19] [1 2 3 4 5 6 19 23] [1 2 3 4 16 19 23] [1 2 3 4 5 6 25] [1 2 3 4 5 6 16 18] [1 2 3 4 5 6 9 18 19 23 25] [1 2 3 4 18] [1 2 3 4 5 6 16 19 23] [1 2 3 4 5 6 9 19 23 25] [1 2 3 4 5 6 9 19 23 25 28 52 56] [1 2 3 4 6 18 19 23 25] [1 2 3 4 18 19 23 25] [1 2] [1] [1 2 3 4 25] [1 2 3 4 5 18] [1 2 3 4 5 6 16 25] [1 2 3 4 5 25] [1 2 3 4 19 23 52] [1 10] [1 2 3 4 5 6 16 18 19 23 25] [1 2 3 4 5 6 18 19 23 25 52] [1 2 3 4 5 6 9] [1 2 59] [1 2 3 4 6 18 19 23] [1 2 3 4 5 6 7 8 19 25] [1 2 3 4 5 6 9 16 19 23 25 52] [1 2 3 4 6 18 25] [1 2 3 4 5 6 9 16 19 23] [1 2 3 4 5 6 7 9 18 19 23 25] [1 2 3 4 6 18 19 23 25 26] [1 2 3 4 6 19 23 52] [1 2 3 4 6 8 16 18 25 55] [1 2 3 4 5 6 9 11 18] [1 2 3 4 5 6 9 16 19 23 25] [1 2 3 4 5 6 9 11 19 23 25 28 30 52] [1 2 3 4 5 6 9 16 18 19 23] [1 2 3 4 5 6 19 23 25 52] [1 2 3 4 6 16 18 25] [1 2 3 4 5 6 9 16 18 19 23 25 52] [1 2 3 4 16 18 25] [1 2 3 4 5 6 16 18 25] [1 2 3 4 6 10 19] [1 2 3 4 6 16 19] [1 2 3 4 5 18 19] [1 2 3 4 16 19 23 25] [1 2 3 4 18 19 23 25 52] [1 2 3 4 6 10 18 19 23] [1 2 3 4 6 16 18 19 23 25 26 52 55] [1 2 3 4 5 6 9 11 19 23 25 28 30] [1 6 18] [1 2 6] [1 2 3 4 6 8 16 18 25] [1 59] [1 2 3 4 5 6 19 23 25 52 56] [1 2 3 4 6 16 18 19 23 52] [1 2 53] [1 2 3 4 6 8 16 19 23 25 55] [1 2 3 4 5 6 9 18 19 23 25 26] [1 2 3 4 5 18 23 25 26] [1 2 4] [1 2 3 4 6 18] [1 2 3 4 18 19 23] [1 2 25] [2 19] [1 2 3 4 6 7 16 19] [1 2 3 4 18 25] [2 19 23] [1 2 3 4 5 6 9 18 25] [2 3 19 23] [1 2 3 4 5 6 19] [1 2 23] [1 2 3 4 5 19 23 25] [] [] [] [] [] [] [] [] [] [] [] [] [] [] [] [] [] [] [] [] [] [] [] [] [] [] [] [] [] [] [] [] [] [] [] [] [] [] [] [] [] [] [] [] [] [] [] [] [] [] [] [] [] [] [] [] [] [] [] [] [] [] [] [] [] [] [] [] [] [] [] [] [] [] [] [] [] [] [] [] [] [] [] [] [] [] [] [] [] [] [] [] [] [] [] [] [] [] [] [] [] [] [] [] [] [] [] [] [] [] [] [] [] [] [] [] [] [] [] [] [] [] [] [] [] [] [] []
80 [] [1 2 3 4] [1 2 3 4 5 19] [1 2 3 4 5] [1 2 3] [1 2 3 4 18 19 23 25 26] [1 2 3 4 5 6 10 18 19 23 25 52] [1 2 3 4 6 16] [1 2 3 4 6 19 23 25] [1 2 3 4 19 23] [1 2 3 4 5 19 23] [1 2 3 4 5 6] [1 2 3 4 5 18 25] [1 2 3 4 5 6 9 18 19 23 25 52 56] [1 2 3 4 6] [1 2 3 4 5 6 19 23 25] [1 2 3 4 18 19] [1 2 3 4 6 19 23] [1 2 3 4 19] [1 2 3 4 5 6 9 19] [1 2 3 19] [1 2 3 4 5 6 16] [1 2 3 4 5 6 18 19 23] [1 2 3 4 18 19 23 52] [1 2 3 4 19 23 25 52] [1 2 3 4 5 6 18] [1 2 3 4 5 6 9 19 23] [1 2 3 4 5 6 9 19 23 25 52] [1 2 3 4 16] [1 2 3 4 19 25] [1 2 3 4 6 19 25] [1 2 3 4 5 6 19 23 52] [1 2 3 4 6 19] [1 2 3 4 5 6 19 23] [1 2 3 4 16 19 23] [1 2 3 4 5 6 25] [1 2 3 4 5 6 16 18] [1 2 3 4 5 6 9 18 19 23 25] [1 2 3 4 18] [1 2 3 4 5 6 16 19 23] [1 2 3 4 5 6 9 19 23 25] [1 2 3 4 5 6 9 19 23 25 28 52 56] [1 2 3 4 6 18 19 23 25] [1 2 3 4 18 19 23 25] [1 2] [1] [1 2 3 4 25] [1 2 3 4 5 18] [1 2 3 4 5 6 16 25] [1 2 3 4 5 25] [1 2 3 4 19 23 52] [1 10] [1 2 3 4 5 6 16 18 19 23 25] [1 2 3 4 5 6 18 19 23 25 52] [1 2 3 4 5 6 9] [1 2 59] [1 2 3 4 6 18 19 23] [1 2 3 4 5 6 7 8 19 25] [1 2 3 4 5 6 9 16 19 23 25 52] [1 2 3 4 6 18 25] [1 2 3 4 5 6 9 16 19 23] [1 2 3 4 5 6 7 9 18 19 23 25] [1 2 3 4 6 18 19 23 25 26] [1 2 3 4 6 19 23 52] [1 2 3 4 6 8 16 18 25 55] [1 2 3 4 5 6 9 11 18] [1 2 3 4 5 6 9 16 19 23 25] [1 2 3 4 5 6 9 11 19 23 25 28 30 52] [1 2 3 4 5 6 9 16 18 19 23] [1 2 3 4 5 6 19 23 25 52] [1 2 3 4 6 16 18 25] [1 2 3 4 5 6 9 16 18 19 23 25 52] [1 2 3 4 16 18 25] [1 2 3 4 5 6 16 18 25] [1 2 3 4 6 10 19] [1 2 3 4 6 16 19] [1 2 3 4 5 18 19] [1 2 3 4 16 19 23 25] [1 2 3 4 18 19 23 25 52] [1 2 3 4 6 10 18 19 23] [1 2 3 4 6 16 18 19 23 25 26 52 55] [1 2 3 4 5 6 9 11 19 23 25 28 30] [1 6 18] [1 2 6] [1 2 3 4 6 8 16 18 25] [1 59] [1 2 3 4 5 6 19 23 25 52 56] [1 2 3 4 6 16 18 19 23 52] [1 2 53] [1 2 3 4 6 8 16 19 23 25 55] [1 2 3 4 5 6 9 18 19 23 25 26] [1 2 3 4 5 18 23 25 26] [1 2 4] [1 2 3 4 6 18] [1 2 3 4 18 19 23] [1 2 25] [2 19] [1 2 3 4 6 7 16 19] [1 2 3 4 18 25] [2 19 23] [1 2 3 4 5 6 9 18 25] [2 3 19 23] [1 2 3 4 5 6 19] [1 2 23] [1 2 3 4 5 19 23 25] [] [] [] [] [] [] [] [] [] [] [] [] [] [] [] [] [] [] [] [] [] [] [] [] [] [] [] [] [] [] [] [] [] [] [] [] [] [] [] [] [] [] [] [] [] [] [] [] [] [] [] [] [] [] [] [] [] [] [] [] [] [] [] [] [] [] [] [] [] [] [] [] [] [] [] [] [] [] [] [] [] [] [] [] [] [] [] [] [] [] [] [] [] [] [] [] [] [] [] [] [] [] [] [] [] [] [] [] [] [] [] [] [] [] [] [] [] [] [] [] [] [] [] [] [] [] [] [] []
81 [] [1 2 3 4 5] [1 2 3 4] [1 2 3] [1 2 3 4 18 19 23 25 26] [1 2 3 4 5 6 10 18 19 23 25 52] [1 2 3 4 6 16] [1 2 3 4 6 19 23 25] [1 2 3 4 19 23] [1 2 3 4 5 19 23] [1 2 3 4 5 6] [1 2 3 4 5 18 25] [1 2 3 4 5 6 9 18 19 23 25 52 56] [1 2 3 4 6] [1 2 3 4 5 6 19 23 25] [1 2 3 4 18 19] [1 2 3 4 6 19 23] [1 2 3 4 19] [1 2 3 4 5 6 9 19] [1 2 3 19] [1 2 3 4 5 6 16] [1 2 3 4 5 6 18 19 23] [1 2 3 4 18 19 23 52] [1 2 3 4 5 19] [1 2 3 4 19 23 25 52] [1 2 3 4 5 6 18] [1 2 3 4 5 6 9 19 23] [1 2 3 4 5 6 9 19 23 25 52] [1 2 3 4 16] [1 2 3 4 19 25] [1 2 3 4 6 19 25] [1 2 3 4 5 6 19 23 52] [1 2 3 4 6 19] [1 2 3 4 5 6 19 23] [1 2 3 4 16 19 23] [1 2 3 4 5 6 25] [1 2 3 4 5 6 16 18] [1 2 3 4 5 6 9 18 19 23 25] [1 2 3 4 18] [1 2 3 4 5 6 16 19 23] [1 2 3 4 5 6 9 19 23 25] [1 2 3 4 5 6 9 19 23 25 28 52 56] [1 2 3 4 6 18 19 23 25] [1 2 3 4 18 19 23 25] [1 2] [1] [1 2 3 4 25] [1 2 3 4 5 18] [1 2 3 4 5 6 16 25] [1 2 3 4 5 25] [1 2 3 4 19 23 52] [1 10] [1 2 3 4 5 6 16 18 19 23 25] [1 2 3 4 5 6 18 19 23 25 52] [1 2 3 4 5 6 9] [1 2 59] [1 2 3 4 6 18 19 23] [1 2 3 4 5 6 7 8 19 25] [1 2 3 4 5 6 9 16 19 23 25 52] [1 2 3 4 6 18 25] [1 2 3 4 5 6 9 16 19 23] [1 2 3 4 5 6 7 9 18 19 23 25] [1 2 3 4 6 18 19 23 25 26] [1 2 3 4 6 19 23 52] [1 2 3 4 6 8 16 18 25 55] [1 2 3 4 5 6 9 11 18] [1 2 3 4 5 6 9 16 19 23 25] [1 2 3 4 5 6 9 11 19 23 25 28 30 52] [1 2 3 4 5 6 9 16 18 19 23] [1 2 3 4 5 6 19 23 25 52] [1 2 3 4 6 16 18 25] [1 2 3 4 5 6 9 16 18 19 23 25 52] [1 2 3 4 16 18 25] [1 2 3 4 5 6 16 18 25] [1 2 3 4 6 10 19] [1 2 3 4 6 16 19] [1 2 3 4 5 18 19] [1 2 3 4 16 19 23 25] [1 2 3 4 18 19 23 25 52] [1 2 3 4 6 10 18 19 23] [1 2 3 4 6 16 18 19 23 25 26 52 55] [1 2 3 4 5 6 9 11 19 23 25 28 30] [1 6 18] [1 2 6] [1 2 3 4 6 8 16 18 25] [1 59] [1 2 3 4 5 6 19 23 25 52 56] [1 2 3 4 6 16 18 19 23 52] [1 2 53] [1 2 3 4 6 8 16 19 23 25 55] [1 2 3 4 5 6 9 18 19 23 25 26] [1 2 3 4 5 18 23 25 26] [1 2 4] [1 2 3 4 6 18] [1 2 3 4 18 19 23] [1 2 25] [2 19] [1 2 3 4 6 7 16 19] [1 2 3 4 18 25] [2 19 23] [1 2 3 4 5 6 9 18 25] [2 3 19 23] [1 2 3 4 5 6 19] [1 2 23] [1 2 3 4 5 19 23 25] [] [] [] [] [] [] [] [] [] [] [] [] [] [] [] [] [] [] [] [] [] [] [] [] [] [] [] [] [] [] [] [] [] [] [] [] [] [] [] [] [] [] [] [] [] [] [] [] [] [] [] [] [] [] [] [] [] [] [] [] [] [] [] [] [] [] [] [] [] [] [] [] [] [] [] [] [] [] [] [] [] [] [] [] [] [] [] [] [] [] [] [] [] [] [] [] [] [] [] [] [] [] [] [] [] [] [] [] [] [] [] [] [] [] [] [] [] [] [] [] [] [] [] [] [] [] [] [] []
82 [] [1 2 3] [1 2 3 4] [1 2 3 4 18 19 23 25 26] [1 2 3 4 5 6 10 18 19 23 25 52] [1 2 3 4 6 16] [1 2 3 4 6 19 23 25] [1 2 3 4 19 23] [1 2 3 4 5 19 23] [1 2 3 4 5 6] [1 2 3 4 5 18 25] [1 2 3 4 5 6 9 18 19 23 25 52 56] [1 2 3 4 6] [1 2 3 4 5 6 19 23 25] [1 2 3 4 18 19] [1 2 3 4 5] [1 2 3 4 6 19 23] [1 2 3 4 19] [1 2 3 4 5 6 9 19] [1 2 3 19] [1 2 3 4 5 6 16] [1 2 3 4 5 6 18 19 23] [1 2 3 4 18 19 23 52] [1 2 3 4 5 19] [1 2 3 4 19 23 25 52] [1 2 3 4 5 6 18] [1 2 3 4 5 6 9 19 23] [1 2 3 4 5 6 9 19 23 25 52] [1 2 3 4 16] [1 2 3 4 19 25] [1 2 3 4 6 19 25] [1 2 3 4 5 6 19 23 52] [1 2 3 4 6 19] [1 2 3 4 5 6 19 23] [1 2 3 4 16 19 23] [1 2 3 4 5 6 25] [1 2 3 4 5 6 16 18] [1 2 3 4 5 6 9 18 19 23 25] [1 2 3 4 18] [1 2 3 4 5 6 16 19 23] [1 2 3 4 5 6 9 19 23 25] [1 2 3 4 5 6 9 19 23 25 28 52 56] [1 2 3 4 6 18 19 23 25] [1 2 3 4 18 19 23 25] [1 2] [1] [1 2 3 4 25] [1 2 3 4 5 18] [1 2 3 4 5 6 16 25] [1 2 3 4 5 25] [1 2 3 4 19 23 52] [1 10] [1 2 3 4 5 6 16 18 19 23 25] [1 2 3 4 5 6 18 19 23 25 52] [1 2 3 4 5 6 9] [1 2 59] [1 2 3 4 6 18 19 23] [1 2 3 4 5 6 7 8 19 25] [1 2 3 4 5 6 9 16 19 23 25 52] [1 2 3 4 6 18 25] [1 2 3 4 5 6 9 16 19 23] [1 2 3 4 5 6 7 9 18 19 23 25] [1 2 3 4 6 18 19 23 25 26] [1 2 3 4 6 19 23 52] [1 2 3 4 6 8 16 18 25 55] [1 2 3 4 5 6 9 11 18] [1 2 3 4 5 6 9 16 19 23 25] [1 2 3 4 5 6 9 11 19 23 25 28 30 52] [1 2 3 4 5 6 9 16 18 19 23] [1 2 3 4 5 6 19 23 25 52] [1 2 3 4 6 16 18 25] [1 2 3 4 5 6 9 16 18 19 23 25 52] [1 2 3 4 16 18 25] [1 2 3 4 5 6 16 18 25] [1 2 3 4 6 10 19] [1 2 3 4 6 16 19] [1 2 3 4 5 18 19] [1 2 3 4 16 19 23 25] [1 2 3 4 18 19 23 25 52] [1 2 3 4 6 10 18 19 23] [1 2 3 4 6 16 18 19 23 25 26 52 55] [1 2 3 4 5 6 9 11 19 23 25 28 30] [1 6 18] [1 2 6] [1 2 3 4 6 8 16 18 25] [1 59] [1 2 3 4 5 6 19 23 25 52 56] [1 2 3 4 6 16 18 19 23 52] [1 2 53] [1 2 3 4 6 8 16 19 23 25 55] [1 2 3 4 5 6 9 18 19 23 25 26] [1 2 3 4 5 18 23 25 26] [1 2 4] [1 2 3 4 6 18] [1 2 3 4 18 19 23] [1 2 25] [2 19] [1 2 3 4 6 7 16 19] [1 2 3 4 18 25] [2 19 23] [1 2 3 4 5 6 9 18 25] [2 3 19 23] [1 2 3 4 5 6 19] [1 2 23] [1 2 3 4 5 19 23 25] [] [] [] [] [] [] [] [] [] [] [] [] [] [] [] [] [] [] [] [] [] [] [] [] [] [] [] [] [] [] [] [] [] [] [] [] [] [] [] [] [] [] [] [] [] [] [] [] [] [] [] [] [] [] [] [] [] [] [] [] [] [] [] [] [] [] [] [] [] [] [] [] [] [] [] [] [] [] [] [] [] [] [] [] [] [] [] [] [] [] [] [] [] [] [] [] [] [] [] [] [] [] [] [] [] [] [] [] [] [] [] [] [] [] [] [] [] [] [] [] [] [] [] [] [] [] [] [] []
83 [] [1 2 3 4 18 19 23 25 26] [1 2 3 4 6 18 19 23 25] [1 2 3 4 6 19 23 25 52] [1 2 3 4 5 6 10 18 19 23 25 52] [1 2 3 4 6 16] [1 2 3 4 6 19 23 25] [1 2 3 4 19 23] [1 2 3 4 5 19 23] [1 2 3 4] [1 2 3 4 5 6] [1 2 3 4 5 18 25] [1 2 3 4 5 6 9 18 19 23 25 52 56] [1 2 3 4 6] [1 2 3 4 5 6 19 23 25] [1 2 3 4 18 19] [1 2 3 4 5] [1 2 3 4 6 19 23] [1 2 3 4 19] [1 2 3 4 5 6 9 19] [1 2 3 19] [1 2 3 4 5 6 16] [1 2 3 4 5 6 18 19 23] [1 2 3 4 18 19 23 52] [1 2 3 4 5 19] [1 2 3 4 19 23 25 52] [1 2 3 4 5 6 18] [1 2 3 4 5 6 9 19 23] [1 2 3 4 5 6 9 19 23 25 52] [1 2 3 4 16] [1 2 3 4 19 25] [1 2 3 4 6 19 25] [1 2 3 4 5 6 19 23 52] [1 2 3] [1 2 3 4 6 19] [1 2 3 4 5 6 19 23] [1 2 3 4 16 19 23] [1 2 3 4 5 6 25] [1 2 3 4 5 6 16 18] [1 2 3 4 5 6 9 18 19 23 25] [1 2 3 4 18] [1 2 3 4 5 6 16 19 23] [1 2 3 4 5 6 9 19 23 25] [1 2 3 4 5 6 9 19 23 25 28 52 56] [1 2 3 4 18 19 23 25] [1 2] [1] [1 2 3 4 25] [1 2 3 4 5 18] [1 2 3 4 5 6 16 25] [1 2 3 4 5 25] [1 2 3 4 19 23 52] [1 10] [1 2 3 4 5 6 16 18 19 23 25] [1 2 3 4 5 6 18 19 23 25 52] [1 2 3 4 5 6 9] [1 2 59] [1 2 3 4 6 18 19 23] [1 2 3 4 5 6 7 8 19 25] [1 2 3 4 5 6 9 16 19 23 25 52] [1 2 3 4 6 18 25] [1 2 3 4 5 6 9 16 19 23] [1 2 3 4 5 6 7 9 18 19 23 25] [1 2 3 4 6 18 19 23 25 26] [1 2 3 4 6 19 23 52] [1 2 3 4 6 8 16 18 25 55] [1 2 3 4 5 6 9 11 18] [1 2 3 4 5 6 9 16 19 23 25] [1 2 3 4 5 6 9 11 19 23 25 28 30 52] [1 2 3 4 5 6 9 16 18 19 23] [1 2 3 4 5 6 19 23 25 52] [1 2 3 4 6 16 18 25] [1 2 3 4 5 6 9 16 18 19 23 25 52] [1 2 3 4 16 18 25] [1 2 3 4 5 6 16 18 25] [1 2 3 4 6 10 19] [1 2 3 4 6 16 19] [1 2 3 4 5 18 19] [1 2 3 4 16 19 23 25] [1 2 3 4 18 19 23 25 52] [1 2 3 4 6 10 18 19 23] [1 2 3 4 6 16 18 19 23 25 26 52 55] [1 2 3 4 5 6 9 11 19 23 25 28 30] [1 6 18] [1 2 6] [1 2 3 4 6 8 16 18 25] [1 59] [1 2 3 4 5 6 19 23 25 52 56] [1 2 3 4 6 16 18 19 23 52] [1 2 53] [1 2 3 4 6 8 16 19 23 25 55] [1 2 3 4 5 6 9 18 19 23 25 26] [1 2 3 4 5 18 23 25 26] [1 2 4] [1 2 3 4 6 18] [1 2 3 4 18 19 23] [1 2 25] [2 19] [1 2 3 4 6 7 16 19] [1 2 3 4 18 25] [2 19 23] [1 2 3 4 5 6 9 18 25] [2 3 19 23] [1 2 3 4 5 6 19] [1 2 23] [1 2 3 4 5 19 23 25] [] [] [] [] [] [] [] [] [] [] [] [] [] [] [] [] [] [] [] [] [] [] [] [] [] [] [] [] [] [] [] [] [] [] [] [] [] [] [] [] [] [] [] [] [] [] [] [] [] [] [] [] [] [] [] [] [] [] [] [] [] [] [] [] [] [] [] [] [] [] [] [] [] [] [] [] [] [] [] [] [] [] [] [] [] [] [] [] [] [] [] [] [] [] [] [] [] [] [] [] [] [] [] [] [] [] [] [] [] [] [] [] [] [] [] [] [] [] [] [] [] [] [] [] [] [] [] []
84 [] [1 2 3 4 6 19 23 25 52] [1 2 3 4 5 6 10 18 19 23 25 52] [1 2 3 4 6 16] [1 2 3 4 6 19 23 25] [1 2 3 4 19 23] [1 2 3 4 5 19 23] [1 2 3 4] [1 2 3 4 5 6] [1 2 3 4 5 18 25] [1 2 3 4 5 6 9 18 19 23 25 52 56] [1 2 3 4 6] [1 2 3 4 5 6 19 23 25] [1 2 3 4 18 19] [1 2 3 4 5] [1 2 3 4 6 19 23] [1 2 3 4 19] [1 2 3 4 5 6 9 19] [1 2 3 19] [1 2 3 4 5 6 16] [1 2 3 4 5 6 18 19 23] [1 2 3 4 18 19 23 25 26] [1 2 3 4 18 19 23 52] [1 2 3 4 5 19] [1 2 3 4 19 23 25 52] [1 2 3 4 5 6 18] [1 2 3 4 5 6 9 19 23] [1 2 3 4 5 6 9 19 23 25 52] [1 2 3 4 16] [1 2 3 4 19 25] [1 2 3 4 6 19 25] [1 2 3 4 5 6 19 23 52] [1 2 3] [1 2 3 4 6 19] [1 2 3 4 5 6 19 23] [1 2 3 4 16 19 23] [1 2 3 4 5 6 25] [1 2 3 4 5 6 16 18] [1 2 3 4 5 6 9 18 19 23 25] [1 2 3 4 18] [1 2 3 4 5 6 16 19 23] [1 2 3 4 5 6 9 19 23 25] [1 2 3 4 5 6 9 19 23 25 28 52 56] [1 2 3 4 6 18 19 23 25] [1 2 3 4 18 19 23 25] [1 2] [1] [1 2 3 4 25] [1 2 3 4 5 18] [1 2 3 4 5 6 16 25] [1 2 3 4 5 25] [1 2 3 4 19 23 52] [1 10] [1 2 3 4 5 6 16 18 19 23 25] [1 2 3 4 5 6 18 19 23 25 52] [1 2 3 4 5 6 9] [1 2 59] [1 2 3 4 6 18 19 23] [1 2 3 4 5 6 7 8 19 25] [1 2 3 4 5 6 9 16 19 23 25 52] [1 2 3 4 6 18 25] [1 2 3 4 5 6 9 16 19 23] [1 2 3 4 5 6 7 9 18 19 23 25] [1 2 3 4 6 18 19 23 25 26] [1 2 3 4 6 19 23 52] [1 2 3 4 6 8 16 18 25 55] [1 2 3 4 5 6 9 11 18] [1 2 3 4 5 6 9 16 19 23 25] [1 2 3 4 5 6 9 11 19 23 25 28 30 52] [1 2 3 4 5 6 9 16 18 19 23] [1 2 3 4 5 6 19 23 25 52] [1 2 3 4 6 16 18 25] [1 2 3 4 5 6 9 16 18 19 23 25 52] [1 2 3 4 16 18 25] [1 2 3 4 5 6 16 18 25] [1 2 3 4 6 10 19] [1 2 3 4 6 16 19] [1 2 3 4 5 18 19] [1 2 3 4 16 19 23 25] [1 2 3 4 18 19 23 25 52] [1 2 3 4 6 10 18 19 23] [1 2 3 4 6 16 18 19 23 25 26 52 55] [1 2 3 4 5 6 9 11 19 23 25 28 30] [1 6 18] [1 2 6] [1 2 3 4 6 8 16 18 25] [1 59] [1 2 3 4 5 6 19 23 25 52 56] [1 2 3 4 6 16 18 19 23 52] [1 2 53] [1 2 3 4 6 8 16 19 23 25 55] [1 2 3 4 5 6 9 18 19 23 25 26] [1 2 3 4 5 18 23 25 26] [1 2 4] [1 2 3 4 6 18] [1 2 3 4 18 19 23] [1 2 25] [2 19] [1 2 3 4 6 7 16 19] [1 2 3 4 18 25] [2 19 23] [1 2 3 4 5 6 9 18 25] [2 3 19 23] [1 2 3 4 5 6 19] [1 2 23] [1 2 3 4 5 19 23 25] [] [] [] [] [] [] [] [] [] [] [] [] [] [] [] [] [] [] [] [] [] [] [] [] [] [] [] [] [] [] [] [] [] [] [] [] [] [] [] [] [] [] [] [] [] [] [] [] [] [] [] [] [] [] [] [] [] [] [] [] [] [] [] [] [] [] [] [] [] [] [] [] [] [] [] [] [] [] [] [] [] [] [] [] [] [] [] [] [] [] [] [] [] [] [] [] [] [] [] [] [] [] [] [] [] [] [] [] [] [] [] [] [] [] [] [] [] [] [] [] [] [] [] [] [] [] [] []
85 [] [1 2 3 4 6 16] [1 2 3 4 6 19 23 25] [1 2 3 4 19 23] [1 2 3 4 5 19 23] [1 2 3 4] [1 2 3 4 5 6] [1 2 3 4 5 18 25] [1 2 3 4 5 6 9 18 19 23 25 52 56] [1 2 3 4 6] [1 2 3 4 5 6 19 23 25] [1 2 3 4 18 19] [1 2 3 4 5] [1 2 3 4 6 19 23] [1 2 3 4 19] [1 2 3 4 5 6 9 19] [1 2 3 19] [1 2 3 4 5 6 16] [1 2 3 4 5 6 18 19 23] [1 2 3 4 18 19 23 25 26] [1 2 3 4 18 19 23 52] [1 2 3 4 5 19] [1 2 3 4 19 23 25 52] [1 2 3 4 5 6 18] [1 2 3 4 5 6 9 19 23] [1 2 3 4 5 6 9 19 23 25 52] [1 2 3 4 16] [1 2 3 4 19 25] [1 2 3 4 6 19 25] [1 2 3 4 5 6 19 23 52] [1 2 3] [1 2 3 4 6 19] [1 2 3 4 5 6 19 23] [1 2 3 4 16 19 23] [1 2 3 4 5 6 25] [1 2 3 4 5 6 16 18] [1 2 3 4 5 6 9 18 19 23 25] [1 2 3 4 18] [1 2 3 4 5 6 16 19 23] [1 2 3 4 5 6 9 19 23 25] [1 2 3 4 5 6 9 19 23 25 28 52 56] [1 2 3 4 6 18 19 23 25] [1 2 3 4 18 19 23 25] [1 2] [1] [1 2 3 4 25] [1 2 3 4 5 18] [1 2 3 4 5 6 16 25] [1 2 3 4 5 25] [1 2 3 4 19 23 52] [1 10] [1 2 3 4 5 6 16 18 19 23 25] [1 2 3 4 5 6 18 19 23 25 52] [1 2 3 4 5 6 9] [1 2 59] [1 2 3 4 6 18 19 23] [1 2 3 4 5 6 7 8 19 25] [1 2 3 4 5 6 9 16 19 23 25 52] [1 2 3 4 6 18 25] [1 2 3 4 5 6 9 16 19 23] [1 2 3 4 5 6 7 9 18 19 23 25] [1 2 3 4 6 18 19 23 25 26] [1 2 3 4 6 19 23 52] [1 2 3 4 6 8 16 18 25 55] [1 2 3 4 5 6 9 11 18] [1 2 3 4 5 6 9 16 19 23 25] [1 2 3 4 5 6 9 11 19 23 25 28 30 52] [1 2 3 4 5 6 9 16 18 19 23] [1 2 3 4 5 6 19 23 25 52] [1 2 3 4 6 16 18 25] [1 2 3 4 5 6 9 16 18 19 23 25 52] [1 2 3 4 16 18 25] [1 2 3 4 5 6 16 18 25] [1 2 3 4 6 10 19] [1 2 3 4 6 16 19] [1 2 3 4 5 18 19] [1 2 3 4 16 19 23 25] [1 2 3 4 18 19 23 25 52] [1 2 3 4 6 10 18 19 23] [1 2 3 4 6 16 18 19 23 25 26 52 55] [1 2 3 4 5 6 9 11 19 23 25 28 30] [1 6 18] [1 2 6] [1 2 3 4 6 8 16 18 25] [1 59] [1 2 3 4 5 6 19 23 25 52 56] [1 2 3 4 6 16 18 19 23 52] [1 2 53] [1 2 3 4 6 8 16 19 23 25 55] [1 2 3 4 5 6 9 18 19 23 25 26] [1 2 3 4 5 18 23 25 26] [1 2 4] [1 2 3 4 6 18] [1 2 3 4 18 19 23] [1 2 25] [2 19] [1 2 3 4 6 7 16 19] [1 2 3 4 18 25] [2 19 23] [1 2 3 4 5 6 9 18 25] [2 3 19 23] [1 2 3 4 5 6 19] [1 2 23] [1 2 3 4 5 19 23 25] [] [] [] [] [] [] [] [] [] [] [] [] [] [] [] [] [] [] [] [] [] [] [] [] [] [] [] [] [] [] [] [] [] [] [] [] [] [] [] [] [] [] [] [] [] [] [] [] [] [] [] [] [] [] [] [] [] [] [] [] [] [] [] [] [] [] [] [] [] [] [] [] [] [] [] [] [] [] [] [] [] [] [] [] [] [] [] [] [] [] [] [] [] [] [] [] [] [] [] [] [] [] [] [] [] [] [] [] [] [] [] [] [] [] [] [] [] [] [] [] [] [] [] [] [] [] [] [] [] []
86 [] [1 2 3 4 19 23] [1 2 3 4 5 19 23] [1 2 3 4] [1 2 3 4 5 6] [1 2 3 4 5 18 25] [1 2 3 4 5 6 9 18 19 23 25 52 56] [1 2 3 4 6] [1 2 3 4 5 6 19 23 25] [1 2 3 4 18 19] [1 2 3 4 5] [1 2 3 4 6 19 23] [1 2 3 4 19] [1 2 3 4 5 6 9 19] [1 2 3 19] [1 2 3 4 5 6 16] [1 2 3 4 5 6 18 19 23] [1 2 3 4 18 19 23 25 26] [1 2 3 4 18 19 23 52] [1 2 3 4 5 19] [1 2 3 4 19 23 25 52] [1 2 3 4 5 6 18] [1 2 3 4 5 6 9 19 23] [1 2 3 4 5 6 9 19 23 25 52] [1 2 3 4 16] [1 2 3 4 19 25] [1 2 3 4 6 19 25] [1 2 3 4 5 6 19 23 52] [1 2 3] [1 2 3 4 6 19] [1 2 3 4 5 6 19 23] [1 2 3 4 16 19 23] [1 2 3 4 6 19 23 25] [1 2 3 4 5 6 25] [1 2 3 4 5 6 16 18] [1 2 3 4 5 6 9 18 19 23 25] [1 2 3 4 18] [1 2 3 4 5 6 16 19 23] [1 2 3 4 5 6 9 19 23 25] [1 2 3 4 5 6 9 19 23 25 28 52 56] [1 2 3 4 6 18 19 23 25] [1 2 3 4 18 19 23 25] [1 2] [1] [1 2 3 4 25] [1 2 3 4 6 16] [1 2 3 4 5 18] [1 2 3 4 5 6 16 25] [1 2 3 4 5 25] [1 2 3 4 19 23 52] [1 10] [1 2 3 4 5 6 16 18 19 23 25] [1 2 3 4 5 6 18 19 23 25 52] [1 2 3 4 5 6 9] [1 2 59] [1 2 3 4 6 18 19 23] [1 2 3 4 5 6 7 8 19 25] [1 2 3 4 5 6 9 16 19 23 25 52] [1 2 3 4 6 18 25] [1 2 3 4 5 6 9 16 19 23] [1 2 3 4 5 6 7 9 18 19 23 25] [1 2 3 4 6 18 19 23 25 26] [1 2 3 4 6 19 23 52] [1 2 3 4 6 8 16 18 25 55] [1 2 3 4 5 6 9 11 18] [1 2 3 4 5 6 9 16 19 23 25] [1 2 3 4 5 6 9 11 19 23 25 28 30 52] [1 2 3 4 5 6 9 16 18 19 23] [1 2 3 4 5 6 19 23 25 52] [1 2 3 4 6 16 18 25] [1 2 3 4 5 6 9 16 18 19 23 25 52] [1 2 3 4 16 18 25] [1 2 3 4 5 6 16 18 25] [1 2 3 4 6 10 19] [1 2 3 4 6 16 19] [1 2 3 4 5 18 19] [1 2 3 4 16 19 23 25] [1 2 3 4 18 19 23 25 52] [1 2 3 4 6 10 18 19 23] [1 2 3 4 6 16 18 19 23 25 26 52 55] [1 2 3 4 5 6 9 11 19 23 25 28 30] [1 6 18] [1 2 6] [1 2 3 4 6 8 16 18 25] [1 59] [1 2 3 4 5 6 19 23 25 52 56] [1 2 3 4 6 16 18 19 23 52] [1 2 53] [1 2 3 4 6 8 16 19 23 25 55] [1 2 3 4 5 6 9 18 19 23 25 26] [1 2 3 4 5 18 23 25 26] [1 2 4] [1 2 3 4 6 18] [1 2 3 4 18 19 23] [1 2 25] [2 19] [1 2 3 4 6 7 16 19] [1 2 3 4 18 25] [2 19 23] [1 2 3 4 5 6 9 18 25] [2 3 19 23] [1 2 3 4 5 6 19] [1 2 23] [1 2 3 4 5 19 23 25] [] [] [] [] [] [] [] [] [] [] [] [] [] [] [] [] [] [] [] [] [] [] [] [] [] [] [] [] [] [] [] [] [] [] [] [] [] [] [] [] [] [] [] [] [] [] [] [] [] [] [] [] [] [] [] [] [] [] [] [] [] [] [] [] [] [] [] [] [] [] [] [] [] [] [] [] [] [] [] [] [] [] [] [] [] [] [] [] [] [] [] [] [] [] [] [] [] [] [] [] [] [] [] [] [] [] [] [] [] [] [] [] [] [] [] [] [] [] [] [] [] [] [] [] [] [] [] [] [] []
87 [] [1 2 3 4 19 23] [1 2 3 4] [1 2 3 4 5 6] [1 2 3 4 5 18 25] [1 2 3 4 5 6 9 18 19 23 25 52 56] [1 2 3 4 6] [1 2 3 4 5 6 19 23 25] [1 2 3 4 18 19] [1 2 3 4 5] [1 2 3 4 6 19 23] [1 2 3 4 19] [1 2 3 4 5 6 9 19] [1 2 3 19] [1 2 3 4 5 6 16] [1 2 3 4 5 6 18 19 23] [1 2 3 4 18 19 23 25 26] [1 2 3 4 18 19 23 52] [1 2 3 4 5 19] [1 2 3 4 19 23 25 52] [1 2 3 4 5 6 18] [1 2 3 4 5 6 9 19 23] [1 2 3 4 5 6 9 19 23 25 52] [1 2 3 4 16] [1 2 3 4 19 25] [1 2 3 4 6 19 25] [1 2 3 4 5 6 19 23 52] [1 2 3] [1 2 3 4 6 19] [1 2 3 4 5 6 19 23] [1 2 3 4 16 19 23] [1 2 3 4 6 19 23 25] [1 2 3 4 5 6 25] [1 2 3 4 5 6 16 18] [1 2 3 4 5 6 9 18 19 23 25] [1 2 3 4 18] [1 2 3 4 5 6 16 19 23] [1 2 3 4 5 6 9 19 23 25] [1 2 3 4 5 6 9 19 23 25 28 52 56] [1 2 3 4 6 18 19 23 25] [1 2 3 4 18 19 23 25] [1 2] [1] [1 2 3 4 25] [1 2 3 4 6 16] [1 2 3 4 5 18] [1 2 3 4 5 6 16 25] [1 2 3 4 5 25] [1 2 3 4 19 23 52] [1 10] [1 2 3 4 5 6 16 18 19 23 25] [1 2 3 4 5 6 18 19 23 25 52] [1 2 3 4 5 6 9] [1 2 59] [1 2 3 4 6 18 19 23] [1 2 3 4 5 6 7 8 19 25] [1 2 3 4 5 19 23] [1 2 3 4 5 6 9 16 19 23 25 52] [1 2 3 4 6 18 25] [1 2 3 4 5 6 9 16 19 23] [1 2 3 4 5 6 7 9 18 19 23 25] [1 2 3 4 6 18 19 23 25 26] [1 2 3 4 6 19 23 52] [1 2 3 4 6 8 16 18 25 55] [1 2 3 4 5 6 9 11 18] [1 2 3 4 5 6 9 16 19 23 25] [1 2 3 4 5 6 9 11 19 23 25 28 30 52] [1 2 3 4 5 6 9 16 18 19 23] [1 2 3 4 5 6 19 23 25 52] [1 2 3 4 6 16 18 25] [1 2 3 4 5 6 9 16 18 19 23 25 52] [1 2 3 4 16 18 25] [1 2 3 4 5 6 16 18 25] [1 2 3 4 6 10 19] [1 2 3 4 6 16 19] [1 2 3 4 5 18 19] [1 2 3 4 16 19 23 25] [1 2 3 4 18 19 23 25 52] [1 2 3 4 6 10 18 19 23] [1 2 3 4 6 16 18 19 23 25 26 52 55] [1 2 3 4 5 6 9 11 19 23 25 28 30] [1 6 18] [1 2 6] [1 2 3 4 6 8 16 18 25] [1 59] [1 2 3 4 5 6 19 23 25 52 56] [1 2 3 4 6 16 18 19 23 52] [1 2 53] [1 2 3 4 6 8 16 19 23 25 55] [1 2 3 4 5 6 9 18 19 23 25 26] [1 2 3 4 5 18 23 25 26] [1 2 4] [1 2 3 4 6 18] [1 2 3 4 18 19 23] [1 2 25] [2 19] [1 2 3 4 6 7 16 19] [1 2 3 4 18 25] [2 19 23] [1 2 3 4 5 6 9 18 25] [2 3 19 23] [1 2 3 4 5 6 19] [1 2 23] [1 2 3 4 5 19 23 25] [] [] [] [] [] [] [] [] [] [] [] [] [] [] [] [] [] [] [] [] [] [] [] [] [] [] [] [] [] [] [] [] [] [] [] [] [] [] [] [] [] [] [] [] [] [] [] [] [] [] [] [] [] [] [] [] [] [] [] [] [] [] [] [] [] [] [] [] [] [] [] [] [] [] [] [] [] [] [] [] [] [] [] [] [] [] [] [] [] [] [] [] [] [] [] [] [] [] [] [] [] [] [] [] [] [] [] [] [] [] [] [] [] [] [] [] [] [] [] [] [] [] [] [] [] [] [] [] [] []
88 [] [1 2 3 4 5 6] [1 2 3 4 6 25] [1 2 3 4 5 18 25] [1 2 3 4 5 6 9 18 19 23 25 52 56] [1 2 3 4 6] [1 2 3 4 5 6 19 23 25] [1 2 3 4] [1 2 3 4 18 19] [1 2 3 4 5] [1 2 3 4 6 19 23] [1 2 3 4 19] [1 2 3 4 5 6 9 19] [1 2 3 19] [1 2 3 4 5 6 16] [1 2 3 4 19 23] [1 2 3 4 5 6 18 19 23] [1 2 3 4 18 19 23 25 26] [1 2 3 4 18 19 23 52] [1 2 3 4 5 19] [1 2 3 4 19 23 25 52] [1 2 3 4 5 6 18] [1 2 3 4 5 6 9 19 23] [1 2 3 4 5 6 9 19 23 25 52] [1 2 3 4 16] [1 2 3 4 19 25] [1 2 3 4 6 19 25] [1 2 3 4 5 6 19 23 52] [1 2 3] [1 2 3 4 6 19] [1 2 3 4 5 6 19 23] [1 2 3 4 16 19 23] [1 2 3 4 6 19 23 25] [1 2 3 4 5 6 25] [1 2 3 4 5 6 16 18] [1 2 3 4 5 6 9 18 19 23 25] [1 2 3 4 18] [1 2 3 4 5 6 16 19 23] [1 2 3 4 5 6 9 19 23 25] [1 2 3 4 5 6 9 19 23 25 28 52 56] [1 2 3 4 6 18 19 23 25] [1 2 3 4 18 19 23 25] [1 2] [1] [1 2 3 4 25] [1 2 3 4 6 16] [1 2 3 4 5 18] [1 2 3 4 5 6 16 25] [1 2 3 4 5 25] [1 2 3 4 19 23 52] [1 10] [1 2 3 4 5 6 16 18 19 23 25] [1 2 3 4 5 6 18 19 23 25 52] [1 2 3 4 5 6 9] [1 2 59] [1 2 3 4 6 18 19 23] [1 2 3 4 5 6 7 8 19 25] [1 2 3 4 5 19 23] [1 2 3 4 5 6 9 16 19 23 25 52] [1 2 3 4 6 18 25] [1 2 3 4 5 6 9 16 19 23] [1 2 3 4 5 6 7 9 18 19 23 25] [1 2 3 4 6 18 19 23 25 26] [1 2 3 4 6 19 23 52] [1 2 3 4 6 8 16 18 25 55] [1 2 3 4 5 6 9 11 18] [1 2 3 4 5 6 9 16 19 23 25] [1 2 3 4 5 6 9 11 19 23 25 28 30 52] [1 2 3 4 5 6 9 16 18 19 23] [1 2 3 4 5 6 19 23 25 52] [1 2 3 4 6 16 18 25] [1 2 3 4 5 6 9 16 18 19 23 25 52] [1 2 3 4 16 18 25] [1 2 3 4 5 6 16 18 25] [1 2 3 4 6 10 19] [1 2 3 4 6 16 19] [1 2 3 4 5 18 19] [1 2 3 4 16 19 23 25] [1 2 3 4 18 19 23 25 52] [1 2 3 4 6 10 18 19 23] [1 2 3 4 6 16 18 19 23 25 26 52 55] [1 2 3 4 5 6 9 11 19 23 25 28 30] [1 6 18] [1 2 6] [1 2 3 4 6 8 16 18 25] [1 59] [1 2 3 4 5 6 19 23 25 52 56] [1 2 3 4 6 16 18 19 23 52] [1 2 53] [1 2 3 4 6 8 16 19 23 25 55] [1 2 3 4 5 6 9 18 19 23 25 26] [1 2 3 4 5 18 23 25 26] [1 2 4] [1 2 3 4 6 18] [1 2 3 4 18 19 23] [1 2 25] [2 19] [1 2 3 4 6 7 16 19] [1 2 3 4 18 25] [2 19 23] [1 2 3 4 5 6 9 18 25] [2 3 19 23] [1 2 3 4 5 6 19] [1 2 23] [1 2 3 4 5 19 23 25] [] [] [] [] [] [] [] [] [] [] [] [] [] [] [] [] [] [] [] [] [] [] [] [] [] [] [] [] [] [] [] [] [] [] [] [] [] [] [] [] [] [] [] [] [] [] [] [] [] [] [] [] [] [] [] [] [] [] [] [] [] [] [] [] [] [] [] [] [] [] [] [] [] [] [] [] [] [] [] [] [] [] [] [] [] [] [] [] [] [] [] [] [] [] [] [] [] [] [] [] [] [] [] [] [] [] [] [] [] [] [] [] [] [] [] [] [] [] [] [] [] [] [] [] [] [] [] [] []
89 [] [1 2 3 4 5 18 25] [1 2 3 4 5 6 9 18 19 23 25 52 56] [1 2 3 4] [1 2 3 4 6] [1 2 3 4 5 6 19 23 25] [1 2 3 4 18 19] [1 2 3 4 5 6] [1 2 3 4 5] [1 2 3 4 6 19 23] [1 2 3 4 19] [1 2 3 4 5 6 9 19] [1 2 3 19] [1 2 3 4 5 6 16] [1 2 3 4 19 23] [1 2 3 4 5 6 18 19 23] [1 2 3 4 18 19 23 25 26] [1 2 3 4 18 19 23 52] [1 2 3 4 5 19] [1 2 3 4 19 23 25 52] [1 2 3 4 5 6 18] [1 2 3 4 5 6 9 19 23] [1 2 3 4 5 6 9 19 23 25 52] [1 2 3 4 16] [1 2 3 4 19 25] [1 2 3 4 6 19 25] [1 2 3 4 5 6 19 23 52] [1 2 3] [1 2 3 4 6 19] [1 2 3 4 5 6 19 23] [1 2 3 4 16 19 23] [1 2 3 4 6 19 23 25] [1 2 3 4 5 6 25] [1 2 3 4 5 6 16 18] [1 2 3 4 5 6 9 18 19 23 25] [1 2 3 4 18] [1 2 3 4 5 6 16 19 23] [1 2 3 4 5 6 9 19 23 25] [1 2 3 4 5 6 9 19 23 25 28 52 56] [1 2 3 4 6 18 19 23 25] [1 2 3 4 18 19 23 25] [1 2] [1] [1 2 3 4 25] [1 2 3 4 6 16] [1 2 3 4 5 18] [1 2 3 4 5 6 16 25] [1 2 3 4 5 25] [1 2 3 4 19 23 52] [1 10] [1 2 3 4 5 6 16 18 19 23 25] [1 2 3 4 5 6 18 19 23 25 52] [1 2 3 4 5 6 9] [1 2 59] [1 2 3 4 6 18 19 23] [1 2 3 4 5 6 7 8 19 25] [1 2 3 4 5 19 23] [1 2 3 4 5 6 9 16 19 23 25 52] [1 2 3 4 6 18 25] [1 2 3 4 5 6 9 16 19 23] [1 2 3 4 5 6 7 9 18 19 23 25] [1 2 3 4 6 18 19 23 25 26] [1 2 3 4 6 19 23 52] [1 2 3 4 6 8 16 18 25 55] [1 2 3 4 5 6 9 11 18] [1 2 3 4 5 6 9 16 19 23 25] [1 2 3 4 5 6 9 11 19 23 25 28 30 52] [1 2 3 4 5 6 9 16 18 19 23] [1 2 3 4 5 6 19 23 25 52] [1 2 3 4 6 16 18 25] [1 2 3 4 5 6 9 16 18 19 23 25 52] [1 2 3 4 16 18 25] [1 2 3 4 5 6 16 18 25] [1 2 3 4 6 10 19] [1 2 3 4 6 16 19] [1 2 3 4 5 18 19] [1 2 3 4 16 19 23 25] [1 2 3 4 18 19 23 25 52] [1 2 3 4 6 10 18 19 23] [1 2 3 4 6 16 18 19 23 25 26 52 55] [1 2 3 4 5 6 9 11 19 23 25 28 30] [1 6 18] [1 2 6] [1 2 3 4 6 8 16 18 25] [1 59] [1 2 3 4 5 6 19 23 25 52 56] [1 2 3 4 6 16 18 19 23 52] [1 2 53] [1 2 3 4 6 8 16 19 23 25 55] [1 2 3 4 5 6 9 18 19 23 25 26] [1 2 3 4 5 18 23 25 26] [1 2 4] [1 2 3 4 6 18] [1 2 3 4 18 19 23] [1 2 25] [2 19] [1 2 3 4 6 7 16 19] [1 2 3 4 18 25] [2 19 23] [1 2 3 4 5 6 9 18 25] [2 3 19 23] [1 2 3 4 5 6 19] [1 2 23] [1 2 3 4 5 19 23 25] [] [] [] [] [] [] [] [] [] [] [] [] [] [] [] [] [] [] [] [] [] [] [] [] [] [] [] [] [] [] [] [] [] [] [] [] [] [] [] [] [] [] [] [] [] [] [] [] [] [] [] [] [] [] [] [] [] [] [] [] [] [] [] [] [] [] [] [] [] [] [] [] [] [] [] [] [] [] [] [] [] [] [] [] [] [] [] [] [] [] [] [] [] [] [] [] [] [] [] [] [] [] [] [] [] [] [] [] [] [] [] [] [] [] [] [] [] [] [] [] [] [] [] [] [] [] [] [] [] []
90 [] [1 2 3 4] [1 2 3 4 6] [1 2 3 4 5 6 19 23 25] [1 2 3 4 18 19] [1 2 3 4 5 6] [1 2 3 4 5] [1 2 3 4 6 19 23] [1 2 3 4 19] [1 2 3 4 5 6 9 19] [1 2 3 19] [1 2 3 4 5 6 16] [1 2 3 4 19 23] [1 2 3 4 5 6 18 19 23] [1 2 3 4 18 19 23 25 26] [1 2 3 4 18 19 23 52] [1 2 3 4 5 19] [1 2 3 4 19 23 25 52] [1 2 3 4 5 6 18] [1 2 3 4 5 6 9 19 23] [1 2 3 4 5 6 9 19 23 25 52] [1 2 3 4 16] [1 2 3 4 19 25] [1 2 3 4 6 19 25] [1 2 3 4 5 6 19 23 52] [1 2 3] [1 2 3 4 6 19] [1 2 3 4 5 6 19 23] [1 2 3 4 16 19 23] [1 2 3 4 6 19 23 25] [1 2 3 4 5 6 25] [1 2 3 4 5 6 16 18] [1 2 3 4 5 6 9 18 19 23 25] [1 2 3 4 18] [1 2 3 4 5 6 16 19 23] [1 2 3 4 5 6 9 19 23 25] [1 2 3 4 5 6 9 19 23 25 28 52 56] [1 2 3 4 6 18 19 23 25] [1 2 3 4 18 19 23 25] [1 2] [1] [1 2 3 4 25] [1 2 3 4 6 16] [1 2 3 4 5 18] [1 2 3 4 5 6 16 25] [1 2 3 4 5 25] [1 2 3 4 19 23 52] [1 10] [1 2 3 4 5 6 16 18 19 23 25] [1 2 3 4 5 6 18 19 23 25 52] [1 2 3 4 5 6 9] [1 2 59] [1 2 3 4 6 18 19 23] [1 2 3 4 5 6 7 8 19 25] [1 2 3 4 5 19 23] [1 2 3 4 5 6 9 16 19 23 25 52] [1 2 3 4 6 18 25] [1 2 3 4 5 6 9 16 19 23] [1 2 3 4 5 6 7 9 18 19 23 25] [1 2 3 4 6 18 19 23 25 26] [1 2 3 4 6 19 23 52] [1 2 3 4 6 8 16 18 25 55] [1 2 3 4 5 6 9 11 18] [1 2 3 4 5 6 9 16 19 23 25] [1 2 3 4 5 6 9 11 19 23 25 28 30 52] [1 2 3 4 5 6 9 16 18 19 23] [1 2 3 4 5 6 19 23 25 52] [1 2 3 4 6 16 18 25] [1 2 3 4 5 6 9 16 18 19 23 25 52] [1 2 3 4 16 18 25] [1 2 3 4 5 6 16 18 25] [1 2 3 4 6 10 19] [1 2 3 4 6 16 19] [1 2 3 4 5 18 19] [1 2 3 4 16 19 23 25] [1 2 3 4 18 19 23 25 52] [1 2 3 4 6 10 18 19 23] [1 2 3 4 6 16 18 19 23 25 26 52 55] [1 2 3 4 5 6 9 11 19 23 25 28 30] [1 6 18] [1 2 6] [1 2 3 4 6 8 16 18 25] [1 59] [1 2 3 4 5 6 19 23 25 52 56] [1 2 3 4 6 16 18 19 23 52] [1 2 53] [1 2 3 4 6 8 16 19 23 25 55] [1 2 3 4 5 6 9 18 19 23 25 26] [1 2 3 4 5 18 23 25 26] [1 2 4] [1 2 3 4 6 18] [1 2 3 4 18 19 23] [1 2 25] [2 19] [1 2 3 4 6 7 16 19] [1 2 3 4 18 25] [2 19 23] [1 2 3 4 5 6 9 18 25] [2 3 19 23] [1 2 3 4 5 6 19] [1 2 23] [1 2 3 4 5 19 23 25] [] [] [] [] [] [] [] [] [] [] [] [] [] [] [] [] [] [] [] [] [] [] [] [] [] [] [] [] [] [] [] [] [] [] [] [] [] [] [] [] [] [] [] [] [] [] [] [] [] [] [] [] [] [] [] [] [] [] [] [] [] [] [] [] [] [] [] [] [] [] [] [] [] [] [] [] [] [] [] [] [] [] [] [] [] [] [] [] [] [] [] [] [] [] [] [] [] [] [] [] [] [] [] [] [] [] [] [] [] [] [] [] [] [] [] [] [] [] [] [] [] [] [] [] [] [] [] [] [] [] [] []
91 [] [1 2 3 4 5 6 19 23 25] [1 2 3 4] [1 2 3 4 18 19] [1 2 3 4 5 6] [1 2 3 4 5] [1 2 3 4 6 19 23] [1 2 3 4 19] [1 2 3 4 5 6 9 19] [1 2 3 19] [1 2 3 4 5 6 16] [1 2 3 4 19 23] [1 2 3 4 5 6 18 19 23] [1 2 3 4 18 19 23 25 26] [1 2 3 4 18 19 23 52] [1 2 3 4 5 19] [1 2 3 4 19 23 25 52] [1 2 3 4 5 6 18] [1 2 3 4 5 6 9 19 23] [1 2 3 4 5 6 9 19 23 25 52] [1 2 3 4 16] [1 2 3 4 19 25] [1 2 3 4 6 19 25] [1 2 3 4 5 6 19 23 52] [1 2 3] [1 2 3 4 6 19] [1 2 3 4 5 6 19 23] [1 2 3 4 16 19 23] [1 2 3 4 6 19 23 25] [1 2 3 4 5 6 25] [1 2 3 4 5 6 16 18] [1 2 3 4 5 6 9 18 19 23 25] [1 2 3 4 18] [1 2 3 4 5 6 16 19 23] [1 2 3 4 5 6 9 19 23 25] [1 2 3 4 5 6 9 19 23 25 28 52 56] [1 2 3 4 6 18 19 23 25] [1 2 3 4 18 19 23 25] [1 2 3 4 6] [1 2] [1] [1 2 3 4 25] [1 2 3 4 6 16] [1 2 3 4 5 18] [1 2 3 4 5 6 16 25] [1 2 3 4 5 25] [1 2 3 4 19 23 52] [1 10] [1 2 3 4 5 6 16 18 19 23 25] [1 2 3 4 5 6 18 19 23 25 52] [1 2 3 4 5 6 9] [1 2 59] [1 2 3 4 6 18 19 23] [1 2 3 4 5 6 7 8 19 25] [1 2 3 4 5 19 23] [1 2 3 4 5 6 9 16 19 23 25 52] [1 2 3 4 6 18 25] [1 2 3 4 5 6 9 16 19 23] [1 2 3 4 5 6 7 9 18 19 23 25] [1 2 3 4 6 18 19 23 25 26] [1 2 3 4 6 19 23 52] [1 2 3 4 6 8 16 18 25 55] [1 2 3 4 5 6 9 11 18] [1 2 3 4 5 6 9 16 19 23 25] [1 2 3 4 5 6 9 11 19 23 25 28 30 52] [1 2 3 4 5 6 9 16 18 19 23] [1 2 3 4 5 6 19 23 25 52] [1 2 3 4 6 16 18 25] [1 2 3 4 5 6 9 16 18 19 23 25 52] [1 2 3 4 16 18 25] [1 2 3 4 5 6 16 18 25] [1 2 3 4 6 10 19] [1 2 3 4 6 16 19] [1 2 3 4 5 18 19] [1 2 3 4 16 19 23 25] [1 2 3 4 18 19 23 25 52] [1 2 3 4 6 10 18 19 23] [1 2 3 4 6 16 18 19 23 25 26 52 55] [1 2 3 4 5 6 9 11 19 23 25 28 30] [1 6 18] [1 2 6] [1 2 3 4 6 8 16 18 25] [1 59] [1 2 3 4 5 6 19 23 25 52 56] [1 2 3 4 6 16 18 19 23 52] [1 2 53] [1 2 3 4 6 8 16 19 23 25 55] [1 2 3 4 5 6 9 18 19 23 25 26] [1 2 3 4 5 18 23 25 26] [1 2 4] [1 2 3 4 6 18] [1 2 3 4 18 19 23] [1 2 25] [2 19] [1 2 3 4 6 7 16 19] [1 2 3 4 18 25] [2 19 23] [1 2 3 4 5 6 9 18 25] [2 3 19 23] [1 2 3 4 5 6 19] [1 2 23] [1 2 3 4 5 19 23 25] [] [] [] [] [] [] [] [] [] [] [] [] [] [] [] [] [] [] [] [] [] [] [] [] [] [] [] [] [] [] [] [] [] [] [] [] [] [] [] [] [] [] [] [] [] [] [] [] [] [] [] [] [] [] [] [] [] [] [] [] [] [] [] [] [] [] [] [] [] [] [] [] [] [] [] [] [] [] [] [] [] [] [] [] [] [] [] [] [] [] [] [] [] [] [] [] [] [] [] [] [] [] [] [] [] [] [] [] [] [] [] [] [] [] [] [] [] [] [] [] [] [] [] [] [] [] [] [] [] [] [] []
92 [] [1 2 3 4 18 19] [1 2 3 4 16 19] [1 2 3 4 5 6 9 19 23 25] [1 2 3 4 5 6] [1 2 3 4 5] [1 2 3 4 6 19 23] [1 2 3 4 19] [1 2 3 4 5 6 9 19] [1 2 3 19] [1 2 3 4 5 6 16] [1 2 3 4 19 23] [1 2 3 4 5 6 18 19 23] [1 2 3 4] [1 2 3 4 18 19 23 25 26] [1 2 3 4 18 19 23 52] [1 2 3 4 5 19] [1 2 3 4 19 23 25 52] [1 2 3 4 5 6 18] [1 2 3 4 5 6 9 19 23] [1 2 3 4 5 6 9 19 23 25 52] [1 2 3 4 16] [1 2 3 4 19 25] [1 2 3 4 6 19 25] [1 2 3 4 5 6 19 23 52] [1 2 3] [1 2 3 4 6 19] [1 2 3 4 5 6 19 23] [1 2 3 4 16 19 23] [1 2 3 4 6 19 23 25] [1 2 3 4 5 6 25] [1 2 3 4 5 6 16 18] [1 2 3 4 5 6 9 18 19 23 25] [1 2 3 4 18] [1 2 3 4 5 6 16 19 23] [1 2 3 4 5 6 9 19 23 25 28 52 56] [1 2 3 4 6 18 19 23 25] [1 2 3 4 18 19 23 25] [1 2 3 4 6] [1 2] [1] [1 2 3 4 5 6 19 23 25] [1 2 3 4 25] [1 2 3 4 6 16] [1 2 3 4 5 18] [1 2 3 4 5 6 16 25] [1 2 3 4 5 25] [1 2 3 4 19 23 52] [1 10] [1 2 3 4 5 6 16 18 19 23 25] [1 2 3 4 5 6 18 19 23 25 52] [1 2 3 4 5 6 9] [1 2 59] [1 2 3 4 6 18 19 23] [1 2 3 4 5 6 7 8 19 25] [1 2 3 4 5 19 23] [1 2 3 4 5 6 9 16 19 23 25 52] [1 2 3 4 6 18 25] [1 2 3 4 5 6 9 16 19 23] [1 2 3 4 5 6 7 9 18 19 23 25] [1 2 3 4 6 18 19 23 25 26] [1 2 3 4 6 19 23 52] [1 2 3 4 6 8 16 18 25 55] [1 2 3 4 5 6 9 11 18] [1 2 3 4 5 6 9 16 19 23 25] [1 2 3 4 5 6 9 11 19 23 25 28 30 52] [1 2 3 4 5 6 9 16 18 19 23] [1 2 3 4 5 6 19 23 25 52] [1 2 3 4 6 16 18 25] [1 2 3 4 5 6 9 16 18 19 23 25 52] [1 2 3 4 16 18 25] [1 2 3 4 5 6 16 18 25] [1 2 3 4 6 10 19] [1 2 3 4 6 16 19] [1 2 3 4 5 18 19] [1 2 3 4 16 19 23 25] [1 2 3 4 18 19 23 25 52] [1 2 3 4 6 10 18 19 23] [1 2 3 4 6 16 18 19 23 25 26 52 55] [1 2 3 4 5 6 9 11 19 23 25 28 30] [1 6 18] [1 2 6] [1 2 3 4 6 8 16 18 25] [1 59] [1 2 3 4 5 6 19 23 25 52 56] [1 2 3 4 6 16 18 19 23 52] [1 2 53] [1 2 3 4 6 8 16 19 23 25 55] [1 2 3 4 5 6 9 18 19 23 25 26] [1 2 3 4 5 18 23 25 26] [1 2 4] [1 2 3 4 6 18] [1 2 3 4 18 19 23] [1 2 25] [2 19] [1 2 3 4 6 7 16 19] [1 2 3 4 18 25] [2 19 23] [1 2 3 4 5 6 9 18 25] [2 3 19 23] [1 2 3 4 5 6 19] [1 2 23] [1 2 3 4 5 19 23 25] [] [] [] [] [] [] [] [] [] [] [] [] [] [] [] [] [] [] [] [] [] [] [] [] [] [] [] [] [] [] [] [] [] [] [] [] [] [] [] [] [] [] [] [] [] [] [] [] [] [] [] [] [] [] [] [] [] [] [] [] [] [] [] [] [] [] [] [] [] [] [] [] [] [] [] [] [] [] [] [] [] [] [] [] [] [] [] [] [] [] [] [] [] [] [] [] [] [] [] [] [] [] [] [] [] [] [] [] [] [] [] [] [] [] [] [] [] [] [] [] [] [] [] [] [] [] [] [] [] [] []
93 [] [1 2 3 4 5 6 9 19 23 25] [1 2 3 4 5 6] [1 2 3 4 5] [1 2 3 4 6 19 23] [1 2 3 4 19] [1 2 3 4 5 6 9 19] [1 2 3 19] [1 2 3 4 5 6 16] [1 2 3 4 19 23] [1 2 3 4 5 6 18 19 23] [1 2 3 4] [1 2 3 4 18 19 23 25 26] [1 2 3 4 18 19 23 52] [1 2 3 4 5 19] [1 2 3 4 19 23 25 52] [1 2 3 4 18 19] [1 2 3 4 5 6 18] [1 2 3 4 5 6 9 19 23] [1 2 3 4 5 6 9 19 23 25 52] [1 2 3 4 16] [1 2 3 4 19 25] [1 2 3 4 6 19 25] [1 2 3 4 5 6 19 23 52] [1 2 3] [1 2 3 4 6 19] [1 2 3 4 5 6 19 23] [1 2 3 4 16 19 23] [1 2 3 4 6 19 23 25] [1 2 3 4 5 6 25] [1 2 3 4 5 6 16 18] [1 2 3 4 5 6 9 18 19 23 25] [1 2 3 4 18] [1 2 3 4 5 6 16 19 23] [1 2 3 4 5 6 9 19 23 25 28 52 56] [1 2 3 4 6 18 19 23 25] [1 2 3 4 18 19 23 25] [1 2 3 4 6] [1 2] [1] [1 2 3 4 5 6 19 23 25] [1 2 3 4 25] [1 2 3 4 6 16] [1 2 3 4 5 18] [1 2 3 4 5 6 16 25] [1 2 3 4 5 25] [1 2 3 4 19 23 52] [1 10] [1 2 3 4 5 6 16 18 19 23 25] [1 2 3 4 5 6 18 19 23 25 52] [1 2 3 4 5 6 9] [1 2 59] [1 2 3 4 6 18 19 23] [1 2 3 4 5 6 7 8 19 25] [1 2 3 4 5 19 23] [1 2 3 4 5 6 9 16 19 23 25 52] [1 2 3 4 6 18 25] [1 2 3 4 5 6 9 16 19 23] [1 2 3 4 5 6 7 9 18 19 23 25] [1 2 3 4 6 18 19 23 25 26] [1 2 3 4 6 19 23 52] [1 2 3 4 6 8 16 18 25 55] [1 2 3 4 5 6 9 11 18] [1 2 3 4 5 6 9 16 19 23 25] [1 2 3 4 5 6 9 11 19 23 25 28 30 52] [1 2 3 4 5 6 9 16 18 19 23] [1 2 3 4 5 6 19 23 25 52] [1 2 3 4 6 16 18 25] [1 2 3 4 5 6 9 16 18 19 23 25 52] [1 2 3 4 16 18 25] [1 2 3 4 5 6 16 18 25] [1 2 3 4 6 10 19] [1 2 3 4 6 16 19] [1 2 3 4 5 18 19] [1 2 3 4 16 19 23 25] [1 2 3 4 18 19 23 25 52] [1 2 3 4 6 10 18 19 23] [1 2 3 4 6 16 18 19 23 25 26 52 55] [1 2 3 4 5 6 9 11 19 23 25 28 30] [1 6 18] [1 2 6] [1 2 3 4 6 8 16 18 25] [1 59] [1 2 3 4 5 6 19 23 25 52 56] [1 2 3 4 6 16 18 19 23 52] [1 2 53] [1 2 3 4 6 8 16 19 23 25 55] [1 2 3 4 5 6 9 18 19 23 25 26] [1 2 3 4 5 18 23 25 26] [1 2 4] [1 2 3 4 6 18] [1 2 3 4 18 19 23] [1 2 25] [2 19] [1 2 3 4 6 7 16 19] [1 2 3 4 18 25] [2 19 23] [1 2 3 4 5 6 9 18 25] [2 3 19 23] [1 2 3 4 5 6 19] [1 2 23] [1 2 3 4 5 19 23 25] [] [] [] [] [] [] [] [] [] [] [] [] [] [] [] [] [] [] [] [] [] [] [] [] [] [] [] [] [] [] [] [] [] [] [] [] [] [] [] [] [] [] [] [] [] [] [] [] [] [] [] [] [] [] [] [] [] [] [] [] [] [] [] [] [] [] [] [] [] [] [] [] [] [] [] [] [] [] [] [] [] [] [] [] [] [] [] [] [] [] [] [] [] [] [] [] [] [] [] [] [] [] [] [] [] [] [] [] [] [] [] [] [] [] [] [] [] [] [] [] [] [] [] [] [] [] [] [] [] [] [] []
94 [] [1 2 3 4 5] [1 2 3 4 19 23 25 52] [1 2 3 4 6 19 23] [1 2 3 4 19] [1 2 3 4 5 6 9 19] [1 2 3 19] [1 2 3 4 5 6 16] [1 2 3 4 19 23] [1 2 3 4 5 6 18 19 23] [1 2 3 4] [1 2 3 4 18 19 23 25 26] [1 2 3 4 18 19 23 52] [1 2 3 4 5 19] [1 2 3 4 18 19] [1 2 3 4 5 6 18] [1 2 3 4 5 6 9 19 23] [1 2 3 4 5 6 9 19 23 25 52] [1 2 3 4 16] [1 2 3 4 19 25] [1 2 3 4 6 19 25] [1 2 3 4 5 6 19 23 52] [1 2 3] [1 2 3 4 6 19] [1 2 3 4 5 6 19 23] [1 2 3 4 16 19 23] [1 2 3 4 6 19 23 25] [1 2 3 4 5 6 25] [1 2 3 4 5 6 16 18] [1 2 3 4 5 6 9 18 19 23 25] [1 2 3 4 18] [1 2 3 4 5 6 16 19 23] [1 2 3 4 5 6 9 19 23 25] [1 2 3 4 5 6] [1 2 3 4 5 6 9 19 23 25 28 52 56] [1 2 3 4 6 18 19 23 25] [1 2 3 4 18 19 23 25] [1 2 3 4 6] [1 2] [1] [1 2 3 4 5 6 19 23 25] [1 2 3 4 25] [1 2 3 4 6 16] [1 2 3 4 5 18] [1 2 3 4 5 6 16 25] [1 2 3 4 5 25] [1 2 3 4 19 23 52] [1 10] [1 2 3 4 5 6 16 18 19 23 25] [1 2 3 4 5 6 18 19 23 25 52] [1 2 3 4 5 6 9] [1 2 59] [1 2 3 4 6 18 19 23] [1 2 3 4 5 6 7 8 19 25] [1 2 3 4 5 19 23] [1 2 3 4 5 6 9 16 19 23 25 52] [1 2 3 4 6 18 25] [1 2 3 4 5 6 9 16 19 23] [1 2 3 4 5 6 7 9 18 19 23 25] [1 2 3 4 6 18 19 23 25 26] [1 2 3 4 6 19 23 52] [1 2 3 4 6 8 16 18 25 55] [1 2 3 4 5 6 9 11 18] [1 2 3 4 5 6 9 16 19 23 25] [1 2 3 4 5 6 9 11 19 23 25 28 30 52] [1 2 3 4 5 6 9 16 18 19 23] [1 2 3 4 5 6 19 23 25 52] [1 2 3 4 6 16 18 25] [1 2 3 4 5 6 9 16 18 19 23 25 52] [1 2 3 4 16 18 25] [1 2 3 4 5 6 16 18 25] [1 2 3 4 6 10 19] [1 2 3 4 6 16 19] [1 2 3 4 5 18 19] [1 2 3 4 16 19 23 25] [1 2 3 4 18 19 23 25 52] [1 2 3 4 6 10 18 19 23] [1 2 3 4 6 16 18 19 23 25 26 52 55] [1 2 3 4 5 6 9 11 19 23 25 28 30] [1 6 18] [1 2 6] [1 2 3 4 6 8 16 18 25] [1 59] [1 2 3 4 5 6 19 23 25 52 56] [1 2 3 4 6 16 18 19 23 52] [1 2 53] [1 2 3 4 6 8 16 19 23 25 55] [1 2 3 4 5 6 9 18 19 23 25 26] [1 2 3 4 5 18 23 25 26] [1 2 4] [1 2 3 4 6 18] [1 2 3 4 18 19 23] [1 2 25] [2 19] [1 2 3 4 6 7 16 19] [1 2 3 4 18 25] [2 19 23] [1 2 3 4 5 6 9 18 25] [2 3 19 23] [1 2 3 4 5 6 19] [1 2 23] [1 2 3 4 5 19 23 25] [] [] [] [] [] [] [] [] [] [] [] [] [] [] [] [] [] [] [] [] [] [] [] [] [] [] [] [] [] [] [] [] [] [] [] [] [] [] [] [] [] [] [] [] [] [] [] [] [] [] [] [] [] [] [] [] [] [] [] [] [] [] [] [] [] [] [] [] [] [] [] [] [] [] [] [] [] [] [] [] [] [] [] [] [] [] [] [] [] [] [] [] [] [] [] [] [] [] [] [] [] [] [] [] [] [] [] [] [] [] [] [] [] [] [] [] [] [] [] [] [] [] [] [] [] [] [] [] [] [] [] []
95 [] [1 2 3 4 6 19 23] [1 2 3 4 19] [1 2 3 4] [1 2 3 4 5 6 9 19] [1 2 3 19] [1 2 3 4 5 6 16] [1 2 3 4 19 23] [1 2 3 4 5 6 18 19 23] [1 2 3 4 5] [1 2 3 4 18 19 23 25 26] [1 2 3 4 18 19 23 52] [1 2 3 4 5 19] [1 2 3 4 19 23 25 52] [1 2 3 4 18 19] [1 2 3 4 5 6 18] [1 2 3 4 5 6 9 19 23] [1 2 3 4 5 6 9 19 23 25 52] [1 2 3 4 16] [1 2 3 4 19 25] [1 2 3 4 6 19 25] [1 2 3 4 5 6 19 23 52] [1 2 3] [1 2 3 4 6 19] [1 2 3 4 5 6 19 23] [1 2 3 4 16 19 23] [1 2 3 4 6 19 23 25] [1 2 3 4 5 6 25] [1 2 3 4 5 6 16 18] [1 2 3 4 5 6 9 18 19 23 25] [1 2 3 4 18] [1 2 3 4 5 6 16 19 23] [1 2 3 4 5 6 9 19 23 25] [1 2 3 4 5 6] [1 2 3 4 5 6 9 19 23 25 28 52 56] [1 2 3 4 6 18 19 23 25] [1 2 3 4 18 19 23 25] [1 2 3 4 6] [1 2] [1] [1 2 3 4 5 6 19 23 25] [1 2 3 4 25] [1 2 3 4 6 16] [1 2 3 4 5 18] [1 2 3 4 5 6 16 25] [1 2 3 4 5 25] [1 2 3 4 19 23 52] [1 10] [1 2 3 4 5 6 16 18 19 23 25] [1 2 3 4 5 6 18 19 23 25 52] [1 2 3 4 5 6 9] [1 2 59] [1 2 3 4 6 18 19 23] [1 2 3 4 5 6 7 8 19 25] [1 2 3 4 5 19 23] [1 2 3 4 5 6 9 16 19 23 25 52] [1 2 3 4 6 18 25] [1 2 3 4 5 6 9 16 19 23] [1 2 3 4 5 6 7 9 18 19 23 25] [1 2 3 4 6 18 19 23 25 26] [1 2 3 4 6 19 23 52] [1 2 3 4 6 8 16 18 25 55] [1 2 3 4 5 6 9 11 18] [1 2 3 4 5 6 9 16 19 23 25] [1 2 3 4 5 6 9 11 19 23 25 28 30 52] [1 2 3 4 5 6 9 16 18 19 23] [1 2 3 4 5 6 19 23 25 52] [1 2 3 4 6 16 18 25] [1 2 3 4 5 6 9 16 18 19 23 25 52] [1 2 3 4 16 18 25] [1 2 3 4 5 6 16 18 25] [1 2 3 4 6 10 19] [1 2 3 4 6 16 19] [1 2 3 4 5 18 19] [1 2 3 4 16 19 23 25] [1 2 3 4 18 19 23 25 52] [1 2 3 4 6 10 18 19 23] [1 2 3 4 6 16 18 19 23 25 26 52 55] [1 2 3 4 5 6 9 11 19 23 25 28 30] [1 6 18] [1 2 6] [1 2 3 4 6 8 16 18 25] [1 59] [1 2 3 4 5 6 19 23 25 52 56] [1 2 3 4 6 16 18 19 23 52] [1 2 53] [1 2 3 4 6 8 16 19 23 25 55] [1 2 3 4 5 6 9 18 19 23 25 26] [1 2 3 4 5 18 23 25 26] [1 2 4] [1 2 3 4 6 18] [1 2 3 4 18 19 23] [1 2 25] [2 19] [1 2 3 4 6 7 16 19] [1 2 3 4 18 25] [2 19 23] [1 2 3 4 5 6 9 18 25] [2 3 19 23] [1 2 3 4 5 6 19] [1 2 23] [1 2 3 4 5 19 23 25] [] [] [] [] [] [] [] [] [] [] [] [] [] [] [] [] [] [] [] [] [] [] [] [] [] [] [] [] [] [] [] [] [] [] [] [] [] [] [] [] [] [] [] [] [] [] [] [] [] [] [] [] [] [] [] [] [] [] [] [] [] [] [] [] [] [] [] [] [] [] [] [] [] [] [] [] [] [] [] [] [] [] [] [] [] [] [] [] [] [] [] [] [] [] [] [] [] [] [] [] [] [] [] [] [] [] [] [] [] [] [] [] [] [] [] [] [] [] [] [] [] [] [] [] [] [] [] [] [] [] [] []
96 [] [1 2 3 4] [1 2 3 4 5 6 9 19] [1 2 3 19] [1 2 3 4 5 6 16] [1 2 3 4 19 23] [1 2 3 4 5 6 18 19 23] [1 2 3 4 5] [1 2 3 4 18 19 23 25 26] [1 2 3 4 6 19 23] [1 2 3 4 18 19 23 52] [1 2 3 4 5 19] [1 2 3 4 19 23 25 52] [1 2 3 4 18 19] [1 2 3 4 5 6 18] [1 2 3 4 5 6 9 19 23] [1 2 3 4 5 6 9 19 23 25 52] [1 2 3 4 16] [1 2 3 4 19 25] [1 2 3 4 6 19 25] [1 2 3 4 19] [1 2 3 4 5 6 19 23 52] [1 2 3] [1 2 3 4 6 19] [1 2 3 4 5 6 19 23] [1 2 3 4 16 19 23] [1 2 3 4 6 19 23 25] [1 2 3 4 5 6 25] [1 2 3 4 5 6 16 18] [1 2 3 4 5 6 9 18 19 23 25] [1 2 3 4 18] [1 2 3 4 5 6 16 19 23] [1 2 3 4 5 6 9 19 23 25] [1 2 3 4 5 6] [1 2 3 4 5 6 9 19 23 25 28 52 56] [1 2 3 4 6 18 19 23 25] [1 2 3 4 18 19 23 25] [1 2 3 4 6] [1 2] [1] [1 2 3 4 5 6 19 23 25] [1 2 3 4 25] [1 2 3 4 6 16] [1 2 3 4 5 18] [1 2 3 4 5 6 16 25] [1 2 3 4 5 25] [1 2 3 4 19 23 52] [1 10] [1 2 3 4 5 6 16 18 19 23 25] [1 2 3 4 5 6 18 19 23 25 52] [1 2 3 4 5 6 9] [1 2 59] [1 2 3 4 6 18 19 23] [1 2 3 4 5 6 7 8 19 25] [1 2 3 4 5 19 23] [1 2 3 4 5 6 9 16 19 23 25 52] [1 2 3 4 6 18 25] [1 2 3 4 5 6 9 16 19 23] [1 2 3 4 5 6 7 9 18 19 23 25] [1 2 3 4 6 18 19 23 25 26] [1 2 3 4 6 19 23 52] [1 2 3 4 6 8 16 18 25 55] [1 2 3 4 5 6 9 11 18] [1 2 3 4 5 6 9 16 19 23 25] [1 2 3 4 5 6 9 11 19 23 25 28 30 52] [1 2 3 4 5 6 9 16 18 19 23] [1 2 3 4 5 6 19 23 25 52] [1 2 3 4 6 16 18 25] [1 2 3 4 5 6 9 16 18 19 23 25 52] [1 2 3 4 16 18 25] [1 2 3 4 5 6 16 18 25] [1 2 3 4 6 10 19] [1 2 3 4 6 16 19] [1 2 3 4 5 18 19] [1 2 3 4 16 19 23 25] [1 2 3 4 18 19 23 25 52] [1 2 3 4 6 10 18 19 23] [1 2 3 4 6 16 18 19 23 25 26 52 55] [1 2 3 4 5 6 9 11 19 23 25 28 30] [1 6 18] [1 2 6] [1 2 3 4 6 8 16 18 25] [1 59] [1 2 3 4 5 6 19 23 25 52 56] [1 2 3 4 6 16 18 19 23 52] [1 2 53] [1 2 3 4 6 8 16 19 23 25 55] [1 2 3 4 5 6 9 18 19 23 25 26] [1 2 3 4 5 18 23 25 26] [1 2 4] [1 2 3 4 6 18] [1 2 3 4 18 19 23] [1 2 25] [2 19] [1 2 3 4 6 7 16 19] [1 2 3 4 18 25] [2 19 23] [1 2 3 4 5 6 9 18 25] [2 3 19 23] [1 2 3 4 5 6 19] [1 2 23] [1 2 3 4 5 19 23 25] [] [] [] [] [] [] [] [] [] [] [] [] [] [] [] [] [] [] [] [] [] [] [] [] [] [] [] [] [] [] [] [] [] [] [] [] [] [] [] [] [] [] [] [] [] [] [] [] [] [] [] [] [] [] [] [] [] [] [] [] [] [] [] [] [] [] [] [] [] [] [] [] [] [] [] [] [] [] [] [] [] [] [] [] [] [] [] [] [] [] [] [] [] [] [] [] [] [] [] [] [] [] [] [] [] [] [] [] [] [] [] [] [] [] [] [] [] [] [] [] [] [] [] [] [] [] [] [] [] [] [] []
97 [] [1 2 3 19] [1 2 3 4 5 6 16] [1 2 3 4 19 23] [1 2 3 4 5 6 18 19 23] [1 2 3 4 5] [1 2 3 4] [1 2 3 4 18 19 23 25 26] [1 2 3 4 6 19 23] [1 2 3 4 18 19 23 52] [1 2 3 4 5 19] [1 2 3 4 19 23 25 52] [1 2 3 4 18 19] [1 2 3 4 5 6 18] [1 2 3 4 5 6 9 19 23] [1 2 3 4 5 6 9 19 23 25 52] [1 2 3 4 16] [1 2 3 4 19 25] [1 2 3 4 6 19 25] [1 2 3 4 19] [1 2 3 4 5 6 19 23 52] [1 2 3] [1 2 3 4 6 19] [1 2 3 4 5 6 19 23] [1 2 3 4 16 19 23] [1 2 3 4 6 19 23 25] [1 2 3 4 5 6 25] [1 2 3 4 5 6 16 18] [1 2 3 4 5 6 9 18 19 23 25] [1 2 3 4 18] [1 2 3 4 5 6 16 19 23] [1 2 3 4 5 6 9 19 23 25] [1 2 3 4 5 6] [1 2 3 4 5 6 9 19 23 25 28 52 56] [1 2 3 4 6 18 19 23 25] [1 2 3 4 18 19 23 25] [1 2 3 4 6] [1 2] [1] [1 2 3 4 5 6 19 23 25] [1 2 3 4 25] [1 2 3 4 6 16] [1 2 3 4 5 18] [1 2 3 4 5 6 16 25] [1 2 3 4 5 25] [1 2 3 4 19 23 52] [1 10] [1 2 3 4 5 6 16 18 19 23 25] [1 2 3 4 5 6 18 19 23 25 52] [1 2 3 4 5 6 9] [1 2 59] [1 2 3 4 6 18 19 23] [1 2 3 4 5 6 7 8 19 25] [1 2 3 4 5 19 23] [1 2 3 4 5 6 9 16 19 23 25 52] [1 2 3 4 6 18 25] [1 2 3 4 5 6 9 16 19 23] [1 2 3 4 5 6 7 9 18 19 23 25] [1 2 3 4 6 18 19 23 25 26] [1 2 3 4 6 19 23 52] [1 2 3 4 6 8 16 18 25 55] [1 2 3 4 5 6 9 11 18] [1 2 3 4 5 6 9 16 19 23 25] [1 2 3 4 5 6 9 11 19 23 25 28 30 52] [1 2 3 4 5 6 9 16 18 19 23] [1 2 3 4 5 6 19 23 25 52] [1 2 3 4 6 16 18 25] [1 2 3 4 5 6 9 16 18 19 23 25 52] [1 2 3 4 16 18 25] [1 2 3 4 5 6 16 18 25] [1 2 3 4 6 10 19] [1 2 3 4 6 16 19] [1 2 3 4 5 18 19] [1 2 3 4 16 19 23 25] [1 2 3 4 18 19 23 25 52] [1 2 3 4 6 10 18 19 23] [1 2 3 4 6 16 18 19 23 25 26 52 55] [1 2 3 4 5 6 9 19] [1 2 3 4 5 6 9 11 19 23 25 28 30] [1 6 18] [1 2 6] [1 2 3 4 6 8 16 18 25] [1 59] [1 2 3 4 5 6 19 23 25 52 56] [1 2 3 4 6 16 18 19 23 52] [1 2 53] [1 2 3 4 6 8 16 19 23 25 55] [1 2 3 4 5 6 9 18 19 23 25 26] [1 2 3 4 5 18 23 25 26] [1 2 4] [1 2 3 4 6 18] [1 2 3 4 18 19 23] [1 2 25] [2 19] [1 2 3 4 6 7 16 19] [1 2 3 4 18 25] [2 19 23] [1 2 3 4 5 6 9 18 25] [2 3 19 23] [1 2 3 4 5 6 19] [1 2 23] [1 2 3 4 5 19 23 25] [] [] [] [] [] [] [] [] [] [] [] [] [] [] [] [] [] [] [] [] [] [] [] [] [] [] [] [] [] [] [] [] [] [] [] [] [] [] [] [] [] [] [] [] [] [] [] [] [] [] [] [] [] [] [] [] [] [] [] [] [] [] [] [] [] [] [] [] [] [] [] [] [] [] [] [] [] [] [] [] [] [] [] [] [] [] [] [] [] [] [] [] [] [] [] [] [] [] [] [] [] [] [] [] [] [] [] [] [] [] [] [] [] [] [] [] [] [] [] [] [] [] [] [] [] [] [] [] [] [] [] []
98 [] [1 2 3 4 19 23] [1 2 3 4 18 19 23] [1 2 3 4 5 6 18 19 23] [1 2 3 4 5] [1 2 3 4] [1 2 3 4 18 19 23 25 26] [1 2 3 4 6 19 23] [1 2 3 4 18 19 23 52] [1 2 3 4 5 19] [1 2 3 4 19 23 25 52] [1 2 3 4 18 19] [1 2 3 4 5 6 18] [1 2 3 4 5 6 9 19 23] [1 2 3 4 5 6 9 19 23 25 52] [1 2 3 4 16] [1 2 3 4 19 25] [1 2 3 4 6 19 25] [1 2 3 4 19] [1 2 3 4 5 6 19 23 52] [1 2 3] [1 2 3 4 6 19] [1 2 3 4 5 6 19 23] [1 2 3 4 16 19 23] [1 2 3 4 6 19 23 25] [1 2 3 4 5 6 25] [1 2 3 4 5 6 16 18] [1 2 3 4 5 6 9 18 19 23 25] [1 2 3 4 18] [1 2 3 4 5 6 16 19 23] [1 2 3 4 5 6 9 19 23 25] [1 2 3 4 5 6] [1 2 3 4 5 6 9 19 23 25 28 52 56] [1 2 3 4 5 6 16] [1 2 3 4 6 18 19 23 25] [1 2 3 4 18 19 23 25] [1 2 3 4 6] [1 2] [1] [1 2 3 4 5 6 19 23 25] [1 2 3 4 25] [1 2 3 4 6 16] [1 2 3 4 5 18] [1 2 3 4 5 6 16 25] [1 2 3 19] [1 2 3 4 5 25] [1 2 3 4 19 23 52] [1 10] [1 2 3 4 5 6 16 18 19 23 25] [1 2 3 4 5 6 18 19 23 25 52] [1 2 3 4 5 6 9] [1 2 59] [1 2 3 4 6 18 19 23] [1 2 3 4 5 6 7 8 19 25] [1 2 3 4 5 19 23] [1 2 3 4 5 6 9 16 19 23 25 52] [1 2 3 4 6 18 25] [1 2 3 4 5 6 9 16 19 23] [1 2 3 4 5 6 7 9 18 19 23 25] [1 2 3 4 6 18 19 23 25 26] [1 2 3 4 6 19 23 52] [1 2 3 4 6 8 16 18 25 55] [1 2 3 4 5 6 9 11 18] [1 2 3 4 5 6 9 16 19 23 25] [1 2 3 4 5 6 9 11 19 23 25 28 30 52] [1 2 3 4 5 6 9 16 18 19 23] [1 2 3 4 5 6 19 23 25 52] [1 2 3 4 6 16 18 25] [1 2 3 4 5 6 9 16 18 19 23 25 52] [1 2 3 4 16 18 25] [1 2 3 4 5 6 16 18 25] [1 2 3 4 6 10 19] [1 2 3 4 6 16 19] [1 2 3 4 5 18 19] [1 2 3 4 16 19 23 25] [1 2 3 4 18 19 23 25 52] [1 2 3 4 6 10 18 19 23] [1 2 3 4 6 16 18 19 23 25 26 52 55] [1 2 3 4 5 6 9 19] [1 2 3 4 5 6 9 11 19 23 25 28 30] [1 6 18] [1 2 6] [1 2 3 4 6 8 16 18 25] [1 59] [1 2 3 4 5 6 19 23 25 52 56] [1 2 3 4 6 16 18 19 23 52] [1 2 53] [1 2 3 4 6 8 16 19 23 25 55] [1 2 3 4 5 6 9 18 19 23 25 26] [1 2 3 4 5 18 23 25 26] [1 2 4] [1 2 3 4 6 18] [1 2 25] [2 19] [1 2 3 4 6 7 16 19] [1 2 3 4 18 25] [2 19 23] [1 2 3 4 5 6 9 18 25] [2 3 19 23] [1 2 3 4 5 6 19] [1 2 23] [1 2 3 4 5 19 23 25] [] [] [] [] [] [] [] [] [] [] [] [] [] [] [] [] [] [] [] [] [] [] [] [] [] [] [] [] [] [] [] [] [] [] [] [] [] [] [] [] [] [] [] [] [] [] [] [] [] [] [] [] [] [] [] [] [] [] [] [] [] [] [] [] [] [] [] [] [] [] [] [] [] [] [] [] [] [] [] [] [] [] [] [] [] [] [] [] [] [] [] [] [] [] [] [] [] [] [] [] [] [] [] [] [] [] [] [] [] [] [] [] [] [] [] [] [] [] [] [] [] [] [] [] [] [] [] [] [] [] [] []
99 [] [1 2 3 4 5 6 18 19 23] [1 2 3 4 5] [1 2 3 4] [1 2 3 4 18 19 23 25 26] [1 2 3 4 6 19 23] [1 2 3 4 18 19 23 52] [1 2 3 4 5 19] [1 2 3 4 19 23 25 52] [1 2 3 4 18 19] [1 2 3 4 5 6 18] [1 2 3 4 5 6 9 19 23] [1 2 3 4 5 6 9 19 23 25 52] [1 2 3 4 16] [1 2 3 4 19 25] [1 2 3 4 6 19 25] [1 2 3 4 19] [1 2 3 4 5 6 19 23 52] [1 2 3] [1 2 3 4 6 19] [1 2 3 4 19 23] [1 2 3 4 5 6 19 23] [1 2 3 4 16 19 23] [1 2 3 4 6 19 23 25] [1 2 3 4 5 6 25] [1 2 3 4 5 6 16 18] [1 2 3 4 5 6 9 18 19 23 25] [1 2 3 4 18] [1 2 3 4 5 6 16 19 23] [1 2 3 4 5 6 9 19 23 25] [1 2 3 4 5 6] [1 2 3 4 5 6 9 19 23 25 28 52 56] [1 2 3 4 5 6 16] [1 2 3 4 6 18 19 23 25] [1 2 3 4 18 19 23 25] [1 2 3 4 6] [1 2] [1] [1 2 3 4 5 6 19 23 25] [1 2 3 4 25] [1 2 3 4 6 16] [1 2 3 4 5 18] [1 2 3 4 5 6 16 25] [1 2 3 19] [1 2 3 4 5 25] [1 2 3 4 19 23 52] [1 10] [1 2 3 4 5 6 16 18 19 23 25] [1 2 3 4 5 6 18 19 23 25 52] [1 2 3 4 5 6 9] [1 2 59] [1 2 3 4 6 18 19 23] [1 2 3 4 5 6 7 8 19 25] [1 2 3 4 5 19 23] [1 2 3 4 5 6 9 16 19 23 25 52] [1 2 3 4 6 18 25] [1 2 3 4 5 6 9 16 19 23] [1 2 3 4 5 6 7 9 18 19 23 25] [1 2 3 4 6 18 19 23 25 26] [1 2 3 4 6 19 23 52] [1 2 3 4 6 8 16 18 25 55] [1 2 3 4 5 6 9 11 18] [1 2 3 4 5 6 9 16 19 23 25] [1 2 3 4 5 6 9 11 19 23 25 28 30 52] [1 2 3 4 5 6 9 16 18 19 23] [1 2 3 4 5 6 19 23 25 52] [1 2 3 4 6 16 18 25] [1 2 3 4 5 6 9 16 18 19 23 25 52] [1 2 3 4 16 18 25] [1 2 3 4 5 6 16 18 25] [1 2 3 4 6 10 19] [1 2 3 4 6 16 19] [1 2 3 4 5 18 19] [1 2 3 4 16 19 23 25] [1 2 3 4 18 19 23 25 52] [1 2 3 4 6 10 18 19 23] [1 2 3 4 6 16 18 19 23 25 26 52 55] [1 2 3 4 5 6 9 19] [1 2 3 4 5 6 9 11 19 23 25 28 30] [1 6 18] [1 2 6] [1 2 3 4 6 8 16 18 25] [1 59] [1 2 3 4 5 6 19 23 25 52 56] [1 2 3 4 6 16 18 19 23 52] [1 2 53] [1 2 3 4 6 8 16 19 23 25 55] [1 2 3 4 5 6 9 18 19 23 25 26] [1 2 3 4 5 18 23 25 26] [1 2 4] [1 2 3 4 6 18] [1 2 3 4 18 19 23] [1 2 25] [2 19] [1 2 3 4 6 7 16 19] [1 2 3 4 18 25] [2 19 23] [1 2 3 4 5 6 9 18 25] [2 3 19 23] [1 2 3 4 5 6 19] [1 2 23] [1 2 3 4 5 19 23 25] [] [] [] [] [] [] [] [] [] [] [] [] [] [] [] [] [] [] [] [] [] [] [] [] [] [] [] [] [] [] [] [] [] [] [] [] [] [] [] [] [] [] [] [] [] [] [] [] [] [] [] [] [] [] [] [] [] [] [] [] [] [] [] [] [] [] [] [] [] [] [] [] [] [] [] [] [] [] [] [] [] [] [] [] [] [] [] [] [] [] [] [] [] [] [] [] [] [] [] [] [] [] [] [] [] [] [] [] [] [] [] [] [] [] [] [] [] [] [] [] [] [] [] [] [] [] [] [] [] [] [] []
100 [] [1 2 3 4] [1 2 3 4 18 19 23 25 26] [1 2 3 4 6 19 23] [1 2 3 4 18 19 23 52] [1 2 3 4 5 19] [1 2 3 4 19 23 25 52] [1 2 3 4 18 19] [1 2 3 4 5 6 18] [1 2 3 4 5 6 9 19 23] [1 2 3 4 5 6 9 19 23 25 52] [1 2 3 4 16] [1 2 3 4 19 25] [1 2 3 4 6 19 25] [1 2 3 4 5] [1 2 3 4 19] [1 2 3 4 5 6 19 23 52] [1 2 3] [1 2 3 4 6 19] [1 2 3 4 19 23] [1 2 3 4 5 6 19 23] [1 2 3 4 16 19 23] [1 2 3 4 6 19 23 25] [1 2 3 4 5 6 25] [1 2 3 4 5 6 16 18] [1 2 3 4 5 6 9 18 19 23 25] [1 2 3 4 18] [1 2 3 4 5 6 16 19 23] [1 2 3 4 5 6 9 19 23 25] [1 2 3 4 5 6] [1 2 3 4 5 6 9 19 23 25 28 52 56] [1 2 3 4 5 6 16] [1 2 3 4 6 18 19 23 25] [1 2 3 4 18 19 23 25] [1 2 3 4 6] [1 2] [1] [1 2 3 4 5 6 19 23 25] [1 2 3 4 25] [1 2 3 4 6 16] [1 2 3 4 5 18] [1 2 3 4 5 6 16 25] [1 2 3 19] [1 2 3 4 5 25] [1 2 3 4 19 23 52] [1 10] [1 2 3 4 5 6 16 18 19 23 25] [1 2 3 4 5 6 18 19 23 25 52] [1 2 3 4 5 6 9] [1 2 59] [1 2 3 4 6 18 19 23] [1 2 3 4 5 6 7 8 19 25] [1 2 3 4 5 19 23] [1 2 3 4 5 6 9 16 19 23 25 52] [1 2 3 4 6 18 25] [1 2 3 4 5 6 9 16 19 23] [1 2 3 4 5 6 7 9 18 19 23 25] [1 2 3 4 6 18 19 23 25 26] [1 2 3 4 6 19 23 52] [1 2 3 4 6 8 16 18 25 55] [1 2 3 4 5 6 9 11 18] [1 2 3 4 5 6 9 16 19 23 25] [1 2 3 4 5 6 9 11 19 23 25 28 30 52] [1 2 3 4 5 6 9 16 18 19 23] [1 2 3 4 5 6 19 23 25 52] [1 2 3 4 6 16 18 25] [1 2 3 4 5 6 9 16 18 19 23 25 52] [1 2 3 4 16 18 25] [1 2 3 4 5 6 16 18 25] [1 2 3 4 6 10 19] [1 2 3 4 6 16 19] [1 2 3 4 5 18 19] [1 2 3 4 16 19 23 25] [1 2 3 4 18 19 23 25 52] [1 2 3 4 6 10 18 19 23] [1 2 3 4 6 16 18 19 23 25 26 52 55] [1 2 3 4 5 6 9 19] [1 2 3 4 5 6 9 11 19 23 25 28 30] [1 6 18] [1 2 6] [1 2 3 4 6 8 16 18 25] [1 59] [1 2 3 4 5 6 19 23 25 52 56] [1 2 3 4 6 16 18 19 23 52] [1 2 53] [1 2 3 4 6 8 16 19 23 25 55] [1 2 3 4 5 6 9 18 19 23 25 26] [1 2 3 4 5 18 23 25 26] [1 2 4] [1 2 3 4 6 18] [1 2 3 4 18 19 23] [1 2 25] [2 19] [1 2 3 4 6 7 16 19] [1 2 3 4 18 25] [2 19 23] [1 2 3 4 5 6 9 18 25] [2 3 19 23] [1 2 3 4 5 6 19] [1 2 23] [1 2 3 4 5 19 23 25] [] [] [] [] [] [] [] [] [] [] [] [] [] [] [] [] [] [] [] [] [] [] [] [] [] [] [] [] [] [] [] [] [] [] [] [] [] [] [] [] [] [] [] [] [] [] [] [] [] [] [] [] [] [] [] [] [] [] [] [] [] [] [] [] [] [] [] [] [] [] [] [] [] [] [] [] [] [] [] [] [] [] [] [] [] [] [] [] [] [] [] [] [] [] [] [] [] [] [] [] [] [] [] [] [] [] [] [] [] [] [] [] [] [] [] [] [] [] [] [] [] [] [] [] [] [] [] [] [] [] [] [] []
101 [] [1 2 3 4 6 19 23] [1 2 3 4 18 19 23 52] [1 2 3 4 5 19] [1 2 3 4 19 23 25 52] [1 2 3 4 18 19] [1 2 3 4 5 6 18] [1 2 3 4 5 6 9 19 23] [1 2 3 4 5 6 9 19 23 25 52] [1 2 3 4 16] [1 2 3 4 19 25] [1 2 3 4] [1 2 3 4 6 19 25] [1 2 3 4 5] [1 2 3 4 19] [1 2 3 4 5 6 19 23 52] [1 2 3] [1 2 3 4 6 19] [1 2 3 4 19 23] [1 2 3 4 5 6 19 23] [1 2 3 4 16 19 23] [1 2 3 4 6 19 23 25] [1 2 3 4 5 6 25] [1 2 3 4 5 6 16 18] [1 2 3 4 5 6 9 18 19 23 25] [1 2 3 4 18] [1 2 3 4 5 6 16 19 23] [1 2 3 4 5 6 9 19 23 25] [1 2 3 4 5 6] [1 2 3 4 5 6 9 19 23 25 28 52 56] [1 2 3 4 5 6 16] [1 2 3 4 6 18 19 23 25] [1 2 3 4 18 19 23 25] [1 2 3 4 6] [1 2] [1] [1 2 3 4 5 6 19 23 25] [1 2 3 4 25] [1 2 3 4 6 16] [1 2 3 4 5 18] [1 2 3 4 5 6 16 25] [1 2 3 19] [1 2 3 4 5 25] [1 2 3 4 19 23 52] [1 10] [1 2 3 4 5 6 16 18 19 23 25] [1 2 3 4 5 6 18 19 23 25 52] [1 2 3 4 5 6 9] [1 2 59] [1 2 3 4 6 18 19 23] [1 2 3 4 5 6 7 8 19 25] [1 2 3 4 5 19 23] [1 2 3 4 5 6 9 16 19 23 25 52] [1 2 3 4 6 18 25] [1 2 3 4 5 6 9 16 19 23] [1 2 3 4 5 6 7 9 18 19 23 25] [1 2 3 4 6 18 19 23 25 26] [1 2 3 4 6 19 23 52] [1 2 3 4 6 8 16 18 25 55] [1 2 3 4 5 6 9 11 18] [1 2 3 4 5 6 9 16 19 23 25] [1 2 3 4 5 6 9 11 19 23 25 28 30 52] [1 2 3 4 5 6 9 16 18 19 23] [1 2 3 4 5 6 19 23 25 52] [1 2 3 4 6 16 18 25] [1 2 3 4 5 6 9 16 18 19 23 25 52] [1 2 3 4 16 18 25] [1 2 3 4 5 6 16 18 25] [1 2 3 4 6 10 19] [1 2 3 4 6 16 19] [1 2 3 4 5 18 19] [1 2 3 4 16 19 23 25] [1 2 3 4 18 19 23 25 52] [1 2 3 4 6 10 18 19 23] [1 2 3 4 6 16 18 19 23 25 26 52 55] [1 2 3 4 5 6 9 19] [1 2 3 4 5 6 9 11 19 23 25 28 30] [1 6 18] [1 2 6] [1 2 3 4 6 8 16 18 25] [1 59] [1 2 3 4 5 6 19 23 25 52 56] [1 2 3 4 6 16 18 19 23 52] [1 2 53] [1 2 3 4 6 8 16 19 23 25 55] [1 2 3 4 5 6 9 18 19 23 25 26] [1 2 3 4 5 18 23 25 26] [1 2 4] [1 2 3 4 6 18] [1 2 3 4 18 19 23] [1 2 25] [2 19] [1 2 3 4 6 7 16 19] [1 2 3 4 18 25] [2 19 23] [1 2 3 4 5 6 9 18 25] [2 3 19 23] [1 2 3 4 5 6 19] [1 2 23] [1 2 3 4 5 19 23 25] [] [] [] [] [] [] [] [] [] [] [] [] [] [] [] [] [] [] [] [] [] [] [] [] [] [] [] [] [] [] [] [] [] [] [] [] [] [] [] [] [] [] [] [] [] [] [] [] [] [] [] [] [] [] [] [] [] [] [] [] [] [] [] [] [] [] [] [] [] [] [] [] [] [] [] [] [] [] [] [] [] [] [] [] [] [] [] [] [] [] [] [] [] [] [] [] [] [] [] [] [] [] [] [] [] [] [] [] [] [] [] [] [] [] [] [] [] [] [] [] [] [] [] [] [] [] [] [] [] [] [] [] [] []
102 [] [1 2 3 4 5 19] [1 2 3 4 19 23 25 52] [1 2 3 4 18 19] [1 2 3 4 5 6 18] [1 2 3 4 5 6 9 19 23] [1 2 3 4 5 6 9 19 23 25 52] [1 2 3 4 16] [1 2 3 4 19 25] [1 2 3 4] [1 2 3 4 6 19 25] [1 2 3 4 5] [1 2 3 4 19] [1 2 3 4 5 6 19 23 52] [1 2 3] [1 2 3 4 6 19] [1 2 3 4 19 23] [1 2 3 4 5 6 19 23] [1 2 3 4 16 19 23] [1 2 3 4 6 19 23 25] [1 2 3 4 5 6 25] [1 2 3 4 5 6 16 18] [1 2 3 4 5 6 9 18 19 23 25] [1 2 3 4 18] [1 2 3 4 5 6 16 19 23] [1 2 3 4 5 6 9 19 23 25] [1 2 3 4 5 6] [1 2 3 4 5 6 9 19 23 25 28 52 56] [1 2 3 4 6 19 23] [1 2 3 4 5 6 16] [1 2 3 4 6 18 19 23 25] [1 2 3 4 18 19 23 25] [1 2 3 4 6] [1 2] [1] [1 2 3 4 5 6 19 23 25] [1 2 3 4 25] [1 2 3 4 6 16] [1 2 3 4 5 18] [1 2 3 4 5 6 16 25] [1 2 3 19] [1 2 3 4 5 25] [1 2 3 4 19 23 52] [1 10] [1 2 3 4 5 6 16 18 19 23 25] [1 2 3 4 5 6 18 19 23 25 52] [1 2 3 4 5 6 9] [1 2 59] [1 2 3 4 6 18 19 23] [1 2 3 4 5 6 7 8 19 25] [1 2 3 4 5 19 23] [1 2 3 4 5 6 9 16 19 23 25 52] [1 2 3 4 6 18 25] [1 2 3 4 5 6 9 16 19 23] [1 2 3 4 5 6 7 9 18 19 23 25] [1 2 3 4 6 18 19 23 25 26] [1 2 3 4 6 19 23 52] [1 2 3 4 6 8 16 18 25 55] [1 2 3 4 5 6 9 11 18] [1 2 3 4 5 6 9 16 19 23 25] [1 2 3 4 5 6 9 11 19 23 25 28 30 52] [1 2 3 4 5 6 9 16 18 19 23] [1 2 3 4 5 6 19 23 25 52] [1 2 3 4 6 16 18 25] [1 2 3 4 5 6 9 16 18 19 23 25 52] [1 2 3 4 16 18 25] [1 2 3 4 5 6 16 18 25] [1 2 3 4 6 10 19] [1 2 3 4 6 16 19] [1 2 3 4 5 18 19] [1 2 3 4 16 19 23 25] [1 2 3 4 18 19 23 25 52] [1 2 3 4 6 10 18 19 23] [1 2 3 4 6 16 18 19 23 25 26 52 55] [1 2 3 4 5 6 9 19] [1 2 3 4 5 6 9 11 19 23 25 28 30] [1 6 18] [1 2 6] [1 2 3 4 6 8 16 18 25] [1 59] [1 2 3 4 5 6 19 23 25 52 56] [1 2 3 4 6 16 18 19 23 52] [1 2 53] [1 2 3 4 6 8 16 19 23 25 55] [1 2 3 4 5 6 9 18 19 23 25 26] [1 2 3 4 5 18 23 25 26] [1 2 4] [1 2 3 4 6 18] [1 2 3 4 18 19 23] [1 2 25] [2 19] [1 2 3 4 6 7 16 19] [1 2 3 4 18 25] [2 19 23] [1 2 3 4 5 6 9 18 25] [2 3 19 23] [1 2 3 4 5 6 19] [1 2 23] [1 2 3 4 5 19 23 25] [] [] [] [] [] [] [] [] [] [] [] [] [] [] [] [] [] [] [] [] [] [] [] [] [] [] [] [] [] [] [] [] [] [] [] [] [] [] [] [] [] [] [] [] [] [] [] [] [] [] [] [] [] [] [] [] [] [] [] [] [] [] [] [] [] [] [] [] [] [] [] [] [] [] [] [] [] [] [] [] [] [] [] [] [] [] [] [] [] [] [] [] [] [] [] [] [] [] [] [] [] [] [] [] [] [] [] [] [] [] [] [] [] [] [] [] [] [] [] [] [] [] [] [] [] [] [] [] [] [] [] [] [] [] []
103 [] [1 2 3 4 18 19] [1 2 3 4 5 6 18] [1 2 3 4 6 16 18 25 55 58] [1 2 3 4 5 6 9 19 23] [1 2 3 4 5 6 9 19 23 25 52] [1 2 3 4 16] [1 2 3 4 19 25] [1 2 3 4] [1 2 3 4 6 19 25] [1 2 3 4 5] [1 2 3 4 19] [1 2 3 4 5 6 19 23 52] [1 2 3] [1 2 3 4 6 19] [1 2 3 4 19 23] [1 2 3 4 5 6 19 23] [1 2 3 4 16 19 23] [1 2 3 4 6 19 23 25] [1 2 3 4 5 6 25] [1 2 3 4 5 6 16 18] [1 2 3 4 5 6 9 18 19 23 25] [1 2 3 4 18] [1 2 3 4 5 6 16 19 23] [1 2 3 4 5 6 9 19 23 25] [1 2 3 4 5 6] [1 2 3 4 5 6 9 19 23 25 28 52 56] [1 2 3 4 6 19 23] [1 2 3 4 5 6 16] [1 2 3 4 6 18 19 23 25] [1 2 3 4 18 19 23 25] [1 2 3 4 6] [1 2] [1] [1 2 3 4 5 6 19 23 25] [1 2 3 4 25] [1 2 3 4 6 16] [1 2 3 4 5 18] [1 2 3 4 5 6 16 25] [1 2 3 19] [1 2 3 4 5 25] [1 2 3 4 19 23 52] [1 10] [1 2 3 4 5 6 16 18 19 23 25] [1 2 3 4 5 19] [1 2 3 4 5 6 18 19 23 25 52] [1 2 3 4 5 6 9] [1 2 59] [1 2 3 4 6 18 19 23] [1 2 3 4 5 6 7 8 19 25] [1 2 3 4 5 19 23] [1 2 3 4 5 6 9 16 19 23 25 52] [1 2 3 4 6 18 25] [1 2 3 4 5 6 9 16 19 23] [1 2 3 4 5 6 7 9 18 19 23 25] [1 2 3 4 6 18 19 23 25 26] [1 2 3 4 6 19 23 52] [1 2 3 4 6 8 16 18 25 55] [1 2 3 4 5 6 9 11 18] [1 2 3 4 5 6 9 16 19 23 25] [1 2 3 4 5 6 9 11 19 23 25 28 30 52] [1 2 3 4 5 6 9 16 18 19 23] [1 2 3 4 5 6 19 23 25 52] [1 2 3 4 6 16 18 25] [1 2 3 4 5 6 9 16 18 19 23 25 52] [1 2 3 4 16 18 25] [1 2 3 4 5 6 16 18 25] [1 2 3 4 6 10 19] [1 2 3 4 6 16 19] [1 2 3 4 5 18 19] [1 2 3 4 16 19 23 25] [1 2 3 4 18 19 23 25 52] [1 2 3 4 6 10 18 19 23] [1 2 3 4 6 16 18 19 23 25 26 52 55] [1 2 3 4 5 6 9 19] [1 2 3 4 5 6 9 11 19 23 25 28 30] [1 6 18] [1 2 6] [1 2 3 4 6 8 16 18 25] [1 59] [1 2 3 4 5 6 19 23 25 52 56] [1 2 3 4 6 16 18 19 23 52] [1 2 53] [1 2 3 4 6 8 16 19 23 25 55] [1 2 3 4 5 6 9 18 19 23 25 26] [1 2 3 4 5 18 23 25 26] [1 2 3 4 19 23 25 52] [1 2 4] [1 2 3 4 6 18] [1 2 3 4 18 19 23] [1 2 25] [2 19] [1 2 3 4 6 7 16 19] [1 2 3 4 18 25] [2 19 23] [1 2 3 4 5 6 9 18 25] [2 3 19 23] [1 2 3 4 5 6 19] [1 2 23] [1 2 3 4 5 19 23 25] [] [] [] [] [] [] [] [] [] [] [] [] [] [] [] [] [] [] [] [] [] [] [] [] [] [] [] [] [] [] [] [] [] [] [] [] [] [] [] [] [] [] [] [] [] [] [] [] [] [] [] [] [] [] [] [] [] [] [] [] [] [] [] [] [] [] [] [] [] [] [] [] [] [] [] [] [] [] [] [] [] [] [] [] [] [] [] [] [] [] [] [] [] [] [] [] [] [] [] [] [] [] [] [] [] [] [] [] [] [] [] [] [] [] [] [] [] [] [] [] [] [] [] [] [] [] [] [] [] [] [] [] [] []
104 [] [1 2 3 4 6 16 18 25 55 58] [1 2 3 4 5 6 9 19 23] [1 2 3 4 5 6 9 19 23 25 52] [1 2 3 4 16] [1 2 3 4 19 25] [1 2 3 4] [1 2 3 4 6 19 25] [1 2 3 4 5] [1 2 3 4 19] [1 2 3 4 5 6 19 23 52] [1 2 3] [1 2 3 4 6 19] [1 2 3 4 19 23] [1 2 3 4 5 6 19 23] [1 2 3 4 16 19 23] [1 2 3 4 6 19 23 25] [1 2 3 4 5 6 25] [1 2 3 4 5 6 16 18] [1 2 3 4 5 6 9 18 19 23 25] [1 2 3 4 18] [1 2 3 4 5 6 16 19 23] [1 2 3 4 5 6 9 19 23 25] [1 2 3 4 5 6] [1 2 3 4 5 6 9 19 23 25 28 52 56] [1 2 3 4 6 19 23] [1 2 3 4 5 6 16] [1 2 3 4 6 18 19 23 25] [1 2 3 4 18 19 23 25] [1 2 3 4 6] [1 2] [1] [1 2 3 4 5 6 19 23 25] [1 2 3 4 25] [1 2 3 4 6 16] [1 2 3 4 5 18] [1 2 3 4 5 6 16 25] [1 2 3 19] [1 2 3 4 5 25] [1 2 3 4 19 23 52] [1 10] [1 2 3 4 5 6 16 18 19 23 25] [1 2 3 4 5 19] [1 2 3 4 5 6 18 19 23 25 52] [1 2 3 4 5 6 9] [1 2 59] [1 2 3 4 6 18 19 23] [1 2 3 4 5 6 18] [1 2 3 4 5 6 7 8 19 25] [1 2 3 4 5 19 23] [1 2 3 4 5 6 9 16 19 23 25 52] [1 2 3 4 6 18 25] [1 2 3 4 5 6 9 16 19 23] [1 2 3 4 5 6 7 9 18 19 23 25] [1 2 3 4 6 18 19 23 25 26] [1 2 3 4 6 19 23 52] [1 2 3 4 6 8 16 18 25 55] [1 2 3 4 5 6 9 11 18] [1 2 3 4 5 6 9 16 19 23 25] [1 2 3 4 5 6 9 11 19 23 25 28 30 52] [1 2 3 4 5 6 9 16 18 19 23] [1 2 3 4 5 6 19 23 25 52] [1 2 3 4 6 16 18 25] [1 2 3 4 5 6 9 16 18 19 23 25 52] [1 2 3 4 16 18 25] [1 2 3 4 5 6 16 18 25] [1 2 3 4 6 10 19] [1 2 3 4 6 16 19] [1 2 3 4 5 18 19] [1 2 3 4 16 19 23 25] [1 2 3 4 18 19 23 25 52] [1 2 3 4 6 10 18 19 23] [1 2 3 4 6 16 18 19 23 25 26 52 55] [1 2 3 4 5 6 9 19] [1 2 3 4 5 6 9 11 19 23 25 28 30] [1 6 18] [1 2 6] [1 2 3 4 6 8 16 18 25] [1 59] [1 2 3 4 5 6 19 23 25 52 56] [1 2 3 4 6 16 18 19 23 52] [1 2 53] [1 2 3 4 6 8 16 19 23 25 55] [1 2 3 4 5 6 9 18 19 23 25 26] [1 2 3 4 5 18 23 25 26] [1 2 3 4 19 23 25 52] [1 2 4] [1 2 3 4 6 18] [1 2 3 4 18 19 23] [1 2 25] [2 19] [1 2 3 4 6 7 16 19] [1 2 3 4 18 25] [2 19 23] [1 2 3 4 5 6 9 18 25] [2 3 19 23] [1 2 3 4 5 6 19] [1 2 23] [1 2 3 4 5 19 23 25] [] [] [] [] [] [] [] [] [] [] [] [] [] [] [] [] [] [] [] [] [] [] [] [] [] [] [] [] [] [] [] [] [] [] [] [] [] [] [] [] [] [] [] [] [] [] [] [] [] [] [] [] [] [] [] [] [] [] [] [] [] [] [] [] [] [] [] [] [] [] [] [] [] [] [] [] [] [] [] [] [] [] [] [] [] [] [] [] [] [] [] [] [] [] [] [] [] [] [] [] [] [] [] [] [] [] [] [] [] [] [] [] [] [] [] [] [] [] [] [] [] [] [] [] [] [] [] [] [] [] [] [] [] [] []
105 [] [1 2 3 4 5 6 9 19 23 25 52] [1 2 3 4 19 23] [1 2 3 4 19 25] [1 2 3 4 16] [1 2 3 4] [1 2 3 4 6 19 25] [1 2 3 4 5] [1 2 3 4 19] [1 2 3 4 5 6 19 23 52] [1 2 3] [1 2 3 4 6 19] [1 2 3 4 5 6 19 23] [1 2 3 4 16 19 23] [1 2 3 4 6 19 23 25] [1 2 3 4 5 6 25] [1 2 3 4 5 6 16 18] [1 2 3 4 5 6 9 18 19 23 25] [1 2 3 4 18] [1 2 3 4 5 6 16 19 23] [1 2 3 4 5 6 9 19 23 25] [1 2 3 4 5 6] [1 2 3 4 5 6 9 19 23 25 28 52 56] [1 2 3 4 6 19 23] [1 2 3 4 5 6 16] [1 2 3 4 6 18 19 23 25] [1 2 3 4 18 19 23 25] [1 2 3 4 6] [1 2] [1] [1 2 3 4 5 6 19 23 25] [1 2 3 4 25] [1 2 3 4 6 16] [1 2 3 4 5 18] [1 2 3 4 5 6 16 25] [1 2 3 19] [1 2 3 4 5 25] [1 2 3 4 19 23 52] [1 10] [1 2 3 4 5 6 16 18 19 23 25] [1 2 3 4 5 19] [1 2 3 4 5 6 18 19 23 25 52] [1 2 3 4 5 6 9] [1 2 59] [1 2 3 4 6 18 19 23] [1 2 3 4 5 6 18] [1 2 3 4 5 6 7 8 19 25] [1 2 3 4 5 19 23] [1 2 3 4 5 6 9 16 19 23 25 52] [1 2 3 4 6 18 25] [1 2 3 4 5 6 9 16 19 23] [1 2 3 4 5 6 7 9 18 19 23 25] [1 2 3 4 6 18 19 23 25 26] [1 2 3 4 6 19 23 52] [1 2 3 4 6 8 16 18 25 55] [1 2 3 4 5 6 9 11 18] [1 2 3 4 5 6 9 16 19 23 25] [1 2 3 4 5 6 9 11 19 23 25 28 30 52] [1 2 3 4 5 6 9 16 18 19 23] [1 2 3 4 5 6 19 23 25 52] [1 2 3 4 6 16 18 25] [1 2 3 4 5 6 9 16 18 19 23 25 52] [1 2 3 4 16 18 25] [1 2 3 4 5 6 16 18 25] [1 2 3 4 6 10 19] [1 2 3 4 6 16 19] [1 2 3 4 5 18 19] [1 2 3 4 16 19 23 25] [1 2 3 4 18 19 23 25 52] [1 2 3 4 6 10 18 19 23] [1 2 3 4 6 16 18 19 23 25 26 52 55] [1 2 3 4 5 6 9 19] [1 2 3 4 5 6 9 11 19 23 25 28 30] [1 6 18] [1 2 6] [1 2 3 4 6 8 16 18 25] [1 59] [1 2 3 4 5 6 19 23 25 52 56] [1 2 3 4 6 16 18 19 23 52] [1 2 53] [1 2 3 4 6 8 16 19 23 25 55] [1 2 3 4 5 6 9 18 19 23 25 26] [1 2 3 4 5 18 23 25 26] [1 2 3 4 19 23 25 52] [1 2 4] [1 2 3 4 6 18] [1 2 3 4 18 19 23] [1 2 25] [2 19] [1 2 3 4 6 7 16 19] [1 2 3 4 18 25] [2 19 23] [1 2 3 4 5 6 9 18 25] [2 3 19 23] [1 2 3 4 5 6 19] [1 2 23] [1 2 3 4 5 19 23 25] [] [] [] [] [] [] [] [] [] [] [] [] [] [] [] [] [] [] [] [] [] [] [] [] [] [] [] [] [] [] [] [] [] [] [] [] [] [] [] [] [] [] [] [] [] [] [] [] [] [] [] [] [] [] [] [] [] [] [] [] [] [] [] [] [] [] [] [] [] [] [] [] [] [] [] [] [] [] [] [] [] [] [] [] [] [] [] [] [] [] [] [] [] [] [] [] [] [] [] [] [] [] [] [] [] [] [] [] [] [] [] [] [] [] [] [] [] [] [] [] [] [] [] [] [] [] [] [] [] [] [] [] [] [] [] [] []
106 [] [1 2 3 4 19 25] [1 2 3 4 16] [1 2 3 4] [1 2 3 4 6 19 25] [1 2 3 4 5] [1 2 3 4 19] [1 2 3 4 5 6 19 23 52] [1 2 3] [1 2 3 4 6 19] [1 2 3 4 19 23] [1 2 3 4 5 6 19 23] [1 2 3 4 16 19 23] [1 2 3 4 5 6 9 19 23 25 52] [1 2 3 4 6 19 23 25] [1 2 3 4 5 6 25] [1 2 3 4 5 6 16 18] [1 2 3 4 5 6 9 18 19 23 25] [1 2 3 4 18] [1 2 3 4 5 6 16 19 23] [1 2 3 4 5 6 9 19 23 25] [1 2 3 4 5 6] [1 2 3 4 5 6 9 19 23 25 28 52 56] [1 2 3 4 6 19 23] [1 2 3 4 5 6 16] [1 2 3 4 6 18 19 23 25] [1 2 3 4 18 19 23 25] [1 2 3 4 6] [1 2] [1] [1 2 3 4 5 6 19 23 25] [1 2 3 4 25] [1 2 3 4 6 16] [1 2 3 4 5 18] [1 2 3 4 5 6 16 25] [1 2 3 19] [1 2 3 4 5 25] [1 2 3 4 19 23 52] [1 10] [1 2 3 4 5 6 16 18 19 23 25] [1 2 3 4 5 19] [1 2 3 4 5 6 18 19 23 25 52] [1 2 3 4 5 6 9] [1 2 59] [1 2 3 4 6 18 19 23] [1 2 3 4 5 6 18] [1 2 3 4 5 6 7 8 19 25] [1 2 3 4 5 19 23] [1 2 3 4 5 6 9 16 19 23 25 52] [1 2 3 4 6 18 25] [1 2 3 4 5 6 9 16 19 23] [1 2 3 4 5 6 7 9 18 19 23 25] [1 2 3 4 6 18 19 23 25 26] [1 2 3 4 6 19 23 52] [1 2 3 4 6 8 16 18 25 55] [1 2 3 4 5 6 9 11 18] [1 2 3 4 5 6 9 16 19 23 25] [1 2 3 4 5 6 9 11 19 23 25 28 30 52] [1 2 3 4 5 6 9 16 18 19 23] [1 2 3 4 5 6 19 23 25 52] [1 2 3 4 6 16 18 25] [1 2 3 4 5 6 9 16 18 19 23 25 52] [1 2 3 4 16 18 25] [1 2 3 4 5 6 16 18 25] [1 2 3 4 6 10 19] [1 2 3 4 6 16 19] [1 2 3 4 5 18 19] [1 2 3 4 16 19 23 25] [1 2 3 4 18 19 23 25 52] [1 2 3 4 6 10 18 19 23] [1 2 3 4 6 16 18 19 23 25 26 52 55] [1 2 3 4 5 6 9 19] [1 2 3 4 5 6 9 11 19 23 25 28 30] [1 6 18] [1 2 6] [1 2 3 4 6 8 16 18 25] [1 59] [1 2 3 4 5 6 19 23 25 52 56] [1 2 3 4 6 16 18 19 23 52] [1 2 53] [1 2 3 4 6 8 16 19 23 25 55] [1 2 3 4 5 6 9 18 19 23 25 26] [1 2 3 4 5 18 23 25 26] [1 2 3 4 19 23 25 52] [1 2 4] [1 2 3 4 6 18] [1 2 3 4 18 19 23] [1 2 25] [2 19] [1 2 3 4 6 7 16 19] [1 2 3 4 18 25] [2 19 23] [1 2 3 4 5 6 9 18 25] [2 3 19 23] [1 2 3 4 5 6 19] [1 2 23] [1 2 3 4 5 19 23 25] [] [] [] [] [] [] [] [] [] [] [] [] [] [] [] [] [] [] [] [] [] [] [] [] [] [] [] [] [] [] [] [] [] [] [] [] [] [] [] [] [] [] [] [] [] [] [] [] [] [] [] [] [] [] [] [] [] [] [] [] [] [] [] [] [] [] [] [] [] [] [] [] [] [] [] [] [] [] [] [] [] [] [] [] [] [] [] [] [] [] [] [] [] [] [] [] [] [] [] [] [] [] [] [] [] [] [] [] [] [] [] [] [] [] [] [] [] [] [] [] [] [] [] [] [] [] [] [] [] [] [] [] [] [] [] [] []
107 [] [1 2 3 4 19 25] [1 2 3 4] [1 2 3 4 6 19 25] [1 2 3 4 5] [1 2 3 4 19] [1 2 3 4 5 6 19 23 52] [1 2 3] [1 2 3 4 6 19] [1 2 3 4 19 23] [1 2 3 4 5 6 19 23] [1 2 3 4 16 19 23] [1 2 3 4 5 6 9 19 23 25 52] [1 2 3 4 6 19 23 25] [1 2 3 4 5 6 25] [1 2 3 4 5 6 16 18] [1 2 3 4 5 6 9 18 19 23 25] [1 2 3 4 18] [1 2 3 4 16] [1 2 3 4 5 6 16 19 23] [1 2 3 4 5 6 9 19 23 25] [1 2 3 4 5 6] [1 2 3 4 5 6 9 19 23 25 28 52 56] [1 2 3 4 6 19 23] [1 2 3 4 5 6 16] [1 2 3 4 6 18 19 23 25] [1 2 3 4 18 19 23 25] [1 2 3 4 6] [1 2] [1] [1 2 3 4 5 6 19 23 25] [1 2 3 4 25] [1 2 3 4 6 16] [1 2 3 4 5 18] [1 2 3 4 5 6 16 25] [1 2 3 19] [1 2 3 4 5 25] [1 2 3 4 19 23 52] [1 10] [1 2 3 4 5 6 16 18 19 23 25] [1 2 3 4 5 19] [1 2 3 4 5 6 18 19 23 25 52] [1 2 3 4 5 6 9] [1 2 59] [1 2 3 4 6 18 19 23] [1 2 3 4 5 6 18] [1 2 3 4 5 6 7 8 19 25] [1 2 3 4 5 19 23] [1 2 3 4 5 6 9 16 19 23 25 52] [1 2 3 4 6 18 25] [1 2 3 4 5 6 9 16 19 23] [1 2 3 4 5 6 7 9 18 19 23 25] [1 2 3 4 6 18 19 23 25 26] [1 2 3 4 6 19 23 52] [1 2 3 4 6 8 16 18 25 55] [1 2 3 4 5 6 9 11 18] [1 2 3 4 5 6 9 16 19 23 25] [1 2 3 4 5 6 9 11 19 23 25 28 30 52] [1 2 3 4 5 6 9 16 18 19 23] [1 2 3 4 5 6 19 23 25 52] [1 2 3 4 6 16 18 25] [1 2 3 4 5 6 9 16 18 19 23 25 52] [1 2 3 4 16 18 25] [1 2 3 4 5 6 16 18 25] [1 2 3 4 6 10 19] [1 2 3 4 6 16 19] [1 2 3 4 5 18 19] [1 2 3 4 16 19 23 25] [1 2 3 4 18 19 23 25 52] [1 2 3 4 6 10 18 19 23] [1 2 3 4 6 16 18 19 23 25 26 52 55] [1 2 3 4 5 6 9 19] [1 2 3 4 5 6 9 11 19 23 25 28 30] [1 6 18] [1 2 6] [1 2 3 4 6 8 16 18 25] [1 59] [1 2 3 4 5 6 19 23 25 52 56] [1 2 3 4 6 16 18 19 23 52] [1 2 53] [1 2 3 4 6 8 16 19 23 25 55] [1 2 3 4 5 6 9 18 19 23 25 26] [1 2 3 4 5 18 23 25 26] [1 2 3 4 19 23 25 52] [1 2 4] [1 2 3 4 6 18] [1 2 3 4 18 19 23] [1 2 25] [2 19] [1 2 3 4 6 7 16 19] [1 2 3 4 18 25] [2 19 23] [1 2 3 4 5 6 9 18 25] [2 3 19 23] [1 2 3 4 5 6 19] [1 2 23] [1 2 3 4 5 19 23 25] [] [] [] [] [] [] [] [] [] [] [] [] [] [] [] [] [] [] [] [] [] [] [] [] [] [] [] [] [] [] [] [] [] [] [] [] [] [] [] [] [] [] [] [] [] [] [] [] [] [] [] [] [] [] [] [] [] [] [] [] [] [] [] [] [] [] [] [] [] [] [] [] [] [] [] [] [] [] [] [] [] [] [] [] [] [] [] [] [] [] [] [] [] [] [] [] [] [] [] [] [] [] [] [] [] [] [] [] [] [] [] [] [] [] [] [] [] [] [] [] [] [] [] [] [] [] [] [] [] [] [] [] [] [] [] [] []
108 [] [1 2 3 4 6 19 25] [1 2 3 4] [1 2 3 4 5 6 9 16 19 23 25 28] [1 2 3 4 5] [1 2 3 4 19] [1 2 3 4 5 6 19 23 52] [1 2 3] [1 2 3 4 6 19] [1 2 3 4 19 23] [1 2 3 4 5 6 19 23] [1 2 3 4 16 19 23] [1 2 3 4 5 6 9 19 23 25 52] [1 2 3 4 6 19 23 25] [1 2 3 4 5 6 25] [1 2 3 4 5 6 16 18] [1 2 3 4 19 25] [1 2 3 4 5 6 9 18 19 23 25] [1 2 3 4 18] [1 2 3 4 16] [1 2 3 4 5 6 16 19 23] [1 2 3 4 5 6 9 19 23 25] [1 2 3 4 5 6] [1 2 3 4 5 6 9 19 23 25 28 52 56] [1 2 3 4 6 19 23] [1 2 3 4 5 6 16] [1 2 3 4 6 18 19 23 25] [1 2 3 4 18 19 23 25] [1 2 3 4 6] [1 2] [1] [1 2 3 4 5 6 19 23 25] [1 2 3 4 25] [1 2 3 4 6 16] [1 2 3 4 5 18] [1 2 3 4 5 6 16 25] [1 2 3 19] [1 2 3 4 5 25] [1 2 3 4 19 23 52] [1 10] [1 2 3 4 5 6 16 18 19 23 25] [1 2 3 4 5 19] [1 2 3 4 5 6 18 19 23 25 52] [1 2 3 4 5 6 9] [1 2 59] [1 2 3 4 6 18 19 23] [1 2 3 4 5 6 18] [1 2 3 4 5 6 7 8 19 25] [1 2 3 4 5 19 23] [1 2 3 4 5 6 9 16 19 23 25 52] [1 2 3 4 6 18 25] [1 2 3 4 5 6 9 16 19 23] [1 2 3 4 5 6 7 9 18 19 23 25] [1 2 3 4 6 18 19 23 25 26] [1 2 3 4 6 19 23 52] [1 2 3 4 6 8 16 18 25 55] [1 2 3 4 5 6 9 11 18] [1 2 3 4 5 6 9 16 19 23 25] [1 2 3 4 5 6 9 11 19 23 25 28 30 52] [1 2 3 4 5 6 9 16 18 19 23] [1 2 3 4 5 6 19 23 25 52] [1 2 3 4 6 16 18 25] [1 2 3 4 5 6 9 16 18 19 23 25 52] [1 2 3 4 16 18 25] [1 2 3 4 5 6 16 18 25] [1 2 3 4 6 10 19] [1 2 3 4 6 16 19] [1 2 3 4 5 18 19] [1 2 3 4 16 19 23 25] [1 2 3 4 18 19 23 25 52] [1 2 3 4 6 10 18 19 23] [1 2 3 4 6 16 18 19 23 25 26 52 55] [1 2 3 4 5 6 9 19] [1 2 3 4 5 6 9 11 19 23 25 28 30] [1 6 18] [1 2 6] [1 2 3 4 6 8 16 18 25] [1 59] [1 2 3 4 5 6 19 23 25 52 56] [1 2 3 4 6 16 18 19 23 52] [1 2 53] [1 2 3 4 6 8 16 19 23 25 55] [1 2 3 4 5 6 9 18 19 23 25 26] [1 2 3 4 5 18 23 25 26] [1 2 3 4 19 23 25 52] [1 2 4] [1 2 3 4 6 18] [1 2 3 4 18 19 23] [1 2 25] [2 19] [1 2 3 4 6 7 16 19] [1 2 3 4 18 25] [2 19 23] [1 2 3 4 5 6 9 18 25] [2 3 19 23] [1 2 3 4 5 6 19] [1 2 23] [1 2 3 4 5 19 23 25] [] [] [] [] [] [] [] [] [] [] [] [] [] [] [] [] [] [] [] [] [] [] [] [] [] [] [] [] [] [] [] [] [] [] [] [] [] [] [] [] [] [] [] [] [] [] [] [] [] [] [] [] [] [] [] [] [] [] [] [] [] [] [] [] [] [] [] [] [] [] [] [] [] [] [] [] [] [] [] [] [] [] [] [] [] [] [] [] [] [] [] [] [] [] [] [] [] [] [] [] [] [] [] [] [] [] [] [] [] [] [] [] [] [] [] [] [] [] [] [] [] [] [] [] [] [] [] [] [] [] [] [] [] [] [] []
109 [] [1 2 3 4 5 6 9 16 19 23 25 28] [1 2 3 4 5] [1 2 3 4 19] [1 2 3 4 5 6 19 23 52] [1 2 3 4] [1 2 3] [1 2 3 4 6 19] [1 2 3 4 19 23] [1 2 3 4 5 6 19 23] [1 2 3 4 16 19 23] [1 2 3 4 5 6 9 19 23 25 52] [1 2 3 4 6 19 23 25] [1 2 3 4 5 6 25] [1 2 3 4 5 6 16 18] [1 2 3 4 19 25] [1 2 3 4 5 6 9 18 19 23 25] [1 2 3 4 18] [1 2 3 4 16] [1 2 3 4 5 6 16 19 23] [1 2 3 4 5 6 9 19 23 25] [1 2 3 4 5 6] [1 2 3 4 5 6 9 19 23 25 28 52 56] [1 2 3 4 6 19 23] [1 2 3 4 5 6 16] [1 2 3 4 6 18 19 23 25] [1 2 3 4 18 19 23 25] [1 2 3 4 6] [1 2] [1] [1 2 3 4 5 6 19 23 25] [1 2 3 4 25] [1 2 3 4 6 16] [1 2 3 4 5 18] [1 2 3 4 5 6 16 25] [1 2 3 19] [1 2 3 4 5 25] [1 2 3 4 19 23 52] [1 10] [1 2 3 4 5 6 16 18 19 23 25] [1 2 3 4 5 19] [1 2 3 4 5 6 18 19 23 25 52] [1 2 3 4 5 6 9] [1 2 59] [1 2 3 4 6 18 19 23] [1 2 3 4 5 6 18] [1 2 3 4 5 6 7 8 19 25] [1 2 3 4 5 19 23] [1 2 3 4 5 6 9 16 19 23 25 52] [1 2 3 4 6 18 25] [1 2 3 4 5 6 9 16 19 23] [1 2 3 4 5 6 7 9 18 19 23 25] [1 2 3 4 6 18 19 23 25 26] [1 2 3 4 6 19 23 52] [1 2 3 4 6 8 16 18 25 55] [1 2 3 4 5 6 9 11 18] [1 2 3 4 5 6 9 16 19 23 25] [1 2 3 4 5 6 9 11 19 23 25 28 30 52] [1 2 3 4 5 6 9 16 18 19 23] [1 2 3 4 5 6 19 23 25 52] [1 2 3 4 6 16 18 25] [1 2 3 4 5 6 9 16 18 19 23 25 52] [1 2 3 4 16 18 25] [1 2 3 4 5 6 16 18 25] [1 2 3 4 6 10 19] [1 2 3 4 6 16 19] [1 2 3 4 5 18 19] [1 2 3 4 16 19 23 25] [1 2 3 4 18 19 23 25 52] [1 2 3 4 6 10 18 19 23] [1 2 3 4 6 16 18 19 23 25 26 52 55] [1 2 3 4 5 6 9 19] [1 2 3 4 5 6 9 11 19 23 25 28 30] [1 6 18] [1 2 6] [1 2 3 4 6 8 16 18 25] [1 59] [1 2 3 4 5 6 19 23 25 52 56] [1 2 3 4 6 16 18 19 23 52] [1 2 53] [1 2 3 4 6 8 16 19 23 25 55] [1 2 3 4 5 6 9 18 19 23 25 26] [1 2 3 4 5 18 23 25 26] [1 2 3 4 19 23 25 52] [1 2 4] [1 2 3 4 6 18] [1 2 3 4 18 19 23] [1 2 25] [2 19] [1 2 3 4 6 7 16 19] [1 2 3 4 18 25] [2 19 23] [1 2 3 4 5 6 9 18 25] [2 3 19 23] [1 2 3 4 5 6 19] [1 2 23] [1 2 3 4 5 19 23 25] [] [] [] [] [] [] [] [] [] [] [] [] [] [] [] [] [] [] [] [] [] [] [] [] [] [] [] [] [] [] [] [] [] [] [] [] [] [] [] [] [] [] [] [] [] [] [] [] [] [] [] [] [] [] [] [] [] [] [] [] [] [] [] [] [] [] [] [] [] [] [] [] [] [] [] [] [] [] [] [] [] [] [] [] [] [] [] [] [] [] [] [] [] [] [] [] [] [] [] [] [] [] [] [] [] [] [] [] [] [] [] [] [] [] [] [] [] [] [] [] [] [] [] [] [] [] [] [] [] [] [] [] [] [] [] [] []
110 [] [1 2 3 4 19] [1 2 3 4 5 6 19 23 52] [1 2 3 4] [1 2 3] [1 2 3 4 6 19] [1 2 3 4 19 23] [1 2 3 4 5 6 19 23] [1 2 3 4 16 19 23] [1 2 3 4 5 6 9 19 23 25 52] [1 2 3 4 6 19 23 25] [1 2 3 4 5 6 25] [1 2 3 4 5 6 16 18] [1 2 3 4 19 25] [1 2 3 4 5 6 9 18 19 23 25] [1 2 3 4 18] [1 2 3 4 5] [1 2 3 4 16] [1 2 3 4 5 6 16 19 23] [1 2 3 4 5 6 9 19 23 25] [1 2 3 4 5 6] [1 2 3 4 5 6 9 19 23 25 28 52 56] [1 2 3 4 6 19 23] [1 2 3 4 5 6 16] [1 2 3 4 6 18 19 23 25] [1 2 3 4 18 19 23 25] [1 2 3 4 6] [1 2] [1] [1 2 3 4 5 6 19 23 25] [1 2 3 4 25] [1 2 3 4 6 16] [1 2 3 4 5 18] [1 2 3 4 5 6 16 25] [1 2 3 19] [1 2 3 4 5 25] [1 2 3 4 19 23 52] [1 10] [1 2 3 4 5 6 16 18 19 23 25] [1 2 3 4 5 19] [1 2 3 4 5 6 18 19 23 25 52] [1 2 3 4 5 6 9] [1 2 59] [1 2 3 4 6 18 19 23] [1 2 3 4 5 6 18] [1 2 3 4 5 6 7 8 19 25] [1 2 3 4 5 19 23] [1 2 3 4 5 6 9 16 19 23 25 52] [1 2 3 4 6 18 25] [1 2 3 4 5 6 9 16 19 23] [1 2 3 4 5 6 7 9 18 19 23 25] [1 2 3 4 6 18 19 23 25 26] [1 2 3 4 6 19 23 52] [1 2 3 4 6 8 16 18 25 55] [1 2 3 4 5 6 9 11 18] [1 2 3 4 5 6 9 16 19 23 25] [1 2 3 4 5 6 9 11 19 23 25 28 30 52] [1 2 3 4 5 6 9 16 18 19 23] [1 2 3 4 5 6 19 23 25 52] [1 2 3 4 6 16 18 25] [1 2 3 4 5 6 9 16 18 19 23 25 52] [1 2 3 4 16 18 25] [1 2 3 4 5 6 16 18 25] [1 2 3 4 6 10 19] [1 2 3 4 6 16 19] [1 2 3 4 5 18 19] [1 2 3 4 16 19 23 25] [1 2 3 4 18 19 23 25 52] [1 2 3 4 6 10 18 19 23] [1 2 3 4 6 16 18 19 23 25 26 52 55] [1 2 3 4 5 6 9 19] [1 2 3 4 5 6 9 11 19 23 25 28 30] [1 6 18] [1 2 6] [1 2 3 4 6 8 16 18 25] [1 59] [1 2 3 4 5 6 19 23 25 52 56] [1 2 3 4 6 16 18 19 23 52] [1 2 53] [1 2 3 4 6 8 16 19 23 25 55] [1 2 3 4 5 6 9 18 19 23 25 26] [1 2 3 4 5 18 23 25 26] [1 2 3 4 19 23 25 52] [1 2 4] [1 2 3 4 6 18] [1 2 3 4 18 19 23] [1 2 25] [2 19] [1 2 3 4 6 7 16 19] [1 2 3 4 18 25] [2 19 23] [1 2 3 4 5 6 9 18 25] [2 3 19 23] [1 2 3 4 5 6 19] [1 2 23] [1 2 3 4 5 19 23 25] [] [] [] [] [] [] [] [] [] [] [] [] [] [] [] [] [] [] [] [] [] [] [] [] [] [] [] [] [] [] [] [] [] [] [] [] [] [] [] [] [] [] [] [] [] [] [] [] [] [] [] [] [] [] [] [] [] [] [] [] [] [] [] [] [] [] [] [] [] [] [] [] [] [] [] [] [] [] [] [] [] [] [] [] [] [] [] [] [] [] [] [] [] [] [] [] [] [] [] [] [] [] [] [] [] [] [] [] [] [] [] [] [] [] [] [] [] [] [] [] [] [] [] [] [] [] [] [] [] [] [] [] [] [] [] [] [] []
111 [] [1 2 3 4] [1 2 3 4 5 16] [1 2 3] [1 2 3 4 6 19] [1 2 3 4 19 23] [1 2 3 4 5 6 19 23] [1 2 3 4 16 19 23] [1 2 3 4 5 6 9 19 23 25 52] [1 2 3 4 6 19 23 25] [1 2 3 4 5 6 25] [1 2 3 4 5 6 16 18] [1 2 3 4 19 25] [1 2 3 4 5 6 9 18 19 23 25] [1 2 3 4 18] [1 2 3 4 5] [1 2 3 4 16] [1 2 3 4 5 6 16 19 23] [1 2 3 4 5 6 9 19 23 25] [1 2 3 4 19] [1 2 3 4 5 6] [1 2 3 4 5 6 9 19 23 25 28 52 56] [1 2 3 4 6 19 23] [1 2 3 4 5 6 16] [1 2 3 4 6 18 19 23 25] [1 2 3 4 18 19 23 25] [1 2 3 4 6] [1 2] [1] [1 2 3 4 5 6 19 23 25] [1 2 3 4 5 6 19 23 52] [1 2 3 4 25] [1 2 3 4 6 16] [1 2 3 4 5 18] [1 2 3 4 5 6 16 25] [1 2 3 19] [1 2 3 4 5 25] [1 2 3 4 19 23 52] [1 10] [1 2 3 4 5 6 16 18 19 23 25] [1 2 3 4 5 19] [1 2 3 4 5 6 18 19 23 25 52] [1 2 3 4 5 6 9] [1 2 59] [1 2 3 4 6 18 19 23] [1 2 3 4 5 6 18] [1 2 3 4 5 6 7 8 19 25] [1 2 3 4 5 19 23] [1 2 3 4 5 6 9 16 19 23 25 52] [1 2 3 4 6 18 25] [1 2 3 4 5 6 9 16 19 23] [1 2 3 4 5 6 7 9 18 19 23 25] [1 2 3 4 6 18 19 23 25 26] [1 2 3 4 6 19 23 52] [1 2 3 4 6 8 16 18 25 55] [1 2 3 4 5 6 9 11 18] [1 2 3 4 5 6 9 16 19 23 25] [1 2 3 4 5 6 9 11 19 23 25 28 30 52] [1 2 3 4 5 6 9 16 18 19 23] [1 2 3 4 5 6 19 23 25 52] [1 2 3 4 6 16 18 25] [1 2 3 4 5 6 9 16 18 19 23 25 52] [1 2 3 4 16 18 25] [1 2 3 4 5 6 16 18 25] [1 2 3 4 6 10 19] [1 2 3 4 6 16 19] [1 2 3 4 5 18 19] [1 2 3 4 16 19 23 25] [1 2 3 4 18 19 23 25 52] [1 2 3 4 6 10 18 19 23] [1 2 3 4 6 16 18 19 23 25 26 52 55] [1 2 3 4 5 6 9 19] [1 2 3 4 5 6 9 11 19 23 25 28 30] [1 6 18] [1 2 6] [1 2 3 4 6 8 16 18 25] [1 59] [1 2 3 4 5 6 19 23 25 52 56] [1 2 3 4 6 16 18 19 23 52] [1 2 53] [1 2 3 4 6 8 16 19 23 25 55] [1 2 3 4 5 6 9 18 19 23 25 26] [1 2 3 4 5 18 23 25 26] [1 2 3 4 19 23 25 52] [1 2 4] [1 2 3 4 6 18] [1 2 3 4 18 19 23] [1 2 25] [2 19] [1 2 3 4 6 7 16 19] [1 2 3 4 18 25] [2 19 23] [1 2 3 4 5 6 9 18 25] [2 3 19 23] [1 2 3 4 5 6 19] [1 2 23] [1 2 3 4 5 19 23 25] [] [] [] [] [] [] [] [] [] [] [] [] [] [] [] [] [] [] [] [] [] [] [] [] [] [] [] [] [] [] [] [] [] [] [] [] [] [] [] [] [] [] [] [] [] [] [] [] [] [] [] [] [] [] [] [] [] [] [] [] [] [] [] [] [] [] [] [] [] [] [] [] [] [] [] [] [] [] [] [] [] [] [] [] [] [] [] [] [] [] [] [] [] [] [] [] [] [] [] [] [] [] [] [] [] [] [] [] [] [] [] [] [] [] [] [] [] [] [] [] [] [] [] [] [] [] [] [] [] [] [] [] [] [] [] [] []
112 [] [1 2 3] [1 2 3 4 6 19] [1 2 3 4] [1 2 3 4 19 23] [1 2 3 4 5 6 19 23] [1 2 3 4 16 19 23] [1 2 3 4 5 6 9 19 23 25 52] [1 2 3 4 6 19 23 25] [1 2 3 4 5 6 25] [1 2 3 4 5 6 16 18] [1 2 3 4 19 25] [1 2 3 4 5 6 9 18 19 23 25] [1 2 3 4 18] [1 2 3 4 5] [1 2 3 4 16] [1 2 3 4 5 6 16 19 23] [1 2 3 4 5 6 9 19 23 25] [1 2 3 4 19] [1 2 3 4 5 6] [1 2 3 4 5 6 9 19 23 25 28 52 56] [1 2 3 4 6 19 23] [1 2 3 4 5 6 16] [1 2 3 4 6 18 19 23 25] [1 2 3 4 18 19 23 25] [1 2 3 4 6] [1 2] [1] [1 2 3 4 5 6 19 23 25] [1 2 3 4 5 6 19 23 52] [1 2 3 4 25] [1 2 3 4 6 16] [1 2 3 4 5 18] [1 2 3 4 5 6 16 25] [1 2 3 19] [1 2 3 4 5 25] [1 2 3 4 19 23 52] [1 10] [1 2 3 4 5 6 16 18 19 23 25] [1 2 3 4 5 19] [1 2 3 4 5 6 18 19 23 25 52] [1 2 3 4 5 6 9] [1 2 59] [1 2 3 4 6 18 19 23] [1 2 3 4 5 6 18] [1 2 3 4 5 6 7 8 19 25] [1 2 3 4 5 19 23] [1 2 3 4 5 6 9 16 19 23 25 52] [1 2 3 4 6 18 25] [1 2 3 4 5 6 9 16 19 23] [1 2 3 4 5 6 7 9 18 19 23 25] [1 2 3 4 6 18 19 23 25 26] [1 2 3 4 6 19 23 52] [1 2 3 4 6 8 16 18 25 55] [1 2 3 4 5 6 9 11 18] [1 2 3 4 5 6 9 16 19 23 25] [1 2 3 4 5 6 9 11 19 23 25 28 30 52] [1 2 3 4 5 6 9 16 18 19 23] [1 2 3 4 5 6 19 23 25 52] [1 2 3 4 6 16 18 25] [1 2 3 4 5 6 9 16 18 19 23 25 52] [1 2 3 4 16 18 25] [1 2 3 4 5 6 16 18 25] [1 2 3 4 6 10 19] [1 2 3 4 6 16 19] [1 2 3 4 5 18 19] [1 2 3 4 16 19 23 25] [1 2 3 4 18 19 23 25 52] [1 2 3 4 6 10 18 19 23] [1 2 3 4 6 16 18 19 23 25 26 52 55] [1 2 3 4 5 6 9 19] [1 2 3 4 5 6 9 11 19 23 25 28 30] [1 6 18] [1 2 6] [1 2 3 4 6 8 16 18 25] [1 59] [1 2 3 4 5 6 19 23 25 52 56] [1 2 3 4 6 16 18 19 23 52] [1 2 53] [1 2 3 4 6 8 16 19 23 25 55] [1 2 3 4 5 6 9 18 19 23 25 26] [1 2 3 4 5 18 23 25 26] [1 2 3 4 19 23 25 52] [1 2 4] [1 2 3 4 6 18] [1 2 3 4 18 19 23] [1 2 25] [2 19] [1 2 3 4 6 7 16 19] [1 2 3 4 18 25] [2 19 23] [1 2 3 4 5 6 9 18 25] [2 3 19 23] [1 2 3 4 5 6 19] [1 2 23] [1 2 3 4 5 19 23 25] [] [] [] [] [] [] [] [] [] [] [] [] [] [] [] [] [] [] [] [] [] [] [] [] [] [] [] [] [] [] [] [] [] [] [] [] [] [] [] [] [] [] [] [] [] [] [] [] [] [] [] [] [] [] [] [] [] [] [] [] [] [] [] [] [] [] [] [] [] [] [] [] [] [] [] [] [] [] [] [] [] [] [] [] [] [] [] [] [] [] [] [] [] [] [] [] [] [] [] [] [] [] [] [] [] [] [] [] [] [] [] [] [] [] [] [] [] [] [] [] [] [] [] [] [] [] [] [] [] [] [] [] [] [] [] [] [] []
113 [] [1 2 3 4 6 19] [1 2 3 4] [1 2 3 4 19 23] [1 2 3 4 5 6 19 23] [1 2 3 4 16 19 23] [1 2 3 4 5 6 9 19 23 25 52] [1 2 3 4 6 19 23 25] [1 2 3 4 5 6 25] [1 2 3 4 5 6 16 18] [1 2 3] [1 2 3 4 19 25] [1 2 3 4 5 6 9 18 19 23 25] [1 2 3 4 18] [1 2 3 4 5] [1 2 3 4 16] [1 2 3 4 5 6 16 19 23] [1 2 3 4 5 6 9 19 23 25] [1 2 3 4 19] [1 2 3 4 5 6] [1 2 3 4 5 6 9 19 23 25 28 52 56] [1 2 3 4 6 19 23] [1 2 3 4 5 6 16] [1 2 3 4 6 18 19 23 25] [1 2 3 4 18 19 23 25] [1 2 3 4 6] [1 2] [1] [1 2 3 4 5 6 19 23 25] [1 2 3 4 5 6 19 23 52] [1 2 3 4 25] [1 2 3 4 6 16] [1 2 3 4 5 18] [1 2 3 4 5 6 16 25] [1 2 3 19] [1 2 3 4 5 25] [1 2 3 4 19 23 52] [1 10] [1 2 3 4 5 6 16 18 19 23 25] [1 2 3 4 5 19] [1 2 3 4 5 6 18 19 23 25 52] [1 2 3 4 5 6 9] [1 2 59] [1 2 3 4 6 18 19 23] [1 2 3 4 5 6 18] [1 2 3 4 5 6 7 8 19 25] [1 2 3 4 5 19 23] [1 2 3 4 5 6 9 16 19 23 25 52] [1 2 3 4 6 18 25] [1 2 3 4 5 6 9 16 19 23] [1 2 3 4 5 6 7 9 18 19 23 25] [1 2 3 4 6 18 19 23 25 26] [1 2 3 4 6 19 23 52] [1 2 3 4 6 8 16 18 25 55] [1 2 3 4 5 6 9 11 18] [1 2 3 4 5 6 9 16 19 23 25] [1 2 3 4 5 6 9 11 19 23 25 28 30 52] [1 2 3 4 5 6 9 16 18 19 23] [1 2 3 4 5 6 19 23 25 52] [1 2 3 4 6 16 18 25] [1 2 3 4 5 6 9 16 18 19 23 25 52] [1 2 3 4 16 18 25] [1 2 3 4 5 6 16 18 25] [1 2 3 4 6 10 19] [1 2 3 4 6 16 19] [1 2 3 4 5 18 19] [1 2 3 4 16 19 23 25] [1 2 3 4 18 19 23 25 52] [1 2 3 4 6 10 18 19 23] [1 2 3 4 6 16 18 19 23 25 26 52 55] [1 2 3 4 5 6 9 19] [1 2 3 4 5 6 9 11 19 23 25 28 30] [1 6 18] [1 2 6] [1 2 3 4 6 8 16 18 25] [1 59] [1 2 3 4 5 6 19 23 25 52 56] [1 2 3 4 6 16 18 19 23 52] [1 2 53] [1 2 3 4 6 8 16 19 23 25 55] [1 2 3 4 5 6 9 18 19 23 25 26] [1 2 3 4 5 18 23 25 26] [1 2 3 4 19 23 25 52] [1 2 4] [1 2 3 4 6 18] [1 2 3 4 18 19 23] [1 2 25] [2 19] [1 2 3 4 6 7 16 19] [1 2 3 4 18 25] [2 19 23] [1 2 3 4 5 6 9 18 25] [2 3 19 23] [1 2 3 4 5 6 19] [1 2 23] [1 2 3 4 5 19 23 25] [] [] [] [] [] [] [] [] [] [] [] [] [] [] [] [] [] [] [] [] [] [] [] [] [] [] [] [] [] [] [] [] [] [] [] [] [] [] [] [] [] [] [] [] [] [] [] [] [] [] [] [] [] [] [] [] [] [] [] [] [] [] [] [] [] [] [] [] [] [] [] [] [] [] [] [] [] [] [] [] [] [] [] [] [] [] [] [] [] [] [] [] [] [] [] [] [] [] [] [] [] [] [] [] [] [] [] [] [] [] [] [] [] [] [] [] [] [] [] [] [] [] [] [] [] [] [] [] [] [] [] [] [] [] [] [] [] []
114 [] [1 2 3 4 19 23] [1 2 3 4 5 6 19 23] [1 2 3 4 10 18 25] [1 2 3 4 16 19 23] [1 2 3 4 5 6 9 19 23 25 52] [1 2 3 4 6 19 23 25] [1 2 3 4 5 6 25] [1 2 3 4] [1 2 3 4 5 6 16 18] [1 2 3] [1 2 3 4 19 25] [1 2 3 4 5 6 9 18 19 23 25] [1 2 3 4 18] [1 2 3 4 5] [1 2 3 4 16] [1 2 3 4 5 6 16 19 23] [1 2 3 4 5 6 9 19 23 25] [1 2 3 4 19] [1 2 3 4 5 6] [1 2 3 4 5 6 9 19 23 25 28 52 56] [1 2 3 4 6 19 23] [1 2 3 4 5 6 16] [1 2 3 4 6 18 19 23 25] [1 2 3 4 18 19 23 25] [1 2 3 4 6] [1 2] [1] [1 2 3 4 5 6 19 23 25] [1 2 3 4 5 6 19 23 52] [1 2 3 4 25] [1 2 3 4 6 16] [1 2 3 4 5 18] [1 2 3 4 5 6 16 25] [1 2 3 19] [1 2 3 4 5 25] [1 2 3 4 19 23 52] [1 10] [1 2 3 4 5 6 16 18 19 23 25] [1 2 3 4 5 19] [1 2 3 4 5 6 18 19 23 25 52] [1 2 3 4 5 6 9] [1 2 59] [1 2 3 4 6 18 19 23] [1 2 3 4 5 6 18] [1 2 3 4 5 6 7 8 19 25] [1 2 3 4 5 19 23] [1 2 3 4 5 6 9 16 19 23 25 52] [1 2 3 4 6 18 25] [1 2 3 4 5 6 9 16 19 23] [1 2 3 4 5 6 7 9 18 19 23 25] [1 2 3 4 6 18 19 23 25 26] [1 2 3 4 6 19 23 52] [1 2 3 4 6 8 16 18 25 55] [1 2 3 4 5 6 9 11 18] [1 2 3 4 5 6 9 16 19 23 25] [1 2 3 4 5 6 9 11 19 23 25 28 30 52] [1 2 3 4 5 6 9 16 18 19 23] [1 2 3 4 5 6 19 23 25 52] [1 2 3 4 6 16 18 25] [1 2 3 4 5 6 9 16 18 19 23 25 52] [1 2 3 4 16 18 25] [1 2 3 4 5 6 16 18 25] [1 2 3 4 6 10 19] [1 2 3 4 6 16 19] [1 2 3 4 5 18 19] [1 2 3 4 16 19 23 25] [1 2 3 4 18 19 23 25 52] [1 2 3 4 6 10 18 19 23] [1 2 3 4 6 16 18 19 23 25 26 52 55] [1 2 3 4 5 6 9 19] [1 2 3 4 5 6 9 11 19 23 25 28 30] [1 6 18] [1 2 6] [1 2 3 4 6 8 16 18 25] [1 59] [1 2 3 4 5 6 19 23 25 52 56] [1 2 3 4 6 16 18 19 23 52] [1 2 53] [1 2 3 4 6 8 16 19 23 25 55] [1 2 3 4 5 6 9 18 19 23 25 26] [1 2 3 4 5 18 23 25 26] [1 2 3 4 19 23 25 52] [1 2 4] [1 2 3 4 6 18] [1 2 3 4 18 19 23] [1 2 25] [2 19] [1 2 3 4 6 7 16 19] [1 2 3 4 18 25] [2 19 23] [1 2 3 4 5 6 9 18 25] [2 3 19 23] [1 2 3 4 5 6 19] [1 2 23] [1 2 3 4 5 19 23 25] [] [] [] [] [] [] [] [] [] [] [] [] [] [] [] [] [] [] [] [] [] [] [] [] [] [] [] [] [] [] [] [] [] [] [] [] [] [] [] [] [] [] [] [] [] [] [] [] [] [] [] [] [] [] [] [] [] [] [] [] [] [] [] [] [] [] [] [] [] [] [] [] [] [] [] [] [] [] [] [] [] [] [] [] [] [] [] [] [] [] [] [] [] [] [] [] [] [] [] [] [] [] [] [] [] [] [] [] [] [] [] [] [] [] [] [] [] [] [] [] [] [] [] [] [] [] [] [] [] [] [] [] [] [] [] [] [] []
115 [] [1 2 3 4 10 18 25] [1 2 3 4 16 19 23] [1 2 3 4 5 6 9 19 23 25 52] [1 2 3 4 6 19 23 25] [1 2 3 4 5 6 25] [1 2 3 4] [1 2 3 4 19 23] [1 2 3 4 5 6 16 18] [1 2 3] [1 2 3 4 19 25] [1 2 3 4 5 6 9 18 19 23 25] [1 2 3 4 18] [1 2 3 4 5] [1 2 3 4 16] [1 2 3 4 5 6 16 19 23] [1 2 3 4 5 6 9 19 23 25] [1 2 3 4 19] [1 2 3 4 5 6] [1 2 3 4 5 6 9 19 23 25 28 52 56] [1 2 3 4 6 19 23] [1 2 3 4 5 6 16] [1 2 3 4 6 18 19 23 25] [1 2 3 4 18 19 23 25] [1 2 3 4 6] [1 2] [1] [1 2 3 4 5 6 19 23 25] [1 2 3 4 5 6 19 23 52] [1 2 3 4 25] [1 2 3 4 6 16] [1 2 3 4 5 18] [1 2 3 4 5 6 16 25] [1 2 3 19] [1 2 3 4 5 25] [1 2 3 4 19 23 52] [1 10] [1 2 3 4 5 6 16 18 19 23 25] [1 2 3 4 5 19] [1 2 3 4 5 6 18 19 23 25 52] [1 2 3 4 5 6 9] [1 2 59] [1 2 3 4 6 18 19 23] [1 2 3 4 5 6 18] [1 2 3 4 5 6 7 8 19 25] [1 2 3 4 5 19 23] [1 2 3 4 5 6 9 16 19 23 25 52] [1 2 3 4 6 18 25] [1 2 3 4 5 6 9 16 19 23] [1 2 3 4 5 6 7 9 18 19 23 25] [1 2 3 4 6 18 19 23 25 26] [1 2 3 4 6 19 23 52] [1 2 3 4 6 8 16 18 25 55] [1 2 3 4 5 6 9 11 18] [1 2 3 4 5 6 9 16 19 23 25] [1 2 3 4 5 6 9 11 19 23 25 28 30 52] [1 2 3 4 5 6 9 16 18 19 23] [1 2 3 4 5 6 19 23 25 52] [1 2 3 4 6 16 18 25] [1 2 3 4 5 6 9 16 18 19 23 25 52] [1 2 3 4 16 18 25] [1 2 3 4 5 6 19 23] [1 2 3 4 5 6 16 18 25] [1 2 3 4 6 10 19] [1 2 3 4 6 16 19] [1 2 3 4 5 18 19] [1 2 3 4 16 19 23 25] [1 2 3 4 18 19 23 25 52] [1 2 3 4 6 10 18 19 23] [1 2 3 4 6 16 18 19 23 25 26 52 55] [1 2 3 4 5 6 9 19] [1 2 3 4 5 6 9 11 19 23 25 28 30] [1 6 18] [1 2 6] [1 2 3 4 6 8 16 18 25] [1 59] [1 2 3 4 5 6 19 23 25 52 56] [1 2 3 4 6 16 18 19 23 52] [1 2 53] [1 2 3 4 6 8 16 19 23 25 55] [1 2 3 4 5 6 9 18 19 23 25 26] [1 2 3 4 5 18 23 25 26] [1 2 3 4 19 23 25 52] [1 2 4] [1 2 3 4 6 18] [1 2 3 4 18 19 23] [1 2 25] [2 19] [1 2 3 4 6 7 16 19] [1 2 3 4 18 25] [2 19 23] [1 2 3 4 5 6 9 18 25] [2 3 19 23] [1 2 3 4 5 6 19] [1 2 23] [1 2 3 4 5 19 23 25] [] [] [] [] [] [] [] [] [] [] [] [] [] [] [] [] [] [] [] [] [] [] [] [] [] [] [] [] [] [] [] [] [] [] [] [] [] [] [] [] [] [] [] [] [] [] [] [] [] [] [] [] [] [] [] [] [] [] [] [] [] [] [] [] [] [] [] [] [] [] [] [] [] [] [] [] [] [] [] [] [] [] [] [] [] [] [] [] [] [] [] [] [] [] [] [] [] [] [] [] [] [] [] [] [] [] [] [] [] [] [] [] [] [] [] [] [] [] [] [] [] [] [] [] [] [] [] [] [] [] [] [] [] [] [] [] [] []
116 [] [1 2 3 4 5 6 9 19 23 25 52] [1 2 3 4 19 23] [1 2 3 4 6 19 23 25] [1 2 3 4 5 6 25] [1 2 3 4] [1 2 3 4 5 6 16 18] [1 2 3] [1 2 3 4 19 25] [1 2 3 4 5 6 9 18 19 23 25] [1 2 3 4 18] [1 2 3 4 5] [1 2 3 4 16] [1 2 3 4 5 6 16 19 23] [1 2 3 4 5 6 9 19 23 25] [1 2 3 4 19] [1 2 3 4 5 6] [1 2 3 4 5 6 9 19 23 25 28 52 56] [1 2 3 4 6 19 23] [1 2 3 4 5 6 16] [1 2 3 4 6 18 19 23 25] [1 2 3 4 18 19 23 25] [1 2 3 4 6] [1 2] [1] [1 2 3 4 5 6 19 23 25] [1 2 3 4 5 6 19 23 52] [1 2 3 4 25] [1 2 3 4 6 16] [1 2 3 4 5 18] [1 2 3 4 5 6 16 25] [1 2 3 19] [1 2 3 4 5 25] [1 2 3 4 19 23 52] [1 10] [1 2 3 4 5 6 16 18 19 23 25] [1 2 3 4 5 19] [1 2 3 4 5 6 18 19 23 25 52] [1 2 3 4 5 6 9] [1 2 59] [1 2 3 4 6 18 19 23] [1 2 3 4 5 6 18] [1 2 3 4 5 6 7 8 19 25] [1 2 3 4 5 19 23] [1 2 3 4 5 6 9 16 19 23 25 52] [1 2 3 4 6 18 25] [1 2 3 4 5 6 9 16 19 23] [1 2 3 4 5 6 7 9 18 19 23 25] [1 2 3 4 6 18 19 23 25 26] [1 2 3 4 6 19 23 52] [1 2 3 4 6 8 16 18 25 55] [1 2 3 4 5 6 9 11 18] [1 2 3 4 5 6 9 16 19 23 25] [1 2 3 4 5 6 9 11 19 23 25 28 30 52] [1 2 3 4 5 6 9 16 18 19 23] [1 2 3 4 5 6 19 23 25 52] [1 2 3 4 6 16 18 25] [1 2 3 4 5 6 9 16 18 19 23 25 52] [1 2 3 4 16 18 25] [1 2 3 4 5 6 19 23] [1 2 3 4 5 6 16 18 25] [1 2 3 4 6 10 19] [1 2 3 4 6 16 19] [1 2 3 4 5 18 19] [1 2 3 4 16 19 23 25] [1 2 3 4 18 19 23 25 52] [1 2 3 4 6 10 18 19 23] [1 2 3 4 6 16 18 19 23 25 26 52 55] [1 2 3 4 5 6 9 19] [1 2 3 4 5 6 9 11 19 23 25 28 30] [1 6 18] [1 2 6] [1 2 3 4 6 8 16 18 25] [1 59] [1 2 3 4 5 6 19 23 25 52 56] [1 2 3 4 6 16 18 19 23 52] [1 2 53] [1 2 3 4 6 8 16 19 23 25 55] [1 2 3 4 5 6 9 18 19 23 25 26] [1 2 3 4 5 18 23 25 26] [1 2 3 4 19 23 25 52] [1 2 4] [1 2 3 4 6 18] [1 2 3 4 18 19 23] [1 2 25] [2 19] [1 2 3 4 6 7 16 19] [1 2 3 4 18 25] [2 19 23] [1 2 3 4 5 6 9 18 25] [2 3 19 23] [1 2 3 4 5 6 19] [1 2 23] [1 2 3 4 5 19 23 25] [] [] [] [] [] [] [] [] [] [] [] [] [] [] [] [] [] [] [] [] [] [] [] [] [] [] [] [] [] [] [] [] [] [] [] [] [] [] [] [] [] [] [] [] [] [] [] [] [] [] [] [] [] [] [] [] [] [] [] [] [] [] [] [] [] [] [] [] [] [] [] [] [] [] [] [] [] [] [] [] [] [] [] [] [] [] [] [] [] [] [] [] [] [] [] [] [] [] [] [] [] [] [] [] [] [] [] [] [] [] [] [] [] [] [] [] [] [] [] [] [] [] [] [] [] [] [] [] [] [] [] [] [] [] [] [] [] [] [] []
117 [] [1 2 3 4 6 19 23 25] [1 2 3 4 5 19 23] [1 2 3 4 5 6 25] [1 2 3 4] [1 2 3 4 19 23] [1 2 3 4 5 6 16 18] [1 2 3] [1 2 3 4 19 25] [1 2 3 4 5 6 9 18 19 23 25] [1 2 3 4 18] [1 2 3 4 5] [1 2 3 4 16] [1 2 3 4 5 6 16 19 23] [1 2 3 4 5 6 9 19 23 25] [1 2 3 4 19] [1 2 3 4 5 6] [1 2 3 4 5 6 9 19 23 25 28 52 56] [1 2 3 4 6 19 23] [1 2 3 4 5 6 16] [1 2 3 4 6 18 19 23 25] [1 2 3 4 18 19 23 25] [1 2 3 4 6] [1 2] [1] [1 2 3 4 5 6 19 23 25] [1 2 3 4 5 6 19 23 52] [1 2 3 4 25] [1 2 3 4 6 16] [1 2 3 4 5 18] [1 2 3 4 5 6 16 25] [1 2 3 19] [1 2 3 4 5 25] [1 2 3 4 19 23 52] [1 10] [1 2 3 4 5 6 16 18 19 23 25] [1 2 3 4 5 19] [1 2 3 4 5 6 18 19 23 25 52] [1 2 3 4 5 6 9] [1 2 59] [1 2 3 4 6 18 19 23] [1 2 3 4 5 6 18] [1 2 3 4 5 6 7 8 19 25] [1 2 3 4 5 6 9 16 19 23 25 52] [1 2 3 4 6 18 25] [1 2 3 4 5 6 9 16 19 23] [1 2 3 4 5 6 7 9 18 19 23 25] [1 2 3 4 6 18 19 23 25 26] [1 2 3 4 6 19 23 52] [1 2 3 4 6 8 16 18 25 55] [1 2 3 4 5 6 9 11 18] [1 2 3 4 5 6 9 19 23 25 52] [1 2 3 4 5 6 9 16 19 23 25] [1 2 3 4 5 6 9 11 19 23 25 28 30 52] [1 2 3 4 5 6 9 16 18 19 23] [1 2 3 4 5 6 19 23 25 52] [1 2 3 4 6 16 18 25] [1 2 3 4 5 6 9 16 18 19 23 25 52] [1 2 3 4 16 18 25] [1 2 3 4 5 6 19 23] [1 2 3 4 5 6 16 18 25] [1 2 3 4 6 10 19] [1 2 3 4 6 16 19] [1 2 3 4 5 18 19] [1 2 3 4 16 19 23 25] [1 2 3 4 18 19 23 25 52] [1 2 3 4 6 10 18 19 23] [1 2 3 4 6 16 18 19 23 25 26 52 55] [1 2 3 4 5 6 9 19] [1 2 3 4 5 6 9 11 19 23 25 28 30] [1 6 18] [1 2 6] [1 2 3 4 6 8 16 18 25] [1 59] [1 2 3 4 5 6 19 23 25 52 56] [1 2 3 4 6 16 18 19 23 52] [1 2 53] [1 2 3 4 6 8 16 19 23 25 55] [1 2 3 4 5 6 9 18 19 23 25 26] [1 2 3 4 5 18 23 25 26] [1 2 3 4 19 23 25 52] [1 2 4] [1 2 3 4 6 18] [1 2 3 4 18 19 23] [1 2 25] [2 19] [1 2 3 4 6 7 16 19] [1 2 3 4 18 25] [2 19 23] [1 2 3 4 5 6 9 18 25] [2 3 19 23] [1 2 3 4 5 6 19] [1 2 23] [1 2 3 4 5 19 23 25] [] [] [] [] [] [] [] [] [] [] [] [] [] [] [] [] [] [] [] [] [] [] [] [] [] [] [] [] [] [] [] [] [] [] [] [] [] [] [] [] [] [] [] [] [] [] [] [] [] [] [] [] [] [] [] [] [] [] [] [] [] [] [] [] [] [] [] [] [] [] [] [] [] [] [] [] [] [] [] [] [] [] [] [] [] [] [] [] [] [] [] [] [] [] [] [] [] [] [] [] [] [] [] [] [] [] [] [] [] [] [] [] [] [] [] [] [] [] [] [] [] [] [] [] [] [] [] [] [] [] [] [] [] [] [] [] [] [] [] []
118 [] [1 2 3 4 5 6 25] [1 2 3 4] [1 2 3 4 19 23] [1 2 3 4 5 6 16 18] [1 2 3] [1 2 3 4 19 25] [1 2 3 4 5 6 9 18 19 23 25] [1 2 3 4 18] [1 2 3 4 5] [1 2 3 4 16] [1 2 3 4 5 6 16 19 23] [1 2 3 4 5 6 9 19 23 25] [1 2 3 4 19] [1 2 3 4 5 6] [1 2 3 4 5 6 9 19 23 25 28 52 56] [1 2 3 4 6 19 23] [1 2 3 4 5 6 16] [1 2 3 4 6 18 19 23 25] [1 2 3 4 18 19 23 25] [1 2 3 4 6] [1 2] [1] [1 2 3 4 5 6 19 23 25] [1 2 3 4 5 6 19 23 52] [1 2 3 4 25] [1 2 3 4 6 16] [1 2 3 4 5 18] [1 2 3 4 5 6 16 25] [1 2 3 19] [1 2 3 4 5 25] [1 2 3 4 19 23 52] [1 10] [1 2 3 4 5 6 16 18 19 23 25] [1 2 3 4 5 19] [1 2 3 4 5 6 18 19 23 25 52] [1 2 3 4 5 6 9] [1 2 59] [1 2 3 4 6 18 19 23] [1 2 3 4 5 6 18] [1 2 3 4 5 6 7 8 19 25] [1 2 3 4 5 19 23] [1 2 3 4 5 6 9 16 19 23 25 52] [1 2 3 4 6 18 25] [1 2 3 4 5 6 9 16 19 23] [1 2 3 4 5 6 7 9 18 19 23 25] [1 2 3 4 6 18 19 23 25 26] [1 2 3 4 6 19 23 52] [1 2 3 4 6 8 16 18 25 55] [1 2 3 4 5 6 9 11 18] [1 2 3 4 5 6 9 19 23 25 52] [1 2 3 4 5 6 9 16 19 23 25] [1 2 3 4 5 6 9 11 19 23 25 28 30 52] [1 2 3 4 5 6 9 16 18 19 23] [1 2 3 4 5 6 19 23 25 52] [1 2 3 4 6 16 18 25] [1 2 3 4 5 6 9 16 18 19 23 25 52] [1 2 3 4 16 18 25] [1 2 3 4 5 6 19 23] [1 2 3 4 5 6 16 18 25] [1 2 3 4 6 10 19] [1 2 3 4 6 19 23 25] [1 2 3 4 6 16 19] [1 2 3 4 5 18 19] [1 2 3 4 16 19 23 25] [1 2 3 4 18 19 23 25 52] [1 2 3 4 6 10 18 19 23] [1 2 3 4 6 16 18 19 23 25 26 52 55] [1 2 3 4 5 6 9 19] [1 2 3 4 5 6 9 11 19 23 25 28 30] [1 6 18] [1 2 6] [1 2 3 4 6 8 16 18 25] [1 59] [1 2 3 4 5 6 19 23 25 52 56] [1 2 3 4 6 16 18 19 23 52] [1 2 53] [1 2 3 4 6 8 16 19 23 25 55] [1 2 3 4 5 6 9 18 19 23 25 26] [1 2 3 4 5 18 23 25 26] [1 2 3 4 19 23 25 52] [1 2 4] [1 2 3 4 6 18] [1 2 3 4 18 19 23] [1 2 25] [2 19] [1 2 3 4 6 7 16 19] [1 2 3 4 18 25] [2 19 23] [1 2 3 4 5 6 9 18 25] [2 3 19 23] [1 2 3 4 5 6 19] [1 2 23] [1 2 3 4 5 19 23 25] [] [] [] [] [] [] [] [] [] [] [] [] [] [] [] [] [] [] [] [] [] [] [] [] [] [] [] [] [] [] [] [] [] [] [] [] [] [] [] [] [] [] [] [] [] [] [] [] [] [] [] [] [] [] [] [] [] [] [] [] [] [] [] [] [] [] [] [] [] [] [] [] [] [] [] [] [] [] [] [] [] [] [] [] [] [] [] [] [] [] [] [] [] [] [] [] [] [] [] [] [] [] [] [] [] [] [] [] [] [] [] [] [] [] [] [] [] [] [] [] [] [] [] [] [] [] [] [] [] [] [] [] [] [] [] [] [] [] [] []
119 [] [1 2 3 4 19 23] [1 2 3 4 5 6 16 18] [1 2 3 4] [1 2 3] [1 2 3 4 19 25] [1 2 3 4 5 6 9 18 19 23 25] [1 2 3 4 18] [1 2 3 4 5] [1 2 3 4 16] [1 2 3 4 5 6 16 19 23] [1 2 3 4 5 6 9 19 23 25] [1 2 3 4 19] [1 2 3 4 5 6] [1 2 3 4 5 6 9 19 23 25 28 52 56] [1 2 3 4 6 19 23] [1 2 3 4 5 6 16] [1 2 3 4 6 18 19 23 25] [1 2 3 4 18 19 23 25] [1 2 3 4 6] [1 2] [1] [1 2 3 4 5 6 19 23 25] [1 2 3 4 5 6 19 23 52] [1 2 3 4 25] [1 2 3 4 6 16] [1 2 3 4 5 18] [1 2 3 4 5 6 16 25] [1 2 3 19] [1 2 3 4 5 25] [1 2 3 4 19 23 52] [1 10] [1 2 3 4 5 6 16 18 19 23 25] [1 2 3 4 5 19] [1 2 3 4 5 6 18 19 23 25 52] [1 2 3 4 5 6 9] [1 2 59] [1 2 3 4 6 18 19 23] [1 2 3 4 5 6 18] [1 2 3 4 5 6 7 8 19 25] [1 2 3 4 5 19 23] [1 2 3 4 5 6 9 16 19 23 25 52] [1 2 3 4 6 18 25] [1 2 3 4 5 6 9 16 19 23] [1 2 3 4 5 6 7 9 18 19 23 25] [1 2 3 4 6 18 19 23 25 26] [1 2 3 4 6 19 23 52] [1 2 3 4 6 8 16 18 25 55] [1 2 3 4 5 6 9 11 18] [1 2 3 4 5 6 9 19 23 25 52] [1 2 3 4 5 6 9 16 19 23 25] [1 2 3 4 5 6 9 11 19 23 25 28 30 52] [1 2 3 4 5 6 9 16 18 19 23] [1 2 3 4 5 6 19 23 25 52] [1 2 3 4 6 16 18 25] [1 2 3 4 5 6 9 16 18 19 23 25 52] [1 2 3 4 16 18 25] [1 2 3 4 5 6 19 23] [1 2 3 4 5 6 16 18 25] [1 2 3 4 6 10 19] [1 2 3 4 6 19 23 25] [1 2 3 4 6 16 19] [1 2 3 4 5 18 19] [1 2 3 4 16 19 23 25] [1 2 3 4 18 19 23 25 52] [1 2 3 4 6 10 18 19 23] [1 2 3 4 6 16 18 19 23 25 26 52 55] [1 2 3 4 5 6 9 19] [1 2 3 4 5 6 9 11 19 23 25 28 30] [1 6 18] [1 2 6] [1 2 3 4 6 8 16 18 25] [1 59] [1 2 3 4 5 6 19 23 25 52 56] [1 2 3 4 6 16 18 19 23 52] [1 2 53] [1 2 3 4 6 8 16 19 23 25 55] [1 2 3 4 5 6 9 18 19 23 25 26] [1 2 3 4 5 18 23 25 26] [1 2 3 4 19 23 25 52] [1 2 4] [1 2 3 4 6 18] [1 2 3 4 18 19 23] [1 2 25] [2 19] [1 2 3 4 6 7 16 19] [1 2 3 4 18 25] [2 19 23] [1 2 3 4 5 6 9 18 25] [2 3 19 23] [1 2 3 4 5 6 19] [1 2 23] [1 2 3 4 5 19 23 25] [] [] [] [] [] [] [] [] [] [] [] [] [] [] [] [] [] [] [] [] [] [] [] [] [] [] [] [] [] [] [] [] [] [] [] [] [] [] [] [] [] [] [] [] [] [] [] [] [] [] [] [] [] [] [] [] [] [] [] [] [] [] [] [] [] [] [] [] [] [] [] [] [] [] [] [] [] [] [] [] [] [] [] [] [] [] [] [] [] [] [] [] [] [] [] [] [] [] [] [] [] [] [] [] [] [] [] [] [] [] [] [] [] [] [] [] [] [] [] [] [] [] [] [] [] [] [] [] [] [] [] [] [] [] [] [] [] [] [] [] []
120 [] [1 2 3 4] [1 2 3 4 5 6 9 19 23 25 52] [1 2 3] [1 2 3 4 19 25] [1 2 3 4 5 6 9 18 19 23 25] [1 2 3 4 18] [1 2 3 4 5] [1 2 3 4 16] [1 2 3 4 19 23] [1 2 3 4 5 6 16 19 23] [1 2 3 4 5 6 9 19 23 25] [1 2 3 4 19] [1 2 3 4 5 6] [1 2 3 4 5 6 9 19 23 25 28 52 56] [1 2 3 4 6 19 23] [1 2 3 4 5 6 16] [1 2 3 4 6 18 19 23 25] [1 2 3 4 18 19 23 25] [1 2 3 4 6] [1 2] [1] [1 2 3 4 5 6 19 23 25] [1 2 3 4 5 6 19 23 52] [1 2 3 4 25] [1 2 3 4 6 16] [1 2 3 4 5 18] [1 2 3 4 5 6 16 25] [1 2 3 19] [1 2 3 4 5 25] [1 2 3 4 19 23 52] [1 10] [1 2 3 4 5 6 16 18 19 23 25] [1 2 3 4 5 19] [1 2 3 4 5 6 18 19 23 25 52] [1 2 3 4 5 6 9] [1 2 59] [1 2 3 4 6 18 19 23] [1 2 3 4 5 6 18] [1 2 3 4 5 6 7 8 19 25] [1 2 3 4 5 19 23] [1 2 3 4 5 6 9 16 19 23 25 52] [1 2 3 4 6 18 25] [1 2 3 4 5 6 9 16 19 23] [1 2 3 4 5 6 7 9 18 19 23 25] [1 2 3 4 6 18 19 23 25 26] [1 2 3 4 6 19 23 52] [1 2 3 4 6 8 16 18 25 55] [1 2 3 4 5 6 9 11 18] [1 2 3 4 5 6 9 16 19 23 25] [1 2 3 4 5 6 9 11 19 23 25 28 30 52] [1 2 3 4 5 6 9 16 18 19 23] [1 2 3 4 5 6 19 23 25 52] [1 2 3 4 6 16 18 25] [1 2 3 4 5 6 9 16 18 19 23 25 52] [1 2 3 4 16 18 25] [1 2 3 4 5 6 19 23] [1 2 3 4 5 6 16 18 25] [1 2 3 4 6 10 19] [1 2 3 4 6 19 23 25] [1 2 3 4 6 16 19] [1 2 3 4 5 18 19] [1 2 3 4 16 19 23 25] [1 2 3 4 18 19 23 25 52] [1 2 3 4 6 10 18 19 23] [1 2 3 4 6 16 18 19 23 25 26 52 55] [1 2 3 4 5 6 9 19] [1 2 3 4 5 6 9 11 19 23 25 28 30] [1 6 18] [1 2 6] [1 2 3 4 6 8 16 18 25] [1 59] [1 2 3 4 5 6 19 23 25 52 56] [1 2 3 4 6 16 18 19 23 52] [1 2 53] [1 2 3 4 6 8 16 19 23 25 55] [1 2 3 4 5 6 9 18 19 23 25 26] [1 2 3 4 5 18 23 25 26] [1 2 3 4 19 23 25 52] [1 2 4] [1 2 3 4 6 18] [1 2 3 4 18 19 23] [1 2 25] [2 19] [1 2 3 4 6 7 16 19] [1 2 3 4 18 25] [2 19 23] [1 2 3 4 5 6 9 18 25] [2 3 19 23] [1 2 3 4 5 6 19] [1 2 23] [1 2 3 4 5 19 23 25] [] [] [] [] [] [] [] [] [] [] [] [] [] [] [] [] [] [] [] [] [] [] [] [] [] [] [] [] [] [] [] [] [] [] [] [] [] [] [] [] [] [] [] [] [] [] [] [] [] [] [] [] [] [] [] [] [] [] [] [] [] [] [] [] [] [] [] [] [] [] [] [] [] [] [] [] [] [] [] [] [] [] [] [] [] [] [] [] [] [] [] [] [] [] [] [] [] [] [] [] [] [] [] [] [] [] [] [] [] [] [] [] [] [] [] [] [] [] [] [] [] [] [] [] [] [] [] [] [] [] [] [] [] [] [] [] [] [] [] [] [] []
121 [] [1 2 3] [1 2 3 4] [1 2 3 4 19 25] [1 2 3 4 5 6 9 18 19 23 25] [1 2 3 4 18] [1 2 3 4 5] [1 2 3 4 16] [1 2 3 4 19 23] [1 2 3 4 5 6 16 19 23] [1 2 3 4 5 6 9 19 23 25] [1 2 3 4 19] [1 2 3 4 5 6] [1 2 3 4 5 6 9 19 23 25 28 52 56] [1 2 3 4 6 19 23] [1 2 3 4 5 6 16] [1 2 3 4 6 18 19 23 25] [1 2 3 4 18 19 23 25] [1 2 3 4 6] [1 2] [1] [1 2 3 4 5 6 19 23 25] [1 2 3 4 5 6 19 23 52] [1 2 3 4 25] [1 2 3 4 6 16] [1 2 3 4 5 18] [1 2 3 4 5 6 16 25] [1 2 3 19] [1 2 3 4 5 25] [1 2 3 4 19 23 52] [1 10] [1 2 3 4 5 6 16 18 19 23 25] [1 2 3 4 5 19] [1 2 3 4 5 6 18 19 23 25 52] [1 2 3 4 5 6 9] [1 2 59] [1 2 3 4 6 18 19 23] [1 2 3 4 5 6 18] [1 2 3 4 5 6 7 8 19 25] [1 2 3 4 5 19 23] [1 2 3 4 5 6 9 16 19 23 25 52] [1 2 3 4 6 18 25] [1 2 3 4 5 6 9 16 19 23] [1 2 3 4 5 6 7 9 18 19 23 25] [1 2 3 4 6 18 19 23 25 26] [1 2 3 4 6 19 23 52] [1 2 3 4 6 8 16 18 25 55] [1 2 3 4 5 6 9 11 18] [1 2 3 4 5 6 9 19 23 25 52] [1 2 3 4 5 6 9 16 19 23 25] [1 2 3 4 5 6 9 11 19 23 25 28 30 52] [1 2 3 4 5 6 9 16 18 19 23] [1 2 3 4 5 6 19 23 25 52] [1 2 3 4 6 16 18 25] [1 2 3 4 5 6 9 16 18 19 23 25 52] [1 2 3 4 16 18 25] [1 2 3 4 5 6 19 23] [1 2 3 4 5 6 16 18 25] [1 2 3 4 6 10 19] [1 2 3 4 6 19 23 25] [1 2 3 4 6 16 19] [1 2 3 4 5 18 19] [1 2 3 4 16 19 23 25] [1 2 3 4 18 19 23 25 52] [1 2 3 4 6 10 18 19 23] [1 2 3 4 6 16 18 19 23 25 26 52 55] [1 2 3 4 5 6 9 19] [1 2 3 4 5 6 9 11 19 23 25 28 30] [1 6 18] [1 2 6] [1 2 3 4 6 8 16 18 25] [1 59] [1 2 3 4 5 6 19 23 25 52 56] [1 2 3 4 6 16 18 19 23 52] [1 2 53] [1 2 3 4 6 8 16 19 23 25 55] [1 2 3 4 5 6 9 18 19 23 25 26] [1 2 3 4 5 18 23 25 26] [1 2 3 4 19 23 25 52] [1 2 4] [1 2 3 4 6 18] [1 2 3 4 18 19 23] [1 2 25] [2 19] [1 2 3 4 6 7 16 19] [1 2 3 4 18 25] [2 19 23] [1 2 3 4 5 6 9 18 25] [2 3 19 23] [1 2 3 4 5 6 19] [1 2 23] [1 2 3 4 5 19 23 25] [] [] [] [] [] [] [] [] [] [] [] [] [] [] [] [] [] [] [] [] [] [] [] [] [] [] [] [] [] [] [] [] [] [] [] [] [] [] [] [] [] [] [] [] [] [] [] [] [] [] [] [] [] [] [] [] [] [] [] [] [] [] [] [] [] [] [] [] [] [] [] [] [] [] [] [] [] [] [] [] [] [] [] [] [] [] [] [] [] [] [] [] [] [] [] [] [] [] [] [] [] [] [] [] [] [] [] [] [] [] [] [] [] [] [] [] [] [] [] [] [] [] [] [] [] [] [] [] [] [] [] [] [] [] [] [] [] [] [] [] [] []
122 [] [1 2 3 4 19 25] [1 2 3 4 5 6 9 18 19 23 25] [1 2 3 4 5 18 23] [1 2 3 4 18] [1 2 3 4] [1 2 3 4 5] [1 2 3 4 16] [1 2 3 4 19 23] [1 2 3 4 5 6 16 19 23] [1 2 3 4 5 6 9 19 23 25] [1 2 3 4 19] [1 2 3] [1 2 3 4 5 6] [1 2 3 4 5 6 9 19 23 25 28 52 56] [1 2 3 4 6 19 23] [1 2 3 4 5 6 16] [1 2 3 4 6 18 19 23 25] [1 2 3 4 18 19 23 25] [1 2 3 4 6] [1 2] [1] [1 2 3 4 5 6 19 23 25] [1 2 3 4 5 6 19 23 52] [1 2 3 4 25] [1 2 3 4 6 16] [1 2 3 4 5 18] [1 2 3 4 5 6 16 25] [1 2 3 19] [1 2 3 4 5 25] [1 2 3 4 19 23 52] [1 10] [1 2 3 4 5 6 16 18 19 23 25] [1 2 3 4 5 19] [1 2 3 4 5 6 18 19 23 25 52] [1 2 3 4 5 6 9] [1 2 59] [1 2 3 4 6 18 19 23] [1 2 3 4 5 6 18] [1 2 3 4 5 6 7 8 19 25] [1 2 3 4 5 19 23] [1 2 3 4 5 6 9 16 19 23 25 52] [1 2 3 4 6 18 25] [1 2 3 4 5 6 9 16 19 23] [1 2 3 4 5 6 7 9 18 19 23 25] [1 2 3 4 6 18 19 23 25 26] [1 2 3 4 6 19 23 52] [1 2 3 4 6 8 16 18 25 55] [1 2 3 4 5 6 9 11 18] [1 2 3 4 5 6 9 19 23 25 52] [1 2 3 4 5 6 9 16 19 23 25] [1 2 3 4 5 6 9 11 19 23 25 28 30 52] [1 2 3 4 5 6 9 16 18 19 23] [1 2 3 4 5 6 19 23 25 52] [1 2 3 4 6 16 18 25] [1 2 3 4 5 6 9 16 18 19 23 25 52] [1 2 3 4 16 18 25] [1 2 3 4 5 6 19 23] [1 2 3 4 5 6 16 18 25] [1 2 3 4 6 10 19] [1 2 3 4 6 19 23 25] [1 2 3 4 6 16 19] [1 2 3 4 5 18 19] [1 2 3 4 16 19 23 25] [1 2 3 4 18 19 23 25 52] [1 2 3 4 6 10 18 19 23] [1 2 3 4 6 16 18 19 23 25 26 52 55] [1 2 3 4 5 6 9 19] [1 2 3 4 5 6 9 11 19 23 25 28 30] [1 6 18] [1 2 6] [1 2 3 4 6 8 16 18 25] [1 59] [1 2 3 4 5 6 19 23 25 52 56] [1 2 3 4 6 16 18 19 23 52] [1 2 53] [1 2 3 4 6 8 16 19 23 25 55] [1 2 3 4 5 6 9 18 19 23 25 26] [1 2 3 4 5 18 23 25 26] [1 2 3 4 19 23 25 52] [1 2 4] [1 2 3 4 6 18] [1 2 3 4 18 19 23] [1 2 25] [2 19] [1 2 3 4 6 7 16 19] [1 2 3 4 18 25] [2 19 23] [1 2 3 4 5 6 9 18 25] [2 3 19 23] [1 2 3 4 5 6 19] [1 2 23] [1 2 3 4 5 19 23 25] [] [] [] [] [] [] [] [] [] [] [] [] [] [] [] [] [] [] [] [] [] [] [] [] [] [] [] [] [] [] [] [] [] [] [] [] [] [] [] [] [] [] [] [] [] [] [] [] [] [] [] [] [] [] [] [] [] [] [] [] [] [] [] [] [] [] [] [] [] [] [] [] [] [] [] [] [] [] [] [] [] [] [] [] [] [] [] [] [] [] [] [] [] [] [] [] [] [] [] [] [] [] [] [] [] [] [] [] [] [] [] [] [] [] [] [] [] [] [] [] [] [] [] [] [] [] [] [] [] [] [] [] [] [] [] [] [] [] [] [] []
123 [] [1 2 3 4 5 18 23] [1 2 3 4 18] [1 2 3 4] [1 2 3 4 5] [1 2 3 4 16] [1 2 3 4 19 23] [1 2 3 4 5 6 16 19 23] [1 2 3 4 5 6 9 19 23 25] [1 2 3 4 19] [1 2 3] [1 2 3 4 5 6] [1 2 3 4 5 6 9 19 23 25 28 52 56] [1 2 3 4 6 19 23] [1 2 3 4 5 6 16] [1 2 3 4 6 18 19 23 25] [1 2 3 4 18 19 23 25] [1 2 3 4 6] [1 2] [1] [1 2 3 4 5 6 19 23 25] [1 2 3 4 5 6 19 23 52] [1 2 3 4 25] [1 2 3 4 6 16] [1 2 3 4 5 18] [1 2 3 4 5 6 16 25] [1 2 3 19] [1 2 3 4 5 25] [1 2 3 4 19 23 52] [1 10] [1 2 3 4 5 6 16 18 19 23 25] [1 2 3 4 5 19] [1 2 3 4 5 6 18 19 23 25 52] [1 2 3 4 5 6 9] [1 2 59] [1 2 3 4 6 18 19 23] [1 2 3 4 5 6 18] [1 2 3 4 5 6 7 8 19 25] [1 2 3 4 5 19 23] [1 2 3 4 5 6 9 16 19 23 25 52] [1 2 3 4 6 18 25] [1 2 3 4 5 6 9 16 19 23] [1 2 3 4 5 6 9 18 19 23 25] [1 2 3 4 5 6 7 9 18 19 23 25] [1 2 3 4 6 18 19 23 25 26] [1 2 3 4 6 19 23 52] [1 2 3 4 6 8 16 18 25 55] [1 2 3 4 5 6 9 11 18] [1 2 3 4 5 6 9 19 23 25 52] [1 2 3 4 5 6 9 16 19 23 25] [1 2 3 4 5 6 9 11 19 23 25 28 30 52] [1 2 3 4 5 6 9 16 18 19 23] [1 2 3 4 5 6 19 23 25 52] [1 2 3 4 6 16 18 25] [1 2 3 4 5 6 9 16 18 19 23 25 52] [1 2 3 4 16 18 25] [1 2 3 4 5 6 19 23] [1 2 3 4 5 6 16 18 25] [1 2 3 4 6 10 19] [1 2 3 4 19 25] [1 2 3 4 6 19 23 25] [1 2 3 4 6 16 19] [1 2 3 4 5 18 19] [1 2 3 4 16 19 23 25] [1 2 3 4 18 19 23 25 52] [1 2 3 4 6 10 18 19 23] [1 2 3 4 6 16 18 19 23 25 26 52 55] [1 2 3 4 5 6 9 19] [1 2 3 4 5 6 9 11 19 23 25 28 30] [1 6 18] [1 2 6] [1 2 3 4 6 8 16 18 25] [1 59] [1 2 3 4 5 6 19 23 25 52 56] [1 2 3 4 6 16 18 19 23 52] [1 2 53] [1 2 3 4 6 8 16 19 23 25 55] [1 2 3 4 5 6 9 18 19 23 25 26] [1 2 3 4 5 18 23 25 26] [1 2 3 4 19 23 25 52] [1 2 4] [1 2 3 4 6 18] [1 2 3 4 18 19 23] [1 2 25] [2 19] [1 2 3 4 6 7 16 19] [1 2 3 4 18 25] [2 19 23] [1 2 3 4 5 6 9 18 25] [2 3 19 23] [1 2 3 4 5 6 19] [1 2 23] [1 2 3 4 5 19 23 25] [] [] [] [] [] [] [] [] [] [] [] [] [] [] [] [] [] [] [] [] [] [] [] [] [] [] [] [] [] [] [] [] [] [] [] [] [] [] [] [] [] [] [] [] [] [] [] [] [] [] [] [] [] [] [] [] [] [] [] [] [] [] [] [] [] [] [] [] [] [] [] [] [] [] [] [] [] [] [] [] [] [] [] [] [] [] [] [] [] [] [] [] [] [] [] [] [] [] [] [] [] [] [] [] [] [] [] [] [] [] [] [] [] [] [] [] [] [] [] [] [] [] [] [] [] [] [] [] [] [] [] [] [] [] [] [] [] [] [] [] []
124 [] [1 2 3 4] [1 2 3 4 5] [1 2 3 4 16] [1 2 3 4 19 23] [1 2 3 4 5 6 16 19 23] [1 2 3 4 5 6 9 19 23 25] [1 2 3 4 19] [1 2 3] [1 2 3 4 5 6] [1 2 3 4 5 6 9 19 23 25 28 52 56] [1 2 3 4 6 19 23] [1 2 3 4 5 6 16] [1 2 3 4 6 18 19 23 25] [1 2 3 4 18 19 23 25] [1 2 3 4 6] [1 2] [1] [1 2 3 4 5 6 19 23 25] [1 2 3 4 5 6 19 23 52] [1 2 3 4 25] [1 2 3 4 6 16] [1 2 3 4 5 18] [1 2 3 4 5 6 16 25] [1 2 3 19] [1 2 3 4 5 25] [1 2 3 4 19 23 52] [1 10] [1 2 3 4 5 6 16 18 19 23 25] [1 2 3 4 5 19] [1 2 3 4 5 6 18 19 23 25 52] [1 2 3 4 5 6 9] [1 2 59] [1 2 3 4 6 18 19 23] [1 2 3 4 5 6 18] [1 2 3 4 5 6 7 8 19 25] [1 2 3 4 5 19 23] [1 2 3 4 5 6 9 16 19 23 25 52] [1 2 3 4 6 18 25] [1 2 3 4 5 6 9 16 19 23] [1 2 3 4 5 6 9 18 19 23 25] [1 2 3 4 5 6 7 9 18 19 23 25] [1 2 3 4 6 18 19 23 25 26] [1 2 3 4 6 19 23 52] [1 2 3 4 6 8 16 18 25 55] [1 2 3 4 5 6 9 11 18] [1 2 3 4 5 6 9 19 23 25 52] [1 2 3 4 5 6 9 16 19 23 25] [1 2 3 4 5 6 9 11 19 23 25 28 30 52] [1 2 3 4 5 6 9 16 18 19 23] [1 2 3 4 5 6 19 23 25 52] [1 2 3 4 6 16 18 25] [1 2 3 4 5 6 9 16 18 19 23 25 52] [1 2 3 4 16 18 25] [1 2 3 4 5 6 19 23] [1 2 3 4 5 6 16 18 25] [1 2 3 4 6 10 19] [1 2 3 4 19 25] [1 2 3 4 6 19 23 25] [1 2 3 4 6 16 19] [1 2 3 4 5 18 19] [1 2 3 4 18] [1 2 3 4 16 19 23 25] [1 2 3 4 18 19 23 25 52] [1 2 3 4 6 10 18 19 23] [1 2 3 4 6 16 18 19 23 25 26 52 55] [1 2 3 4 5 6 9 19] [1 2 3 4 5 6 9 11 19 23 25 28 30] [1 6 18] [1 2 6] [1 2 3 4 6 8 16 18 25] [1 59] [1 2 3 4 5 6 19 23 25 52 56] [1 2 3 4 6 16 18 19 23 52] [1 2 53] [1 2 3 4 6 8 16 19 23 25 55] [1 2 3 4 5 6 9 18 19 23 25 26] [1 2 3 4 5 18 23 25 26] [1 2 3 4 19 23 25 52] [1 2 4] [1 2 3 4 6 18] [1 2 3 4 18 19 23] [1 2 25] [2 19] [1 2 3 4 6 7 16 19] [1 2 3 4 18 25] [2 19 23] [1 2 3 4 5 6 9 18 25] [2 3 19 23] [1 2 3 4 5 6 19] [1 2 23] [1 2 3 4 5 19 23 25] [] [] [] [] [] [] [] [] [] [] [] [] [] [] [] [] [] [] [] [] [] [] [] [] [] [] [] [] [] [] [] [] [] [] [] [] [] [] [] [] [] [] [] [] [] [] [] [] [] [] [] [] [] [] [] [] [] [] [] [] [] [] [] [] [] [] [] [] [] [] [] [] [] [] [] [] [] [] [] [] [] [] [] [] [] [] [] [] [] [] [] [] [] [] [] [] [] [] [] [] [] [] [] [] [] [] [] [] [] [] [] [] [] [] [] [] [] [] [] [] [] [] [] [] [] [] [] [] [] [] [] [] [] [] [] [] [] [] [] [] [] []
125 [] [1 2 3 4 16] [1 2 3 4 19 23] [1 2 3 4 5 19 25] [1 2 3 4 5 6 16 19 23] [1 2 3 4 5 6 9 19 23 25] [1 2 3 4 19] [1 2 3] [1 2 3 4 5 6] [1 2 3 4 5 6 9 19 23 25 28 52 56] [1 2 3 4 6 19 23] [1 2 3 4 5 6 16] [1 2 3 4] [1 2 3 4 6 18 19 23 25] [1 2 3 4 18 19 23 25] [1 2 3 4 6] [1 2] [1] [1 2 3 4 5 6 19 23 25] [1 2 3 4 5 6 19 23 52] [1 2 3 4 25] [1 2 3 4 6 16] [1 2 3 4 5 18] [1 2 3 4 5 6 16 25] [1 2 3 19] [1 2 3 4 5 25] [1 2 3 4 19 23 52] [1 10] [1 2 3 4 5 6 16 18 19 23 25] [1 2 3 4 5 19] [1 2 3 4 5 6 18 19 23 25 52] [1 2 3 4 5 6 9] [1 2 59] [1 2 3 4 6 18 19 23] [1 2 3 4 5 6 18] [1 2 3 4 5 6 7 8 19 25] [1 2 3 4 5 19 23] [1 2 3 4 5 6 9 16 19 23 25 52] [1 2 3 4 6 18 25] [1 2 3 4 5 6 9 16 19 23] [1 2 3 4 5 6 9 18 19 23 25] [1 2 3 4 5 6 7 9 18 19 23 25] [1 2 3 4 6 18 19 23 25 26] [1 2 3 4 6 19 23 52] [1 2 3 4 6 8 16 18 25 55] [1 2 3 4 5 6 9 11 18] [1 2 3 4 5 6 9 19 23 25 52] [1 2 3 4 5 6 9 16 19 23 25] [1 2 3 4 5 6 9 11 19 23 25 28 30 52] [1 2 3 4 5 6 9 16 18 19 23] [1 2 3 4 5 6 19 23 25 52] [1 2 3 4 5] [1 2 3 4 6 16 18 25] [1 2 3 4 5 6 9 16 18 19 23 25 52] [1 2 3 4 16 18 25] [1 2 3 4 5 6 19 23] [1 2 3 4 5 6 16 18 25] [1 2 3 4 6 10 19] [1 2 3 4 19 25] [1 2 3 4 6 19 23 25] [1 2 3 4 6 16 19] [1 2 3 4 5 18 19] [1 2 3 4 18] [1 2 3 4 16 19 23 25] [1 2 3 4 18 19 23 25 52] [1 2 3 4 6 10 18 19 23] [1 2 3 4 6 16 18 19 23 25 26 52 55] [1 2 3 4 5 6 9 19] [1 2 3 4 5 6 9 11 19 23 25 28 30] [1 6 18] [1 2 6] [1 2 3 4 6 8 16 18 25] [1 59] [1 2 3 4 5 6 19 23 25 52 56] [1 2 3 4 6 16 18 19 23 52] [1 2 53] [1 2 3 4 6 8 16 19 23 25 55] [1 2 3 4 5 6 9 18 19 23 25 26] [1 2 3 4 5 18 23 25 26] [1 2 3 4 19 23 25 52] [1 2 4] [1 2 3 4 6 18] [1 2 3 4 18 19 23] [1 2 25] [2 19] [1 2 3 4 6 7 16 19] [1 2 3 4 18 25] [2 19 23] [1 2 3 4 5 6 9 18 25] [2 3 19 23] [1 2 3 4 5 6 19] [1 2 23] [1 2 3 4 5 19 23 25] [] [] [] [] [] [] [] [] [] [] [] [] [] [] [] [] [] [] [] [] [] [] [] [] [] [] [] [] [] [] [] [] [] [] [] [] [] [] [] [] [] [] [] [] [] [] [] [] [] [] [] [] [] [] [] [] [] [] [] [] [] [] [] [] [] [] [] [] [] [] [] [] [] [] [] [] [] [] [] [] [] [] [] [] [] [] [] [] [] [] [] [] [] [] [] [] [] [] [] [] [] [] [] [] [] [] [] [] [] [] [] [] [] [] [] [] [] [] [] [] [] [] [] [] [] [] [] [] [] [] [] [] [] [] [] [] [] [] [] [] []
126 [] [1 2 3 4 5 19 25] [1 2 3 4 5 6 16 19 23] [1 2 3 4 5 6 9 19 23 25] [1 2 3 4 19] [1 2 3] [1 2 3 4 19 23] [1 2 3 4 5 6] [1 2 3 4 5 6 9 19 23 25 28 52 56] [1 2 3 4 6 19 23] [1 2 3 4 5 6 16] [1 2 3 4] [1 2 3 4 6 18 19 23 25] [1 2 3 4 18 19 23 25] [1 2 3 4 6] [1 2] [1] [1 2 3 4 5 6 19 23 25] [1 2 3 4 5 6 19 23 52] [1 2 3 4 25] [1 2 3 4 6 16] [1 2 3 4 5 18] [1 2 3 4 5 6 16 25] [1 2 3 19] [1 2 3 4 5 25] [1 2 3 4 16] [1 2 3 4 19 23 52] [1 10] [1 2 3 4 5 6 16 18 19 23 25] [1 2 3 4 5 19] [1 2 3 4 5 6 18 19 23 25 52] [1 2 3 4 5 6 9] [1 2 59] [1 2 3 4 6 18 19 23] [1 2 3 4 5 6 18] [1 2 3 4 5 6 7 8 19 25] [1 2 3 4 5 19 23] [1 2 3 4 5 6 9 16 19 23 25 52] [1 2 3 4 6 18 25] [1 2 3 4 5 6 9 16 19 23] [1 2 3 4 5 6 9 18 19 23 25] [1 2 3 4 5 6 7 9 18 19 23 25] [1 2 3 4 6 18 19 23 25 26] [1 2 3 4 6 19 23 52] [1 2 3 4 6 8 16 18 25 55] [1 2 3 4 5 6 9 11 18] [1 2 3 4 5 6 9 19 23 25 52] [1 2 3 4 5 6 9 16 19 23 25] [1 2 3 4 5 6 9 11 19 23 25 28 30 52] [1 2 3 4 5 6 9 16 18 19 23] [1 2 3 4 5 6 19 23 25 52] [1 2 3 4 5] [1 2 3 4 6 16 18 25] [1 2 3 4 5 6 9 16 18 19 23 25 52] [1 2 3 4 16 18 25] [1 2 3 4 5 6 19 23] [1 2 3 4 5 6 16 18 25] [1 2 3 4 6 10 19] [1 2 3 4 19 25] [1 2 3 4 6 19 23 25] [1 2 3 4 6 16 19] [1 2 3 4 5 18 19] [1 2 3 4 18] [1 2 3 4 16 19 23 25] [1 2 3 4 18 19 23 25 52] [1 2 3 4 6 10 18 19 23] [1 2 3 4 6 16 18 19 23 25 26 52 55] [1 2 3 4 5 6 9 19] [1 2 3 4 5 6 9 11 19 23 25 28 30] [1 6 18] [1 2 6] [1 2 3 4 6 8 16 18 25] [1 59] [1 2 3 4 5 6 19 23 25 52 56] [1 2 3 4 6 16 18 19 23 52] [1 2 53] [1 2 3 4 6 8 16 19 23 25 55] [1 2 3 4 5 6 9 18 19 23 25 26] [1 2 3 4 5 18 23 25 26] [1 2 3 4 19 23 25 52] [1 2 4] [1 2 3 4 6 18] [1 2 3 4 18 19 23] [1 2 25] [2 19] [1 2 3 4 6 7 16 19] [1 2 3 4 18 25] [2 19 23] [1 2 3 4 5 6 9 18 25] [2 3 19 23] [1 2 3 4 5 6 19] [1 2 23] [1 2 3 4 5 19 23 25] [] [] [] [] [] [] [] [] [] [] [] [] [] [] [] [] [] [] [] [] [] [] [] [] [] [] [] [] [] [] [] [] [] [] [] [] [] [] [] [] [] [] [] [] [] [] [] [] [] [] [] [] [] [] [] [] [] [] [] [] [] [] [] [] [] [] [] [] [] [] [] [] [] [] [] [] [] [] [] [] [] [] [] [] [] [] [] [] [] [] [] [] [] [] [] [] [] [] [] [] [] [] [] [] [] [] [] [] [] [] [] [] [] [] [] [] [] [] [] [] [] [] [] [] [] [] [] [] [] [] [] [] [] [] [] [] [] [] [] [] []
127 [] [1 2 3 4 5 6 9 19 23 25] [1 2 3 4 19] [1 2 3] [1 2 3 4 19 23] [1 2 3 4 5 6] [1 2 3 4 5 6 9 19 23 25 28 52 56] [1 2 3 4 6 19 23] [1 2 3 4 5 6 16] [1 2 3 4] [1 2 3 4 6 18 19 23 25] [1 2 3 4 18 19 23 25] [1 2 3 4 6] [1 2] [1] [1 2 3 4 5 6 19 23 25] [1 2 3 4 5 6 19 23 52] [1 2 3 4 25] [1 2 3 4 6 16] [1 2 3 4 5 18] [1 2 3 4 5 6 16 25] [1 2 3 19] [1 2 3 4 5 25] [1 2 3 4 16] [1 2 3 4 19 23 52] [1 10] [1 2 3 4 5 6 16 18 19 23 25] [1 2 3 4 5 19] [1 2 3 4 5 6 18 19 23 25 52] [1 2 3 4 5 6 9] [1 2 59] [1 2 3 4 6 18 19 23] [1 2 3 4 5 6 18] [1 2 3 4 5 6 7 8 19 25] [1 2 3 4 5 19 23] [1 2 3 4 5 6 9 16 19 23 25 52] [1 2 3 4 6 18 25] [1 2 3 4 5 6 9 16 19 23] [1 2 3 4 5 6 9 18 19 23 25] [1 2 3 4 5 6 7 9 18 19 23 25] [1 2 3 4 6 18 19 23 25 26] [1 2 3 4 6 19 23 52] [1 2 3 4 6 8 16 18 25 55] [1 2 3 4 5 6 9 11 18] [1 2 3 4 5 6 9 19 23 25 52] [1 2 3 4 5 6 9 16 19 23 25] [1 2 3 4 5 6 9 11 19 23 25 28 30 52] [1 2 3 4 5 6 9 16 18 19 23] [1 2 3 4 5 6 19 23 25 52] [1 2 3 4 5] [1 2 3 4 6 16 18 25] [1 2 3 4 5 6 9 16 18 19 23 25 52] [1 2 3 4 16 18 25] [1 2 3 4 5 6 19 23] [1 2 3 4 5 6 16 18 25] [1 2 3 4 6 10 19] [1 2 3 4 19 25] [1 2 3 4 6 19 23 25] [1 2 3 4 6 16 19] [1 2 3 4 5 18 19] [1 2 3 4 18] [1 2 3 4 16 19 23 25] [1 2 3 4 18 19 23 25 52] [1 2 3 4 6 10 18 19 23] [1 2 3 4 6 16 18 19 23 25 26 52 55] [1 2 3 4 5 6 9 19] [1 2 3 4 5 6 9 11 19 23 25 28 30] [1 6 18] [1 2 6] [1 2 3 4 6 8 16 18 25] [1 59] [1 2 3 4 5 6 19 23 25 52 56] [1 2 3 4 6 16 18 19 23 52] [1 2 53] [1 2 3 4 6 8 16 19 23 25 55] [1 2 3 4 5 6 9 18 19 23 25 26] [1 2 3 4 5 18 23 25 26] [1 2 3 4 19 23 25 52] [1 2 4] [1 2 3 4 6 18] [1 2 3 4 18 19 23] [1 2 25] [2 19] [1 2 3 4 6 7 16 19] [1 2 3 4 18 25] [2 19 23] [1 2 3 4 5 6 9 18 25] [2 3 19 23] [1 2 3 4 5 6 19] [1 2 23] [1 2 3 4 5 19 23 25] [] [] [] [] [] [] [] [] [] [] [] [] [] [] [] [] [] [] [] [] [] [] [] [] [] [] [] [] [] [] [] [] [] [] [] [] [] [] [] [] [] [] [] [] [] [] [] [] [] [] [] [] [] [] [] [] [] [] [] [] [] [] [] [] [] [] [] [] [] [] [] [] [] [] [] [] [] [] [] [] [] [] [] [] [] [] [] [] [] [] [] [] [] [] [] [] [] [] [] [] [] [] [] [] [] [] [] [] [] [] [] [] [] [] [] [] [] [] [] [] [] [] [] [] [] [] [] [] [] [] [] [] [] [] [] [] [] [] [] [] [] [] []
128 [] [1 2 3] [1 2 3 4 19 23] [1 2 3 4 5 6] [1 2 3 4 5 6 9 19 23 25 28 52 56] [1 2 3 4 6 19 23] [1 2 3 4 5 6 16] [1 2 3 4] [1 2 3 4 6 18 19 23 25] [1 2 3 4 18 19 23 25] [1 2 3 4 6] [1 2] [1] [1 2 3 4 5 6 9 19 23 25] [1 2 3 4 5 6 19 23 25] [1 2 3 4 5 6 19 23 52] [1 2 3 4 25] [1 2 3 4 6 16] [1 2 3 4 5 18] [1 2 3 4 5 6 16 25] [1 2 3 19] [1 2 3 4 5 25] [1 2 3 4 16] [1 2 3 4 19 23 52] [1 10] [1 2 3 4 5 6 16 18 19 23 25] [1 2 3 4 5 19] [1 2 3 4 5 6 18 19 23 25 52] [1 2 3 4 5 6 9] [1 2 59] [1 2 3 4 6 18 19 23] [1 2 3 4 5 6 18] [1 2 3 4 5 6 7 8 19 25] [1 2 3 4 5 19 23] [1 2 3 4 5 6 9 16 19 23 25 52] [1 2 3 4 6 18 25] [1 2 3 4 5 6 9 16 19 23] [1 2 3 4 5 6 9 18 19 23 25] [1 2 3 4 5 6 7 9 18 19 23 25] [1 2 3 4 6 18 19 23 25 26] [1 2 3 4 6 19 23 52] [1 2 3 4 6 8 16 18 25 55] [1 2 3 4 5 6 9 11 18] [1 2 3 4 5 6 9 19 23 25 52] [1 2 3 4 5 6 9 16 19 23 25] [1 2 3 4 5 6 9 11 19 23 25 28 30 52] [1 2 3 4 5 6 9 16 18 19 23] [1 2 3 4 19] [1 2 3 4 5 6 19 23 25 52] [1 2 3 4 5] [1 2 3 4 6 16 18 25] [1 2 3 4 5 6 9 16 18 19 23 25 52] [1 2 3 4 16 18 25] [1 2 3 4 5 6 19 23] [1 2 3 4 5 6 16 18 25] [1 2 3 4 6 10 19] [1 2 3 4 19 25] [1 2 3 4 6 19 23 25] [1 2 3 4 6 16 19] [1 2 3 4 5 18 19] [1 2 3 4 18] [1 2 3 4 16 19 23 25] [1 2 3 4 18 19 23 25 52] [1 2 3 4 6 10 18 19 23] [1 2 3 4 6 16 18 19 23 25 26 52 55] [1 2 3 4 5 6 9 19] [1 2 3 4 5 6 9 11 19 23 25 28 30] [1 6 18] [1 2 6] [1 2 3 4 6 8 16 18 25] [1 59] [1 2 3 4 5 6 19 23 25 52 56] [1 2 3 4 6 16 18 19 23 52] [1 2 53] [1 2 3 4 6 8 16 19 23 25 55] [1 2 3 4 5 6 9 18 19 23 25 26] [1 2 3 4 5 18 23 25 26] [1 2 3 4 19 23 25 52] [1 2 4] [1 2 3 4 6 18] [1 2 3 4 18 19 23] [1 2 25] [2 19] [1 2 3 4 6 7 16 19] [1 2 3 4 18 25] [2 19 23] [1 2 3 4 5 6 9 18 25] [2 3 19 23] [1 2 3 4 5 6 19] [1 2 23] [1 2 3 4 5 19 23 25] [] [] [] [] [] [] [] [] [] [] [] [] [] [] [] [] [] [] [] [] [] [] [] [] [] [] [] [] [] [] [] [] [] [] [] [] [] [] [] [] [] [] [] [] [] [] [] [] [] [] [] [] [] [] [] [] [] [] [] [] [] [] [] [] [] [] [] [] [] [] [] [] [] [] [] [] [] [] [] [] [] [] [] [] [] [] [] [] [] [] [] [] [] [] [] [] [] [] [] [] [] [] [] [] [] [] [] [] [] [] [] [] [] [] [] [] [] [] [] [] [] [] [] [] [] [] [] [] [] [] [] [] [] [] [] [] [] [] [] [] [] [] []
129 [] [1 2 3 4 5 6] [1 2 3 4 5 6 9 19 23 25 28 52 56] [1 2 3 4 6 19 23] [1 2 3 4 5 6 16] [1 2 3 4 19 23] [1 2 3 4] [1 2 3 4 6 18 19 23 25] [1 2 3 4 18 19 23 25] [1 2 3 4 6] [1 2] [1] [1 2 3 4 5 6 9 19 23 25] [1 2 3 4 5 6 19 23 25] [1 2 3 4 5 6 19 23 52] [1 2 3 4 25] [1 2 3 4 6 16] [1 2 3 4 5 18] [1 2 3 4 5 6 16 25] [1 2 3 19] [1 2 3 4 5 25] [1 2 3 4 16] [1 2 3 4 19 23 52] [1 10] [1 2 3 4 5 6 16 18 19 23 25] [1 2 3 4 5 19] [1 2 3 4 5 6 18 19 23 25 52] [1 2 3 4 5 6 9] [1 2 59] [1 2 3 4 6 18 19 23] [1 2 3] [1 2 3 4 5 6 18] [1 2 3 4 5 6 7 8 19 25] [1 2 3 4 5 19 23] [1 2 3 4 5 6 9 16 19 23 25 52] [1 2 3 4 6 18 25] [1 2 3 4 5 6 9 16 19 23] [1 2 3 4 5 6 9 18 19 23 25] [1 2 3 4 5 6 7 9 18 19 23 25] [1 2 3 4 6 18 19 23 25 26] [1 2 3 4 6 19 23 52] [1 2 3 4 6 8 16 18 25 55] [1 2 3 4 5 6 9 11 18] [1 2 3 4 5 6 9 19 23 25 52] [1 2 3 4 5 6 9 16 19 23 25] [1 2 3 4 5 6 9 11 19 23 25 28 30 52] [1 2 3 4 5 6 9 16 18 19 23] [1 2 3 4 19] [1 2 3 4 5 6 19 23 25 52] [1 2 3 4 5] [1 2 3 4 6 16 18 25] [1 2 3 4 5 6 9 16 18 19 23 25 52] [1 2 3 4 16 18 25] [1 2 3 4 5 6 19 23] [1 2 3 4 5 6 16 18 25] [1 2 3 4 6 10 19] [1 2 3 4 19 25] [1 2 3 4 6 19 23 25] [1 2 3 4 6 16 19] [1 2 3 4 5 18 19] [1 2 3 4 18] [1 2 3 4 16 19 23 25] [1 2 3 4 18 19 23 25 52] [1 2 3 4 6 10 18 19 23] [1 2 3 4 6 16 18 19 23 25 26 52 55] [1 2 3 4 5 6 9 19] [1 2 3 4 5 6 9 11 19 23 25 28 30] [1 6 18] [1 2 6] [1 2 3 4 6 8 16 18 25] [1 59] [1 2 3 4 5 6 19 23 25 52 56] [1 2 3 4 6 16 18 19 23 52] [1 2 53] [1 2 3 4 6 8 16 19 23 25 55] [1 2 3 4 5 6 9 18 19 23 25 26] [1 2 3 4 5 18 23 25 26] [1 2 3 4 19 23 25 52] [1 2 4] [1 2 3 4 6 18] [1 2 3 4 18 19 23] [1 2 25] [2 19] [1 2 3 4 6 7 16 19] [1 2 3 4 18 25] [2 19 23] [1 2 3 4 5 6 9 18 25] [2 3 19 23] [1 2 3 4 5 6 19] [1 2 23] [1 2 3 4 5 19 23 25] [] [] [] [] [] [] [] [] [] [] [] [] [] [] [] [] [] [] [] [] [] [] [] [] [] [] [] [] [] [] [] [] [] [] [] [] [] [] [] [] [] [] [] [] [] [] [] [] [] [] [] [] [] [] [] [] [] [] [] [] [] [] [] [] [] [] [] [] [] [] [] [] [] [] [] [] [] [] [] [] [] [] [] [] [] [] [] [] [] [] [] [] [] [] [] [] [] [] [] [] [] [] [] [] [] [] [] [] [] [] [] [] [] [] [] [] [] [] [] [] [] [] [] [] [] [] [] [] [] [] [] [] [] [] [] [] [] [] [] [] [] [] []
130 [] [1 2 3 4 6 19 23] [1 2 3 4 5 6 16] [1 2 3 4 19 23] [1 2 3 4] [1 2 3 4 6 18 19 23 25] [1 2 3 4 18 19 23 25] [1 2 3 4 5 6] [1 2 3 4 6] [1 2] [1] [1 2 3 4 5 6 9 19 23 25] [1 2 3 4 5 6 19 23 25] [1 2 3 4 5 6 19 23 52] [1 2 3 4 25] [1 2 3 4 6 16] [1 2 3 4 5 18] [1 2 3 4 5 6 16 25] [1 2 3 19] [1 2 3 4 5 25] [1 2 3 4 16] [1 2 3 4 19 23 52] [1 10] [1 2 3 4 5 6 16 18 19 23 25] [1 2 3 4 5 19] [1 2 3 4 5 6 18 19 23 25 52] [1 2 3 4 5 6 9] [1 2 59] [1 2 3 4 6 18 19 23] [1 2 3] [1 2 3 4 5 6 18] [1 2 3 4 5 6 7 8 19 25] [1 2 3 4 5 19 23] [1 2 3 4 5 6 9 16 19 23 25 52] [1 2 3 4 6 18 25] [1 2 3 4 5 6 9 16 19 23] [1 2 3 4 5 6 9 18 19 23 25] [1 2 3 4 5 6 7 9 18 19 23 25] [1 2 3 4 6 18 19 23 25 26] [1 2 3 4 6 19 23 52] [1 2 3 4 6 8 16 18 25 55] [1 2 3 4 5 6 9 11 18] [1 2 3 4 5 6 9 19 23 25 52] [1 2 3 4 5 6 9 16 19 23 25] [1 2 3 4 5 6 9 11 19 23 25 28 30 52] [1 2 3 4 5 6 9 16 18 19 23] [1 2 3 4 19] [1 2 3 4 5 6 19 23 25 52] [1 2 3 4 5] [1 2 3 4 6 16 18 25] [1 2 3 4 5 6 9 16 18 19 23 25 52] [1 2 3 4 16 18 25] [1 2 3 4 5 6 19 23] [1 2 3 4 5 6 16 18 25] [1 2 3 4 6 10 19] [1 2 3 4 19 25] [1 2 3 4 6 19 23 25] [1 2 3 4 6 16 19] [1 2 3 4 5 18 19] [1 2 3 4 18] [1 2 3 4 16 19 23 25] [1 2 3 4 18 19 23 25 52] [1 2 3 4 6 10 18 19 23] [1 2 3 4 6 16 18 19 23 25 26 52 55] [1 2 3 4 5 6 9 19] [1 2 3 4 5 6 9 11 19 23 25 28 30] [1 6 18] [1 2 6] [1 2 3 4 6 8 16 18 25] [1 59] [1 2 3 4 5 6 19 23 25 52 56] [1 2 3 4 6 16 18 19 23 52] [1 2 53] [1 2 3 4 6 8 16 19 23 25 55] [1 2 3 4 5 6 9 18 19 23 25 26] [1 2 3 4 5 18 23 25 26] [1 2 3 4 19 23 25 52] [1 2 4] [1 2 3 4 6 18] [1 2 3 4 18 19 23] [1 2 25] [2 19] [1 2 3 4 6 7 16 19] [1 2 3 4 18 25] [2 19 23] [1 2 3 4 5 6 9 18 25] [2 3 19 23] [1 2 3 4 5 6 19] [1 2 23] [1 2 3 4 5 19 23 25] [] [] [] [] [] [] [] [] [] [] [] [] [] [] [] [] [] [] [] [] [] [] [] [] [] [] [] [] [] [] [] [] [] [] [] [] [] [] [] [] [] [] [] [] [] [] [] [] [] [] [] [] [] [] [] [] [] [] [] [] [] [] [] [] [] [] [] [] [] [] [] [] [] [] [] [] [] [] [] [] [] [] [] [] [] [] [] [] [] [] [] [] [] [] [] [] [] [] [] [] [] [] [] [] [] [] [] [] [] [] [] [] [] [] [] [] [] [] [] [] [] [] [] [] [] [] [] [] [] [] [] [] [] [] [] [] [] [] [] [] [] [] [] []
131 [] [1 2 3 4 6 19 23] [1 2 3 4 19 23] [1 2 3 4] [1 2 3 4 6 18 19 23 25] [1 2 3 4 18 19 23 25] [1 2 3 4 5 6] [1 2 3 4 6] [1 2] [1] [1 2 3 4 5 6 9 19 23 25] [1 2 3 4 5 6 19 23 25] [1 2 3 4 5 6 19 23 52] [1 2 3 4 25] [1 2 3 4 6 16] [1 2 3 4 5 18] [1 2 3 4 5 6 16 25] [1 2 3 19] [1 2 3 4 5 25] [1 2 3 4 16] [1 2 3 4 19 23 52] [1 10] [1 2 3 4 5 6 16 18 19 23 25] [1 2 3 4 5 19] [1 2 3 4 5 6 18 19 23 25 52] [1 2 3 4 5 6 9] [1 2 59] [1 2 3 4 6 18 19 23] [1 2 3] [1 2 3 4 5 6 18] [1 2 3 4 5 6 7 8 19 25] [1 2 3 4 5 19 23] [1 2 3 4 5 6 9 16 19 23 25 52] [1 2 3 4 6 18 25] [1 2 3 4 5 6 9 16 19 23] [1 2 3 4 5 6 9 18 19 23 25] [1 2 3 4 5 6 7 9 18 19 23 25] [1 2 3 4 6 18 19 23 25 26] [1 2 3 4 6 19 23 52] [1 2 3 4 6 8 16 18 25 55] [1 2 3 4 5 6 9 11 18] [1 2 3 4 5 6 9 19 23 25 52] [1 2 3 4 5 6 9 16 19 23 25] [1 2 3 4 5 6 9 11 19 23 25 28 30 52] [1 2 3 4 5 6 9 16 18 19 23] [1 2 3 4 19] [1 2 3 4 5 6 19 23 25 52] [1 2 3 4 5] [1 2 3 4 6 16 18 25] [1 2 3 4 5 6 9 16 18 19 23 25 52] [1 2 3 4 16 18 25] [1 2 3 4 5 6 19 23] [1 2 3 4 5 6 16 18 25] [1 2 3 4 6 10 19] [1 2 3 4 19 25] [1 2 3 4 6 19 23 25] [1 2 3 4 6 16 19] [1 2 3 4 5 18 19] [1 2 3 4 18] [1 2 3 4 16 19 23 25] [1 2 3 4 18 19 23 25 52] [1 2 3 4 6 10 18 19 23] [1 2 3 4 6 16 18 19 23 25 26 52 55] [1 2 3 4 5 6 9 19] [1 2 3 4 5 6 9 11 19 23 25 28 30] [1 6 18] [1 2 6] [1 2 3 4 6 8 16 18 25] [1 59] [1 2 3 4 5 6 19 23 25 52 56] [1 2 3 4 6 16 18 19 23 52] [1 2 53] [1 2 3 4 6 8 16 19 23 25 55] [1 2 3 4 5 6 9 18 19 23 25 26] [1 2 3 4 5 18 23 25 26] [1 2 3 4 19 23 25 52] [1 2 4] [1 2 3 4 5 6 16] [1 2 3 4 6 18] [1 2 3 4 18 19 23] [1 2 25] [2 19] [1 2 3 4 6 7 16 19] [1 2 3 4 18 25] [2 19 23] [1 2 3 4 5 6 9 18 25] [2 3 19 23] [1 2 3 4 5 6 19] [1 2 23] [1 2 3 4 5 19 23 25] [] [] [] [] [] [] [] [] [] [] [] [] [] [] [] [] [] [] [] [] [] [] [] [] [] [] [] [] [] [] [] [] [] [] [] [] [] [] [] [] [] [] [] [] [] [] [] [] [] [] [] [] [] [] [] [] [] [] [] [] [] [] [] [] [] [] [] [] [] [] [] [] [] [] [] [] [] [] [] [] [] [] [] [] [] [] [] [] [] [] [] [] [] [] [] [] [] [] [] [] [] [] [] [] [] [] [] [] [] [] [] [] [] [] [] [] [] [] [] [] [] [] [] [] [] [] [] [] [] [] [] [] [] [] [] [] [] [] [] [] [] [] [] []
132 [] [1 2 3 4] [1 2 3 4 6 18 19 23 25] [1 2 3 4 18 19 23 25] [1 2 3 4 5 6] [1 2 3 4 6] [1 2] [1] [1 2 3 4 5 6 9 19 23 25] [1 2 3 4 5 6 19 23 25] [1 2 3 4 5 6 19 23 52] [1 2 3 4 25] [1 2 3 4 6 16] [1 2 3 4 5 18] [1 2 3 4 5 6 16 25] [1 2 3 19] [1 2 3 4 5 25] [1 2 3 4 16] [1 2 3 4 19 23 52] [1 10] [1 2 3 4 5 6 16 18 19 23 25] [1 2 3 4 5 19] [1 2 3 4 5 6 18 19 23 25 52] [1 2 3 4 5 6 9] [1 2 59] [1 2 3 4 6 18 19 23] [1 2 3] [1 2 3 4 5 6 18] [1 2 3 4 5 6 7 8 19 25] [1 2 3 4 5 19 23] [1 2 3 4 5 6 9 16 19 23 25 52] [1 2 3 4 6 18 25] [1 2 3 4 5 6 9 16 19 23] [1 2 3 4 5 6 9 18 19 23 25] [1 2 3 4 5 6 7 9 18 19 23 25] [1 2 3 4 6 18 19 23 25 26] [1 2 3 4 6 19 23 52] [1 2 3 4 6 19 23] [1 2 3 4 6 8 16 18 25 55] [1 2 3 4 5 6 9 11 18] [1 2 3 4 5 6 9 19 23 25 52] [1 2 3 4 5 6 9 16 19 23 25] [1 2 3 4 5 6 9 11 19 23 25 28 30 52] [1 2 3 4 5 6 9 16 18 19 23] [1 2 3 4 19] [1 2 3 4 5 6 19 23 25 52] [1 2 3 4 5] [1 2 3 4 6 16 18 25] [1 2 3 4 5 6 9 16 18 19 23 25 52] [1 2 3 4 19 23] [1 2 3 4 16 18 25] [1 2 3 4 5 6 19 23] [1 2 3 4 5 6 16 18 25] [1 2 3 4 6 10 19] [1 2 3 4 19 25] [1 2 3 4 6 19 23 25] [1 2 3 4 6 16 19] [1 2 3 4 5 18 19] [1 2 3 4 18] [1 2 3 4 16 19 23 25] [1 2 3 4 18 19 23 25 52] [1 2 3 4 6 10 18 19 23] [1 2 3 4 6 16 18 19 23 25 26 52 55] [1 2 3 4 5 6 9 19] [1 2 3 4 5 6 9 11 19 23 25 28 30] [1 6 18] [1 2 6] [1 2 3 4 6 8 16 18 25] [1 59] [1 2 3 4 5 6 19 23 25 52 56] [1 2 3 4 6 16 18 19 23 52] [1 2 53] [1 2 3 4 6 8 16 19 23 25 55] [1 2 3 4 5 6 9 18 19 23 25 26] [1 2 3 4 5 18 23 25 26] [1 2 3 4 19 23 25 52] [1 2 4] [1 2 3 4 5 6 16] [1 2 3 4 6 18] [1 2 3 4 18 19 23] [1 2 25] [2 19] [1 2 3 4 6 7 16 19] [1 2 3 4 18 25] [2 19 23] [1 2 3 4 5 6 9 18 25] [2 3 19 23] [1 2 3 4 5 6 19] [1 2 23] [1 2 3 4 5 19 23 25] [] [] [] [] [] [] [] [] [] [] [] [] [] [] [] [] [] [] [] [] [] [] [] [] [] [] [] [] [] [] [] [] [] [] [] [] [] [] [] [] [] [] [] [] [] [] [] [] [] [] [] [] [] [] [] [] [] [] [] [] [] [] [] [] [] [] [] [] [] [] [] [] [] [] [] [] [] [] [] [] [] [] [] [] [] [] [] [] [] [] [] [] [] [] [] [] [] [] [] [] [] [] [] [] [] [] [] [] [] [] [] [] [] [] [] [] [] [] [] [] [] [] [] [] [] [] [] [] [] [] [] [] [] [] [] [] [] [] [] [] [] [] [] []
133 [] [1 2 3 4 18 19 23 25] [1 2 3 4 5 6] [1 2] [1 2 3 4 6] [1] [1 2 3 4 5 6 9 19 23 25] [1 2 3 4] [1 2 3 4 5 6 19 23 25] [1 2 3 4 5 6 19 23 52] [1 2 3 4 25] [1 2 3 4 6 16] [1 2 3 4 5 18] [1 2 3 4 5 6 16 25] [1 2 3 19] [1 2 3 4 5 25] [1 2 3 4 16] [1 2 3 4 19 23 52] [1 10] [1 2 3 4 5 6 16 18 19 23 25] [1 2 3 4 5 19] [1 2 3 4 5 6 18 19 23 25 52] [1 2 3 4 5 6 9] [1 2 59] [1 2 3 4 6 18 19 23] [1 2 3] [1 2 3 4 5 6 18] [1 2 3 4 5 6 7 8 19 25] [1 2 3 4 5 19 23] [1 2 3 4 5 6 9 16 19 23 25 52] [1 2 3 4 6 18 25] [1 2 3 4 5 6 9 16 19 23] [1 2 3 4 5 6 9 18 19 23 25] [1 2 3 4 5 6 7 9 18 19 23 25] [1 2 3 4 6 18 19 23 25 26] [1 2 3 4 6 19 23 52] [1 2 3 4 6 19 23] [1 2 3 4 6 8 16 18 25 55] [1 2 3 4 5 6 9 11 18] [1 2 3 4 5 6 9 19 23 25 52] [1 2 3 4 5 6 9 16 19 23 25] [1 2 3 4 5 6 9 11 19 23 25 28 30 52] [1 2 3 4 5 6 9 16 18 19 23] [1 2 3 4 19] [1 2 3 4 5 6 19 23 25 52] [1 2 3 4 5] [1 2 3 4 6 16 18 25] [1 2 3 4 5 6 9 16 18 19 23 25 52] [1 2 3 4 19 23] [1 2 3 4 16 18 25] [1 2 3 4 5 6 19 23] [1 2 3 4 5 6 16 18 25] [1 2 3 4 6 10 19] [1 2 3 4 19 25] [1 2 3 4 6 19 23 25] [1 2 3 4 6 16 19] [1 2 3 4 5 18 19] [1 2 3 4 18] [1 2 3 4 16 19 23 25] [1 2 3 4 18 19 23 25 52] [1 2 3 4 6 10 18 19 23] [1 2 3 4 6 16 18 19 23 25 26 52 55] [1 2 3 4 5 6 9 19] [1 2 3 4 5 6 9 11 19 23 25 28 30] [1 6 18] [1 2 6] [1 2 3 4 6 8 16 18 25] [1 59] [1 2 3 4 5 6 19 23 25 52 56] [1 2 3 4 6 16 18 19 23 52] [1 2 53] [1 2 3 4 6 8 16 19 23 25 55] [1 2 3 4 5 6 9 18 19 23 25 26] [1 2 3 4 5 18 23 25 26] [1 2 3 4 19 23 25 52] [1 2 4] [1 2 3 4 5 6 16] [1 2 3 4 6 18] [1 2 3 4 18 19 23] [1 2 25] [2 19] [1 2 3 4 6 7 16 19] [1 2 3 4 18 25] [2 19 23] [1 2 3 4 5 6 9 18 25] [2 3 19 23] [1 2 3 4 5 6 19] [1 2 23] [1 2 3 4 5 19 23 25] [] [] [] [] [] [] [] [] [] [] [] [] [] [] [] [] [] [] [] [] [] [] [] [] [] [] [] [] [] [] [] [] [] [] [] [] [] [] [] [] [] [] [] [] [] [] [] [] [] [] [] [] [] [] [] [] [] [] [] [] [] [] [] [] [] [] [] [] [] [] [] [] [] [] [] [] [] [] [] [] [] [] [] [] [] [] [] [] [] [] [] [] [] [] [] [] [] [] [] [] [] [] [] [] [] [] [] [] [] [] [] [] [] [] [] [] [] [] [] [] [] [] [] [] [] [] [] [] [] [] [] [] [] [] [] [] [] [] [] [] [] [] [] [] []
134 [] [1 2] [1 2 3 4 6] [1] [1 2 3 4 5 6 9 19 23 25] [1 2 3 4] [1 2 3 4 5 6 19 23 25] [1 2 3 4 5 6 19 23 52] [1 2 3 4 25] [1 2 3 4 6 16] [1 2 3 4 5 18] [1 2 3 4 5 6 16 25] [1 2 3 19] [1 2 3 4 5 25] [1 2 3 4 16] [1 2 3 4 19 23 52] [1 10] [1 2 3 4 5 6 16 18 19 23 25] [1 2 3 4 5 6] [1 2 3 4 5 19] [1 2 3 4 5 6 18 19 23 25 52] [1 2 3 4 5 6 9] [1 2 59] [1 2 3 4 6 18 19 23] [1 2 3] [1 2 3 4 5 6 18] [1 2 3 4 5 6 7 8 19 25] [1 2 3 4 5 19 23] [1 2 3 4 5 6 9 16 19 23 25 52] [1 2 3 4 6 18 25] [1 2 3 4 5 6 9 16 19 23] [1 2 3 4 5 6 9 18 19 23 25] [1 2 3 4 5 6 7 9 18 19 23 25] [1 2 3 4 6 18 19 23 25 26] [1 2 3 4 6 19 23 52] [1 2 3 4 6 19 23] [1 2 3 4 6 8 16 18 25 55] [1 2 3 4 5 6 9 11 18] [1 2 3 4 5 6 9 19 23 25 52] [1 2 3 4 5 6 9 16 19 23 25] [1 2 3 4 5 6 9 11 19 23 25 28 30 52] [1 2 3 4 5 6 9 16 18 19 23] [1 2 3 4 19] [1 2 3 4 5 6 19 23 25 52] [1 2 3 4 5] [1 2 3 4 6 16 18 25] [1 2 3 4 5 6 9 16 18 19 23 25 52] [1 2 3 4 19 23] [1 2 3 4 16 18 25] [1 2 3 4 5 6 19 23] [1 2 3 4 5 6 16 18 25] [1 2 3 4 6 10 19] [1 2 3 4 19 25] [1 2 3 4 6 19 23 25] [1 2 3 4 6 16 19] [1 2 3 4 5 18 19] [1 2 3 4 18] [1 2 3 4 16 19 23 25] [1 2 3 4 18 19 23 25 52] [1 2 3 4 6 10 18 19 23] [1 2 3 4 6 16 18 19 23 25 26 52 55] [1 2 3 4 5 6 9 19] [1 2 3 4 5 6 9 11 19 23 25 28 30] [1 6 18] [1 2 6] [1 2 3 4 6 8 16 18 25] [1 59] [1 2 3 4 5 6 19 23 25 52 56] [1 2 3 4 6 16 18 19 23 52] [1 2 53] [1 2 3 4 6 8 16 19 23 25 55] [1 2 3 4 5 6 9 18 19 23 25 26] [1 2 3 4 5 18 23 25 26] [1 2 3 4 19 23 25 52] [1 2 4] [1 2 3 4 5 6 16] [1 2 3 4 6 18] [1 2 3 4 18 19 23] [1 2 25] [2 19] [1 2 3 4 6 7 16 19] [1 2 3 4 18 25] [2 19 23] [1 2 3 4 5 6 9 18 25] [2 3 19 23] [1 2 3 4 5 6 19] [1 2 23] [1 2 3 4 5 19 23 25] [] [] [] [] [] [] [] [] [] [] [] [] [] [] [] [] [] [] [] [] [] [] [] [] [] [] [] [] [] [] [] [] [] [] [] [] [] [] [] [] [] [] [] [] [] [] [] [] [] [] [] [] [] [] [] [] [] [] [] [] [] [] [] [] [] [] [] [] [] [] [] [] [] [] [] [] [] [] [] [] [] [] [] [] [] [] [] [] [] [] [] [] [] [] [] [] [] [] [] [] [] [] [] [] [] [] [] [] [] [] [] [] [] [] [] [] [] [] [] [] [] [] [] [] [] [] [] [] [] [] [] [] [] [] [] [] [] [] [] [] [] [] [] [] [] []
135 [] [1 2 3 4 6] [1 2 3 4 5 6 9 19 23 25] [1 2 3 4] [1 2 3 4 5 6 19 23 25] [1 2 3 4 25] [1 2 3 4 6 16] [1 2 3 4 5 18] [1 2 3 4 5 6 16 25] [1 2] [1 2 3 19] [1] [1 2 3 4 5 25] [1 2 3 4 16] [1 2 3 4 19 23 52] [1 10] [1 2 3 4 5 6 16 18 19 23 25] [1 2 3 4 5 6] [1 2 3 4 5 19] [1 2 3 4 5 6 18 19 23 25 52] [1 2 3 4 5 6 9] [1 2 59] [1 2 3 4 6 18 19 23] [1 2 3] [1 2 3 4 5 6 18] [1 2 3 4 5 6 7 8 19 25] [1 2 3 4 5 19 23] [1 2 3 4 5 6 9 16 19 23 25 52] [1 2 3 4 6 18 25] [1 2 3 4 5 6 9 16 19 23] [1 2 3 4 5 6 9 18 19 23 25] [1 2 3 4 5 6 7 9 18 19 23 25] [1 2 3 4 6 18 19 23 25 26] [1 2 3 4 6 19 23 52] [1 2 3 4 6 19 23] [1 2 3 4 6 8 16 18 25 55] [1 2 3 4 5 6 9 11 18] [1 2 3 4 5 6 9 19 23 25 52] [1 2 3 4 5 6 9 16 19 23 25] [1 2 3 4 5 6 9 11 19 23 25 28 30 52] [1 2 3 4 5 6 9 16 18 19 23] [1 2 3 4 19] [1 2 3 4 5 6 19 23 25 52] [1 2 3 4 5] [1 2 3 4 5 6 19 23 52] [1 2 3 4 6 16 18 25] [1 2 3 4 5 6 9 16 18 19 23 25 52] [1 2 3 4 19 23] [1 2 3 4 16 18 25] [1 2 3 4 5 6 19 23] [1 2 3 4 5 6 16 18 25] [1 2 3 4 6 10 19] [1 2 3 4 19 25] [1 2 3 4 6 19 23 25] [1 2 3 4 6 16 19] [1 2 3 4 5 18 19] [1 2 3 4 18] [1 2 3 4 16 19 23 25] [1 2 3 4 18 19 23 25 52] [1 2 3 4 6 10 18 19 23] [1 2 3 4 6 16 18 19 23 25 26 52 55] [1 2 3 4 5 6 9 19] [1 2 3 4 5 6 9 11 19 23 25 28 30] [1 6 18] [1 2 6] [1 2 3 4 6 8 16 18 25] [1 59] [1 2 3 4 5 6 19 23 25 52 56] [1 2 3 4 6 16 18 19 23 52] [1 2 53] [1 2 3 4 6 8 16 19 23 25 55] [1 2 3 4 5 6 9 18 19 23 25 26] [1 2 3 4 5 18 23 25 26] [1 2 3 4 19 23 25 52] [1 2 4] [1 2 3 4 5 6 16] [1 2 3 4 6 18] [1 2 3 4 18 19 23] [1 2 25] [2 19] [1 2 3 4 6 7 16 19] [1 2 3 4 18 25] [2 19 23] [1 2 3 4 5 6 9 18 25] [2 3 19 23] [1 2 3 4 5 6 19] [1 2 23] [1 2 3 4 5 19 23 25] [] [] [] [] [] [] [] [] [] [] [] [] [] [] [] [] [] [] [] [] [] [] [] [] [] [] [] [] [] [] [] [] [] [] [] [] [] [] [] [] [] [] [] [] [] [] [] [] [] [] [] [] [] [] [] [] [] [] [] [] [] [] [] [] [] [] [] [] [] [] [] [] [] [] [] [] [] [] [] [] [] [] [] [] [] [] [] [] [] [] [] [] [] [] [] [] [] [] [] [] [] [] [] [] [] [] [] [] [] [] [] [] [] [] [] [] [] [] [] [] [] [] [] [] [] [] [] [] [] [] [] [] [] [] [] [] [] [] [] [] [] [] [] [] [] []
136 [] [1 2 3 4 6] [1 2 3 4 5 6 9 19 23 25] [1 2 3 4] [1 2 3 4 5 6 19 23 25] [1 2 3 4 25] [1 2 3 4 6 16] [1 2 3 4 5 18] [1 2 3 4 5 6 16 25] [1 2] [1 2 3 19] [1] [1 2 3 4 5 25] [1 2 3 4 16] [1 2 3 4 19 23 52] [1 10] [1 2 3 4 5 6 16 18 19 23 25] [1 2 3 4 5 6] [1 2 3 4 5 19] [1 2 3 4 5 6 18 19 23 25 52] [1 2 3 4 5 6 9] [1 2 59] [1 2 3 4 6 18 19 23] [1 2 3] [1 2 3 4 5 6 18] [1 2 3 4 5 6 7 8 19 25] [1 2 3 4 5 19 23] [1 2 3 4 5 6 9 16 19 23 25 52] [1 2 3 4 6 18 25] [1 2 3 4 5 6 9 16 19 23] [1 2 3 4 5 6 9 18 19 23 25] [1 2 3 4 5 6 7 9 18 19 23 25] [1 2 3 4 6 18 19 23 25 26] [1 2 3 4 6 19 23 52] [1 2 3 4 6 19 23] [1 2 3 4 6 8 16 18 25 55] [1 2 3 4 5 6 9 11 18] [1 2 3 4 5 6 9 19 23 25 52] [1 2 3 4 5 6 9 16 19 23 25] [1 2 3 4 5 6 9 11 19 23 25 28 30 52] [1 2 3 4 5 6 9 16 18 19 23] [1 2 3 4 19] [1 2 3 4 5 6 19 23 25 52] [1 2 3 4 5] [1 2 3 4 5 6 19 23 52] [1 2 3 4 6 16 18 25] [1 2 3 4 5 6 9 16 18 19 23 25 52] [1 2 3 4 19 23] [1 2 3 4 16 18 25] [1 2 3 4 5 6 19 23] [1 2 3 4 5 6 16 18 25] [1 2 3 4 6 10 19] [1 2 3 4 19 25] [1 2 3 4 6 19 23 25] [1 2 3 4 6 16 19] [1 2 3 4 5 18 19] [1 2 3 4 18] [1 2 3 4 16 19 23 25] [1 2 3 4 18 19 23 25 52] [1 2 3 4 6 10 18 19 23] [1 2 3 4 6 16 18 19 23 25 26 52 55] [1 2 3 4 5 6 9 19] [1 2 3 4 5 6 9 11 19 23 25 28 30] [1 6 18] [1 2 6] [1 2 3 4 6 8 16 18 25] [1 59] [1 2 3 4 5 6 19 23 25 52 56] [1 2 3 4 6 16 18 19 23 52] [1 2 53] [1 2 3 4 6 8 16 19 23 25 55] [1 2 3 4 5 6 9 18 19 23 25 26] [1 2 3 4 5 18 23 25 26] [1 2 3 4 19 23 25 52] [1 2 4] [1 2 3 4 5 6 16] [1 2 3 4 6 18] [1 2 3 4 18 19 23] [1 2 25] [2 19] [1 2 3 4 6 7 16 19] [1 2 3 4 18 25] [2 19 23] [1 2 3 4 5 6 9 18 25] [2 3 19 23] [1 2 3 4 5 6 19] [1 2 23] [1 2 3 4 5 19 23 25] [] [] [] [] [] [] [] [] [] [] [] [] [] [] [] [] [] [] [] [] [] [] [] [] [] [] [] [] [] [] [] [] [] [] [] [] [] [] [] [] [] [] [] [] [] [] [] [] [] [] [] [] [] [] [] [] [] [] [] [] [] [] [] [] [] [] [] [] [] [] [] [] [] [] [] [] [] [] [] [] [] [] [] [] [] [] [] [] [] [] [] [] [] [] [] [] [] [] [] [] [] [] [] [] [] [] [] [] [] [] [] [] [] [] [] [] [] [] [] [] [] [] [] [] [] [] [] [] [] [] [] [] [] [] [] [] [] [] [] [] [] [] [] [] [] []
137 [] [1 2 3 4 5 6 9 19 23 25] [1 2 3 4] [1 2 3 4 5 6 19 23 25] [1 2 3 4 25] [1 2 3 4 6 16] [1 2 3 4 6] [1 2 3 4 5 18] [1 2 3 4 5 6 16 25] [1 2] [1 2 3 19] [1] [1 2 3 4 5 25] [1 2 3 4 16] [1 2 3 4 19 23 52] [1 10] [1 2 3 4 5 6 16 18 19 23 25] [1 2 3 4 5 6] [1 2 3 4 5 19] [1 2 3 4 5 6 18 19 23 25 52] [1 2 3 4 5 6 9] [1 2 59] [1 2 3 4 6 18 19 23] [1 2 3] [1 2 3 4 5 6 18] [1 2 3 4 5 6 7 8 19 25] [1 2 3 4 5 19 23] [1 2 3 4 5 6 9 16 19 23 25 52] [1 2 3 4 6 18 25] [1 2 3 4 5 6 9 16 19 23] [1 2 3 4 5 6 9 18 19 23 25] [1 2 3 4 5 6 7 9 18 19 23 25] [1 2 3 4 6 18 19 23 25 26] [1 2 3 4 6 19 23 52] [1 2 3 4 6 19 23] [1 2 3 4 6 8 16 18 25 55] [1 2 3 4 5 6 9 11 18] [1 2 3 4 5 6 9 19 23 25 52] [1 2 3 4 5 6 9 16 19 23 25] [1 2 3 4 5 6 9 11 19 23 25 28 30 52] [1 2 3 4 5 6 9 16 18 19 23] [1 2 3 4 19] [1 2 3 4 5 6 19 23 25 52] [1 2 3 4 5] [1 2 3 4 5 6 19 23 52] [1 2 3 4 6 16 18 25] [1 2 3 4 5 6 9 16 18 19 23 25 52] [1 2 3 4 19 23] [1 2 3 4 16 18 25] [1 2 3 4 5 6 19 23] [1 2 3 4 5 6 16 18 25] [1 2 3 4 6 10 19] [1 2 3 4 19 25] [1 2 3 4 6 19 23 25] [1 2 3 4 6 16 19] [1 2 3 4 5 18 19] [1 2 3 4 18] [1 2 3 4 16 19 23 25] [1 2 3 4 18 19 23 25 52] [1 2 3 4 6 10 18 19 23] [1 2 3 4 6 16 18 19 23 25 26 52 55] [1 2 3 4 5 6 9 19] [1 2 3 4 5 6 9 11 19 23 25 28 30] [1 6 18] [1 2 6] [1 2 3 4 6 8 16 18 25] [1 59] [1 2 3 4 5 6 19 23 25 52 56] [1 2 3 4 6 16 18 19 23 52] [1 2 53] [1 2 3 4 6 8 16 19 23 25 55] [1 2 3 4 5 6 9 18 19 23 25 26] [1 2 3 4 5 18 23 25 26] [1 2 3 4 19 23 25 52] [1 2 4] [1 2 3 4 5 6 16] [1 2 3 4 6 18] [1 2 3 4 18 19 23] [1 2 25] [2 19] [1 2 3 4 6 7 16 19] [1 2 3 4 18 25] [2 19 23] [1 2 3 4 5 6 9 18 25] [2 3 19 23] [1 2 3 4 5 6 19] [1 2 23] [1 2 3 4 5 19 23 25] [] [] [] [] [] [] [] [] [] [] [] [] [] [] [] [] [] [] [] [] [] [] [] [] [] [] [] [] [] [] [] [] [] [] [] [] [] [] [] [] [] [] [] [] [] [] [] [] [] [] [] [] [] [] [] [] [] [] [] [] [] [] [] [] [] [] [] [] [] [] [] [] [] [] [] [] [] [] [] [] [] [] [] [] [] [] [] [] [] [] [] [] [] [] [] [] [] [] [] [] [] [] [] [] [] [] [] [] [] [] [] [] [] [] [] [] [] [] [] [] [] [] [] [] [] [] [] [] [] [] [] [] [] [] [] [] [] [] [] [] [] [] [] [] [] []
138 [] [1 2 3 4 5 6 9 19 23 25] [1 2 3 4] [1 2 3 4 5 6 19 23 25] [1 2 3 4 25] [1 2 3 4 6 16] [1 2 3 4 6] [1 2 3 4 5 18] [1 2 3 4 5 6 16 25] [1 2] [1 2 3 19] [1] [1 2 3 4 5 25] [1 2 3 4 16] [1 2 3 4 19 23 52] [1 10] [1 2 3 4 5 6 16 18 19 23 25] [1 2 3 4 5 6] [1 2 3 4 5 19] [1 2 3 4 5 6 18 19 23 25 52] [1 2 3 4 5 6 9] [1 2 59] [1 2 3 4 6 18 19 23] [1 2 3] [1 2 3 4 5 6 18] [1 2 3 4 5 6 7 8 19 25] [1 2 3 4 5 19 23] [1 2 3 4 5 6 9 16 19 23 25 52] [1 2 3 4 6 18 25] [1 2 3 4 5 6 9 16 19 23] [1 2 3 4 5 6 9 18 19 23 25] [1 2 3 4 5 6 7 9 18 19 23 25] [1 2 3 4 6 18 19 23 25 26] [1 2 3 4 6 19 23 52] [1 2 3 4 6 19 23] [1 2 3 4 6 8 16 18 25 55] [1 2 3 4 5 6 9 11 18] [1 2 3 4 5 6 9 19 23 25 52] [1 2 3 4 5 6 9 16 19 23 25] [1 2 3 4 5 6 9 11 19 23 25 28 30 52] [1 2 3 4 5 6 9 16 18 19 23] [1 2 3 4 19] [1 2 3 4 5 6 19 23 25 52] [1 2 3 4 5] [1 2 3 4 5 6 19 23 52] [1 2 3 4 6 16 18 25] [1 2 3 4 5 6 9 16 18 19 23 25 52] [1 2 3 4 19 23] [1 2 3 4 16 18 25] [1 2 3 4 5 6 19 23] [1 2 3 4 5 6 16 18 25] [1 2 3 4 6 10 19] [1 2 3 4 19 25] [1 2 3 4 6 19 23 25] [1 2 3 4 6 16 19] [1 2 3 4 5 18 19] [1 2 3 4 18] [1 2 3 4 16 19 23 25] [1 2 3 4 18 19 23 25 52] [1 2 3 4 6 10 18 19 23] [1 2 3 4 6 16 18 19 23 25 26 52 55] [1 2 50] [1 2 3 4 5 6 9 19] [1 2 3 4 5 6 9 11 19 23 25 28 30] [1 6 18] [1 2 6] [1 2 3 4 6 8 16 18 25] [1 59] [1 2 3 4 5 6 19 23 25 52 56] [1 2 3 4 6 16 18 19 23 52] [1 2 53] [1 2 3 4 6 8 16 19 23 25 55] [1 2 3 4 5 6 9 18 19 23 25 26] [1 2 3 4 5 18 23 25 26] [1 2 3 4 19 23 25 52] [1 2 4] [1 2 3 4 5 6 16] [1 2 3 4 6 18] [1 2 3 4 18 19 23] [1 2 25] [2 19] [1 2 3 4 6 7 16 19] [1 2 3 4 18 25] [2 19 23] [1 2 3 4 5 6 9 18 25] [2 3 19 23] [1 2 3 4 5 6 19] [1 2 23] [1 2 3 4 5 19 23 25] [] [] [] [] [] [] [] [] [] [] [] [] [] [] [] [] [] [] [] [] [] [] [] [] [] [] [] [] [] [] [] [] [] [] [] [] [] [] [] [] [] [] [] [] [] [] [] [] [] [] [] [] [] [] [] [] [] [] [] [] [] [] [] [] [] [] [] [] [] [] [] [] [] [] [] [] [] [] [] [] [] [] [] [] [] [] [] [] [] [] [] [] [] [] [] [] [] [] [] [] [] [] [] [] [] [] [] [] [] [] [] [] [] [] [] [] [] [] [] [] [] [] [] [] [] [] [] [] [] [] [] [] [] [] [] [] [] [] [] [] [] [] [] [] []
139 [] [1 2 3 4] [1 2 3 4 5 6 19 23 25] [1 2 3 4 25] [1 2 3 4 6 16] [1 2 3 4 6] [1 2 3 4 5 18] [1 2 3 4 5 6 16 25] [1 2] [1 2 3 19] [1] [1 2 3 4 5 25] [1 2 3 4 16] [1 2 3 4 19 23 52] [1 10] [1 2 3 4 5 6 16 18 19 23 25] [1 2 3 4 5 6] [1 2 3 4 5 19] [1 2 3 4 5 6 18 19 23 25 52] [1 2 3 4 5 6 9] [1 2 59] [1 2 3 4 6 18 19 23] [1 2 3] [1 2 3 4 5 6 18] [1 2 3 4 5 6 7 8 19 25] [1 2 3 4 5 19 23] [1 2 3 4 5 6 9 16 19 23 25 52] [1 2 3 4 6 18 25] [1 2 3 4 5 6 9 16 19 23] [1 2 3 4 5 6 9 18 19 23 25] [1 2 3 4 5 6 7 9 18 19 23 25] [1 2 3 4 6 18 19 23 25 26] [1 2 3 4 5 6 9 19 23 25] [1 2 3 4 6 19 23 52] [1 2 3 4 6 19 23] [1 2 3 4 6 8 16 18 25 55] [1 2 3 4 5 6 9 11 18] [1 2 3 4 5 6 9 19 23 25 52] [1 2 3 4 5 6 9 16 19 23 25] [1 2 3 4 5 6 9 11 19 23 25 28 30 52] [1 2 3 4 5 6 9 16 18 19 23] [1 2 3 4 19] [1 2 3 4 5 6 19 23 25 52] [1 2 3 4 5] [1 2 3 4 5 6 19 23 52] [1 2 3 4 6 16 18 25] [1 2 3 4 5 6 9 16 18 19 23 25 52] [1 2 3 4 19 23] [1 2 3 4 16 18 25] [1 2 3 4 5 6 19 23] [1 2 3 4 5 6 16 18 25] [1 2 3 4 6 10 19] [1 2 3 4 19 25] [1 2 3 4 6 19 23 25] [1 2 3 4 6 16 19] [1 2 3 4 5 18 19] [1 2 3 4 18] [1 2 3 4 16 19 23 25] [1 2 3 4 18 19 23 25 52] [1 2 3 4 6 10 18 19 23] [1 2 3 4 6 16 18 19 23 25 26 52 55] [1 2 50] [1 2 3 4 5 6 9 19] [1 2 3 4 5 6 9 11 19 23 25 28 30] [1 6 18] [1 2 6] [1 2 3 4 6 8 16 18 25] [1 59] [1 2 3 4 5 6 19 23 25 52 56] [1 2 3 4 6 16 18 19 23 52] [1 2 53] [1 2 3 4 6 8 16 19 23 25 55] [1 2 3 4 5 6 9 18 19 23 25 26] [1 2 3 4 5 18 23 25 26] [1 2 3 4 19 23 25 52] [1 2 4] [1 2 3 4 5 6 16] [1 2 3 4 6 18] [1 2 3 4 18 19 23] [1 2 25] [2 19] [1 2 3 4 6 7 16 19] [1 2 3 4 18 25] [2 19 23] [1 2 3 4 5 6 9 18 25] [2 3 19 23] [1 2 3 4 5 6 19] [1 2 23] [1 2 3 4 5 19 23 25] [] [] [] [] [] [] [] [] [] [] [] [] [] [] [] [] [] [] [] [] [] [] [] [] [] [] [] [] [] [] [] [] [] [] [] [] [] [] [] [] [] [] [] [] [] [] [] [] [] [] [] [] [] [] [] [] [] [] [] [] [] [] [] [] [] [] [] [] [] [] [] [] [] [] [] [] [] [] [] [] [] [] [] [] [] [] [] [] [] [] [] [] [] [] [] [] [] [] [] [] [] [] [] [] [] [] [] [] [] [] [] [] [] [] [] [] [] [] [] [] [] [] [] [] [] [] [] [] [] [] [] [] [] [] [] [] [] [] [] [] [] [] [] [] []
140 [] [1 2 3 4] [1 2 3 4 5 18 19 23] [1 2 3 4 5 6 19 23 25] [1 2 3 4 25] [1 2 3 4 6 16] [1 2 3 4 6] [1 2 3 4 5 18] [1 2 3 4 5 6 16 25] [1 2] [1 2 3 19] [1] [1 2 3 4 5 25] [1 2 3 4 16] [1 2 3 4 19 23 52] [1 10] [1 2 3 4 5 6 16 18 19 23 25] [1 2 3 4 5 6] [1 2 3 4 5 19] [1 2 3 4 5 6 18 19 23 25 52] [1 2 3 4 5 6 9] [1 2 59] [1 2 3 4 6 18 19 23] [1 2 3] [1 2 3 4 5 6 18] [1 2 3 4 5 6 7 8 19 25] [1 2 3 4 5 19 23] [1 2 3 4 5 6 9 16 19 23 25 52] [1 2 3 4 6 18 25] [1 2 3 4 5 6 9 16 19 23] [1 2 3 4 5 6 9 18 19 23 25] [1 2 3 4 5 6 7 9 18 19 23 25] [1 2 3 4 6 18 19 23 25 26] [1 2 3 4 5 6 9 19 23 25] [1 2 3 4 6 19 23 52] [1 2 3 4 6 19 23] [1 2 3 4 6 8 16 18 25 55] [1 2 3 4 5 6 9 11 18] [1 2 3 4 5 6 9 19 23 25 52] [1 2 3 4 5 6 9 16 19 23 25] [1 2 3 4 5 6 9 11 19 23 25 28 30 52] [1 2 3 4 5 6 9 16 18 19 23] [1 2 3 4 19] [1 2 3 4 5 6 19 23 25 52] [1 2 3 4 5] [1 2 3 4 5 6 19 23 52] [1 2 3 4 6 16 18 25] [1 2 3 4 5 6 9 16 18 19 23 25 52] [1 2 3 4 19 23] [1 2 3 4 16 18 25] [1 2 3 4 5 6 19 23] [1 2 3 4 5 6 16 18 25] [1 2 3 4 6 10 19] [1 2 3 4 19 25] [1 2 3 4 6 19 23 25] [1 2 3 4 6 16 19] [1 2 3 4 5 18 19] [1 2 3 4 18] [1 2 3 4 16 19 23 25] [1 2 3 4 18 19 23 25 52] [1 2 3 4 6 10 18 19 23] [1 2 3 4 6 16 18 19 23 25 26 52 55] [1 2 50] [1 2 3 4 5 6 9 19] [1 2 3 4 5 6 9 11 19 23 25 28 30] [1 6 18] [1 2 6] [1 2 3 4 6 8 16 18 25] [1 59] [1 2 3 4 5 6 19 23 25 52 56] [1 2 3 4 6 16 18 19 23 52] [1 2 53] [1 2 3 4 6 8 16 19 23 25 55] [1 2 3 4 5 6 9 18 19 23 25 26] [1 2 3 4 5 18 23 25 26] [1 2 3 4 19 23 25 52] [1 2 4] [1 2 3 4 5 6 16] [1 2 3 4 6 18] [1 2 3 4 18 19 23] [1 2 25] [2 19] [1 2 3 4 6 7 16 19] [1 2 3 4 18 25] [2 19 23] [1 2 3 4 5 6 9 18 25] [2 3 19 23] [1 2 3 4 5 6 19] [1 2 23] [1 2 3 4 5 19 23 25] [] [] [] [] [] [] [] [] [] [] [] [] [] [] [] [] [] [] [] [] [] [] [] [] [] [] [] [] [] [] [] [] [] [] [] [] [] [] [] [] [] [] [] [] [] [] [] [] [] [] [] [] [] [] [] [] [] [] [] [] [] [] [] [] [] [] [] [] [] [] [] [] [] [] [] [] [] [] [] [] [] [] [] [] [] [] [] [] [] [] [] [] [] [] [] [] [] [] [] [] [] [] [] [] [] [] [] [] [] [] [] [] [] [] [] [] [] [] [] [] [] [] [] [] [] [] [] [] [] [] [] [] [] [] [] [] [] [] [] [] [] [] [] []
141 [] [1 2 3 4 5 18 19 23] [1 2 3 4 5 6 19 23 25] [1 2 3 4 25] [1 2 3 4 6 16] [1 2 3 4 6] [1 2 3 4 5 18] [1 2 3 4 5 6 16 25] [1 2] [1 2 3 19] [1] [1 2 3 4 5 25] [1 2 3 4 16] [1 2 3 4 19 23 52] [1 10] [1 2 3 4 5 6 16 18 19 23 25] [1 2 3 4 5 6] [1 2 3 4 5 19] [1 2 3 4 5 6 18 19 23 25 52] [1 2 3 4 5 6 9] [1 2 59] [1 2 3 4 6 18 19 23] [1 2 3] [1 2 3 4 5 6 18] [1 2 3 4 5 6 7 8 19 25] [1 2 3 4 5 19 23] [1 2 3 4 5 6 9 16 19 23 25 52] [1 2 3 4 6 18 25] [1 2 3 4 5 6 9 16 19 23] [1 2 3 4 5 6 9 18 19 23 25] [1 2 3 4 5 6 7 9 18 19 23 25] [1 2 3 4 6 18 19 23 25 26] [1 2 3 4 5 6 9 19 23 25] [1 2 3 4 6 19 23 52] [1 2 3 4] [1 2 3 4 6 19 23] [1 2 3 4 6 8 16 18 25 55] [1 2 3 4 5 6 9 11 18] [1 2 3 4 5 6 9 19 23 25 52] [1 2 3 4 5 6 9 16 19 23 25] [1 2 3 4 5 6 9 11 19 23 25 28 30 52] [1 2 3 4 5 6 9 16 18 19 23] [1 2 3 4 19] [1 2 3 4 5 6 19 23 25 52] [1 2 3 4 5] [1 2 3 4 5 6 19 23 52] [1 2 3 4 6 16 18 25] [1 2 3 4 5 6 9 16 18 19 23 25 52] [1 2 3 4 19 23] [1 2 3 4 16 18 25] [1 2 3 4 5 6 19 23] [1 2 3 4 5 6 16 18 25] [1 2 3 4 6 10 19] [1 2 3 4 19 25] [1 2 3 4 6 19 23 25] [1 2 3 4 6 16 19] [1 2 3 4 5 18 19] [1 2 3 4 18] [1 2 3 4 16 19 23 25] [1 2 3 4 18 19 23 25 52] [1 2 3 4 6 10 18 19 23] [1 2 3 4 6 16 18 19 23 25 26 52 55] [1 2 50] [1 2 3 4 5 6 9 19] [1 2 3 4 5 6 9 11 19 23 25 28 30] [1 6 18] [1 2 6] [1 2 3 4 6 8 16 18 25] [1 59] [1 2 3 4 5 6 19 23 25 52 56] [1 2 3 4 6 16 18 19 23 52] [1 2 53] [1 2 3 4 6 8 16 19 23 25 55] [1 2 3 4 5 6 9 18 19 23 25 26] [1 2 3 4 5 18 23 25 26] [1 2 3 4 19 23 25 52] [1 2 4] [1 2 3 4 5 6 16] [1 2 3 4 6 18] [1 2 3 4 18 19 23] [1 2 25] [2 19] [1 2 3 4 6 7 16 19] [1 2 3 4 18 25] [2 19 23] [1 2 3 4 5 6 9 18 25] [2 3 19 23] [1 2 3 4 5 6 19] [1 2 23] [1 2 3 4 5 19 23 25] [] [] [] [] [] [] [] [] [] [] [] [] [] [] [] [] [] [] [] [] [] [] [] [] [] [] [] [] [] [] [] [] [] [] [] [] [] [] [] [] [] [] [] [] [] [] [] [] [] [] [] [] [] [] [] [] [] [] [] [] [] [] [] [] [] [] [] [] [] [] [] [] [] [] [] [] [] [] [] [] [] [] [] [] [] [] [] [] [] [] [] [] [] [] [] [] [] [] [] [] [] [] [] [] [] [] [] [] [] [] [] [] [] [] [] [] [] [] [] [] [] [] [] [] [] [] [] [] [] [] [] [] [] [] [] [] [] [] [] [] [] [] [] []
142 [] [1 2 3 4 5 6 19 23 25] [1 2 3 4 6 16] [1 2 3 4 6] [1 2 3 4 5 18] [1 2 3 4 5 6 16 25] [1 2] [1 2 3 19] [1] [1 2 3 4 5 25] [1 2 3 4 16] [1 2 3 4 19 23 52] [1 10] [1 2 3 4 5 6 16 18 19 23 25] [1 2 3 4 5 6] [1 2 3 4 5 19] [1 2 3 4 5 6 18 19 23 25 52] [1 2 3 4 5 6 9] [1 2 59] [1 2 3 4 6 18 19 23] [1 2 3] [1 2 3 4 5 6 18] [1 2 3 4 5 6 7 8 19 25] [1 2 3 4 5 19 23] [1 2 3 4 5 6 9 16 19 23 25 52] [1 2 3 4 6 18 25] [1 2 3 4 5 6 9 16 19 23] [1 2 3 4 5 6 9 18 19 23 25] [1 2 3 4 5 6 7 9 18 19 23 25] [1 2 3 4 6 18 19 23 25 26] [1 2 3 4 5 6 9 19 23 25] [1 2 3 4 6 19 23 52] [1 2 3 4 25] [1 2 3 4] [1 2 3 4 6 19 23] [1 2 3 4 6 8 16 18 25 55] [1 2 3 4 5 6 9 11 18] [1 2 3 4 5 6 9 19 23 25 52] [1 2 3 4 5 6 9 16 19 23 25] [1 2 3 4 5 6 9 11 19 23 25 28 30 52] [1 2 3 4 5 6 9 16 18 19 23] [1 2 3 4 19] [1 2 3 4 5 6 19 23 25 52] [1 2 3 4 5] [1 2 3 4 5 6 19 23 52] [1 2 3 4 6 16 18 25] [1 2 3 4 5 6 9 16 18 19 23 25 52] [1 2 3 4 19 23] [1 2 3 4 16 18 25] [1 2 3 4 5 6 19 23] [1 2 3 4 5 6 16 18 25] [1 2 3 4 6 10 19] [1 2 3 4 19 25] [1 2 3 4 6 19 23 25] [1 2 3 4 6 16 19] [1 2 3 4 5 18 19] [1 2 3 4 18] [1 2 3 4 16 19 23 25] [1 2 3 4 18 19 23 25 52] [1 2 3 4 6 10 18 19 23] [1 2 3 4 6 16 18 19 23 25 26 52 55] [1 2 50] [1 2 3 4 5 6 9 19] [1 2 3 4 5 6 9 11 19 23 25 28 30] [1 6 18] [1 2 6] [1 2 3 4 6 8 16 18 25] [1 59] [1 2 3 4 5 6 19 23 25 52 56] [1 2 3 4 6 16 18 19 23 52] [1 2 53] [1 2 3 4 6 8 16 19 23 25 55] [1 2 3 4 5 6 9 18 19 23 25 26] [1 2 3 4 5 18 23 25 26] [1 2 3 4 19 23 25 52] [1 2 4] [1 2 3 4 5 6 16] [1 2 3 4 6 18] [1 2 3 4 18 19 23] [1 2 25] [2 19] [1 2 3 4 6 7 16 19] [1 2 3 4 18 25] [2 19 23] [1 2 3 4 5 6 9 18 25] [2 3 19 23] [1 2 3 4 5 6 19] [1 2 23] [1 2 3 4 5 19 23 25] [] [] [] [] [] [] [] [] [] [] [] [] [] [] [] [] [] [] [] [] [] [] [] [] [] [] [] [] [] [] [] [] [] [] [] [] [] [] [] [] [] [] [] [] [] [] [] [] [] [] [] [] [] [] [] [] [] [] [] [] [] [] [] [] [] [] [] [] [] [] [] [] [] [] [] [] [] [] [] [] [] [] [] [] [] [] [] [] [] [] [] [] [] [] [] [] [] [] [] [] [] [] [] [] [] [] [] [] [] [] [] [] [] [] [] [] [] [] [] [] [] [] [] [] [] [] [] [] [] [] [] [] [] [] [] [] [] [] [] [] [] [] [] [] []
143 [] [1 2 3 4 6 16] [1 2 3 4 6] [1 2 3 4 5 18] [1 2 3 4 5 6 16 25] [1 2] [1 2 3 19] [1] [1 2 3 4 5 25] [1 2 3 4 16] [1 2 3 4 19 23 52] [1 10] [1 2 3 4 5 6 16 18 19 23 25] [1 2 3 4 5 6] [1 2 3 4 5 19] [1 2 3 4 5 6 18 19 23 25 52] [1 2 3 4 5 6 9] [1 2 59] [1 2 3 4 6 18 19 23] [1 2 3] [1 2 3 4 5 6 18] [1 2 3 4 5 6 7 8 19 25] [1 2 3 4 5 19 23] [1 2 3 4 5 6 9 16 19 23 25 52] [1 2 3 4 6 18 25] [1 2 3 4 5 6 9 16 19 23] [1 2 3 4 5 6 19 23 25] [1 2 3 4 5 6 9 18 19 23 25] [1 2 3 4 5 6 7 9 18 19 23 25] [1 2 3 4 6 18 19 23 25 26] [1 2 3 4 5 6 9 19 23 25] [1 2 3 4 6 19 23 52] [1 2 3 4 25] [1 2 3 4] [1 2 3 4 6 19 23] [1 2 3 4 6 8 16 18 25 55] [1 2 3 4 5 6 9 11 18] [1 2 3 4 5 6 9 19 23 25 52] [1 2 3 4 5 6 9 16 19 23 25] [1 2 3 4 5 6 9 11 19 23 25 28 30 52] [1 2 3 4 5 6 9 16 18 19 23] [1 2 3 4 19] [1 2 3 4 5 6 19 23 25 52] [1 2 3 4 5] [1 2 3 4 5 6 19 23 52] [1 2 3 4 6 16 18 25] [1 2 3 4 5 6 9 16 18 19 23 25 52] [1 2 3 4 19 23] [1 2 3 4 16 18 25] [1 2 3 4 5 6 19 23] [1 2 3 4 5 6 16 18 25] [1 2 3 4 6 10 19] [1 2 3 4 19 25] [1 2 3 4 6 19 23 25] [1 2 3 4 6 16 19] [1 2 3 4 5 18 19] [1 2 3 4 18] [1 2 3 4 16 19 23 25] [1 2 3 4 18 19 23 25 52] [1 2 3 4 6 10 18 19 23] [1 2 3 4 6 16 18 19 23 25 26 52 55] [1 2 50] [1 2 3 4 5 6 9 19] [1 2 3 4 5 6 9 11 19 23 25 28 30] [1 6 18] [1 2 6] [1 2 3 4 6 8 16 18 25] [1 59] [1 2 3 4 5 6 19 23 25 52 56] [1 2 3 4 6 16 18 19 23 52] [1 2 53] [1 2 3 4 6 8 16 19 23 25 55] [1 2 3 4 5 6 9 18 19 23 25 26] [1 2 3 4 5 18 23 25 26] [1 2 3 4 19 23 25 52] [1 2 4] [1 2 3 4 5 6 16] [1 2 3 4 6 18] [1 2 3 4 18 19 23] [1 2 25] [2 19] [1 2 3 4 6 7 16 19] [1 2 3 4 18 25] [2 19 23] [1 2 3 4 5 6 9 18 25] [2 3 19 23] [1 2 3 4 5 6 19] [1 2 23] [1 2 3 4 5 19 23 25] [] [] [] [] [] [] [] [] [] [] [] [] [] [] [] [] [] [] [] [] [] [] [] [] [] [] [] [] [] [] [] [] [] [] [] [] [] [] [] [] [] [] [] [] [] [] [] [] [] [] [] [] [] [] [] [] [] [] [] [] [] [] [] [] [] [] [] [] [] [] [] [] [] [] [] [] [] [] [] [] [] [] [] [] [] [] [] [] [] [] [] [] [] [] [] [] [] [] [] [] [] [] [] [] [] [] [] [] [] [] [] [] [] [] [] [] [] [] [] [] [] [] [] [] [] [] [] [] [] [] [] [] [] [] [] [] [] [] [] [] [] [] [] [] []
144 [] [1 2 3 4 6] [1 2 3 4 5 18] [1 2 3 4 5 6 16 25] [1 2] [1 2 3 4 6 16] [1 2 3 19] [1] [1 2 3 4 5 25] [1 2 3 4 16] [1 2 3 4 19 23 52] [1 10] [1 2 3 4 5 6 16 18 19 23 25] [1 2 3 4 5 6] [1 2 3 4 5 19] [1 2 3 4 5 6 18 19 23 25 52] [1 2 3 4 5 6 9] [1 2 59] [1 2 3 4 6 18 19 23] [1 2 3] [1 2 3 4 5 6 18] [1 2 3 4 5 6 7 8 19 25] [1 2 3 4 5 19 23] [1 2 3 4 5 6 9 16 19 23 25 52] [1 2 3 4 6 18 25] [1 2 3 4 5 6 9 16 19 23] [1 2 3 4 5 6 19 23 25] [1 2 3 4 5 6 9 18 19 23 25] [1 2 3 4 5 6 7 9 18 19 23 25] [1 2 3 4 6 18 19 23 25 26] [1 2 3 4 5 6 9 19 23 25] [1 2 3 4 6 19 23 52] [1 2 3 4 25] [1 2 3 4] [1 2 3 4 6 19 23] [1 2 3 4 6 8 16 18 25 55] [1 2 3 4 5 6 9 11 18] [1 2 3 4 5 6 9 19 23 25 52] [1 2 3 4 5 6 9 16 19 23 25] [1 2 3 4 5 6 9 11 19 23 25 28 30 52] [1 2 3 4 5 6 9 16 18 19 23] [1 2 3 4 19] [1 2 3 4 5 6 19 23 25 52] [1 2 3 4 5] [1 2 3 4 5 6 19 23 52] [1 2 3 4 6 16 18 25] [1 2 3 4 5 6 9 16 18 19 23 25 52] [1 2 3 4 19 23] [1 2 3 4 16 18 25] [1 2 3 4 5 6 19 23] [1 2 3 4 5 6 16 18 25] [1 2 3 4 6 10 19] [1 2 3 4 19 25] [1 2 3 4 6 19 23 25] [1 2 3 4 6 16 19] [1 2 3 4 5 18 19] [1 2 3 4 18] [1 2 3 4 16 19 23 25] [1 2 3 4 18 19 23 25 52] [1 2 3 4 6 10 18 19 23] [1 2 3 4 6 16 18 19 23 25 26 52 55] [1 2 50] [1 2 3 4 5 6 9 19] [1 2 3 4 5 6 9 11 19 23 25 28 30] [1 6 18] [1 2 6] [1 2 3 4 6 8 16 18 25] [1 59] [1 2 3 4 5 6 19 23 25 52 56] [1 2 3 4 6 16 18 19 23 52] [1 2 53] [1 2 3 4 6 8 16 19 23 25 55] [1 2 3 4 5 6 9 18 19 23 25 26] [1 2 3 4 5 18 23 25 26] [1 2 3 4 19 23 25 52] [1 2 4] [1 2 3 4 5 6 16] [1 2 3 4 6 18] [1 2 3 4 18 19 23] [1 2 25] [2 19] [1 2 3 4 6 7 16 19] [1 2 3 4 18 25] [2 19 23] [1 2 3 4 5 6 9 18 25] [2 3 19 23] [1 2 3 4 5 6 19] [1 2 23] [1 2 3 4 5 19 23 25] [] [] [] [] [] [] [] [] [] [] [] [] [] [] [] [] [] [] [] [] [] [] [] [] [] [] [] [] [] [] [] [] [] [] [] [] [] [] [] [] [] [] [] [] [] [] [] [] [] [] [] [] [] [] [] [] [] [] [] [] [] [] [] [] [] [] [] [] [] [] [] [] [] [] [] [] [] [] [] [] [] [] [] [] [] [] [] [] [] [] [] [] [] [] [] [] [] [] [] [] [] [] [] [] [] [] [] [] [] [] [] [] [] [] [] [] [] [] [] [] [] [] [] [] [] [] [] [] [] [] [] [] [] [] [] [] [] [] [] [] [] [] [] [] []
145 [] [1 2 3 4 6] [1 2 3 4 5 18] [1 2 3 4 5 6 16 25] [1 2] [1 2 3 4 6 16] [1 2 3 19] [1] [1 2 3 4 5 25] [1 2 3 4 16] [1 2 3 4 19 23 52] [1 10] [1 2 3 4 5 6 16 18 19 23 25] [1 2 3 4 5 6] [1 2 3 4 5 19] [1 2 3 4 5 6 18 19 23 25 52] [1 2 3 4 5 6 9] [1 2 59] [1 2 3 4 6 18 19 23] [1 2 3] [1 2 3 4 5 6 18] [1 2 3 4 5 6 7 8 19 25] [1 2 3 4 5 19 23] [1 2 3 4 5 6 9 16 19 23 25 52] [1 2 3 4 6 18 25] [1 2 3 4 5 6 9 16 19 23] [1 2 3 4 5 6 19 23 25] [1 2 3 4 5 6 9 18 19 23 25] [1 2 3 4 5 6 7 9 18 19 23 25] [1 2 3 4 6 18 19 23 25 26] [1 2 3 4 5 6 9 19 23 25] [1 2 3 4 6 19 23 52] [1 2 3 4 25] [1 2 3 4] [1 2 3 4 6 19 23] [1 2 3 4 6 8 16 18 25 55] [1 2 3 4 5 6 9 11 18] [1 2 3 4 5 6 9 19 23 25 52] [1 2 3 4 5 6 9 16 19 23 25] [1 2 3 4 5 6 9 11 19 23 25 28 30 52] [1 2 3 4 5 6 9 16 18 19 23] [1 2 3 4 19] [1 2 3 4 5 6 19 23 25 52] [1 2 3 4 5] [1 2 3 4 5 6 19 23 52] [1 2 3 4 6 16 18 25] [1 2 3 4 5 6 9 16 18 19 23 25 52] [1 2 3 4 19 23] [1 2 3 4 16 18 25] [1 2 3 4 5 6 19 23] [1 2 3 4 5 6 16 18 25] [1 2 3 4 6 10 19] [1 2 3 4 19 25] [1 2 3 4 6 19 23 25] [1 2 3 4 6 16 19] [1 2 3 4 5 18 19] [1 2 3 4 18] [1 2 3 4 16 19 23 25] [1 2 3 4 18 19 23 25 52] [1 2 3 4 6 10 18 19 23] [1 2 3 4 6 16 18 19 23 25 26 52 55] [1 2 50] [1 2 3 4 5 6 9 19] [1 2 3 4 5 6 9 11 19 23 25 28 30] [1 6 18] [1 2 6] [1 2 3 4 6 8 16 18 25] [1 59] [1 2 3 4 5 6 19 23 25 52 56] [1 2 3 4 6 16 18 19 23 52] [1 2 53] [1 2 3 4 6 8 16 19 23 25 55] [1 2 3 4 5 6 9 18 19 23 25 26] [1 2 3 4 5 18 23 25 26] [1 2 3 4 19 23 25 52] [1 2 4] [1 2 3 4 5 6 16] [1 2 3 4 6 18] [1 2 3 4 18 19 23] [1 2 25] [2 19] [1 2 3 4 6 7 16 19] [1 2 3 4 18 25] [2 19 23] [1 2 3 4 5 6 9 18 25] [2 3 19 23] [1 2 3 4 5 6 19] [1 2 23] [1 2 3 4 5 19 23 25] [] [] [] [] [] [] [] [] [] [] [] [] [] [] [] [] [] [] [] [] [] [] [] [] [] [] [] [] [] [] [] [] [] [] [] [] [] [] [] [] [] [] [] [] [] [] [] [] [] [] [] [] [] [] [] [] [] [] [] [] [] [] [] [] [] [] [] [] [] [] [] [] [] [] [] [] [] [] [] [] [] [] [] [] [] [] [] [] [] [] [] [] [] [] [] [] [] [] [] [] [] [] [] [] [] [] [] [] [] [] [] [] [] [] [] [] [] [] [] [] [] [] [] [] [] [] [] [] [] [] [] [] [] [] [] [] [] [] [] [] [] [] [] [] []
146 [] [1 2 3 4 5 18] [1 2 3 4 5 6 16 25] [1 2] [1 2 3 4 6 16] [1 2 3 19] [1] [1 2 3 4 5 25] [1 2 3 4 16] [1 2 3 4 19 23 52] [1 10] [1 2 3 4 5 6 16 18 19 23 25] [1 2 3 4 5 6] [1 2 3 4 6] [1 2 3 4 5 19] [1 2 3 4 5 6 18 19 23 25 52] [1 2 3 4 5 6 9] [1 2 59] [1 2 3 4 6 18 19 23] [1 2 3] [1 2 3 4 5 6 18] [1 2 3 4 5 6 7 8 19 25] [1 2 3 4 5 19 23] [1 2 3 4 5 6 9 16 19 23 25 52] [1 2 3 4 6 18 25] [1 2 3 4 5 6 9 16 19 23] [1 2 3 4 5 6 19 23 25] [1 2 3 4 5 6 9 18 19 23 25] [1 2 3 4 5 6 7 9 18 19 23 25] [1 2 3 4 6 18 19 23 25 26] [1 2 3 4 5 6 9 19 23 25] [1 2 3 4 6 19 23 52] [1 2 3 4 25] [1 2 3 4] [1 2 3 4 6 19 23] [1 2 3 4 6 8 16 18 25 55] [1 2 3 4 5 6 9 11 18] [1 2 3 4 5 6 9 19 23 25 52] [1 2 3 4 5 6 9 16 19 23 25] [1 2 3 4 5 6 9 11 19 23 25 28 30 52] [1 2 3 4 5 6 9 16 18 19 23] [1 2 3 4 19] [1 2 3 4 5 6 19 23 25 52] [1 2 3 4 5] [1 2 3 4 5 6 19 23 52] [1 2 3 4 6 16 18 25] [1 2 3 4 5 6 9 16 18 19 23 25 52] [1 2 3 4 19 23] [1 2 3 4 16 18 25] [1 2 3 4 5 6 19 23] [1 2 3 4 5 6 16 18 25] [1 2 3 4 6 10 19] [1 2 3 4 19 25] [1 2 3 4 6 19 23 25] [1 2 3 4 6 16 19] [1 2 3 4 5 18 19] [1 2 3 4 18] [1 2 3 4 16 19 23 25] [1 2 3 4 18 19 23 25 52] [1 2 3 4 6 10 18 19 23] [1 2 3 4 6 16 18 19 23 25 26 52 55] [1 2 50] [1 2 3 4 5 6 9 19] [1 2 3 4 5 6 9 11 19 23 25 28 30] [1 6 18] [1 2 6] [1 2 3 4 6 8 16 18 25] [1 59] [1 2 3 4 5 6 19 23 25 52 56] [1 2 3 4 6 16 18 19 23 52] [1 2 53] [1 2 3 4 6 8 16 19 23 25 55] [1 2 3 4 5 6 9 18 19 23 25 26] [1 2 3 4 5 18 23 25 26] [1 2 3 4 19 23 25 52] [1 2 4] [1 2 3 4 5 6 16] [1 2 3 4 6 18] [1 2 3 4 18 19 23] [1 2 25] [2 19] [1 2 3 4 6 7 16 19] [1 2 3 4 18 25] [2 19 23] [1 2 3 4 5 6 9 18 25] [2 3 19 23] [1 2 3 4 5 6 19] [1 2 23] [1 2 3 4 5 19 23 25] [] [] [] [] [] [] [] [] [] [] [] [] [] [] [] [] [] [] [] [] [] [] [] [] [] [] [] [] [] [] [] [] [] [] [] [] [] [] [] [] [] [] [] [] [] [] [] [] [] [] [] [] [] [] [] [] [] [] [] [] [] [] [] [] [] [] [] [] [] [] [] [] [] [] [] [] [] [] [] [] [] [] [] [] [] [] [] [] [] [] [] [] [] [] [] [] [] [] [] [] [] [] [] [] [] [] [] [] [] [] [] [] [] [] [] [] [] [] [] [] [] [] [] [] [] [] [] [] [] [] [] [] [] [] [] [] [] [] [] [] [] [] [] [] []
147 [] [1 2 3 4 5 6 16 25] [1 2 3 4 6 16] [1 2 3 19] [1 2 3 4 5 25] [1 2 3 4 16] [1 2 3 4 19 23 52] [1 2 3 4 5 6 16 18 19 23 25] [1 2] [1 2 3 4 5 6] [1 2 3 4 6] [1 2 3 4 5 19] [1 2 3 4 5 6 18 19 23 25 52] [1 2 3 4 5 6 9] [1 2 59] [1 2 3 4 6 18 19 23] [1 2 3] [1 2 3 4 5 6 18] [1 2 3 4 5 6 7 8 19 25] [1 2 3 4 5 19 23] [1 2 3 4 5 6 9 16 19 23 25 52] [1 2 3 4 6 18 25] [1 2 3 4 5 6 9 16 19 23] [1 2 3 4 5 6 19 23 25] [1 2 3 4 5 6 9 18 19 23 25] [1 2 3 4 5 6 7 9 18 19 23 25] [1 2 3 4 6 18 19 23 25 26] [1 2 3 4 5 6 9 19 23 25] [1 2 3 4 6 19 23 52] [1 2 3 4 25] [1 2 3 4] [1 2 3 4 6 19 23] [1 2 3 4 6 8 16 18 25 55] [1 2 3 4 5 6 9 11 18] [1 2 3 4 5 6 9 19 23 25 52] [1 2 3 4 5 6 9 16 19 23 25] [1 2 3 4 5 6 9 11 19 23 25 28 30 52] [1 2 3 4 5 6 9 16 18 19 23] [1 2 3 4 19] [1 2 3 4 5 6 19 23 25 52] [1 2 3 4 5] [1 2 3 4 5 6 19 23 52] [1 2 3 4 6 16 18 25] [1 2 3 4 5 6 9 16 18 19 23 25 52] [1 2 3 4 19 23] [1 2 3 4 16 18 25] [1 2 3 4 5 6 19 23] [1 2 3 4 5 6 16 18 25] [1 2 3 4 6 10 19] [1 2 3 4 19 25] [1 2 3 4 6 19 23 25] [1 2 3 4 6 16 19] [1 2 3 4 5 18 19] [1 2 3 4 18] [1 2 3 4 16 19 23 25] [1 2 3 4 18 19 23 25 52] [1 2 3 4 6 10 18 19 23] [1 2 3 4 6 16 18 19 23 25 26 52 55] [1 2 50] [1 2 3 4 5 6 9 19] [1 2 3 4 5 6 9 11 19 23 25 28 30] [1 6 18] [1 2 6] [1 2 3 4 6 8 16 18 25] [1 59] [1] [1 2 3 4 5 6 19 23 25 52 56] [1 2 3 4 6 16 18 19 23 52] [1 2 53] [1 2 3 4 6 8 16 19 23 25 55] [1 10] [1 2 3 4 5 6 9 18 19 23 25 26] [1 2 3 4 5 18 23 25 26] [1 2 3 4 19 23 25 52] [1 2 3 4 5 18] [1 2 4] [1 2 3 4 5 6 16] [1 2 3 4 6 18] [1 2 3 4 18 19 23] [1 2 25] [2 19] [1 2 3 4 6 7 16 19] [1 2 3 4 18 25] [2 19 23] [1 2 3 4 5 6 9 18 25] [2 3 19 23] [1 2 3 4 5 6 19] [1 2 23] [1 2 3 4 5 19 23 25] [] [] [] [] [] [] [] [] [] [] [] [] [] [] [] [] [] [] [] [] [] [] [] [] [] [] [] [] [] [] [] [] [] [] [] [] [] [] [] [] [] [] [] [] [] [] [] [] [] [] [] [] [] [] [] [] [] [] [] [] [] [] [] [] [] [] [] [] [] [] [] [] [] [] [] [] [] [] [] [] [] [] [] [] [] [] [] [] [] [] [] [] [] [] [] [] [] [] [] [] [] [] [] [] [] [] [] [] [] [] [] [] [] [] [] [] [] [] [] [] [] [] [] [] [] [] [] [] [] [] [] [] [] [] [] [] [] [] [] [] [] [] [] [] []
148 [] [1 2 3 4 6 16] [1 2 3 19] [1 2 3 4 5 25] [1 2 3 4 16] [1 2 3 4 19 23 52] [1 2 3 4 5 6 16 18 19 23 25] [1 2] [1 2 3 4 5 6] [1 2 3 4 6] [1 2 3 4 5 19] [1 2 3 4 5 6 18 19 23 25 52] [1 2 3 4 5 6 9] [1 2 59] [1 2 3 4 6 18 19 23] [1 2 3] [1 2 3 4 5 6 18] [1 2 3 4 5 6 7 8 19 25] [1 2 3 4 5 19 23] [1 2 3 4 5 6 9 16 19 23 25 52] [1 2 3 4 6 18 25] [1 2 3 4 5 6 9 16 19 23] [1 2 3 4 5 6 19 23 25] [1 2 3 4 5 6 9 18 19 23 25] [1 2 3 4 5 6 7 9 18 19 23 25] [1 2 3 4 6 18 19 23 25 26] [1 2 3 4 5 6 9 19 23 25] [1 2 3 4 6 19 23 52] [1 2 3 4 25] [1 2 3 4] [1 2 3 4 6 19 23] [1 2 3 4 6 8 16 18 25 55] [1 2 3 4 5 6 9 11 18] [1 2 3 4 5 6 9 19 23 25 52] [1 2 3 4 5 6 9 16 19 23 25] [1 2 3 4 5 6 9 11 19 23 25 28 30 52] [1 2 3 4 5 6 9 16 18 19 23] [1 2 3 4 19] [1 2 3 4 5 6 19 23 25 52] [1 2 3 4 5] [1 2 3 4 5 6 19 23 52] [1 2 3 4 6 16 18 25] [1 2 3 4 5 6 9 16 18 19 23 25 52] [1 2 3 4 19 23] [1 2 3 4 16 18 25] [1 2 3 4 5 6 19 23] [1 2 3 4 5 6 16 18 25] [1 2 3 4 6 10 19] [1 2 3 4 19 25] [1 2 3 4 6 19 23 25] [1 2 3 4 6 16 19] [1 2 3 4 5 18 19] [1 2 3 4 18] [1 2 3 4 16 19 23 25] [1 2 3 4 18 19 23 25 52] [1 2 3 4 6 10 18 19 23] [1 2 3 4 6 16 18 19 23 25 26 52 55] [1 2 50] [1 2 3 4 5 6 9 19] [1 2 3 4 5 6 9 11 19 23 25 28 30] [1 6 18] [1 2 6] [1 2 3 4 6 8 16 18 25] [1 59] [1] [1 2 3 4 5 6 19 23 25 52 56] [1 2 3 4 6 16 18 19 23 52] [1 2 53] [1 2 3 4 6 8 16 19 23 25 55] [1 10] [1 2 3 4 5 6 9 18 19 23 25 26] [1 2 3 4 5 6 16 25] [1 2 3 4 5 18 23 25 26] [1 2 3 4 19 23 25 52] [1 2 3 4 5 18] [1 2 4] [1 2 3 4 5 6 16] [1 2 3 4 6 18] [1 2 3 4 18 19 23] [1 2 25] [2 19] [1 2 3 4 6 7 16 19] [1 2 3 4 18 25] [2 19 23] [1 2 3 4 5 6 9 18 25] [2 3 19 23] [1 2 3 4 5 6 19] [1 2 23] [1 2 3 4 5 19 23 25] [] [] [] [] [] [] [] [] [] [] [] [] [] [] [] [] [] [] [] [] [] [] [] [] [] [] [] [] [] [] [] [] [] [] [] [] [] [] [] [] [] [] [] [] [] [] [] [] [] [] [] [] [] [] [] [] [] [] [] [] [] [] [] [] [] [] [] [] [] [] [] [] [] [] [] [] [] [] [] [] [] [] [] [] [] [] [] [] [] [] [] [] [] [] [] [] [] [] [] [] [] [] [] [] [] [] [] [] [] [] [] [] [] [] [] [] [] [] [] [] [] [] [] [] [] [] [] [] [] [] [] [] [] [] [] [] [] [] [] [] [] [] [] [] []
149 [] [1 2 3 4 6 16] [1 2 3 19] [1 2 3 4 5 25] [1 2 3 4 16] [1 2 3 4 19 23 52] [1 2 3 4 5 6 16 18 19 23 25] [1 2] [1 2 3 4 5 6] [1 2 3 4 6] [1 2 3 4 5 19] [1 2 3 4 5 6 18 19 23 25 52] [1 2 3 4 5 6 9] [1 2 59] [1 2 3 4 6 18 19 23] [1 2 3] [1 2 3 4 5 6 18] [1 2 3 4 5 6 7 8 19 25] [1 2 3 4 5 19 23] [1 2 3 4 5 6 9 16 19 23 25 52] [1 2 3 4 6 18 25] [1 2 3 4 5 6 9 16 19 23] [1 2 3 4 5 6 19 23 25] [1 2 3 4 5 6 9 18 19 23 25] [1 2 3 4 5 6 7 9 18 19 23 25] [1 2 3 4 6 18 19 23 25 26] [1 2 3 4 5 6 9 19 23 25] [1 2 3 4 6 19 23 52] [1 2 3 4 25] [1 2 3 4] [1 2 3 4 6 19 23] [1 2 3 4 6 8 16 18 25 55] [1 2 3 4 5 6 9 11 18] [1 2 3 4 5 6 9 19 23 25 52] [1 2 3 4 5 6 9 16 19 23 25] [1 2 3 4 5 6 9 11 19 23 25 28 30 52] [1 2 3 4 5 6 9 16 18 19 23] [1 2 3 4 19] [1 2 3 4 5 6 19 23 25 52] [1 2 3 4 5] [1 2 3 4 5 6 19 23 52] [1 2 3 4 6 16 18 25] [1 2 3 4 5 6 9 16 18 19 23 25 52] [1 2 3 4 19 23] [1 2 3 4 16 18 25] [1 2 3 4 5 6 19 23] [1 2 3 4 5 6 16 18 25] [1 2 3 4 6 10 19] [1 2 3 4 19 25] [1 2 3 4 6 19 23 25] [1 2 3 4 6 16 19] [1 2 3 4 5 18 19] [1 2 3 4 18] [1 2 3 4 16 19 23 25] [1 2 3 4 18 19 23 25 52] [1 2 3 4 6 10 18 19 23] [1 2 3 4 6 16 18 19 23 25 26 52 55] [1 2 50] [1 2 3 4 5 6 9 19] [1 2 3 4 5 6 9 11 19 23 25 28 30] [1 6 18] [1 2 6] [1 2 3 4 6 8 16 18 25] [1 59] [1] [1 2 3 4 5 6 19 23 25 52 56] [1 2 3 4 6 16 18 19 23 52] [1 2 53] [1 2 3 4 6 8 16 19 23 25 55] [1 10] [1 2 3 4 5 6 9 18 19 23 25 26] [1 2 3 4 5 6 16 25] [1 2 3 4 5 18 23 25 26] [1 2 3 4 19 23 25 52] [1 2 3 4 5 18] [1 2 4] [1 2 3 4 5 6 16] [1 2 3 4 6 18] [1 2 3 4 18 19 23] [1 2 25] [2 19] [1 2 3 4 6 7 16 19] [1 2 3 4 18 25] [2 19 23] [1 2 3 4 5 6 9 18 25] [2 3 19 23] [1 2 3 4 5 6 19] [1 2 23] [1 2 3 4 5 19 23 25] [] [] [] [] [] [] [] [] [] [] [] [] [] [] [] [] [] [] [] [] [] [] [] [] [] [] [] [] [] [] [] [] [] [] [] [] [] [] [] [] [] [] [] [] [] [] [] [] [] [] [] [] [] [] [] [] [] [] [] [] [] [] [] [] [] [] [] [] [] [] [] [] [] [] [] [] [] [] [] [] [] [] [] [] [] [] [] [] [] [] [] [] [] [] [] [] [] [] [] [] [] [] [] [] [] [] [] [] [] [] [] [] [] [] [] [] [] [] [] [] [] [] [] [] [] [] [] [] [] [] [] [] [] [] [] [] [] [] [] [] [] [] [] [] []
150 [] [1 2 3 19] [1 2 3 4 5 25] [1 2 3 4 16] [1 2 3 4 19 23 52] [1 2 3 4 5 6 16 18 19 23 25] [1 2] [1 2 3 4 5 6] [1 2 3 4 6] [1 2 3 4 5 19] [1 2 3 4 5 6 18 19 23 25 52] [1 2 3 4 5 6 9] [1 2 59] [1 2 3 4 6 18 19 23] [1 2 3] [1 2 3 4 5 6 18] [1 2 3 4 5 6 7 8 19 25] [1 2 3 4 5 19 23] [1 2 3 4 5 6 9 16 19 23 25 52] [1 2 3 4 6 18 25] [1 2 3 4 6 16] [1 2 3 4 5 6 9 16 19 23] [1 2 3 4 5 6 19 23 25] [1 2 3 4 5 6 9 18 19 23 25] [1 2 3 4 5 6 7 9 18 19 23 25] [1 2 3 4 6 18 19 23 25 26] [1 2 3 4 5 6 9 19 23 25] [1 2 3 4 6 19 23 52] [1 2 3 4 25] [1 2 3 4] [1 2 3 4 6 19 23] [1 2 3 4 6 8 16 18 25 55] [1 2 3 4 5 6 9 11 18] [1 2 3 4 5 6 9 19 23 25 52] [1 2 3 4 5 6 9 16 19 23 25] [1 2 3 4 5 6 9 11 19 23 25 28 30 52] [1 2 3 4 5 6 9 16 18 19 23] [1 2 3 4 19] [1 2 3 4 5 6 19 23 25 52] [1 2 3 4 5] [1 2 3 4 5 6 19 23 52] [1 2 3 4 6 16 18 25] [1 2 3 4 5 6 9 16 18 19 23 25 52] [1 2 3 4 19 23] [1 2 3 4 16 18 25] [1 2 3 4 5 6 19 23] [1 2 3 4 5 6 16 18 25] [1 2 3 4 6 10 19] [1 2 3 4 19 25] [1 2 3 4 6 19 23 25] [1 2 3 4 6 16 19] [1 2 3 4 5 18 19] [1 2 3 4 18] [1 2 3 4 16 19 23 25] [1 2 3 4 18 19 23 25 52] [1 2 3 4 6 10 18 19 23] [1 2 3 4 6 16 18 19 23 25 26 52 55] [1 2 50] [1 2 3 4 5 6 9 19] [1 2 3 4 5 6 9 11 19 23 25 28 30] [1 6 18] [1 2 6] [1 2 3 4 6 8 16 18 25] [1 59] [1] [1 2 3 4 5 6 19 23 25 52 56] [1 2 3 4 6 16 18 19 23 52] [1 2 53] [1 2 3 4 6 8 16 19 23 25 55] [1 10] [1 2 3 4 5 6 9 18 19 23 25 26] [1 2 3 4 5 6 16 25] [1 2 3 4 5 18 23 25 26] [1 2 3 4 19 23 25 52] [1 2 3 4 5 18] [1 2 4] [1 2 3 4 5 6 16] [1 2 3 4 6 18] [1 2 3 4 18 19 23] [1 2 25] [2 19] [1 2 3 4 6 7 16 19] [1 2 3 4 18 25] [2 19 23] [1 2 3 4 5 6 9 18 25] [2 3 19 23] [1 2 3 4 5 6 19] [1 2 23] [1 2 3 4 5 19 23 25] [] [] [] [] [] [] [] [] [] [] [] [] [] [] [] [] [] [] [] [] [] [] [] [] [] [] [] [] [] [] [] [] [] [] [] [] [] [] [] [] [] [] [] [] [] [] [] [] [] [] [] [] [] [] [] [] [] [] [] [] [] [] [] [] [] [] [] [] [] [] [] [] [] [] [] [] [] [] [] [] [] [] [] [] [] [] [] [] [] [] [] [] [] [] [] [] [] [] [] [] [] [] [] [] [] [] [] [] [] [] [] [] [] [] [] [] [] [] [] [] [] [] [] [] [] [] [] [] [] [] [] [] [] [] [] [] [] [] [] [] [] [] [] [] []
151 [] [1 2 3 4 16] [1 2 3 4 19 23 52] [1 2 3 4 5 6 16 18 19 23 25] [1 2] [1 2 3 4 5 6] [1 2 3 4 6] [1 2 3 4 5 19] [1 2 3 4 5 6 18 19 23 25 52] [1 2 3 4 5 6 9] [1 2 59] [1 2 3 4 6 18 19 23] [1 2 3] [1 2 3 4 5 6 18] [1 2 3 4 5 6 7 8 19 25] [1 2 3 4 5 19 23] [1 2 3 4 5 6 9 16 19 23 25 52] [1 2 3 4 6 18 25] [1 2 3 4 6 16] [1 2 3 4 5 6 9 16 19 23] [1 2 3 4 5 6 19 23 25] [1 2 3 4 5 6 9 18 19 23 25] [1 2 3 4 5 6 7 9 18 19 23 25] [1 2 3 4 6 18 19 23 25 26] [1 2 3 4 5 6 9 19 23 25] [1 2 3 4 6 19 23 52] [1 2 3 4 25] [1 2 3 4] [1 2 3 4 6 19 23] [1 2 3 4 6 8 16 18 25 55] [1 2 3 4 5 6 9 11 18] [1 2 3 4 5 6 9 19 23 25 52] [1 2 3 4 5 6 9 16 19 23 25] [1 2 3 4 5 6 9 11 19 23 25 28 30 52] [1 2 3 4 5 6 9 16 18 19 23] [1 2 3 4 19] [1 2 3 4 5 6 19 23 25 52] [1 2 3 4 5] [1 2 3 4 5 6 19 23 52] [1 2 3 4 6 16 18 25] [1 2 3 4 5 6 9 16 18 19 23 25 52] [1 2 3 4 19 23] [1 2 3 4 16 18 25] [1 2 3 4 5 6 19 23] [1 2 3 4 5 6 16 18 25] [1 2 3 4 6 10 19] [1 2 3 4 19 25] [1 2 3 4 6 19 23 25] [1 2 3 4 6 16 19] [1 2 3 4 5 18 19] [1 2 3 4 18] [1 2 3 19] [1 2 3 4 16 19 23 25] [1 2 3 4 18 19 23 25 52] [1 2 3 4 6 10 18 19 23] [1 2 3 4 5 25] [1 2 3 4 6 16 18 19 23 25 26 52 55] [1 2 50] [1 2 3 4 5 6 9 19] [1 2 3 4 5 6 9 11 19 23 25 28 30] [1 6 18] [1 2 6] [1 2 3 4 6 8 16 18 25] [1 59] [1] [1 2 3 4 5 6 19 23 25 52 56] [1 2 3 4 6 16 18 19 23 52] [1 2 53] [1 2 3 4 6 8 16 19 23 25 55] [1 10] [1 2 3 4 5 6 9 18 19 23 25 26] [1 2 3 4 5 6 16 25] [1 2 3 4 5 18 23 25 26] [1 2 3 4 19 23 25 52] [1 2 3 4 5 18] [1 2 4] [1 2 3 4 5 6 16] [1 2 3 4 6 18] [1 2 3 4 18 19 23] [1 2 25] [2 19] [1 2 3 4 6 7 16 19] [1 2 3 4 18 25] [2 19 23] [1 2 3 4 5 6 9 18 25] [2 3 19 23] [1 2 3 4 5 6 19] [1 2 23] [1 2 3 4 5 19 23 25] [] [] [] [] [] [] [] [] [] [] [] [] [] [] [] [] [] [] [] [] [] [] [] [] [] [] [] [] [] [] [] [] [] [] [] [] [] [] [] [] [] [] [] [] [] [] [] [] [] [] [] [] [] [] [] [] [] [] [] [] [] [] [] [] [] [] [] [] [] [] [] [] [] [] [] [] [] [] [] [] [] [] [] [] [] [] [] [] [] [] [] [] [] [] [] [] [] [] [] [] [] [] [] [] [] [] [] [] [] [] [] [] [] [] [] [] [] [] [] [] [] [] [] [] [] [] [] [] [] [] [] [] [] [] [] [] [] [] [] [] [] [] [] [] []
152 [] [1 2 3 4 5 6 16 18 19 23 25] [1 2] [1 2 3 4 5 6] [1 2 3 4 6] [1 2 3 4 5 19] [1 2 3 4 5 6 18 19 23 25 52] [1 2 3 4 5 6 9] [1 2 59] [1 2 3 4 6 18 19 23] [1 2 3] [1 2 3 4 5 6 18] [1 2 3 4 19 23 52] [1 2 3 4 5 6 7 8 19 25] [1 2 3 4 5 19 23] [1 2 3 4 5 6 9 16 19 23 25 52] [1 2 3 4 6 18 25] [1 2 3 4 6 16] [1 2 3 4 5 6 9 16 19 23] [1 2 3 4 5 6 19 23 25] [1 2 3 4 5 6 9 18 19 23 25] [1 2 3 4 5 6 7 9 18 19 23 25] [1 2 3 4 6 18 19 23 25 26] [1 2 3 4 5 6 9 19 23 25] [1 2 3 4 6 19 23 52] [1 2 3 4 25] [1 2 3 4] [1 2 3 4 6 19 23] [1 2 3 4 6 8 16 18 25 55] [1 2 3 4 5 6 9 11 18] [1 2 3 4 5 6 9 19 23 25 52] [1 2 3 4 5 6 9 16 19 23 25] [1 2 3 4 5 6 9 11 19 23 25 28 30 52] [1 2 3 4 5 6 9 16 18 19 23] [1 2 3 4 19] [1 2 3 4 5 6 19 23 25 52] [1 2 3 4 5] [1 2 3 4 5 6 19 23 52] [1 2 3 4 6 16 18 25] [1 2 3 4 5 6 9 16 18 19 23 25 52] [1 2 3 4 19 23] [1 2 3 4 16 18 25] [1 2 3 4 5 6 19 23] [1 2 3 4 5 6 16 18 25] [1 2 3 4 6 10 19] [1 2 3 4 19 25] [1 2 3 4 6 19 23 25] [1 2 3 4 6 16 19] [1 2 3 4 5 18 19] [1 2 3 4 18] [1 2 3 19] [1 2 3 4 16 19 23 25] [1 2 3 4 18 19 23 25 52] [1 2 3 4 6 10 18 19 23] [1 2 3 4 5 25] [1 2 3 4 16] [1 2 3 4 6 16 18 19 23 25 26 52 55] [1 2 50] [1 2 3 4 5 6 9 19] [1 2 3 4 5 6 9 11 19 23 25 28 30] [1 6 18] [1 2 6] [1 2 3 4 6 8 16 18 25] [1 59] [1] [1 2 3 4 5 6 19 23 25 52 56] [1 2 3 4 6 16 18 19 23 52] [1 2 53] [1 2 3 4 6 8 16 19 23 25 55] [1 10] [1 2 3 4 5 6 9 18 19 23 25 26] [1 2 3 4 5 6 16 25] [1 2 3 4 5 18 23 25 26] [1 2 3 4 19 23 25 52] [1 2 3 4 5 18] [1 2 4] [1 2 3 4 5 6 16] [1 2 3 4 6 18] [1 2 3 4 18 19 23] [1 2 25] [2 19] [1 2 3 4 6 7 16 19] [1 2 3 4 18 25] [2 19 23] [1 2 3 4 5 6 9 18 25] [2 3 19 23] [1 2 3 4 5 6 19] [1 2 23] [1 2 3 4 5 19 23 25] [] [] [] [] [] [] [] [] [] [] [] [] [] [] [] [] [] [] [] [] [] [] [] [] [] [] [] [] [] [] [] [] [] [] [] [] [] [] [] [] [] [] [] [] [] [] [] [] [] [] [] [] [] [] [] [] [] [] [] [] [] [] [] [] [] [] [] [] [] [] [] [] [] [] [] [] [] [] [] [] [] [] [] [] [] [] [] [] [] [] [] [] [] [] [] [] [] [] [] [] [] [] [] [] [] [] [] [] [] [] [] [] [] [] [] [] [] [] [] [] [] [] [] [] [] [] [] [] [] [] [] [] [] [] [] [] [] [] [] [] [] [] [] [] []
153 [] [1 2] [1 2 3 4 5 6] [1 2 3 4 6] [1 2 3 4 5 19] [1 2 3 4 5 6 18 19 23 25 52] [1 2 3 4 5 6 9] [1 2 59] [1 2 3 4 6 18 19 23] [1 2 3] [1 2 3 4 5 6 18] [1 2 3 4 19 23 52] [1 2 3 4 5 6 7 8 19 25] [1 2 3 4 5 19 23] [1 2 3 4 5 6 9 16 19 23 25 52] [1 2 3 4 6 18 25] [1 2 3 4 6 16] [1 2 3 4 5 6 9 16 19 23] [1 2 3 4 5 6 19 23 25] [1 2 3 4 5 6 9 18 19 23 25] [1 2 3 4 5 6 7 9 18 19 23 25] [1 2 3 4 6 18 19 23 25 26] [1 2 3 4 5 6 9 19 23 25] [1 2 3 4 6 19 23 52] [1 2 3 4 25] [1 2 3 4] [1 2 3 4 6 19 23] [1 2 3 4 6 8 16 18 25 55] [1 2 3 4 5 6 9 11 18] [1 2 3 4 5 6 9 19 23 25 52] [1 2 3 4 5 6 9 16 19 23 25] [1 2 3 4 5 6 9 11 19 23 25 28 30 52] [1 2 3 4 5 6 9 16 18 19 23] [1 2 3 4 19] [1 2 3 4 5 6 19 23 25 52] [1 2 3 4 5] [1 2 3 4 5 6 19 23 52] [1 2 3 4 6 16 18 25] [1 2 3 4 5 6 9 16 18 19 23 25 52] [1 2 3 4 19 23] [1 2 3 4 16 18 25] [1 2 3 4 5 6 19 23] [1 2 3 4 5 6 16 18 25] [1 2 3 4 6 10 19] [1 2 3 4 19 25] [1 2 3 4 6 19 23 25] [1 2 3 4 6 16 19] [1 2 3 4 5 18 19] [1 2 3 4 18] [1 2 3 19] [1 2 3 4 16 19 23 25] [1 2 3 4 18 19 23 25 52] [1 2 3 4 6 10 18 19 23] [1 2 3 4 5 25] [1 2 3 4 16] [1 2 3 4 6 16 18 19 23 25 26 52 55] [1 2 50] [1 2 3 4 5 6 9 19] [1 2 3 4 5 6 9 11 19 23 25 28 30] [1 6 18] [1 2 6] [1 2 3 4 6 8 16 18 25] [1 59] [1] [1 2 3 4 5 6 19 23 25 52 56] [1 2 3 4 6 16 18 19 23 52] [1 2 53] [1 2 3 4 6 8 16 19 23 25 55] [1 10] [1 2 3 4 5 6 9 18 19 23 25 26] [1 2 3 4 5 6 16 25] [1 2 3 4 5 18 23 25 26] [1 2 3 4 19 23 25 52] [1 2 3 4 5 18] [1 2 4] [1 2 3 4 5 6 16] [1 2 3 4 6 18] [1 2 3 4 18 19 23] [1 2 25] [2 19] [1 2 3 4 6 7 16 19] [1 2 3 4 18 25] [2 19 23] [1 2 3 4 5 6 9 18 25] [2 3 19 23] [1 2 3 4 5 6 19] [1 2 23] [1 2 3 4 5 19 23 25] [] [] [] [] [] [] [] [] [] [] [] [] [] [] [] [] [] [] [] [] [] [] [] [] [] [] [] [] [] [] [] [] [] [] [] [] [] [] [] [] [] [] [] [] [] [] [] [] [] [] [] [] [] [] [] [] [] [] [] [] [] [] [] [] [] [] [] [] [] [] [] [] [] [] [] [] [] [] [] [] [] [] [] [] [] [] [] [] [] [] [] [] [] [] [] [] [] [] [] [] [] [] [] [] [] [] [] [] [] [] [] [] [] [] [] [] [] [] [] [] [] [] [] [] [] [] [] [] [] [] [] [] [] [] [] [] [] [] [] [] [] [] [] [] [] []
154 [] [1 2 3 4 6] [1 2 3 4 5 19] [1 2 3 4 5 6 18 19 23 25 52] [1 2 3 4 5 6 9] [1 2 3 4 5 6] [1 2 3 4 6 18 19 23] [1 2 3 4 5 6 18] [1 2 3] [1 2 3 4 19 23 52] [1 2 3 4 5 6 7 8 19 25] [1 2 3 4 5 19 23] [1 2 3 4 5 6 9 16 19 23 25 52] [1 2 3 4 6 18 25] [1 2 3 4 6 16] [1 2 3 4 5 6 9 16 19 23] [1 2 3 4 5 6 19 23 25] [1 2 3 4 5 6 9 18 19 23 25] [1 2 3 4 5 6 7 9 18 19 23 25] [1 2 3 4 6 18 19 23 25 26] [1 2 3 4 5 6 9 19 23 25] [1 2 3 4 6 19 23 52] [1 2 3 4 25] [1 2 3 4] [1 2 3 4 6 19 23] [1 2 3 4 6 8 16 18 25 55] [1 2 3 4 5 6 9 11 18] [1 2 3 4 5 6 9 19 23 25 52] [1 2 3 4 5 6 9 16 19 23 25] [1 2 3 4 5 6 9 11 19 23 25 28 30 52] [1 2 3 4 5 6 9 16 18 19 23] [1 2 3 4 19] [1 2 3 4 5 6 19 23 25 52] [1 2 3 4 5] [1 2 3 4 5 6 19 23 52] [1 2 3 4 6 16 18 25] [1 2 3 4 5 6 9 16 18 19 23 25 52] [1 2 3 4 19 23] [1 2 3 4 16 18 25] [1 2 3 4 5 6 19 23] [1 2 3 4 5 6 16 18 25] [1 2 3 4 6 10 19] [1 2 3 4 19 25] [1 2 3 4 6 19 23 25] [1 2 3 4 6 16 19] [1 2 3 4 5 18 19] [1 2 3 4 18] [1 2 3 19] [1 2 3 4 16 19 23 25] [1 2 3 4 18 19 23 25 52] [1 2 3 4 6 10 18 19 23] [1 2 3 4 5 25] [1 2 3 4 16] [1 2 3 4 6 16 18 19 23 25 26 52 55] [1 2] [1 2 50] [1 2 3 4 5 6 9 19] [1 2 3 4 5 6 9 11 19 23 25 28 30] [1 6 18] [1 2 6] [1 2 3 4 6 8 16 18 25] [1 59] [1] [1 2 3 4 5 6 19 23 25 52 56] [1 2 3 4 6 16 18 19 23 52] [1 2 53] [1 2 3 4 6 8 16 19 23 25 55] [1 10] [1 2 3 4 5 6 9 18 19 23 25 26] [1 2 3 4 5 6 16 25] [1 2 3 4 5 18 23 25 26] [1 2 3 4 19 23 25 52] [1 2 3 4 5 18] [1 2 4] [1 2 3 4 5 6 16] [1 2 3 4 6 18] [1 2 3 4 18 19 23] [1 2 25] [2 19] [1 2 3 4 6 7 16 19] [1 2 3 4 18 25] [2 19 23] [1 2 3 4 5 6 9 18 25] [2 3 19 23] [1 2 3 4 5 6 19] [1 2 23] [1 2 3 4 5 19 23 25] [] [] [] [] [] [] [] [] [] [] [] [] [] [] [] [] [] [] [] [] [] [] [] [] [] [] [] [] [] [] [] [] [] [] [] [] [] [] [] [] [] [] [] [] [] [] [] [] [] [] [] [] [] [] [] [] [] [] [] [] [] [] [] [] [] [] [] [] [] [] [] [] [] [] [] [] [] [] [] [] [] [] [] [] [] [] [] [] [] [] [] [] [] [] [] [] [] [] [] [] [] [] [] [] [] [] [] [] [] [] [] [] [] [] [] [] [] [] [] [] [] [] [] [] [] [] [] [] [] [] [] [] [] [] [] [] [] [] [] [] [] [] [] [] [] [] []
155 [] [1 2 3 4 6] [1 2 3 4 5 19] [1 2 3 4 5 6 18 19 23 25 52] [1 2 3 4 5 6 9] [1 2 3 4 5 6] [1 2 3 4 6 18 19 23] [1 2 3 4 5 6 18] [1 2 3] [1 2 3 4 19 23 52] [1 2 3 4 5 6 7 8 19 25] [1 2 3 4 5 19 23] [1 2 3 4 5 6 9 16 19 23 25 52] [1 2 3 4 6 18 25] [1 2 3 4 6 16] [1 2 3 4 5 6 9 16 19 23] [1 2 3 4 5 6 19 23 25] [1 2 3 4 5 6 9 18 19 23 25] [1 2 3 4 5 6 7 9 18 19 23 25] [1 2 3 4 6 18 19 23 25 26] [1 2 3 4 5 6 9 19 23 25] [1 2 3 4 6 19 23 52] [1 2 3 4 25] [1 2 3 4] [1 2 3 4 6 19 23] [1 2 3 4 6 8 16 18 25 55] [1 2 3 4 5 6 9 11 18] [1 2 3 4 5 6 9 19 23 25 52] [1 2 3 4 5 6 9 16 19 23 25] [1 2 3 4 5 6 9 11 19 23 25 28 30 52] [1 2 3 4 5 6 9 16 18 19 23] [1 2 3 4 19] [1 2 3 4 5 6 19 23 25 52] [1 2 3 4 5] [1 2 3 4 5 6 19 23 52] [1 2 3 4 6 16 18 25] [1 2 3 4 5 6 9 16 18 19 23 25 52] [1 2 3 4 19 23] [1 2 3 4 16 18 25] [1 2 3 4 5 6 19 23] [1 2 3 4 5 6 16 18 25] [1 2 3 4 6 10 19] [1 2 3 4 19 25] [1 2 3 4 6 19 23 25] [1 2 3 4 6 16 19] [1 2 3 4 5 18 19] [1 2 3 4 18] [1 2 3 19] [1 2 3 4 16 19 23 25] [1 2 3 4 18 19 23 25 52] [1 2 3 4 6 10 18 19 23] [1 2 3 4 5 25] [1 2 3 4 16] [1 2 3 4 6 16 18 19 23 25 26 52 55] [1 2] [1 2 50] [1 2 3 4 5 6 9 19] [1 2 3 4 5 6 9 11 19 23 25 28 30] [1 6 18] [1 2 6] [1 2 3 4 6 8 16 18 25] [1 59] [1] [1 2 3 4 5 6 19 23 25 52 56] [1 2 3 4 6 16 18 19 23 52] [1 2 53] [1 2 3 4 6 8 16 19 23 25 55] [1 10] [1 2 3 4 5 6 9 18 19 23 25 26] [1 2 3 4 5 6 16 25] [1 2 3 4 5 18 23 25 26] [1 2 3 4 19 23 25 52] [1 2 3 4 5 18] [1 2 4] [1 2 3 4 5 6 16] [1 2 3 4 6 18] [1 2 3 4 18 19 23] [1 2 25] [2 19] [1 2 3 4 6 7 16 19] [1 2 3 4 18 25] [2 19 23] [1 2 3 4 5 6 9 18 25] [2 3 19 23] [1 2 3 4 5 6 19] [1 2 23] [1 2 3 4 5 19 23 25] [] [] [] [] [] [] [] [] [] [] [] [] [] [] [] [] [] [] [] [] [] [] [] [] [] [] [] [] [] [] [] [] [] [] [] [] [] [] [] [] [] [] [] [] [] [] [] [] [] [] [] [] [] [] [] [] [] [] [] [] [] [] [] [] [] [] [] [] [] [] [] [] [] [] [] [] [] [] [] [] [] [] [] [] [] [] [] [] [] [] [] [] [] [] [] [] [] [] [] [] [] [] [] [] [] [] [] [] [] [] [] [] [] [] [] [] [] [] [] [] [] [] [] [] [] [] [] [] [] [] [] [] [] [] [] [] [] [] [] [] [] [] [] [] [] [] []
156 [] [1 2 3 4 5 19] [2 19 23] [1 2 3 4 5 6 18 19 23 25 52] [1 2 3 4 5 6 9] [1 2 3 4 5 6] [1 2 3 4 6 18 19 23] [1 2 3 4 6] [1 2 3 4 5 6 18] [1 2 3] [1 2 3 4 19 23 52] [1 2 3 4 5 6 7 8 19 25] [1 2 3 4 5 19 23] [1 2 3 4 5 6 9 16 19 23 25 52] [1 2 3 4 6 18 25] [1 2 3 4 6 16] [1 2 3 4 5 6 9 16 19 23] [1 2 3 4 5 6 19 23 25] [1 2 3 4 5 6 9 18 19 23 25] [1 2 3 4 5 6 7 9 18 19 23 25] [1 2 3 4 6 18 19 23 25 26] [1 2 3 4 5 6 9 19 23 25] [1 2 3 4 6 19 23 52] [1 2 3 4 25] [1 2 3 4] [1 2 3 4 6 19 23] [1 2 3 4 6 8 16 18 25 55] [1 2 3 4 5 6 9 11 18] [1 2 3 4 5 6 9 19 23 25 52] [1 2 3 4 5 6 9 16 19 23 25] [1 2 3 4 5 6 9 11 19 23 25 28 30 52] [1 2 3 4 5 6 9 16 18 19 23] [1 2 3 4 19] [1 2 3 4 5 6 19 23 25 52] [1 2 3 4 5] [1 2 3 4 5 6 19 23 52] [1 2 3 4 6 16 18 25] [1 2 3 4 5 6 9 16 18 19 23 25 52] [1 2 3 4 19 23] [1 2 3 4 16 18 25] [1 2 3 4 5 6 19 23] [1 2 3 4 5 6 16 18 25] [1 2 3 4 6 10 19] [1 2 3 4 19 25] [1 2 3 4 6 19 23 25] [1 2 3 4 6 16 19] [1 2 3 4 5 18 19] [1 2 3 4 18] [1 2 3 19] [1 2 3 4 16 19 23 25] [1 2 3 4 18 19 23 25 52] [1 2 3 4 6 10 18 19 23] [1 2 3 4 5 25] [1 2 3 4 16] [1 2 3 4 6 16 18 19 23 25 26 52 55] [1 2] [1 2 50] [1 2 3 4 5 6 9 19] [1 2 3 4 5 6 9 11 19 23 25 28 30] [1 6 18] [1 2 6] [1 2 3 4 6 8 16 18 25] [1 59] [1] [1 2 3 4 5 6 19 23 25 52 56] [1 2 3 4 6 16 18 19 23 52] [1 2 53] [1 2 3 4 6 8 16 19 23 25 55] [1 10] [1 2 3 4 5 6 9 18 19 23 25 26] [1 2 3 4 5 6 16 25] [1 2 3 4 5 18 23 25 26] [1 2 3 4 19 23 25 52] [1 2 3 4 5 18] [1 2 4] [1 2 3 4 5 6 16] [1 2 3 4 6 18] [1 2 3 4 18 19 23] [1 2 25] [2 19] [1 2 3 4 6 7 16 19] [1 2 3 4 18 25] [1 2 3 4 5 6 9 18 25] [2 3 19 23] [1 2 3 4 5 6 19] [1 2 23] [1 2 3 4 5 19 23 25] [] [] [] [] [] [] [] [] [] [] [] [] [] [] [] [] [] [] [] [] [] [] [] [] [] [] [] [] [] [] [] [] [] [] [] [] [] [] [] [] [] [] [] [] [] [] [] [] [] [] [] [] [] [] [] [] [] [] [] [] [] [] [] [] [] [] [] [] [] [] [] [] [] [] [] [] [] [] [] [] [] [] [] [] [] [] [] [] [] [] [] [] [] [] [] [] [] [] [] [] [] [] [] [] [] [] [] [] [] [] [] [] [] [] [] [] [] [] [] [] [] [] [] [] [] [] [] [] [] [] [] [] [] [] [] [] [] [] [] [] [] [] [] [] [] [] []
157 [] [1 2 3 4 5 6 18 19 23 25 52] [1 2 3 4 5 6 9] [1 2 3 4 5 6] [1 2 3 4 6 18 19 23] [1 2 3 4 6] [1 2 3 4 5 6 18] [1 2 3] [1 2 3 4 19 23 52] [1 2 3 4 5 6 7 8 19 25] [1 2 3 4 5 19 23] [1 2 3 4 5 6 9 16 19 23 25 52] [1 2 3 4 6 18 25] [1 2 3 4 6 16] [1 2 3 4 5 6 9 16 19 23] [1 2 3 4 5 6 19 23 25] [1 2 3 4 5 6 9 18 19 23 25] [1 2 3 4 5 6 7 9 18 19 23 25] [1 2 3 4 6 18 19 23 25 26] [1 2 3 4 5 6 9 19 23 25] [1 2 3 4 6 19 23 52] [1 2 3 4 25] [1 2 3 4] [1 2 3 4 6 19 23] [1 2 3 4 6 8 16 18 25 55] [1 2 3 4 5 6 9 11 18] [1 2 3 4 5 6 9 19 23 25 52] [1 2 3 4 5 6 9 16 19 23 25] [1 2 3 4 5 6 9 11 19 23 25 28 30 52] [1 2 3 4 5 6 9 16 18 19 23] [1 2 3 4 19] [1 2 3 4 5 6 19 23 25 52] [1 2 3 4 5] [1 2 3 4 5 6 19 23 52] [1 2 3 4 6 16 18 25] [1 2 3 4 5 6 9 16 18 19 23 25 52] [1 2 3 4 19 23] [1 2 3 4 16 18 25] [1 2 3 4 5 6 19 23] [1 2 3 4 5 6 16 18 25] [1 2 3 4 6 10 19] [1 2 3 4 19 25] [1 2 3 4 6 19 23 25] [1 2 3 4 6 16 19] [1 2 3 4 5 18 19] [1 2 3 4 18] [1 2 3 19] [1 2 3 4 16 19 23 25] [1 2 3 4 18 19 23 25 52] [1 2 3 4 6 10 18 19 23] [1 2 3 4 5 25] [1 2 3 4 16] [1 2 3 4 6 16 18 19 23 25 26 52 55] [1 2] [1 2 3 4 5 6 9 19] [1 2 3 4 5 6 9 11 19 23 25 28 30] [1 6 18] [1 2 6] [1 2 3 4 6 8 16 18 25] [1 59] [1] [1 2 3 4 5 6 19 23 25 52 56] [1 2 3 4 6 16 18 19 23 52] [1 2 53] [1 2 3 4 6 8 16 19 23 25 55] [1 10] [1 2 3 4 5 6 9 18 19 23 25 26] [1 2 3 4 5 6 16 25] [1 2 3 4 5 18 23 25 26] [1 2 3 4 19 23 25 52] [1 2 3 4 5 18] [1 2 4] [1 2 3 4 5 6 16] [1 2 3 4 6 18] [1 2 3 4 18 19 23] [1 2 25] [2 19] [1 2 3 4 6 7 16 19] [1 2 3 4 18 25] [2 19 23] [1 2 3 4 5 6 9 18 25] [2 3 19 23] [1 2 3 4 5 6 19] [1 2 23] [1 2 3 4 5 19 23 25] [] [] [] [] [] [] [] [] [] [] [] [] [] [] [] [] [] [] [] [] [] [] [] [] [] [] [] [] [] [] [] [] [] [] [] [] [] [] [] [] [] [] [] [] [] [] [] [] [] [] [] [] [] [] [] [] [] [] [] [] [] [] [] [] [] [] [] [] [] [] [] [] [] [] [] [] [] [] [] [] [] [] [] [] [] [] [] [] [] [] [] [] [] [] [] [] [] [] [] [] [] [] [] [] [] [] [] [] [] [] [] [] [] [] [] [] [] [] [] [] [] [] [] [] [] [] [] [] [] [] [] [] [] [] [] [] [] [] [] [] [] [] [] [] [] [] [] [] []
158 [] [1 2 3 4 5 6 9] [1 2 3 4 5 6] [1 2 3 4 6 18 19 23] [1 2 3 4 6] [1 2 3 4 5 6 18] [1 2 3] [1 2 3 4 19 23 52] [1 2 3 4 5 6 7 8 19 25] [1 2 3 4 5 19 23] [1 2 3 4 5 6 9 16 19 23 25 52] [1 2 3 4 6 18 25] [1 2 3 4 6 16] [1 2 3 4 5 6 9 16 19 23] [1 2 3 4 5 6 19 23 25] [1 2 3 4 5 6 9 18 19 23 25] [1 2 3 4 5 6 7 9 18 19 23 25] [1 2 3 4 6 18 19 23 25 26] [1 2 3 4 5 6 9 19 23 25] [1 2 3 4 6 19 23 52] [1 2 3 4 25] [1 2 3 4] [1 2 3 4 6 19 23] [1 2 3 4 6 8 16 18 25 55] [1 2 3 4 5 6 9 11 18] [1 2 3 4 5 6 9 19 23 25 52] [1 2 3 4 5 6 9 16 19 23 25] [1 2 3 4 5 6 9 11 19 23 25 28 30 52] [1 2 3 4 5 6 9 16 18 19 23] [1 2 3 4 19] [1 2 3 4 5 6 19 23 25 52] [1 2 3 4 5] [1 2 3 4 5 6 19 23 52] [1 2 3 4 5 6 9 16 18 19 23 25 52] [1 2 3 4 19 23] [1 2 3 4 16 18 25] [1 2 3 4 5 6 19 23] [1 2 3 4 5 6 16 18 25] [1 2 3 4 6 10 19] [1 2 3 4 19 25] [1 2 3 4 6 19 23 25] [1 2 3 4 6 16 19] [1 2 3 4 5 18 19] [1 2 3 4 18] [1 2 3 19] [1 2 3 4 16 19 23 25] [1 2 3 4 18 19 23 25 52] [1 2 3 4 6 10 18 19 23] [1 2 3 4 5 25] [1 2 3 4 16] [1 2 3 4 6 16 18 19 23 25 26 52 55] [1 2] [1 2 3 4 5 6 9 19] [1 2 3 4 5 6 9 11 19 23 25 28 30] [1 6 18] [1 2 6] [1 2 3 4 6 8 16 18 25] [1 59] [1] [1 2 3 4 5 6 19 23 25 52 56] [1 2 3 4 6 16 18 19 23 52] [1 2 53] [1 2 3 4 6 8 16 19 23 25 55] [1 10] [1 2 3 4 5 6 9 18 19 23 25 26] [1 2 3 4 5 6 16 25] [1 2 3 4 5 18 23 25 26] [1 2 3 4 19 23 25 52] [1 2 3 4 5 18] [1 2 4] [1 2 3 4 5 6 16] [1 2 3 4 6 18] [1 2 3 4 18 19 23] [1 2 25] [2 19] [1 2 3 4 6 7 16 19] [1 2 3 4 18 25] [2 19 23] [1 2 3 4 5 6 9 18 25] [2 3 19 23] [1 2 3 4 5 6 19] [1 2 23] [1 2 3 4 5 19 23 25] [] [] [] [] [] [] [] [] [] [] [] [] [] [] [] [] [] [] [] [] [] [] [] [] [] [] [] [] [] [] [] [] [] [] [] [] [] [] [] [] [] [] [] [] [] [] [] [] [] [] [] [] [] [] [] [] [] [] [] [] [] [] [] [] [] [] [] [] [] [] [] [] [] [] [] [] [] [] [] [] [] [] [] [] [] [] [] [] [] [] [] [] [] [] [] [] [] [] [] [] [] [] [] [] [] [] [] [] [] [] [] [] [] [] [] [] [] [] [] [] [] [] [] [] [] [] [] [] [] [] [] [] [] [] [] [] [] [] [] [] [] [] [] [] [] [] [] [] [] [] []
159 [] [1 2 3 4 5 6] [1 2 3 4 6 18 19 23] [1 2 3 4 6] [1 2 3 4 5 6 18] [1 2 3] [1 2 3 4 19 23 52] [1 2 3 4 5 6 9] [1 2 3 4 5 6 7 8 19 25] [1 2 3 4 5 19 23] [1 2 3 4 5 6 9 16 19 23 25 52] [1 2 3 4 6 18 25] [1 2 3 4 6 16] [1 2 3 4 5 6 9 16 19 23] [1 2 3 4 5 6 19 23 25] [1 2 3 4 5 6 9 18 19 23 25] [1 2 3 4 5 6 7 9 18 19 23 25] [1 2 3 4 6 18 19 23 25 26] [1 2 3 4 5 6 9 19 23 25] [1 2 3 4 6 19 23 52] [1 2 3 4 25] [1 2 3 4] [1 2 3 4 6 19 23] [1 2 3 4 6 8 16 18 25 55] [1 2 3 4 5 6 9 11 18] [1 2 3 4 5 6 9 19 23 25 52] [1 2 3 4 5 6 9 16 19 23 25] [1 2 3 4 5 6 9 11 19 23 25 28 30 52] [1 2 3 4 5 6 9 16 18 19 23] [1 2 3 4 19] [1 2 3 4 5 6 19 23 25 52] [1 2 3 4 5] [1 2 3 4 5 6 19 23 52] [1 2 3 4 5 6 9 16 18 19 23 25 52] [1 2 3 4 19 23] [1 2 3 4 16 18 25] [1 2 3 4 5 6 19 23] [1 2 3 4 5 6 16 18 25] [1 2 3 4 6 10 19] [1 2 3 4 19 25] [1 2 3 4 6 19 23 25] [1 2 3 4 6 16 19] [1 2 3 4 5 18 19] [1 2 3 4 18] [1 2 3 19] [1 2 3 4 16 19 23 25] [1 2 3 4 18 19 23 25 52] [1 2 3 4 6 10 18 19 23] [1 2 3 4 5 25] [1 2 3 4 16] [1 2 3 4 6 16 18 19 23 25 26 52 55] [1 2] [1 2 3 4 5 6 9 19] [1 2 3 4 5 6 9 11 19 23 25 28 30] [1 6 18] [1 2 6] [1 2 3 4 6 8 16 18 25] [1 59] [1] [1 2 3 4 5 6 19 23 25 52 56] [1 2 3 4 6 16 18 19 23 52] [1 2 53] [1 2 3 4 6 8 16 19 23 25 55] [1 10] [1 2 3 4 5 6 9 18 19 23 25 26] [1 2 3 4 5 6 16 25] [1 2 3 4 5 18 23 25 26] [1 2 3 4 19 23 25 52] [1 2 3 4 5 18] [1 2 4] [1 2 3 4 5 6 16] [1 2 3 4 6 18] [1 2 3 4 18 19 23] [1 2 25] [2 19] [1 2 3 4 6 7 16 19] [1 2 3 4 18 25] [2 19 23] [1 2 3 4 5 6 9 18 25] [2 3 19 23] [1 2 3 4 5 6 19] [1 2 23] [1 2 3 4 5 19 23 25] [] [] [] [] [] [] [] [] [] [] [] [] [] [] [] [] [] [] [] [] [] [] [] [] [] [] [] [] [] [] [] [] [] [] [] [] [] [] [] [] [] [] [] [] [] [] [] [] [] [] [] [] [] [] [] [] [] [] [] [] [] [] [] [] [] [] [] [] [] [] [] [] [] [] [] [] [] [] [] [] [] [] [] [] [] [] [] [] [] [] [] [] [] [] [] [] [] [] [] [] [] [] [] [] [] [] [] [] [] [] [] [] [] [] [] [] [] [] [] [] [] [] [] [] [] [] [] [] [] [] [] [] [] [] [] [] [] [] [] [] [] [] [] [] [] [] [] [] [] [] []
160 [] [1 2 3 4 6 18 19 23] [1 2 3 4 6] [1 2 3 4 5 6 18] [1 2 3] [1 2 3 4 19 23 52] [1 2 3 4 5 6 9] [1 2 3 4 5 6 7 8 19 25] [1 2 3 4 5 6] [1 2 3 4 5 19 23] [1 2 3 4 5 6 9 16 19 23 25 52] [1 2 3 4 6 18 25] [1 2 3 4 6 16] [1 2 3 4 5 6 9 16 19 23] [1 2 3 4 5 6 19 23 25] [1 2 3 4 5 6 9 18 19 23 25] [1 2 3 4 5 6 7 9 18 19 23 25] [1 2 3 4 6 18 19 23 25 26] [1 2 3 4 5 6 9 19 23 25] [1 2 3 4 6 19 23 52] [1 2 3 4 25] [1 2 3 4] [1 2 3 4 6 19 23] [1 2 3 4 6 8 16 18 25 55] [1 2 3 4 5 6 9 11 18] [1 2 3 4 5 6 9 19 23 25 52] [1 2 3 4 5 6 9 16 19 23 25] [1 2 3 4 5 6 9 11 19 23 25 28 30 52] [1 2 3 4 5 6 9 16 18 19 23] [1 2 3 4 19] [1 2 3 4 5 6 19 23 25 52] [1 2 3 4 5] [1 2 3 4 5 6 19 23 52] [1 2 3 4 5 6 9 16 18 19 23 25 52] [1 2 3 4 19 23] [1 2 3 4 16 18 25] [1 2 3 4 5 6 19 23] [1 2 3 4 5 6 16 18 25] [1 2 3 4 6 10 19] [1 2 3 4 19 25] [1 2 3 4 6 19 23 25] [1 2 3 4 6 16 19] [1 2 3 4 5 18 19] [1 2 3 4 18] [1 2 3 19] [1 2 3 4 16 19 23 25] [1 2 3 4 18 19 23 25 52] [1 2 3 4 6 10 18 19 23] [1 2 3 4 5 25] [1 2 3 4 16] [1 2 3 4 6 16 18 19 23 25 26 52 55] [1 2] [1 2 3 4 5 6 9 19] [1 2 3 4 5 6 9 11 19 23 25 28 30] [1 6 18] [1 2 6] [1 2 3 4 6 8 16 18 25] [1 59] [1] [1 2 3 4 5 6 19 23 25 52 56] [1 2 3 4 6 16 18 19 23 52] [1 2 53] [1 2 3 4 6 8 16 19 23 25 55] [1 10] [1 2 3 4 5 6 9 18 19 23 25 26] [1 2 3 4 5 6 16 25] [1 2 3 4 5 18 23 25 26] [1 2 3 4 19 23 25 52] [1 2 3 4 5 18] [1 2 4] [1 2 3 4 5 6 16] [1 2 3 4 6 18] [1 2 3 4 18 19 23] [1 2 25] [2 19] [1 2 3 4 6 7 16 19] [1 2 3 4 18 25] [2 19 23] [1 2 3 4 5 6 9 18 25] [2 3 19 23] [1 2 3 4 5 6 19] [1 2 23] [1 2 3 4 5 19 23 25] [] [] [] [] [] [] [] [] [] [] [] [] [] [] [] [] [] [] [] [] [] [] [] [] [] [] [] [] [] [] [] [] [] [] [] [] [] [] [] [] [] [] [] [] [] [] [] [] [] [] [] [] [] [] [] [] [] [] [] [] [] [] [] [] [] [] [] [] [] [] [] [] [] [] [] [] [] [] [] [] [] [] [] [] [] [] [] [] [] [] [] [] [] [] [] [] [] [] [] [] [] [] [] [] [] [] [] [] [] [] [] [] [] [] [] [] [] [] [] [] [] [] [] [] [] [] [] [] [] [] [] [] [] [] [] [] [] [] [] [] [] [] [] [] [] [] [] [] [] [] []
161 [] [1 2 3 4 6] [1 2 3 4 5 6 18] [1 2 3] [1 2 3 4 19 23 52] [1 2 3 4 5 6 9] [1 2 3 4 5 6 7 8 19 25] [1 2 3 4 5 6] [1 2 3 4 5 19 23] [1 2 3 4 5 6 9 16 19 23 25 52] [1 2 3 4 6 18 25] [1 2 3 4 6 16] [1 2 3 4 5 6 9 16 19 23] [1 2 3 4 6 18 19 23] [1 2 3 4 5 6 19 23 25] [1 2 3 4 5 6 9 18 19 23 25] [1 2 3 4 5 6 7 9 18 19 23 25] [1 2 3 4 6 18 19 23 25 26] [1 2 3 4 5 6 9 19 23 25] [1 2 3 4 6 19 23 52] [1 2 3 4 25] [1 2 3 4] [1 2 3 4 6 19 23] [1 2 3 4 6 8 16 18 25 55] [1 2 3 4 5 6 9 11 18] [1 2 3 4 5 6 9 19 23 25 52] [1 2 3 4 5 6 9 16 19 23 25] [1 2 3 4 5 6 9 11 19 23 25 28 30 52] [1 2 3 4 5 6 9 16 18 19 23] [1 2 3 4 19] [1 2 3 4 5 6 19 23 25 52] [1 2 3 4 5] [1 2 3 4 5 6 19 23 52] [1 2 3 4 5 6 9 16 18 19 23 25 52] [1 2 3 4 19 23] [1 2 3 4 16 18 25] [1 2 3 4 5 6 19 23] [1 2 3 4 5 6 16 18 25] [1 2 3 4 6 10 19] [1 2 3 4 19 25] [1 2 3 4 6 19 23 25] [1 2 3 4 6 16 19] [1 2 3 4 5 18 19] [1 2 3 4 18] [1 2 3 19] [1 2 3 4 16 19 23 25] [1 2 3 4 18 19 23 25 52] [1 2 3 4 6 10 18 19 23] [1 2 3 4 5 25] [1 2 3 4 16] [1 2 3 4 6 16 18 19 23 25 26 52 55] [1 2] [1 2 3 4 5 6 9 19] [1 2 3 4 5 6 9 11 19 23 25 28 30] [1 6 18] [1 2 6] [1 2 3 4 6 8 16 18 25] [1 59] [1] [1 2 3 4 5 6 19 23 25 52 56] [1 2 3 4 6 16 18 19 23 52] [1 2 53] [1 2 3 4 6 8 16 19 23 25 55] [1 10] [1 2 3 4 5 6 9 18 19 23 25 26] [1 2 3 4 5 6 16 25] [1 2 3 4 5 18 23 25 26] [1 2 3 4 19 23 25 52] [1 2 3 4 5 18] [1 2 4] [1 2 3 4 5 6 16] [1 2 3 4 6 18] [1 2 3 4 18 19 23] [1 2 25] [2 19] [1 2 3 4 6 7 16 19] [1 2 3 4 18 25] [2 19 23] [1 2 3 4 5 6 9 18 25] [2 3 19 23] [1 2 3 4 5 6 19] [1 2 23] [1 2 3 4 5 19 23 25] [] [] [] [] [] [] [] [] [] [] [] [] [] [] [] [] [] [] [] [] [] [] [] [] [] [] [] [] [] [] [] [] [] [] [] [] [] [] [] [] [] [] [] [] [] [] [] [] [] [] [] [] [] [] [] [] [] [] [] [] [] [] [] [] [] [] [] [] [] [] [] [] [] [] [] [] [] [] [] [] [] [] [] [] [] [] [] [] [] [] [] [] [] [] [] [] [] [] [] [] [] [] [] [] [] [] [] [] [] [] [] [] [] [] [] [] [] [] [] [] [] [] [] [] [] [] [] [] [] [] [] [] [] [] [] [] [] [] [] [] [] [] [] [] [] [] [] [] [] [] []
162 [] [1 2 3 4 5 6 18] [1 2 3] [1 2 3 4 19 23 52] [1 2 3 4 5 6 9] [1 2 3 4 5 6 7 8 19 25] [1 2 3 4 5 6] [1 2 3 4 5 19 23] [1 2 3 4 5 6 9 16 19 23 25 52] [1 2 3 4 6 18 25] [1 2 3 4 6 16] [1 2 3 4 5 6 9 16 19 23] [1 2 3 4 6 18 19 23] [1 2 3 4 5 6 19 23 25] [1 2 3 4 5 6 9 18 19 23 25] [1 2 3 4 5 6 7 9 18 19 23 25] [1 2 3 4 6 18 19 23 25 26] [1 2 3 4 5 6 9 19 23 25] [1 2 3 4 6 19 23 52] [1 2 3 4 25] [1 2 3 4] [1 2 3 4 6 19 23] [1 2 3 4 6 8 16 18 25 55] [1 2 3 4 5 6 9 11 18] [1 2 3 4 6] [1 2 3 4 5 6 9 19 23 25 52] [1 2 3 4 5 6 9 16 19 23 25] [1 2 3 4 5 6 9 11 19 23 25 28 30 52] [1 2 3 4 5 6 9 16 18 19 23] [1 2 3 4 19] [1 2 3 4 5 6 19 23 25 52] [1 2 3 4 5] [1 2 3 4 5 6 19 23 52] [1 2 3 4 5 6 9 16 18 19 23 25 52] [1 2 3 4 19 23] [1 2 3 4 16 18 25] [1 2 3 4 5 6 19 23] [1 2 3 4 5 6 16 18 25] [1 2 3 4 6 10 19] [1 2 3 4 19 25] [1 2 3 4 6 19 23 25] [1 2 3 4 6 16 19] [1 2 3 4 5 18 19] [1 2 3 4 18] [1 2 3 19] [1 2 3 4 16 19 23 25] [1 2 3 4 18 19 23 25 52] [1 2 3 4 6 10 18 19 23] [1 2 3 4 5 25] [1 2 3 4 16] [1 2 3 4 6 16 18 19 23 25 26 52 55] [1 2] [1 2 3 4 5 6 9 19] [1 2 3 4 5 6 9 11 19 23 25 28 30] [1 6 18] [1 2 6] [1 2 3 4 6 8 16 18 25] [1 59] [1] [1 2 3 4 5 6 19 23 25 52 56] [1 2 3 4 6 16 18 19 23 52] [1 2 53] [1 2 3 4 6 8 16 19 23 25 55] [1 10] [1 2 3 4 5 6 9 18 19 23 25 26] [1 2 3 4 5 6 16 25] [1 2 3 4 5 18 23 25 26] [1 2 3 4 19 23 25 52] [1 2 3 4 5 18] [1 2 4] [1 2 3 4 5 6 16] [1 2 3 4 6 18] [1 2 3 4 18 19 23] [1 2 25] [2 19] [1 2 3 4 6 7 16 19] [1 2 3 4 18 25] [2 19 23] [1 2 3 4 5 6 9 18 25] [2 3 19 23] [1 2 3 4 5 6 19] [1 2 23] [1 2 3 4 5 19 23 25] [] [] [] [] [] [] [] [] [] [] [] [] [] [] [] [] [] [] [] [] [] [] [] [] [] [] [] [] [] [] [] [] [] [] [] [] [] [] [] [] [] [] [] [] [] [] [] [] [] [] [] [] [] [] [] [] [] [] [] [] [] [] [] [] [] [] [] [] [] [] [] [] [] [] [] [] [] [] [] [] [] [] [] [] [] [] [] [] [] [] [] [] [] [] [] [] [] [] [] [] [] [] [] [] [] [] [] [] [] [] [] [] [] [] [] [] [] [] [] [] [] [] [] [] [] [] [] [] [] [] [] [] [] [] [] [] [] [] [] [] [] [] [] [] [] [] [] [] [] [] []
163 [] [1 2 3 4 5 6 18] [1 2 3] [1 2 3 4 19 23 52] [1 2 3 4 5 6 9] [1 2 3 4 5 6 7 8 19 25] [1 2 3 4 5 6] [1 2 3 4 5 19 23] [1 2 3 4 5 6 9 16 19 23 25 52] [1 2 3 4 6 18 25] [1 2 3 4 6 16] [1 2 3 4 5 6 9 16 19 23] [1 2 3 4 6 18 19 23] [1 2 3 4 5 6 19 23 25] [1 2 3 4 5 6 9 18 19 23 25] [1 2 3 4 5 6 7 9 18 19 23 25] [1 2 3 4 6 18 19 23 25 26] [1 2 3 4 5 6 9 19 23 25] [1 2 3 4 6 19 23 52] [1 2 3 4 25] [1 2 3 4] [1 2 3 4 6 19 23] [1 2 3 4 6 8 16 18 25 55] [1 2 3 4 5 6 9 11 18] [1 2 3 4 6] [1 2 3 4 5 6 9 19 23 25 52] [1 2 3 4 5 6 9 16 19 23 25] [1 2 3 4 5 6 9 11 19 23 25 28 30 52] [1 2 3 4 5 6 9 16 18 19 23] [1 2 3 4 19] [1 2 3 4 5 6 19 23 25 52] [1 2 3 4 5] [1 2 3 4 5 6 19 23 52] [1 2 3 4 5 6 9 16 18 19 23 25 52] [1 2 3 4 19 23] [1 2 3 4 16 18 25] [1 2 3 4 5 6 19 23] [1 2 3 4 5 6 16 18 25] [1 2 3 4 6 10 19] [1 2 3 4 19 25] [1 2 3 4 6 19 23 25] [1 2 3 4 6 16 19] [1 2 3 4 5 18 19] [1 2 3 4 18] [1 2 3 19] [1 2 3 4 16 19 23 25] [1 2 3 4 18 19 23 25 52] [1 2 3 4 6 10 18 19 23] [1 2 3 4 5 25] [1 2 3 4 16] [1 2 3 4 6 16 18 19 23 25 26 52 55] [1 2] [1 2 3 4 5 6 9 19] [1 2 3 4 5 6 9 11 19 23 25 28 30] [1 6 18] [1 2 6] [1 2 3 4 6 8 16 18 25] [1 59] [1] [1 2 3 4 5 6 19 23 25 52 56] [1 2 3 4 6 16 18 19 23 52] [1 2 53] [1 2 3 4 6 8 16 19 23 25 55] [1 10] [1 2 3 4 5 6 9 18 19 23 25 26] [1 2 3 4 5 6 16 25] [1 2 3 4 5 18 23 25 26] [1 2 3 4 19 23 25 52] [1 2 3 4 5 18] [1 2 4] [1 2 3 4 5 6 16] [1 2 3 4 6 18] [1 2 3 4 18 19 23] [1 2 25] [2 19] [1 2 3 4 6 7 16 19] [1 2 3 4 18 25] [2 19 23] [1 2 3 4 5 6 9 18 25] [2 3 19 23] [1 2 3 4 5 6 19] [1 2 23] [1 2 3 4 5 19 23 25] [] [] [] [] [] [] [] [] [] [] [] [] [] [] [] [] [] [] [] [] [] [] [] [] [] [] [] [] [] [] [] [] [] [] [] [] [] [] [] [] [] [] [] [] [] [] [] [] [] [] [] [] [] [] [] [] [] [] [] [] [] [] [] [] [] [] [] [] [] [] [] [] [] [] [] [] [] [] [] [] [] [] [] [] [] [] [] [] [] [] [] [] [] [] [] [] [] [] [] [] [] [] [] [] [] [] [] [] [] [] [] [] [] [] [] [] [] [] [] [] [] [] [] [] [] [] [] [] [] [] [] [] [] [] [] [] [] [] [] [] [] [] [] [] [] [] [] [] [] [] []
164 [] [1 2 3] [1 2 3 4 6 19 23] [1 2 3 4 19 23 52] [1 2 3 4 5 6 9] [1 2 3 4 5 6 7 8 19 25] [1 2 3 4 5 6] [1 2 3 4 5 19 23] [1 2 3 4 5 6 9 16 19 23 25 52] [1 2 3 4 6 18 25] [1 2 3 4 6 16] [1 2 3 4 5 6 9 16 19 23] [1 2 3 4 6 18 19 23] [1 2 3 4 5 6 19 23 25] [1 2 3 4 5 6 9 18 19 23 25] [1 2 3 4 5 6 18] [1 2 3 4 5 6 7 9 18 19 23 25] [1 2 3 4 6 18 19 23 25 26] [1 2 3 4 5 6 9 19 23 25] [1 2 3 4 6 19 23 52] [1 2 3 4 25] [1 2 3 4] [1 2 3 4 6 8 16 18 25 55] [1 2 3 4 5 6 9 11 18] [1 2 3 4 6] [1 2 3 4 5 6 9 19 23 25 52] [1 2 3 4 5 6 9 16 19 23 25] [1 2 3 4 5 6 9 11 19 23 25 28 30 52] [1 2 3 4 5 6 9 16 18 19 23] [1 2 3 4 19] [1 2 3 4 5 6 19 23 25 52] [1 2 3 4 5] [1 2 3 4 5 6 19 23 52] [1 2 3 4 5 6 9 16 18 19 23 25 52] [1 2 3 4 19 23] [1 2 3 4 16 18 25] [1 2 3 4 5 6 19 23] [1 2 3 4 5 6 16 18 25] [1 2 3 4 6 10 19] [1 2 3 4 19 25] [1 2 3 4 6 19 23 25] [1 2 3 4 6 16 19] [1 2 3 4 5 18 19] [1 2 3 4 18] [1 2 3 19] [1 2 3 4 16 19 23 25] [1 2 3 4 18 19 23 25 52] [1 2 3 4 6 10 18 19 23] [1 2 3 4 5 25] [1 2 3 4 16] [1 2 3 4 6 16 18 19 23 25 26 52 55] [1 2] [1 2 3 4 5 6 9 19] [1 2 3 4 5 6 9 11 19 23 25 28 30] [1 6 18] [1 2 6] [1 2 3 4 6 8 16 18 25] [1 59] [1] [1 2 3 4 5 6 19 23 25 52 56] [1 2 3 4 6 16 18 19 23 52] [1 2 53] [1 2 3 4 6 8 16 19 23 25 55] [1 10] [1 2 3 4 5 6 9 18 19 23 25 26] [1 2 3 4 5 6 16 25] [1 2 3 4 5 18 23 25 26] [1 2 3 4 19 23 25 52] [1 2 3 4 5 18] [1 2 4] [1 2 3 4 5 6 16] [1 2 3 4 6 18] [1 2 3 4 18 19 23] [1 2 25] [2 19] [1 2 3 4 6 7 16 19] [1 2 3 4 18 25] [2 19 23] [1 2 3 4 5 6 9 18 25] [2 3 19 23] [1 2 3 4 5 6 19] [1 2 23] [1 2 3 4 5 19 23 25] [] [] [] [] [] [] [] [] [] [] [] [] [] [] [] [] [] [] [] [] [] [] [] [] [] [] [] [] [] [] [] [] [] [] [] [] [] [] [] [] [] [] [] [] [] [] [] [] [] [] [] [] [] [] [] [] [] [] [] [] [] [] [] [] [] [] [] [] [] [] [] [] [] [] [] [] [] [] [] [] [] [] [] [] [] [] [] [] [] [] [] [] [] [] [] [] [] [] [] [] [] [] [] [] [] [] [] [] [] [] [] [] [] [] [] [] [] [] [] [] [] [] [] [] [] [] [] [] [] [] [] [] [] [] [] [] [] [] [] [] [] [] [] [] [] [] [] [] [] [] []
165 [] [1 2 3 4 6 19 23] [1 2 3 19] [1 2 3 4 19 23 52] [1 2 3 4 5 6 9] [1 2 3 4 5 6 7 8 19 25] [1 2 3 4 5 6] [1 2 3 4 5 19 23] [1 2 3 4 5 6 9 16 19 23 25 52] [1 2 3 4 6 18 25] [1 2 3 4 6 16] [1 2 3 4 5 6 9 16 19 23] [1 2 3 4 6 18 19 23] [1 2 3 4 5 6 19 23 25] [1 2 3 4 5 6 9 18 19 23 25] [1 2 3 4 5 6 18] [1 2 3 4 5 6 7 9 18 19 23 25] [1 2 3 4 6 18 19 23 25 26] [1 2 3 4 5 6 9 19 23 25] [1 2 3 4 6 19 23 52] [1 2 3 4 25] [1 2 3 4] [1 2 3 4 6 8 16 18 25 55] [1 2 3 4 5 6 9 11 18] [1 2 3 4 6] [1 2 3 4 5 6 9 19 23 25 52] [1 2 3 4 5 6 9 16 19 23 25] [1 2 3 4 5 6 9 11 19 23 25 28 30 52] [1 2 3 4 5 6 9 16 18 19 23] [1 2 3 4 19] [1 2 3 4 5 6 19 23 25 52] [1 2 3 4 5] [1 2 3 4 5 6 19 23 52] [1 2 3 4 5 6 9 16 18 19 23 25 52] [1 2 3 4 19 23] [1 2 3 4 16 18 25] [1 2 3 4 5 6 19 23] [1 2 3 4 5 6 16 18 25] [1 2 3 4 6 10 19] [1 2 3 4 19 25] [1 2 3] [1 2 3 4 6 19 23 25] [1 2 3 4 6 16 19] [1 2 3 4 5 18 19] [1 2 3 4 18] [1 2 3 4 16 19 23 25] [1 2 3 4 18 19 23 25 52] [1 2 3 4 6 10 18 19 23] [1 2 3 4 5 25] [1 2 3 4 16] [1 2 3 4 6 16 18 19 23 25 26 52 55] [1 2] [1 2 3 4 5 6 9 19] [1 2 3 4 5 6 9 11 19 23 25 28 30] [1 6 18] [1 2 6] [1 2 3 4 6 8 16 18 25] [1 59] [1] [1 2 3 4 5 6 19 23 25 52 56] [1 2 3 4 6 16 18 19 23 52] [1 2 53] [1 2 3 4 6 8 16 19 23 25 55] [1 10] [1 2 3 4 5 6 9 18 19 23 25 26] [1 2 3 4 5 6 16 25] [1 2 3 4 5 18 23 25 26] [1 2 3 4 19 23 25 52] [1 2 3 4 5 18] [1 2 4] [1 2 3 4 5 6 16] [1 2 3 4 6 18] [1 2 3 4 18 19 23] [1 2 25] [2 19] [1 2 3 4 6 7 16 19] [1 2 3 4 18 25] [2 19 23] [1 2 3 4 5 6 9 18 25] [2 3 19 23] [1 2 3 4 5 6 19] [1 2 23] [1 2 3 4 5 19 23 25] [] [] [] [] [] [] [] [] [] [] [] [] [] [] [] [] [] [] [] [] [] [] [] [] [] [] [] [] [] [] [] [] [] [] [] [] [] [] [] [] [] [] [] [] [] [] [] [] [] [] [] [] [] [] [] [] [] [] [] [] [] [] [] [] [] [] [] [] [] [] [] [] [] [] [] [] [] [] [] [] [] [] [] [] [] [] [] [] [] [] [] [] [] [] [] [] [] [] [] [] [] [] [] [] [] [] [] [] [] [] [] [] [] [] [] [] [] [] [] [] [] [] [] [] [] [] [] [] [] [] [] [] [] [] [] [] [] [] [] [] [] [] [] [] [] [] [] [] [] [] []
166 [] [1 2 3 19] [1 2 3 4 19 23 52] [1 2 3 4 5 6 9] [1 2 3 4 5 6 7 8 19 25] [1 2 3 4 5 6] [1 2 3 4 5 19 23] [1 2 3 4 5 6 9 16 19 23 25 52] [1 2 3 4 6 18 25] [1 2 3 4 6 16] [1 2 3 4 5 6 9 16 19 23] [1 2 3 4 6 18 19 23] [1 2 3 4 5 6 19 23 25] [1 2 3 4 5 6 9 18 19 23 25] [1 2 3 4 5 6 18] [1 2 3 4 5 6 7 9 18 19 23 25] [1 2 3 4 6 18 19 23 25 26] [1 2 3 4 5 6 9 19 23 25] [1 2 3 4 6 19 23 52] [1 2 3 4 25] [1 2 3 4] [1 2 3 4 6 19 23] [1 2 3 4 6 8 16 18 25 55] [1 2 3 4 5 6 9 11 18] [1 2 3 4 6] [1 2 3 4 5 6 9 19 23 25 52] [1 2 3 4 5 6 9 16 19 23 25] [1 2 3 4 5 6 9 11 19 23 25 28 30 52] [1 2 3 4 5 6 9 16 18 19 23] [1 2 3 4 19] [1 2 3 4 5 6 19 23 25 52] [1 2 3 4 5] [1 2 3 4 5 6 19 23 52] [1 2 3 4 5 6 9 16 18 19 23 25 52] [1 2 3 4 19 23] [1 2 3 4 16 18 25] [1 2 3 4 5 6 19 23] [1 2 3 4 5 6 16 18 25] [1 2 3 4 6 10 19] [1 2 3 4 19 25] [1 2 3] [1 2 3 4 6 19 23 25] [1 2 3 4 6 16 19] [1 2 3 4 5 18 19] [1 2 3 4 18] [1 2 3 4 16 19 23 25] [1 2 3 4 18 19 23 25 52] [1 2 3 4 6 10 18 19 23] [1 2 3 4 5 25] [1 2 3 4 16] [1 2 3 4 6 16 18 19 23 25 26 52 55] [1 2] [1 2 3 4 5 6 9 19] [1 2 3 4 5 6 9 11 19 23 25 28 30] [1 6 18] [1 2 6] [1 2 3 4 6 8 16 18 25] [1 59] [1] [1 2 3 4 5 6 19 23 25 52 56] [1 2 3 4 6 16 18 19 23 52] [1 2 53] [1 2 3 4 6 8 16 19 23 25 55] [1 10] [1 2 3 4 5 6 9 18 19 23 25 26] [1 2 3 4 5 6 16 25] [1 2 3 4 5 18 23 25 26] [1 2 3 4 19 23 25 52] [1 2 3 4 5 18] [1 2 4] [1 2 3 4 5 6 16] [1 2 3 4 6 18] [1 2 3 4 18 19 23] [1 2 25] [2 19] [1 2 3 4 6 7 16 19] [1 2 3 4 18 25] [2 19 23] [1 2 3 4 5 6 9 18 25] [2 3 19 23] [1 2 3 4 5 6 19] [1 2 23] [1 2 3 4 5 19 23 25] [] [] [] [] [] [] [] [] [] [] [] [] [] [] [] [] [] [] [] [] [] [] [] [] [] [] [] [] [] [] [] [] [] [] [] [] [] [] [] [] [] [] [] [] [] [] [] [] [] [] [] [] [] [] [] [] [] [] [] [] [] [] [] [] [] [] [] [] [] [] [] [] [] [] [] [] [] [] [] [] [] [] [] [] [] [] [] [] [] [] [] [] [] [] [] [] [] [] [] [] [] [] [] [] [] [] [] [] [] [] [] [] [] [] [] [] [] [] [] [] [] [] [] [] [] [] [] [] [] [] [] [] [] [] [] [] [] [] [] [] [] [] [] [] [] [] [] [] [] [] []
167 [] [1 2 3 19] [1 2 3 4 19 23 52] [1 2 3 4 5 6 9] [1 2 3 4 5 6 7 8 19 25] [1 2 3 4 5 6] [1 2 3 4 5 19 23] [1 2 3 4 5 6 9 16 19 23 25 52] [1 2 3 4 6 18 25] [1 2 3 4 6 16] [1 2 3 4 5 6 9 16 19 23] [1 2 3 4 6 18 19 23] [1 2 3 4 5 6 19 23 25] [1 2 3 4 5 6 9 18 19 23 25] [1 2 3 4 5 6 18] [1 2 3 4 5 6 7 9 18 19 23 25] [1 2 3 4 6 18 19 23 25 26] [1 2 3 4 5 6 9 19 23 25] [1 2 3 4 6 19 23 52] [1 2 3 4 25] [1 2 3 4] [1 2 3 4 6 19 23] [1 2 3 4 6 8 16 18 25 55] [1 2 3 4 5 6 9 11 18] [1 2 3 4 6] [1 2 3 4 5 6 9 19 23 25 52] [1 2 3 4 5 6 9 16 19 23 25] [1 2 3 4 5 6 9 11 19 23 25 28 30 52] [1 2 3 4 5 6 9 16 18 19 23] [1 2 3 4 19] [1 2 3 4 5 6 19 23 25 52] [1 2 3 4 5] [1 2 3 4 5 6 19 23 52] [1 2 3 4 5 6 9 16 18 19 23 25 52] [1 2 3 4 19 23] [1 2 3 4 16 18 25] [1 2 3 4 5 6 19 23] [1 2 3 4 5 6 16 18 25] [1 2 3 4 6 10 19] [1 2 3 4 19 25] [1 2 3] [1 2 3 4 6 19 23 25] [1 2 3 4 6 16 19] [1 2 3 4 5 18 19] [1 2 3 4 18] [1 2 3 4 16 19 23 25] [1 2 3 4 18 19 23 25 52] [1 2 3 4 6 10 18 19 23] [1 2 3 4 5 25] [1 2 3 4 16] [1 2 3 4 6 16 18 19 23 25 26 52 55] [1 2] [1 2 3 4 5 6 9 19] [1 2 3 4 5 6 9 11 19 23 25 28 30] [1 6 18] [1 2 6] [1 2 3 4 6 8 16 18 25] [1 59] [1] [1 2 3 4 5 6 19 23 25 52 56] [1 2 3 4 6 16 18 19 23 52] [1 2 53] [1 2 3 4 6 8 16 19 23 25 55] [1 10] [1 2 3 4 5 6 9 18 19 23 25 26] [1 2 3 4 5 6 16 25] [1 2 3 4 5 18 23 25 26] [1 2 3 4 19 23 25 52] [1 2 3 4 5 18] [1 2 4] [1 2 3 4 5 6 16] [1 2 3 4 6 18] [1 2 3 4 18 19 23] [1 2 25] [2 19] [1 2 3 4 6 7 16 19] [1 2 3 4 18 25] [2 19 23] [1 2 3 4 5 6 9 18 25] [2 3 19 23] [1 2 3 4 5 6 19] [1 2 23] [1 2 3 4 5 19 23 25] [] [] [] [] [] [] [] [] [] [] [] [] [] [] [] [] [] [] [] [] [] [] [] [] [] [] [] [] [] [] [] [] [] [] [] [] [] [] [] [] [] [] [] [] [] [] [] [] [] [] [] [] [] [] [] [] [] [] [] [] [] [] [] [] [] [] [] [] [] [] [] [] [] [] [] [] [] [] [] [] [] [] [] [] [] [] [] [] [] [] [] [] [] [] [] [] [] [] [] [] [] [] [] [] [] [] [] [] [] [] [] [] [] [] [] [] [] [] [] [] [] [] [] [] [] [] [] [] [] [] [] [] [] [] [] [] [] [] [] [] [] [] [] [] [] [] [] [] [] [] []
168 [] [1 2 3 4 19 23 52] [1 2 3 4 5 6 9] [1 2 3 4 5 6 7 8 19 25] [1 2 3 4 5 6] [1 2 3 4 5 19 23] [1 2 3 4 5 6 9 16 19 23 25 52] [1 2 3 4 6 18 25] [1 2 3 4 6 16] [1 2 3 4 5 6 9 16 19 23] [1 2 3 4 6 18 19 23] [1 2 3 4 5 6 19 23 25] [1 2 3 4 5 6 9 18 19 23 25] [1 2 3 4 5 6 18] [1 2 3 4 5 6 7 9 18 19 23 25] [1 2 3 4 6 18 19 23 25 26] [1 2 3 4 5 6 9 19 23 25] [1 2 3 4 6 19 23 52] [1 2 3 4 25] [1 2 3 4] [1 2 3 4 6 19 23] [1 2 3 4 6 8 16 18 25 55] [1 2 3 4 5 6 9 11 18] [1 2 3 4 6] [1 2 3 4 5 6 9 19 23 25 52] [1 2 3 4 5 6 9 16 19 23 25] [1 2 3 4 5 6 9 11 19 23 25 28 30 52] [1 2 3 4 5 6 9 16 18 19 23] [1 2 3 4 19] [1 2 3 4 5 6 19 23 25 52] [1 2 3 4 5] [1 2 3 4 5 6 19 23 52] [1 2 3 4 5 6 9 16 18 19 23 25 52] [1 2 3 4 19 23] [1 2 3 4 16 18 25] [1 2 3 4 5 6 19 23] [1 2 3 4 5 6 16 18 25] [1 2 3 4 6 10 19] [1 2 3 4 19 25] [1 2 3] [1 2 3 4 6 19 23 25] [1 2 3 4 6 16 19] [1 2 3 4 5 18 19] [1 2 3 4 18] [1 2 3 19] [1 2 3 4 16 19 23 25] [1 2 3 4 18 19 23 25 52] [1 2 3 4 6 10 18 19 23] [1 2 3 4 5 25] [1 2 3 4 16] [1 2 3 4 6 16 18 19 23 25 26 52 55] [1 2] [1 2 3 4 5 6 9 19] [1 2 3 4 5 6 9 11 19 23 25 28 30] [1 6 18] [1 2 6] [1 2 3 4 6 8 16 18 25] [1 59] [1] [1 2 3 4 5 6 19 23 25 52 56] [1 2 3 4 6 16 18 19 23 52] [1 2 53] [1 2 3 4 6 8 16 19 23 25 55] [1 10] [1 2 3 4 5 6 9 18 19 23 25 26] [1 2 3 4 5 6 16 25] [1 2 3 4 5 18 23 25 26] [1 2 3 4 19 23 25 52] [1 2 3 4 5 18] [1 2 4] [1 2 3 4 5 6 16] [1 2 3 4 6 18] [1 2 3 4 18 19 23] [1 2 25] [2 19] [1 2 3 4 6 7 16 19] [1 2 3 4 18 25] [2 19 23] [1 2 3 4 5 6 9 18 25] [2 3 19 23] [1 2 3 4 5 6 19] [1 2 23] [1 2 3 4 5 19 23 25] [] [] [] [] [] [] [] [] [] [] [] [] [] [] [] [] [] [] [] [] [] [] [] [] [] [] [] [] [] [] [] [] [] [] [] [] [] [] [] [] [] [] [] [] [] [] [] [] [] [] [] [] [] [] [] [] [] [] [] [] [] [] [] [] [] [] [] [] [] [] [] [] [] [] [] [] [] [] [] [] [] [] [] [] [] [] [] [] [] [] [] [] [] [] [] [] [] [] [] [] [] [] [] [] [] [] [] [] [] [] [] [] [] [] [] [] [] [] [] [] [] [] [] [] [] [] [] [] [] [] [] [] [] [] [] [] [] [] [] [] [] [] [] [] [] [] [] [] [] [] []
169 [] [1 2 3 4 5 6 9] [1 2 3 4 5 6 7 8 19 25] [1 2 3 4 5 6] [1 2 3 4 5 19 23] [1 2 3 4 5 6 9 16 19 23 25 52] [1 2 3 4 6 18 25] [1 2 3 4 6 16] [1 2 3 4 5 6 9 16 19 23] [1 2 3 4 6 18 19 23] [1 2 3 4 5 6 19 23 25] [1 2 3 4 5 6 9 18 19 23 25] [1 2 3 4 5 6 18] [1 2 3 4 5 6 7 9 18 19 23 25] [1 2 3 4 6 18 19 23 25 26] [1 2 3 4 5 6 9 19 23 25] [1 2 3 4 6 19 23 52] [1 2 3 4 25] [1 2 3 4] [1 2 3 4 6 19 23] [1 2 3 4 6 8 16 18 25 55] [1 2 3 4 5 6 9 11 18] [1 2 3 4 6] [1 2 3 4 5 6 9 19 23 25 52] [1 2 3 4 5 6 9 16 19 23 25] [1 2 3 4 5 6 9 11 19 23 25 28 30 52] [1 2 3 4 5 6 9 16 18 19 23] [1 2 3 4 19] [1 2 3 4 5 6 19 23 25 52] [1 2 3 4 5] [1 2 3 4 5 6 19 23 52] [1 2 3 4 5 6 9 16 18 19 23 25 52] [1 2 3 4 19 23] [1 2 3 4 16 18 25] [1 2 3 4 5 6 19 23] [1 2 3 4 5 6 16 18 25] [1 2 3 4 19 23 52] [1 2 3 4 6 10 19] [1 2 3 4 19 25] [1 2 3] [1 2 3 4 6 19 23 25] [1 2 3 4 6 16 19] [1 2 3 4 5 18 19] [1 2 3 4 18] [1 2 3 19] [1 2 3 4 16 19 23 25] [1 2 3 4 18 19 23 25 52] [1 2 3 4 6 10 18 19 23] [1 2 3 4 5 25] [1 2 3 4 16] [1 2 3 4 6 16 18 19 23 25 26 52 55] [1 2] [1 2 3 4 5 6 9 19] [1 2 3 4 5 6 9 11 19 23 25 28 30] [1 6 18] [1 2 6] [1 2 3 4 6 8 16 18 25] [1 59] [1] [1 2 3 4 5 6 19 23 25 52 56] [1 2 3 4 6 16 18 19 23 52] [1 2 53] [1 2 3 4 6 8 16 19 23 25 55] [1 10] [1 2 3 4 5 6 9 18 19 23 25 26] [1 2 3 4 5 6 16 25] [1 2 3 4 5 18 23 25 26] [1 2 3 4 19 23 25 52] [1 2 3 4 5 18] [1 2 4] [1 2 3 4 5 6 16] [1 2 3 4 6 18] [1 2 3 4 18 19 23] [1 2 25] [2 19] [1 2 3 4 6 7 16 19] [1 2 3 4 18 25] [2 19 23] [1 2 3 4 5 6 9 18 25] [2 3 19 23] [1 2 3 4 5 6 19] [1 2 23] [1 2 3 4 5 19 23 25] [] [] [] [] [] [] [] [] [] [] [] [] [] [] [] [] [] [] [] [] [] [] [] [] [] [] [] [] [] [] [] [] [] [] [] [] [] [] [] [] [] [] [] [] [] [] [] [] [] [] [] [] [] [] [] [] [] [] [] [] [] [] [] [] [] [] [] [] [] [] [] [] [] [] [] [] [] [] [] [] [] [] [] [] [] [] [] [] [] [] [] [] [] [] [] [] [] [] [] [] [] [] [] [] [] [] [] [] [] [] [] [] [] [] [] [] [] [] [] [] [] [] [] [] [] [] [] [] [] [] [] [] [] [] [] [] [] [] [] [] [] [] [] [] [] [] [] [] [] [] []
170 [] [1 2 3 4 5 6 7 8 19 25] [1 2 3 4 5 6 9 19 23 25 52] [1 2 3 4 5 6] [1 2 3 4 5 19 23] [1 2 3 4 5 6 9 16 19 23 25 52] [1 2 3 4 6 18 25] [1 2 3 4 6 16] [1 2 3 4 5 6 9 16 19 23] [1 2 3 4 6 18 19 23] [1 2 3 4 5 6 19 23 25] [1 2 3 4 5 6 9 18 19 23 25] [1 2 3 4 5 6 18] [1 2 3 4 5 6 7 9 18 19 23 25] [1 2 3 4 5 6 9] [1 2 3 4 6 18 19 23 25 26] [1 2 3 4 5 6 9 19 23 25] [1 2 3 4 6 19 23 52] [1 2 3 4 25] [1 2 3 4] [1 2 3 4 6 19 23] [1 2 3 4 6 8 16 18 25 55] [1 2 3 4 5 6 9 11 18] [1 2 3 4 6] [1 2 3 4 5 6 9 16 19 23 25] [1 2 3 4 5 6 9 11 19 23 25 28 30 52] [1 2 3 4 5 6 9 16 18 19 23] [1 2 3 4 19] [1 2 3 4 5 6 19 23 25 52] [1 2 3 4 5] [1 2 3 4 5 6 19 23 52] [1 2 3 4 5 6 9 16 18 19 23 25 52] [1 2 3 4 19 23] [1 2 3 4 16 18 25] [1 2 3 4 5 6 19 23] [1 2 3 4 5 6 16 18 25] [1 2 3 4 19 23 52] [1 2 3 4 6 10 19] [1 2 3 4 19 25] [1 2 3] [1 2 3 4 6 19 23 25] [1 2 3 4 6 16 19] [1 2 3 4 5 18 19] [1 2 3 4 18] [1 2 3 19] [1 2 3 4 16 19 23 25] [1 2 3 4 18 19 23 25 52] [1 2 3 4 6 10 18 19 23] [1 2 3 4 5 25] [1 2 3 4 16] [1 2 3 4 6 16 18 19 23 25 26 52 55] [1 2] [1 2 3 4 5 6 9 19] [1 2 3 4 5 6 9 11 19 23 25 28 30] [1 6 18] [1 2 6] [1 2 3 4 6 8 16 18 25] [1 59] [1] [1 2 3 4 5 6 19 23 25 52 56] [1 2 3 4 6 16 18 19 23 52] [1 2 53] [1 2 3 4 6 8 16 19 23 25 55] [1 10] [1 2 3 4 5 6 9 18 19 23 25 26] [1 2 3 4 5 6 16 25] [1 2 3 4 5 18 23 25 26] [1 2 3 4 19 23 25 52] [1 2 3 4 5 18] [1 2 4] [1 2 3 4 5 6 16] [1 2 3 4 6 18] [1 2 3 4 18 19 23] [1 2 25] [2 19] [1 2 3 4 6 7 16 19] [1 2 3 4 18 25] [2 19 23] [1 2 3 4 5 6 9 18 25] [2 3 19 23] [1 2 3 4 5 6 19] [1 2 23] [1 2 3 4 5 19 23 25] [] [] [] [] [] [] [] [] [] [] [] [] [] [] [] [] [] [] [] [] [] [] [] [] [] [] [] [] [] [] [] [] [] [] [] [] [] [] [] [] [] [] [] [] [] [] [] [] [] [] [] [] [] [] [] [] [] [] [] [] [] [] [] [] [] [] [] [] [] [] [] [] [] [] [] [] [] [] [] [] [] [] [] [] [] [] [] [] [] [] [] [] [] [] [] [] [] [] [] [] [] [] [] [] [] [] [] [] [] [] [] [] [] [] [] [] [] [] [] [] [] [] [] [] [] [] [] [] [] [] [] [] [] [] [] [] [] [] [] [] [] [] [] [] [] [] [] [] [] [] []
171 [] [1 2 3 4 5 6 9 19 23 25 52] [1 2 3 4 5 6] [1 2 3 4 5 19 23] [1 2 3 4 5 6 9 16 19 23 25 52] [1 2 3 4 6 18 25] [1 2 3 4 6 16] [1 2 3 4 5 6 9 16 19 23] [1 2 3 4 6 18 19 23] [1 2 3 4 5 6 19 23 25] [1 2 3 4 5 6 9 18 19 23 25] [1 2 3 4 5 6 18] [1 2 3 4 5 6 7 9 18 19 23 25] [1 2 3 4 5 6 9] [1 2 3 4 6 18 19 23 25 26] [1 2 3 4 5 6 9 19 23 25] [1 2 3 4 6 19 23 52] [1 2 3 4 25] [1 2 3 4] [1 2 3 4 6 19 23] [1 2 3 4 6 8 16 18 25 55] [1 2 3 4 5 6 9 11 18] [1 2 3 4 6] [1 2 3 4 5 6 9 16 19 23 25] [1 2 3 4 5 6 9 11 19 23 25 28 30 52] [1 2 3 4 5 6 9 16 18 19 23] [1 2 3 4 19] [1 2 3 4 5 6 19 23 25 52] [1 2 3 4 5] [1 2 3 4 5 6 19 23 52] [1 2 3 4 5 6 9 16 18 19 23 25 52] [1 2 3 4 19 23] [1 2 3 4 16 18 25] [1 2 3 4 5 6 19 23] [1 2 3 4 5 6 16 18 25] [1 2 3 4 19 23 52] [1 2 3 4 6 10 19] [1 2 3 4 19 25] [1 2 3] [1 2 3 4 6 19 23 25] [1 2 3 4 6 16 19] [1 2 3 4 5 18 19] [1 2 3 4 18] [1 2 3 19] [1 2 3 4 16 19 23 25] [1 2 3 4 18 19 23 25 52] [1 2 3 4 6 10 18 19 23] [1 2 3 4 5 25] [1 2 3 4 16] [1 2 3 4 6 16 18 19 23 25 26 52 55] [1 2] [1 2 3 4 5 6 9 19] [1 2 3 4 5 6 9 11 19 23 25 28 30] [1 6 18] [1 2 6] [1 2 3 4 6 8 16 18 25] [1 59] [1] [1 2 3 4 5 6 19 23 25 52 56] [1 2 3 4 6 16 18 19 23 52] [1 2 53] [1 2 3 4 6 8 16 19 23 25 55] [1 10] [1 2 3 4 5 6 9 18 19 23 25 26] [1 2 3 4 5 6 16 25] [1 2 3 4 5 18 23 25 26] [1 2 3 4 19 23 25 52] [1 2 3 4 5 18] [1 2 4] [1 2 3 4 5 6 16] [1 2 3 4 6 18] [1 2 3 4 18 19 23] [1 2 25] [2 19] [1 2 3 4 6 7 16 19] [1 2 3 4 18 25] [2 19 23] [1 2 3 4 5 6 9 18 25] [2 3 19 23] [1 2 3 4 5 6 19] [1 2 23] [1 2 3 4 5 19 23 25] [] [] [] [] [] [] [] [] [] [] [] [] [] [] [] [] [] [] [] [] [] [] [] [] [] [] [] [] [] [] [] [] [] [] [] [] [] [] [] [] [] [] [] [] [] [] [] [] [] [] [] [] [] [] [] [] [] [] [] [] [] [] [] [] [] [] [] [] [] [] [] [] [] [] [] [] [] [] [] [] [] [] [] [] [] [] [] [] [] [] [] [] [] [] [] [] [] [] [] [] [] [] [] [] [] [] [] [] [] [] [] [] [] [] [] [] [] [] [] [] [] [] [] [] [] [] [] [] [] [] [] [] [] [] [] [] [] [] [] [] [] [] [] [] [] [] [] [] [] [] [] []
172 [] [1 2 3 4 5 6] [1 2 3 4 5 19 23] [1 2 3 4 5 6 9 16 19 23 25 52] [1 2 3 4 6 18 25] [1 2 3 4 6 16] [1 2 3 4 5 6 9 16 19 23] [1 2 3 4 6 18 19 23] [1 2 3 4 5 6 19 23 25] [1 2 3 4 5 6 9 18 19 23 25] [1 2 3 4 5 6 18] [1 2 3 4 5 6 7 9 18 19 23 25] [1 2 3 4 5 6 9] [1 2 3 4 6 18 19 23 25 26] [1 2 3 4 5 6 9 19 23 25] [1 2 3 4 6 19 23 52] [1 2 3 4 25] [1 2 3 4] [1 2 3 4 6 19 23] [1 2 3 4 6 8 16 18 25 55] [1 2 3 4 5 6 9 11 18] [1 2 3 4 6] [1 2 3 4 5 6 9 19 23 25 52] [1 2 3 4 5 6 9 16 19 23 25] [1 2 3 4 5 6 9 11 19 23 25 28 30 52] [1 2 3 4 5 6 9 16 18 19 23] [1 2 3 4 19] [1 2 3 4 5 6 19 23 25 52] [1 2 3 4 5] [1 2 3 4 5 6 19 23 52] [1 2 3 4 5 6 9 16 18 19 23 25 52] [1 2 3 4 19 23] [1 2 3 4 16 18 25] [1 2 3 4 5 6 19 23] [1 2 3 4 5 6 16 18 25] [1 2 3 4 19 23 52] [1 2 3 4 6 10 19] [1 2 3 4 19 25] [1 2 3] [1 2 3 4 6 19 23 25] [1 2 3 4 6 16 19] [1 2 3 4 5 18 19] [1 2 3 4 18] [1 2 3 19] [1 2 3 4 16 19 23 25] [1 2 3 4 18 19 23 25 52] [1 2 3 4 6 10 18 19 23] [1 2 3 4 5 25] [1 2 3 4 16] [1 2 3 4 6 16 18 19 23 25 26 52 55] [1 2] [1 2 3 4 5 6 9 19] [1 2 3 4 5 6 9 11 19 23 25 28 30] [1 6 18] [1 2 6] [1 2 3 4 6 8 16 18 25] [1 59] [1] [1 2 3 4 5 6 19 23 25 52 56] [1 2 3 4 6 16 18 19 23 52] [1 2 53] [1 2 3 4 6 8 16 19 23 25 55] [1 10] [1 2 3 4 5 6 9 18 19 23 25 26] [1 2 3 4 5 6 16 25] [1 2 3 4 5 18 23 25 26] [1 2 3 4 19 23 25 52] [1 2 3 4 5 18] [1 2 4] [1 2 3 4 5 6 16] [1 2 3 4 6 18] [1 2 3 4 18 19 23] [1 2 25] [2 19] [1 2 3 4 6 7 16 19] [1 2 3 4 18 25] [2 19 23] [1 2 3 4 5 6 9 18 25] [2 3 19 23] [1 2 3 4 5 6 19] [1 2 23] [1 2 3 4 5 19 23 25] [] [] [] [] [] [] [] [] [] [] [] [] [] [] [] [] [] [] [] [] [] [] [] [] [] [] [] [] [] [] [] [] [] [] [] [] [] [] [] [] [] [] [] [] [] [] [] [] [] [] [] [] [] [] [] [] [] [] [] [] [] [] [] [] [] [] [] [] [] [] [] [] [] [] [] [] [] [] [] [] [] [] [] [] [] [] [] [] [] [] [] [] [] [] [] [] [] [] [] [] [] [] [] [] [] [] [] [] [] [] [] [] [] [] [] [] [] [] [] [] [] [] [] [] [] [] [] [] [] [] [] [] [] [] [] [] [] [] [] [] [] [] [] [] [] [] [] [] [] [] [] []
173 [] [1 2 3 4 5 6] [1 2 3 4 5 19 23] [1 2 3 4 5 6 9 16 19 23 25 52] [1 2 3 4 6 18 25] [1 2 3 4 6 16] [1 2 3 4 5 6 9 16 19 23] [1 2 3 4 6 18 19 23] [1 2 3 4 5 6 19 23 25] [1 2 3 4 5 6 9 18 19 23 25] [1 2 3 4 5 6 18] [1 2 3 4 5 6 7 9 18 19 23 25] [1 2 3 4 5 6 9] [1 2 3 4 6 18 19 23 25 26] [1 2 3 4 5 6 9 19 23 25] [1 2 3 4 6 19 23 52] [1 2 3 4 25] [1 2 3 4] [1 2 3 4 6 19 23] [1 2 3 4 6 8 16 18 25 55] [1 2 3 4 5 6 9 11 18] [1 2 3 4 6] [1 2 3 4 5 6 9 19 23 25 52] [1 2 3 4 5 6 9 16 19 23 25] [1 2 3 4 5 6 9 11 19 23 25 28 30 52] [1 2 3 4 5 6 9 16 18 19 23] [1 2 3 4 19] [1 2 3 4 5 6 19 23 25 52] [1 2 3 4 5] [1 2 3 4 5 6 19 23 52] [1 2 3 4 5 6 9 16 18 19 23 25 52] [1 2 3 4 19 23] [1 2 3 4 16 18 25] [1 2 3 4 5 6 19 23] [1 2 3 4 5 6 16 18 25] [1 2 3 4 19 23 52] [1 2 3 4 6 10 19] [1 2 3 4 19 25] [1 2 3] [1 2 3 4 6 19 23 25] [1 2 3 4 6 16 19] [1 2 3 4 5 18 19] [1 2 3 4 18] [1 2 3 19] [1 2 3 4 16 19 23 25] [1 2 3 4 18 19 23 25 52] [1 2 3 4 6 10 18 19 23] [1 2 3 4 5 25] [1 2 3 4 16] [1 2 3 4 6 16 18 19 23 25 26 52 55] [1 2] [1 2 3 4 5 6 9 19] [1 2 3 4 5 6 9 11 19 23 25 28 30] [1 6 18] [1 2 6] [1 2 3 4 6 8 16 18 25] [1 59] [1] [1 2 3 4 5 6 19 23 25 52 56] [1 2 3 4 6 16 18 19 23 52] [1 2 53] [1 2 3 4 6 8 16 19 23 25 55] [1 10] [1 2 3 4 5 6 9 18 19 23 25 26] [1 2 3 4 5 6 16 25] [1 2 3 4 5 18 23 25 26] [1 2 3 4 19 23 25 52] [1 2 3 4 5 18] [1 2 4] [1 2 3 4 5 6 16] [1 2 3 4 6 18] [1 2 3 4 18 19 23] [1 2 25] [2 19] [1 2 3 4 6 7 16 19] [1 2 3 4 18 25] [2 19 23] [1 2 3 4 5 6 9 18 25] [2 3 19 23] [1 2 3 4 5 6 19] [1 2 23] [1 2 3 4 5 19 23 25] [] [] [] [] [] [] [] [] [] [] [] [] [] [] [] [] [] [] [] [] [] [] [] [] [] [] [] [] [] [] [] [] [] [] [] [] [] [] [] [] [] [] [] [] [] [] [] [] [] [] [] [] [] [] [] [] [] [] [] [] [] [] [] [] [] [] [] [] [] [] [] [] [] [] [] [] [] [] [] [] [] [] [] [] [] [] [] [] [] [] [] [] [] [] [] [] [] [] [] [] [] [] [] [] [] [] [] [] [] [] [] [] [] [] [] [] [] [] [] [] [] [] [] [] [] [] [] [] [] [] [] [] [] [] [] [] [] [] [] [] [] [] [] [] [] [] [] [] [] [] [] []
174 [] [1 2 3 4 5 19 23] [1 2 3 4 5 6 9 16 19 23 25 52] [1 2 3 4 6 18 25] [1 2 3 4 6 16] [1 2 3 4 5 6 9 16 19 23] [1 2 3 4 6 18 19 23] [1 2 3 4 5 6 19 23 25] [1 2 3 4 5 6 9 18 19 23 25] [1 2 3 4 5 6 18] [1 2 3 4 5 6] [1 2 3 4 5 6 7 9 18 19 23 25] [1 2 3 4 5 6 9] [1 2 3 4 6 18 19 23 25 26] [1 2 3 4 5 6 9 19 23 25] [1 2 3 4 6 19 23 52] [1 2 3 4 25] [1 2 3 4] [1 2 3 4 6 19 23] [1 2 3 4 6 8 16 18 25 55] [1 2 3 4 5 6 9 11 18] [1 2 3 4 6] [1 2 3 4 5 6 9 19 23 25 52] [1 2 3 4 5 6 9 16 19 23 25] [1 2 3 4 5 6 9 11 19 23 25 28 30 52] [1 2 3 4 5 6 9 16 18 19 23] [1 2 3 4 19] [1 2 3 4 5 6 19 23 25 52] [1 2 3 4 5] [1 2 3 4 5 6 19 23 52] [1 2 3 4 5 6 9 16 18 19 23 25 52] [1 2 3 4 19 23] [1 2 3 4 16 18 25] [1 2 3 4 5 6 19 23] [1 2 3 4 5 6 16 18 25] [1 2 3 4 19 23 52] [1 2 3 4 6 10 19] [1 2 3 4 19 25] [1 2 3] [1 2 3 4 6 19 23 25] [1 2 3 4 6 16 19] [1 2 3 4 5 18 19] [1 2 3 4 18] [1 2 3 19] [1 2 3 4 16 19 23 25] [1 2 3 4 18 19 23 25 52] [1 2 3 4 6 10 18 19 23] [1 2 3 4 5 25] [1 2 3 4 16] [1 2 3 4 6 16 18 19 23 25 26 52 55] [1 2] [1 2 3 4 5 6 9 19] [1 2 3 4 5 6 9 11 19 23 25 28 30] [1 6 18] [1 2 6] [1 2 3 4 6 8 16 18 25] [1 59] [1] [1 2 3 4 5 6 19 23 25 52 56] [1 2 3 4 6 16 18 19 23 52] [1 2 53] [1 2 3 4 6 8 16 19 23 25 55] [1 10] [1 2 3 4 5 6 9 18 19 23 25 26] [1 2 3 4 5 6 16 25] [1 2 3 4 5 18 23 25 26] [1 2 3 4 19 23 25 52] [1 2 3 4 5 18] [1 2 4] [1 2 3 4 5 6 16] [1 2 3 4 6 18] [1 2 3 4 18 19 23] [1 2 25] [2 19] [1 2 3 4 6 7 16 19] [1 2 3 4 18 25] [2 19 23] [1 2 3 4 5 6 9 18 25] [2 3 19 23] [1 2 3 4 5 6 19] [1 2 23] [1 2 3 4 5 19 23 25] [] [] [] [] [] [] [] [] [] [] [] [] [] [] [] [] [] [] [] [] [] [] [] [] [] [] [] [] [] [] [] [] [] [] [] [] [] [] [] [] [] [] [] [] [] [] [] [] [] [] [] [] [] [] [] [] [] [] [] [] [] [] [] [] [] [] [] [] [] [] [] [] [] [] [] [] [] [] [] [] [] [] [] [] [] [] [] [] [] [] [] [] [] [] [] [] [] [] [] [] [] [] [] [] [] [] [] [] [] [] [] [] [] [] [] [] [] [] [] [] [] [] [] [] [] [] [] [] [] [] [] [] [] [] [] [] [] [] [] [] [] [] [] [] [] [] [] [] [] [] [] []
175 [] [1 2 3 4 5 19 23] [1 2 3 4 5 6 9 16 19 23 25 52] [1 2 3 4 6 18 25] [1 2 3 4 6 16] [1 2 3 4 5 6 9 16 19 23] [1 2 3 4 6 18 19 23] [1 2 3 4 5 6 19 23 25] [1 2 3 4 5 6 9 18 19 23 25] [1 2 3 4 5 6 18] [1 2 3 4 5 6] [1 2 3 4 5 6 7 9 18 19 23 25] [1 2 3 4 5 6 9] [1 2 3 4 6 18 19 23 25 26] [1 2 3 4 5 6 9 19 23 25] [1 2 3 4 6 19 23 52] [1 2 3 4 25] [1 2 3 4] [1 2 3 4 6 19 23] [1 2 3 4 6 8 16 18 25 55] [1 2 3 4 5 6 9 11 18] [1 2 3 4 6] [1 2 3 4 5 6 9 19 23 25 52] [1 2 3 4 5 6 9 16 19 23 25] [1 2 3 4 5 6 9 11 19 23 25 28 30 52] [1 2 3 4 5 6 9 16 18 19 23] [1 2 3 4 19] [1 2 3 4 5 6 19 23 25 52] [1 2 3 4 5] [1 2 3 4 5 6 19 23 52] [1 2 3 4 5 6 9 16 18 19 23 25 52] [1 2 3 4 19 23] [1 2 3 4 16 18 25] [1 2 3 4 5 6 19 23] [1 2 3 4 5 6 16 18 25] [1 2 3 4 19 23 52] [1 2 3 4 6 10 19] [1 2 3 4 19 25] [1 2 3] [1 2 3 4 6 19 23 25] [1 2 3 4 6 16 19] [1 2 3 4 5 18 19] [1 2 3 4 18] [1 2 3 19] [1 2 3 4 16 19 23 25] [1 2 3 4 18 19 23 25 52] [1 2 3 4 6 10 18 19 23] [1 2 3 4 5 25] [1 2 3 4 16] [1 2 3 4 6 16 18 19 23 25 26 52 55] [1 2] [1 2 3 4 5 6 9 19] [1 2 3 4 5 6 9 11 19 23 25 28 30] [1 6 18] [1 2 6] [1 2 3 4 6 8 16 18 25] [1 59] [1] [1 2 3 4 5 6 19 23 25 52 56] [1 2 3 4 6 16 18 19 23 52] [1 2 53] [1 2 3 4 6 8 16 19 23 25 55] [1 10] [1 2 3 4 5 6 9 18 19 23 25 26] [1 2 3 4 5 6 16 25] [1 2 3 4 5 18 23 25 26] [1 2 3 4 19 23 25 52] [1 2 3 4 5 18] [1 2 4] [1 2 3 4 5 6 16] [1 2 3 4 6 18] [1 2 3 4 18 19 23] [1 2 25] [2 19] [1 2 3 4 6 7 16 19] [1 2 3 4 18 25] [2 19 23] [1 2 3 4 5 6 9 18 25] [2 3 19 23] [1 2 3 4 5 6 19] [1 2 23] [1 2 3 4 5 19 23 25] [] [] [] [] [] [] [] [] [] [] [] [] [] [] [] [] [] [] [] [] [] [] [] [] [] [] [] [] [] [] [] [] [] [] [] [] [] [] [] [] [] [] [] [] [] [] [] [] [] [] [] [] [] [] [] [] [] [] [] [] [] [] [] [] [] [] [] [] [] [] [] [] [] [] [] [] [] [] [] [] [] [] [] [] [] [] [] [] [] [] [] [] [] [] [] [] [] [] [] [] [] [] [] [] [] [] [] [] [] [] [] [] [] [] [] [] [] [] [] [] [] [] [] [] [] [] [] [] [] [] [] [] [] [] [] [] [] [] [] [] [] [] [] [] [] [] [] [] [] [] [] []
176 [] [1 2 3 4 5 6 9 16 19 23 25 52] [1 2 3 4 6 18 25] [1 2 3 4 6 16] [1 2 3 4 5 6 9 16 19 23] [1 2 3 4 6 18 19 23] [1 2 3 4 5 6 19 23 25] [1 2 3 4 5 6 9 18 19 23 25] [1 2 3 4 5 6 18] [1 2 3 4 5 6] [1 2 3 4 5 6 7 9 18 19 23 25] [1 2 3 4 5 6 9] [1 2 3 4 5 19 23] [1 2 3 4 6 18 19 23 25 26] [1 2 3 4 5 6 9 19 23 25] [1 2 3 4 6 19 23 52] [1 2 3 4 25] [1 2 3 4] [1 2 3 4 6 19 23] [1 2 3 4 6 8 16 18 25 55] [1 2 3 4 5 6 9 11 18] [1 2 3 4 6] [1 2 3 4 5 6 9 19 23 25 52] [1 2 3 4 5 6 9 16 19 23 25] [1 2 3 4 5 6 9 11 19 23 25 28 30 52] [1 2 3 4 5 6 9 16 18 19 23] [1 2 3 4 19] [1 2 3 4 5 6 19 23 25 52] [1 2 3 4 5] [1 2 3 4 5 6 19 23 52] [1 2 3 4 5 6 9 16 18 19 23 25 52] [1 2 3 4 19 23] [1 2 3 4 16 18 25] [1 2 3 4 5 6 19 23] [1 2 3 4 5 6 16 18 25] [1 2 3 4 19 23 52] [1 2 3 4 6 10 19] [1 2 3 4 19 25] [1 2 3] [1 2 3 4 6 19 23 25] [1 2 3 4 6 16 19] [1 2 3 4 5 18 19] [1 2 3 4 18] [1 2 3 19] [1 2 3 4 16 19 23 25] [1 2 3 4 18 19 23 25 52] [1 2 3 4 6 10 18 19 23] [1 2 3 4 5 25] [1 2 3 4 16] [1 2 3 4 6 16 18 19 23 25 26 52 55] [1 2] [1 2 3 4 5 6 9 19] [1 2 3 4 5 6 9 11 19 23 25 28 30] [1 6 18] [1 2 6] [1 2 3 4 6 8 16 18 25] [1 59] [1] [1 2 3 4 5 6 19 23 25 52 56] [1 2 3 4 6 16 18 19 23 52] [1 2 53] [1 2 3 4 6 8 16 19 23 25 55] [1 10] [1 2 3 4 5 6 9 18 19 23 25 26] [1 2 3 4 5 6 16 25] [1 2 3 4 5 18 23 25 26] [1 2 3 4 19 23 25 52] [1 2 3 4 5 18] [1 2 4] [1 2 3 4 5 6 16] [1 2 3 4 6 18] [1 2 3 4 18 19 23] [1 2 25] [2 19] [1 2 3 4 6 7 16 19] [1 2 3 4 18 25] [2 19 23] [1 2 3 4 5 6 9 18 25] [2 3 19 23] [1 2 3 4 5 6 19] [1 2 23] [1 2 3 4 5 19 23 25] [] [] [] [] [] [] [] [] [] [] [] [] [] [] [] [] [] [] [] [] [] [] [] [] [] [] [] [] [] [] [] [] [] [] [] [] [] [] [] [] [] [] [] [] [] [] [] [] [] [] [] [] [] [] [] [] [] [] [] [] [] [] [] [] [] [] [] [] [] [] [] [] [] [] [] [] [] [] [] [] [] [] [] [] [] [] [] [] [] [] [] [] [] [] [] [] [] [] [] [] [] [] [] [] [] [] [] [] [] [] [] [] [] [] [] [] [] [] [] [] [] [] [] [] [] [] [] [] [] [] [] [] [] [] [] [] [] [] [] [] [] [] [] [] [] [] [] [] [] [] [] []
177 [] [1 2 3 4 5 6 9 16 19 23 25 52] [1 2 3 4 5 6] [1 2 3 4 6 18 25] [1 2 3 4 6 16] [1 2 3 4 5 6 9 16 19 23] [1 2 3 4 6 18 19 23] [1 2 3 4 5 6 19 23 25] [1 2 3 4 5 6 9 18 19 23 25] [1 2 3 4 5 6 18] [1 2 3 4 5 6 7 9 18 19 23 25] [1 2 3 4 5 6 9] [1 2 3 4 5 19 23] [1 2 3 4 6 18 19 23 25 26] [1 2 3 4 5 6 9 19 23 25] [1 2 3 4 6 19 23 52] [1 2 3 4 25] [1 2 3 4] [1 2 3 4 6 19 23] [1 2 3 4 6 8 16 18 25 55] [1 2 3 4 5 6 9 11 18] [1 2 3 4 6] [1 2 3 4 5 6 9 19 23 25 52] [1 2 3 4 5 6 9 16 19 23 25] [1 2 3 4 5 6 9 11 19 23 25 28 30 52] [1 2 3 4 5 6 9 16 18 19 23] [1 2 3 4 19] [1 2 3 4 5 6 19 23 25 52] [1 2 3 4 5] [1 2 3 4 5 6 19 23 52] [1 2 3 4 5 6 9 16 18 19 23 25 52] [1 2 3 4 19 23] [1 2 3 4 16 18 25] [1 2 3 4 5 6 19 23] [1 2 3 4 5 6 16 18 25] [1 2 3 4 19 23 52] [1 2 3 4 6 10 19] [1 2 3 4 19 25] [1 2 3] [1 2 3 4 6 19 23 25] [1 2 3 4 6 16 19] [1 2 3 4 5 18 19] [1 2 3 4 18] [1 2 3 19] [1 2 3 4 16 19 23 25] [1 2 3 4 18 19 23 25 52] [1 2 3 4 6 10 18 19 23] [1 2 3 4 5 25] [1 2 3 4 16] [1 2 3 4 6 16 18 19 23 25 26 52 55] [1 2] [1 2 3 4 5 6 9 19] [1 2 3 4 5 6 9 11 19 23 25 28 30] [1 6 18] [1 2 6] [1 2 3 4 6 8 16 18 25] [1 59] [1] [1 2 3 4 5 6 19 23 25 52 56] [1 2 3 4 6 16 18 19 23 52] [1 2 53] [1 2 3 4 6 8 16 19 23 25 55] [1 10] [1 2 3 4 5 6 9 18 19 23 25 26] [1 2 3 4 5 6 16 25] [1 2 3 4 5 18 23 25 26] [1 2 3 4 19 23 25 52] [1 2 3 4 5 18] [1 2 4] [1 2 3 4 5 6 16] [1 2 3 4 6 18] [1 2 3 4 18 19 23] [1 2 25] [2 19] [1 2 3 4 6 7 16 19] [1 2 3 4 18 25] [2 19 23] [1 2 3 4 5 6 9 18 25] [2 3 19 23] [1 2 3 4 5 6 19] [1 2 23] [1 2 3 4 5 19 23 25] [] [] [] [] [] [] [] [] [] [] [] [] [] [] [] [] [] [] [] [] [] [] [] [] [] [] [] [] [] [] [] [] [] [] [] [] [] [] [] [] [] [] [] [] [] [] [] [] [] [] [] [] [] [] [] [] [] [] [] [] [] [] [] [] [] [] [] [] [] [] [] [] [] [] [] [] [] [] [] [] [] [] [] [] [] [] [] [] [] [] [] [] [] [] [] [] [] [] [] [] [] [] [] [] [] [] [] [] [] [] [] [] [] [] [] [] [] [] [] [] [] [] [] [] [] [] [] [] [] [] [] [] [] [] [] [] [] [] [] [] [] [] [] [] [] [] [] [] [] [] [] []
178 [] [1 2 3 4 5 6] [1 2 3 4 6 18 25] [1 2 3 4 6 16] [1 2 3 4 5 6 9 16 19 23] [1 2 3 4 6 18 19 23] [1 2 3 4 5 6 19 23 25] [1 2 3 4 5 6 9 18 19 23 25] [1 2 3 4 5 6 18] [1 2 3 4 5 6 7 9 18 19 23 25] [1 2 3 4 5 6 9] [1 2 3 4 5 19 23] [1 2 3 4 6 18 19 23 25 26] [1 2 3 4 5 6 9 19 23 25] [1 2 3 4 6 19 23 52] [1 2 3 4 25] [1 2 3 4] [1 2 3 4 6 19 23] [1 2 3 4 6 8 16 18 25 55] [1 2 3 4 5 6 9 11 18] [1 2 3 4 6] [1 2 3 4 5 6 9 19 23 25 52] [1 2 3 4 5 6 9 16 19 23 25] [1 2 3 4 5 6 9 11 19 23 25 28 30 52] [1 2 3 4 5 6 9 16 18 19 23] [1 2 3 4 19] [1 2 3 4 5 6 19 23 25 52] [1 2 3 4 5] [1 2 3 4 5 6 19 23 52] [1 2 3 4 5 6 9 16 18 19 23 25 52] [1 2 3 4 19 23] [1 2 3 4 16 18 25] [1 2 3 4 5 6 19 23] [1 2 3 4 5 6 16 18 25] [1 2 3 4 19 23 52] [1 2 3 4 6 10 19] [1 2 3 4 19 25] [1 2 3] [1 2 3 4 6 19 23 25] [1 2 3 4 6 16 19] [1 2 3 4 5 18 19] [1 2 3 4 18] [1 2 3 19] [1 2 3 4 16 19 23 25] [1 2 3 4 18 19 23 25 52] [1 2 3 4 6 10 18 19 23] [1 2 3 4 5 25] [1 2 3 4 16] [1 2 3 4 6 16 18 19 23 25 26 52 55] [1 2] [1 2 3 4 5 6 9 19] [1 2 3 4 5 6 9 11 19 23 25 28 30] [1 6 18] [1 2 6] [1 2 3 4 6 8 16 18 25] [1 59] [1] [1 2 3 4 5 6 19 23 25 52 56] [1 2 3 4 6 16 18 19 23 52] [1 2 53] [1 2 3 4 6 8 16 19 23 25 55] [1 10] [1 2 3 4 5 6 9 18 19 23 25 26] [1 2 3 4 5 6 16 25] [1 2 3 4 5 18 23 25 26] [1 2 3 4 19 23 25 52] [1 2 3 4 5 18] [1 2 4] [1 2 3 4 5 6 16] [1 2 3 4 6 18] [1 2 3 4 18 19 23] [1 2 25] [2 19] [1 2 3 4 6 7 16 19] [1 2 3 4 18 25] [2 19 23] [1 2 3 4 5 6 9 18 25] [2 3 19 23] [1 2 3 4 5 6 19] [1 2 23] [1 2 3 4 5 19 23 25] [] [] [] [] [] [] [] [] [] [] [] [] [] [] [] [] [] [] [] [] [] [] [] [] [] [] [] [] [] [] [] [] [] [] [] [] [] [] [] [] [] [] [] [] [] [] [] [] [] [] [] [] [] [] [] [] [] [] [] [] [] [] [] [] [] [] [] [] [] [] [] [] [] [] [] [] [] [] [] [] [] [] [] [] [] [] [] [] [] [] [] [] [] [] [] [] [] [] [] [] [] [] [] [] [] [] [] [] [] [] [] [] [] [] [] [] [] [] [] [] [] [] [] [] [] [] [] [] [] [] [] [] [] [] [] [] [] [] [] [] [] [] [] [] [] [] [] [] [] [] [] [] []
179 [] [1 2 3 4 6 18 25] [1 2 3 4 6 16] [1 2 3 4 5 6 9 16 19 23] [1 2 3 4 6 18 19 23] [1 2 3 4 5 6 19 23 25] [1 2 3 4 5 6 9 18 19 23 25] [1 2 3 4 5 6 18] [1 2 3 4 5 6] [1 2 3 4 5 6 7 9 18 19 23 25] [1 2 3 4 5 6 9] [1 2 3 4 5 19 23] [1 2 3 4 6 18 19 23 25 26] [1 2 3 4 5 6 9 19 23 25] [1 2 3 4 6 19 23 52] [1 2 3 4 25] [1 2 3 4] [1 2 3 4 6 19 23] [1 2 3 4 6 8 16 18 25 55] [1 2 3 4 5 6 9 11 18] [1 2 3 4 6] [1 2 3 4 5 6 9 19 23 25 52] [1 2 3 4 5 6 9 16 19 23 25] [1 2 3 4 5 6 9 11 19 23 25 28 30 52] [1 2 3 4 5 6 9 16 18 19 23] [1 2 3 4 19] [1 2 3 4 5 6 19 23 25 52] [1 2 3 4 5] [1 2 3 4 5 6 19 23 52] [1 2 3 4 5 6 9 16 18 19 23 25 52] [1 2 3 4 19 23] [1 2 3 4 16 18 25] [1 2 3 4 5 6 19 23] [1 2 3 4 5 6 16 18 25] [1 2 3 4 19 23 52] [1 2 3 4 6 10 19] [1 2 3 4 19 25] [1 2 3] [1 2 3 4 6 19 23 25] [1 2 3 4 6 16 19] [1 2 3 4 5 18 19] [1 2 3 4 18] [1 2 3 19] [1 2 3 4 16 19 23 25] [1 2 3 4 18 19 23 25 52] [1 2 3 4 6 10 18 19 23] [1 2 3 4 5 25] [1 2 3 4 16] [1 2 3 4 6 16 18 19 23 25 26 52 55] [1 2] [1 2 3 4 5 6 9 19] [1 2 3 4 5 6 9 11 19 23 25 28 30] [1 6 18] [1 2 6] [1 2 3 4 6 8 16 18 25] [1 59] [1] [1 2 3 4 5 6 19 23 25 52 56] [1 2 3 4 6 16 18 19 23 52] [1 2 53] [1 2 3 4 6 8 16 19 23 25 55] [1 10] [1 2 3 4 5 6 9 18 19 23 25 26] [1 2 3 4 5 6 16 25] [1 2 3 4 5 18 23 25 26] [1 2 3 4 19 23 25 52] [1 2 3 4 5 18] [1 2 4] [1 2 3 4 5 6 16] [1 2 3 4 6 18] [1 2 3 4 18 19 23] [1 2 25] [2 19] [1 2 3 4 6 7 16 19] [1 2 3 4 18 25] [2 19 23] [1 2 3 4 5 6 9 18 25] [2 3 19 23] [1 2 3 4 5 6 19] [1 2 23] [1 2 3 4 5 19 23 25] [] [] [] [] [] [] [] [] [] [] [] [] [] [] [] [] [] [] [] [] [] [] [] [] [] [] [] [] [] [] [] [] [] [] [] [] [] [] [] [] [] [] [] [] [] [] [] [] [] [] [] [] [] [] [] [] [] [] [] [] [] [] [] [] [] [] [] [] [] [] [] [] [] [] [] [] [] [] [] [] [] [] [] [] [] [] [] [] [] [] [] [] [] [] [] [] [] [] [] [] [] [] [] [] [] [] [] [] [] [] [] [] [] [] [] [] [] [] [] [] [] [] [] [] [] [] [] [] [] [] [] [] [] [] [] [] [] [] [] [] [] [] [] [] [] [] [] [] [] [] [] [] []
180 [] [1 2 3 4 6 16] [1 2 3 4 5 6 9 16 19 23] [1 2 3 4 6 18 19 23] [1 2 3 4 5 6 19 23 25] [1 2 3 4 5 6 9 18 19 23 25] [1 2 3 4 5 6 18] [1 2 3 4 5 6] [1 2 3 4 5 6 7 9 18 19 23 25] [1 2 3 4 5 6 9] [1 2 3 4 5 19 23] [1 2 3 4 6 18 19 23 25 26] [1 2 3 4 5 6 9 19 23 25] [1 2 3 4 6 19 23 52] [1 2 3 4 25] [1 2 3 4] [1 2 3 4 6 19 23] [1 2 3 4 6 8 16 18 25 55] [1 2 3 4 5 6 9 11 18] [1 2 3 4 6] [1 2 3 4 5 6 9 19 23 25 52] [1 2 3 4 5 6 9 16 19 23 25] [1 2 3 4 5 6 9 11 19 23 25 28 30 52] [1 2 3 4 5 6 9 16 18 19 23] [1 2 3 4 19] [1 2 3 4 5 6 19 23 25 52] [1 2 3 4 5] [1 2 3 4 5 6 19 23 52] [1 2 3 4 5 6 9 16 18 19 23 25 52] [1 2 3 4 19 23] [1 2 3 4 16 18 25] [1 2 3 4 5 6 19 23] [1 2 3 4 5 6 16 18 25] [1 2 3 4 19 23 52] [1 2 3 4 6 10 19] [1 2 3 4 19 25] [1 2 3] [1 2 3 4 6 19 23 25] [1 2 3 4 6 16 19] [1 2 3 4 5 18 19] [1 2 3 4 18] [1 2 3 19] [1 2 3 4 16 19 23 25] [1 2 3 4 18 19 23 25 52] [1 2 3 4 6 10 18 19 23] [1 2 3 4 5 25] [1 2 3 4 16] [1 2 3 4 6 16 18 19 23 25 26 52 55] [1 2] [1 2 3 4 5 6 9 19] [1 2 3 4 5 6 9 11 19 23 25 28 30] [1 6 18] [1 2 6] [1 2 3 4 6 8 16 18 25] [1 59] [1] [1 2 3 4 5 6 19 23 25 52 56] [1 2 3 4 6 16 18 19 23 52] [1 2 53] [1 2 3 4 6 8 16 19 23 25 55] [1 10] [1 2 3 4 5 6 9 18 19 23 25 26] [1 2 3 4 5 6 16 25] [1 2 3 4 5 18 23 25 26] [1 2 3 4 19 23 25 52] [1 2 3 4 5 18] [1 2 4] [1 2 3 4 5 6 16] [1 2 3 4 6 18] [1 2 3 4 18 19 23] [1 2 25] [2 19] [1 2 3 4 6 7 16 19] [1 2 3 4 18 25] [2 19 23] [1 2 3 4 5 6 9 18 25] [2 3 19 23] [1 2 3 4 5 6 19] [1 2 23] [1 2 3 4 5 19 23 25] [] [] [] [] [] [] [] [] [] [] [] [] [] [] [] [] [] [] [] [] [] [] [] [] [] [] [] [] [] [] [] [] [] [] [] [] [] [] [] [] [] [] [] [] [] [] [] [] [] [] [] [] [] [] [] [] [] [] [] [] [] [] [] [] [] [] [] [] [] [] [] [] [] [] [] [] [] [] [] [] [] [] [] [] [] [] [] [] [] [] [] [] [] [] [] [] [] [] [] [] [] [] [] [] [] [] [] [] [] [] [] [] [] [] [] [] [] [] [] [] [] [] [] [] [] [] [] [] [] [] [] [] [] [] [] [] [] [] [] [] [] [] [] [] [] [] [] [] [] [] [] [] [] []
181 [] [1 2 3 4 5 6 9 16 19 23] [1 2 3 4 6 18 19 23] [1 2 3 4 5 6 19 23 25] [1 2 3 4 5 6 9 18 19 23 25] [1 2 3 4 5 6 18] [1 2 3 4 5 6] [1 2 3 4 5 6 7 9 18 19 23 25] [1 2 3 4 5 6 9] [1 2 3 4 5 19 23] [1 2 3 4 6 18 19 23 25 26] [1 2 3 4 5 6 9 19 23 25] [1 2 3 4 6 19 23 52] [1 2 3 4 25] [1 2 3 4] [1 2 3 4 6 19 23] [1 2 3 4 6 8 16 18 25 55] [1 2 3 4 5 6 9 11 18] [1 2 3 4 6] [1 2 3 4 5 6 9 19 23 25 52] [1 2 3 4 5 6 9 16 19 23 25] [1 2 3 4 5 6 9 11 19 23 25 28 30 52] [1 2 3 4 5 6 9 16 18 19 23] [1 2 3 4 19] [1 2 3 4 5 6 19 23 25 52] [1 2 3 4 5] [1 2 3 4 5 6 19 23 52] [1 2 3 4 5 6 9 16 18 19 23 25 52] [1 2 3 4 19 23] [1 2 3 4 16 18 25] [1 2 3 4 5 6 19 23] [1 2 3 4 5 6 16 18 25] [1 2 3 4 19 23 52] [1 2 3 4 6 10 19] [1 2 3 4 19 25] [1 2 3] [1 2 3 4 6 19 23 25] [1 2 3 4 6 16 19] [1 2 3 4 5 18 19] [1 2 3 4 18] [1 2 3 19] [1 2 3 4 16 19 23 25] [1 2 3 4 18 19 23 25 52] [1 2 3 4 6 10 18 19 23] [1 2 3 4 5 25] [1 2 3 4 16] [1 2 3 4 6 16 18 19 23 25 26 52 55] [1 2] [1 2 3 4 5 6 9 19] [1 2 3 4 5 6 9 11 19 23 25 28 30] [1 6 18] [1 2 6] [1 2 3 4 6 8 16 18 25] [1 59] [1] [1 2 3 4 5 6 19 23 25 52 56] [1 2 3 4 6 16] [1 2 3 4 6 16 18 19 23 52] [1 2 53] [1 2 3 4 6 8 16 19 23 25 55] [1 10] [1 2 3 4 5 6 9 18 19 23 25 26] [1 2 3 4 5 6 16 25] [1 2 3 4 5 18 23 25 26] [1 2 3 4 19 23 25 52] [1 2 3 4 5 18] [1 2 4] [1 2 3 4 5 6 16] [1 2 3 4 6 18] [1 2 3 4 18 19 23] [1 2 25] [2 19] [1 2 3 4 6 7 16 19] [1 2 3 4 18 25] [2 19 23] [1 2 3 4 5 6 9 18 25] [2 3 19 23] [1 2 3 4 5 6 19] [1 2 23] [1 2 3 4 5 19 23 25] [] [] [] [] [] [] [] [] [] [] [] [] [] [] [] [] [] [] [] [] [] [] [] [] [] [] [] [] [] [] [] [] [] [] [] [] [] [] [] [] [] [] [] [] [] [] [] [] [] [] [] [] [] [] [] [] [] [] [] [] [] [] [] [] [] [] [] [] [] [] [] [] [] [] [] [] [] [] [] [] [] [] [] [] [] [] [] [] [] [] [] [] [] [] [] [] [] [] [] [] [] [] [] [] [] [] [] [] [] [] [] [] [] [] [] [] [] [] [] [] [] [] [] [] [] [] [] [] [] [] [] [] [] [] [] [] [] [] [] [] [] [] [] [] [] [] [] [] [] [] [] [] [] []
182 [] [1 2 3 4 6 18 19 23] [1 2 3 4 5 6 19 23 25] [1 2 3 4 5 6 9 18 19 23 25] [1 2 3 4 5 6 18] [1 2 3 4 5 6] [1 2 3 4 5 6 7 9 18 19 23 25] [1 2 3 4 5 6 9] [1 2 3 4 5 19 23] [1 2 3 4 6 18 19 23 25 26] [1 2 3 4 5 6 9 19 23 25] [1 2 3 4 6 19 23 52] [1 2 3 4 25] [1 2 3 4] [1 2 3 4 6 19 23] [1 2 3 4 6 8 16 18 25 55] [1 2 3 4 5 6 9 11 18] [1 2 3 4 6] [1 2 3 4 5 6 9 19 23 25 52] [1 2 3 4 5 6 9 16 19 23 25] [1 2 3 4 5 6 9 11 19 23 25 28 30 52] [1 2 3 4 5 6 9 16 18 19 23] [1 2 3 4 19] [1 2 3 4 5 6 19 23 25 52] [1 2 3 4 5] [1 2 3 4 5 6 19 23 52] [1 2 3 4 5 6 9 16 18 19 23 25 52] [1 2 3 4 19 23] [1 2 3 4 16 18 25] [1 2 3 4 5 6 19 23] [1 2 3 4 5 6 16 18 25] [1 2 3 4 19 23 52] [1 2 3 4 6 10 19] [1 2 3 4 19 25] [1 2 3] [1 2 3 4 6 19 23 25] [1 2 3 4 6 16 19] [1 2 3 4 5 18 19] [1 2 3 4 18] [1 2 3 19] [1 2 3 4 16 19 23 25] [1 2 3 4 18 19 23 25 52] [1 2 3 4 6 10 18 19 23] [1 2 3 4 5 25] [1 2 3 4 16] [1 2 3 4 6 16 18 19 23 25 26 52 55] [1 2] [1 2 3 4 5 6 9 19] [1 2 3 4 5 6 9 11 19 23 25 28 30] [1 6 18] [1 2 6] [1 2 3 4 6 8 16 18 25] [1 59] [1] [1 2 3 4 5 6 19 23 25 52 56] [1 2 3 4 5 6 9 16 19 23] [1 2 3 4 6 16] [1 2 3 4 6 16 18 19 23 52] [1 2 53] [1 2 3 4 6 8 16 19 23 25 55] [1 10] [1 2 3 4 5 6 9 18 19 23 25 26] [1 2 3 4 5 6 16 25] [1 2 3 4 5 18 23 25 26] [1 2 3 4 19 23 25 52] [1 2 3 4 5 18] [1 2 4] [1 2 3 4 5 6 16] [1 2 3 4 6 18] [1 2 3 4 18 19 23] [1 2 25] [2 19] [1 2 3 4 6 7 16 19] [1 2 3 4 18 25] [2 19 23] [1 2 3 4 5 6 9 18 25] [2 3 19 23] [1 2 3 4 5 6 19] [1 2 23] [1 2 3 4 5 19 23 25] [] [] [] [] [] [] [] [] [] [] [] [] [] [] [] [] [] [] [] [] [] [] [] [] [] [] [] [] [] [] [] [] [] [] [] [] [] [] [] [] [] [] [] [] [] [] [] [] [] [] [] [] [] [] [] [] [] [] [] [] [] [] [] [] [] [] [] [] [] [] [] [] [] [] [] [] [] [] [] [] [] [] [] [] [] [] [] [] [] [] [] [] [] [] [] [] [] [] [] [] [] [] [] [] [] [] [] [] [] [] [] [] [] [] [] [] [] [] [] [] [] [] [] [] [] [] [] [] [] [] [] [] [] [] [] [] [] [] [] [] [] [] [] [] [] [] [] [] [] [] [] [] [] []
183 [] [1 2 3 4 5 6 19 23 25] [1 2 3 4 5 6 9 18 19 23 25] [1 2 3 4 5 6 18] [1 2 3 4 5 6] [1 2 3 4 5 6 7 9 18 19 23 25] [1 2 3 4 5 6 9] [1 2 3 4 5 19 23] [1 2 3 4 6 18 19 23 25 26] [1 2 3 4 5 6 9 19 23 25] [1 2 3 4 6 19 23 52] [1 2 3 4 25] [1 2 3 4] [1 2 3 4 6 19 23] [1 2 3 4 6 8 16 18 25 55] [1 2 3 4 5 6 9 11 18] [1 2 3 4 6] [1 2 3 4 5 6 9 19 23 25 52] [1 2 3 4 5 6 9 16 19 23 25] [1 2 3 4 5 6 9 11 19 23 25 28 30 52] [1 2 3 4 5 6 9 16 18 19 23] [1 2 3 4 19] [1 2 3 4 5 6 19 23 25 52] [1 2 3 4 5] [1 2 3 4 5 6 19 23 52] [1 2 3 4 5 6 9 16 18 19 23 25 52] [1 2 3 4 19 23] [1 2 3 4 16 18 25] [1 2 3 4 5 6 19 23] [1 2 3 4 5 6 16 18 25] [1 2 3 4 19 23 52] [1 2 3 4 6 10 19] [1 2 3 4 19 25] [1 2 3] [1 2 3 4 6 19 23 25] [1 2 3 4 6 16 19] [1 2 3 4 5 18 19] [1 2 3 4 18] [1 2 3 19] [1 2 3 4 16 19 23 25] [1 2 3 4 18 19 23 25 52] [1 2 3 4 6 10 18 19 23] [1 2 3 4 5 25] [1 2 3 4 16] [1 2 3 4 6 16 18 19 23 25 26 52 55] [1 2] [1 2 3 4 5 6 9 19] [1 2 3 4 5 6 9 11 19 23 25 28 30] [1 6 18] [1 2 6] [1 2 3 4 6 8 16 18 25] [1 59] [1] [1 2 3 4 5 6 19 23 25 52 56] [1 2 3 4 5 6 9 16 19 23] [1 2 3 4 6 16] [1 2 3 4 6 16 18 19 23 52] [1 2 53] [1 2 3 4 6 8 16 19 23 25 55] [1 10] [1 2 3 4 5 6 9 18 19 23 25 26] [1 2 3 4 5 6 16 25] [1 2 3 4 5 18 23 25 26] [1 2 3 4 19 23 25 52] [1 2 3 4 5 18] [1 2 4] [1 2 3 4 5 6 16] [1 2 3 4 6 18] [1 2 3 4 18 19 23] [1 2 25] [2 19] [1 2 3 4 6 7 16 19] [1 2 3 4 18 25] [2 19 23] [1 2 3 4 5 6 9 18 25] [2 3 19 23] [1 2 3 4 5 6 19] [1 2 23] [1 2 3 4 5 19 23 25] [] [] [] [] [] [] [] [] [] [] [] [] [] [] [] [] [] [] [] [] [] [] [] [] [] [] [] [] [] [] [] [] [] [] [] [] [] [] [] [] [] [] [] [] [] [] [] [] [] [] [] [] [] [] [] [] [] [] [] [] [] [] [] [] [] [] [] [] [] [] [] [] [] [] [] [] [] [] [] [] [] [] [] [] [] [] [] [] [] [] [] [] [] [] [] [] [] [] [] [] [] [] [] [] [] [] [] [] [] [] [] [] [] [] [] [] [] [] [] [] [] [] [] [] [] [] [] [] [] [] [] [] [] [] [] [] [] [] [] [] [] [] [] [] [] [] [] [] [] [] [] [] [] [] []
184 [] [1 2 3 4 5 6 19 23 25] [1 2 3 4 5 6 9 18 19 23 25] [1 2 3 4 5 6 18] [1 2 3 4 5 6] [1 2 3 4 5 6 7 9 18 19 23 25] [1 2 3 4 5 6 9] [1 2 3 4 5 19 23] [1 2 3 4 6 18 19 23 25 26] [1 2 3 4 5 6 9 19 23 25] [1 2 3 4 6 19 23 52] [1 2 3 4 25] [1 2 3 4] [1 2 3 4 6 19 23] [1 2 3 4 6 8 16 18 25 55] [1 2 3 4 5 6 9 11 18] [1 2 3 4 6] [1 2 3 4 5 6 9 19 23 25 52] [1 2 3 4 5 6 9 16 19 23 25] [1 2 3 4 5 6 9 11 19 23 25 28 30 52] [1 2 3 4 5 6 9 16 18 19 23] [1 2 3 4 19] [1 2 3 4 5 6 19 23 25 52] [1 2 3 4 5] [1 2 3 4 5 6 19 23 52] [1 2 3 4 5 6 9 16 18 19 23 25 52] [1 2 3 4 19 23] [1 2 3 4 16 18 25] [1 2 3 4 5 6 19 23] [1 2 3 4 5 6 16 18 25] [1 2 3 4 19 23 52] [1 2 3 4 6 10 19] [1 2 3 4 19 25] [1 2 3] [1 2 3 4 6 19 23 25] [1 2 3 4 6 16 19] [1 2 3 4 5 18 19] [1 2 3 4 18] [1 2 3 19] [1 2 3 4 16 19 23 25] [1 2 3 4 18 19 23 25 52] [1 2 3 4 6 10 18 19 23] [1 2 3 4 5 25] [1 2 3 4 16] [1 2 3 4 6 16 18 19 23 25 26 52 55] [1 2] [1 2 3 4 5 6 9 19] [1 2 3 4 5 6 9 11 19 23 25 28 30] [1 6 18] [1 2 6] [1 2 3 4 6 8 16 18 25] [1 59] [1] [1 2 3 4 5 6 19 23 25 52 56] [1 2 3 4 5 6 9 16 19 23] [1 2 3 4 6 16] [1 2 3 4 6 16 18 19 23 52] [1 2 53] [1 2 3 4 6 8 16 19 23 25 55] [1 10] [1 2 3 4 5 6 9 18 19 23 25 26] [1 2 3 4 5 6 16 25] [1 2 3 4 5 18 23 25 26] [1 2 3 4 19 23 25 52] [1 2 3 4 5 18] [1 2 4] [1 2 3 4 5 6 16] [1 2 3 4 6 18] [1 2 3 4 18 19 23] [1 2 25] [2 19] [1 2 3 4 6 7 16 19] [1 2 3 4 18 25] [2 19 23] [1 2 3 4 5 6 9 18 25] [2 3 19 23] [1 2 3 4 5 6 19] [1 2 23] [1 2 3 4 5 19 23 25] [] [] [] [] [] [] [] [] [] [] [] [] [] [] [] [] [] [] [] [] [] [] [] [] [] [] [] [] [] [] [] [] [] [] [] [] [] [] [] [] [] [] [] [] [] [] [] [] [] [] [] [] [] [] [] [] [] [] [] [] [] [] [] [] [] [] [] [] [] [] [] [] [] [] [] [] [] [] [] [] [] [] [] [] [] [] [] [] [] [] [] [] [] [] [] [] [] [] [] [] [] [] [] [] [] [] [] [] [] [] [] [] [] [] [] [] [] [] [] [] [] [] [] [] [] [] [] [] [] [] [] [] [] [] [] [] [] [] [] [] [] [] [] [] [] [] [] [] [] [] [] [] [] [] []
185 [] [1 2 3 4 5 6 9 18 19 23 25] [1 2 3 4 5 6 18] [1 2 3 4 5 6] [1 2 3 4 5 6 7 9 18 19 23 25] [1 2 3 4 5 6 9] [1 2 3 4 5 19 23] [1 2 3 4 6 18 19 23 25 26] [1 2 3 4 5 6 9 19 23 25] [1 2 3 4 6 19 23 52] [1 2 3 4 25] [1 2 3 4] [1 2 3 4 6 19 23] [1 2 3 4 6 8 16 18 25 55] [1 2 3 4 5 6 9 11 18] [1 2 3 4 6] [1 2 3 4 5 6 9 19 23 25 52] [1 2 3 4 5 6 9 16 19 23 25] [1 2 3 4 5 6 9 11 19 23 25 28 30 52] [1 2 3 4 5 6 9 16 18 19 23] [1 2 3 4 19] [1 2 3 4 5 6 19 23 25 52] [1 2 3 4 5] [1 2 3 4 5 6 19 23 52] [1 2 3 4 5 6 9 16 18 19 23 25 52] [1 2 3 4 19 23] [1 2 3 4 16 18 25] [1 2 3 4 5 6 19 23] [1 2 3 4 5 6 16 18 25] [1 2 3 4 19 23 52] [1 2 3 4 6 10 19] [1 2 3 4 19 25] [1 2 3] [1 2 3 4 6 19 23 25] [1 2 3 4 6 16 19] [1 2 3 4 5 18 19] [1 2 3 4 5 6 19 23 25] [1 2 3 4 18] [1 2 3 19] [1 2 3 4 16 19 23 25] [1 2 3 4 18 19 23 25 52] [1 2 3 4 6 10 18 19 23] [1 2 3 4 5 25] [1 2 3 4 16] [1 2 3 4 6 16 18 19 23 25 26 52 55] [1 2] [1 2 3 4 5 6 9 19] [1 2 3 4 5 6 9 11 19 23 25 28 30] [1 6 18] [1 2 6] [1 2 3 4 6 8 16 18 25] [1 59] [1] [1 2 3 4 5 6 19 23 25 52 56] [1 2 3 4 5 6 9 16 19 23] [1 2 3 4 6 16] [1 2 3 4 6 16 18 19 23 52] [1 2 53] [1 2 3 4 6 8 16 19 23 25 55] [1 10] [1 2 3 4 5 6 9 18 19 23 25 26] [1 2 3 4 5 6 16 25] [1 2 3 4 5 18 23 25 26] [1 2 3 4 19 23 25 52] [1 2 3 4 5 18] [1 2 4] [1 2 3 4 5 6 16] [1 2 3 4 6 18] [1 2 3 4 18 19 23] [1 2 25] [2 19] [1 2 3 4 6 7 16 19] [1 2 3 4 18 25] [2 19 23] [1 2 3 4 5 6 9 18 25] [2 3 19 23] [1 2 3 4 5 6 19] [1 2 23] [1 2 3 4 5 19 23 25] [] [] [] [] [] [] [] [] [] [] [] [] [] [] [] [] [] [] [] [] [] [] [] [] [] [] [] [] [] [] [] [] [] [] [] [] [] [] [] [] [] [] [] [] [] [] [] [] [] [] [] [] [] [] [] [] [] [] [] [] [] [] [] [] [] [] [] [] [] [] [] [] [] [] [] [] [] [] [] [] [] [] [] [] [] [] [] [] [] [] [] [] [] [] [] [] [] [] [] [] [] [] [] [] [] [] [] [] [] [] [] [] [] [] [] [] [] [] [] [] [] [] [] [] [] [] [] [] [] [] [] [] [] [] [] [] [] [] [] [] [] [] [] [] [] [] [] [] [] [] [] [] [] [] []
186 [] [1 2 3 4 5 6 9 18 19 23 25] [1 2 3 4 5 6 18] [1 2 3 4 5 6] [1 2 3 4 5 6 7 9 18 19 23 25] [1 2 3 4 5 6 9] [1 2 3 4 5 19 23] [1 2 3 4 6 18 19 23 25 26] [1 2 3 4 5 6 9 19 23 25] [1 2 3 4 6 19 23 52] [1 2 3 4 25] [1 2 3 4] [1 2 3 4 6 19 23] [1 2 3 4 6 8 16 18 25 55] [1 2 3 4 5 6 9 11 18] [1 2 3 4 6] [1 2 3 4 5 6 9 19 23 25 52] [1 2 3 4 5 6 9 16 19 23 25] [1 2 3 4 5 6 9 11 19 23 25 28 30 52] [1 2 3 4 5 6 9 16 18 19 23] [1 2 3 4 19] [1 2 3 4 5 6 19 23 25 52] [1 2 3 4 5] [1 2 3 4 5 6 19 23 52] [1 2 3 4 5 6 9 16 18 19 23 25 52] [1 2 3 4 19 23] [1 2 3 4 16 18 25] [1 2 3 4 5 6 19 23] [1 2 3 4 5 6 16 18 25] [1 2 3 4 19 23 52] [1 2 3 4 6 10 19] [1 2 3 4 19 25] [1 2 3] [1 2 3 4 6 19 23 25] [1 2 3 4 6 16 19] [1 2 3 4 5 18 19] [1 2 3 4 5 6 19 23 25] [1 2 3 4 18] [1 2 3 19] [1 2 3 4 16 19 23 25] [1 2 3 4 18 19 23 25 52] [1 2 3 4 6 10 18 19 23] [1 2 3 4 5 25] [1 2 3 4 16] [1 2 3 4 6 16 18 19 23 25 26 52 55] [1 2] [1 2 3 4 5 6 9 19] [1 2 3 4 5 6 9 11 19 23 25 28 30] [1 6 18] [1 2 6] [1 2 3 4 6 8 16 18 25] [1 59] [1] [1 2 3 4 5 6 19 23 25 52 56] [1 2 3 4 5 6 9 16 19 23] [1 2 3 4 6 16] [1 2 3 4 6 16 18 19 23 52] [1 2 53] [1 2 3 4 6 8 16 19 23 25 55] [1 10] [1 2 3 4 5 6 9 18 19 23 25 26] [1 2 3 4 5 6 16 25] [1 2 3 4 5 18 23 25 26] [1 2 3 4 19 23 25 52] [1 2 3 4 5 18] [1 2 4] [1 2 3 4 5 6 16] [1 2 3 4 6 18] [1 2 3 4 18 19 23] [1 2 25] [2 19] [1 2 3 4 6 7 16 19] [1 2 3 4 18 25] [2 19 23] [1 2 3 4 5 6 9 18 25] [2 3 19 23] [1 2 3 4 5 6 19] [1 2 23] [1 2 3 4 5 19 23 25] [] [] [] [] [] [] [] [] [] [] [] [] [] [] [] [] [] [] [] [] [] [] [] [] [] [] [] [] [] [] [] [] [] [] [] [] [] [] [] [] [] [] [] [] [] [] [] [] [] [] [] [] [] [] [] [] [] [] [] [] [] [] [] [] [] [] [] [] [] [] [] [] [] [] [] [] [] [] [] [] [] [] [] [] [] [] [] [] [] [] [] [] [] [] [] [] [] [] [] [] [] [] [] [] [] [] [] [] [] [] [] [] [] [] [] [] [] [] [] [] [] [] [] [] [] [] [] [] [] [] [] [] [] [] [] [] [] [] [] [] [] [] [] [] [] [] [] [] [] [] [] [] [] [] []
187 [] [1 2 3 4 5 6 18] [1 2 3 4 5 6] [1 2 3 4 5 6 7 9 18 19 23 25] [1 2 3 4 5 6 9] [1 2 3 4 5 19 23] [1 2 3 4 6 18 19 23 25 26] [1 2 3 4 5 6 9 19 23 25] [1 2 3 4 6 19 23 52] [1 2 3 4 25] [1 2 3 4] [1 2 3 4 6 19 23] [1 2 3 4 6 8 16 18 25 55] [1 2 3 4 5 6 9 11 18] [1 2 3 4 6] [1 2 3 4 5 6 9 19 23 25 52] [1 2 3 4 5 6 9 16 19 23 25] [1 2 3 4 5 6 9 11 19 23 25 28 30 52] [1 2 3 4 5 6 9 16 18 19 23] [1 2 3 4 19] [1 2 3 4 5 6 19 23 25 52] [1 2 3 4 5] [1 2 3 4 5 6 19 23 52] [1 2 3 4 5 6 9 16 18 19 23 25 52] [1 2 3 4 19 23] [1 2 3 4 16 18 25] [1 2 3 4 5 6 19 23] [1 2 3 4 5 6 16 18 25] [1 2 3 4 19 23 52] [1 2 3 4 6 10 19] [1 2 3 4 19 25] [1 2 3] [1 2 3 4 6 19 23 25] [1 2 3 4 6 16 19] [1 2 3 4 5 18 19] [1 2 3 4 5 6 19 23 25] [1 2 3 4 18] [1 2 3 19] [1 2 3 4 16 19 23 25] [1 2 3 4 18 19 23 25 52] [1 2 3 4 6 10 18 19 23] [1 2 3 4 5 25] [1 2 3 4 16] [1 2 3 4 6 16 18 19 23 25 26 52 55] [1 2] [1 2 3 4 5 6 9 19] [1 2 3 4 5 6 9 11 19 23 25 28 30] [1 6 18] [1 2 6] [1 2 3 4 6 8 16 18 25] [1 59] [1] [1 2 3 4 5 6 19 23 25 52 56] [1 2 3 4 5 6 9 16 19 23] [1 2 3 4 6 16] [1 2 3 4 6 16 18 19 23 52] [1 2 53] [1 2 3 4 6 8 16 19 23 25 55] [1 10] [1 2 3 4 5 6 9 18 19 23 25 26] [1 2 3 4 5 6 16 25] [1 2 3 4 5 18 23 25 26] [1 2 3 4 19 23 25 52] [1 2 3 4 5 18] [1 2 4] [1 2 3 4 5 6 9 18 19 23 25] [1 2 3 4 5 6 16] [1 2 3 4 6 18] [1 2 3 4 18 19 23] [1 2 25] [2 19] [1 2 3 4 6 7 16 19] [1 2 3 4 18 25] [2 19 23] [1 2 3 4 5 6 9 18 25] [2 3 19 23] [1 2 3 4 5 6 19] [1 2 23] [1 2 3 4 5 19 23 25] [] [] [] [] [] [] [] [] [] [] [] [] [] [] [] [] [] [] [] [] [] [] [] [] [] [] [] [] [] [] [] [] [] [] [] [] [] [] [] [] [] [] [] [] [] [] [] [] [] [] [] [] [] [] [] [] [] [] [] [] [] [] [] [] [] [] [] [] [] [] [] [] [] [] [] [] [] [] [] [] [] [] [] [] [] [] [] [] [] [] [] [] [] [] [] [] [] [] [] [] [] [] [] [] [] [] [] [] [] [] [] [] [] [] [] [] [] [] [] [] [] [] [] [] [] [] [] [] [] [] [] [] [] [] [] [] [] [] [] [] [] [] [] [] [] [] [] [] [] [] [] [] [] [] []
188 [] [1 2 3 4 5 6 18] [1 2 3 4 5 6] [1 2 3 4 5 6 7 9 18 19 23 25] [1 2 3 4 5 6 9] [1 2 3 4 5 19 23] [1 2 3 4 6 18 19 23 25 26] [1 2 3 4 5 6 9 19 23 25] [1 2 3 4 6 19 23 52] [1 2 3 4 25] [1 2 3 4] [1 2 3 4 6 19 23] [1 2 3 4 6 8 16 18 25 55] [1 2 3 4 5 6 9 11 18] [1 2 3 4 6] [1 2 3 4 5 6 9 19 23 25 52] [1 2 3 4 5 6 9 16 19 23 25] [1 2 3 4 5 6 9 11 19 23 25 28 30 52] [1 2 3 4 5 6 9 16 18 19 23] [1 2 3 4 19] [1 2 3 4 5 6 19 23 25 52] [1 2 3 4 5] [1 2 3 4 5 6 19 23 52] [1 2 3 4 5 6 9 16 18 19 23 25 52] [1 2 3 4 19 23] [1 2 3 4 16 18 25] [1 2 3 4 5 6 19 23] [1 2 3 4 5 6 16 18 25] [1 2 3 4 19 23 52] [1 2 3 4 6 10 19] [1 2 3 4 19 25] [1 2 3] [1 2 3 4 6 19 23 25] [1 2 3 4 6 16 19] [1 2 3 4 5 18 19] [1 2 3 4 5 6 19 23 25] [1 2 3 4 18] [1 2 3 19] [1 2 3 4 16 19 23 25] [1 2 3 4 18 19 23 25 52] [1 2 3 4 6 10 18 19 23] [1 2 3 4 5 25] [1 2 3 4 16] [1 2 3 4 6 16 18 19 23 25 26 52 55] [1 2] [1 2 3 4 5 6 9 19] [1 2 3 4 5 6 9 11 19 23 25 28 30] [1 6 18] [1 2 6] [1 2 3 4 6 8 16 18 25] [1 59] [1] [1 2 3 4 5 6 19 23 25 52 56] [1 2 3 4 5 6 9 16 19 23] [1 2 3 4 6 16] [1 2 3 4 6 16 18 19 23 52] [1 2 53] [1 2 3 4 6 8 16 19 23 25 55] [1 10] [1 2 3 4 5 6 9 18 19 23 25 26] [1 2 3 4 5 6 16 25] [1 2 3 4 5 18 23 25 26] [1 2 3 4 19 23 25 52] [1 2 3 4 5 18] [1 2 4] [1 2 3 4 5 6 9 18 19 23 25] [1 2 3 4 5 6 16] [1 2 3 4 6 18] [1 2 3 4 18 19 23] [1 2 25] [2 19] [1 2 3 4 6 7 16 19] [1 2 3 4 18 25] [2 19 23] [1 2 3 4 5 6 9 18 25] [2 3 19 23] [1 2 3 4 5 6 19] [1 2 23] [1 2 3 4 5 19 23 25] [] [] [] [] [] [] [] [] [] [] [] [] [] [] [] [] [] [] [] [] [] [] [] [] [] [] [] [] [] [] [] [] [] [] [] [] [] [] [] [] [] [] [] [] [] [] [] [] [] [] [] [] [] [] [] [] [] [] [] [] [] [] [] [] [] [] [] [] [] [] [] [] [] [] [] [] [] [] [] [] [] [] [] [] [] [] [] [] [] [] [] [] [] [] [] [] [] [] [] [] [] [] [] [] [] [] [] [] [] [] [] [] [] [] [] [] [] [] [] [] [] [] [] [] [] [] [] [] [] [] [] [] [] [] [] [] [] [] [] [] [] [] [] [] [] [] [] [] [] [] [] [] [] [] []
189 [] [1 2 3 4 5 6] [1 2 3 4 5 6 7 9 18 19 23 25] [1 2 3 4 5 6 9] [1 2 3 4 5 19 23] [1 2 3 4 6 18 19 23 25 26] [1 2 3 4 5 6 9 19 23 25] [1 2 3 4 6 19 23 52] [1 2 3 4 25] [1 2 3 4] [1 2 3 4 6 19 23] [1 2 3 4 6 8 16 18 25 55] [1 2 3 4 5 6 9 11 18] [1 2 3 4 6] [1 2 3 4 5 6 9 19 23 25 52] [1 2 3 4 5 6 9 16 19 23 25] [1 2 3 4 5 6 9 11 19 23 25 28 30 52] [1 2 3 4 5 6 9 16 18 19 23] [1 2 3 4 19] [1 2 3 4 5 6 19 23 25 52] [1 2 3 4 5] [1 2 3 4 5 6 19 23 52] [1 2 3 4 5 6 9 16 18 19 23 25 52] [1 2 3 4 19 23] [1 2 3 4 16 18 25] [1 2 3 4 5 6 19 23] [1 2 3 4 5 6 16 18 25] [1 2 3 4 19 23 52] [1 2 3 4 6 10 19] [1 2 3 4 19 25] [1 2 3] [1 2 3 4 6 19 23 25] [1 2 3 4 6 16 19] [1 2 3 4 5 18 19] [1 2 3 4 5 6 19 23 25] [1 2 3 4 18] [1 2 3 19] [1 2 3 4 16 19 23 25] [1 2 3 4 18 19 23 25 52] [1 2 3 4 6 10 18 19 23] [1 2 3 4 5 25] [1 2 3 4 16] [1 2 3 4 6 16 18 19 23 25 26 52 55] [1 2] [1 2 3 4 5 6 9 19] [1 2 3 4 5 6 9 11 19 23 25 28 30] [1 6 18] [1 2 6] [1 2 3 4 6 8 16 18 25] [1 59] [1] [1 2 3 4 5 6 19 23 25 52 56] [1 2 3 4 5 6 9 16 19 23] [1 2 3 4 6 16] [1 2 3 4 6 16 18 19 23 52] [1 2 53] [1 2 3 4 6 8 16 19 23 25 55] [1 10] [1 2 3 4 5 6 9 18 19 23 25 26] [1 2 3 4 5 6 16 25] [1 2 3 4 5 18 23 25 26] [1 2 3 4 19 23 25 52] [1 2 3 4 5 18] [1 2 4] [1 2 3 4 5 6 9 18 19 23 25] [1 2 3 4 5 6 16] [1 2 3 4 6 18] [1 2 3 4 18 19 23] [1 2 25] [2 19] [1 2 3 4 6 7 16 19] [1 2 3 4 18 25] [2 19 23] [1 2 3 4 5 6 9 18 25] [2 3 19 23] [1 2 3 4 5 6 19] [1 2 23] [1 2 3 4 5 19 23 25] [] [] [] [] [] [] [] [] [] [] [] [] [] [] [] [] [] [] [] [] [] [] [] [] [] [] [] [] [] [] [] [] [] [] [] [] [] [] [] [] [] [] [] [] [] [] [] [] [] [] [] [] [] [] [] [] [] [] [] [] [] [] [] [] [] [] [] [] [] [] [] [] [] [] [] [] [] [] [] [] [] [] [] [] [] [] [] [] [] [] [] [] [] [] [] [] [] [] [] [] [] [] [] [] [] [] [] [] [] [] [] [] [] [] [] [] [] [] [] [] [] [] [] [] [] [] [] [] [] [] [] [] [] [] [] [] [] [] [] [] [] [] [] [] [] [] [] [] [] [] [] [] [] [] [] []
190 [] [1 2 3 4 5 6 7 9 18 19 23 25] [1 2 3 4 5 6 9] [1 2 3 4 5 6] [1 2 3 4 5 19 23] [1 2 3 4 6 18 19 23 25 26] [1 2 3 4 5 6 9 19 23 25] [1 2 3 4 6 19 23 52] [1 2 3 4 25] [1 2 3 4] [1 2 3 4 6 19 23] [1 2 3 4 6 8 16 18 25 55] [1 2 3 4 5 6 9 11 18] [1 2 3 4 6] [1 2 3 4 5 6 9 19 23 25 52] [1 2 3 4 5 6 9 16 19 23 25] [1 2 3 4 5 6 9 11 19 23 25 28 30 52] [1 2 3 4 5 6 9 16 18 19 23] [1 2 3 4 19] [1 2 3 4 5 6 19 23 25 52] [1 2 3 4 5] [1 2 3 4 5 6 19 23 52] [1 2 3 4 5 6 9 16 18 19 23 25 52] [1 2 3 4 19 23] [1 2 3 4 16 18 25] [1 2 3 4 5 6 19 23] [1 2 3 4 5 6 16 18 25] [1 2 3 4 19 23 52] [1 2 3 4 6 10 19] [1 2 3 4 19 25] [1 2 3] [1 2 3 4 6 19 23 25] [1 2 3 4 6 16 19] [1 2 3 4 5 18 19] [1 2 3 4 5 6 19 23 25] [1 2 3 4 18] [1 2 3 19] [1 2 3 4 16 19 23 25] [1 2 3 4 18 19 23 25 52] [1 2 3 4 6 10 18 19 23] [1 2 3 4 5 25] [1 2 3 4 16] [1 2 3 4 6 16 18 19 23 25 26 52 55] [1 2] [1 2 3 4 5 6 9 19] [1 2 3 4 5 6 9 11 19 23 25 28 30] [1 6 18] [1 2 6] [1 2 3 4 6 8 16 18 25] [1 59] [1] [1 2 3 4 5 6 19 23 25 52 56] [1 2 3 4 5 6 9 16 19 23] [1 2 3 4 6 16] [1 2 3 4 6 16 18 19 23 52] [1 2 53] [1 2 3 4 6 8 16 19 23 25 55] [1 10] [1 2 3 4 5 6 9 18 19 23 25 26] [1 2 3 4 5 6 16 25] [1 2 3 4 5 18 23 25 26] [1 2 3 4 19 23 25 52] [1 2 3 4 5 18] [1 2 4] [1 2 3 4 5 6 9 18 19 23 25] [1 2 3 4 5 6 16] [1 2 3 4 6 18] [1 2 3 4 18 19 23] [1 2 25] [2 19] [1 2 3 4 6 7 16 19] [1 2 3 4 18 25] [2 19 23] [1 2 3 4 5 6 9 18 25] [2 3 19 23] [1 2 3 4 5 6 19] [1 2 23] [1 2 3 4 5 19 23 25] [] [] [] [] [] [] [] [] [] [] [] [] [] [] [] [] [] [] [] [] [] [] [] [] [] [] [] [] [] [] [] [] [] [] [] [] [] [] [] [] [] [] [] [] [] [] [] [] [] [] [] [] [] [] [] [] [] [] [] [] [] [] [] [] [] [] [] [] [] [] [] [] [] [] [] [] [] [] [] [] [] [] [] [] [] [] [] [] [] [] [] [] [] [] [] [] [] [] [] [] [] [] [] [] [] [] [] [] [] [] [] [] [] [] [] [] [] [] [] [] [] [] [] [] [] [] [] [] [] [] [] [] [] [] [] [] [] [] [] [] [] [] [] [] [] [] [] [] [] [] [] [] [] [] [] []
191 [] [1 2 3 4 5 6 7 9 18 19 23 25] [1 2 3 19 23] [1 2 3 4 5 6 9] [1 2 3 4 5 6] [1 2 3 4 5 19 23] [1 2 3 4 6 18 19 23 25 26] [1 2 3 4 5 6 9 19 23 25] [1 2 3 4 6 19 23 52] [1 2 3 4 25] [1 2 3 4] [1 2 3 4 6 19 23] [1 2 3 4 6 8 16 18 25 55] [1 2 3 4 5 6 9 11 18] [1 2 3 4 6] [1 2 3 4 5 6 9 19 23 25 52] [1 2 3 4 5 6 9 16 19 23 25] [1 2 3 4 5 6 9 11 19 23 25 28 30 52] [1 2 3 4 5 6 9 16 18 19 23] [1 2 3 4 19] [1 2 3 4 5 6 19 23 25 52] [1 2 3 4 5] [1 2 3 4 5 6 19 23 52] [1 2 3 4 5 6 9 16 18 19 23 25 52] [1 2 3 4 19 23] [1 2 3 4 16 18 25] [1 2 3 4 5 6 19 23] [1 2 3 4 5 6 16 18 25] [1 2 3 4 19 23 52] [1 2 3 4 6 10 19] [1 2 3 4 19 25] [1 2 3] [1 2 3 4 6 19 23 25] [1 2 3 4 6 16 19] [1 2 3 4 5 18 19] [1 2 3 4 5 6 19 23 25] [1 2 3 4 18] [1 2 3 19] [1 2 3 4 16 19 23 25] [1 2 3 4 18 19 23 25 52] [1 2 3 4 6 10 18 19 23] [1 2 3 4 5 25] [1 2 3 4 16] [1 2 3 4 6 16 18 19 23 25 26 52 55] [1 2] [1 2 3 4 5 6 9 19] [1 2 3 4 5 6 9 11 19 23 25 28 30] [1 6 18] [1 2 6] [1 2 3 4 6 8 16 18 25] [1 59] [1] [1 2 3 4 5 6 19 23 25 52 56] [1 2 3 4 5 6 9 16 19 23] [1 2 3 4 6 16] [1 2 3 4 6 16 18 19 23 52] [1 2 53] [1 2 3 4 6 8 16 19 23 25 55] [1 10] [1 2 3 4 5 6 9 18 19 23 25 26] [1 2 3 4 5 6 16 25] [1 2 3 4 5 18 23 25 26] [1 2 3 4 19 23 25 52] [1 2 3 4 5 18] [1 2 4] [1 2 3 4 5 6 9 18 19 23 25] [1 2 3 4 5 6 16] [1 2 3 4 6 18] [1 2 3 4 18 19 23] [1 2 25] [2 19] [1 2 3 4 6 7 16 19] [1 2 3 4 18 25] [2 19 23] [1 2 3 4 5 6 9 18 25] [2 3 19 23] [1 2 3 4 5 6 19] [1 2 23] [1 2 3 4 5 19 23 25] [] [] [] [] [] [] [] [] [] [] [] [] [] [] [] [] [] [] [] [] [] [] [] [] [] [] [] [] [] [] [] [] [] [] [] [] [] [] [] [] [] [] [] [] [] [] [] [] [] [] [] [] [] [] [] [] [] [] [] [] [] [] [] [] [] [] [] [] [] [] [] [] [] [] [] [] [] [] [] [] [] [] [] [] [] [] [] [] [] [] [] [] [] [] [] [] [] [] [] [] [] [] [] [] [] [] [] [] [] [] [] [] [] [] [] [] [] [] [] [] [] [] [] [] [] [] [] [] [] [] [] [] [] [] [] [] [] [] [] [] [] [] [] [] [] [] [] [] [] [] [] [] [] [] []
192 [] [1 2 3 19 23] [1 2 3 4 5 6] [1 2 3 4 5 6 9] [1 2 3 4 5 19 23] [1 2 3 4 6 18 19 23 25 26] [1 2 3 4 5 6 9 19 23 25] [1 2 3 4 6 19 23 52] [1 2 3 4 25] [1 2 3 4] [1 2 3 4 6 19 23] [1 2 3 4 6 8 16 18 25 55] [1 2 3 4 5 6 9 11 18] [1 2 3 4 6] [1 2 3 4 5 6 9 19 23 25 52] [1 2 3 4 5 6 9 16 19 23 25] [1 2 3 4 5 6 9 11 19 23 25 28 30 52] [1 2 3 4 5 6 9 16 18 19 23] [1 2 3 4 19] [1 2 3 4 5 6 19 23 25 52] [1 2 3 4 5] [1 2 3 4 5 6 19 23 52] [1 2 3 4 5 6 9 16 18 19 23 25 52] [1 2 3 4 19 23] [1 2 3 4 16 18 25] [1 2 3 4 5 6 19 23] [1 2 3 4 5 6 16 18 25] [1 2 3 4 19 23 52] [1 2 3 4 6 10 19] [1 2 3 4 19 25] [1 2 3] [1 2 3 4 6 19 23 25] [1 2 3 4 6 16 19] [1 2 3 4 5 18 19] [1 2 3 4 5 6 19 23 25] [1 2 3 4 18] [1 2 3 19] [1 2 3 4 16 19 23 25] [1 2 3 4 18 19 23 25 52] [1 2 3 4 6 10 18 19 23] [1 2 3 4 5 25] [1 2 3 4 16] [1 2 3 4 6 16 18 19 23 25 26 52 55] [1 2] [1 2 3 4 5 6 9 19] [1 2 3 4 5 6 9 11 19 23 25 28 30] [1 6 18] [1 2 6] [1 2 3 4 6 8 16 18 25] [1 59] [1] [1 2 3 4 5 6 19 23 25 52 56] [1 2 3 4 5 6 9 16 19 23] [1 2 3 4 6 16] [1 2 3 4 6 16 18 19 23 52] [1 2 53] [1 2 3 4 6 8 16 19 23 25 55] [1 10] [1 2 3 4 5 6 9 18 19 23 25 26] [1 2 3 4 5 6 16 25] [1 2 3 4 5 18 23 25 26] [1 2 3 4 19 23 25 52] [1 2 3 4 5 18] [1 2 4] [1 2 3 4 5 6 9 18 19 23 25] [1 2 3 4 5 6 16] [1 2 3 4 6 18] [1 2 3 4 18 19 23] [1 2 25] [2 19] [1 2 3 4 6 7 16 19] [1 2 3 4 18 25] [2 19 23] [1 2 3 4 5 6 9 18 25] [2 3 19 23] [1 2 3 4 5 6 19] [1 2 23] [1 2 3 4 5 19 23 25] [] [] [] [] [] [] [] [] [] [] [] [] [] [] [] [] [] [] [] [] [] [] [] [] [] [] [] [] [] [] [] [] [] [] [] [] [] [] [] [] [] [] [] [] [] [] [] [] [] [] [] [] [] [] [] [] [] [] [] [] [] [] [] [] [] [] [] [] [] [] [] [] [] [] [] [] [] [] [] [] [] [] [] [] [] [] [] [] [] [] [] [] [] [] [] [] [] [] [] [] [] [] [] [] [] [] [] [] [] [] [] [] [] [] [] [] [] [] [] [] [] [] [] [] [] [] [] [] [] [] [] [] [] [] [] [] [] [] [] [] [] [] [] [] [] [] [] [] [] [] [] [] [] [] [] []
193 [] [1 2 3 4 5 6] [1 2 3 4 5 6 9] [1 2 3 4 5 19 23] [1 2 3 4 6 18 19 23 25 26] [1 2 3 4 5 6 9 19 23 25] [1 2 3 4 6 19 23 52] [1 2 3 4 25] [1 2 3 4] [1 2 3 4 6 19 23] [1 2 3 4 6 8 16 18 25 55] [1 2 3 4 5 6 9 11 18] [1 2 3 4 6] [1 2 3 4 5 6 9 19 23 25 52] [1 2 3 4 5 6 9 16 19 23 25] [1 2 3 4 5 6 9 11 19 23 25 28 30 52] [1 2 3 4 5 6 9 16 18 19 23] [1 2 3 4 19] [1 2 3 4 5 6 19 23 25 52] [1 2 3 4 5] [1 2 3 4 5 6 19 23 52] [1 2 3 4 5 6 9 16 18 19 23 25 52] [1 2 3 4 19 23] [1 2 3 4 16 18 25] [1 2 3 4 5 6 19 23] [1 2 3 4 5 6 16 18 25] [1 2 3 4 19 23 52] [1 2 3 4 6 10 19] [1 2 3 4 19 25] [1 2 3] [1 2 3 4 6 19 23 25] [1 2 3 4 6 16 19] [1 2 3 4 5 18 19] [1 2 3 4 5 6 19 23 25] [1 2 3 4 18] [1 2 3 19] [1 2 3 4 16 19 23 25] [1 2 3 4 18 19 23 25 52] [1 2 3 4 6 10 18 19 23] [1 2 3 4 5 25] [1 2 3 4 16] [1 2 3 4 6 16 18 19 23 25 26 52 55] [1 2] [1 2 3 4 5 6 9 19] [1 2 3 4 5 6 9 11 19 23 25 28 30] [1 6 18] [1 2 6] [1 2 3 4 6 8 16 18 25] [1 59] [1] [1 2 3 4 5 6 19 23 25 52 56] [1 2 3 4 5 6 9 16 19 23] [1 2 3 4 6 16] [1 2 3 4 6 16 18 19 23 52] [1 2 53] [1 2 3 4 6 8 16 19 23 25 55] [1 10] [1 2 3 4 5 6 9 18 19 23 25 26] [1 2 3 4 5 6 16 25] [1 2 3 4 5 18 23 25 26] [1 2 3 4 19 23 25 52] [1 2 3 4 5 18] [1 2 4] [1 2 3 4 5 6 9 18 19 23 25] [1 2 3 4 5 6 16] [1 2 3 4 6 18] [1 2 3 4 18 19 23] [1 2 25] [2 19] [1 2 3 4 6 7 16 19] [1 2 3 4 18 25] [2 19 23] [1 2 3 4 5 6 9 18 25] [2 3 19 23] [1 2 3 4 5 6 19] [1 2 23] [1 2 3 4 5 19 23 25] [] [] [] [] [] [] [] [] [] [] [] [] [] [] [] [] [] [] [] [] [] [] [] [] [] [] [] [] [] [] [] [] [] [] [] [] [] [] [] [] [] [] [] [] [] [] [] [] [] [] [] [] [] [] [] [] [] [] [] [] [] [] [] [] [] [] [] [] [] [] [] [] [] [] [] [] [] [] [] [] [] [] [] [] [] [] [] [] [] [] [] [] [] [] [] [] [] [] [] [] [] [] [] [] [] [] [] [] [] [] [] [] [] [] [] [] [] [] [] [] [] [] [] [] [] [] [] [] [] [] [] [] [] [] [] [] [] [] [] [] [] [] [] [] [] [] [] [] [] [] [] [] [] [] [] [] []
194 [] [1 2 3 4 5 6] [1 2 3 4 5] [1 2 3 4 5 6 9] [1 2 3 4 5 19 23] [1 2 3 4 6 18 19 23 25 26] [1 2 3 4 5 6 9 19 23 25] [1 2 3 4 6 19 23 52] [1 2 3 4 25] [1 2 3 4] [1 2 3 4 6 19 23] [1 2 3 4 6 8 16 18 25 55] [1 2 3 4 5 6 9 11 18] [1 2 3 4 6] [1 2 3 4 5 6 9 19 23 25 52] [1 2 3 4 5 6 9 16 19 23 25] [1 2 3 4 5 6 9 11 19 23 25 28 30 52] [1 2 3 4 5 6 9 16 18 19 23] [1 2 3 4 19] [1 2 3 4 5 6 19 23 25 52] [1 2 3 4 5 6 19 23 52] [1 2 3 4 5 6 9 16 18 19 23 25 52] [1 2 3 4 19 23] [1 2 3 4 16 18 25] [1 2 3 4 5 6 19 23] [1 2 3 4 5 6 16 18 25] [1 2 3 4 19 23 52] [1 2 3 4 6 10 19] [1 2 3 4 19 25] [1 2 3] [1 2 3 4 6 19 23 25] [1 2 3 4 6 16 19] [1 2 3 4 5 18 19] [1 2 3 4 5 6 19 23 25] [1 2 3 4 18] [1 2 3 19] [1 2 3 4 16 19 23 25] [1 2 3 4 18 19 23 25 52] [1 2 3 4 6 10 18 19 23] [1 2 3 4 5 25] [1 2 3 4 16] [1 2 3 4 6 16 18 19 23 25 26 52 55] [1 2] [1 2 3 4 5 6 9 19] [1 2 3 4 5 6 9 11 19 23 25 28 30] [1 6 18] [1 2 6] [1 2 3 4 6 8 16 18 25] [1 59] [1] [1 2 3 4 5 6 19 23 25 52 56] [1 2 3 4 5 6 9 16 19 23] [1 2 3 4 6 16] [1 2 3 4 6 16 18 19 23 52] [1 2 53] [1 2 3 4 6 8 16 19 23 25 55] [1 10] [1 2 3 4 5 6 9 18 19 23 25 26] [1 2 3 4 5 6 16 25] [1 2 3 4 5 18 23 25 26] [1 2 3 4 19 23 25 52] [1 2 3 4 5 18] [1 2 4] [1 2 3 4 5 6 9 18 19 23 25] [1 2 3 4 5 6 16] [1 2 3 4 6 18] [1 2 3 4 18 19 23] [1 2 25] [2 19] [1 2 3 4 6 7 16 19] [1 2 3 4 18 25] [2 19 23] [1 2 3 4 5 6 9 18 25] [2 3 19 23] [1 2 3 4 5 6 19] [1 2 23] [1 2 3 4 5 19 23 25] [] [] [] [] [] [] [] [] [] [] [] [] [] [] [] [] [] [] [] [] [] [] [] [] [] [] [] [] [] [] [] [] [] [] [] [] [] [] [] [] [] [] [] [] [] [] [] [] [] [] [] [] [] [] [] [] [] [] [] [] [] [] [] [] [] [] [] [] [] [] [] [] [] [] [] [] [] [] [] [] [] [] [] [] [] [] [] [] [] [] [] [] [] [] [] [] [] [] [] [] [] [] [] [] [] [] [] [] [] [] [] [] [] [] [] [] [] [] [] [] [] [] [] [] [] [] [] [] [] [] [] [] [] [] [] [] [] [] [] [] [] [] [] [] [] [] [] [] [] [] [] [] [] [] [] [] []
195 [] [1 2 3 4 5] [1 2 3 4 5 6 9] [1 2 3 4 5 6] [1 2 3 4 5 19 23] [1 2 3 4 6 18 19 23 25 26] [1 2 3 4 5 6 9 19 23 25] [1 2 3 4 6 19 23 52] [1 2 3 4 25] [1 2 3 4] [1 2 3 4 6 19 23] [1 2 3 4 6 8 16 18 25 55] [1 2 3 4 5 6 9 11 18] [1 2 3 4 6] [1 2 3 4 5 6 9 19 23 25 52] [1 2 3 4 5 6 9 16 19 23 25] [1 2 3 4 5 6 9 11 19 23 25 28 30 52] [1 2 3 4 5 6 9 16 18 19 23] [1 2 3 4 19] [1 2 3 4 5 6 19 23 25 52] [1 2 3 4 5 6 19 23 52] [1 2 3 4 5 6 9 16 18 19 23 25 52] [1 2 3 4 19 23] [1 2 3 4 16 18 25] [1 2 3 4 5 6 19 23] [1 2 3 4 5 6 16 18 25] [1 2 3 4 19 23 52] [1 2 3 4 6 10 19] [1 2 3 4 19 25] [1 2 3] [1 2 3 4 6 19 23 25] [1 2 3 4 6 16 19] [1 2 3 4 5 18 19] [1 2 3 4 5 6 19 23 25] [1 2 3 4 18] [1 2 3 19] [1 2 3 4 16 19 23 25] [1 2 3 4 18 19 23 25 52] [1 2 3 4 6 10 18 19 23] [1 2 3 4 5 25] [1 2 3 4 16] [1 2 3 4 6 16 18 19 23 25 26 52 55] [1 2] [1 2 3 4 5 6 9 19] [1 2 3 4 5 6 9 11 19 23 25 28 30] [1 6 18] [1 2 6] [1 2 3 4 6 8 16 18 25] [1 59] [1] [1 2 3 4 5 6 19 23 25 52 56] [1 2 3 4 5 6 9 16 19 23] [1 2 3 4 6 16] [1 2 3 4 6 16 18 19 23 52] [1 2 53] [1 2 3 4 6 8 16 19 23 25 55] [1 10] [1 2 3 4 5 6 9 18 19 23 25 26] [1 2 3 4 5 6 16 25] [1 2 3 4 5 18 23 25 26] [1 2 3 4 19 23 25 52] [1 2 3 4 5 18] [1 2 4] [1 2 3 4 5 6 9 18 19 23 25] [1 2 3 4 5 6 16] [1 2 3 4 6 18] [1 2 3 4 18 19 23] [1 2 25] [2 19] [1 2 3 4 6 7 16 19] [1 2 3 4 18 25] [2 19 23] [1 2 3 4 5 6 9 18 25] [2 3 19 23] [1 2 3 4 5 6 19] [1 2 23] [1 2 3 4 5 19 23 25] [] [] [] [] [] [] [] [] [] [] [] [] [] [] [] [] [] [] [] [] [] [] [] [] [] [] [] [] [] [] [] [] [] [] [] [] [] [] [] [] [] [] [] [] [] [] [] [] [] [] [] [] [] [] [] [] [] [] [] [] [] [] [] [] [] [] [] [] [] [] [] [] [] [] [] [] [] [] [] [] [] [] [] [] [] [] [] [] [] [] [] [] [] [] [] [] [] [] [] [] [] [] [] [] [] [] [] [] [] [] [] [] [] [] [] [] [] [] [] [] [] [] [] [] [] [] [] [] [] [] [] [] [] [] [] [] [] [] [] [] [] [] [] [] [] [] [] [] [] [] [] [] [] [] [] [] []
196 [] [1 2 3 4 5 6 9] [1 2 3 4 5 6] [1 2 3 4 5 19 23] [1 2 3 4 6 18 19 23 25 26] [1 2 3 4 5 6 9 19 23 25] [1 2 3 4 6 19 23 52] [1 2 3 4 25] [1 2 3 4] [1 2 3 4 6 19 23] [1 2 3 4 6 8 16 18 25 55] [1 2 3 4 5 6 9 11 18] [1 2 3 4 6] [1 2 3 4 5 6 9 19 23 25 52] [1 2 3 4 5 6 9 16 19 23 25] [1 2 3 4 5 6 9 11 19 23 25 28 30 52] [1 2 3 4 5 6 9 16 18 19 23] [1 2 3 4 19] [1 2 3 4 5 6 19 23 25 52] [1 2 3 4 5] [1 2 3 4 5 6 19 23 52] [1 2 3 4 5 6 9 16 18 19 23 25 52] [1 2 3 4 19 23] [1 2 3 4 16 18 25] [1 2 3 4 5 6 19 23] [1 2 3 4 5 6 16 18 25] [1 2 3 4 19 23 52] [1 2 3 4 6 10 19] [1 2 3 4 19 25] [1 2 3] [1 2 3 4 6 19 23 25] [1 2 3 4 6 16 19] [1 2 3 4 5 18 19] [1 2 3 4 5 6 19 23 25] [1 2 3 4 18] [1 2 3 19] [1 2 3 4 16 19 23 25] [1 2 3 4 18 19 23 25 52] [1 2 3 4 6 10 18 19 23] [1 2 3 4 5 25] [1 2 3 4 16] [1 2 3 4 6 16 18 19 23 25 26 52 55] [1 2] [1 2 3 4 5 6 9 19] [1 2 3 4 5 6 9 11 19 23 25 28 30] [1 6 18] [1 2 6] [1 2 3 4 6 8 16 18 25] [1 59] [1] [1 2 3 4 5 6 19 23 25 52 56] [1 2 3 4 5 6 9 16 19 23] [1 2 3 4 6 16] [1 2 3 4 6 16 18 19 23 52] [1 2 53] [1 2 3 4 6 8 16 19 23 25 55] [1 10] [1 2 3 4 5 6 9 18 19 23 25 26] [1 2 3 4 5 6 16 25] [1 2 3 4 5 18 23 25 26] [1 2 3 4 19 23 25 52] [1 2 3 4 5 18] [1 2 4] [1 2 3 4 5 6 9 18 19 23 25] [1 2 3 4 5 6 16] [1 2 3 4 6 18] [1 2 3 4 18 19 23] [1 2 25] [2 19] [1 2 3 4 6 7 16 19] [1 2 3 4 18 25] [2 19 23] [1 2 3 4 5 6 9 18 25] [2 3 19 23] [1 2 3 4 5 6 19] [1 2 23] [1 2 3 4 5 19 23 25] [] [] [] [] [] [] [] [] [] [] [] [] [] [] [] [] [] [] [] [] [] [] [] [] [] [] [] [] [] [] [] [] [] [] [] [] [] [] [] [] [] [] [] [] [] [] [] [] [] [] [] [] [] [] [] [] [] [] [] [] [] [] [] [] [] [] [] [] [] [] [] [] [] [] [] [] [] [] [] [] [] [] [] [] [] [] [] [] [] [] [] [] [] [] [] [] [] [] [] [] [] [] [] [] [] [] [] [] [] [] [] [] [] [] [] [] [] [] [] [] [] [] [] [] [] [] [] [] [] [] [] [] [] [] [] [] [] [] [] [] [] [] [] [] [] [] [] [] [] [] [] [] [] [] [] [] []
197 [] [1 2 3 4 5 6] [1 2 3 4 5 19 23] [1 2 3 4 6 18 19 23 25 26] [1 2 3 4 5 6 9 19 23 25] [1 2 3 4 6 19 23 52] [1 2 3 4 25] [1 2 3 4] [1 2 3 4 6 19 23] [1 2 3 4 6 8 16 18 25 55] [1 2 3 4 5 6 9 11 18] [1 2 3 4 6] [1 2 3 4 5 6 9 19 23 25 52] [1 2 3 4 5 6 9 16 19 23 25] [1 2 3 4 5 6 9 11 19 23 25 28 30 52] [1 2 3 4 5 6 9 16 18 19 23] [1 2 3 4 19] [1 2 3 4 5 6 19 23 25 52] [1 2 3 4 5] [1 2 3 4 5 6 19 23 52] [1 2 3 4 5 6 9 16 18 19 23 25 52] [1 2 3 4 19 23] [1 2 3 4 16 18 25] [1 2 3 4 5 6 19 23] [1 2 3 4 5 6 16 18 25] [1 2 3 4 19 23 52] [1 2 3 4 6 10 19] [1 2 3 4 19 25] [1 2 3 4 5 6 9] [1 2 3] [1 2 3 4 6 19 23 25] [1 2 3 4 6 16 19] [1 2 3 4 5 18 19] [1 2 3 4 5 6 19 23 25] [1 2 3 4 18] [1 2 3 19] [1 2 3 4 16 19 23 25] [1 2 3 4 18 19 23 25 52] [1 2 3 4 6 10 18 19 23] [1 2 3 4 5 25] [1 2 3 4 16] [1 2 3 4 6 16 18 19 23 25 26 52 55] [1 2] [1 2 3 4 5 6 9 19] [1 2 3 4 5 6 9 11 19 23 25 28 30] [1 6 18] [1 2 6] [1 2 3 4 6 8 16 18 25] [1 59] [1] [1 2 3 4 5 6 19 23 25 52 56] [1 2 3 4 5 6 9 16 19 23] [1 2 3 4 6 16] [1 2 3 4 6 16 18 19 23 52] [1 2 53] [1 2 3 4 6 8 16 19 23 25 55] [1 10] [1 2 3 4 5 6 9 18 19 23 25 26] [1 2 3 4 5 6 16 25] [1 2 3 4 5 18 23 25 26] [1 2 3 4 19 23 25 52] [1 2 3 4 5 18] [1 2 4] [1 2 3 4 5 6 9 18 19 23 25] [1 2 3 4 5 6 16] [1 2 3 4 6 18] [1 2 3 4 18 19 23] [1 2 25] [2 19] [1 2 3 4 6 7 16 19] [1 2 3 4 18 25] [2 19 23] [1 2 3 4 5 6 9 18 25] [2 3 19 23] [1 2 3 4 5 6 19] [1 2 23] [1 2 3 4 5 19 23 25] [] [] [] [] [] [] [] [] [] [] [] [] [] [] [] [] [] [] [] [] [] [] [] [] [] [] [] [] [] [] [] [] [] [] [] [] [] [] [] [] [] [] [] [] [] [] [] [] [] [] [] [] [] [] [] [] [] [] [] [] [] [] [] [] [] [] [] [] [] [] [] [] [] [] [] [] [] [] [] [] [] [] [] [] [] [] [] [] [] [] [] [] [] [] [] [] [] [] [] [] [] [] [] [] [] [] [] [] [] [] [] [] [] [] [] [] [] [] [] [] [] [] [] [] [] [] [] [] [] [] [] [] [] [] [] [] [] [] [] [] [] [] [] [] [] [] [] [] [] [] [] [] [] [] [] [] []
198 [] [1 2 3 4 5 6] [1 2 3 4 5 19 23] [1 2 3 4 6 18 19 23 25 26] [1 2 3 4 5 6 9 19 23 25] [1 2 3 4 6 19 23 52] [1 2 3 4 25] [1 2 3 4] [1 2 3 4 6 19 23] [1 2 3 4 6 8 16 18 25 55] [1 2 3 4 5 6 9 11 18] [1 2 3 4 6] [1 2 3 4 5 6 9 19 23 25 52] [1 2 3 4 5 6 9 16 19 23 25] [1 2 3 4 5 6 9 11 19 23 25 28 30 52] [1 2 3 4 5 6 9 16 18 19 23] [1 2 3 4 19] [1 2 3 4 5 6 19 23 25 52] [1 2 3 4 5] [1 2 3 4 5 6 19 23 52] [1 2 3 4 5 6 9 16 18 19 23 25 52] [1 2 3 4 19 23] [1 2 3 4 16 18 25] [1 2 3 4 5 6 19 23] [1 2 3 4 5 6 16 18 25] [1 2 3 4 19 23 52] [1 2 3 4 6 10 19] [1 2 3 4 19 25] [1 2 3 4 5 6 9] [1 2 3] [1 2 3 4 6 19 23 25] [1 2 3 4 6 16 19] [1 2 3 4 5 18 19] [1 2 3 4 5 6 19 23 25] [1 2 3 4 18] [1 2 3 19] [1 2 3 4 16 19 23 25] [1 2 3 4 18 19 23 25 52] [1 2 3 4 6 10 18 19 23] [1 2 3 4 5 25] [1 2 3 4 16] [1 2 3 4 6 16 18 19 23 25 26 52 55] [1 2] [1 2 3 4 5 6 9 19] [1 2 3 4 5 6 9 11 19 23 25 28 30] [1 6 18] [1 2 6] [1 2 3 4 6 8 16 18 25] [1 59] [1] [1 2 3 4 5 6 19 23 25 52 56] [1 2 3 4 5 6 9 16 19 23] [1 2 3 4 6 16] [1 2 3 4 6 16 18 19 23 52] [1 2 53] [1 2 3 4 6 8 16 19 23 25 55] [1 10] [1 2 3 4 5 6 9 18 19 23 25 26] [1 2 3 4 5 6 16 25] [1 2 3 4 5 18 23 25 26] [1 2 3 4 19 23 25 52] [1 2 3 4 5 18] [1 2 4] [1 2 3 4 5 6 9 18 19 23 25] [1 2 3 4 5 6 16] [1 2 3 4 6 18] [1 2 3 4 18 19 23] [1 2 25] [2 19] [1 2 3 4 6 7 16 19] [1 2 3 4 18 25] [2 19 23] [1 2 3 4 5 6 9 18 25] [2 3 19 23] [1 2 3 4 5 6 19] [1 2 23] [1 2 3 4 5 19 23 25] [] [] [] [] [] [] [] [] [] [] [] [] [] [] [] [] [] [] [] [] [] [] [] [] [] [] [] [] [] [] [] [] [] [] [] [] [] [] [] [] [] [] [] [] [] [] [] [] [] [] [] [] [] [] [] [] [] [] [] [] [] [] [] [] [] [] [] [] [] [] [] [] [] [] [] [] [] [] [] [] [] [] [] [] [] [] [] [] [] [] [] [] [] [] [] [] [] [] [] [] [] [] [] [] [] [] [] [] [] [] [] [] [] [] [] [] [] [] [] [] [] [] [] [] [] [] [] [] [] [] [] [] [] [] [] [] [] [] [] [] [] [] [] [] [] [] [] [] [] [] [] [] [] [] [] [] []
199 [] [1 2 3 4 5 6] [1 2 3 4 5 6 9 19 23] [1 2 3 4 5 19 23] [1 2 3 4 6 18 19 23 25 26] [1 2 3 4 5 6 9 19 23 25] [1 2 3 4 6 19 23 52] [1 2 3 4 25] [1 2 3 4] [1 2 3 4 6 19 23] [1 2 3 4 6 8 16 18 25 55] [1 2 3 4 5 6 9 11 18] [1 2 3 4 6] [1 2 3 4 5 6 9 19 23 25 52] [1 2 3 4 5 6 9 16 19 23 25] [1 2 3 4 5 6 9 11 19 23 25 28 30 52] [1 2 3 4 5 6 9 16 18 19 23] [1 2 3 4 19] [1 2 3 4 5 6 19 23 25 52] [1 2 3 4 5] [1 2 3 4 5 6 19 23 52] [1 2 3 4 5 6 9 16 18 19 23 25 52] [1 2 3 4 19 23] [1 2 3 4 16 18 25] [1 2 3 4 5 6 19 23] [1 2 3 4 5 6 16 18 25] [1 2 3 4 19 23 52] [1 2 3 4 6 10 19] [1 2 3 4 19 25] [1 2 3 4 5 6 9] [1 2 3] [1 2 3 4 6 19 23 25] [1 2 3 4 6 16 19] [1 2 3 4 5 18 19] [1 2 3 4 5 6 19 23 25] [1 2 3 4 18] [1 2 3 19] [1 2 3 4 16 19 23 25] [1 2 3 4 18 19 23 25 52] [1 2 3 4 6 10 18 19 23] [1 2 3 4 5 25] [1 2 3 4 16] [1 2 3 4 6 16 18 19 23 25 26 52 55] [1 2] [1 2 3 4 5 6 9 19] [1 2 3 4 5 6 9 11 19 23 25 28 30] [1 6 18] [1 2 6] [1 2 3 4 6 8 16 18 25] [1 59] [1] [1 2 3 4 5 6 19 23 25 52 56] [1 2 3 4 5 6 9 16 19 23] [1 2 3 4 6 16] [1 2 3 4 6 16 18 19 23 52] [1 2 53] [1 2 3 4 6 8 16 19 23 25 55] [1 10] [1 2 3 4 5 6 9 18 19 23 25 26] [1 2 3 4 5 6 16 25] [1 2 3 4 5 18 23 25 26] [1 2 3 4 19 23 25 52] [1 2 3 4 5 18] [1 2 4] [1 2 3 4 5 6 9 18 19 23 25] [1 2 3 4 5 6 16] [1 2 3 4 6 18] [1 2 3 4 18 19 23] [1 2 25] [2 19] [1 2 3 4 6 7 16 19] [1 2 3 4 18 25] [2 19 23] [1 2 3 4 5 6 9 18 25] [2 3 19 23] [1 2 3 4 5 6 19] [1 2 23] [1 2 3 4 5 19 23 25] [] [] [] [] [] [] [] [] [] [] [] [] [] [] [] [] [] [] [] [] [] [] [] [] [] [] [] [] [] [] [] [] [] [] [] [] [] [] [] [] [] [] [] [] [] [] [] [] [] [] [] [] [] [] [] [] [] [] [] [] [] [] [] [] [] [] [] [] [] [] [] [] [] [] [] [] [] [] [] [] [] [] [] [] [] [] [] [] [] [] [] [] [] [] [] [] [] [] [] [] [] [] [] [] [] [] [] [] [] [] [] [] [] [] [] [] [] [] [] [] [] [] [] [] [] [] [] [] [] [] [] [] [] [] [] [] [] [] [] [] [] [] [] [] [] [] [] [] [] [] [] [] [] [] [] []
200 [] [1 2 3 4 5 6 9 19 23] [1 2 3 4 5 19 23] [1 2 3 4 6 18 19 23 25 26] [1 2 3 4 5 6 9 19 23 25] [1 2 3 4 6 19 23 52] [1 2 3 4 25] [1 2 3 4] [1 2 3 4 6 19 23] [1 2 3 4 5 6] [1 2 3 4 6 8 16 18 25 55] [1 2 3 4 5 6 9 11 18] [1 2 3 4 6] [1 2 3 4 5 6 9 19 23 25 52] [1 2 3 4 5 6 9 16 19 23 25] [1 2 3 4 5 6 9 11 19 23 25 28 30 52] [1 2 3 4 5 6 9 16 18 19 23] [1 2 3 4 19] [1 2 3 4 5 6 19 23 25 52] [1 2 3 4 5] [1 2 3 4 5 6 19 23 52] [1 2 3 4 5 6 9 16 18 19 23 25 52] [1 2 3 4 19 23] [1 2 3 4 16 18 25] [1 2 3 4 5 6 19 23] [1 2 3 4 5 6 16 18 25] [1 2 3 4 19 23 52] [1 2 3 4 6 10 19] [1 2 3 4 19 25] [1 2 3 4 5 6 9] [1 2 3] [1 2 3 4 6 19 23 25] [1 2 3 4 6 16 19] [1 2 3 4 5 18 19] [1 2 3 4 5 6 19 23 25] [1 2 3 4 18] [1 2 3 19] [1 2 3 4 16 19 23 25] [1 2 3 4 18 19 23 25 52] [1 2 3 4 6 10 18 19 23] [1 2 3 4 5 25] [1 2 3 4 16] [1 2 3 4 6 16 18 19 23 25 26 52 55] [1 2] [1 2 3 4 5 6 9 19] [1 2 3 4 5 6 9 11 19 23 25 28 30] [1 6 18] [1 2 6] [1 2 3 4 6 8 16 18 25] [1 59] [1] [1 2 3 4 5 6 19 23 25 52 56] [1 2 3 4 5 6 9 16 19 23] [1 2 3 4 6 16] [1 2 3 4 6 16 18 19 23 52] [1 2 53] [1 2 3 4 6 8 16 19 23 25 55] [1 10] [1 2 3 4 5 6 9 18 19 23 25 26] [1 2 3 4 5 6 16 25] [1 2 3 4 5 18 23 25 26] [1 2 3 4 19 23 25 52] [1 2 3 4 5 18] [1 2 4] [1 2 3 4 5 6 9 18 19 23 25] [1 2 3 4 5 6 16] [1 2 3 4 6 18] [1 2 3 4 18 19 23] [1 2 25] [2 19] [1 2 3 4 6 7 16 19] [1 2 3 4 18 25] [2 19 23] [1 2 3 4 5 6 9 18 25] [2 3 19 23] [1 2 3 4 5 6 19] [1 2 23] [1 2 3 4 5 19 23 25] [] [] [] [] [] [] [] [] [] [] [] [] [] [] [] [] [] [] [] [] [] [] [] [] [] [] [] [] [] [] [] [] [] [] [] [] [] [] [] [] [] [] [] [] [] [] [] [] [] [] [] [] [] [] [] [] [] [] [] [] [] [] [] [] [] [] [] [] [] [] [] [] [] [] [] [] [] [] [] [] [] [] [] [] [] [] [] [] [] [] [] [] [] [] [] [] [] [] [] [] [] [] [] [] [] [] [] [] [] [] [] [] [] [] [] [] [] [] [] [] [] [] [] [] [] [] [] [] [] [] [] [] [] [] [] [] [] [] [] [] [] [] [] [] [] [] [] [] [] [] [] [] [] [] [] []
201 [] [1 2 3 4 5 19 23] [1 2 3 4 6 18 19 23 25 26] [1 2 3 4 5 6 9 19 23 25] [1 2 3 4 6 19 23 52] [1 2 3 4 25] [1 2 3 4] [1 2 3 4 6 19 23] [1 2 3 4 5 6] [1 2 3 4 6 8 16 18 25 55] [1 2 3 4 5 6 9 11 18] [1 2 3 4 6] [1 2 3 4 5 6 9 19 23 25 52] [1 2 3 4 5 6 9 16 19 23 25] [1 2 3 4 5 6 9 11 19 23 25 28 30 52] [1 2 3 4 5 6 9 16 18 19 23] [1 2 3 4 19] [1 2 3 4 5 6 19 23 25 52] [1 2 3 4 5] [1 2 3 4 5 6 19 23 52] [1 2 3 4 5 6 9 16 18 19 23 25 52] [1 2 3 4 19 23] [1 2 3 4 16 18 25] [1 2 3 4 5 6 19 23] [1 2 3 4 5 6 16 18 25] [1 2 3 4 19 23 52] [1 2 3 4 6 10 19] [1 2 3 4 19 25] [1 2 3 4 5 6 9] [1 2 3] [1 2 3 4 6 19 23 25] [1 2 3 4 6 16 19] [1 2 3 4 5 18 19] [1 2 3 4 5 6 19 23 25] [1 2 3 4 18] [1 2 3 19] [1 2 3 4 16 19 23 25] [1 2 3 4 18 19 23 25 52] [1 2 3 4 6 10 18 19 23] [1 2 3 4 5 25] [1 2 3 4 16] [1 2 3 4 6 16 18 19 23 25 26 52 55] [1 2] [1 2 3 4 5 6 9 19] [1 2 3 4 5 6 9 11 19 23 25 28 30] [1 6 18] [1 2 6] [1 2 3 4 6 8 16 18 25] [1 59] [1] [1 2 3 4 5 6 19 23 25 52 56] [1 2 3 4 5 6 9 16 19 23] [1 2 3 4 6 16] [1 2 3 4 6 16 18 19 23 52] [1 2 53] [1 2 3 4 6 8 16 19 23 25 55] [1 10] [1 2 3 4 5 6 9 18 19 23 25 26] [1 2 3 4 5 6 16 25] [1 2 3 4 5 18 23 25 26] [1 2 3 4 19 23 25 52] [1 2 3 4 5 18] [1 2 4] [1 2 3 4 5 6 9 18 19 23 25] [1 2 3 4 5 6 16] [1 2 3 4 6 18] [1 2 3 4 18 19 23] [1 2 25] [2 19] [1 2 3 4 6 7 16 19] [1 2 3 4 18 25] [2 19 23] [1 2 3 4 5 6 9 18 25] [2 3 19 23] [1 2 3 4 5 6 19] [1 2 23] [1 2 3 4 5 19 23 25] [] [] [] [] [] [] [] [] [] [] [] [] [] [] [] [] [] [] [] [] [] [] [] [] [] [] [] [] [] [] [] [] [] [] [] [] [] [] [] [] [] [] [] [] [] [] [] [] [] [] [] [] [] [] [] [] [] [] [] [] [] [] [] [] [] [] [] [] [] [] [] [] [] [] [] [] [] [] [] [] [] [] [] [] [] [] [] [] [] [] [] [] [] [] [] [] [] [] [] [] [] [] [] [] [] [] [] [] [] [] [] [] [] [] [] [] [] [] [] [] [] [] [] [] [] [] [] [] [] [] [] [] [] [] [] [] [] [] [] [] [] [] [] [] [] [] [] [] [] [] [] [] [] [] [] [] []
202 [] [1 2 3 4 6 18 19 23 25 26] [1 2 3 4 5 6 9 19 23 25] [1 2 3 4 6 19 23 52] [1 2 3 4 25] [1 2 3 4] [1 2 3 4 6 19 23] [1 2 3 4 5 6] [1 2 3 4 6 8 16 18 25 55] [1 2 3 4 5 6 9 11 18] [1 2 3 4 6] [1 2 3 4 5 6 9 19 23 25 52] [1 2 3 4 5 6 9 16 19 23 25] [1 2 3 4 5 6 9 11 19 23 25 28 30 52] [1 2 3 4 5 6 9 16 18 19 23] [1 2 3 4 19] [1 2 3 4 5 6 19 23 25 52] [1 2 3 4 5] [1 2 3 4 5 6 19 23 52] [1 2 3 4 5 6 9 16 18 19 23 25 52] [1 2 3 4 19 23] [1 2 3 4 16 18 25] [1 2 3 4 5 6 19 23] [1 2 3 4 5 6 16 18 25] [1 2 3 4 19 23 52] [1 2 3 4 6 10 19] [1 2 3 4 19 25] [1 2 3 4 5 6 9] [1 2 3] [1 2 3 4 6 19 23 25] [1 2 3 4 6 16 19] [1 2 3 4 5 18 19] [1 2 3 4 5 6 19 23 25] [1 2 3 4 18] [1 2 3 19] [1 2 3 4 16 19 23 25] [1 2 3 4 18 19 23 25 52] [1 2 3 4 6 10 18 19 23] [1 2 3 4 5 25] [1 2 3 4 16] [1 2 3 4 6 16 18 19 23 25 26 52 55] [1 2] [1 2 3 4 5 6 9 19] [1 2 3 4 5 6 9 11 19 23 25 28 30] [1 6 18] [1 2 6] [1 2 3 4 6 8 16 18 25] [1 59] [1] [1 2 3 4 5 6 19 23 25 52 56] [1 2 3 4 5 6 9 16 19 23] [1 2 3 4 6 16] [1 2 3 4 6 16 18 19 23 52] [1 2 53] [1 2 3 4 6 8 16 19 23 25 55] [1 10] [1 2 3 4 5 6 9 18 19 23 25 26] [1 2 3 4 5 6 16 25] [1 2 3 4 5 18 23 25 26] [1 2 3 4 19 23 25 52] [1 2 3 4 5 18] [1 2 4] [1 2 3 4 5 6 9 18 19 23 25] [1 2 3 4 5 6 16] [1 2 3 4 6 18] [1 2 3 4 18 19 23] [1 2 25] [2 19] [1 2 3 4 6 7 16 19] [1 2 3 4 18 25] [2 19 23] [1 2 3 4 5 6 9 18 25] [2 3 19 23] [1 2 3 4 5 6 19] [1 2 23] [1 2 3 4 5 19 23 25] [] [] [] [] [] [] [] [] [] [] [] [] [] [] [] [] [] [] [] [] [] [] [] [] [] [] [] [] [] [] [] [] [] [] [] [] [] [] [] [] [] [] [] [] [] [] [] [] [] [] [] [] [] [] [] [] [] [] [] [] [] [] [] [] [] [] [] [] [] [] [] [] [] [] [] [] [] [] [] [] [] [] [] [] [] [] [] [] [] [] [] [] [] [] [] [] [] [] [] [] [] [] [] [] [] [] [] [] [] [] [] [] [] [] [] [] [] [] [] [] [] [] [] [] [] [] [] [] [] [] [] [] [] [] [] [] [] [] [] [] [] [] [] [] [] [] [] [] [] [] [] [] [] [] [] [] [] []
203 [] [1 2 3 4 6 18 19 23 25 26] [1 2 3 4 5 6 9 19 23 25] [1 2 3 4 6 19 23 52] [1 2 3 4 25] [1 2 3 4] [1 2 3 4 6 19 23] [1 2 3 4 5 6] [1 2 3 4 6 8 16 18 25 55] [1 2 3 4 5 6 9 11 18] [1 2 3 4 6] [1 2 3 4 5 6 9 19 23 25 52] [1 2 3 4 5 6 9 16 19 23 25] [1 2 3 4 5 6 9 11 19 23 25 28 30 52] [1 2 3 4 5 6 9 16 18 19 23] [1 2 3 4 19] [1 2 3 4 5 6 19 23 25 52] [1 2 3 4 5] [1 2 3 4 5 6 19 23 52] [1 2 3 4 5 6 9 16 18 19 23 25 52] [1 2 3 4 19 23] [1 2 3 4 16 18 25] [1 2 3 4 5 6 19 23] [1 2 3 4 5 6 16 18 25] [1 2 3 4 19 23 52] [1 2 3 4 6 10 19] [1 2 3 4 19 25] [1 2 3 4 5 6 9] [1 2 3] [1 2 3 4 6 19 23 25] [1 2 3 4 6 16 19] [1 2 3 4 5 18 19] [1 2 3 4 5 6 19 23 25] [1 2 3 4 18] [1 2 3 19] [1 2 3 4 16 19 23 25] [1 2 3 4 18 19 23 25 52] [1 2 3 4 6 10 18 19 23] [1 2 3 4 5 25] [1 2 3 4 16] [1 2 3 4 6 16 18 19 23 25 26 52 55] [1 2] [1 2 3 4 5 6 9 19] [1 2 3 4 5 6 9 11 19 23 25 28 30] [1 6 18] [1 2 6] [1 2 3 4 6 8 16 18 25] [1 59] [1] [1 2 3 4 5 6 19 23 25 52 56] [1 2 3 4 5 6 9 16 19 23] [1 2 3 4 6 16] [1 2 3 4 6 16 18 19 23 52] [1 2 53] [1 2 3 4 6 8 16 19 23 25 55] [1 10] [1 2 3 4 5 6 9 18 19 23 25 26] [1 2 3 4 5 6 16 25] [1 2 3 4 5 18 23 25 26] [1 2 3 4 19 23 25 52] [1 2 3 4 5 18] [1 2 4] [1 2 3 4 5 6 9 18 19 23 25] [1 2 3 4 5 6 16] [1 2 3 4 6 18] [1 2 3 4 18 19 23] [1 2 25] [2 19] [1 2 3 4 6 7 16 19] [1 2 3 4 18 25] [2 19 23] [1 2 3 4 5 6 9 18 25] [2 3 19 23] [1 2 3 4 5 6 19] [1 2 23] [1 2 3 4 5 19 23 25] [] [] [] [] [] [] [] [] [] [] [] [] [] [] [] [] [] [] [] [] [] [] [] [] [] [] [] [] [] [] [] [] [] [] [] [] [] [] [] [] [] [] [] [] [] [] [] [] [] [] [] [] [] [] [] [] [] [] [] [] [] [] [] [] [] [] [] [] [] [] [] [] [] [] [] [] [] [] [] [] [] [] [] [] [] [] [] [] [] [] [] [] [] [] [] [] [] [] [] [] [] [] [] [] [] [] [] [] [] [] [] [] [] [] [] [] [] [] [] [] [] [] [] [] [] [] [] [] [] [] [] [] [] [] [] [] [] [] [] [] [] [] [] [] [] [] [] [] [] [] [] [] [] [] [] [] [] []
204 [] [1 2 3 4 5 6 9 19 23 25] [1 2 3 4 6 19 23 52] [1 2 3 4 25] [1 2 3 4] [1 2 3 4 6 19 23] [1 2 3 4 5 6] [1 2 3 4 6 8 16 18 25 55] [1 2 3 4 5 6 9 11 18] [1 2 3 4 6] [1 2 3 4 5 6 9 19 23 25 52] [1 2 3 4 5 6 9 16 19 23 25] [1 2 3 4 5 6 9 11 19 23 25 28 30 52] [1 2 3 4 5 6 9 16 18 19 23] [1 2 3 4 19] [1 2 3 4 5 6 19 23 25 52] [1 2 3 4 5] [1 2 3 4 5 6 19 23 52] [1 2 3 4 5 6 9 16 18 19 23 25 52] [1 2 3 4 19 23] [1 2 3 4 16 18 25] [1 2 3 4 5 6 19 23] [1 2 3 4 5 6 16 18 25] [1 2 3 4 19 23 52] [1 2 3 4 6 10 19] [1 2 3 4 19 25] [1 2 3 4 5 6 9] [1 2 3] [1 2 3 4 6 19 23 25] [1 2 3 4 6 16 19] [1 2 3 4 5 18 19] [1 2 3 4 5 6 19 23 25] [1 2 3 4 18] [1 2 3 19] [1 2 3 4 16 19 23 25] [1 2 3 4 18 19 23 25 52] [1 2 3 4 6 10 18 19 23] [1 2 3 4 5 25] [1 2 3 4 16] [1 2 3 4 6 16 18 19 23 25 26 52 55] [1 2] [1 2 3 4 5 6 9 19] [1 2 3 4 5 6 9 11 19 23 25 28 30] [1 6 18] [1 2 6] [1 2 3 4 6 8 16 18 25] [1 59] [1] [1 2 3 4 5 6 19 23 25 52 56] [1 2 3 4 5 6 9 16 19 23] [1 2 3 4 6 16] [1 2 3 4 6 16 18 19 23 52] [1 2 53] [1 2 3 4 6 8 16 19 23 25 55] [1 10] [1 2 3 4 5 6 9 18 19 23 25 26] [1 2 3 4 5 6 16 25] [1 2 3 4 5 18 23 25 26] [1 2 3 4 19 23 25 52] [1 2 3 4 5 18] [1 2 4] [1 2 3 4 5 6 9 18 19 23 25] [1 2 3 4 5 6 16] [1 2 3 4 6 18] [1 2 3 4 18 19 23] [1 2 25] [2 19] [1 2 3 4 6 7 16 19] [1 2 3 4 18 25] [2 19 23] [1 2 3 4 5 6 9 18 25] [2 3 19 23] [1 2 3 4 5 6 19] [1 2 23] [1 2 3 4 5 19 23 25] [] [] [] [] [] [] [] [] [] [] [] [] [] [] [] [] [] [] [] [] [] [] [] [] [] [] [] [] [] [] [] [] [] [] [] [] [] [] [] [] [] [] [] [] [] [] [] [] [] [] [] [] [] [] [] [] [] [] [] [] [] [] [] [] [] [] [] [] [] [] [] [] [] [] [] [] [] [] [] [] [] [] [] [] [] [] [] [] [] [] [] [] [] [] [] [] [] [] [] [] [] [] [] [] [] [] [] [] [] [] [] [] [] [] [] [] [] [] [] [] [] [] [] [] [] [] [] [] [] [] [] [] [] [] [] [] [] [] [] [] [] [] [] [] [] [] [] [] [] [] [] [] [] [] [] [] [] [] []
205 [] [1 2 3 4 6 19 23 52] [1 2 3 4 25] [1 2 3 4] [1 2 3 4 6 19 23] [1 2 3 4 5 6] [1 2 3 4 6 8 16 18 25 55] [1 2 3 4 5 6 9 11 18] [1 2 3 4 6] [1 2 3 4 5 6 9 19 23 25 52] [1 2 3 4 5 6 9 16 19 23 25] [1 2 3 4 5 6 9 11 19 23 25 28 30 52] [1 2 3 4 5 6 9 16 18 19 23] [1 2 3 4 19] [1 2 3 4 5 6 19 23 25 52] [1 2 3 4 5] [1 2 3 4 5 6 19 23 52] [1 2 3 4 5 6 9 16 18 19 23 25 52] [1 2 3 4 19 23] [1 2 3 4 16 18 25] [1 2 3 4 5 6 19 23] [1 2 3 4 5 6 16 18 25] [1 2 3 4 19 23 52] [1 2 3 4 6 10 19] [1 2 3 4 5 6 9 19 23 25] [1 2 3 4 19 25] [1 2 3 4 5 6 9] [1 2 3] [1 2 3 4 6 19 23 25] [1 2 3 4 6 16 19] [1 2 3 4 5 18 19] [1 2 3 4 5 6 19 23 25] [1 2 3 4 18] [1 2 3 19] [1 2 3 4 16 19 23 25] [1 2 3 4 18 19 23 25 52] [1 2 3 4 6 10 18 19 23] [1 2 3 4 5 25] [1 2 3 4 16] [1 2 3 4 6 16 18 19 23 25 26 52 55] [1 2] [1 2 3 4 5 6 9 19] [1 2 3 4 5 6 9 11 19 23 25 28 30] [1 6 18] [1 2 6] [1 2 3 4 6 8 16 18 25] [1 59] [1] [1 2 3 4 5 6 19 23 25 52 56] [1 2 3 4 5 6 9 16 19 23] [1 2 3 4 6 16] [1 2 3 4 6 16 18 19 23 52] [1 2 53] [1 2 3 4 6 8 16 19 23 25 55] [1 10] [1 2 3 4 5 6 9 18 19 23 25 26] [1 2 3 4 5 6 16 25] [1 2 3 4 5 18 23 25 26] [1 2 3 4 19 23 25 52] [1 2 3 4 5 18] [1 2 4] [1 2 3 4 5 6 9 18 19 23 25] [1 2 3 4 5 6 16] [1 2 3 4 6 18] [1 2 3 4 18 19 23] [1 2 25] [2 19] [1 2 3 4 6 7 16 19] [1 2 3 4 18 25] [2 19 23] [1 2 3 4 5 6 9 18 25] [2 3 19 23] [1 2 3 4 5 6 19] [1 2 23] [1 2 3 4 5 19 23 25] [] [] [] [] [] [] [] [] [] [] [] [] [] [] [] [] [] [] [] [] [] [] [] [] [] [] [] [] [] [] [] [] [] [] [] [] [] [] [] [] [] [] [] [] [] [] [] [] [] [] [] [] [] [] [] [] [] [] [] [] [] [] [] [] [] [] [] [] [] [] [] [] [] [] [] [] [] [] [] [] [] [] [] [] [] [] [] [] [] [] [] [] [] [] [] [] [] [] [] [] [] [] [] [] [] [] [] [] [] [] [] [] [] [] [] [] [] [] [] [] [] [] [] [] [] [] [] [] [] [] [] [] [] [] [] [] [] [] [] [] [] [] [] [] [] [] [] [] [] [] [] [] [] [] [] [] [] [] []
206 [] [1 2 3 4 25] [1 2 3 4] [1 2 3 4 6 19 23] [1 2 3 4 5 6] [1 2 3 4 6 8 16 18 25 55] [1 2 3 4 5 6 9 11 18] [1 2 3 4 6] [1 2 3 4 5 6 9 19 23 25 52] [1 2 3 4 5 6 9 16 19 23 25] [1 2 3 4 5 6 9 11 19 23 25 28 30 52] [1 2 3 4 5 6 9 16 18 19 23] [1 2 3 4 19] [1 2 3 4 5 6 19 23 25 52] [1 2 3 4 5] [1 2 3 4 5 6 19 23 52] [1 2 3 4 5 6 9 16 18 19 23 25 52] [1 2 3 4 19 23] [1 2 3 4 16 18 25] [1 2 3 4 5 6 19 23] [1 2 3 4 5 6 16 18 25] [1 2 3 4 19 23 52] [1 2 3 4 6 10 19] [1 2 3 4 5 6 9 19 23 25] [1 2 3 4 19 25] [1 2 3 4 5 6 9] [1 2 3] [1 2 3 4 6 19 23 25] [1 2 3 4 6 16 19] [1 2 3 4 5 18 19] [1 2 3 4 5 6 19 23 25] [1 2 3 4 18] [1 2 3 19] [1 2 3 4 16 19 23 25] [1 2 3 4 6 19 23 52] [1 2 3 4 18 19 23 25 52] [1 2 3 4 6 10 18 19 23] [1 2 3 4 5 25] [1 2 3 4 16] [1 2 3 4 6 16 18 19 23 25 26 52 55] [1 2] [1 2 3 4 5 6 9 19] [1 2 3 4 5 6 9 11 19 23 25 28 30] [1 6 18] [1 2 6] [1 2 3 4 6 8 16 18 25] [1 59] [1] [1 2 3 4 5 6 19 23 25 52 56] [1 2 3 4 5 6 9 16 19 23] [1 2 3 4 6 16] [1 2 3 4 6 16 18 19 23 52] [1 2 53] [1 2 3 4 6 8 16 19 23 25 55] [1 10] [1 2 3 4 5 6 9 18 19 23 25 26] [1 2 3 4 5 6 16 25] [1 2 3 4 5 18 23 25 26] [1 2 3 4 19 23 25 52] [1 2 3 4 5 18] [1 2 4] [1 2 3 4 5 6 9 18 19 23 25] [1 2 3 4 5 6 16] [1 2 3 4 6 18] [1 2 3 4 18 19 23] [1 2 25] [2 19] [1 2 3 4 6 7 16 19] [1 2 3 4 18 25] [2 19 23] [1 2 3 4 5 6 9 18 25] [2 3 19 23] [1 2 3 4 5 6 19] [1 2 23] [1 2 3 4 5 19 23 25] [] [] [] [] [] [] [] [] [] [] [] [] [] [] [] [] [] [] [] [] [] [] [] [] [] [] [] [] [] [] [] [] [] [] [] [] [] [] [] [] [] [] [] [] [] [] [] [] [] [] [] [] [] [] [] [] [] [] [] [] [] [] [] [] [] [] [] [] [] [] [] [] [] [] [] [] [] [] [] [] [] [] [] [] [] [] [] [] [] [] [] [] [] [] [] [] [] [] [] [] [] [] [] [] [] [] [] [] [] [] [] [] [] [] [] [] [] [] [] [] [] [] [] [] [] [] [] [] [] [] [] [] [] [] [] [] [] [] [] [] [] [] [] [] [] [] [] [] [] [] [] [] [] [] [] [] [] [] []
207 [] [1 2 3 4 25] [1 2 3 4] [1 2 3 4 6 19 23] [1 2 3 4 5 6] [1 2 3 4 6 8 16 18 25 55] [1 2 3 4 5 6 9 11 18] [1 2 3 4 6] [1 2 3 4 5 6 9 19 23 25 52] [1 2 3 4 5 6 9 16 19 23 25] [1 2 3 4 5 6 9 11 19 23 25 28 30 52] [1 2 3 4 5 6 9 16 18 19 23] [1 2 3 4 19] [1 2 3 4 5 6 19 23 25 52] [1 2 3 4 5] [1 2 3 4 5 6 19 23 52] [1 2 3 4 5 6 9 16 18 19 23 25 52] [1 2 3 4 19 23] [1 2 3 4 16 18 25] [1 2 3 4 5 6 19 23] [1 2 3 4 5 6 16 18 25] [1 2 3 4 19 23 52] [1 2 3 4 6 10 19] [1 2 3 4 5 6 9 19 23 25] [1 2 3 4 19 25] [1 2 3 4 5 6 9] [1 2 3] [1 2 3 4 6 19 23 25] [1 2 3 4 6 16 19] [1 2 3 4 5 18 19] [1 2 3 4 5 6 19 23 25] [1 2 3 4 18] [1 2 3 19] [1 2 3 4 16 19 23 25] [1 2 3 4 6 19 23 52] [1 2 3 4 18 19 23 25 52] [1 2 3 4 6 10 18 19 23] [1 2 3 4 5 25] [1 2 3 4 16] [1 2 3 4 6 16 18 19 23 25 26 52 55] [1 2] [1 2 3 4 5 6 9 19] [1 2 3 4 5 6 9 11 19 23 25 28 30] [1 6 18] [1 2 6] [1 2 3 4 6 8 16 18 25] [1 59] [1] [1 2 3 4 5 6 19 23 25 52 56] [1 2 3 4 5 6 9 16 19 23] [1 2 3 4 6 16] [1 2 3 4 6 16 18 19 23 52] [1 2 53] [1 2 3 4 6 8 16 19 23 25 55] [1 10] [1 2 3 4 5 6 9 18 19 23 25 26] [1 2 3 4 5 6 16 25] [1 2 3 4 5 18 23 25 26] [1 2 3 4 19 23 25 52] [1 2 3 4 5 18] [1 2 4] [1 2 3 4 5 6 9 18 19 23 25] [1 2 3 4 5 6 16] [1 2 3 4 6 18] [1 2 3 4 18 19 23] [1 2 25] [2 19] [1 2 3 4 6 7 16 19] [1 2 3 4 18 25] [2 19 23] [1 2 3 4 5 6 9 18 25] [2 3 19 23] [1 2 3 4 5 6 19] [1 2 23] [1 2 3 4 5 19 23 25] [] [] [] [] [] [] [] [] [] [] [] [] [] [] [] [] [] [] [] [] [] [] [] [] [] [] [] [] [] [] [] [] [] [] [] [] [] [] [] [] [] [] [] [] [] [] [] [] [] [] [] [] [] [] [] [] [] [] [] [] [] [] [] [] [] [] [] [] [] [] [] [] [] [] [] [] [] [] [] [] [] [] [] [] [] [] [] [] [] [] [] [] [] [] [] [] [] [] [] [] [] [] [] [] [] [] [] [] [] [] [] [] [] [] [] [] [] [] [] [] [] [] [] [] [] [] [] [] [] [] [] [] [] [] [] [] [] [] [] [] [] [] [] [] [] [] [] [] [] [] [] [] [] [] [] [] [] [] []
208 [] [1 2 3 4] [1 2 3 4 6 19 23] [1 2 3 4 5 6] [1 2 3 4 6 8 16 18 25 55] [1 2 3 4 5 6 9 11 18] [1 2 3 4 6] [1 2 3 4 5 6 9 19 23 25 52] [1 2 3 4 5 6 9 16 19 23 25] [1 2 3 4 5 6 9 11 19 23 25 28 30 52] [1 2 3 4 5 6 9 16 18 19 23] [1 2 3 4 19] [1 2 3 4 5 6 19 23 25 52] [1 2 3 4 5] [1 2 3 4 5 6 19 23 52] [1 2 3 4 5 6 9 16 18 19 23 25 52] [1 2 3 4 19 23] [1 2 3 4 16 18 25] [1 2 3 4 5 6 19 23] [1 2 3 4 5 6 16 18 25] [1 2 3 4 25] [1 2 3 4 19 23 52] [1 2 3 4 6 10 19] [1 2 3 4 5 6 9 19 23 25] [1 2 3 4 19 25] [1 2 3 4 5 6 9] [1 2 3] [1 2 3 4 6 19 23 25] [1 2 3 4 6 16 19] [1 2 3 4 5 18 19] [1 2 3 4 5 6 19 23 25] [1 2 3 4 18] [1 2 3 19] [1 2 3 4 16 19 23 25] [1 2 3 4 6 19 23 52] [1 2 3 4 18 19 23 25 52] [1 2 3 4 6 10 18 19 23] [1 2 3 4 5 25] [1 2 3 4 16] [1 2 3 4 6 16 18 19 23 25 26 52 55] [1 2] [1 2 3 4 5 6 9 19] [1 2 3 4 5 6 9 11 19 23 25 28 30] [1 6 18] [1 2 6] [1 2 3 4 6 8 16 18 25] [1 59] [1] [1 2 3 4 5 6 19 23 25 52 56] [1 2 3 4 5 6 9 16 19 23] [1 2 3 4 6 16] [1 2 3 4 6 16 18 19 23 52] [1 2 53] [1 2 3 4 6 8 16 19 23 25 55] [1 10] [1 2 3 4 5 6 9 18 19 23 25 26] [1 2 3 4 5 6 16 25] [1 2 3 4 5 18 23 25 26] [1 2 3 4 19 23 25 52] [1 2 3 4 5 18] [1 2 4] [1 2 3 4 5 6 9 18 19 23 25] [1 2 3 4 5 6 16] [1 2 3 4 6 18] [1 2 3 4 18 19 23] [1 2 25] [2 19] [1 2 3 4 6 7 16 19] [1 2 3 4 18 25] [2 19 23] [1 2 3 4 5 6 9 18 25] [2 3 19 23] [1 2 3 4 5 6 19] [1 2 23] [1 2 3 4 5 19 23 25] [] [] [] [] [] [] [] [] [] [] [] [] [] [] [] [] [] [] [] [] [] [] [] [] [] [] [] [] [] [] [] [] [] [] [] [] [] [] [] [] [] [] [] [] [] [] [] [] [] [] [] [] [] [] [] [] [] [] [] [] [] [] [] [] [] [] [] [] [] [] [] [] [] [] [] [] [] [] [] [] [] [] [] [] [] [] [] [] [] [] [] [] [] [] [] [] [] [] [] [] [] [] [] [] [] [] [] [] [] [] [] [] [] [] [] [] [] [] [] [] [] [] [] [] [] [] [] [] [] [] [] [] [] [] [] [] [] [] [] [] [] [] [] [] [] [] [] [] [] [] [] [] [] [] [] [] [] [] []
209 [] [1 2 3 4 6 19 23] [1 2 3 4 5 6] [1 2 3 4 6 8 16 18 25 55] [1 2 3 4 5 6 9 11 18] [1 2 3 4 6] [1 2 3 4 5 6 9 19 23 25 52] [1 2 3 4 5 6 9 16 19 23 25] [1 2 3 4 5 6 9 11 19 23 25 28 30 52] [1 2 3 4 5 6 9 16 18 19 23] [1 2 3 4] [1 2 3 4 19] [1 2 3 4 5 6 19 23 25 52] [1 2 3 4 5] [1 2 3 4 5 6 19 23 52] [1 2 3 4 5 6 9 16 18 19 23 25 52] [1 2 3 4 19 23] [1 2 3 4 16 18 25] [1 2 3 4 5 6 19 23] [1 2 3 4 5 6 16 18 25] [1 2 3 4 25] [1 2 3 4 19 23 52] [1 2 3 4 6 10 19] [1 2 3 4 5 6 9 19 23 25] [1 2 3 4 19 25] [1 2 3 4 5 6 9] [1 2 3] [1 2 3 4 6 19 23 25] [1 2 3 4 6 16 19] [1 2 3 4 5 18 19] [1 2 3 4 5 6 19 23 25] [1 2 3 4 18] [1 2 3 19] [1 2 3 4 16 19 23 25] [1 2 3 4 6 19 23 52] [1 2 3 4 18 19 23 25 52] [1 2 3 4 6 10 18 19 23] [1 2 3 4 5 25] [1 2 3 4 16] [1 2 3 4 6 16 18 19 23 25 26 52 55] [1 2] [1 2 3 4 5 6 9 19] [1 2 3 4 5 6 9 11 19 23 25 28 30] [1 6 18] [1 2 6] [1 2 3 4 6 8 16 18 25] [1 59] [1] [1 2 3 4 5 6 19 23 25 52 56] [1 2 3 4 5 6 9 16 19 23] [1 2 3 4 6 16] [1 2 3 4 6 16 18 19 23 52] [1 2 53] [1 2 3 4 6 8 16 19 23 25 55] [1 10] [1 2 3 4 5 6 9 18 19 23 25 26] [1 2 3 4 5 6 16 25] [1 2 3 4 5 18 23 25 26] [1 2 3 4 19 23 25 52] [1 2 3 4 5 18] [1 2 4] [1 2 3 4 5 6 9 18 19 23 25] [1 2 3 4 5 6 16] [1 2 3 4 6 18] [1 2 3 4 18 19 23] [1 2 25] [2 19] [1 2 3 4 6 7 16 19] [1 2 3 4 18 25] [2 19 23] [1 2 3 4 5 6 9 18 25] [2 3 19 23] [1 2 3 4 5 6 19] [1 2 23] [1 2 3 4 5 19 23 25] [] [] [] [] [] [] [] [] [] [] [] [] [] [] [] [] [] [] [] [] [] [] [] [] [] [] [] [] [] [] [] [] [] [] [] [] [] [] [] [] [] [] [] [] [] [] [] [] [] [] [] [] [] [] [] [] [] [] [] [] [] [] [] [] [] [] [] [] [] [] [] [] [] [] [] [] [] [] [] [] [] [] [] [] [] [] [] [] [] [] [] [] [] [] [] [] [] [] [] [] [] [] [] [] [] [] [] [] [] [] [] [] [] [] [] [] [] [] [] [] [] [] [] [] [] [] [] [] [] [] [] [] [] [] [] [] [] [] [] [] [] [] [] [] [] [] [] [] [] [] [] [] [] [] [] [] [] [] []
210 [] [1 2 3 4 5 6] [1 2 3 4 6 19 23] [1 2 3 4 6 8 16 18 25 55] [1 2 3 4 5 6 9 11 18] [1 2 3 4 6] [1 2 3 4 5 6 9 19 23 25 52] [1 2 3 4 5 6 9 16 19 23 25] [1 2 3 4 5 6 9 11 19 23 25 28 30 52] [1 2 3 4 5 6 9 16 18 19 23] [1 2 3 4] [1 2 3 4 19] [1 2 3 4 5 6 19 23 25 52] [1 2 3 4 5] [1 2 3 4 5 6 19 23 52] [1 2 3 4 5 6 9 16 18 19 23 25 52] [1 2 3 4 19 23] [1 2 3 4 16 18 25] [1 2 3 4 5 6 19 23] [1 2 3 4 5 6 16 18 25] [1 2 3 4 25] [1 2 3 4 19 23 52] [1 2 3 4 6 10 19] [1 2 3 4 5 6 9 19 23 25] [1 2 3 4 19 25] [1 2 3 4 5 6 9] [1 2 3] [1 2 3 4 6 19 23 25] [1 2 3 4 6 16 19] [1 2 3 4 5 18 19] [1 2 3 4 5 6 19 23 25] [1 2 3 4 18] [1 2 3 19] [1 2 3 4 16 19 23 25] [1 2 3 4 6 19 23 52] [1 2 3 4 18 19 23 25 52] [1 2 3 4 6 10 18 19 23] [1 2 3 4 5 25] [1 2 3 4 16] [1 2 3 4 6 16 18 19 23 25 26 52 55] [1 2] [1 2 3 4 5 6 9 19] [1 2 3 4 5 6 9 11 19 23 25 28 30] [1 6 18] [1 2 6] [1 2 3 4 6 8 16 18 25] [1 59] [1] [1 2 3 4 5 6 19 23 25 52 56] [1 2 3 4 5 6 9 16 19 23] [1 2 3 4 6 16] [1 2 3 4 6 16 18 19 23 52] [1 2 53] [1 2 3 4 6 8 16 19 23 25 55] [1 10] [1 2 3 4 5 6 9 18 19 23 25 26] [1 2 3 4 5 6 16 25] [1 2 3 4 5 18 23 25 26] [1 2 3 4 19 23 25 52] [1 2 3 4 5 18] [1 2 4] [1 2 3 4 5 6 9 18 19 23 25] [1 2 3 4 5 6 16] [1 2 3 4 6 18] [1 2 3 4 18 19 23] [1 2 25] [2 19] [1 2 3 4 6 7 16 19] [1 2 3 4 18 25] [2 19 23] [1 2 3 4 5 6 9 18 25] [2 3 19 23] [1 2 3 4 5 6 19] [1 2 23] [1 2 3 4 5 19 23 25] [] [] [] [] [] [] [] [] [] [] [] [] [] [] [] [] [] [] [] [] [] [] [] [] [] [] [] [] [] [] [] [] [] [] [] [] [] [] [] [] [] [] [] [] [] [] [] [] [] [] [] [] [] [] [] [] [] [] [] [] [] [] [] [] [] [] [] [] [] [] [] [] [] [] [] [] [] [] [] [] [] [] [] [] [] [] [] [] [] [] [] [] [] [] [] [] [] [] [] [] [] [] [] [] [] [] [] [] [] [] [] [] [] [] [] [] [] [] [] [] [] [] [] [] [] [] [] [] [] [] [] [] [] [] [] [] [] [] [] [] [] [] [] [] [] [] [] [] [] [] [] [] [] [] [] [] [] [] []
211 [] [1 2 3 4 6 19 23] [1 2 3 4 6 8 16 18 25 55] [1 2 3 4 5 6 9 11 18] [1 2 3 4 6] [1 2 3 4 5 6 9 19 23 25 52] [1 2 3 4 5 6 9 16 19 23 25] [1 2 3 4 5 6 9 11 19 23 25 28 30 52] [1 2 3 4 5 6 9 16 18 19 23] [1 2 3 4] [1 2 3 4 19] [1 2 3 4 5 6] [1 2 3 4 5 6 19 23 25 52] [1 2 3 4 5] [1 2 3 4 5 6 19 23 52] [1 2 3 4 5 6 9 16 18 19 23 25 52] [1 2 3 4 19 23] [1 2 3 4 16 18 25] [1 2 3 4 5 6 19 23] [1 2 3 4 5 6 16 18 25] [1 2 3 4 25] [1 2 3 4 19 23 52] [1 2 3 4 6 10 19] [1 2 3 4 5 6 9 19 23 25] [1 2 3 4 19 25] [1 2 3 4 5 6 9] [1 2 3] [1 2 3 4 6 19 23 25] [1 2 3 4 6 16 19] [1 2 3 4 5 18 19] [1 2 3 4 5 6 19 23 25] [1 2 3 4 18] [1 2 3 19] [1 2 3 4 16 19 23 25] [1 2 3 4 6 19 23 52] [1 2 3 4 18 19 23 25 52] [1 2 3 4 6 10 18 19 23] [1 2 3 4 5 25] [1 2 3 4 16] [1 2 3 4 6 16 18 19 23 25 26 52 55] [1 2] [1 2 3 4 5 6 9 19] [1 2 3 4 5 6 9 11 19 23 25 28 30] [1 6 18] [1 2 6] [1 2 3 4 6 8 16 18 25] [1 59] [1] [1 2 3 4 5 6 19 23 25 52 56] [1 2 3 4 5 6 9 16 19 23] [1 2 3 4 6 16] [1 2 3 4 6 16 18 19 23 52] [1 2 53] [1 2 3 4 6 8 16 19 23 25 55] [1 10] [1 2 3 4 5 6 9 18 19 23 25 26] [1 2 3 4 5 6 16 25] [1 2 3 4 5 18 23 25 26] [1 2 3 4 19 23 25 52] [1 2 3 4 5 18] [1 2 4] [1 2 3 4 5 6 9 18 19 23 25] [1 2 3 4 5 6 16] [1 2 3 4 6 18] [1 2 3 4 18 19 23] [1 2 25] [2 19] [1 2 3 4 6 7 16 19] [1 2 3 4 18 25] [2 19 23] [1 2 3 4 5 6 9 18 25] [2 3 19 23] [1 2 3 4 5 6 19] [1 2 23] [1 2 3 4 5 19 23 25] [] [] [] [] [] [] [] [] [] [] [] [] [] [] [] [] [] [] [] [] [] [] [] [] [] [] [] [] [] [] [] [] [] [] [] [] [] [] [] [] [] [] [] [] [] [] [] [] [] [] [] [] [] [] [] [] [] [] [] [] [] [] [] [] [] [] [] [] [] [] [] [] [] [] [] [] [] [] [] [] [] [] [] [] [] [] [] [] [] [] [] [] [] [] [] [] [] [] [] [] [] [] [] [] [] [] [] [] [] [] [] [] [] [] [] [] [] [] [] [] [] [] [] [] [] [] [] [] [] [] [] [] [] [] [] [] [] [] [] [] [] [] [] [] [] [] [] [] [] [] [] [] [] [] [] [] [] [] []
212 [] [1 2 3 4 6 19 23] [1 2 3 16 19] [1 2 3 4 6 8 16 18 25 55] [1 2 3 4 5 6 9 11 18] [1 2 3 4 6] [1 2 3 4 5 6 9 19 23 25 52] [1 2 3 4 5 6 9 16 19 23 25] [1 2 3 4 5 6 9 11 19 23 25 28 30 52] [1 2 3 4 5 6 9 16 18 19 23] [1 2 3 4] [1 2 3 4 19] [1 2 3 4 5 6] [1 2 3 4 5 6 19 23 25 52] [1 2 3 4 5] [1 2 3 4 5 6 19 23 52] [1 2 3 4 5 6 9 16 18 19 23 25 52] [1 2 3 4 19 23] [1 2 3 4 16 18 25] [1 2 3 4 5 6 19 23] [1 2 3 4 5 6 16 18 25] [1 2 3 4 25] [1 2 3 4 19 23 52] [1 2 3 4 6 10 19] [1 2 3 4 5 6 9 19 23 25] [1 2 3 4 19 25] [1 2 3 4 5 6 9] [1 2 3] [1 2 3 4 6 19 23 25] [1 2 3 4 6 16 19] [1 2 3 4 5 18 19] [1 2 3 4 5 6 19 23 25] [1 2 3 4 18] [1 2 3 19] [1 2 3 4 16 19 23 25] [1 2 3 4 6 19 23 52] [1 2 3 4 18 19 23 25 52] [1 2 3 4 6 10 18 19 23] [1 2 3 4 5 25] [1 2 3 4 16] [1 2 3 4 6 16 18 19 23 25 26 52 55] [1 2] [1 2 3 4 5 6 9 19] [1 2 3 4 5 6 9 11 19 23 25 28 30] [1 6 18] [1 2 6] [1 2 3 4 6 8 16 18 25] [1 59] [1] [1 2 3 4 5 6 19 23 25 52 56] [1 2 3 4 5 6 9 16 19 23] [1 2 3 4 6 16] [1 2 3 4 6 16 18 19 23 52] [1 2 53] [1 2 3 4 6 8 16 19 23 25 55] [1 10] [1 2 3 4 5 6 9 18 19 23 25 26] [1 2 3 4 5 6 16 25] [1 2 3 4 5 18 23 25 26] [1 2 3 4 19 23 25 52] [1 2 3 4 5 18] [1 2 4] [1 2 3 4 5 6 9 18 19 23 25] [1 2 3 4 5 6 16] [1 2 3 4 6 18] [1 2 3 4 18 19 23] [1 2 25] [2 19] [1 2 3 4 6 7 16 19] [1 2 3 4 18 25] [2 19 23] [1 2 3 4 5 6 9 18 25] [2 3 19 23] [1 2 3 4 5 6 19] [1 2 23] [1 2 3 4 5 19 23 25] [] [] [] [] [] [] [] [] [] [] [] [] [] [] [] [] [] [] [] [] [] [] [] [] [] [] [] [] [] [] [] [] [] [] [] [] [] [] [] [] [] [] [] [] [] [] [] [] [] [] [] [] [] [] [] [] [] [] [] [] [] [] [] [] [] [] [] [] [] [] [] [] [] [] [] [] [] [] [] [] [] [] [] [] [] [] [] [] [] [] [] [] [] [] [] [] [] [] [] [] [] [] [] [] [] [] [] [] [] [] [] [] [] [] [] [] [] [] [] [] [] [] [] [] [] [] [] [] [] [] [] [] [] [] [] [] [] [] [] [] [] [] [] [] [] [] [] [] [] [] [] [] [] [] [] [] [] []
213 [] [1 2 3 16 19] [1 2 3 4 6 8 16 18 25 55] [1 2 3 4 5 6 9 11 18] [1 2 3 4 6] [1 2 3 4 5 6 9 19 23 25 52] [1 2 3 4 5 6 9 16 19 23 25] [1 2 3 4 5 6 9 11 19 23 25 28 30 52] [1 2 3 4 5 6 9 16 18 19 23] [1 2 3 4] [1 2 3 4 19] [1 2 3 4 5 6] [1 2 3 4 5 6 19 23 25 52] [1 2 3 4 5] [1 2 3 4 5 6 19 23 52] [1 2 3 4 5 6 9 16 18 19 23 25 52] [1 2 3 4 19 23] [1 2 3 4 16 18 25] [1 2 3 4 5 6 19 23] [1 2 3 4 5 6 16 18 25] [1 2 3 4 25] [1 2 3 4 19 23 52] [1 2 3 4 6 10 19] [1 2 3 4 5 6 9 19 23 25] [1 2 3 4 19 25] [1 2 3 4 6 19 23] [1 2 3 4 5 6 9] [1 2 3] [1 2 3 4 6 19 23 25] [1 2 3 4 6 16 19] [1 2 3 4 5 18 19] [1 2 3 4 5 6 19 23 25] [1 2 3 4 18] [1 2 3 19] [1 2 3 4 16 19 23 25] [1 2 3 4 6 19 23 52] [1 2 3 4 18 19 23 25 52] [1 2 3 4 6 10 18 19 23] [1 2 3 4 5 25] [1 2 3 4 16] [1 2 3 4 6 16 18 19 23 25 26 52 55] [1 2] [1 2 3 4 5 6 9 19] [1 2 3 4 5 6 9 11 19 23 25 28 30] [1 6 18] [1 2 6] [1 2 3 4 6 8 16 18 25] [1 59] [1] [1 2 3 4 5 6 19 23 25 52 56] [1 2 3 4 5 6 9 16 19 23] [1 2 3 4 6 16] [1 2 3 4 6 16 18 19 23 52] [1 2 53] [1 2 3 4 6 8 16 19 23 25 55] [1 10] [1 2 3 4 5 6 9 18 19 23 25 26] [1 2 3 4 5 6 16 25] [1 2 3 4 5 18 23 25 26] [1 2 3 4 19 23 25 52] [1 2 3 4 5 18] [1 2 4] [1 2 3 4 5 6 9 18 19 23 25] [1 2 3 4 5 6 16] [1 2 3 4 6 18] [1 2 3 4 18 19 23] [1 2 25] [2 19] [1 2 3 4 6 7 16 19] [1 2 3 4 18 25] [2 19 23] [1 2 3 4 5 6 9 18 25] [2 3 19 23] [1 2 3 4 5 6 19] [1 2 23] [1 2 3 4 5 19 23 25] [] [] [] [] [] [] [] [] [] [] [] [] [] [] [] [] [] [] [] [] [] [] [] [] [] [] [] [] [] [] [] [] [] [] [] [] [] [] [] [] [] [] [] [] [] [] [] [] [] [] [] [] [] [] [] [] [] [] [] [] [] [] [] [] [] [] [] [] [] [] [] [] [] [] [] [] [] [] [] [] [] [] [] [] [] [] [] [] [] [] [] [] [] [] [] [] [] [] [] [] [] [] [] [] [] [] [] [] [] [] [] [] [] [] [] [] [] [] [] [] [] [] [] [] [] [] [] [] [] [] [] [] [] [] [] [] [] [] [] [] [] [] [] [] [] [] [] [] [] [] [] [] [] [] [] [] [] []
214 [] [1 2 3 16 19] [1 2 3 4 6 8 16 18 25 55] [1 2 3 4 5 6 9 11 18] [1 2 3 4 6] [1 2 3 4 5 6 9 19 23 25 52] [1 2 3 4 5 6 9 16 19 23 25] [1 2 3 4 5 6 9 11 19 23 25 28 30 52] [1 2 3 4 5 6 9 16 18 19 23] [1 2 3 4] [1 2 3 4 19] [1 2 3 4 5 6] [1 2 3 4 5 6 19 23 25 52] [1 2 3 4 5] [1 2 3 4 5 6 19 23 52] [1 2 3 4 5 6 9 16 18 19 23 25 52] [1 2 3 4 19 23] [1 2 3 4 16 18 25] [1 2 3 4 5 6 19 23] [1 2 3 4 5 6 16 18 25] [1 2 3 4 25] [1 2 3 4 19 23 52] [1 2 3 4 6 10 19] [1 2 3 4 5 6 9 19 23 25] [1 2 3 4 19 25] [1 2 3 4 6 19 23] [1 2 3 4 5 6 9] [1 2 3] [1 2 3 4 6 19 23 25] [1 2 3 4 6 16 19] [1 2 3 4 5 18 19] [1 2 3 4 5 6 19 23 25] [1 2 3 4 18] [1 2 3 19] [1 2 3 4 16 19 23 25] [1 2 3 4 6 19 23 52] [1 2 3 4 18 19 23 25 52] [1 2 3 4 6 10 18 19 23] [1 2 3 4 5 25] [1 2 3 4 16] [1 2 3 4 6 16 18 19 23 25 26 52 55] [1 2] [1 2 3 4 5 6 9 19] [1 2 3 4 5 6 9 11 19 23 25 28 30] [1 6 18] [1 2 6] [1 2 3 4 6 8 16 18 25] [1 59] [1] [1 2 3 4 5 6 19 23 25 52 56] [1 2 3 4 5 6 9 16 19 23] [1 2 3 4 6 16] [1 2 3 4 6 16 18 19 23 52] [1 2 53] [1 2 3 4 6 8 16 19 23 25 55] [1 10] [1 2 3 4 5 6 9 18 19 23 25 26] [1 2 3 4 5 6 16 25] [1 2 3 4 5 18 23 25 26] [1 2 3 4 19 23 25 52] [1 2 3 4 5 18] [1 2 4] [1 2 3 4 5 6 9 18 19 23 25] [1 2 3 4 5 6 16] [1 2 3 4 6 18] [1 2 3 4 18 19 23] [1 2 25] [2 19] [1 2 3 4 6 7 16 19] [1 2 3 4 18 25] [2 19 23] [1 2 3 4 5 6 9 18 25] [2 3 19 23] [1 2 3 4 5 6 19] [1 2 23] [1 2 3 4 5 19 23 25] [] [] [] [] [] [] [] [] [] [] [] [] [] [] [] [] [] [] [] [] [] [] [] [] [] [] [] [] [] [] [] [] [] [] [] [] [] [] [] [] [] [] [] [] [] [] [] [] [] [] [] [] [] [] [] [] [] [] [] [] [] [] [] [] [] [] [] [] [] [] [] [] [] [] [] [] [] [] [] [] [] [] [] [] [] [] [] [] [] [] [] [] [] [] [] [] [] [] [] [] [] [] [] [] [] [] [] [] [] [] [] [] [] [] [] [] [] [] [] [] [] [] [] [] [] [] [] [] [] [] [] [] [] [] [] [] [] [] [] [] [] [] [] [] [] [] [] [] [] [] [] [] [] [] [] [] [] []
215 [] [1 2 3 4 6 8 16 18 25 55] [1 2 3 4 5 6 9 11 18] [1 2 3 4 6] [1 2 3 4 5 6 9 19 23 25 52] [1 2 3 4 5 6 9 16 19 23 25] [1 2 3 4 5 6 9 11 19 23 25 28 30 52] [1 2 3 4 5 6 9 16 18 19 23] [1 2 3 4] [1 2 3 4 19] [1 2 3 4 5 6] [1 2 3 4 5 6 19 23 25 52] [1 2 3 4 5] [1 2 3 4 5 6 19 23 52] [1 2 3 4 5 6 9 16 18 19 23 25 52] [1 2 3 4 19 23] [1 2 3 4 16 18 25] [1 2 3 4 5 6 19 23] [1 2 3 4 5 6 16 18 25] [1 2 3 4 25] [1 2 3 4 19 23 52] [1 2 3 4 6 10 19] [1 2 3 4 5 6 9 19 23 25] [1 2 3 4 19 25] [1 2 3 4 6 19 23] [1 2 3 4 5 6 9] [1 2 3] [1 2 3 4 6 19 23 25] [1 2 3 4 6 16 19] [1 2 3 4 5 18 19] [1 2 3 4 5 6 19 23 25] [1 2 3 4 18] [1 2 3 19] [1 2 3 4 16 19 23 25] [1 2 3 4 6 19 23 52] [1 2 3 4 18 19 23 25 52] [1 2 3 4 6 10 18 19 23] [1 2 3 4 5 25] [1 2 3 4 16] [1 2 3 4 6 16 18 19 23 25 26 52 55] [1 2] [1 2 3 4 5 6 9 19] [1 2 3 4 5 6 9 11 19 23 25 28 30] [1 6 18] [1 2 6] [1 2 3 4 6 8 16 18 25] [1 59] [1] [1 2 3 4 5 6 19 23 25 52 56] [1 2 3 4 5 6 9 16 19 23] [1 2 3 4 6 16] [1 2 3 4 6 16 18 19 23 52] [1 2 53] [1 2 3 4 6 8 16 19 23 25 55] [1 10] [1 2 3 4 5 6 9 18 19 23 25 26] [1 2 3 4 5 6 16 25] [1 2 3 4 5 18 23 25 26] [1 2 3 4 19 23 25 52] [1 2 3 4 5 18] [1 2 4] [1 2 3 4 5 6 9 18 19 23 25] [1 2 3 4 5 6 16] [1 2 3 4 6 18] [1 2 3 4 18 19 23] [1 2 25] [2 19] [1 2 3 4 6 7 16 19] [1 2 3 4 18 25] [2 19 23] [1 2 3 4 5 6 9 18 25] [2 3 19 23] [1 2 3 4 5 6 19] [1 2 23] [1 2 3 4 5 19 23 25] [] [] [] [] [] [] [] [] [] [] [] [] [] [] [] [] [] [] [] [] [] [] [] [] [] [] [] [] [] [] [] [] [] [] [] [] [] [] [] [] [] [] [] [] [] [] [] [] [] [] [] [] [] [] [] [] [] [] [] [] [] [] [] [] [] [] [] [] [] [] [] [] [] [] [] [] [] [] [] [] [] [] [] [] [] [] [] [] [] [] [] [] [] [] [] [] [] [] [] [] [] [] [] [] [] [] [] [] [] [] [] [] [] [] [] [] [] [] [] [] [] [] [] [] [] [] [] [] [] [] [] [] [] [] [] [] [] [] [] [] [] [] [] [] [] [] [] [] [] [] [] [] [] [] [] [] [] [] []
216 [] [1 2 3 4 5 6 9 11 18] [1 2 3 4 6] [1 2 3 4 5 6 9 19 23 25 52] [1 2 3 4 5 6 9 16 19 23 25] [1 2 3 4 5 6 9 11 19 23 25 28 30 52] [1 2 3 4 5 6 9 16 18 19 23] [1 2 3 4] [1 2 3 4 19] [1 2 3 4 5 6] [1 2 3 4 5 6 19 23 25 52] [1 2 3 4 5] [1 2 3 4 5 6 19 23 52] [1 2 3 4 5 6 9 16 18 19 23 25 52] [1 2 3 4 19 23] [1 2 3 4 16 18 25] [1 2 3 4 5 6 19 23] [1 2 3 4 5 6 16 18 25] [1 2 3 4 25] [1 2 3 4 19 23 52] [1 2 3 4 6 10 19] [1 2 3 4 5 6 9 19 23 25] [1 2 3 4 19 25] [1 2 3 4 6 19 23] [1 2 3 4 5 6 9] [1 2 3] [1 2 3 4 6 19 23 25] [1 2 3 4 6 16 19] [1 2 3 4 5 18 19] [1 2 3 4 5 6 19 23 25] [1 2 3 4 18] [1 2 3 19] [1 2 3 4 16 19 23 25] [1 2 3 4 6 19 23 52] [1 2 3 4 18 19 23 25 52] [1 2 3 4 6 10 18 19 23] [1 2 3 4 5 25] [1 2 3 4 16] [1 2 3 4 6 16 18 19 23 25 26 52 55] [1 2] [1 2 3 4 5 6 9 19] [1 2 3 4 5 6 9 11 19 23 25 28 30] [1 6 18] [1 2 6] [1 2 3 4 6 8 16 18 25] [1 59] [1] [1 2 3 4 5 6 19 23 25 52 56] [1 2 3 4 5 6 9 16 19 23] [1 2 3 4 6 16] [1 2 3 4 6 16 18 19 23 52] [1 2 53] [1 2 3 4 6 8 16 19 23 25 55] [1 10] [1 2 3 4 5 6 9 18 19 23 25 26] [1 2 3 4 5 6 16 25] [1 2 3 4 5 18 23 25 26] [1 2 3 4 19 23 25 52] [1 2 3 4 5 18] [1 2 4] [1 2 3 4 5 6 9 18 19 23 25] [1 2 3 4 5 6 16] [1 2 3 4 6 18] [1 2 3 4 18 19 23] [1 2 25] [2 19] [1 2 3 4 6 7 16 19] [1 2 3 4 18 25] [2 19 23] [1 2 3 4 5 6 9 18 25] [2 3 19 23] [1 2 3 4 5 6 19] [1 2 23] [1 2 3 4 5 19 23 25] [] [] [] [] [] [] [] [] [] [] [] [] [] [] [] [] [] [] [] [] [] [] [] [] [] [] [] [] [] [] [] [] [] [] [] [] [] [] [] [] [] [] [] [] [] [] [] [] [] [] [] [] [] [] [] [] [] [] [] [] [] [] [] [] [] [] [] [] [] [] [] [] [] [] [] [] [] [] [] [] [] [] [] [] [] [] [] [] [] [] [] [] [] [] [] [] [] [] [] [] [] [] [] [] [] [] [] [] [] [] [] [] [] [] [] [] [] [] [] [] [] [] [] [] [] [] [] [] [] [] [] [] [] [] [] [] [] [] [] [] [] [] [] [] [] [] [] [] [] [] [] [] [] [] [] [] [] [] [] []
217 [] [1 2 3 4 6] [1 2 3 4 5 6 25] [1 2 3 4 5 6 9 19 23 25 52] [1 2 3 4 5 6 9 16 19 23 25] [1 2 3 4 5 6 9 11 19 23 25 28 30 52] [1 2 3 4 5 6 9 16 18 19 23] [1 2 3 4] [1 2 3 4 19] [1 2 3 4 5 6] [1 2 3 4 5 6 19 23 25 52] [1 2 3 4 5] [1 2 3 4 5 6 19 23 52] [1 2 3 4 5 6 9 16 18 19 23 25 52] [1 2 3 4 19 23] [1 2 3 4 16 18 25] [1 2 3 4 5 6 19 23] [1 2 3 4 5 6 16 18 25] [1 2 3 4 25] [1 2 3 4 19 23 52] [1 2 3 4 6 10 19] [1 2 3 4 5 6 9 19 23 25] [1 2 3 4 19 25] [1 2 3 4 6 19 23] [1 2 3 4 5 6 9] [1 2 3] [1 2 3 4 6 19 23 25] [1 2 3 4 6 16 19] [1 2 3 4 5 18 19] [1 2 3 4 5 6 19 23 25] [1 2 3 4 18] [1 2 3 19] [1 2 3 4 16 19 23 25] [1 2 3 4 6 19 23 52] [1 2 3 4 18 19 23 25 52] [1 2 3 4 6 10 18 19 23] [1 2 3 4 5 25] [1 2 3 4 16] [1 2 3 4 6 16 18 19 23 25 26 52 55] [1 2] [1 2 3 4 5 6 9 19] [1 2 3 4 5 6 9 11 19 23 25 28 30] [1 6 18] [1 2 6] [1 2 3 4 6 8 16 18 25] [1 59] [1] [1 2 3 4 5 6 19 23 25 52 56] [1 2 3 4 5 6 9 16 19 23] [1 2 3 4 6 16] [1 2 3 4 6 16 18 19 23 52] [1 2 53] [1 2 3 4 6 8 16 19 23 25 55] [1 10] [1 2 3 4 5 6 9 18 19 23 25 26] [1 2 3 4 5 6 16 25] [1 2 3 4 5 18 23 25 26] [1 2 3 4 19 23 25 52] [1 2 3 4 5 18] [1 2 4] [1 2 3 4 5 6 9 18 19 23 25] [1 2 3 4 5 6 16] [1 2 3 4 6 18] [1 2 3 4 18 19 23] [1 2 25] [2 19] [1 2 3 4 6 7 16 19] [1 2 3 4 18 25] [2 19 23] [1 2 3 4 5 6 9 18 25] [2 3 19 23] [1 2 3 4 5 6 19] [1 2 23] [1 2 3 4 5 19 23 25] [] [] [] [] [] [] [] [] [] [] [] [] [] [] [] [] [] [] [] [] [] [] [] [] [] [] [] [] [] [] [] [] [] [] [] [] [] [] [] [] [] [] [] [] [] [] [] [] [] [] [] [] [] [] [] [] [] [] [] [] [] [] [] [] [] [] [] [] [] [] [] [] [] [] [] [] [] [] [] [] [] [] [] [] [] [] [] [] [] [] [] [] [] [] [] [] [] [] [] [] [] [] [] [] [] [] [] [] [] [] [] [] [] [] [] [] [] [] [] [] [] [] [] [] [] [] [] [] [] [] [] [] [] [] [] [] [] [] [] [] [] [] [] [] [] [] [] [] [] [] [] [] [] [] [] [] [] [] [] []
218 [] [1 2 3 4 5 6 25] [1 2 3 4 5 6 9 19 23 25 52] [1 2 3 4 5 6 9 16 19 23 25] [1 2 3 4 5 6 9 11 19 23 25 28 30 52] [1 2 3 4 5 6 9 16 18 19 23] [1 2 3 4] [1 2 3 4 19] [1 2 3 4 5 6] [1 2 3 4 5 6 19 23 25 52] [1 2 3 4 5] [1 2 3 4 5 6 19 23 52] [1 2 3 4 6] [1 2 3 4 5 6 9 16 18 19 23 25 52] [1 2 3 4 19 23] [1 2 3 4 16 18 25] [1 2 3 4 5 6 19 23] [1 2 3 4 5 6 16 18 25] [1 2 3 4 25] [1 2 3 4 19 23 52] [1 2 3 4 6 10 19] [1 2 3 4 5 6 9 19 23 25] [1 2 3 4 19 25] [1 2 3 4 6 19 23] [1 2 3 4 5 6 9] [1 2 3] [1 2 3 4 6 19 23 25] [1 2 3 4 6 16 19] [1 2 3 4 5 18 19] [1 2 3 4 5 6 19 23 25] [1 2 3 4 18] [1 2 3 19] [1 2 3 4 16 19 23 25] [1 2 3 4 6 19 23 52] [1 2 3 4 18 19 23 25 52] [1 2 3 4 6 10 18 19 23] [1 2 3 4 5 25] [1 2 3 4 16] [1 2 3 4 6 16 18 19 23 25 26 52 55] [1 2] [1 2 3 4 5 6 9 19] [1 2 3 4 5 6 9 11 19 23 25 28 30] [1 6 18] [1 2 6] [1 2 3 4 6 8 16 18 25] [1 59] [1] [1 2 3 4 5 6 19 23 25 52 56] [1 2 3 4 5 6 9 16 19 23] [1 2 3 4 6 16] [1 2 3 4 6 16 18 19 23 52] [1 2 53] [1 2 3 4 6 8 16 19 23 25 55] [1 10] [1 2 3 4 5 6 9 18 19 23 25 26] [1 2 3 4 5 6 16 25] [1 2 3 4 5 18 23 25 26] [1 2 3 4 19 23 25 52] [1 2 3 4 5 18] [1 2 4] [1 2 3 4 5 6 9 18 19 23 25] [1 2 3 4 5 6 16] [1 2 3 4 6 18] [1 2 3 4 18 19 23] [1 2 25] [2 19] [1 2 3 4 6 7 16 19] [1 2 3 4 18 25] [2 19 23] [1 2 3 4 5 6 9 18 25] [2 3 19 23] [1 2 3 4 5 6 19] [1 2 23] [1 2 3 4 5 19 23 25] [] [] [] [] [] [] [] [] [] [] [] [] [] [] [] [] [] [] [] [] [] [] [] [] [] [] [] [] [] [] [] [] [] [] [] [] [] [] [] [] [] [] [] [] [] [] [] [] [] [] [] [] [] [] [] [] [] [] [] [] [] [] [] [] [] [] [] [] [] [] [] [] [] [] [] [] [] [] [] [] [] [] [] [] [] [] [] [] [] [] [] [] [] [] [] [] [] [] [] [] [] [] [] [] [] [] [] [] [] [] [] [] [] [] [] [] [] [] [] [] [] [] [] [] [] [] [] [] [] [] [] [] [] [] [] [] [] [] [] [] [] [] [] [] [] [] [] [] [] [] [] [] [] [] [] [] [] [] [] []
219 [] [1 2 3 4 5 6 9 19 23 25 52] [1 2 3 4 5 6 9 16 19 23 25] [1 2 3 4 5 6 9 11 19 23 25 28 30 52] [1 2 3 4 5 6 9 16 18 19 23] [1 2 3 4] [1 2 3 4 19] [1 2 3 4 5 6] [1 2 3 4 5 6 19 23 25 52] [1 2 3 4 5] [1 2 3 4 5 6 19 23 52] [1 2 3 4 6] [1 2 3 4 5 6 9 16 18 19 23 25 52] [1 2 3 4 19 23] [1 2 3 4 16 18 25] [1 2 3 4 5 6 19 23] [1 2 3 4 5 6 16 18 25] [1 2 3 4 25] [1 2 3 4 19 23 52] [1 2 3 4 6 10 19] [1 2 3 4 5 6 9 19 23 25] [1 2 3 4 19 25] [1 2 3 4 6 19 23] [1 2 3 4 5 6 9] [1 2 3] [1 2 3 4 6 19 23 25] [1 2 3 4 6 16 19] [1 2 3 4 5 18 19] [1 2 3 4 5 6 19 23 25] [1 2 3 4 18] [1 2 3 19] [1 2 3 4 16 19 23 25] [1 2 3 4 6 19 23 52] [1 2 3 4 18 19 23 25 52] [1 2 3 4 6 10 18 19 23] [1 2 3 4 5 25] [1 2 3 4 16] [1 2 3 4 6 16 18 19 23 25 26 52 55] [1 2] [1 2 3 4 5 6 9 19] [1 2 3 4 5 6 9 11 19 23 25 28 30] [1 6 18] [1 2 6] [1 2 3 4 6 8 16 18 25] [1 59] [1] [1 2 3 4 5 6 19 23 25 52 56] [1 2 3 4 5 6 9 16 19 23] [1 2 3 4 6 16] [1 2 3 4 6 16 18 19 23 52] [1 2 53] [1 2 3 4 6 8 16 19 23 25 55] [1 10] [1 2 3 4 5 6 9 18 19 23 25 26] [1 2 3 4 5 6 16 25] [1 2 3 4 5 18 23 25 26] [1 2 3 4 19 23 25 52] [1 2 3 4 5 18] [1 2 4] [1 2 3 4 5 6 9 18 19 23 25] [1 2 3 4 5 6 16] [1 2 3 4 6 18] [1 2 3 4 18 19 23] [1 2 25] [2 19] [1 2 3 4 6 7 16 19] [1 2 3 4 18 25] [2 19 23] [1 2 3 4 5 6 9 18 25] [2 3 19 23] [1 2 3 4 5 6 19] [1 2 23] [1 2 3 4 5 19 23 25] [] [] [] [] [] [] [] [] [] [] [] [] [] [] [] [] [] [] [] [] [] [] [] [] [] [] [] [] [] [] [] [] [] [] [] [] [] [] [] [] [] [] [] [] [] [] [] [] [] [] [] [] [] [] [] [] [] [] [] [] [] [] [] [] [] [] [] [] [] [] [] [] [] [] [] [] [] [] [] [] [] [] [] [] [] [] [] [] [] [] [] [] [] [] [] [] [] [] [] [] [] [] [] [] [] [] [] [] [] [] [] [] [] [] [] [] [] [] [] [] [] [] [] [] [] [] [] [] [] [] [] [] [] [] [] [] [] [] [] [] [] [] [] [] [] [] [] [] [] [] [] [] [] [] [] [] [] [] [] [] []
220 [] [1 2 3 4 5 6 9 16 19 23 25] [1 2 3 4 5 6 9 11 19 23 25 28 30 52] [1 2 3 4 5 6 9 16 18 19 23] [1 2 3 4] [1 2 3 4 19] [1 2 3 4 5 6] [1 2 3 4 5 6 19 23 25 52] [1 2 3 4 5] [1 2 3 4 5 6 19 23 52] [1 2 3 4 6] [1 2 3 4 5 6 9 16 18 19 23 25 52] [1 2 3 4 19 23] [1 2 3 4 16 18 25] [1 2 3 4 5 6 19 23] [1 2 3 4 5 6 16 18 25] [1 2 3 4 25] [1 2 3 4 19 23 52] [1 2 3 4 6 10 19] [1 2 3 4 5 6 9 19 23 25] [1 2 3 4 19 25] [1 2 3 4 6 19 23] [1 2 3 4 5 6 9] [1 2 3] [1 2 3 4 6 19 23 25] [1 2 3 4 5 6 9 19 23 25 52] [1 2 3 4 6 16 19] [1 2 3 4 5 18 19] [1 2 3 4 5 6 19 23 25] [1 2 3 4 18] [1 2 3 19] [1 2 3 4 16 19 23 25] [1 2 3 4 6 19 23 52] [1 2 3 4 18 19 23 25 52] [1 2 3 4 6 10 18 19 23] [1 2 3 4 5 25] [1 2 3 4 16] [1 2 3 4 6 16 18 19 23 25 26 52 55] [1 2] [1 2 3 4 5 6 9 19] [1 2 3 4 5 6 9 11 19 23 25 28 30] [1 6 18] [1 2 6] [1 2 3 4 6 8 16 18 25] [1 59] [1] [1 2 3 4 5 6 19 23 25 52 56] [1 2 3 4 5 6 9 16 19 23] [1 2 3 4 6 16] [1 2 3 4 6 16 18 19 23 52] [1 2 53] [1 2 3 4 6 8 16 19 23 25 55] [1 10] [1 2 3 4 5 6 9 18 19 23 25 26] [1 2 3 4 5 6 16 25] [1 2 3 4 5 18 23 25 26] [1 2 3 4 19 23 25 52] [1 2 3 4 5 18] [1 2 4] [1 2 3 4 5 6 9 18 19 23 25] [1 2 3 4 5 6 16] [1 2 3 4 6 18] [1 2 3 4 18 19 23] [1 2 25] [2 19] [1 2 3 4 6 7 16 19] [1 2 3 4 18 25] [2 19 23] [1 2 3 4 5 6 9 18 25] [2 3 19 23] [1 2 3 4 5 6 19] [1 2 23] [1 2 3 4 5 19 23 25] [] [] [] [] [] [] [] [] [] [] [] [] [] [] [] [] [] [] [] [] [] [] [] [] [] [] [] [] [] [] [] [] [] [] [] [] [] [] [] [] [] [] [] [] [] [] [] [] [] [] [] [] [] [] [] [] [] [] [] [] [] [] [] [] [] [] [] [] [] [] [] [] [] [] [] [] [] [] [] [] [] [] [] [] [] [] [] [] [] [] [] [] [] [] [] [] [] [] [] [] [] [] [] [] [] [] [] [] [] [] [] [] [] [] [] [] [] [] [] [] [] [] [] [] [] [] [] [] [] [] [] [] [] [] [] [] [] [] [] [] [] [] [] [] [] [] [] [] [] [] [] [] [] [] [] [] [] [] [] [] []
221 [] [1 2 3 4 5 6 9 11 19 23 25 28 30 52] [1 2 3 4 5 6 9 16 18 19 23] [1 2 3 4] [1 2 3 4 19] [1 2 3 4 5 6] [1 2 3 4 5 6 19 23 25 52] [1 2 3 4 5] [1 2 3 4 5 6 19 23 52] [1 2 3 4 6] [1 2 3 4 5 6 9 16 18 19 23 25 52] [1 2 3 4 19 23] [1 2 3 4 16 18 25] [1 2 3 4 5 6 19 23] [1 2 3 4 5 6 16 18 25] [1 2 3 4 25] [1 2 3 4 19 23 52] [1 2 3 4 6 10 19] [1 2 3 4 5 6 9 19 23 25] [1 2 3 4 19 25] [1 2 3 4 6 19 23] [1 2 3 4 5 6 9] [1 2 3] [1 2 3 4 6 19 23 25] [1 2 3 4 5 6 9 19 23 25 52] [1 2 3 4 6 16 19] [1 2 3 4 5 18 19] [1 2 3 4 5 6 19 23 25] [1 2 3 4 18] [1 2 3 19] [1 2 3 4 16 19 23 25] [1 2 3 4 6 19 23 52] [1 2 3 4 18 19 23 25 52] [1 2 3 4 6 10 18 19 23] [1 2 3 4 5 25] [1 2 3 4 16] [1 2 3 4 6 16 18 19 23 25 26 52 55] [1 2] [1 2 3 4 5 6 9 19] [1 2 3 4 5 6 9 11 19 23 25 28 30] [1 6 18] [1 2 6] [1 2 3 4 6 8 16 18 25] [1 59] [1] [1 2 3 4 5 6 19 23 25 52 56] [1 2 3 4 5 6 9 16 19 23] [1 2 3 4 6 16] [1 2 3 4 6 16 18 19 23 52] [1 2 53] [1 2 3 4 6 8 16 19 23 25 55] [1 10] [1 2 3 4 5 6 9 18 19 23 25 26] [1 2 3 4 5 6 16 25] [1 2 3 4 5 18 23 25 26] [1 2 3 4 19 23 25 52] [1 2 3 4 5 18] [1 2 4] [1 2 3 4 5 6 9 18 19 23 25] [1 2 3 4 5 6 16] [1 2 3 4 6 18] [1 2 3 4 18 19 23] [1 2 25] [2 19] [1 2 3 4 6 7 16 19] [1 2 3 4 18 25] [2 19 23] [1 2 3 4 5 6 9 18 25] [2 3 19 23] [1 2 3 4 5 6 19] [1 2 23] [1 2 3 4 5 19 23 25] [] [] [] [] [] [] [] [] [] [] [] [] [] [] [] [] [] [] [] [] [] [] [] [] [] [] [] [] [] [] [] [] [] [] [] [] [] [] [] [] [] [] [] [] [] [] [] [] [] [] [] [] [] [] [] [] [] [] [] [] [] [] [] [] [] [] [] [] [] [] [] [] [] [] [] [] [] [] [] [] [] [] [] [] [] [] [] [] [] [] [] [] [] [] [] [] [] [] [] [] [] [] [] [] [] [] [] [] [] [] [] [] [] [] [] [] [] [] [] [] [] [] [] [] [] [] [] [] [] [] [] [] [] [] [] [] [] [] [] [] [] [] [] [] [] [] [] [] [] [] [] [] [] [] [] [] [] [] [] [] [] []
222 [] [1 2 3 4 5 6 9 11 19 23 25 28 30 52] [1 2 3 4 5 6 9 19 23 25 28 52] [1 2 3 4 5 6 9 16 18 19 23] [1 2 3 4] [1 2 3 4 19] [1 2 3 4 5 6] [1 2 3 4 5 6 19 23 25 52] [1 2 3 4 5] [1 2 3 4 5 6 19 23 52] [1 2 3 4 6] [1 2 3 4 5 6 9 16 18 19 23 25 52] [1 2 3 4 19 23] [1 2 3 4 16 18 25] [1 2 3 4 5 6 19 23] [1 2 3 4 5 6 16 18 25] [1 2 3 4 25] [1 2 3 4 19 23 52] [1 2 3 4 6 10 19] [1 2 3 4 5 6 9 19 23 25] [1 2 3 4 19 25] [1 2 3 4 6 19 23] [1 2 3 4 5 6 9] [1 2 3] [1 2 3 4 6 19 23 25] [1 2 3 4 5 6 9 19 23 25 52] [1 2 3 4 6 16 19] [1 2 3 4 5 18 19] [1 2 3 4 5 6 19 23 25] [1 2 3 4 18] [1 2 3 19] [1 2 3 4 16 19 23 25] [1 2 3 4 6 19 23 52] [1 2 3 4 18 19 23 25 52] [1 2 3 4 6 10 18 19 23] [1 2 3 4 5 25] [1 2 3 4 16] [1 2 3 4 6 16 18 19 23 25 26 52 55] [1 2] [1 2 3 4 5 6 9 19] [1 2 3 4 5 6 9 11 19 23 25 28 30] [1 6 18] [1 2 6] [1 2 3 4 6 8 16 18 25] [1 59] [1] [1 2 3 4 5 6 19 23 25 52 56] [1 2 3 4 5 6 9 16 19 23] [1 2 3 4 6 16] [1 2 3 4 6 16 18 19 23 52] [1 2 53] [1 2 3 4 6 8 16 19 23 25 55] [1 10] [1 2 3 4 5 6 9 18 19 23 25 26] [1 2 3 4 5 6 16 25] [1 2 3 4 5 18 23 25 26] [1 2 3 4 19 23 25 52] [1 2 3 4 5 18] [1 2 4] [1 2 3 4 5 6 9 18 19 23 25] [1 2 3 4 5 6 16] [1 2 3 4 6 18] [1 2 3 4 18 19 23] [1 2 25] [2 19] [1 2 3 4 6 7 16 19] [1 2 3 4 18 25] [2 19 23] [1 2 3 4 5 6 9 18 25] [2 3 19 23] [1 2 3 4 5 6 19] [1 2 23] [1 2 3 4 5 19 23 25] [] [] [] [] [] [] [] [] [] [] [] [] [] [] [] [] [] [] [] [] [] [] [] [] [] [] [] [] [] [] [] [] [] [] [] [] [] [] [] [] [] [] [] [] [] [] [] [] [] [] [] [] [] [] [] [] [] [] [] [] [] [] [] [] [] [] [] [] [] [] [] [] [] [] [] [] [] [] [] [] [] [] [] [] [] [] [] [] [] [] [] [] [] [] [] [] [] [] [] [] [] [] [] [] [] [] [] [] [] [] [] [] [] [] [] [] [] [] [] [] [] [] [] [] [] [] [] [] [] [] [] [] [] [] [] [] [] [] [] [] [] [] [] [] [] [] [] [] [] [] [] [] [] [] [] [] [] [] [] [] []
223 [] [1 2 3 4 5 6 9 19 23 25 28 52] [1 2 3 4 5 6 9 16 18 19 23] [1 2 3 4] [1 2 3 4 19] [1 2 3 4 5 6] [1 2 3 4 5 6 19 23 25 52] [1 2 3 4 5] [1 2 3 4 5 6 19 23 52] [1 2 3 4 6] [1 2 3 4 5 6 9 16 18 19 23 25 52] [1 2 3 4 19 23] [1 2 3 4 16 18 25] [1 2 3 4 5 6 19 23] [1 2 3 4 5 6 16 18 25] [1 2 3 4 25] [1 2 3 4 19 23 52] [1 2 3 4 6 10 19] [1 2 3 4 5 6 9 19 23 25] [1 2 3 4 19 25] [1 2 3 4 6 19 23] [1 2 3 4 5 6 9] [1 2 3] [1 2 3 4 6 19 23 25] [1 2 3 4 5 6 9 19 23 25 52] [1 2 3 4 6 16 19] [1 2 3 4 5 18 19] [1 2 3 4 5 6 19 23 25] [1 2 3 4 18] [1 2 3 19] [1 2 3 4 16 19 23 25] [1 2 3 4 6 19 23 52] [1 2 3 4 18 19 23 25 52] [1 2 3 4 6 10 18 19 23] [1 2 3 4 5 25] [1 2 3 4 16] [1 2 3 4 6 16 18 19 23 25 26 52 55] [1 2] [1 2 3 4 5 6 9 19] [1 2 3 4 5 6 9 11 19 23 25 28 30] [1 6 18] [1 2 6] [1 2 3 4 6 8 16 18 25] [1 59] [1] [1 2 3 4 5 6 19 23 25 52 56] [1 2 3 4 5 6 9 16 19 23] [1 2 3 4 6 16] [1 2 3 4 6 16 18 19 23 52] [1 2 53] [1 2 3 4 6 8 16 19 23 25 55] [1 10] [1 2 3 4 5 6 9 18 19 23 25 26] [1 2 3 4 5 6 16 25] [1 2 3 4 5 18 23 25 26] [1 2 3 4 19 23 25 52] [1 2 3 4 5 18] [1 2 4] [1 2 3 4 5 6 9 18 19 23 25] [1 2 3 4 5 6 16] [1 2 3 4 6 18] [1 2 3 4 18 19 23] [1 2 25] [2 19] [1 2 3 4 6 7 16 19] [1 2 3 4 18 25] [2 19 23] [1 2 3 4 5 6 9 18 25] [2 3 19 23] [1 2 3 4 5 6 19] [1 2 23] [1 2 3 4 5 19 23 25] [] [] [] [] [] [] [] [] [] [] [] [] [] [] [] [] [] [] [] [] [] [] [] [] [] [] [] [] [] [] [] [] [] [] [] [] [] [] [] [] [] [] [] [] [] [] [] [] [] [] [] [] [] [] [] [] [] [] [] [] [] [] [] [] [] [] [] [] [] [] [] [] [] [] [] [] [] [] [] [] [] [] [] [] [] [] [] [] [] [] [] [] [] [] [] [] [] [] [] [] [] [] [] [] [] [] [] [] [] [] [] [] [] [] [] [] [] [] [] [] [] [] [] [] [] [] [] [] [] [] [] [] [] [] [] [] [] [] [] [] [] [] [] [] [] [] [] [] [] [] [] [] [] [] [] [] [] [] [] [] [] []
224 [] [1 2 3 4 5 6 9 19 23 25 28 52] [1 2 3 4 5 6 9 16 18 19 23] [1 2 3 4] [1 2 3 4 19] [1 2 3 4 5 6] [1 2 3 4 5 6 19 23 25 52] [1 2 3 4 5] [1 2 3 4 5 6 19 23 52] [1 2 3 4 6] [1 2 3 4 5 6 9 16 18 19 23 25 52] [1 2 3 4 19 23] [1 2 3 4 16 18 25] [1 2 3 4 5 6 19 23] [1 2 3 4 5 6 16 18 25] [1 2 3 4 25] [1 2 3 4 19 23 52] [1 2 3 4 6 10 19] [1 2 3 4 5 6 9 19 23 25] [1 2 3 4 19 25] [1 2 3 4 6 19 23] [1 2 3 4 5 6 9] [1 2 3] [1 2 3 4 6 19 23 25] [1 2 3 4 5 6 9 19 23 25 52] [1 2 3 4 6 16 19] [1 2 3 4 5 18 19] [1 2 3 4 5 6 19 23 25] [1 2 3 4 18] [1 2 3 19] [1 2 3 4 16 19 23 25] [1 2 3 4 6 19 23 52] [1 2 3 4 18 19 23 25 52] [1 2 3 4 6 10 18 19 23] [1 2 3 4 5 25] [1 2 3 4 16] [1 2 3 4 6 16 18 19 23 25 26 52 55] [1 2] [1 2 3 4 5 6 9 19] [1 2 3 4 5 6 9 11 19 23 25 28 30] [1 6 18] [1 2 6] [1 2 3 4 6 8 16 18 25] [1 59] [1] [1 2 3 4 5 6 19 23 25 52 56] [1 2 3 4 5 6 9 16 19 23] [1 2 3 4 6 16] [1 2 3 4 6 16 18 19 23 52] [1 2 53] [1 2 3 4 6 8 16 19 23 25 55] [1 10] [1 2 3 4 5 6 9 18 19 23 25 26] [1 2 3 4 5 6 16 25] [1 2 3 4 5 18 23 25 26] [1 2 3 4 19 23 25 52] [1 2 3 4 5 18] [1 2 4] [1 2 3 4 5 6 9 18 19 23 25] [1 2 3 4 5 6 16] [1 2 3 4 6 18] [1 2 3 4 18 19 23] [1 2 25] [2 19] [1 2 3 4 6 7 16 19] [1 2 3 4 18 25] [2 19 23] [1 2 3 4 5 6 9 18 25] [2 3 19 23] [1 2 3 4 5 6 19] [1 2 23] [1 2 3 4 5 19 23 25] [] [] [] [] [] [] [] [] [] [] [] [] [] [] [] [] [] [] [] [] [] [] [] [] [] [] [] [] [] [] [] [] [] [] [] [] [] [] [] [] [] [] [] [] [] [] [] [] [] [] [] [] [] [] [] [] [] [] [] [] [] [] [] [] [] [] [] [] [] [] [] [] [] [] [] [] [] [] [] [] [] [] [] [] [] [] [] [] [] [] [] [] [] [] [] [] [] [] [] [] [] [] [] [] [] [] [] [] [] [] [] [] [] [] [] [] [] [] [] [] [] [] [] [] [] [] [] [] [] [] [] [] [] [] [] [] [] [] [] [] [] [] [] [] [] [] [] [] [] [] [] [] [] [] [] [] [] [] [] [] [] []
225 [] [1 2 3 4 5 6 9 16 18 19 23] [1 2 3 4] [1 2 3 4 19] [1 2 3 4 5 6] [1 2 3 4 5 6 19 23 25 52] [1 2 3 4 5] [1 2 3 4 5 6 19 23 52] [1 2 3 4 6] [1 2 3 4 5 6 9 16 18 19 23 25 52] [1 2 3 4 19 23] [1 2 3 4 16 18 25] [1 2 3 4 5 6 19 23] [1 2 3 4 5 6 16 18 25] [1 2 3 4 25] [1 2 3 4 19 23 52] [1 2 3 4 6 10 19] [1 2 3 4 5 6 9 19 23 25] [1 2 3 4 19 25] [1 2 3 4 6 19 23] [1 2 3 4 5 6 9] [1 2 3] [1 2 3 4 6 19 23 25] [1 2 3 4 5 6 9 19 23 25 52] [1 2 3 4 6 16 19] [1 2 3 4 5 18 19] [1 2 3 4 5 6 19 23 25] [1 2 3 4 18] [1 2 3 19] [1 2 3 4 16 19 23 25] [1 2 3 4 6 19 23 52] [1 2 3 4 18 19 23 25 52] [1 2 3 4 6 10 18 19 23] [1 2 3 4 5 25] [1 2 3 4 16] [1 2 3 4 6 16 18 19 23 25 26 52 55] [1 2] [1 2 3 4 5 6 9 19] [1 2 3 4 5 6 9 11 19 23 25 28 30] [1 6 18] [1 2 6] [1 2 3 4 6 8 16 18 25] [1 59] [1] [1 2 3 4 5 6 19 23 25 52 56] [1 2 3 4 5 6 9 16 19 23] [1 2 3 4 6 16] [1 2 3 4 6 16 18 19 23 52] [1 2 53] [1 2 3 4 6 8 16 19 23 25 55] [1 10] [1 2 3 4 5 6 9 18 19 23 25 26] [1 2 3 4 5 6 16 25] [1 2 3 4 5 18 23 25 26] [1 2 3 4 19 23 25 52] [1 2 3 4 5 18] [1 2 4] [1 2 3 4 5 6 9 18 19 23 25] [1 2 3 4 5 6 16] [1 2 3 4 6 18] [1 2 3 4 18 19 23] [1 2 25] [2 19] [1 2 3 4 6 7 16 19] [1 2 3 4 18 25] [2 19 23] [1 2 3 4 5 6 9 18 25] [2 3 19 23] [1 2 3 4 5 6 19] [1 2 23] [1 2 3 4 5 19 23 25] [] [] [] [] [] [] [] [] [] [] [] [] [] [] [] [] [] [] [] [] [] [] [] [] [] [] [] [] [] [] [] [] [] [] [] [] [] [] [] [] [] [] [] [] [] [] [] [] [] [] [] [] [] [] [] [] [] [] [] [] [] [] [] [] [] [] [] [] [] [] [] [] [] [] [] [] [] [] [] [] [] [] [] [] [] [] [] [] [] [] [] [] [] [] [] [] [] [] [] [] [] [] [] [] [] [] [] [] [] [] [] [] [] [] [] [] [] [] [] [] [] [] [] [] [] [] [] [] [] [] [] [] [] [] [] [] [] [] [] [] [] [] [] [] [] [] [] [] [] [] [] [] [] [] [] [] [] [] [] [] [] [] []
226 [] [1 2 3 4 5 6 9 16 18 19 23] [1 2 3 4 19 23] [1 2 3 4] [1 2 3 4 19] [1 2 3 4 5 6] [1 2 3 4 5 6 19 23 25 52] [1 2 3 4 5] [1 2 3 4 5 6 19 23 52] [1 2 3 4 6] [1 2 3 4 5 6 9 16 18 19 23 25 52] [1 2 3 4 16 18 25] [1 2 3 4 5 6 19 23] [1 2 3 4 5 6 16 18 25] [1 2 3 4 25] [1 2 3 4 19 23 52] [1 2 3 4 6 10 19] [1 2 3 4 5 6 9 19 23 25] [1 2 3 4 19 25] [1 2 3 4 6 19 23] [1 2 3 4 5 6 9] [1 2 3] [1 2 3 4 6 19 23 25] [1 2 3 4 5 6 9 19 23 25 52] [1 2 3 4 6 16 19] [1 2 3 4 5 18 19] [1 2 3 4 5 6 19 23 25] [1 2 3 4 18] [1 2 3 19] [1 2 3 4 16 19 23 25] [1 2 3 4 6 19 23 52] [1 2 3 4 18 19 23 25 52] [1 2 3 4 6 10 18 19 23] [1 2 3 4 5 25] [1 2 3 4 16] [1 2 3 4 6 16 18 19 23 25 26 52 55] [1 2] [1 2 3 4 5 6 9 19] [1 2 3 4 5 6 9 11 19 23 25 28 30] [1 6 18] [1 2 6] [1 2 3 4 6 8 16 18 25] [1 59] [1] [1 2 3 4 5 6 19 23 25 52 56] [1 2 3 4 5 6 9 16 19 23] [1 2 3 4 6 16] [1 2 3 4 6 16 18 19 23 52] [1 2 53] [1 2 3 4 6 8 16 19 23 25 55] [1 10] [1 2 3 4 5 6 9 18 19 23 25 26] [1 2 3 4 5 6 16 25] [1 2 3 4 5 18 23 25 26] [1 2 3 4 19 23 25 52] [1 2 3 4 5 18] [1 2 4] [1 2 3 4 5 6 9 18 19 23 25] [1 2 3 4 5 6 16] [1 2 3 4 6 18] [1 2 3 4 18 19 23] [1 2 25] [2 19] [1 2 3 4 6 7 16 19] [1 2 3 4 18 25] [2 19 23] [1 2 3 4 5 6 9 18 25] [2 3 19 23] [1 2 3 4 5 6 19] [1 2 23] [1 2 3 4 5 19 23 25] [] [] [] [] [] [] [] [] [] [] [] [] [] [] [] [] [] [] [] [] [] [] [] [] [] [] [] [] [] [] [] [] [] [] [] [] [] [] [] [] [] [] [] [] [] [] [] [] [] [] [] [] [] [] [] [] [] [] [] [] [] [] [] [] [] [] [] [] [] [] [] [] [] [] [] [] [] [] [] [] [] [] [] [] [] [] [] [] [] [] [] [] [] [] [] [] [] [] [] [] [] [] [] [] [] [] [] [] [] [] [] [] [] [] [] [] [] [] [] [] [] [] [] [] [] [] [] [] [] [] [] [] [] [] [] [] [] [] [] [] [] [] [] [] [] [] [] [] [] [] [] [] [] [] [] [] [] [] [] [] [] [] []
227 [] [1 2 3 4 19 23] [1 2 3 4] [1 2 3 4 19] [1 2 3 4 5 6] [1 2 3 4 5 6 19 23 25 52] [1 2 3 4 5] [1 2 3 4 5 6 19 23 52] [1 2 3 4 6] [1 2 3 4 5 6 9 16 18 19 23 25 52] [1 2 3 4 16 18 25] [1 2 3 4 5 6 19 23] [1 2 3 4 5 6 16 18 25] [1 2 3 4 25] [1 2 3 4 19 23 52] [1 2 3 4 6 10 19] [1 2 3 4 5 6 9 19 23 25] [1 2 3 4 19 25] [1 2 3 4 6 19 23] [1 2 3 4 5 6 9] [1 2 3] [1 2 3 4 6 19 23 25] [1 2 3 4 5 6 9 19 23 25 52] [1 2 3 4 6 16 19] [1 2 3 4 5 18 19] [1 2 3 4 5 6 19 23 25] [1 2 3 4 18] [1 2 3 19] [1 2 3 4 16 19 23 25] [1 2 3 4 6 19 23 52] [1 2 3 4 18 19 23 25 52] [1 2 3 4 6 10 18 19 23] [1 2 3 4 5 25] [1 2 3 4 16] [1 2 3 4 6 16 18 19 23 25 26 52 55] [1 2] [1 2 3 4 5 6 9 19] [1 2 3 4 5 6 9 11 19 23 25 28 30] [1 6 18] [1 2 6] [1 2 3 4 6 8 16 18 25] [1 59] [1] [1 2 3 4 5 6 19 23 25 52 56] [1 2 3 4 5 6 9 16 19 23] [1 2 3 4 6 16] [1 2 3 4 6 16 18 19 23 52] [1 2 53] [1 2 3 4 6 8 16 19 23 25 55] [1 10] [1 2 3 4 5 6 9 18 19 23 25 26] [1 2 3 4 5 6 16 25] [1 2 3 4 5 18 23 25 26] [1 2 3 4 19 23 25 52] [1 2 3 4 5 18] [1 2 4] [1 2 3 4 5 6 9 18 19 23 25] [1 2 3 4 5 6 16] [1 2 3 4 6 18] [1 2 3 4 18 19 23] [1 2 25] [2 19] [1 2 3 4 6 7 16 19] [1 2 3 4 18 25] [2 19 23] [1 2 3 4 5 6 9 18 25] [2 3 19 23] [1 2 3 4 5 6 19] [1 2 23] [1 2 3 4 5 19 23 25] [] [] [] [] [] [] [] [] [] [] [] [] [] [] [] [] [] [] [] [] [] [] [] [] [] [] [] [] [] [] [] [] [] [] [] [] [] [] [] [] [] [] [] [] [] [] [] [] [] [] [] [] [] [] [] [] [] [] [] [] [] [] [] [] [] [] [] [] [] [] [] [] [] [] [] [] [] [] [] [] [] [] [] [] [] [] [] [] [] [] [] [] [] [] [] [] [] [] [] [] [] [] [] [] [] [] [] [] [] [] [] [] [] [] [] [] [] [] [] [] [] [] [] [] [] [] [] [] [] [] [] [] [] [] [] [] [] [] [] [] [] [] [] [] [] [] [] [] [] [] [] [] [] [] [] [] [] [] [] [] [] [] [] []
228 [] [1 2 3 4] [1 2 3 4 19] [1 2 3 4 5 6] [1 2 3 4 5 6 19 23 25 52] [1 2 3 4 5] [1 2 3 4 5 6 19 23 52] [1 2 3 4 6] [1 2 3 4 5 6 9 16 18 19 23 25 52] [1 2 3 4 19 23] [1 2 3 4 16 18 25] [1 2 3 4 5 6 19 23] [1 2 3 4 5 6 16 18 25] [1 2 3 4 25] [1 2 3 4 19 23 52] [1 2 3 4 6 10 19] [1 2 3 4 5 6 9 19 23 25] [1 2 3 4 19 25] [1 2 3 4 6 19 23] [1 2 3 4 5 6 9] [1 2 3] [1 2 3 4 6 19 23 25] [1 2 3 4 5 6 9 19 23 25 52] [1 2 3 4 6 16 19] [1 2 3 4 5 18 19] [1 2 3 4 5 6 19 23 25] [1 2 3 4 18] [1 2 3 19] [1 2 3 4 16 19 23 25] [1 2 3 4 6 19 23 52] [1 2 3 4 18 19 23 25 52] [1 2 3 4 6 10 18 19 23] [1 2 3 4 5 25] [1 2 3 4 16] [1 2 3 4 6 16 18 19 23 25 26 52 55] [1 2] [1 2 3 4 5 6 9 19] [1 2 3 4 5 6 9 11 19 23 25 28 30] [1 6 18] [1 2 6] [1 2 3 4 6 8 16 18 25] [1 59] [1] [1 2 3 4 5 6 19 23 25 52 56] [1 2 3 4 5 6 9 16 19 23] [1 2 3 4 6 16] [1 2 3 4 6 16 18 19 23 52] [1 2 53] [1 2 3 4 6 8 16 19 23 25 55] [1 10] [1 2 3 4 5 6 9 18 19 23 25 26] [1 2 3 4 5 6 16 25] [1 2 3 4 5 18 23 25 26] [1 2 3 4 19 23 25 52] [1 2 3 4 5 18] [1 2 4] [1 2 3 4 5 6 9 18 19 23 25] [1 2 3 4 5 6 16] [1 2 3 4 6 18] [1 2 3 4 18 19 23] [1 2 25] [2 19] [1 2 3 4 6 7 16 19] [1 2 3 4 18 25] [2 19 23] [1 2 3 4 5 6 9 18 25] [2 3 19 23] [1 2 3 4 5 6 19] [1 2 23] [1 2 3 4 5 19 23 25] [] [] [] [] [] [] [] [] [] [] [] [] [] [] [] [] [] [] [] [] [] [] [] [] [] [] [] [] [] [] [] [] [] [] [] [] [] [] [] [] [] [] [] [] [] [] [] [] [] [] [] [] [] [] [] [] [] [] [] [] [] [] [] [] [] [] [] [] [] [] [] [] [] [] [] [] [] [] [] [] [] [] [] [] [] [] [] [] [] [] [] [] [] [] [] [] [] [] [] [] [] [] [] [] [] [] [] [] [] [] [] [] [] [] [] [] [] [] [] [] [] [] [] [] [] [] [] [] [] [] [] [] [] [] [] [] [] [] [] [] [] [] [] [] [] [] [] [] [] [] [] [] [] [] [] [] [] [] [] [] [] [] [] []
229 [] [1 2 3 4 19] [1 2 3 4 5 6] [1 2 3 4 5 6 19 23 25 52] [1 2 3 4 5] [1 2 3 4 5 6 19 23 52] [1 2 3 4 6] [1 2 3 4] [1 2 3 4 5 6 9 16 18 19 23 25 52] [1 2 3 4 19 23] [1 2 3 4 16 18 25] [1 2 3 4 5 6 19 23] [1 2 3 4 5 6 16 18 25] [1 2 3 4 25] [1 2 3 4 19 23 52] [1 2 3 4 6 10 19] [1 2 3 4 5 6 9 19 23 25] [1 2 3 4 19 25] [1 2 3 4 6 19 23] [1 2 3 4 5 6 9] [1 2 3] [1 2 3 4 6 19 23 25] [1 2 3 4 5 6 9 19 23 25 52] [1 2 3 4 6 16 19] [1 2 3 4 5 18 19] [1 2 3 4 5 6 19 23 25] [1 2 3 4 18] [1 2 3 19] [1 2 3 4 16 19 23 25] [1 2 3 4 6 19 23 52] [1 2 3 4 18 19 23 25 52] [1 2 3 4 6 10 18 19 23] [1 2 3 4 5 25] [1 2 3 4 16] [1 2 3 4 6 16 18 19 23 25 26 52 55] [1 2] [1 2 3 4 5 6 9 19] [1 2 3 4 5 6 9 11 19 23 25 28 30] [1 6 18] [1 2 6] [1 2 3 4 6 8 16 18 25] [1 59] [1] [1 2 3 4 5 6 19 23 25 52 56] [1 2 3 4 5 6 9 16 19 23] [1 2 3 4 6 16] [1 2 3 4 6 16 18 19 23 52] [1 2 53] [1 2 3 4 6 8 16 19 23 25 55] [1 10] [1 2 3 4 5 6 9 18 19 23 25 26] [1 2 3 4 5 6 16 25] [1 2 3 4 5 18 23 25 26] [1 2 3 4 19 23 25 52] [1 2 3 4 5 18] [1 2 4] [1 2 3 4 5 6 9 18 19 23 25] [1 2 3 4 5 6 16] [1 2 3 4 6 18] [1 2 3 4 18 19 23] [1 2 25] [2 19] [1 2 3 4 6 7 16 19] [1 2 3 4 18 25] [2 19 23] [1 2 3 4 5 6 9 18 25] [2 3 19 23] [1 2 3 4 5 6 19] [1 2 23] [1 2 3 4 5 19 23 25] [] [] [] [] [] [] [] [] [] [] [] [] [] [] [] [] [] [] [] [] [] [] [] [] [] [] [] [] [] [] [] [] [] [] [] [] [] [] [] [] [] [] [] [] [] [] [] [] [] [] [] [] [] [] [] [] [] [] [] [] [] [] [] [] [] [] [] [] [] [] [] [] [] [] [] [] [] [] [] [] [] [] [] [] [] [] [] [] [] [] [] [] [] [] [] [] [] [] [] [] [] [] [] [] [] [] [] [] [] [] [] [] [] [] [] [] [] [] [] [] [] [] [] [] [] [] [] [] [] [] [] [] [] [] [] [] [] [] [] [] [] [] [] [] [] [] [] [] [] [] [] [] [] [] [] [] [] [] [] [] [] [] [] []
230 [] [1 2 3 4 5 6] [1 2 3 4 5 6 19 23 25 52] [1 2 3 4 5] [1 2 3 4 5 6 19 23 52] [1 2 3 4 6] [1 2 3 4] [1 2 3 4 5 6 9 16 18 19 23 25 52] [1 2 3 4 19 23] [1 2 3 4 16 18 25] [1 2 3 4 19] [1 2 3 4 5 6 19 23] [1 2 3 4 5 6 16 18 25] [1 2 3 4 25] [1 2 3 4 19 23 52] [1 2 3 4 6 10 19] [1 2 3 4 5 6 9 19 23 25] [1 2 3 4 19 25] [1 2 3 4 6 19 23] [1 2 3 4 5 6 9] [1 2 3] [1 2 3 4 6 19 23 25] [1 2 3 4 5 6 9 19 23 25 52] [1 2 3 4 6 16 19] [1 2 3 4 5 18 19] [1 2 3 4 5 6 19 23 25] [1 2 3 4 18] [1 2 3 19] [1 2 3 4 16 19 23 25] [1 2 3 4 6 19 23 52] [1 2 3 4 18 19 23 25 52] [1 2 3 4 6 10 18 19 23] [1 2 3 4 5 25] [1 2 3 4 16] [1 2 3 4 6 16 18 19 23 25 26 52 55] [1 2] [1 2 3 4 5 6 9 19] [1 2 3 4 5 6 9 11 19 23 25 28 30] [1 6 18] [1 2 6] [1 2 3 4 6 8 16 18 25] [1 59] [1] [1 2 3 4 5 6 19 23 25 52 56] [1 2 3 4 5 6 9 16 19 23] [1 2 3 4 6 16] [1 2 3 4 6 16 18 19 23 52] [1 2 53] [1 2 3 4 6 8 16 19 23 25 55] [1 10] [1 2 3 4 5 6 9 18 19 23 25 26] [1 2 3 4 5 6 16 25] [1 2 3 4 5 18 23 25 26] [1 2 3 4 19 23 25 52] [1 2 3 4 5 18] [1 2 4] [1 2 3 4 5 6 9 18 19 23 25] [1 2 3 4 5 6 16] [1 2 3 4 6 18] [1 2 3 4 18 19 23] [1 2 25] [2 19] [1 2 3 4 6 7 16 19] [1 2 3 4 18 25] [2 19 23] [1 2 3 4 5 6 9 18 25] [2 3 19 23] [1 2 3 4 5 6 19] [1 2 23] [1 2 3 4 5 19 23 25] [] [] [] [] [] [] [] [] [] [] [] [] [] [] [] [] [] [] [] [] [] [] [] [] [] [] [] [] [] [] [] [] [] [] [] [] [] [] [] [] [] [] [] [] [] [] [] [] [] [] [] [] [] [] [] [] [] [] [] [] [] [] [] [] [] [] [] [] [] [] [] [] [] [] [] [] [] [] [] [] [] [] [] [] [] [] [] [] [] [] [] [] [] [] [] [] [] [] [] [] [] [] [] [] [] [] [] [] [] [] [] [] [] [] [] [] [] [] [] [] [] [] [] [] [] [] [] [] [] [] [] [] [] [] [] [] [] [] [] [] [] [] [] [] [] [] [] [] [] [] [] [] [] [] [] [] [] [] [] [] [] [] [] []
231 [] [1 2 3 4 5 6 19 23 25 52] [1 2 3 4 5] [1 2 3 4 5 6 19 23 52] [1 2 3 4 6] [1 2 3 4] [1 2 3 4 5 6 9 16 18 19 23 25 52] [1 2 3 4 19 23] [1 2 3 4 16 18 25] [1 2 3 4 19] [1 2 3 4 5 6 19 23] [1 2 3 4 5 6 16 18 25] [1 2 3 4 25] [1 2 3 4 19 23 52] [1 2 3 4 6 10 19] [1 2 3 4 5 6 9 19 23 25] [1 2 3 4 19 25] [1 2 3 4 6 19 23] [1 2 3 4 5 6 9] [1 2 3] [1 2 3 4 5 6] [1 2 3 4 6 19 23 25] [1 2 3 4 5 6 9 19 23 25 52] [1 2 3 4 6 16 19] [1 2 3 4 5 18 19] [1 2 3 4 5 6 19 23 25] [1 2 3 4 18] [1 2 3 19] [1 2 3 4 16 19 23 25] [1 2 3 4 6 19 23 52] [1 2 3 4 18 19 23 25 52] [1 2 3 4 6 10 18 19 23] [1 2 3 4 5 25] [1 2 3 4 16] [1 2 3 4 6 16 18 19 23 25 26 52 55] [1 2] [1 2 3 4 5 6 9 19] [1 2 3 4 5 6 9 11 19 23 25 28 30] [1 6 18] [1 2 6] [1 2 3 4 6 8 16 18 25] [1 59] [1] [1 2 3 4 5 6 19 23 25 52 56] [1 2 3 4 5 6 9 16 19 23] [1 2 3 4 6 16] [1 2 3 4 6 16 18 19 23 52] [1 2 53] [1 2 3 4 6 8 16 19 23 25 55] [1 10] [1 2 3 4 5 6 9 18 19 23 25 26] [1 2 3 4 5 6 16 25] [1 2 3 4 5 18 23 25 26] [1 2 3 4 19 23 25 52] [1 2 3 4 5 18] [1 2 4] [1 2 3 4 5 6 9 18 19 23 25] [1 2 3 4 5 6 16] [1 2 3 4 6 18] [1 2 3 4 18 19 23] [1 2 25] [2 19] [1 2 3 4 6 7 16 19] [1 2 3 4 18 25] [2 19 23] [1 2 3 4 5 6 9 18 25] [2 3 19 23] [1 2 3 4 5 6 19] [1 2 23] [1 2 3 4 5 19 23 25] [] [] [] [] [] [] [] [] [] [] [] [] [] [] [] [] [] [] [] [] [] [] [] [] [] [] [] [] [] [] [] [] [] [] [] [] [] [] [] [] [] [] [] [] [] [] [] [] [] [] [] [] [] [] [] [] [] [] [] [] [] [] [] [] [] [] [] [] [] [] [] [] [] [] [] [] [] [] [] [] [] [] [] [] [] [] [] [] [] [] [] [] [] [] [] [] [] [] [] [] [] [] [] [] [] [] [] [] [] [] [] [] [] [] [] [] [] [] [] [] [] [] [] [] [] [] [] [] [] [] [] [] [] [] [] [] [] [] [] [] [] [] [] [] [] [] [] [] [] [] [] [] [] [] [] [] [] [] [] [] [] [] [] []
232 [] [1 2 3 4 5] [1 2 3 4 5 6 19 23 52] [1 2 3 4 6] [1 2 3 4] [1 2 3 4 5 6 9 16 18 19 23 25 52] [1 2 3 4 19 23] [1 2 3 4 16 18 25] [1 2 3 4 19] [1 2 3 4 5 6 19 23] [1 2 3 4 5 6 16 18 25] [1 2 3 4 25] [1 2 3 4 19 23 52] [1 2 3 4 6 10 19] [1 2 3 4 5 6 9 19 23 25] [1 2 3 4 19 25] [1 2 3 4 6 19 23] [1 2 3 4 5 6 9] [1 2 3] [1 2 3 4 5 6] [1 2 3 4 6 19 23 25] [1 2 3 4 5 6 9 19 23 25 52] [1 2 3 4 6 16 19] [1 2 3 4 5 18 19] [1 2 3 4 5 6 19 23 25] [1 2 3 4 18] [1 2 3 19] [1 2 3 4 16 19 23 25] [1 2 3 4 5 6 19 23 25 52] [1 2 3 4 6 19 23 52] [1 2 3 4 18 19 23 25 52] [1 2 3 4 6 10 18 19 23] [1 2 3 4 5 25] [1 2 3 4 16] [1 2 3 4 6 16 18 19 23 25 26 52 55] [1 2] [1 2 3 4 5 6 9 19] [1 2 3 4 5 6 9 11 19 23 25 28 30] [1 6 18] [1 2 6] [1 2 3 4 6 8 16 18 25] [1 59] [1] [1 2 3 4 5 6 19 23 25 52 56] [1 2 3 4 5 6 9 16 19 23] [1 2 3 4 6 16] [1 2 3 4 6 16 18 19 23 52] [1 2 53] [1 2 3 4 6 8 16 19 23 25 55] [1 10] [1 2 3 4 5 6 9 18 19 23 25 26] [1 2 3 4 5 6 16 25] [1 2 3 4 5 18 23 25 26] [1 2 3 4 19 23 25 52] [1 2 3 4 5 18] [1 2 4] [1 2 3 4 5 6 9 18 19 23 25] [1 2 3 4 5 6 16] [1 2 3 4 6 18] [1 2 3 4 18 19 23] [1 2 25] [2 19] [1 2 3 4 6 7 16 19] [1 2 3 4 18 25] [2 19 23] [1 2 3 4 5 6 9 18 25] [2 3 19 23] [1 2 3 4 5 6 19] [1 2 23] [1 2 3 4 5 19 23 25] [] [] [] [] [] [] [] [] [] [] [] [] [] [] [] [] [] [] [] [] [] [] [] [] [] [] [] [] [] [] [] [] [] [] [] [] [] [] [] [] [] [] [] [] [] [] [] [] [] [] [] [] [] [] [] [] [] [] [] [] [] [] [] [] [] [] [] [] [] [] [] [] [] [] [] [] [] [] [] [] [] [] [] [] [] [] [] [] [] [] [] [] [] [] [] [] [] [] [] [] [] [] [] [] [] [] [] [] [] [] [] [] [] [] [] [] [] [] [] [] [] [] [] [] [] [] [] [] [] [] [] [] [] [] [] [] [] [] [] [] [] [] [] [] [] [] [] [] [] [] [] [] [] [] [] [] [] [] [] [] [] [] [] []
233 [] [1 2 3 4 5 6 19 23 52] [1 2 3 4 6] [1 2 3 4] [1 2 3 4 5 6 9 16 18 19 23 25 52] [1 2 3 4 19 23] [1 2 3 4 16 18 25] [1 2 3 4 19] [1 2 3 4 5] [1 2 3 4 5 6 19 23] [1 2 3 4 5 6 16 18 25] [1 2 3 4 25] [1 2 3 4 19 23 52] [1 2 3 4 6 10 19] [1 2 3 4 5 6 9 19 23 25] [1 2 3 4 19 25] [1 2 3 4 6 19 23] [1 2 3 4 5 6 9] [1 2 3] [1 2 3 4 5 6] [1 2 3 4 6 19 23 25] [1 2 3 4 5 6 9 19 23 25 52] [1 2 3 4 6 16 19] [1 2 3 4 5 18 19] [1 2 3 4 5 6 19 23 25] [1 2 3 4 18] [1 2 3 19] [1 2 3 4 16 19 23 25] [1 2 3 4 5 6 19 23 25 52] [1 2 3 4 6 19 23 52] [1 2 3 4 18 19 23 25 52] [1 2 3 4 6 10 18 19 23] [1 2 3 4 5 25] [1 2 3 4 16] [1 2 3 4 6 16 18 19 23 25 26 52 55] [1 2] [1 2 3 4 5 6 9 19] [1 2 3 4 5 6 9 11 19 23 25 28 30] [1 6 18] [1 2 6] [1 2 3 4 6 8 16 18 25] [1 59] [1] [1 2 3 4 5 6 19 23 25 52 56] [1 2 3 4 5 6 9 16 19 23] [1 2 3 4 6 16] [1 2 3 4 6 16 18 19 23 52] [1 2 53] [1 2 3 4 6 8 16 19 23 25 55] [1 10] [1 2 3 4 5 6 9 18 19 23 25 26] [1 2 3 4 5 6 16 25] [1 2 3 4 5 18 23 25 26] [1 2 3 4 19 23 25 52] [1 2 3 4 5 18] [1 2 4] [1 2 3 4 5 6 9 18 19 23 25] [1 2 3 4 5 6 16] [1 2 3 4 6 18] [1 2 3 4 18 19 23] [1 2 25] [2 19] [1 2 3 4 6 7 16 19] [1 2 3 4 18 25] [2 19 23] [1 2 3 4 5 6 9 18 25] [2 3 19 23] [1 2 3 4 5 6 19] [1 2 23] [1 2 3 4 5 19 23 25] [] [] [] [] [] [] [] [] [] [] [] [] [] [] [] [] [] [] [] [] [] [] [] [] [] [] [] [] [] [] [] [] [] [] [] [] [] [] [] [] [] [] [] [] [] [] [] [] [] [] [] [] [] [] [] [] [] [] [] [] [] [] [] [] [] [] [] [] [] [] [] [] [] [] [] [] [] [] [] [] [] [] [] [] [] [] [] [] [] [] [] [] [] [] [] [] [] [] [] [] [] [] [] [] [] [] [] [] [] [] [] [] [] [] [] [] [] [] [] [] [] [] [] [] [] [] [] [] [] [] [] [] [] [] [] [] [] [] [] [] [] [] [] [] [] [] [] [] [] [] [] [] [] [] [] [] [] [] [] [] [] [] [] []
234 [] [1 2 3 4 6] [1 2 3 4 5 6 9 19 23] [1 2 3 4] [1 2 3 4 5 6 9 16 18 19 23 25 52] [1 2 3 4 19 23] [1 2 3 4 16 18 25] [1 2 3 4 19] [1 2 3 4 5] [1 2 3 4 5 6 19 23] [1 2 3 4 5 6 16 18 25] [1 2 3 4 25] [1 2 3 4 19 23 52] [1 2 3 4 6 10 19] [1 2 3 4 5 6 9 19 23 25] [1 2 3 4 19 25] [1 2 3 4 6 19 23] [1 2 3 4 5 6 9] [1 2 3] [1 2 3 4 5 6] [1 2 3 4 6 19 23 25] [1 2 3 4 5 6 9 19 23 25 52] [1 2 3 4 6 16 19] [1 2 3 4 5 18 19] [1 2 3 4 5 6 19 23 25] [1 2 3 4 18] [1 2 3 19] [1 2 3 4 16 19 23 25] [1 2 3 4 5 6 19 23 25 52] [1 2 3 4 6 19 23 52] [1 2 3 4 18 19 23 25 52] [1 2 3 4 6 10 18 19 23] [1 2 3 4 5 25] [1 2 3 4 16] [1 2 3 4 6 16 18 19 23 25 26 52 55] [1 2] [1 2 3 4 5 6 9 19] [1 2 3 4 5 6 9 11 19 23 25 28 30] [1 6 18] [1 2 6] [1 2 3 4 6 8 16 18 25] [1 59] [1] [1 2 3 4 5 6 19 23 25 52 56] [1 2 3 4 5 6 9 16 19 23] [1 2 3 4 6 16] [1 2 3 4 6 16 18 19 23 52] [1 2 53] [1 2 3 4 6 8 16 19 23 25 55] [1 10] [1 2 3 4 5 6 9 18 19 23 25 26] [1 2 3 4 5 6 16 25] [1 2 3 4 5 18 23 25 26] [1 2 3 4 19 23 25 52] [1 2 3 4 5 18] [1 2 4] [1 2 3 4 5 6 9 18 19 23 25] [1 2 3 4 5 6 16] [1 2 3 4 6 18] [1 2 3 4 18 19 23] [1 2 25] [2 19] [1 2 3 4 6 7 16 19] [1 2 3 4 18 25] [2 19 23] [1 2 3 4 5 6 9 18 25] [2 3 19 23] [1 2 3 4 5 6 19] [1 2 23] [1 2 3 4 5 19 23 25] [] [] [] [] [] [] [] [] [] [] [] [] [] [] [] [] [] [] [] [] [] [] [] [] [] [] [] [] [] [] [] [] [] [] [] [] [] [] [] [] [] [] [] [] [] [] [] [] [] [] [] [] [] [] [] [] [] [] [] [] [] [] [] [] [] [] [] [] [] [] [] [] [] [] [] [] [] [] [] [] [] [] [] [] [] [] [] [] [] [] [] [] [] [] [] [] [] [] [] [] [] [] [] [] [] [] [] [] [] [] [] [] [] [] [] [] [] [] [] [] [] [] [] [] [] [] [] [] [] [] [] [] [] [] [] [] [] [] [] [] [] [] [] [] [] [] [] [] [] [] [] [] [] [] [] [] [] [] [] [] [] [] [] []
235 [] [1 2 3 4 5 6 9 19 23] [1 2 3 4 5] [1 2 3 4] [1 2 3 4 6] [1 2 3 4 5 6 9 16 18 19 23 25 52] [1 2 3 4 19 23] [1 2 3 4 16 18 25] [1 2 3 4 19] [1 2 3 4 5 6 19 23] [1 2 3 4 5 6 16 18 25] [1 2 3 4 25] [1 2 3 4 19 23 52] [1 2 3 4 6 10 19] [1 2 3 4 5 6 9 19 23 25] [1 2 3 4 19 25] [1 2 3 4 6 19 23] [1 2 3 4 5 6 9] [1 2 3] [1 2 3 4 5 6] [1 2 3 4 6 19 23 25] [1 2 3 4 5 6 9 19 23 25 52] [1 2 3 4 6 16 19] [1 2 3 4 5 18 19] [1 2 3 4 5 6 19 23 25] [1 2 3 4 18] [1 2 3 19] [1 2 3 4 16 19 23 25] [1 2 3 4 5 6 19 23 25 52] [1 2 3 4 6 19 23 52] [1 2 3 4 18 19 23 25 52] [1 2 3 4 6 10 18 19 23] [1 2 3 4 5 25] [1 2 3 4 16] [1 2 3 4 6 16 18 19 23 25 26 52 55] [1 2] [1 2 3 4 5 6 9 19] [1 2 3 4 5 6 9 11 19 23 25 28 30] [1 6 18] [1 2 6] [1 2 3 4 6 8 16 18 25] [1 59] [1] [1 2 3 4 5 6 19 23 25 52 56] [1 2 3 4 5 6 9 16 19 23] [1 2 3 4 6 16] [1 2 3 4 6 16 18 19 23 52] [1 2 53] [1 2 3 4 6 8 16 19 23 25 55] [1 10] [1 2 3 4 5 6 9 18 19 23 25 26] [1 2 3 4 5 6 16 25] [1 2 3 4 5 18 23 25 26] [1 2 3 4 19 23 25 52] [1 2 3 4 5 18] [1 2 4] [1 2 3 4 5 6 9 18 19 23 25] [1 2 3 4 5 6 16] [1 2 3 4 6 18] [1 2 3 4 18 19 23] [1 2 25] [2 19] [1 2 3 4 6 7 16 19] [1 2 3 4 18 25] [2 19 23] [1 2 3 4 5 6 9 18 25] [2 3 19 23] [1 2 3 4 5 6 19] [1 2 23] [1 2 3 4 5 19 23 25] [] [] [] [] [] [] [] [] [] [] [] [] [] [] [] [] [] [] [] [] [] [] [] [] [] [] [] [] [] [] [] [] [] [] [] [] [] [] [] [] [] [] [] [] [] [] [] [] [] [] [] [] [] [] [] [] [] [] [] [] [] [] [] [] [] [] [] [] [] [] [] [] [] [] [] [] [] [] [] [] [] [] [] [] [] [] [] [] [] [] [] [] [] [] [] [] [] [] [] [] [] [] [] [] [] [] [] [] [] [] [] [] [] [] [] [] [] [] [] [] [] [] [] [] [] [] [] [] [] [] [] [] [] [] [] [] [] [] [] [] [] [] [] [] [] [] [] [] [] [] [] [] [] [] [] [] [] [] [] [] [] [] [] []
236 [] [1 2 3 4 5] [1 2 3 4] [1 2 3 4 6] [1 2 3 4 5 6 9 16 18 19 23 25 52] [1 2 3 4 19 23] [1 2 3 4 16 18 25] [1 2 3 4 19] [1 2 3 4 5 6 19 23] [1 2 3 4 5 6 16 18 25] [1 2 3 4 25] [1 2 3 4 19 23 52] [1 2 3 4 6 10 19] [1 2 3 4 5 6 9 19 23 25] [1 2 3 4 19 25] [1 2 3 4 6 19 23] [1 2 3 4 5 6 9] [1 2 3] [1 2 3 4 5 6] [1 2 3 4 6 19 23 25] [1 2 3 4 5 6 9 19 23 25 52] [1 2 3 4 6 16 19] [1 2 3 4 5 18 19] [1 2 3 4 5 6 19 23 25] [1 2 3 4 18] [1 2 3 19] [1 2 3 4 16 19 23 25] [1 2 3 4 5 6 19 23 25 52] [1 2 3 4 6 19 23 52] [1 2 3 4 18 19 23 25 52] [1 2 3 4 6 10 18 19 23] [1 2 3 4 5 25] [1 2 3 4 16] [1 2 3 4 6 16 18 19 23 25 26 52 55] [1 2] [1 2 3 4 5 6 9 19] [1 2 3 4 5 6 9 11 19 23 25 28 30] [1 6 18] [1 2 6] [1 2 3 4 6 8 16 18 25] [1 59] [1] [1 2 3 4 5 6 19 23 25 52 56] [1 2 3 4 5 6 9 16 19 23] [1 2 3 4 6 16] [1 2 3 4 6 16 18 19 23 52] [1 2 53] [1 2 3 4 6 8 16 19 23 25 55] [1 10] [1 2 3 4 5 6 9 18 19 23 25 26] [1 2 3 4 5 6 16 25] [1 2 3 4 5 18 23 25 26] [1 2 3 4 19 23 25 52] [1 2 3 4 5 18] [1 2 4] [1 2 3 4 5 6 9 18 19 23 25] [1 2 3 4 5 6 16] [1 2 3 4 6 18] [1 2 3 4 18 19 23] [1 2 25] [2 19] [1 2 3 4 6 7 16 19] [1 2 3 4 18 25] [2 19 23] [1 2 3 4 5 6 9 18 25] [2 3 19 23] [1 2 3 4 5 6 19] [1 2 23] [1 2 3 4 5 19 23 25] [] [] [] [] [] [] [] [] [] [] [] [] [] [] [] [] [] [] [] [] [] [] [] [] [] [] [] [] [] [] [] [] [] [] [] [] [] [] [] [] [] [] [] [] [] [] [] [] [] [] [] [] [] [] [] [] [] [] [] [] [] [] [] [] [] [] [] [] [] [] [] [] [] [] [] [] [] [] [] [] [] [] [] [] [] [] [] [] [] [] [] [] [] [] [] [] [] [] [] [] [] [] [] [] [] [] [] [] [] [] [] [] [] [] [] [] [] [] [] [] [] [] [] [] [] [] [] [] [] [] [] [] [] [] [] [] [] [] [] [] [] [] [] [] [] [] [] [] [] [] [] [] [] [] [] [] [] [] [] [] [] [] [] [] []
237 [] [1 2 3 4] [1 2 3 4 6] [1 2 3 4 5 6 9 16 18 19 23 25 52] [1 2 3 4 19 23] [1 2 3 4 16 18 25] [1 2 3 4 19] [1 2 3 4 5] [1 2 3 4 5 6 19 23] [1 2 3 4 5 6 16 18 25] [1 2 3 4 25] [1 2 3 4 19 23 52] [1 2 3 4 6 10 19] [1 2 3 4 5 6 9 19 23 25] [1 2 3 4 19 25] [1 2 3 4 6 19 23] [1 2 3 4 5 6 9] [1 2 3] [1 2 3 4 5 6] [1 2 3 4 6 19 23 25] [1 2 3 4 5 6 9 19 23 25 52] [1 2 3 4 6 16 19] [1 2 3 4 5 18 19] [1 2 3 4 5 6 19 23 25] [1 2 3 4 18] [1 2 3 19] [1 2 3 4 16 19 23 25] [1 2 3 4 5 6 19 23 25 52] [1 2 3 4 6 19 23 52] [1 2 3 4 18 19 23 25 52] [1 2 3 4 6 10 18 19 23] [1 2 3 4 5 25] [1 2 3 4 16] [1 2 3 4 6 16 18 19 23 25 26 52 55] [1 2] [1 2 3 4 5 6 9 19] [1 2 3 4 5 6 9 11 19 23 25 28 30] [1 6 18] [1 2 6] [1 2 3 4 6 8 16 18 25] [1 59] [1] [1 2 3 4 5 6 19 23 25 52 56] [1 2 3 4 5 6 9 16 19 23] [1 2 3 4 6 16] [1 2 3 4 6 16 18 19 23 52] [1 2 53] [1 2 3 4 6 8 16 19 23 25 55] [1 10] [1 2 3 4 5 6 9 18 19 23 25 26] [1 2 3 4 5 6 16 25] [1 2 3 4 5 18 23 25 26] [1 2 3 4 19 23 25 52] [1 2 3 4 5 18] [1 2 4] [1 2 3 4 5 6 9 18 19 23 25] [1 2 3 4 5 6 16] [1 2 3 4 6 18] [1 2 3 4 18 19 23] [1 2 25] [2 19] [1 2 3 4 6 7 16 19] [1 2 3 4 18 25] [2 19 23] [1 2 3 4 5 6 9 18 25] [2 3 19 23] [1 2 3 4 5 6 19] [1 2 23] [1 2 3 4 5 19 23 25] [] [] [] [] [] [] [] [] [] [] [] [] [] [] [] [] [] [] [] [] [] [] [] [] [] [] [] [] [] [] [] [] [] [] [] [] [] [] [] [] [] [] [] [] [] [] [] [] [] [] [] [] [] [] [] [] [] [] [] [] [] [] [] [] [] [] [] [] [] [] [] [] [] [] [] [] [] [] [] [] [] [] [] [] [] [] [] [] [] [] [] [] [] [] [] [] [] [] [] [] [] [] [] [] [] [] [] [] [] [] [] [] [] [] [] [] [] [] [] [] [] [] [] [] [] [] [] [] [] [] [] [] [] [] [] [] [] [] [] [] [] [] [] [] [] [] [] [] [] [] [] [] [] [] [] [] [] [] [] [] [] [] [] [] []
238 [] [1 2 3 4 6] [1 2 3 4] [1 2 3 4 5 6 9 16 18 19 23 25 52] [1 2 3 4 19 23] [1 2 3 4 16 18 25] [1 2 3 4 19] [1 2 3 4 5] [1 2 3 4 5 6 19 23] [1 2 3 4 5 6 16 18 25] [1 2 3 4 25] [1 2 3 4 19 23 52] [1 2 3 4 6 10 19] [1 2 3 4 5 6 9 19 23 25] [1 2 3 4 19 25] [1 2 3 4 6 19 23] [1 2 3 4 5 6 9] [1 2 3] [1 2 3 4 5 6] [1 2 3 4 6 19 23 25] [1 2 3 4 5 6 9 19 23 25 52] [1 2 3 4 6 16 19] [1 2 3 4 5 18 19] [1 2 3 4 5 6 19 23 25] [1 2 3 4 18] [1 2 3 19] [1 2 3 4 16 19 23 25] [1 2 3 4 5 6 19 23 25 52] [1 2 3 4 6 19 23 52] [1 2 3 4 18 19 23 25 52] [1 2 3 4 6 10 18 19 23] [1 2 3 4 5 25] [1 2 3 4 16] [1 2 3 4 6 16 18 19 23 25 26 52 55] [1 2] [1 2 3 4 5 6 9 19] [1 2 3 4 5 6 9 11 19 23 25 28 30] [1 6 18] [1 2 6] [1 2 3 4 6 8 16 18 25] [1 59] [1] [1 2 3 4 5 6 19 23 25 52 56] [1 2 3 4 5 6 9 16 19 23] [1 2 3 4 6 16] [1 2 3 4 6 16 18 19 23 52] [1 2 53] [1 2 3 4 6 8 16 19 23 25 55] [1 10] [1 2 3 4 5 6 9 18 19 23 25 26] [1 2 3 4 5 6 16 25] [1 2 3 4 5 18 23 25 26] [1 2 3 4 19 23 25 52] [1 2 3 4 5 18] [1 2 4] [1 2 3 4 5 6 9 18 19 23 25] [1 2 3 4 5 6 16] [1 2 3 4 6 18] [1 2 3 4 18 19 23] [1 2 25] [2 19] [1 2 3 4 6 7 16 19] [1 2 3 4 18 25] [2 19 23] [1 2 3 4 5 6 9 18 25] [2 3 19 23] [1 2 3 4 5 6 19] [1 2 23] [1 2 3 4 5 19 23 25] [] [] [] [] [] [] [] [] [] [] [] [] [] [] [] [] [] [] [] [] [] [] [] [] [] [] [] [] [] [] [] [] [] [] [] [] [] [] [] [] [] [] [] [] [] [] [] [] [] [] [] [] [] [] [] [] [] [] [] [] [] [] [] [] [] [] [] [] [] [] [] [] [] [] [] [] [] [] [] [] [] [] [] [] [] [] [] [] [] [] [] [] [] [] [] [] [] [] [] [] [] [] [] [] [] [] [] [] [] [] [] [] [] [] [] [] [] [] [] [] [] [] [] [] [] [] [] [] [] [] [] [] [] [] [] [] [] [] [] [] [] [] [] [] [] [] [] [] [] [] [] [] [] [] [] [] [] [] [] [] [] [] [] [] []
239 [] [1 2 3 4] [1 2 3 4 5 6 9 16 18 19 23 25 52] [1 2 3 4 19 23] [1 2 3 4 16 18 25] [1 2 3 4 19] [1 2 3 4 5] [1 2 3 4 5 6 19 23] [1 2 3 4 5 6 16 18 25] [1 2 3 4 25] [1 2 3 4 19 23 52] [1 2 3 4 6 10 19] [1 2 3 4 5 6 9 19 23 25] [1 2 3 4 19 25] [1 2 3 4 6 19 23] [1 2 3 4 5 6 9] [1 2 3] [1 2 3 4 5 6] [1 2 3 4 6 19 23 25] [1 2 3 4 5 6 9 19 23 25 52] [1 2 3 4 6 16 19] [1 2 3 4 5 18 19] [1 2 3 4 5 6 19 23 25] [1 2 3 4 18] [1 2 3 4 6] [1 2 3 19] [1 2 3 4 16 19 23 25] [1 2 3 4 5 6 19 23 25 52] [1 2 3 4 6 19 23 52] [1 2 3 4 18 19 23 25 52] [1 2 3 4 6 10 18 19 23] [1 2 3 4 5 25] [1 2 3 4 16] [1 2 3 4 6 16 18 19 23 25 26 52 55] [1 2] [1 2 3 4 5 6 9 19] [1 2 3 4 5 6 9 11 19 23 25 28 30] [1 6 18] [1 2 6] [1 2 3 4 6 8 16 18 25] [1 59] [1] [1 2 3 4 5 6 19 23 25 52 56] [1 2 3 4 5 6 9 16 19 23] [1 2 3 4 6 16] [1 2 3 4 6 16 18 19 23 52] [1 2 53] [1 2 3 4 6 8 16 19 23 25 55] [1 10] [1 2 3 4 5 6 9 18 19 23 25 26] [1 2 3 4 5 6 16 25] [1 2 3 4 5 18 23 25 26] [1 2 3 4 19 23 25 52] [1 2 3 4 5 18] [1 2 4] [1 2 3 4 5 6 9 18 19 23 25] [1 2 3 4 5 6 16] [1 2 3 4 6 18] [1 2 3 4 18 19 23] [1 2 25] [2 19] [1 2 3 4 6 7 16 19] [1 2 3 4 18 25] [2 19 23] [1 2 3 4 5 6 9 18 25] [2 3 19 23] [1 2 3 4 5 6 19] [1 2 23] [1 2 3 4 5 19 23 25] [] [] [] [] [] [] [] [] [] [] [] [] [] [] [] [] [] [] [] [] [] [] [] [] [] [] [] [] [] [] [] [] [] [] [] [] [] [] [] [] [] [] [] [] [] [] [] [] [] [] [] [] [] [] [] [] [] [] [] [] [] [] [] [] [] [] [] [] [] [] [] [] [] [] [] [] [] [] [] [] [] [] [] [] [] [] [] [] [] [] [] [] [] [] [] [] [] [] [] [] [] [] [] [] [] [] [] [] [] [] [] [] [] [] [] [] [] [] [] [] [] [] [] [] [] [] [] [] [] [] [] [] [] [] [] [] [] [] [] [] [] [] [] [] [] [] [] [] [] [] [] [] [] [] [] [] [] [] [] [] [] [] [] [] []
240 [] [1 2 3 4 19 23] [1 2 3 4 16 18 25] [1 2 3 4 19] [1 2 3 4 5] [1 2 3 4 5 6 19 23] [1 2 3 4] [1 2 3 4 5 6 16 18 25] [1 2 3 4 25] [1 2 3 4 19 23 52] [1 2 3 4 6 10 19] [1 2 3 4 5 6 9 19 23 25] [1 2 3 4 19 25] [1 2 3 4 6 19 23] [1 2 3 4 5 6 9] [1 2 3] [1 2 3 4 5 6] [1 2 3 4 6 19 23 25] [1 2 3 4 5 6 9 19 23 25 52] [1 2 3 4 6 16 19] [1 2 3 4 5 18 19] [1 2 3 4 5 6 19 23 25] [1 2 3 4 18] [1 2 3 4 6] [1 2 3 19] [1 2 3 4 16 19 23 25] [1 2 3 4 5 6 19 23 25 52] [1 2 3 4 6 19 23 52] [1 2 3 4 18 19 23 25 52] [1 2 3 4 6 10 18 19 23] [1 2 3 4 5 25] [1 2 3 4 16] [1 2 3 4 6 16 18 19 23 25 26 52 55] [1 2] [1 2 3 4 5 6 9 19] [1 2 3 4 5 6 9 11 19 23 25 28 30] [1 6 18] [1 2 6] [1 2 3 4 6 8 16 18 25] [1 59] [1] [1 2 3 4 5 6 19 23 25 52 56] [1 2 3 4 5 6 9 16 19 23] [1 2 3 4 6 16] [1 2 3 4 6 16 18 19 23 52] [1 2 53] [1 2 3 4 6 8 16 19 23 25 55] [1 10] [1 2 3 4 5 6 9 18 19 23 25 26] [1 2 3 4 5 6 16 25] [1 2 3 4 5 18 23 25 26] [1 2 3 4 19 23 25 52] [1 2 3 4 5 18] [1 2 4] [1 2 3 4 5 6 9 18 19 23 25] [1 2 3 4 5 6 16] [1 2 3 4 6 18] [1 2 3 4 18 19 23] [1 2 25] [2 19] [1 2 3 4 6 7 16 19] [1 2 3 4 18 25] [2 19 23] [1 2 3 4 5 6 9 18 25] [2 3 19 23] [1 2 3 4 5 6 19] [1 2 23] [1 2 3 4 5 19 23 25] [] [] [] [] [] [] [] [] [] [] [] [] [] [] [] [] [] [] [] [] [] [] [] [] [] [] [] [] [] [] [] [] [] [] [] [] [] [] [] [] [] [] [] [] [] [] [] [] [] [] [] [] [] [] [] [] [] [] [] [] [] [] [] [] [] [] [] [] [] [] [] [] [] [] [] [] [] [] [] [] [] [] [] [] [] [] [] [] [] [] [] [] [] [] [] [] [] [] [] [] [] [] [] [] [] [] [] [] [] [] [] [] [] [] [] [] [] [] [] [] [] [] [] [] [] [] [] [] [] [] [] [] [] [] [] [] [] [] [] [] [] [] [] [] [] [] [] [] [] [] [] [] [] [] [] [] [] [] [] [] [] [] [] [] [] []
241 [] [1 2 3 4 19] [1 2 3 4 5] [1 2 3 4 5 6 9 18 19 23 25 52] [1 2 3 4 5 6 19 23] [1 2 3 4] [1 2 3 4 5 6 16 18 25] [1 2 3 4 25] [1 2 3 4 19 23 52] [1 2 3 4 6 10 19] [1 2 3 4 5 6 9 19 23 25] [1 2 3 4 19 25] [1 2 3 4 6 19 23] [1 2 3 4 5 6 9] [1 2 3 4 19 23] [1 2 3] [1 2 3 4 5 6] [1 2 3 4 6 19 23 25] [1 2 3 4 5 6 9 19 23 25 52] [1 2 3 4 6 16 19] [1 2 3 4 5 18 19] [1 2 3 4 5 6 19 23 25] [1 2 3 4 18] [1 2 3 4 6] [1 2 3 19] [1 2 3 4 16 19 23 25] [1 2 3 4 5 6 19 23 25 52] [1 2 3 4 6 19 23 52] [1 2 3 4 18 19 23 25 52] [1 2 3 4 6 10 18 19 23] [1 2 3 4 5 25] [1 2 3 4 16] [1 2 3 4 16 18 25] [1 2 3 4 6 16 18 19 23 25 26 52 55] [1 2] [1 2 3 4 5 6 9 19] [1 2 3 4 5 6 9 11 19 23 25 28 30] [1 6 18] [1 2 6] [1 2 3 4 6 8 16 18 25] [1 59] [1] [1 2 3 4 5 6 19 23 25 52 56] [1 2 3 4 5 6 9 16 19 23] [1 2 3 4 6 16] [1 2 3 4 6 16 18 19 23 52] [1 2 53] [1 2 3 4 6 8 16 19 23 25 55] [1 10] [1 2 3 4 5 6 9 18 19 23 25 26] [1 2 3 4 5 6 16 25] [1 2 3 4 5 18 23 25 26] [1 2 3 4 19 23 25 52] [1 2 3 4 5 18] [1 2 4] [1 2 3 4 5 6 9 18 19 23 25] [1 2 3 4 5 6 16] [1 2 3 4 6 18] [1 2 3 4 18 19 23] [1 2 25] [2 19] [1 2 3 4 6 7 16 19] [1 2 3 4 18 25] [2 19 23] [1 2 3 4 5 6 9 18 25] [2 3 19 23] [1 2 3 4 5 6 19] [1 2 23] [1 2 3 4 5 19 23 25] [] [] [] [] [] [] [] [] [] [] [] [] [] [] [] [] [] [] [] [] [] [] [] [] [] [] [] [] [] [] [] [] [] [] [] [] [] [] [] [] [] [] [] [] [] [] [] [] [] [] [] [] [] [] [] [] [] [] [] [] [] [] [] [] [] [] [] [] [] [] [] [] [] [] [] [] [] [] [] [] [] [] [] [] [] [] [] [] [] [] [] [] [] [] [] [] [] [] [] [] [] [] [] [] [] [] [] [] [] [] [] [] [] [] [] [] [] [] [] [] [] [] [] [] [] [] [] [] [] [] [] [] [] [] [] [] [] [] [] [] [] [] [] [] [] [] [] [] [] [] [] [] [] [] [] [] [] [] [] [] [] [] [] [] []
242 [] [1 2 3 4 5 6 9 18 19 23 25 52] [1 2 3 4 5] [1 2 3 4 5 6 19 23] [1 2 3 4] [1 2 3 4 5 6 16 18 25] [1 2 3 4 25] [1 2 3 4 19 23 52] [1 2 3 4 19] [1 2 3 4 6 10 19] [1 2 3 4 5 6 9 19 23 25] [1 2 3 4 19 25] [1 2 3 4 6 19 23] [1 2 3 4 5 6 9] [1 2 3 4 19 23] [1 2 3] [1 2 3 4 5 6] [1 2 3 4 6 19 23 25] [1 2 3 4 5 6 9 19 23 25 52] [1 2 3 4 6 16 19] [1 2 3 4 5 18 19] [1 2 3 4 5 6 19 23 25] [1 2 3 4 18] [1 2 3 4 6] [1 2 3 19] [1 2 3 4 16 19 23 25] [1 2 3 4 5 6 19 23 25 52] [1 2 3 4 6 19 23 52] [1 2 3 4 18 19 23 25 52] [1 2 3 4 6 10 18 19 23] [1 2 3 4 5 25] [1 2 3 4 16] [1 2 3 4 16 18 25] [1 2 3 4 6 16 18 19 23 25 26 52 55] [1 2] [1 2 3 4 5 6 9 19] [1 2 3 4 5 6 9 11 19 23 25 28 30] [1 6 18] [1 2 6] [1 2 3 4 6 8 16 18 25] [1 59] [1] [1 2 3 4 5 6 19 23 25 52 56] [1 2 3 4 5 6 9 16 19 23] [1 2 3 4 6 16] [1 2 3 4 6 16 18 19 23 52] [1 2 53] [1 2 3 4 6 8 16 19 23 25 55] [1 10] [1 2 3 4 5 6 9 18 19 23 25 26] [1 2 3 4 5 6 16 25] [1 2 3 4 5 18 23 25 26] [1 2 3 4 19 23 25 52] [1 2 3 4 5 18] [1 2 4] [1 2 3 4 5 6 9 18 19 23 25] [1 2 3 4 5 6 16] [1 2 3 4 6 18] [1 2 3 4 18 19 23] [1 2 25] [2 19] [1 2 3 4 6 7 16 19] [1 2 3 4 18 25] [2 19 23] [1 2 3 4 5 6 9 18 25] [2 3 19 23] [1 2 3 4 5 6 19] [1 2 23] [1 2 3 4 5 19 23 25] [] [] [] [] [] [] [] [] [] [] [] [] [] [] [] [] [] [] [] [] [] [] [] [] [] [] [] [] [] [] [] [] [] [] [] [] [] [] [] [] [] [] [] [] [] [] [] [] [] [] [] [] [] [] [] [] [] [] [] [] [] [] [] [] [] [] [] [] [] [] [] [] [] [] [] [] [] [] [] [] [] [] [] [] [] [] [] [] [] [] [] [] [] [] [] [] [] [] [] [] [] [] [] [] [] [] [] [] [] [] [] [] [] [] [] [] [] [] [] [] [] [] [] [] [] [] [] [] [] [] [] [] [] [] [] [] [] [] [] [] [] [] [] [] [] [] [] [] [] [] [] [] [] [] [] [] [] [] [] [] [] [] [] [] []
243 [] [1 2 3 4 5 6 19 23] [1 2 3 4] [1 2 3 4 5] [1 2 3 4 5 6 16 18 25] [1 2 3 4 25] [1 2 3 4 19 23 52] [1 2 3 4 19] [1 2 3 4 6 10 19] [1 2 3 4 5 6 9 19 23 25] [1 2 3 4 19 25] [1 2 3 4 6 19 23] [1 2 3 4 5 6 9] [1 2 3 4 19 23] [1 2 3] [1 2 3 4 5 6] [1 2 3 4 6 19 23 25] [1 2 3 4 5 6 9 19 23 25 52] [1 2 3 4 6 16 19] [1 2 3 4 5 18 19] [1 2 3 4 5 6 19 23 25] [1 2 3 4 18] [1 2 3 4 6] [1 2 3 19] [1 2 3 4 16 19 23 25] [1 2 3 4 5 6 19 23 25 52] [1 2 3 4 6 19 23 52] [1 2 3 4 18 19 23 25 52] [1 2 3 4 6 10 18 19 23] [1 2 3 4 5 25] [1 2 3 4 16] [1 2 3 4 16 18 25] [1 2 3 4 6 16 18 19 23 25 26 52 55] [1 2] [1 2 3 4 5 6 9 19] [1 2 3 4 5 6 9 11 19 23 25 28 30] [1 6 18] [1 2 6] [1 2 3 4 6 8 16 18 25] [1 59] [1] [1 2 3 4 5 6 19 23 25 52 56] [1 2 3 4 5 6 9 16 19 23] [1 2 3 4 6 16] [1 2 3 4 6 16 18 19 23 52] [1 2 53] [1 2 3 4 6 8 16 19 23 25 55] [1 10] [1 2 3 4 5 6 9 18 19 23 25 26] [1 2 3 4 5 6 16 25] [1 2 3 4 5 18 23 25 26] [1 2 3 4 19 23 25 52] [1 2 3 4 5 18] [1 2 4] [1 2 3 4 5 6 9 18 19 23 25] [1 2 3 4 5 6 16] [1 2 3 4 6 18] [1 2 3 4 18 19 23] [1 2 25] [2 19] [1 2 3 4 6 7 16 19] [1 2 3 4 18 25] [2 19 23] [1 2 3 4 5 6 9 18 25] [2 3 19 23] [1 2 3 4 5 6 19] [1 2 23] [1 2 3 4 5 19 23 25] [] [] [] [] [] [] [] [] [] [] [] [] [] [] [] [] [] [] [] [] [] [] [] [] [] [] [] [] [] [] [] [] [] [] [] [] [] [] [] [] [] [] [] [] [] [] [] [] [] [] [] [] [] [] [] [] [] [] [] [] [] [] [] [] [] [] [] [] [] [] [] [] [] [] [] [] [] [] [] [] [] [] [] [] [] [] [] [] [] [] [] [] [] [] [] [] [] [] [] [] [] [] [] [] [] [] [] [] [] [] [] [] [] [] [] [] [] [] [] [] [] [] [] [] [] [] [] [] [] [] [] [] [] [] [] [] [] [] [] [] [] [] [] [] [] [] [] [] [] [] [] [] [] [] [] [] [] [] [] [] [] [] [] [] [] []
244 [] [1 2 3 4 5] [1 2 3 4 5 6 16 19 23 52] [1 2 3 4 5 6 16 18 25] [1 2 3 4] [1 2 3 4 25] [1 2 3 4 19 23 52] [1 2 3 4 19] [1 2 3 4 5 6 19 23] [1 2 3 4 6 10 19] [1 2 3 4 5 6 9 19 23 25] [1 2 3 4 19 25] [1 2 3 4 6 19 23] [1 2 3 4 5 6 9] [1 2 3 4 19 23] [1 2 3] [1 2 3 4 5 6] [1 2 3 4 6 19 23 25] [1 2 3 4 5 6 9 19 23 25 52] [1 2 3 4 6 16 19] [1 2 3 4 5 18 19] [1 2 3 4 5 6 19 23 25] [1 2 3 4 18] [1 2 3 4 6] [1 2 3 19] [1 2 3 4 16 19 23 25] [1 2 3 4 5 6 19 23 25 52] [1 2 3 4 6 19 23 52] [1 2 3 4 18 19 23 25 52] [1 2 3 4 6 10 18 19 23] [1 2 3 4 5 25] [1 2 3 4 16] [1 2 3 4 16 18 25] [1 2 3 4 6 16 18 19 23 25 26 52 55] [1 2] [1 2 3 4 5 6 9 19] [1 2 3 4 5 6 9 11 19 23 25 28 30] [1 6 18] [1 2 6] [1 2 3 4 6 8 16 18 25] [1 59] [1] [1 2 3 4 5 6 19 23 25 52 56] [1 2 3 4 5 6 9 16 19 23] [1 2 3 4 6 16] [1 2 3 4 6 16 18 19 23 52] [1 2 53] [1 2 3 4 6 8 16 19 23 25 55] [1 10] [1 2 3 4 5 6 9 18 19 23 25 26] [1 2 3 4 5 6 16 25] [1 2 3 4 5 18 23 25 26] [1 2 3 4 19 23 25 52] [1 2 3 4 5 18] [1 2 4] [1 2 3 4 5 6 9 18 19 23 25] [1 2 3 4 5 6 16] [1 2 3 4 6 18] [1 2 3 4 18 19 23] [1 2 25] [2 19] [1 2 3 4 6 7 16 19] [1 2 3 4 18 25] [2 19 23] [1 2 3 4 5 6 9 18 25] [2 3 19 23] [1 2 3 4 5 6 19] [1 2 23] [1 2 3 4 5 19 23 25] [] [] [] [] [] [] [] [] [] [] [] [] [] [] [] [] [] [] [] [] [] [] [] [] [] [] [] [] [] [] [] [] [] [] [] [] [] [] [] [] [] [] [] [] [] [] [] [] [] [] [] [] [] [] [] [] [] [] [] [] [] [] [] [] [] [] [] [] [] [] [] [] [] [] [] [] [] [] [] [] [] [] [] [] [] [] [] [] [] [] [] [] [] [] [] [] [] [] [] [] [] [] [] [] [] [] [] [] [] [] [] [] [] [] [] [] [] [] [] [] [] [] [] [] [] [] [] [] [] [] [] [] [] [] [] [] [] [] [] [] [] [] [] [] [] [] [] [] [] [] [] [] [] [] [] [] [] [] [] [] [] [] [] [] []
245 [] [1 2 3 4 5 6 16 18 25] [1 2 3 4] [1 2 3 4 25] [1 2 3 4 19 23 52] [1 2 3 4 5] [1 2 3 4 19] [1 2 3 4 5 6 19 23] [1 2 3 4 6 10 19] [1 2 3 4 5 6 9 19 23 25] [1 2 3 4 19 25] [1 2 3 4 6 19 23] [1 2 3 4 5 6 9] [1 2 3 4 19 23] [1 2 3] [1 2 3 4 5 6] [1 2 3 4 6 19 23 25] [1 2 3 4 5 6 9 19 23 25 52] [1 2 3 4 6 16 19] [1 2 3 4 5 18 19] [1 2 3 4 5 6 19 23 25] [1 2 3 4 18] [1 2 3 4 6] [1 2 3 19] [1 2 3 4 16 19 23 25] [1 2 3 4 5 6 19 23 25 52] [1 2 3 4 6 19 23 52] [1 2 3 4 18 19 23 25 52] [1 2 3 4 6 10 18 19 23] [1 2 3 4 5 25] [1 2 3 4 16] [1 2 3 4 16 18 25] [1 2 3 4 6 16 18 19 23 25 26 52 55] [1 2] [1 2 3 4 5 6 9 19] [1 2 3 4 5 6 9 11 19 23 25 28 30] [1 6 18] [1 2 6] [1 2 3 4 6 8 16 18 25] [1 59] [1] [1 2 3 4 5 6 19 23 25 52 56] [1 2 3 4 5 6 9 16 19 23] [1 2 3 4 6 16] [1 2 3 4 6 16 18 19 23 52] [1 2 53] [1 2 3 4 6 8 16 19 23 25 55] [1 10] [1 2 3 4 5 6 9 18 19 23 25 26] [1 2 3 4 5 6 16 25] [1 2 3 4 5 18 23 25 26] [1 2 3 4 19 23 25 52] [1 2 3 4 5 18] [1 2 4] [1 2 3 4 5 6 9 18 19 23 25] [1 2 3 4 5 6 16] [1 2 3 4 6 18] [1 2 3 4 18 19 23] [1 2 25] [2 19] [1 2 3 4 6 7 16 19] [1 2 3 4 18 25] [2 19 23] [1 2 3 4 5 6 9 18 25] [2 3 19 23] [1 2 3 4 5 6 19] [1 2 23] [1 2 3 4 5 19 23 25] [] [] [] [] [] [] [] [] [] [] [] [] [] [] [] [] [] [] [] [] [] [] [] [] [] [] [] [] [] [] [] [] [] [] [] [] [] [] [] [] [] [] [] [] [] [] [] [] [] [] [] [] [] [] [] [] [] [] [] [] [] [] [] [] [] [] [] [] [] [] [] [] [] [] [] [] [] [] [] [] [] [] [] [] [] [] [] [] [] [] [] [] [] [] [] [] [] [] [] [] [] [] [] [] [] [] [] [] [] [] [] [] [] [] [] [] [] [] [] [] [] [] [] [] [] [] [] [] [] [] [] [] [] [] [] [] [] [] [] [] [] [] [] [] [] [] [] [] [] [] [] [] [] [] [] [] [] [] [] [] [] [] [] [] [] []
246 [] [1 2 3 4 25] [1 2 3 4 19 23 52] [1 2 3 4 5] [1 2 3 4 19] [1 2 3 4 5 6 19 23] [1 2 3 4] [1 2 3 4 6 10 19] [1 2 3 4 5 6 9 19 23 25] [1 2 3 4 19 25] [1 2 3 4 6 19 23] [1 2 3 4 5 6 9] [1 2 3 4 19 23] [1 2 3] [1 2 3 4 5 6] [1 2 3 4 6 19 23 25] [1 2 3 4 5 6 9 19 23 25 52] [1 2 3 4 6 16 19] [1 2 3 4 5 18 19] [1 2 3 4 5 6 19 23 25] [1 2 3 4 18] [1 2 3 4 6] [1 2 3 19] [1 2 3 4 16 19 23 25] [1 2 3 4 5 6 19 23 25 52] [1 2 3 4 6 19 23 52] [1 2 3 4 18 19 23 25 52] [1 2 3 4 6 10 18 19 23] [1 2 3 4 5 25] [1 2 3 4 16] [1 2 3 4 16 18 25] [1 2 3 4 6 16 18 19 23 25 26 52 55] [1 2] [1 2 3 4 5 6 9 19] [1 2 3 4 5 6 9 11 19 23 25 28 30] [1 6 18] [1 2 6] [1 2 3 4 6 8 16 18 25] [1 59] [1] [1 2 3 4 5 6 19 23 25 52 56] [1 2 3 4 5 6 9 16 19 23] [1 2 3 4 6 16] [1 2 3 4 6 16 18 19 23 52] [1 2 53] [1 2 3 4 6 8 16 19 23 25 55] [1 10] [1 2 3 4 5 6 9 18 19 23 25 26] [1 2 3 4 5 6 16 25] [1 2 3 4 5 18 23 25 26] [1 2 3 4 19 23 25 52] [1 2 3 4 5 18] [1 2 4] [1 2 3 4 5 6 9 18 19 23 25] [1 2 3 4 5 6 16] [1 2 3 4 6 18] [1 2 3 4 18 19 23] [1 2 25] [2 19] [1 2 3 4 6 7 16 19] [1 2 3 4 18 25] [2 19 23] [1 2 3 4 5 6 9 18 25] [2 3 19 23] [1 2 3 4 5 6 19] [1 2 23] [1 2 3 4 5 19 23 25] [] [] [] [] [] [] [] [] [] [] [] [] [] [] [] [] [] [] [] [] [] [] [] [] [] [] [] [] [] [] [] [] [] [] [] [] [] [] [] [] [] [] [] [] [] [] [] [] [] [] [] [] [] [] [] [] [] [] [] [] [] [] [] [] [] [] [] [] [] [] [] [] [] [] [] [] [] [] [] [] [] [] [] [] [] [] [] [] [] [] [] [] [] [] [] [] [] [] [] [] [] [] [] [] [] [] [] [] [] [] [] [] [] [] [] [] [] [] [] [] [] [] [] [] [] [] [] [] [] [] [] [] [] [] [] [] [] [] [] [] [] [] [] [] [] [] [] [] [] [] [] [] [] [] [] [] [] [] [] [] [] [] [] [] [] [] []
247 [] [1 2 3 4 5] [1 2 3 4 19] [1 2 3 4 5 6 19 23] [1 2 3 4] [1 2 3 4 6 10 19] [1 2 3 4 19 23 52] [1 2 3 4 5 6 9 19 23 25] [1 2 3 4 19 25] [1 2 3 4 6 19 23] [1 2 3 4 5 6 9] [1 2 3 4 19 23] [1 2 3] [1 2 3 4 5 6] [1 2 3 4 6 19 23 25] [1 2 3 4 5 6 9 19 23 25 52] [1 2 3 4 6 16 19] [1 2 3 4 5 18 19] [1 2 3 4 5 6 19 23 25] [1 2 3 4 18] [1 2 3 4 6] [1 2 3 19] [1 2 3 4 16 19 23 25] [1 2 3 4 5 6 19 23 25 52] [1 2 3 4 6 19 23 52] [1 2 3 4 18 19 23 25 52] [1 2 3 4 6 10 18 19 23] [1 2 3 4 5 25] [1 2 3 4 16] [1 2 3 4 16 18 25] [1 2 3 4 6 16 18 19 23 25 26 52 55] [1 2] [1 2 3 4 5 6 9 19] [1 2 3 4 5 6 9 11 19 23 25 28 30] [1 6 18] [1 2 6] [1 2 3 4 6 8 16 18 25] [1 59] [1] [1 2 3 4 5 6 19 23 25 52 56] [1 2 3 4 5 6 9 16 19 23] [1 2 3 4 6 16] [1 2 3 4 6 16 18 19 23 52] [1 2 53] [1 2 3 4 6 8 16 19 23 25 55] [1 10] [1 2 3 4 5 6 9 18 19 23 25 26] [1 2 3 4 5 6 16 25] [1 2 3 4 5 18 23 25 26] [1 2 3 4 25] [1 2 3 4 19 23 25 52] [1 2 3 4 5 18] [1 2 4] [1 2 3 4 5 6 9 18 19 23 25] [1 2 3 4 5 6 16] [1 2 3 4 6 18] [1 2 3 4 18 19 23] [1 2 25] [2 19] [1 2 3 4 6 7 16 19] [1 2 3 4 18 25] [2 19 23] [1 2 3 4 5 6 9 18 25] [2 3 19 23] [1 2 3 4 5 6 19] [1 2 23] [1 2 3 4 5 19 23 25] [] [] [] [] [] [] [] [] [] [] [] [] [] [] [] [] [] [] [] [] [] [] [] [] [] [] [] [] [] [] [] [] [] [] [] [] [] [] [] [] [] [] [] [] [] [] [] [] [] [] [] [] [] [] [] [] [] [] [] [] [] [] [] [] [] [] [] [] [] [] [] [] [] [] [] [] [] [] [] [] [] [] [] [] [] [] [] [] [] [] [] [] [] [] [] [] [] [] [] [] [] [] [] [] [] [] [] [] [] [] [] [] [] [] [] [] [] [] [] [] [] [] [] [] [] [] [] [] [] [] [] [] [] [] [] [] [] [] [] [] [] [] [] [] [] [] [] [] [] [] [] [] [] [] [] [] [] [] [] [] [] [] [] [] [] [] []
248 [] [1 2 3 4 5 6 19 23] [1 2 3 4] [1 2 3 4 6 10 19] [1 2 3 4 19 23 52] [1 2 3 4 5 6 9 19 23 25] [1 2 3 4 19 25] [1 2 3 4 6 19 23] [1 2 3 4 5 6 9] [1 2 3 4 19 23] [1 2 3] [1 2 3 4 5 6] [1 2 3 4 6 19 23 25] [1 2 3 4 5 6 9 19 23 25 52] [1 2 3 4 6 16 19] [1 2 3 4 5 18 19] [1 2 3 4 5 6 19 23 25] [1 2 3 4 18] [1 2 3 4 6] [1 2 3 4 19] [1 2 3 19] [1 2 3 4 5] [1 2 3 4 16 19 23 25] [1 2 3 4 5 6 19 23 25 52] [1 2 3 4 6 19 23 52] [1 2 3 4 18 19 23 25 52] [1 2 3 4 6 10 18 19 23] [1 2 3 4 5 25] [1 2 3 4 16] [1 2 3 4 16 18 25] [1 2 3 4 6 16 18 19 23 25 26 52 55] [1 2] [1 2 3 4 5 6 9 19] [1 2 3 4 5 6 9 11 19 23 25 28 30] [1 6 18] [1 2 6] [1 2 3 4 6 8 16 18 25] [1 59] [1] [1 2 3 4 5 6 19 23 25 52 56] [1 2 3 4 5 6 9 16 19 23] [1 2 3 4 6 16] [1 2 3 4 6 16 18 19 23 52] [1 2 53] [1 2 3 4 6 8 16 19 23 25 55] [1 10] [1 2 3 4 5 6 9 18 19 23 25 26] [1 2 3 4 5 6 16 25] [1 2 3 4 5 18 23 25 26] [1 2 3 4 25] [1 2 3 4 19 23 25 52] [1 2 3 4 5 18] [1 2 4] [1 2 3 4 5 6 9 18 19 23 25] [1 2 3 4 5 6 16] [1 2 3 4 6 18] [1 2 3 4 18 19 23] [1 2 25] [2 19] [1 2 3 4 6 7 16 19] [1 2 3 4 18 25] [2 19 23] [1 2 3 4 5 6 9 18 25] [2 3 19 23] [1 2 3 4 5 6 19] [1 2 23] [1 2 3 4 5 19 23 25] [] [] [] [] [] [] [] [] [] [] [] [] [] [] [] [] [] [] [] [] [] [] [] [] [] [] [] [] [] [] [] [] [] [] [] [] [] [] [] [] [] [] [] [] [] [] [] [] [] [] [] [] [] [] [] [] [] [] [] [] [] [] [] [] [] [] [] [] [] [] [] [] [] [] [] [] [] [] [] [] [] [] [] [] [] [] [] [] [] [] [] [] [] [] [] [] [] [] [] [] [] [] [] [] [] [] [] [] [] [] [] [] [] [] [] [] [] [] [] [] [] [] [] [] [] [] [] [] [] [] [] [] [] [] [] [] [] [] [] [] [] [] [] [] [] [] [] [] [] [] [] [] [] [] [] [] [] [] [] [] [] [] [] [] [] [] []
249 [] [1 2 3 4 6 10 19] [1 2 3 4 19 23 52] [1 2 3 4 5 6 9 25] [1 2 3 4 5 6 9 19 23 25] [1 2 3 4 19 25] [1 2 3 4 6 19 23] [1 2 3 4 5 6 9] [1 2 3 4 19 23] [1 2 3] [1 2 3 4 5 6] [1 2 3 4 6 19 23 25] [1 2 3 4 5 6 9 19 23 25 52] [1 2 3 4] [1 2 3 4 6 16 19] [1 2 3 4 5 18 19] [1 2 3 4 5 6 19 23 25] [1 2 3 4 18] [1 2 3 4 6] [1 2 3 4 19] [1 2 3 19] [1 2 3 4 5] [1 2 3 4 16 19 23 25] [1 2 3 4 5 6 19 23 25 52] [1 2 3 4 6 19 23 52] [1 2 3 4 18 19 23 25 52] [1 2 3 4 6 10 18 19 23] [1 2 3 4 5 25] [1 2 3 4 16] [1 2 3 4 16 18 25] [1 2 3 4 6 16 18 19 23 25 26 52 55] [1 2] [1 2 3 4 5 6 9 19] [1 2 3 4 5 6 9 11 19 23 25 28 30] [1 6 18] [1 2 6] [1 2 3 4 6 8 16 18 25] [1 59] [1] [1 2 3 4 5 6 19 23 25 52 56] [1 2 3 4 5 6 9 16 19 23] [1 2 3 4 6 16] [1 2 3 4 6 16 18 19 23 52] [1 2 53] [1 2 3 4 6 8 16 19 23 25 55] [1 10] [1 2 3 4 5 6 9 18 19 23 25 26] [1 2 3 4 5 6 16 25] [1 2 3 4 5 18 23 25 26] [1 2 3 4 25] [1 2 3 4 19 23 25 52] [1 2 3 4 5 18] [1 2 3 4 5 6 19 23] [1 2 4] [1 2 3 4 5 6 9 18 19 23 25] [1 2 3 4 5 6 16] [1 2 3 4 6 18] [1 2 3 4 18 19 23] [1 2 25] [2 19] [1 2 3 4 6 7 16 19] [1 2 3 4 18 25] [2 19 23] [1 2 3 4 5 6 9 18 25] [2 3 19 23] [1 2 3 4 5 6 19] [1 2 23] [1 2 3 4 5 19 23 25] [] [] [] [] [] [] [] [] [] [] [] [] [] [] [] [] [] [] [] [] [] [] [] [] [] [] [] [] [] [] [] [] [] [] [] [] [] [] [] [] [] [] [] [] [] [] [] [] [] [] [] [] [] [] [] [] [] [] [] [] [] [] [] [] [] [] [] [] [] [] [] [] [] [] [] [] [] [] [] [] [] [] [] [] [] [] [] [] [] [] [] [] [] [] [] [] [] [] [] [] [] [] [] [] [] [] [] [] [] [] [] [] [] [] [] [] [] [] [] [] [] [] [] [] [] [] [] [] [] [] [] [] [] [] [] [] [] [] [] [] [] [] [] [] [] [] [] [] [] [] [] [] [] [] [] [] [] [] [] [] [] [] [] [] [] []
250 [] [1 2 3 4 5 6 9 25] [1 2 3 4 5 6 9 18 19 23 25 52] [1 2 3 4 5 6 9 19 23 25] [1 2 3 4 19 25] [1 2 3 4 6 19 23] [1 2 3 4 5 6 9] [1 2 3 4 19 23] [1 2 3] [1 2 3 4 5 6] [1 2 3 4 6 19 23 25] [1 2 3 4 5 6 9 19 23 25 52] [1 2 3 4] [1 2 3 4 6 16 19] [1 2 3 4 5 18 19] [1 2 3 4 5 6 19 23 25] [1 2 3 4 18] [1 2 3 4 6] [1 2 3 4 19] [1 2 3 19] [1 2 3 4 5] [1 2 3 4 16 19 23 25] [1 2 3 4 5 6 19 23 25 52] [1 2 3 4 6 19 23 52] [1 2 3 4 18 19 23 25 52] [1 2 3 4 6 10 18 19 23] [1 2 3 4 5 25] [1 2 3 4 16] [1 2 3 4 16 18 25] [1 2 3 4 6 16 18 19 23 25 26 52 55] [1 2] [1 2 3 4 5 6 9 19] [1 2 3 4 5 6 9 11 19 23 25 28 30] [1 6 18] [1 2 6] [1 2 3 4 6 8 16 18 25] [1 59] [1] [1 2 3 4 5 6 19 23 25 52 56] [1 2 3 4 5 6 9 16 19 23] [1 2 3 4 6 16] [1 2 3 4 6 16 18 19 23 52] [1 2 53] [1 2 3 4 6 8 16 19 23 25 55] [1 10] [1 2 3 4 5 6 9 18 19 23 25 26] [1 2 3 4 5 6 16 25] [1 2 3 4 5 18 23 25 26] [1 2 3 4 25] [1 2 3 4 19 23 25 52] [1 2 3 4 5 18] [1 2 3 4 5 6 19 23] [1 2 4] [1 2 3 4 5 6 9 18 19 23 25] [1 2 3 4 5 6 16] [1 2 3 4 6 18] [1 2 3 4 18 19 23] [1 2 25] [2 19] [1 2 3 4 6 7 16 19] [1 2 3 4 18 25] [2 19 23] [1 2 3 4 5 6 9 18 25] [2 3 19 23] [1 2 3 4 5 6 19] [1 2 23] [1 2 3 4 5 19 23 25] [] [] [] [] [] [] [] [] [] [] [] [] [] [] [] [] [] [] [] [] [] [] [] [] [] [] [] [] [] [] [] [] [] [] [] [] [] [] [] [] [] [] [] [] [] [] [] [] [] [] [] [] [] [] [] [] [] [] [] [] [] [] [] [] [] [] [] [] [] [] [] [] [] [] [] [] [] [] [] [] [] [] [] [] [] [] [] [] [] [] [] [] [] [] [] [] [] [] [] [] [] [] [] [] [] [] [] [] [] [] [] [] [] [] [] [] [] [] [] [] [] [] [] [] [] [] [] [] [] [] [] [] [] [] [] [] [] [] [] [] [] [] [] [] [] [] [] [] [] [] [] [] [] [] [] [] [] [] [] [] [] [] [] [] [] [] []
251 [] [1 2 3 4 5 6 9 19 23 25] [1 2 3 4 19 25] [1 2 3 4 6 19 23] [1 2 3 4 5 6 9] [1 2 3 4 19 23] [1 2 3] [1 2 3 4 5 6] [1 2 3 4 6 19 23 25] [1 2 3 4 5 6 9 19 23 25 52] [1 2 3 4] [1 2 3 4 6 16 19] [1 2 3 4 5 18 19] [1 2 3 4 5 6 19 23 25] [1 2 3 4 18] [1 2 3 4 6] [1 2 3 4 19] [1 2 3 19] [1 2 3 4 5] [1 2 3 4 16 19 23 25] [1 2 3 4 5 6 19 23 25 52] [1 2 3 4 6 19 23 52] [1 2 3 4 18 19 23 25 52] [1 2 3 4 6 10 18 19 23] [1 2 3 4 5 25] [1 2 3 4 16] [1 2 3 4 16 18 25] [1 2 3 4 6 16 18 19 23 25 26 52 55] [1 2] [1 2 3 4 5 6 9 19] [1 2 3 4 5 6 9 11 19 23 25 28 30] [1 6 18] [1 2 6] [1 2 3 4 6 8 16 18 25] [1 59] [1] [1 2 3 4 5 6 19 23 25 52 56] [1 2 3 4 5 6 9 16 19 23] [1 2 3 4 6 16] [1 2 3 4 6 16 18 19 23 52] [1 2 53] [1 2 3 4 6 8 16 19 23 25 55] [1 10] [1 2 3 4 5 6 9 18 19 23 25 26] [1 2 3 4 5 6 16 25] [1 2 3 4 5 18 23 25 26] [1 2 3 4 25] [1 2 3 4 19 23 25 52] [1 2 3 4 5 18] [1 2 3 4 5 6 19 23] [1 2 4] [1 2 3 4 5 6 9 18 19 23 25] [1 2 3 4 5 6 16] [1 2 3 4 6 18] [1 2 3 4 18 19 23] [1 2 25] [2 19] [1 2 3 4 6 7 16 19] [1 2 3 4 18 25] [2 19 23] [1 2 3 4 5 6 9 18 25] [2 3 19 23] [1 2 3 4 5 6 19] [1 2 23] [1 2 3 4 5 19 23 25] [] [] [] [] [] [] [] [] [] [] [] [] [] [] [] [] [] [] [] [] [] [] [] [] [] [] [] [] [] [] [] [] [] [] [] [] [] [] [] [] [] [] [] [] [] [] [] [] [] [] [] [] [] [] [] [] [] [] [] [] [] [] [] [] [] [] [] [] [] [] [] [] [] [] [] [] [] [] [] [] [] [] [] [] [] [] [] [] [] [] [] [] [] [] [] [] [] [] [] [] [] [] [] [] [] [] [] [] [] [] [] [] [] [] [] [] [] [] [] [] [] [] [] [] [] [] [] [] [] [] [] [] [] [] [] [] [] [] [] [] [] [] [] [] [] [] [] [] [] [] [] [] [] [] [] [] [] [] [] [] [] [] [] [] [] [] [] [] []
252 [] [1 2 3 4 6 19 23] [1 2 3 4 5 6 9] [1 2 3 4 19 23] [1 2 3] [1 2 3 4 5 6] [1 2 3 4 6 19 23 25] [1 2 3 4 5 6 9 19 23 25 52] [1 2 3 4] [1 2 3 4 6 16 19] [1 2 3 4 5 18 19] [1 2 3 4 5 6 19 23 25] [1 2 3 4 18] [1 2 3 4 6] [1 2 3 4 19] [1 2 3 19] [1 2 3 4 5] [1 2 3 4 16 19 23 25] [1 2 3 4 5 6 19 23 25 52] [1 2 3 4 6 19 23 52] [1 2 3 4 18 19 23 25 52] [1 2 3 4 6 10 18 19 23] [1 2 3 4 5 25] [1 2 3 4 16] [1 2 3 4 16 18 25] [1 2 3 4 6 16 18 19 23 25 26 52 55] [1 2] [1 2 3 4 5 6 9 19] [1 2 3 4 5 6 9 11 19 23 25 28 30] [1 6 18] [1 2 6] [1 2 3 4 6 8 16 18 25] [1 59] [1] [1 2 3 4 5 6 19 23 25 52 56] [1 2 3 4 5 6 9 16 19 23] [1 2 3 4 6 16] [1 2 3 4 6 16 18 19 23 52] [1 2 53] [1 2 3 4 6 8 16 19 23 25 55] [1 10] [1 2 3 4 5 6 9 18 19 23 25 26] [1 2 3 4 5 6 16 25] [1 2 3 4 5 18 23 25 26] [1 2 3 4 25] [1 2 3 4 19 23 25 52] [1 2 3 4 5 18] [1 2 3 4 5 6 19 23] [1 2 4] [1 2 3 4 5 6 9 18 19 23 25] [1 2 3 4 5 6 16] [1 2 3 4 6 18] [1 2 3 4 18 19 23] [1 2 25] [2 19] [1 2 3 4 6 7 16 19] [1 2 3 4 18 25] [2 19 23] [1 2 3 4 5 6 9 18 25] [2 3 19 23] [1 2 3 4 5 6 19] [1 2 23] [1 2 3 4 5 19 23 25] [] [] [] [] [] [] [] [] [] [] [] [] [] [] [] [] [] [] [] [] [] [] [] [] [] [] [] [] [] [] [] [] [] [] [] [] [] [] [] [] [] [] [] [] [] [] [] [] [] [] [] [] [] [] [] [] [] [] [] [] [] [] [] [] [] [] [] [] [] [] [] [] [] [] [] [] [] [] [] [] [] [] [] [] [] [] [] [] [] [] [] [] [] [] [] [] [] [] [] [] [] [] [] [] [] [] [] [] [] [] [] [] [] [] [] [] [] [] [] [] [] [] [] [] [] [] [] [] [] [] [] [] [] [] [] [] [] [] [] [] [] [] [] [] [] [] [] [] [] [] [] [] [] [] [] [] [] [] [] [] [] [] [] [] [] [] [] [] [] [] []
253 [] [1 2 3 4 19 23] [1 2 3] [1 2 3 4 6 18 19 23 25] [1 2 3 4 5 6] [1 2 3 4 6 19 23 25] [1 2 3 4 5 6 9 19 23 25 52] [1 2 3 4 6 19 23] [1 2 3 4] [1 2 3 4 6 16 19] [1 2 3 4 5 18 19] [1 2 3 4 5 6 19 23 25] [1 2 3 4 18] [1 2 3 4 6] [1 2 3 4 19] [1 2 3 19] [1 2 3 4 5] [1 2 3 4 16 19 23 25] [1 2 3 4 5 6 19 23 25 52] [1 2 3 4 6 19 23 52] [1 2 3 4 18 19 23 25 52] [1 2 3 4 6 10 18 19 23] [1 2 3 4 5 25] [1 2 3 4 16] [1 2 3 4 16 18 25] [1 2 3 4 6 16 18 19 23 25 26 52 55] [1 2] [1 2 3 4 5 6 9 19] [1 2 3 4 5 6 9 11 19 23 25 28 30] [1 6 18] [1 2 6] [1 2 3 4 6 8 16 18 25] [1 59] [1] [1 2 3 4 5 6 19 23 25 52 56] [1 2 3 4 5 6 9 16 19 23] [1 2 3 4 6 16] [1 2 3 4 6 16 18 19 23 52] [1 2 53] [1 2 3 4 6 8 16 19 23 25 55] [1 10] [1 2 3 4 5 6 9 18 19 23 25 26] [1 2 3 4 5 6 16 25] [1 2 3 4 5 18 23 25 26] [1 2 3 4 25] [1 2 3 4 19 23 25 52] [1 2 3 4 5 18] [1 2 3 4 5 6 19 23] [1 2 4] [1 2 3 4 5 6 9 18 19 23 25] [1 2 3 4 5 6 16] [1 2 3 4 6 18] [1 2 3 4 18 19 23] [1 2 25] [2 19] [1 2 3 4 6 7 16 19] [1 2 3 4 18 25] [2 19 23] [1 2 3 4 5 6 9 18 25] [2 3 19 23] [1 2 3 4 5 6 19] [1 2 23] [1 2 3 4 5 19 23 25] [] [] [] [] [] [] [] [] [] [] [] [] [] [] [] [] [] [] [] [] [] [] [] [] [] [] [] [] [] [] [] [] [] [] [] [] [] [] [] [] [] [] [] [] [] [] [] [] [] [] [] [] [] [] [] [] [] [] [] [] [] [] [] [] [] [] [] [] [] [] [] [] [] [] [] [] [] [] [] [] [] [] [] [] [] [] [] [] [] [] [] [] [] [] [] [] [] [] [] [] [] [] [] [] [] [] [] [] [] [] [] [] [] [] [] [] [] [] [] [] [] [] [] [] [] [] [] [] [] [] [] [] [] [] [] [] [] [] [] [] [] [] [] [] [] [] [] [] [] [] [] [] [] [] [] [] [] [] [] [] [] [] [] [] [] [] [] [] [] [] []
254 [] [1 2 3 4 6 18 19 23 25] [1 2 3 4 5 6] [1 2 3 4 18 19 23] [1 2 3 4 6 19 23 25] [1 2 3 4 19 23] [1 2 3 4 5 6 9 19 23 25 52] [1 2 3 4 6 19 23] [1 2 3 4] [1 2 3 4 6 16 19] [1 2 3 4 5 18 19] [1 2 3 4 5 6 19 23 25] [1 2 3] [1 2 3 4 18] [1 2 3 4 6] [1 2 3 4 19] [1 2 3 19] [1 2 3 4 5] [1 2 3 4 16 19 23 25] [1 2 3 4 5 6 19 23 25 52] [1 2 3 4 6 19 23 52] [1 2 3 4 18 19 23 25 52] [1 2 3 4 6 10 18 19 23] [1 2 3 4 5 25] [1 2 3 4 16] [1 2 3 4 16 18 25] [1 2 3 4 6 16 18 19 23 25 26 52 55] [1 2] [1 2 3 4 5 6 9 19] [1 2 3 4 5 6 9 11 19 23 25 28 30] [1 6 18] [1 2 6] [1 2 3 4 6 8 16 18 25] [1 59] [1] [1 2 3 4 5 6 19 23 25 52 56] [1 2 3 4 5 6 9 16 19 23] [1 2 3 4 6 16] [1 2 3 4 6 16 18 19 23 52] [1 2 53] [1 2 3 4 6 8 16 19 23 25 55] [1 10] [1 2 3 4 5 6 9 18 19 23 25 26] [1 2 3 4 5 6 16 25] [1 2 3 4 5 18 23 25 26] [1 2 3 4 25] [1 2 3 4 19 23 25 52] [1 2 3 4 5 18] [1 2 3 4 5 6 19 23] [1 2 4] [1 2 3 4 5 6 9 18 19 23 25] [1 2 3 4 5 6 16] [1 2 3 4 6 18] [1 2 25] [2 19] [1 2 3 4 6 7 16 19] [1 2 3 4 18 25] [2 19 23] [1 2 3 4 5 6 9 18 25] [2 3 19 23] [1 2 3 4 5 6 19] [1 2 23] [1 2 3 4 5 19 23 25] [] [] [] [] [] [] [] [] [] [] [] [] [] [] [] [] [] [] [] [] [] [] [] [] [] [] [] [] [] [] [] [] [] [] [] [] [] [] [] [] [] [] [] [] [] [] [] [] [] [] [] [] [] [] [] [] [] [] [] [] [] [] [] [] [] [] [] [] [] [] [] [] [] [] [] [] [] [] [] [] [] [] [] [] [] [] [] [] [] [] [] [] [] [] [] [] [] [] [] [] [] [] [] [] [] [] [] [] [] [] [] [] [] [] [] [] [] [] [] [] [] [] [] [] [] [] [] [] [] [] [] [] [] [] [] [] [] [] [] [] [] [] [] [] [] [] [] [] [] [] [] [] [] [] [] [] [] [] [] [] [] [] [] [] [] [] [] [] [] [] []
255 [] [1 2 3 4 18 19 23] [1 2 3 4 6 19 23 25] [1 2 3 4 19 23] [1 2 3 4 5 6 9 19 23 25 52] [1 2 3 4 6 19 23] [1 2 3 4] [1 2 3 4 6 16 19] [1 2 3 4 5 18 19] [1 2 3 4 5 6 19 23 25] [1 2 3] [1 2 3 4 18] [1 2 3 4 6] [1 2 3 4 19] [1 2 3 19] [1 2 3 4 5] [1 2 3 4 16 19 23 25] [1 2 3 4 5 6 19 23 25 52] [1 2 3 4 6 19 23 52] [1 2 3 4 18 19 23 25 52] [1 2 3 4 6 10 18 19 23] [1 2 3 4 5 25] [1 2 3 4 16] [1 2 3 4 16 18 25] [1 2 3 4 6 16 18 19 23 25 26 52 55] [1 2] [1 2 3 4 5 6] [1 2 3 4 5 6 9 19] [1 2 3 4 5 6 9 11 19 23 25 28 30] [1 6 18] [1 2 6] [1 2 3 4 6 8 16 18 25] [1 59] [1] [1 2 3 4 5 6 19 23 25 52 56] [1 2 3 4 5 6 9 16 19 23] [1 2 3 4 6 16] [1 2 3 4 6 16 18 19 23 52] [1 2 53] [1 2 3 4 6 8 16 19 23 25 55] [1 10] [1 2 3 4 5 6 9 18 19 23 25 26] [1 2 3 4 5 6 16 25] [1 2 3 4 5 18 23 25 26] [1 2 3 4 25] [1 2 3 4 19 23 25 52] [1 2 3 4 5 18] [1 2 3 4 5 6 19 23] [1 2 4] [1 2 3 4 5 6 9 18 19 23 25] [1 2 3 4 5 6 16] [1 2 3 4 6 18] [1 2 25] [2 19] [1 2 3 4 6 7 16 19] [1 2 3 4 18 25] [2 19 23] [1 2 3 4 5 6 9 18 25] [2 3 19 23] [1 2 3 4 5 6 19] [1 2 23] [1 2 3 4 5 19 23 25] [] [] [] [] [] [] [] [] [] [] [] [] [] [] [] [] [] [] [] [] [] [] [] [] [] [] [] [] [] [] [] [] [] [] [] [] [] [] [] [] [] [] [] [] [] [] [] [] [] [] [] [] [] [] [] [] [] [] [] [] [] [] [] [] [] [] [] [] [] [] [] [] [] [] [] [] [] [] [] [] [] [] [] [] [] [] [] [] [] [] [] [] [] [] [] [] [] [] [] [] [] [] [] [] [] [] [] [] [] [] [] [] [] [] [] [] [] [] [] [] [] [] [] [] [] [] [] [] [] [] [] [] [] [] [] [] [] [] [] [] [] [] [] [] [] [] [] [] [] [] [] [] [] [] [] [] [] [] [] [] [] [] [] [] [] [] [] [] [] [] [] []
256 [] [1 2 3 4 19 23] [1 2 3 4 5 6 9 19 23 25 52] [1 2 3 4 6 19 23 25] [1 2 3 4 6 19 23] [1 2 3 4] [1 2 3 4 6 16 19] [1 2 3 4 5 18 19] [1 2 3 4 5 6 19 23 25] [1 2 3] [1 2 3 4 18] [1 2 3 4 6] [1 2 3 4 19] [1 2 3 19] [1 2 3 4 5] [1 2 3 4 16 19 23 25] [1 2 3 4 5 6 19 23 25 52] [1 2 3 4 6 19 23 52] [1 2 3 4 18 19 23 25 52] [1 2 3 4 6 10 18 19 23] [1 2 3 4 5 25] [1 2 3 4 16] [1 2 3 4 16 18 25] [1 2 3 4 6 16 18 19 23 25 26 52 55] [1 2] [1 2 3 4 5 6] [1 2 3 4 5 6 9 19] [1 2 3 4 5 6 9 11 19 23 25 28 30] [1 6 18] [1 2 6] [1 2 3 4 6 8 16 18 25] [1 59] [1] [1 2 3 4 5 6 19 23 25 52 56] [1 2 3 4 5 6 9 16 19 23] [1 2 3 4 6 16] [1 2 3 4 6 16 18 19 23 52] [1 2 53] [1 2 3 4 6 8 16 19 23 25 55] [1 10] [1 2 3 4 5 6 9 18 19 23 25 26] [1 2 3 4 5 6 16 25] [1 2 3 4 5 18 23 25 26] [1 2 3 4 25] [1 2 3 4 19 23 25 52] [1 2 3 4 5 18] [1 2 3 4 5 6 19 23] [1 2 4] [1 2 3 4 5 6 9 18 19 23 25] [1 2 3 4 5 6 16] [1 2 3 4 6 18] [1 2 3 4 18 19 23] [1 2 25] [2 19] [1 2 3 4 6 7 16 19] [1 2 3 4 18 25] [2 19 23] [1 2 3 4 5 6 9 18 25] [2 3 19 23] [1 2 3 4 5 6 19] [1 2 23] [1 2 3 4 5 19 23 25] [] [] [] [] [] [] [] [] [] [] [] [] [] [] [] [] [] [] [] [] [] [] [] [] [] [] [] [] [] [] [] [] [] [] [] [] [] [] [] [] [] [] [] [] [] [] [] [] [] [] [] [] [] [] [] [] [] [] [] [] [] [] [] [] [] [] [] [] [] [] [] [] [] [] [] [] [] [] [] [] [] [] [] [] [] [] [] [] [] [] [] [] [] [] [] [] [] [] [] [] [] [] [] [] [] [] [] [] [] [] [] [] [] [] [] [] [] [] [] [] [] [] [] [] [] [] [] [] [] [] [] [] [] [] [] [] [] [] [] [] [] [] [] [] [] [] [] [] [] [] [] [] [] [] [] [] [] [] [] [] [] [] [] [] [] [] [] [] [] [] [] []
257 [] [1 2 3 4 6 19 23 25] [1 2 3 4 6 19 23] [1 2 3 4] [1 2 3 4 6 16 19] [1 2 3 4 5 18 19] [1 2 3 4 5 6 19 23 25] [1 2 3] [1 2 3 4 19 23] [1 2 3 4 18] [1 2 3 4 6] [1 2 3 4 19] [1 2 3 19] [1 2 3 4 5] [1 2 3 4 16 19 23 25] [1 2 3 4 5 6 19 23 25 52] [1 2 3 4 6 19 23 52] [1 2 3 4 18 19 23 25 52] [1 2 3 4 6 10 18 19 23] [1 2 3 4 5 25] [1 2 3 4 16] [1 2 3 4 16 18 25] [1 2 3 4 6 16 18 19 23 25 26 52 55] [1 2] [1 2 3 4 5 6] [1 2 3 4 5 6 9 19] [1 2 3 4 5 6 9 11 19 23 25 28 30] [1 6 18] [1 2 6] [1 2 3 4 6 8 16 18 25] [1 59] [1] [1 2 3 4 5 6 19 23 25 52 56] [1 2 3 4 5 6 9 16 19 23] [1 2 3 4 6 16] [1 2 3 4 6 16 18 19 23 52] [1 2 53] [1 2 3 4 6 8 16 19 23 25 55] [1 10] [1 2 3 4 5 6 9 18 19 23 25 26] [1 2 3 4 5 6 16 25] [1 2 3 4 5 18 23 25 26] [1 2 3 4 25] [1 2 3 4 19 23 25 52] [1 2 3 4 5 18] [1 2 3 4 5 6 19 23] [1 2 4] [1 2 3 4 5 6 9 18 19 23 25] [1 2 3 4 5 6 16] [1 2 3 4 6 18] [1 2 3 4 18 19 23] [1 2 25] [2 19] [1 2 3 4 6 7 16 19] [1 2 3 4 18 25] [2 19 23] [1 2 3 4 5 6 9 18 25] [2 3 19 23] [1 2 3 4 5 6 19] [1 2 23] [1 2 3 4 5 19 23 25] [] [] [] [] [] [] [] [] [] [] [] [] [] [] [] [] [] [] [] [] [] [] [] [] [] [] [] [] [] [] [] [] [] [] [] [] [] [] [] [] [] [] [] [] [] [] [] [] [] [] [] [] [] [] [] [] [] [] [] [] [] [] [] [] [] [] [] [] [] [] [] [] [] [] [] [] [] [] [] [] [] [] [] [] [] [] [] [] [] [] [] [] [] [] [] [] [] [] [] [] [] [] [] [] [] [] [] [] [] [] [] [] [] [] [] [] [] [] [] [] [] [] [] [] [] [] [] [] [] [] [] [] [] [] [] [] [] [] [] [] [] [] [] [] [] [] [] [] [] [] [] [] [] [] [] [] [] [] [] [] [] [] [] [] [] [] [] [] [] [] [] [] []
258 [] [1 2 3 4] [1 2 3 4 25] [1 2 3 4 6 16 19] [1 2 3 4 5 18 19] [1 2 3 4 5 6 19 23 25] [1 2 3] [1 2 3 4 19 23] [1 2 3 4 18] [1 2 3 4 6] [1 2 3 4 19] [1 2 3 19] [1 2 3 4 5] [1 2 3 4 16 19 23 25] [1 2 3 4 5 6 19 23 25 52] [1 2 3 4 6 19 23 52] [1 2 3 4 18 19 23 25 52] [1 2 3 4 6 10 18 19 23] [1 2 3 4 5 25] [1 2 3 4 16] [1 2 3 4 16 18 25] [1 2 3 4 6 16 18 19 23 25 26 52 55] [1 2] [1 2 3 4 5 6] [1 2 3 4 5 6 9 19] [1 2 3 4 5 6 9 11 19 23 25 28 30] [1 6 18] [1 2 6] [1 2 3 4 6 8 16 18 25] [1 59] [1] [1 2 3 4 5 6 19 23 25 52 56] [1 2 3 4 5 6 9 16 19 23] [1 2 3 4 6 19 23] [1 2 3 4 6 16] [1 2 3 4 6 16 18 19 23 52] [1 2 53] [1 2 3 4 6 8 16 19 23 25 55] [1 10] [1 2 3 4 5 6 9 18 19 23 25 26] [1 2 3 4 5 6 16 25] [1 2 3 4 5 18 23 25 26] [1 2 3 4 19 23 25 52] [1 2 3 4 5 18] [1 2 3 4 5 6 19 23] [1 2 4] [1 2 3 4 5 6 9 18 19 23 25] [1 2 3 4 5 6 16] [1 2 3 4 6 18] [1 2 3 4 18 19 23] [1 2 25] [2 19] [1 2 3 4 6 7 16 19] [1 2 3 4 18 25] [2 19 23] [1 2 3 4 5 6 9 18 25] [2 3 19 23] [1 2 3 4 5 6 19] [1 2 23] [1 2 3 4 5 19 23 25] [] [] [] [] [] [] [] [] [] [] [] [] [] [] [] [] [] [] [] [] [] [] [] [] [] [] [] [] [] [] [] [] [] [] [] [] [] [] [] [] [] [] [] [] [] [] [] [] [] [] [] [] [] [] [] [] [] [] [] [] [] [] [] [] [] [] [] [] [] [] [] [] [] [] [] [] [] [] [] [] [] [] [] [] [] [] [] [] [] [] [] [] [] [] [] [] [] [] [] [] [] [] [] [] [] [] [] [] [] [] [] [] [] [] [] [] [] [] [] [] [] [] [] [] [] [] [] [] [] [] [] [] [] [] [] [] [] [] [] [] [] [] [] [] [] [] [] [] [] [] [] [] [] [] [] [] [] [] [] [] [] [] [] [] [] [] [] [] [] [] [] [] [] []
259 [] [1 2 3 4 6 16 19] [1 2 3 4 5 18 19] [1 2 3 4 5 6 19 23 25] [1 2 3] [1 2 3 4 19 23] [1 2 3 4 18] [1 2 3 4 6] [1 2 3 4] [1 2 3 4 19] [1 2 3 19] [1 2 3 4 5] [1 2 3 4 16 19 23 25] [1 2 3 4 5 6 19 23 25 52] [1 2 3 4 6 19 23 52] [1 2 3 4 18 19 23 25 52] [1 2 3 4 6 10 18 19 23] [1 2 3 4 5 25] [1 2 3 4 16] [1 2 3 4 16 18 25] [1 2 3 4 6 16 18 19 23 25 26 52 55] [1 2] [1 2 3 4 5 6] [1 2 3 4 5 6 9 19] [1 2 3 4 5 6 9 11 19 23 25 28 30] [1 6 18] [1 2 6] [1 2 3 4 6 8 16 18 25] [1 59] [1] [1 2 3 4 5 6 19 23 25 52 56] [1 2 3 4 5 6 9 16 19 23] [1 2 3 4 6 19 23] [1 2 3 4 6 16] [1 2 3 4 6 16 18 19 23 52] [1 2 53] [1 2 3 4 6 8 16 19 23 25 55] [1 10] [1 2 3 4 5 6 9 18 19 23 25 26] [1 2 3 4 5 6 16 25] [1 2 3 4 5 18 23 25 26] [1 2 3 4 25] [1 2 3 4 19 23 25 52] [1 2 3 4 5 18] [1 2 3 4 5 6 19 23] [1 2 4] [1 2 3 4 5 6 9 18 19 23 25] [1 2 3 4 5 6 16] [1 2 3 4 6 18] [1 2 3 4 18 19 23] [1 2 25] [2 19] [1 2 3 4 6 7 16 19] [1 2 3 4 18 25] [2 19 23] [1 2 3 4 5 6 9 18 25] [2 3 19 23] [1 2 3 4 5 6 19] [1 2 23] [1 2 3 4 5 19 23 25] [] [] [] [] [] [] [] [] [] [] [] [] [] [] [] [] [] [] [] [] [] [] [] [] [] [] [] [] [] [] [] [] [] [] [] [] [] [] [] [] [] [] [] [] [] [] [] [] [] [] [] [] [] [] [] [] [] [] [] [] [] [] [] [] [] [] [] [] [] [] [] [] [] [] [] [] [] [] [] [] [] [] [] [] [] [] [] [] [] [] [] [] [] [] [] [] [] [] [] [] [] [] [] [] [] [] [] [] [] [] [] [] [] [] [] [] [] [] [] [] [] [] [] [] [] [] [] [] [] [] [] [] [] [] [] [] [] [] [] [] [] [] [] [] [] [] [] [] [] [] [] [] [] [] [] [] [] [] [] [] [] [] [] [] [] [] [] [] [] [] [] [] [] []
260 [] [1 2 3 4 5 6 19 23 25] [1 2 3] [1 2 3 4 19 23] [1 2 3 4 18] [1 2 3 4 6] [1 2 3 4] [1 2 3 4 19] [1 2 3 19] [1 2 3 4 5] [1 2 3 4 16 19 23 25] [1 2 3 4 5 6 19 23 25 52] [1 2 3 4 6 19 23 52] [1 2 3 4 18 19 23 25 52] [1 2 3 4 6 10 18 19 23] [1 2 3 4 5 25] [1 2 3 4 16] [1 2 3 4 16 18 25] [1 2 3 4 6 16 18 19 23 25 26 52 55] [1 2] [1 2 3 4 5 6] [1 2 3 4 6 16 19] [1 2 3 4 5 6 9 19] [1 2 3 4 5 6 9 11 19 23 25 28 30] [1 6 18] [1 2 6] [1 2 3 4 6 8 16 18 25] [1 59] [1] [1 2 3 4 5 6 19 23 25 52 56] [1 2 3 4 5 6 9 16 19 23] [1 2 3 4 6 19 23] [1 2 3 4 6 16] [1 2 3 4 6 16 18 19 23 52] [1 2 53] [1 2 3 4 6 8 16 19 23 25 55] [1 10] [1 2 3 4 5 6 9 18 19 23 25 26] [1 2 3 4 5 6 16 25] [1 2 3 4 5 18 23 25 26] [1 2 3 4 25] [1 2 3 4 19 23 25 52] [1 2 3 4 5 18] [1 2 3 4 5 6 19 23] [1 2 4] [1 2 3 4 5 6 9 18 19 23 25] [1 2 3 4 5 6 16] [1 2 3 4 6 18] [1 2 3 4 18 19 23] [1 2 25] [2 19] [1 2 3 4 6 7 16 19] [1 2 3 4 18 25] [2 19 23] [1 2 3 4 5 6 9 18 25] [2 3 19 23] [1 2 3 4 5 6 19] [1 2 23] [1 2 3 4 5 19 23 25] [] [] [] [] [] [] [] [] [] [] [] [] [] [] [] [] [] [] [] [] [] [] [] [] [] [] [] [] [] [] [] [] [] [] [] [] [] [] [] [] [] [] [] [] [] [] [] [] [] [] [] [] [] [] [] [] [] [] [] [] [] [] [] [] [] [] [] [] [] [] [] [] [] [] [] [] [] [] [] [] [] [] [] [] [] [] [] [] [] [] [] [] [] [] [] [] [] [] [] [] [] [] [] [] [] [] [] [] [] [] [] [] [] [] [] [] [] [] [] [] [] [] [] [] [] [] [] [] [] [] [] [] [] [] [] [] [] [] [] [] [] [] [] [] [] [] [] [] [] [] [] [] [] [] [] [] [] [] [] [] [] [] [] [] [] [] [] [] [] [] [] [] [] [] []
261 [] [1 2 3] [1 2 3 4 19 23] [1 2 3 4] [1 2 3 4 18] [1 2 3 4 6] [1 2 3 4 19] [1 2 3 19] [1 2 3 4 5] [1 2 3 4 16 19 23 25] [1 2 3 4 5 6 19 23 25 52] [1 2 3 4 6 19 23 52] [1 2 3 4 18 19 23 25 52] [1 2 3 4 6 10 18 19 23] [1 2 3 4 5 25] [1 2 3 4 16] [1 2 3 4 16 18 25] [1 2 3 4 6 16 18 19 23 25 26 52 55] [1 2] [1 2 3 4 5 6] [1 2 3 4 6 16 19] [1 2 3 4 5 6 9 19] [1 2 3 4 5 6 9 11 19 23 25 28 30] [1 2 3 4 5 6 19 23 25] [1 6 18] [1 2 6] [1 2 3 4 6 8 16 18 25] [1 59] [1] [1 2 3 4 5 6 19 23 25 52 56] [1 2 3 4 5 6 9 16 19 23] [1 2 3 4 6 19 23] [1 2 3 4 6 16] [1 2 3 4 6 16 18 19 23 52] [1 2 53] [1 2 3 4 6 8 16 19 23 25 55] [1 10] [1 2 3 4 5 6 9 18 19 23 25 26] [1 2 3 4 5 6 16 25] [1 2 3 4 5 18 23 25 26] [1 2 3 4 25] [1 2 3 4 19 23 25 52] [1 2 3 4 5 18] [1 2 3 4 5 6 19 23] [1 2 4] [1 2 3 4 5 6 9 18 19 23 25] [1 2 3 4 5 6 16] [1 2 3 4 6 18] [1 2 3 4 18 19 23] [1 2 25] [2 19] [1 2 3 4 6 7 16 19] [1 2 3 4 18 25] [2 19 23] [1 2 3 4 5 6 9 18 25] [2 3 19 23] [1 2 3 4 5 6 19] [1 2 23] [1 2 3 4 5 19 23 25] [] [] [] [] [] [] [] [] [] [] [] [] [] [] [] [] [] [] [] [] [] [] [] [] [] [] [] [] [] [] [] [] [] [] [] [] [] [] [] [] [] [] [] [] [] [] [] [] [] [] [] [] [] [] [] [] [] [] [] [] [] [] [] [] [] [] [] [] [] [] [] [] [] [] [] [] [] [] [] [] [] [] [] [] [] [] [] [] [] [] [] [] [] [] [] [] [] [] [] [] [] [] [] [] [] [] [] [] [] [] [] [] [] [] [] [] [] [] [] [] [] [] [] [] [] [] [] [] [] [] [] [] [] [] [] [] [] [] [] [] [] [] [] [] [] [] [] [] [] [] [] [] [] [] [] [] [] [] [] [] [] [] [] [] [] [] [] [] [] [] [] [] [] [] []
262 [] [1 2 3 4] [1 2 3 4 18] [1 2 3 4 5 6] [1 2 3 4 6] [1 2 3 4 19 23] [1 2 3 4 19] [1 2 3 19] [1 2 3 4 5] [1 2 3] [1 2 3 4 16 19 23 25] [1 2 3 4 5 6 19 23 25 52] [1 2 3 4 6 19 23 52] [1 2 3 4 18 19 23 25 52] [1 2 3 4 6 10 18 19 23] [1 2 3 4 5 25] [1 2 3 4 16] [1 2 3 4 16 18 25] [1 2 3 4 6 16 18 19 23 25 26 52 55] [1 2] [1 2 3 4 6 16 19] [1 2 3 4 5 6 9 19] [1 2 3 4 5 6 9 11 19 23 25 28 30] [1 2 3 4 5 6 19 23 25] [1 6 18] [1 2 6] [1 2 3 4 6 8 16 18 25] [1 59] [1] [1 2 3 4 5 6 19 23 25 52 56] [1 2 3 4 5 6 9 16 19 23] [1 2 3 4 6 19 23] [1 2 3 4 6 16] [1 2 3 4 6 16 18 19 23 52] [1 2 53] [1 2 3 4 6 8 16 19 23 25 55] [1 10] [1 2 3 4 5 6 9 18 19 23 25 26] [1 2 3 4 5 6 16 25] [1 2 3 4 5 18 23 25 26] [1 2 3 4 25] [1 2 3 4 19 23 25 52] [1 2 3 4 5 18] [1 2 3 4 5 6 19 23] [1 2 4] [1 2 3 4 5 6 9 18 19 23 25] [1 2 3 4 5 6 16] [1 2 3 4 6 18] [1 2 3 4 18 19 23] [1 2 25] [2 19] [1 2 3 4 6 7 16 19] [1 2 3 4 18 25] [2 19 23] [1 2 3 4 5 6 9 18 25] [2 3 19 23] [1 2 3 4 5 6 19] [1 2 23] [1 2 3 4 5 19 23 25] [] [] [] [] [] [] [] [] [] [] [] [] [] [] [] [] [] [] [] [] [] [] [] [] [] [] [] [] [] [] [] [] [] [] [] [] [] [] [] [] [] [] [] [] [] [] [] [] [] [] [] [] [] [] [] [] [] [] [] [] [] [] [] [] [] [] [] [] [] [] [] [] [] [] [] [] [] [] [] [] [] [] [] [] [] [] [] [] [] [] [] [] [] [] [] [] [] [] [] [] [] [] [] [] [] [] [] [] [] [] [] [] [] [] [] [] [] [] [] [] [] [] [] [] [] [] [] [] [] [] [] [] [] [] [] [] [] [] [] [] [] [] [] [] [] [] [] [] [] [] [] [] [] [] [] [] [] [] [] [] [] [] [] [] [] [] [] [] [] [] [] [] [] [] []
263 [] [1 2 3 4 5 6] [1 2 3 4 5 6 16 25] [1 2 3 4 16 19 23 25] [1 2 3 4 6] [1 2 3 4] [1 2 3 4 19 23] [1 2 3 4 19] [1 2 3 19] [1 2 3 4 5] [1 2 3] [1 2 3 4 5 6 19 23 25 52] [1 2 3 4 6 19 23 52] [1 2 3 4 18 19 23 25 52] [1 2 3 4 6 10 18 19 23] [1 2 3 4 5 25] [1 2 3 4 16] [1 2 3 4 16 18 25] [1 2 3 4 6 16 18 19 23 25 26 52 55] [1 2 3 4 18] [1 2] [1 2 3 4 6 16 19] [1 2 3 4 5 6 9 19] [1 2 3 4 5 6 9 11 19 23 25 28 30] [1 2 3 4 5 6 19 23 25] [1 6 18] [1 2 6] [1 2 3 4 6 8 16 18 25] [1 59] [1] [1 2 3 4 5 6 19 23 25 52 56] [1 2 3 4 5 6 9 16 19 23] [1 2 3 4 6 19 23] [1 2 3 4 6 16] [1 2 3 4 6 16 18 19 23 52] [1 2 53] [1 2 3 4 6 8 16 19 23 25 55] [1 10] [1 2 3 4 5 6 9 18 19 23 25 26] [1 2 3 4 5 18 23 25 26] [1 2 3 4 25] [1 2 3 4 19 23 25 52] [1 2 3 4 5 18] [1 2 3 4 5 6 19 23] [1 2 4] [1 2 3 4 5 6 9 18 19 23 25] [1 2 3 4 5 6 16] [1 2 3 4 6 18] [1 2 3 4 18 19 23] [1 2 25] [2 19] [1 2 3 4 6 7 16 19] [1 2 3 4 18 25] [2 19 23] [1 2 3 4 5 6 9 18 25] [2 3 19 23] [1 2 3 4 5 6 19] [1 2 23] [1 2 3 4 5 19 23 25] [] [] [] [] [] [] [] [] [] [] [] [] [] [] [] [] [] [] [] [] [] [] [] [] [] [] [] [] [] [] [] [] [] [] [] [] [] [] [] [] [] [] [] [] [] [] [] [] [] [] [] [] [] [] [] [] [] [] [] [] [] [] [] [] [] [] [] [] [] [] [] [] [] [] [] [] [] [] [] [] [] [] [] [] [] [] [] [] [] [] [] [] [] [] [] [] [] [] [] [] [] [] [] [] [] [] [] [] [] [] [] [] [] [] [] [] [] [] [] [] [] [] [] [] [] [] [] [] [] [] [] [] [] [] [] [] [] [] [] [] [] [] [] [] [] [] [] [] [] [] [] [] [] [] [] [] [] [] [] [] [] [] [] [] [] [] [] [] [] [] [] [] [] [] []
264 [] [1 2 3 4 16 19 23 25] [1 2 3 4 6] [1 2 3 4] [1 2 3 4 19 23] [1 2 3 4 19] [1 2 3 19] [1 2 3 4 5] [1 2 3] [1 2 3 4 5 6 19 23 25 52] [1 2 3 4 6 19 23 52] [1 2 3 4 18 19 23 25 52] [1 2 3 4 6 10 18 19 23] [1 2 3 4 5 25] [1 2 3 4 16] [1 2 3 4 16 18 25] [1 2 3 4 6 16 18 19 23 25 26 52 55] [1 2 3 4 18] [1 2] [1 2 3 4 5 6] [1 2 3 4 6 16 19] [1 2 3 4 5 6 9 19] [1 2 3 4 5 6 9 11 19 23 25 28 30] [1 2 3 4 5 6 19 23 25] [1 6 18] [1 2 6] [1 2 3 4 6 8 16 18 25] [1 59] [1] [1 2 3 4 5 6 19 23 25 52 56] [1 2 3 4 5 6 9 16 19 23] [1 2 3 4 6 19 23] [1 2 3 4 6 16] [1 2 3 4 6 16 18 19 23 52] [1 2 53] [1 2 3 4 6 8 16 19 23 25 55] [1 10] [1 2 3 4 5 6 9 18 19 23 25 26] [1 2 3 4 5 6 16 25] [1 2 3 4 5 18 23 25 26] [1 2 3 4 25] [1 2 3 4 19 23 25 52] [1 2 3 4 5 18] [1 2 3 4 5 6 19 23] [1 2 4] [1 2 3 4 5 6 9 18 19 23 25] [1 2 3 4 5 6 16] [1 2 3 4 6 18] [1 2 3 4 18 19 23] [1 2 25] [2 19] [1 2 3 4 6 7 16 19] [1 2 3 4 18 25] [2 19 23] [1 2 3 4 5 6 9 18 25] [2 3 19 23] [1 2 3 4 5 6 19] [1 2 23] [1 2 3 4 5 19 23 25] [] [] [] [] [] [] [] [] [] [] [] [] [] [] [] [] [] [] [] [] [] [] [] [] [] [] [] [] [] [] [] [] [] [] [] [] [] [] [] [] [] [] [] [] [] [] [] [] [] [] [] [] [] [] [] [] [] [] [] [] [] [] [] [] [] [] [] [] [] [] [] [] [] [] [] [] [] [] [] [] [] [] [] [] [] [] [] [] [] [] [] [] [] [] [] [] [] [] [] [] [] [] [] [] [] [] [] [] [] [] [] [] [] [] [] [] [] [] [] [] [] [] [] [] [] [] [] [] [] [] [] [] [] [] [] [] [] [] [] [] [] [] [] [] [] [] [] [] [] [] [] [] [] [] [] [] [] [] [] [] [] [] [] [] [] [] [] [] [] [] [] [] [] [] []
265 [] [1 2 3 4] [1 2 3 4 5 18 19 23 25 52] [1 2 3 4 6 16 19 25 55] [1 2 3 4 19 23] [1 2 3 4 19] [1 2 3 19] [1 2 3 4 5] [1 2 3] [1 2 3 4 16 19 23 25] [1 2 3 4 5 6 19 23 25 52] [1 2 3 4 6 19 23 52] [1 2 3 4 18 19 23 25 52] [1 2 3 4 6 10 18 19 23] [1 2 3 4 5 25] [1 2 3 4 16] [1 2 3 4 16 18 25] [1 2 3 4 6 16 18 19 23 25 26 52 55] [1 2 3 4 18] [1 2] [1 2 3 4 5 6] [1 2 3 4 6 16 19] [1 2 3 4 5 6 9 19] [1 2 3 4 5 6 9 11 19 23 25 28 30] [1 2 3 4 5 6 19 23 25] [1 6 18] [1 2 6] [1 2 3 4 6 8 16 18 25] [1 59] [1] [1 2 3 4 5 6 19 23 25 52 56] [1 2 3 4 5 6 9 16 19 23] [1 2 3 4 6 19 23] [1 2 3 4 6] [1 2 3 4 6 16] [1 2 3 4 6 16 18 19 23 52] [1 2 53] [1 2 3 4 6 8 16 19 23 25 55] [1 10] [1 2 3 4 5 6 9 18 19 23 25 26] [1 2 3 4 5 6 16 25] [1 2 3 4 5 18 23 25 26] [1 2 3 4 25] [1 2 3 4 19 23 25 52] [1 2 3 4 5 18] [1 2 3 4 5 6 19 23] [1 2 4] [1 2 3 4 5 6 9 18 19 23 25] [1 2 3 4 5 6 16] [1 2 3 4 6 18] [1 2 3 4 18 19 23] [1 2 25] [2 19] [1 2 3 4 6 7 16 19] [1 2 3 4 18 25] [2 19 23] [1 2 3 4 5 6 9 18 25] [2 3 19 23] [1 2 3 4 5 6 19] [1 2 23] [1 2 3 4 5 19 23 25] [] [] [] [] [] [] [] [] [] [] [] [] [] [] [] [] [] [] [] [] [] [] [] [] [] [] [] [] [] [] [] [] [] [] [] [] [] [] [] [] [] [] [] [] [] [] [] [] [] [] [] [] [] [] [] [] [] [] [] [] [] [] [] [] [] [] [] [] [] [] [] [] [] [] [] [] [] [] [] [] [] [] [] [] [] [] [] [] [] [] [] [] [] [] [] [] [] [] [] [] [] [] [] [] [] [] [] [] [] [] [] [] [] [] [] [] [] [] [] [] [] [] [] [] [] [] [] [] [] [] [] [] [] [] [] [] [] [] [] [] [] [] [] [] [] [] [] [] [] [] [] [] [] [] [] [] [] [] [] [] [] [] [] [] [] [] [] [] [] [] [] [] []
266 [] [1 2 3 4 6 16 19 25 55] [1 2 3 4 19 23] [1 2 3 4 19] [1 2 3 19] [1 2 3 4 5] [1 2 3 4] [1 2 3] [1 2 3 4 16 19 23 25] [1 2 3 4 5 6 19 23 25 52] [1 2 3 4 6 19 23 52] [1 2 3 4 18 19 23 25 52] [1 2 3 4 6 10 18 19 23] [1 2 3 4 5 25] [1 2 3 4 16] [1 2 3 4 16 18 25] [1 2 3 4 6 16 18 19 23 25 26 52 55] [1 2 3 4 18] [1 2] [1 2 3 4 5 6] [1 2 3 4 6 16 19] [1 2 3 4 5 6 9 19] [1 2 3 4 5 6 9 11 19 23 25 28 30] [1 2 3 4 5 6 19 23 25] [1 6 18] [1 2 6] [1 2 3 4 6 8 16 18 25] [1 59] [1] [1 2 3 4 5 6 19 23 25 52 56] [1 2 3 4 5 6 9 16 19 23] [1 2 3 4 6 19 23] [1 2 3 4 6] [1 2 3 4 6 16] [1 2 3 4 6 16 18 19 23 52] [1 2 53] [1 2 3 4 6 8 16 19 23 25 55] [1 10] [1 2 3 4 5 6 9 18 19 23 25 26] [1 2 3 4 5 6 16 25] [1 2 3 4 5 18 23 25 26] [1 2 3 4 25] [1 2 3 4 19 23 25 52] [1 2 3 4 5 18] [1 2 3 4 5 6 19 23] [1 2 4] [1 2 3 4 5 6 9 18 19 23 25] [1 2 3 4 5 6 16] [1 2 3 4 6 18] [1 2 3 4 18 19 23] [1 2 25] [2 19] [1 2 3 4 6 7 16 19] [1 2 3 4 18 25] [2 19 23] [1 2 3 4 5 6 9 18 25] [2 3 19 23] [1 2 3 4 5 6 19] [1 2 23] [1 2 3 4 5 19 23 25] [] [] [] [] [] [] [] [] [] [] [] [] [] [] [] [] [] [] [] [] [] [] [] [] [] [] [] [] [] [] [] [] [] [] [] [] [] [] [] [] [] [] [] [] [] [] [] [] [] [] [] [] [] [] [] [] [] [] [] [] [] [] [] [] [] [] [] [] [] [] [] [] [] [] [] [] [] [] [] [] [] [] [] [] [] [] [] [] [] [] [] [] [] [] [] [] [] [] [] [] [] [] [] [] [] [] [] [] [] [] [] [] [] [] [] [] [] [] [] [] [] [] [] [] [] [] [] [] [] [] [] [] [] [] [] [] [] [] [] [] [] [] [] [] [] [] [] [] [] [] [] [] [] [] [] [] [] [] [] [] [] [] [] [] [] [] [] [] [] [] [] [] [] []
267 [] [1 2 3 4 19] [1 2 3 19] [1 2 3 4 5] [1 2 3 4] [1 2 3] [1 2 3 4 16 19 23 25] [1 2 3 4 5 6 19 23 25 52] [1 2 3 4 6 19 23 52] [1 2 3 4 19 23] [1 2 3 4 18 19 23 25 52] [1 2 3 4 6 10 18 19 23] [1 2 3 4 5 25] [1 2 3 4 16] [1 2 3 4 16 18 25] [1 2 3 4 6 16 18 19 23 25 26 52 55] [1 2 3 4 18] [1 2] [1 2 3 4 5 6] [1 2 3 4 6 16 19] [1 2 3 4 5 6 9 19] [1 2 3 4 5 6 9 11 19 23 25 28 30] [1 2 3 4 5 6 19 23 25] [1 6 18] [1 2 6] [1 2 3 4 6 8 16 18 25] [1 59] [1] [1 2 3 4 5 6 19 23 25 52 56] [1 2 3 4 5 6 9 16 19 23] [1 2 3 4 6 19 23] [1 2 3 4 6] [1 2 3 4 6 16] [1 2 3 4 6 16 18 19 23 52] [1 2 53] [1 2 3 4 6 8 16 19 23 25 55] [1 10] [1 2 3 4 5 6 9 18 19 23 25 26] [1 2 3 4 5 6 16 25] [1 2 3 4 5 18 23 25 26] [1 2 3 4 25] [1 2 3 4 19 23 25 52] [1 2 3 4 5 18] [1 2 3 4 5 6 19 23] [1 2 4] [1 2 3 4 5 6 9 18 19 23 25] [1 2 3 4 5 6 16] [1 2 3 4 6 18] [1 2 3 4 18 19 23] [1 2 25] [2 19] [1 2 3 4 6 7 16 19] [1 2 3 4 18 25] [2 19 23] [1 2 3 4 5 6 9 18 25] [2 3 19 23] [1 2 3 4 5 6 19] [1 2 23] [1 2 3 4 5 19 23 25] [] [] [] [] [] [] [] [] [] [] [] [] [] [] [] [] [] [] [] [] [] [] [] [] [] [] [] [] [] [] [] [] [] [] [] [] [] [] [] [] [] [] [] [] [] [] [] [] [] [] [] [] [] [] [] [] [] [] [] [] [] [] [] [] [] [] [] [] [] [] [] [] [] [] [] [] [] [] [] [] [] [] [] [] [] [] [] [] [] [] [] [] [] [] [] [] [] [] [] [] [] [] [] [] [] [] [] [] [] [] [] [] [] [] [] [] [] [] [] [] [] [] [] [] [] [] [] [] [] [] [] [] [] [] [] [] [] [] [] [] [] [] [] [] [] [] [] [] [] [] [] [] [] [] [] [] [] [] [] [] [] [] [] [] [] [] [] [] [] [] [] [] [] [] []
268 [] [1 2 3 4 5] [1 2 3 4] [1 2 3] [1 2 3 4 16 19 23 25] [1 2 3 4 5 6 19 23 25 52] [1 2 3 4 6 19 23 52] [1 2 3 4 19 23] [1 2 3 4 18 19 23 25 52] [1 2 3 4 6 10 18 19 23] [1 2 3 4 5 25] [1 2 3 4 16] [1 2 3 4 16 18 25] [1 2 3 4 6 16 18 19 23 25 26 52 55] [1 2 3 4 18] [1 2] [1 2 3 4 19] [1 2 3 4 5 6] [1 2 3 4 6 16 19] [1 2 3 4 5 6 9 19] [1 2 3 4 5 6 9 11 19 23 25 28 30] [1 2 3 4 5 6 19 23 25] [1 6 18] [1 2 6] [1 2 3 4 6 8 16 18 25] [1 59] [1] [1 2 3 4 5 6 19 23 25 52 56] [1 2 3 4 5 6 9 16 19 23] [1 2 3 4 6 19 23] [1 2 3 4 6] [1 2 3 4 6 16] [1 2 3 4 6 16 18 19 23 52] [1 2 53] [1 2 3 4 6 8 16 19 23 25 55] [1 10] [1 2 3 4 5 6 9 18 19 23 25 26] [1 2 3 4 5 6 16 25] [1 2 3 4 5 18 23 25 26] [1 2 3 4 25] [1 2 3 4 19 23 25 52] [1 2 3 4 5 18] [1 2 3 4 5 6 19 23] [1 2 4] [1 2 3 4 5 6 9 18 19 23 25] [1 2 3 4 5 6 16] [1 2 3 4 6 18] [1 2 3 4 18 19 23] [1 2 25] [2 19] [1 2 3 4 6 7 16 19] [1 2 3 4 18 25] [2 19 23] [1 2 3 4 5 6 9 18 25] [2 3 19 23] [1 2 3 4 5 6 19] [1 2 23] [1 2 3 4 5 19 23 25] [] [] [] [] [] [] [] [] [] [] [] [] [] [] [] [] [] [] [] [] [] [] [] [] [] [] [] [] [] [] [] [] [] [] [] [] [] [] [] [] [] [] [] [] [] [] [] [] [] [] [] [] [] [] [] [] [] [] [] [] [] [] [] [] [] [] [] [] [] [] [] [] [] [] [] [] [] [] [] [] [] [] [] [] [] [] [] [] [] [] [] [] [] [] [] [] [] [] [] [] [] [] [] [] [] [] [] [] [] [] [] [] [] [] [] [] [] [] [] [] [] [] [] [] [] [] [] [] [] [] [] [] [] [] [] [] [] [] [] [] [] [] [] [] [] [] [] [] [] [] [] [] [] [] [] [] [] [] [] [] [] [] [] [] [] [] [] [] [] [] [] [] [] [] [] []
269 [] [1 2 3 4] [1 2 3] [1 2 3 4 16 19 23 25] [1 2 3 4 5 6 19 23 25 52] [1 2 3 4 5] [1 2 3 4 6 19 23 52] [1 2 3 4 19 23] [1 2 3 4 18 19 23 25 52] [1 2 3 4 6 10 18 19 23] [1 2 3 4 5 25] [1 2 3 4 16] [1 2 3 4 16 18 25] [1 2 3 4 6 16 18 19 23 25 26 52 55] [1 2 3 4 18] [1 2] [1 2 3 4 19] [1 2 3 4 5 6] [1 2 3 4 6 16 19] [1 2 3 4 5 6 9 19] [1 2 3 4 5 6 9 11 19 23 25 28 30] [1 2 3 4 5 6 19 23 25] [1 6 18] [1 2 6] [1 2 3 4 6 8 16 18 25] [1 59] [1] [1 2 3 4 5 6 19 23 25 52 56] [1 2 3 4 5 6 9 16 19 23] [1 2 3 4 6 19 23] [1 2 3 4 6] [1 2 3 4 6 16] [1 2 3 4 6 16 18 19 23 52] [1 2 53] [1 2 3 4 6 8 16 19 23 25 55] [1 10] [1 2 3 4 5 6 9 18 19 23 25 26] [1 2 3 4 5 6 16 25] [1 2 3 4 5 18 23 25 26] [1 2 3 4 25] [1 2 3 4 19 23 25 52] [1 2 3 4 5 18] [1 2 3 4 5 6 19 23] [1 2 4] [1 2 3 4 5 6 9 18 19 23 25] [1 2 3 4 5 6 16] [1 2 3 4 6 18] [1 2 3 4 18 19 23] [1 2 25] [2 19] [1 2 3 4 6 7 16 19] [1 2 3 4 18 25] [2 19 23] [1 2 3 4 5 6 9 18 25] [2 3 19 23] [1 2 3 4 5 6 19] [1 2 23] [1 2 3 4 5 19 23 25] [] [] [] [] [] [] [] [] [] [] [] [] [] [] [] [] [] [] [] [] [] [] [] [] [] [] [] [] [] [] [] [] [] [] [] [] [] [] [] [] [] [] [] [] [] [] [] [] [] [] [] [] [] [] [] [] [] [] [] [] [] [] [] [] [] [] [] [] [] [] [] [] [] [] [] [] [] [] [] [] [] [] [] [] [] [] [] [] [] [] [] [] [] [] [] [] [] [] [] [] [] [] [] [] [] [] [] [] [] [] [] [] [] [] [] [] [] [] [] [] [] [] [] [] [] [] [] [] [] [] [] [] [] [] [] [] [] [] [] [] [] [] [] [] [] [] [] [] [] [] [] [] [] [] [] [] [] [] [] [] [] [] [] [] [] [] [] [] [] [] [] [] [] [] [] []
270 [] [1 2 3 4 16 19 23 25] [1 2 3 4 5 6 19 23 25 52] [1 2 3 4 5] [1 2 3 4 6 19 23 52] [1 2 3 4] [1 2 3 4 19 23] [1 2 3 4 18 19 23 25 52] [1 2 3 4 6 10 18 19 23] [1 2 3 4 5 25] [1 2 3 4 16] [1 2 3 4 16 18 25] [1 2 3 4 6 16 18 19 23 25 26 52 55] [1 2 3] [1 2 3 4 18] [1 2] [1 2 3 4 19] [1 2 3 4 5 6] [1 2 3 4 6 16 19] [1 2 3 4 5 6 9 19] [1 2 3 4 5 6 9 11 19 23 25 28 30] [1 2 3 4 5 6 19 23 25] [1 6 18] [1 2 6] [1 2 3 4 6 8 16 18 25] [1 59] [1] [1 2 3 4 5 6 19 23 25 52 56] [1 2 3 4 5 6 9 16 19 23] [1 2 3 4 6 19 23] [1 2 3 4 6] [1 2 3 4 6 16] [1 2 3 4 6 16 18 19 23 52] [1 2 53] [1 2 3 4 6 8 16 19 23 25 55] [1 10] [1 2 3 4 5 6 9 18 19 23 25 26] [1 2 3 4 5 6 16 25] [1 2 3 4 5 18 23 25 26] [1 2 3 4 25] [1 2 3 4 19 23 25 52] [1 2 3 4 5 18] [1 2 3 4 5 6 19 23] [1 2 4] [1 2 3 4 5 6 9 18 19 23 25] [1 2 3 4 5 6 16] [1 2 3 4 6 18] [1 2 3 4 18 19 23] [1 2 25] [2 19] [1 2 3 4 6 7 16 19] [1 2 3 4 18 25] [2 19 23] [1 2 3 4 5 6 9 18 25] [2 3 19 23] [1 2 3 4 5 6 19] [1 2 23] [1 2 3 4 5 19 23 25] [] [] [] [] [] [] [] [] [] [] [] [] [] [] [] [] [] [] [] [] [] [] [] [] [] [] [] [] [] [] [] [] [] [] [] [] [] [] [] [] [] [] [] [] [] [] [] [] [] [] [] [] [] [] [] [] [] [] [] [] [] [] [] [] [] [] [] [] [] [] [] [] [] [] [] [] [] [] [] [] [] [] [] [] [] [] [] [] [] [] [] [] [] [] [] [] [] [] [] [] [] [] [] [] [] [] [] [] [] [] [] [] [] [] [] [] [] [] [] [] [] [] [] [] [] [] [] [] [] [] [] [] [] [] [] [] [] [] [] [] [] [] [] [] [] [] [] [] [] [] [] [] [] [] [] [] [] [] [] [] [] [] [] [] [] [] [] [] [] [] [] [] [] [] [] []
271 [] [1 2 3 4 5] [1 2 3 4 6 19 23 52] [1 2 3 4] [1 2 3 4 19 23] [1 2 3 4 18 19 23 25 52] [1 2 3 4 6 10 18 19 23] [1 2 3 4 5 25] [1 2 3 4 16] [1 2 3 4 16 18 25] [1 2 3 4 6 16 18 19 23 25 26 52 55] [1 2 3] [1 2 3 4 18] [1 2] [1 2 3 4 19] [1 2 3 4 5 6] [1 2 3 4 6 16 19] [1 2 3 4 5 6 9 19] [1 2 3 4 5 6 9 11 19 23 25 28 30] [1 2 3 4 5 6 19 23 25] [1 6 18] [1 2 6] [1 2 3 4 6 8 16 18 25] [1 59] [1] [1 2 3 4 5 6 19 23 25 52 56] [1 2 3 4 5 6 9 16 19 23] [1 2 3 4 6 19 23] [1 2 3 4 6] [1 2 3 4 6 16] [1 2 3 4 6 16 18 19 23 52] [1 2 53] [1 2 3 4 6 8 16 19 23 25 55] [1 10] [1 2 3 4 5 6 9 18 19 23 25 26] [1 2 3 4 5 6 16 25] [1 2 3 4 5 18 23 25 26] [1 2 3 4 25] [1 2 3 4 19 23 25 52] [1 2 3 4 5 18] [1 2 3 4 5 6 19 23] [1 2 4] [1 2 3 4 5 6 9 18 19 23 25] [1 2 3 4 5 6 16] [1 2 3 4 6 18] [1 2 3 4 18 19 23] [1 2 25] [2 19] [1 2 3 4 6 7 16 19] [1 2 3 4 18 25] [2 19 23] [1 2 3 4 5 6 9 18 25] [2 3 19 23] [1 2 3 4 5 6 19] [1 2 23] [1 2 3 4 5 19 23 25] [] [] [] [] [] [] [] [] [] [] [] [] [] [] [] [] [] [] [] [] [] [] [] [] [] [] [] [] [] [] [] [] [] [] [] [] [] [] [] [] [] [] [] [] [] [] [] [] [] [] [] [] [] [] [] [] [] [] [] [] [] [] [] [] [] [] [] [] [] [] [] [] [] [] [] [] [] [] [] [] [] [] [] [] [] [] [] [] [] [] [] [] [] [] [] [] [] [] [] [] [] [] [] [] [] [] [] [] [] [] [] [] [] [] [] [] [] [] [] [] [] [] [] [] [] [] [] [] [] [] [] [] [] [] [] [] [] [] [] [] [] [] [] [] [] [] [] [] [] [] [] [] [] [] [] [] [] [] [] [] [] [] [] [] [] [] [] [] [] [] [] [] [] [] [] [] [] []
272 [] [1 2 3 4 6 19 23 52] [1 2 3 4] [1 2 3 4 19 23] [1 2 3 4 18 19 23 25 52] [1 2 3 4 6 10 18 19 23] [1 2 3 4 5 25] [1 2 3 4 16] [1 2 3 4 16 18 25] [1 2 3 4 6 16 18 19 23 25 26 52 55] [1 2 3] [1 2 3 4 18] [1 2] [1 2 3 4 19] [1 2 3 4 5 6] [1 2 3 4 6 16 19] [1 2 3 4 5 6 9 19] [1 2 3 4 5 6 9 11 19 23 25 28 30] [1 2 3 4 5 6 19 23 25] [1 6 18] [1 2 6] [1 2 3 4 6 8 16 18 25] [1 2 3 4 5] [1 59] [1] [1 2 3 4 5 6 19 23 25 52 56] [1 2 3 4 5 6 9 16 19 23] [1 2 3 4 6 19 23] [1 2 3 4 6] [1 2 3 4 6 16] [1 2 3 4 6 16 18 19 23 52] [1 2 53] [1 2 3 4 6 8 16 19 23 25 55] [1 10] [1 2 3 4 5 6 9 18 19 23 25 26] [1 2 3 4 5 6 16 25] [1 2 3 4 5 18 23 25 26] [1 2 3 4 25] [1 2 3 4 19 23 25 52] [1 2 3 4 5 18] [1 2 3 4 5 6 19 23] [1 2 4] [1 2 3 4 5 6 9 18 19 23 25] [1 2 3 4 5 6 16] [1 2 3 4 6 18] [1 2 3 4 18 19 23] [1 2 25] [2 19] [1 2 3 4 6 7 16 19] [1 2 3 4 18 25] [2 19 23] [1 2 3 4 5 6 9 18 25] [2 3 19 23] [1 2 3 4 5 6 19] [1 2 23] [1 2 3 4 5 19 23 25] [] [] [] [] [] [] [] [] [] [] [] [] [] [] [] [] [] [] [] [] [] [] [] [] [] [] [] [] [] [] [] [] [] [] [] [] [] [] [] [] [] [] [] [] [] [] [] [] [] [] [] [] [] [] [] [] [] [] [] [] [] [] [] [] [] [] [] [] [] [] [] [] [] [] [] [] [] [] [] [] [] [] [] [] [] [] [] [] [] [] [] [] [] [] [] [] [] [] [] [] [] [] [] [] [] [] [] [] [] [] [] [] [] [] [] [] [] [] [] [] [] [] [] [] [] [] [] [] [] [] [] [] [] [] [] [] [] [] [] [] [] [] [] [] [] [] [] [] [] [] [] [] [] [] [] [] [] [] [] [] [] [] [] [] [] [] [] [] [] [] [] [] [] [] [] [] [] []
273 [] [1 2 3 4 19 23] [1 2 3 4 18 19 23 25 52] [1 2 3 4 6 10 18 19 23] [1 2 3 4 5 25] [1 2 3 4 16] [1 2 3 4 16 18 25] [1 2 3 4] [1 2 3 4 6 16 18 19 23 25 26 52 55] [1 2 3] [1 2 3 4 18] [1 2] [1 2 3 4 19] [1 2 3 4 5 6] [1 2 3 4 6 16 19] [1 2 3 4 5 6 9 19] [1 2 3 4 5 6 9 11 19 23 25 28 30] [1 2 3 4 5 6 19 23 25] [1 6 18] [1 2 6] [1 2 3 4 6 8 16 18 25] [1 2 3 4 5] [1 59] [1] [1 2 3 4 5 6 19 23 25 52 56] [1 2 3 4 5 6 9 16 19 23] [1 2 3 4 6 19 23] [1 2 3 4 6] [1 2 3 4 6 16] [1 2 3 4 6 16 18 19 23 52] [1 2 53] [1 2 3 4 6 8 16 19 23 25 55] [1 10] [1 2 3 4 5 6 9 18 19 23 25 26] [1 2 3 4 5 6 16 25] [1 2 3 4 5 18 23 25 26] [1 2 3 4 25] [1 2 3 4 19 23 25 52] [1 2 3 4 5 18] [1 2 3 4 5 6 19 23] [1 2 4] [1 2 3 4 5 6 9 18 19 23 25] [1 2 3 4 5 6 16] [1 2 3 4 6 18] [1 2 3 4 18 19 23] [1 2 25] [2 19] [1 2 3 4 6 7 16 19] [1 2 3 4 18 25] [2 19 23] [1 2 3 4 5 6 9 18 25] [2 3 19 23] [1 2 3 4 5 6 19] [1 2 23] [1 2 3 4 5 19 23 25] [] [] [] [] [] [] [] [] [] [] [] [] [] [] [] [] [] [] [] [] [] [] [] [] [] [] [] [] [] [] [] [] [] [] [] [] [] [] [] [] [] [] [] [] [] [] [] [] [] [] [] [] [] [] [] [] [] [] [] [] [] [] [] [] [] [] [] [] [] [] [] [] [] [] [] [] [] [] [] [] [] [] [] [] [] [] [] [] [] [] [] [] [] [] [] [] [] [] [] [] [] [] [] [] [] [] [] [] [] [] [] [] [] [] [] [] [] [] [] [] [] [] [] [] [] [] [] [] [] [] [] [] [] [] [] [] [] [] [] [] [] [] [] [] [] [] [] [] [] [] [] [] [] [] [] [] [] [] [] [] [] [] [] [] [] [] [] [] [] [] [] [] [] [] [] [] [] [] []
274 [] [1 2 3 4 19 23] [1 2 3 4 6 10 18 19 23] [1 2 3 4 5 25] [1 2 3 4 16] [1 2 3 4 16 18 25] [1 2 3 4] [1 2 3 4 6 16 18 19 23 25 26 52 55] [1 2 3] [1 2 3 4 18] [1 2] [1 2 3 4 19] [1 2 3 4 5 6] [1 2 3 4 6 16 19] [1 2 3 4 5 6 9 19] [1 2 3 4 5 6 9 11 19 23 25 28 30] [1 2 3 4 5 6 19 23 25] [1 6 18] [1 2 6] [1 2 3 4 6 8 16 18 25] [1 2 3 4 5] [1 59] [1] [1 2 3 4 5 6 19 23 25 52 56] [1 2 3 4 5 6 9 16 19 23] [1 2 3 4 6 19 23] [1 2 3 4 6] [1 2 3 4 6 16] [1 2 3 4 6 16 18 19 23 52] [1 2 53] [1 2 3 4 6 8 16 19 23 25 55] [1 10] [1 2 3 4 5 6 9 18 19 23 25 26] [1 2 3 4 5 6 16 25] [1 2 3 4 5 18 23 25 26] [1 2 3 4 25] [1 2 3 4 19 23 25 52] [1 2 3 4 5 18] [1 2 3 4 5 6 19 23] [1 2 4] [1 2 3 4 5 6 9 18 19 23 25] [1 2 3 4 5 6 16] [1 2 3 4 6 18] [1 2 3 4 18 19 23] [1 2 25] [2 19] [1 2 3 4 6 7 16 19] [1 2 3 4 18 25] [2 19 23] [1 2 3 4 5 6 9 18 25] [2 3 19 23] [1 2 3 4 5 6 19] [1 2 23] [1 2 3 4 5 19 23 25] [] [] [] [] [] [] [] [] [] [] [] [] [] [] [] [] [] [] [] [] [] [] [] [] [] [] [] [] [] [] [] [] [] [] [] [] [] [] [] [] [] [] [] [] [] [] [] [] [] [] [] [] [] [] [] [] [] [] [] [] [] [] [] [] [] [] [] [] [] [] [] [] [] [] [] [] [] [] [] [] [] [] [] [] [] [] [] [] [] [] [] [] [] [] [] [] [] [] [] [] [] [] [] [] [] [] [] [] [] [] [] [] [] [] [] [] [] [] [] [] [] [] [] [] [] [] [] [] [] [] [] [] [] [] [] [] [] [] [] [] [] [] [] [] [] [] [] [] [] [] [] [] [] [] [] [] [] [] [] [] [] [] [] [] [] [] [] [] [] [] [] [] [] [] [] [] [] [] [] []
275 [] [1 2 3 4 5 25] [1 2 3 4 16] [1 2 3 4 16 18 25] [1 2 3 4] [1 2 3 4 6 16 18 19 23 25 26 52 55] [1 2 3] [1 2 3 4 18] [1 2] [1 2 3 4 19] [1 2 3 4 5 6] [1 2 3 4 6 16 19] [1 2 3 4 5 6 9 19] [1 2 3 4 5 6 9 11 19 23 25 28 30] [1 2 3 4 5 6 19 23 25] [1 2 3 4 19 23] [1 6 18] [1 2 6] [1 2 3 4 6 8 16 18 25] [1 2 3 4 5] [1 59] [1] [1 2 3 4 5 6 19 23 25 52 56] [1 2 3 4 5 6 9 16 19 23] [1 2 3 4 6 19 23] [1 2 3 4 6] [1 2 3 4 6 16] [1 2 3 4 6 16 18 19 23 52] [1 2 53] [1 2 3 4 6 8 16 19 23 25 55] [1 10] [1 2 3 4 5 6 9 18 19 23 25 26] [1 2 3 4 5 6 16 25] [1 2 3 4 5 18 23 25 26] [1 2 3 4 25] [1 2 3 4 19 23 25 52] [1 2 3 4 5 18] [1 2 3 4 5 6 19 23] [1 2 4] [1 2 3 4 5 6 9 18 19 23 25] [1 2 3 4 5 6 16] [1 2 3 4 6 18] [1 2 3 4 18 19 23] [1 2 25] [2 19] [1 2 3 4 6 7 16 19] [1 2 3 4 18 25] [2 19 23] [1 2 3 4 5 6 9 18 25] [2 3 19 23] [1 2 3 4 5 6 19] [1 2 23] [1 2 3 4 5 19 23 25] [] [] [] [] [] [] [] [] [] [] [] [] [] [] [] [] [] [] [] [] [] [] [] [] [] [] [] [] [] [] [] [] [] [] [] [] [] [] [] [] [] [] [] [] [] [] [] [] [] [] [] [] [] [] [] [] [] [] [] [] [] [] [] [] [] [] [] [] [] [] [] [] [] [] [] [] [] [] [] [] [] [] [] [] [] [] [] [] [] [] [] [] [] [] [] [] [] [] [] [] [] [] [] [] [] [] [] [] [] [] [] [] [] [] [] [] [] [] [] [] [] [] [] [] [] [] [] [] [] [] [] [] [] [] [] [] [] [] [] [] [] [] [] [] [] [] [] [] [] [] [] [] [] [] [] [] [] [] [] [] [] [] [] [] [] [] [] [] [] [] [] [] [] [] [] [] [] [] [] [] []
276 [] [1 2 3 4 16 18 25] [1 2 3 4] [1 2 3 4 6 18 19 23 25] [1 2 3 4 6 16 18 19 23 25 26 52 55] [1 2 3] [1 2 3 4 18] [1 2] [1 2 3 4 19] [1 2 3 4 5 6] [1 2 3 4 6 16 19] [1 2 3 4 5 6 9 19] [1 2 3 4 5 6 9 11 19 23 25 28 30] [1 2 3 4 5 6 19 23 25] [1 2 3 4 19 23] [1 6 18] [1 2 6] [1 2 3 4 6 8 16 18 25] [1 2 3 4 5] [1 59] [1] [1 2 3 4 5 6 19 23 25 52 56] [1 2 3 4 5 6 9 16 19 23] [1 2 3 4 6 19 23] [1 2 3 4 6] [1 2 3 4 6 16] [1 2 3 4 6 16 18 19 23 52] [1 2 53] [1 2 3 4 6 8 16 19 23 25 55] [1 10] [1 2 3 4 5 6 9 18 19 23 25 26] [1 2 3 4 5 6 16 25] [1 2 3 4 5 18 23 25 26] [1 2 3 4 25] [1 2 3 4 19 23 25 52] [1 2 3 4 5 18] [1 2 3 4 5 6 19 23] [1 2 4] [1 2 3 4 5 6 9 18 19 23 25] [1 2 3 4 5 6 16] [1 2 3 4 6 18] [1 2 3 4 18 19 23] [1 2 25] [2 19] [1 2 3 4 6 7 16 19] [1 2 3 4 18 25] [2 19 23] [1 2 3 4 5 6 9 18 25] [2 3 19 23] [1 2 3 4 5 6 19] [1 2 23] [1 2 3 4 5 19 23 25] [] [] [] [] [] [] [] [] [] [] [] [] [] [] [] [] [] [] [] [] [] [] [] [] [] [] [] [] [] [] [] [] [] [] [] [] [] [] [] [] [] [] [] [] [] [] [] [] [] [] [] [] [] [] [] [] [] [] [] [] [] [] [] [] [] [] [] [] [] [] [] [] [] [] [] [] [] [] [] [] [] [] [] [] [] [] [] [] [] [] [] [] [] [] [] [] [] [] [] [] [] [] [] [] [] [] [] [] [] [] [] [] [] [] [] [] [] [] [] [] [] [] [] [] [] [] [] [] [] [] [] [] [] [] [] [] [] [] [] [] [] [] [] [] [] [] [] [] [] [] [] [] [] [] [] [] [] [] [] [] [] [] [] [] [] [] [] [] [] [] [] [] [] [] [] [] [] [] [] [] [] []
277 [] [1 2 3 4 6 18 19 23 25] [1 2 3 4 6 16 18 19 23 25 26 52 55] [1 2 3 4] [1 2 3] [1 2 3 4 18] [1 2] [1 2 3 4 19] [1 2 3 4 5 6] [1 2 3 4 6 16 19] [1 2 3 4 5 6 9 19] [1 2 3 4 5 6 9 11 19 23 25 28 30] [1 2 3 4 5 6 19 23 25] [1 2 3 4 19 23] [1 6 18] [1 2 6] [1 2 3 4 6 8 16 18 25] [1 2 3 4 5] [1 59] [1] [1 2 3 4 5 6 19 23 25 52 56] [1 2 3 4 5 6 9 16 19 23] [1 2 3 4 6 19 23] [1 2 3 4 6] [1 2 3 4 6 16] [1 2 3 4 6 16 18 19 23 52] [1 2 53] [1 2 3 4 6 8 16 19 23 25 55] [1 10] [1 2 3 4 5 6 9 18 19 23 25 26] [1 2 3 4 5 6 16 25] [1 2 3 4 5 18 23 25 26] [1 2 3 4 25] [1 2 3 4 19 23 25 52] [1 2 3 4 5 18] [1 2 3 4 5 6 19 23] [1 2 4] [1 2 3 4 5 6 9 18 19 23 25] [1 2 3 4 5 6 16] [1 2 3 4 6 18] [1 2 3 4 18 19 23] [1 2 25] [2 19] [1 2 3 4 6 7 16 19] [1 2 3 4 18 25] [2 19 23] [1 2 3 4 5 6 9 18 25] [2 3 19 23] [1 2 3 4 5 6 19] [1 2 23] [1 2 3 4 5 19 23 25] [] [] [] [] [] [] [] [] [] [] [] [] [] [] [] [] [] [] [] [] [] [] [] [] [] [] [] [] [] [] [] [] [] [] [] [] [] [] [] [] [] [] [] [] [] [] [] [] [] [] [] [] [] [] [] [] [] [] [] [] [] [] [] [] [] [] [] [] [] [] [] [] [] [] [] [] [] [] [] [] [] [] [] [] [] [] [] [] [] [] [] [] [] [] [] [] [] [] [] [] [] [] [] [] [] [] [] [] [] [] [] [] [] [] [] [] [] [] [] [] [] [] [] [] [] [] [] [] [] [] [] [] [] [] [] [] [] [] [] [] [] [] [] [] [] [] [] [] [] [] [] [] [] [] [] [] [] [] [] [] [] [] [] [] [] [] [] [] [] [] [] [] [] [] [] [] [] [] [] [] [] [] []
278 [] [1 2 3 4] [1 2 3] [1 2 3 4 18] [1 2] [1 2 3 4 19] [1 2 3 4 5 6] [1 2 3 4 6 16 19] [1 2 3 4 5 6 9 19] [1 2 3 4 5 6 9 11 19 23 25 28 30] [1 2 3 4 5 6 19 23 25] [1 2 3 4 19 23] [1 6 18] [1 2 6] [1 2 3 4 6 8 16 18 25] [1 2 3 4 5] [1 59] [1] [1 2 3 4 5 6 19 23 25 52 56] [1 2 3 4 5 6 9 16 19 23] [1 2 3 4 6 19 23] [1 2 3 4 6] [1 2 3 4 6 16] [1 2 3 4 6 16 18 19 23 52] [1 2 53] [1 2 3 4 6 8 16 19 23 25 55] [1 10] [1 2 3 4 5 6 9 18 19 23 25 26] [1 2 3 4 5 6 16 25] [1 2 3 4 5 18 23 25 26] [1 2 3 4 25] [1 2 3 4 19 23 25 52] [1 2 3 4 5 18] [1 2 3 4 5 6 19 23] [1 2 4] [1 2 3 4 5 6 9 18 19 23 25] [1 2 3 4 5 6 16] [1 2 3 4 6 18] [1 2 3 4 18 19 23] [1 2 25] [2 19] [1 2 3 4 6 7 16 19] [1 2 3 4 18 25] [2 19 23] [1 2 3 4 5 6 9 18 25] [2 3 19 23] [1 2 3 4 5 6 19] [1 2 23] [1 2 3 4 5 19 23 25] [] [] [] [] [] [] [] [] [] [] [] [] [] [] [] [] [] [] [] [] [] [] [] [] [] [] [] [] [] [] [] [] [] [] [] [] [] [] [] [] [] [] [] [] [] [] [] [] [] [] [] [] [] [] [] [] [] [] [] [] [] [] [] [] [] [] [] [] [] [] [] [] [] [] [] [] [] [] [] [] [] [] [] [] [] [] [] [] [] [] [] [] [] [] [] [] [] [] [] [] [] [] [] [] [] [] [] [] [] [] [] [] [] [] [] [] [] [] [] [] [] [] [] [] [] [] [] [] [] [] [] [] [] [] [] [] [] [] [] [] [] [] [] [] [] [] [] [] [] [] [] [] [] [] [] [] [] [] [] [] [] [] [] [] [] [] [] [] [] [] [] [] [] [] [] [] [] [] [] [] [] [] [] [] []
279 [] [1 2 3 4] [1 2 3 4 18] [1 2] [1 2 3 4 19] [1 2 3 4 5 6] [1 2 3 4 6 16 19] [1 2 3 4 5 6 9 19] [1 2 3 4 5 6 9 11 19 23 25 28 30] [1 2 3 4 5 6 19 23 25] [1 2 3 4 19 23] [1 6 18] [1 2 6] [1 2 3 4 6 8 16 18 25] [1 2 3 4 5] [1 59] [1] [1 2 3 4 5 6 19 23 25 52 56] [1 2 3 4 5 6 9 16 19 23] [1 2 3 4 6 19 23] [1 2 3 4 6] [1 2 3 4 6 16] [1 2 3 4 6 16 18 19 23 52] [1 2 53] [1 2 3 4 6 8 16 19 23 25 55] [1 10] [1 2 3 4 5 6 9 18 19 23 25 26] [1 2 3 4 5 6 16 25] [1 2 3 4 5 18 23 25 26] [1 2 3 4 25] [1 2 3 4 19 23 25 52] [1 2 3 4 5 18] [1 2 3 4 5 6 19 23] [1 2 4] [1 2 3 4 5 6 9 18 19 23 25] [1 2 3 4 5 6 16] [1 2 3 4 6 18] [1 2 3 4 18 19 23] [1 2 25] [2 19] [1 2 3 4 6 7 16 19] [1 2 3 4 18 25] [2 19 23] [1 2 3 4 5 6 9 18 25] [1 2 3] [2 3 19 23] [1 2 3 4 5 6 19] [1 2 23] [1 2 3 4 5 19 23 25] [] [] [] [] [] [] [] [] [] [] [] [] [] [] [] [] [] [] [] [] [] [] [] [] [] [] [] [] [] [] [] [] [] [] [] [] [] [] [] [] [] [] [] [] [] [] [] [] [] [] [] [] [] [] [] [] [] [] [] [] [] [] [] [] [] [] [] [] [] [] [] [] [] [] [] [] [] [] [] [] [] [] [] [] [] [] [] [] [] [] [] [] [] [] [] [] [] [] [] [] [] [] [] [] [] [] [] [] [] [] [] [] [] [] [] [] [] [] [] [] [] [] [] [] [] [] [] [] [] [] [] [] [] [] [] [] [] [] [] [] [] [] [] [] [] [] [] [] [] [] [] [] [] [] [] [] [] [] [] [] [] [] [] [] [] [] [] [] [] [] [] [] [] [] [] [] [] [] [] [] [] [] [] [] []
280 [] [1 2] [1 2 3 4 19] [1 2 3 4 5 6] [1 2 3 4 6 16 19] [1 2 3 4 5 6 9 19] [1 2 3 4 5 6 9 11 19 23 25 28 30] [1 2 3 4 5 6 19 23 25] [1 2 3 4 19 23] [1 2 3 4] [1 6 18] [1 2 6] [1 2 3 4 6 8 16 18 25] [1 2 3 4 5] [1 59] [1] [1 2 3 4 5 6 19 23 25 52 56] [1 2 3 4 5 6 9 16 19 23] [1 2 3 4 6 19 23] [1 2 3 4 6] [1 2 3 4 6 16] [1 2 3 4 6 16 18 19 23 52] [1 2 53] [1 2 3 4 6 8 16 19 23 25 55] [1 10] [1 2 3 4 5 6 9 18 19 23 25 26] [1 2 3 4 5 6 16 25] [1 2 3 4 5 18 23 25 26] [1 2 3 4 25] [1 2 3 4 19 23 25 52] [1 2 3 4 5 18] [1 2 3 4 5 6 19 23] [1 2 4] [1 2 3 4 5 6 9 18 19 23 25] [1 2 3 4 5 6 16] [1 2 3 4 6 18] [1 2 3 4 18 19 23] [1 2 25] [2 19] [1 2 3 4 6 7 16 19] [1 2 3 4 18 25] [2 19 23] [1 2 3 4 5 6 9 18 25] [1 2 3] [2 3 19 23] [1 2 3 4 5 6 19] [1 2 23] [1 2 3 4 5 19 23 25] [] [] [] [] [] [] [] [] [] [] [] [] [] [] [] [] [] [] [] [] [] [] [] [] [] [] [] [] [] [] [] [] [] [] [] [] [] [] [] [] [] [] [] [] [] [] [] [] [] [] [] [] [] [] [] [] [] [] [] [] [] [] [] [] [] [] [] [] [] [] [] [] [] [] [] [] [] [] [] [] [] [] [] [] [] [] [] [] [] [] [] [] [] [] [] [] [] [] [] [] [] [] [] [] [] [] [] [] [] [] [] [] [] [] [] [] [] [] [] [] [] [] [] [] [] [] [] [] [] [] [] [] [] [] [] [] [] [] [] [] [] [] [] [] [] [] [] [] [] [] [] [] [] [] [] [] [] [] [] [] [] [] [] [] [] [] [] [] [] [] [] [] [] [] [] [] [] [] [] [] [] [] [] [] [] []
281 [] [1 2 3 4 5 6] [1 2 3 4 6 16 19] [1 2 3 4 5 6 9 19] [1 2 3 4 5 6 9 11 19 23 25 28 30] [1 2 3 4 5 6 19 23 25] [1 2 3 4 19 23] [1 2 3 4] [1 6 18] [1 2 6] [1 2 3 4 6 8 16 18 25] [1 2] [1 2 3 4 5] [1 59] [1] [1 2 3 4 5 6 19 23 25 52 56] [1 2 3 4 5 6 9 16 19 23] [1 2 3 4 6 19 23] [1 2 3 4 6] [1 2 3 4 6 16] [1 2 3 4 6 16 18 19 23 52] [1 2 53] [1 2 3 4 6 8 16 19 23 25 55] [1 10] [1 2 3 4 19] [1 2 3 4 5 6 9 18 19 23 25 26] [1 2 3 4 5 6 16 25] [1 2 3 4 5 18 23 25 26] [1 2 3 4 25] [1 2 3 4 19 23 25 52] [1 2 3 4 5 18] [1 2 3 4 5 6 19 23] [1 2 4] [1 2 3 4 5 6 9 18 19 23 25] [1 2 3 4 5 6 16] [1 2 3 4 6 18] [1 2 3 4 18 19 23] [1 2 25] [2 19] [1 2 3 4 6 7 16 19] [1 2 3 4 18 25] [2 19 23] [1 2 3 4 5 6 9 18 25] [1 2 3] [2 3 19 23] [1 2 3 4 5 6 19] [1 2 23] [1 2 3 4 5 19 23 25] [] [] [] [] [] [] [] [] [] [] [] [] [] [] [] [] [] [] [] [] [] [] [] [] [] [] [] [] [] [] [] [] [] [] [] [] [] [] [] [] [] [] [] [] [] [] [] [] [] [] [] [] [] [] [] [] [] [] [] [] [] [] [] [] [] [] [] [] [] [] [] [] [] [] [] [] [] [] [] [] [] [] [] [] [] [] [] [] [] [] [] [] [] [] [] [] [] [] [] [] [] [] [] [] [] [] [] [] [] [] [] [] [] [] [] [] [] [] [] [] [] [] [] [] [] [] [] [] [] [] [] [] [] [] [] [] [] [] [] [] [] [] [] [] [] [] [] [] [] [] [] [] [] [] [] [] [] [] [] [] [] [] [] [] [] [] [] [] [] [] [] [] [] [] [] [] [] [] [] [] [] [] [] [] [] []
282 [] [1 2 3 4 5 6] [1 2 3 4 6 16 19] [1 2 3 4 5 6 9 19] [1 2 3 4 5 6 9 11 19 23 25 28 30] [1 2 3 4 5 6 19 23 25] [1 2 3 4 19 23] [1 2 3 4] [1 6 18] [1 2 6] [1 2 3 4 6 8 16 18 25] [1 2] [1 2 3 4 5] [1 59] [1] [1 2 3 4 5 6 19 23 25 52 56] [1 2 3 4 5 6 9 16 19 23] [1 2 3 4 6 19 23] [1 2 3 4 6] [1 2 3 4 6 16] [1 2 3 4 6 16 18 19 23 52] [1 2 53] [1 2 3 4 6 8 16 19 23 25 55] [1 10] [1 2 3 4 19] [1 2 3 4 5 6 9 18 19 23 25 26] [1 2 3 4 5 6 16 25] [1 2 3 4 5 18 23 25 26] [1 2 3 4 25] [1 2 3 4 19 23 25 52] [1 2 3 4 5 18] [1 2 3 4 5 6 19 23] [1 2 4] [1 2 3 4 5 6 9 18 19 23 25] [1 2 3 4 5 6 16] [1 2 3 4 6 18] [1 2 3 4 18 19 23] [1 2 25] [2 19] [1 2 3 4 6 7 16 19] [1 2 3 4 18 25] [2 19 23] [1 2 3 4 5 6 9 18 25] [1 2 3] [2 3 19 23] [1 2 3 4 5 6 19] [1 2 23] [1 2 3 4 5 19 23 25] [] [] [] [] [] [] [] [] [] [] [] [] [] [] [] [] [] [] [] [] [] [] [] [] [] [] [] [] [] [] [] [] [] [] [] [] [] [] [] [] [] [] [] [] [] [] [] [] [] [] [] [] [] [] [] [] [] [] [] [] [] [] [] [] [] [] [] [] [] [] [] [] [] [] [] [] [] [] [] [] [] [] [] [] [] [] [] [] [] [] [] [] [] [] [] [] [] [] [] [] [] [] [] [] [] [] [] [] [] [] [] [] [] [] [] [] [] [] [] [] [] [] [] [] [] [] [] [] [] [] [] [] [] [] [] [] [] [] [] [] [] [] [] [] [] [] [] [] [] [] [] [] [] [] [] [] [] [] [] [] [] [] [] [] [] [] [] [] [] [] [] [] [] [] [] [] [] [] [] [] [] [] [] [] [] []
283 [] [1 2 3 4 6 16 19] [1 2 3 4 5 6 9 19] [1 2 3 4 5 6] [1 2 3 4 5 6 9 11 19 23 25 28 30] [1 2 3 4 5 6 19 23 25] [1 2 3 4 19 23] [1 2 3 4] [1 6 18] [1 2 6] [1 2 3 4 6 8 16 18 25] [1 2] [1 2 3 4 5] [1 59] [1] [1 2 3 4 5 6 19 23 25 52 56] [1 2 3 4 5 6 9 16 19 23] [1 2 3 4 6 19 23] [1 2 3 4 6] [1 2 3 4 6 16] [1 2 3 4 6 16 18 19 23 52] [1 2 53] [1 2 3 4 6 8 16 19 23 25 55] [1 10] [1 2 3 4 19] [1 2 3 4 5 6 9 18 19 23 25 26] [1 2 3 4 5 6 16 25] [1 2 3 4 5 18 23 25 26] [1 2 3 4 25] [1 2 3 4 19 23 25 52] [1 2 3 4 5 18] [1 2 3 4 5 6 19 23] [1 2 4] [1 2 3 4 5 6 9 18 19 23 25] [1 2 3 4 5 6 16] [1 2 3 4 6 18] [1 2 3 4 18 19 23] [1 2 25] [2 19] [1 2 3 4 6 7 16 19] [1 2 3 4 18 25] [2 19 23] [1 2 3 4 5 6 9 18 25] [1 2 3] [2 3 19 23] [1 2 3 4 5 6 19] [1 2 23] [1 2 3 4 5 19 23 25] [] [] [] [] [] [] [] [] [] [] [] [] [] [] [] [] [] [] [] [] [] [] [] [] [] [] [] [] [] [] [] [] [] [] [] [] [] [] [] [] [] [] [] [] [] [] [] [] [] [] [] [] [] [] [] [] [] [] [] [] [] [] [] [] [] [] [] [] [] [] [] [] [] [] [] [] [] [] [] [] [] [] [] [] [] [] [] [] [] [] [] [] [] [] [] [] [] [] [] [] [] [] [] [] [] [] [] [] [] [] [] [] [] [] [] [] [] [] [] [] [] [] [] [] [] [] [] [] [] [] [] [] [] [] [] [] [] [] [] [] [] [] [] [] [] [] [] [] [] [] [] [] [] [] [] [] [] [] [] [] [] [] [] [] [] [] [] [] [] [] [] [] [] [] [] [] [] [] [] [] [] [] [] [] [] []
284 [] [1 2 3 4 5 6] [1 2 3 4 5 6 9 11 19 23 25 28 30] [1 2 3 4 5 6 19 23 25] [1 2 3 4 19 23] [1 2 3 4] [1 6 18] [1 2 6] [1 2 3 4 6 8 16 18 25] [1 2] [1 2 3 4 5] [1 59] [1] [1 2 3 4 5 6 19 23 25 52 56] [1 2 3 4 5 6 9 16 19 23] [1 2 3 4 6 19 23] [1 2 3 4 6] [1 2 3 4 6 16] [1 2 3 4 6 16 18 19 23 52] [1 2 53] [1 2 3 4 6 8 16 19 23 25 55] [1 10] [1 2 3 4 19] [1 2 3 4 5 6 9 18 19 23 25 26] [1 2 3 4 5 6 16 25] [1 2 3 4 5 18 23 25 26] [1 2 3 4 25] [1 2 3 4 19 23 25 52] [1 2 3 4 5 18] [1 2 3 4 5 6 19 23] [1 2 4] [1 2 3 4 5 6 9 18 19 23 25] [1 2 3 4 5 6 16] [1 2 3 4 6 18] [1 2 3 4 18 19 23] [1 2 25] [2 19] [1 2 3 4 6 7 16 19] [1 2 3 4 18 25] [2 19 23] [1 2 3 4 5 6 9 18 25] [1 2 3] [2 3 19 23] [1 2 3 4 5 6 19] [1 2 23] [1 2 3 4 5 19 23 25] [] [] [] [] [] [] [] [] [] [] [] [] [] [] [] [] [] [] [] [] [] [] [] [] [] [] [] [] [] [] [] [] [] [] [] [] [] [] [] [] [] [] [] [] [] [] [] [] [] [] [] [] [] [] [] [] [] [] [] [] [] [] [] [] [] [] [] [] [] [] [] [] [] [] [] [] [] [] [] [] [] [] [] [] [] [] [] [] [] [] [] [] [] [] [] [] [] [] [] [] [] [] [] [] [] [] [] [] [] [] [] [] [] [] [] [] [] [] [] [] [] [] [] [] [] [] [] [] [] [] [] [] [] [] [] [] [] [] [] [] [] [] [] [] [] [] [] [] [] [] [] [] [] [] [] [] [] [] [] [] [] [] [] [] [] [] [] [] [] [] [] [] [] [] [] [] [] [] [] [] [] [] [] [] [] [] [] []
285 [] [1 2 3 4 5 6] [1 2 3 4 5 6 9 11 19 23 25 28 30] [1 2 3 4 5 6 19 23 25] [1 2 3 4] [1 6 18] [1 2 6] [1 2 3 4 6 8 16 18 25] [1 2] [1 2 3 4 5] [1 59] [1] [1 2 3 4 5 6 19 23 25 52 56] [1 2 3 4 5 6 9 16 19 23] [1 2 3 4 6 19 23] [1 2 3 4 6] [1 2 3 4 6 16] [1 2 3 4 19 23] [1 2 3 4 6 16 18 19 23 52] [1 2 53] [1 2 3 4 6 8 16 19 23 25 55] [1 10] [1 2 3 4 19] [1 2 3 4 5 6 9 18 19 23 25 26] [1 2 3 4 5 6 16 25] [1 2 3 4 5 18 23 25 26] [1 2 3 4 25] [1 2 3 4 19 23 25 52] [1 2 3 4 5 18] [1 2 3 4 5 6 19 23] [1 2 4] [1 2 3 4 5 6 9 18 19 23 25] [1 2 3 4 5 6 16] [1 2 3 4 6 18] [1 2 3 4 18 19 23] [1 2 25] [2 19] [1 2 3 4 6 7 16 19] [1 2 3 4 18 25] [2 19 23] [1 2 3 4 5 6 9 18 25] [1 2 3] [2 3 19 23] [1 2 3 4 5 6 19] [1 2 23] [1 2 3 4 5 19 23 25] [] [] [] [] [] [] [] [] [] [] [] [] [] [] [] [] [] [] [] [] [] [] [] [] [] [] [] [] [] [] [] [] [] [] [] [] [] [] [] [] [] [] [] [] [] [] [] [] [] [] [] [] [] [] [] [] [] [] [] [] [] [] [] [] [] [] [] [] [] [] [] [] [] [] [] [] [] [] [] [] [] [] [] [] [] [] [] [] [] [] [] [] [] [] [] [] [] [] [] [] [] [] [] [] [] [] [] [] [] [] [] [] [] [] [] [] [] [] [] [] [] [] [] [] [] [] [] [] [] [] [] [] [] [] [] [] [] [] [] [] [] [] [] [] [] [] [] [] [] [] [] [] [] [] [] [] [] [] [] [] [] [] [] [] [] [] [] [] [] [] [] [] [] [] [] [] [] [] [] [] [] [] [] [] [] [] [] []
286 [] [1 2 3 4 5 6] [1 2 3 4 5 6 18] [1 2 3 4 5 6 9 11 19 23 25 28 30] [1 2 3 4 5 6 19 23 25] [1 2 3 4] [1 6 18] [1 2 6] [1 2 3 4 6 8 16 18 25] [1 2] [1 2 3 4 5] [1 59] [1] [1 2 3 4 5 6 19 23 25 52 56] [1 2 3 4 5 6 9 16 19 23] [1 2 3 4 6 19 23] [1 2 3 4 6] [1 2 3 4 6 16] [1 2 3 4 19 23] [1 2 3 4 6 16 18 19 23 52] [1 2 53] [1 2 3 4 6 8 16 19 23 25 55] [1 10] [1 2 3 4 19] [1 2 3 4 5 6 9 18 19 23 25 26] [1 2 3 4 5 6 16 25] [1 2 3 4 5 18 23 25 26] [1 2 3 4 25] [1 2 3 4 19 23 25 52] [1 2 3 4 5 18] [1 2 3 4 5 6 19 23] [1 2 4] [1 2 3 4 5 6 9 18 19 23 25] [1 2 3 4 5 6 16] [1 2 3 4 6 18] [1 2 3 4 18 19 23] [1 2 25] [2 19] [1 2 3 4 6 7 16 19] [1 2 3 4 18 25] [2 19 23] [1 2 3 4 5 6 9 18 25] [1 2 3] [2 3 19 23] [1 2 3 4 5 6 19] [1 2 23] [1 2 3 4 5 19 23 25] [] [] [] [] [] [] [] [] [] [] [] [] [] [] [] [] [] [] [] [] [] [] [] [] [] [] [] [] [] [] [] [] [] [] [] [] [] [] [] [] [] [] [] [] [] [] [] [] [] [] [] [] [] [] [] [] [] [] [] [] [] [] [] [] [] [] [] [] [] [] [] [] [] [] [] [] [] [] [] [] [] [] [] [] [] [] [] [] [] [] [] [] [] [] [] [] [] [] [] [] [] [] [] [] [] [] [] [] [] [] [] [] [] [] [] [] [] [] [] [] [] [] [] [] [] [] [] [] [] [] [] [] [] [] [] [] [] [] [] [] [] [] [] [] [] [] [] [] [] [] [] [] [] [] [] [] [] [] [] [] [] [] [] [] [] [] [] [] [] [] [] [] [] [] [] [] [] [] [] [] [] [] [] [] [] [] []
287 [] [1 2 3 4 5 6 18] [1 2 3 4 5 6 9 11 19 23 25 28 30] [1 2 3 4 5 6 19 23 25] [1 2 3 4] [1 6 18] [1 2 6] [1 2 3 4 6 8 16 18 25] [1 2] [1 2 3 4 5] [1 59] [1] [1 2 3 4 5 6 19 23 25 52 56] [1 2 3 4 5 6 9 16 19 23] [1 2 3 4 6 19 23] [1 2 3 4 6] [1 2 3 4 6 16] [1 2 3 4 5 6] [1 2 3 4 19 23] [1 2 3 4 6 16 18 19 23 52] [1 2 53] [1 2 3 4 6 8 16 19 23 25 55] [1 10] [1 2 3 4 19] [1 2 3 4 5 6 9 18 19 23 25 26] [1 2 3 4 5 6 16 25] [1 2 3 4 5 18 23 25 26] [1 2 3 4 25] [1 2 3 4 19 23 25 52] [1 2 3 4 5 18] [1 2 3 4 5 6 19 23] [1 2 4] [1 2 3 4 5 6 9 18 19 23 25] [1 2 3 4 5 6 16] [1 2 3 4 6 18] [1 2 3 4 18 19 23] [1 2 25] [2 19] [1 2 3 4 6 7 16 19] [1 2 3 4 18 25] [2 19 23] [1 2 3 4 5 6 9 18 25] [1 2 3] [2 3 19 23] [1 2 3 4 5 6 19] [1 2 23] [1 2 3 4 5 19 23 25] [] [] [] [] [] [] [] [] [] [] [] [] [] [] [] [] [] [] [] [] [] [] [] [] [] [] [] [] [] [] [] [] [] [] [] [] [] [] [] [] [] [] [] [] [] [] [] [] [] [] [] [] [] [] [] [] [] [] [] [] [] [] [] [] [] [] [] [] [] [] [] [] [] [] [] [] [] [] [] [] [] [] [] [] [] [] [] [] [] [] [] [] [] [] [] [] [] [] [] [] [] [] [] [] [] [] [] [] [] [] [] [] [] [] [] [] [] [] [] [] [] [] [] [] [] [] [] [] [] [] [] [] [] [] [] [] [] [] [] [] [] [] [] [] [] [] [] [] [] [] [] [] [] [] [] [] [] [] [] [] [] [] [] [] [] [] [] [] [] [] [] [] [] [] [] [] [] [] [] [] [] [] [] [] [] [] []
288 [] [1 2 3 4 5 6 9 11 19 23 25 28 30] [1 2 3 4 5 6 19 23 25] [1 2 3 4] [1 2 3 4 6 8 16 18 25] [1 2 3 4 5] [1 2] [1] [1 2 3 4 5 6 19 23 25 52 56] [1 59] [1 2 3 4 5 6 9 16 19 23] [1 2 3 4 6 19 23] [1 2 3 4 6] [1 2 3 4 6 16] [1 2 3 4 5 6] [1 2 3 4 19 23] [1 2 3 4 6 16 18 19 23 52] [1 2 53] [1 2 3 4 6 8 16 19 23 25 55] [1 10] [1 2 3 4 19] [1 2 3 4 5 6 9 18 19 23 25 26] [1 2 3 4 5 6 16 25] [1 2 3 4 5 18 23 25 26] [1 2 3 4 25] [1 2 3 4 19 23 25 52] [1 2 3 4 5 18] [1 2 3 4 5 6 19 23] [1 2 4] [1 2 3 4 5 6 9 18 19 23 25] [1 2 3 4 5 6 16] [1 2 3 4 6 18] [1 2 3 4 18 19 23] [1 2 25] [2 19] [1 2 3 4 6 7 16 19] [1 2 3 4 18 25] [2 19 23] [1 2 3 4 5 6 9 18 25] [1 2 3] [2 3 19 23] [1 2 3 4 5 6 19] [1 2 23] [1 2 3 4 5 19 23 25] [] [] [] [] [] [] [] [] [] [] [] [] [] [] [] [] [] [] [] [] [] [] [] [] [] [] [] [] [] [] [] [] [] [] [] [] [] [] [] [] [] [] [] [] [] [] [] [] [] [] [] [] [] [] [] [] [] [] [] [] [] [] [] [] [] [] [] [] [] [] [] [] [] [] [] [] [] [] [] [] [] [] [] [] [] [] [] [] [] [] [] [] [] [] [] [] [] [] [] [] [] [] [] [] [] [] [] [] [] [] [] [] [] [] [] [] [] [] [] [] [] [] [] [] [] [] [] [] [] [] [] [] [] [] [] [] [] [] [] [] [] [] [] [] [] [] [] [] [] [] [] [] [] [] [] [] [] [] [] [] [] [] [] [] [] [] [] [] [] [] [] [] [] [] [] [] [] [] [] [] [] [] [] [] [] [] [] [] [] []
289 [] [1 2 3 4 5 6 19 23 25] [1 2 3 4] [1 2 3 4 6 8 16 18 25] [1 2 3 4 5] [1 2] [1] [1 2 3 4 5 6 19 23 25 52 56] [1 59] [1 2 3 4 5 6 9 16 19 23] [1 2 3 4 6 19 23] [1 2 3 4 6] [1 2 3 4 6 16] [1 2 3 4 5 6] [1 2 3 4 19 23] [1 2 3 4 6 16 18 19 23 52] [1 2 53] [1 2 3 4 6 8 16 19 23 25 55] [1 10] [1 2 3 4 19] [1 2 3 4 5 6 9 18 19 23 25 26] [1 2 3 4 5 6 16 25] [1 2 3 4 5 18 23 25 26] [1 2 3 4 25] [1 2 3 4 19 23 25 52] [1 2 3 4 5 18] [1 2 3 4 5 6 19 23] [1 2 4] [1 2 3 4 5 6 9 18 19 23 25] [1 2 3 4 5 6 16] [1 2 3 4 6 18] [1 2 3 4 18 19 23] [1 2 25] [2 19] [1 2 3 4 6 7 16 19] [1 2 3 4 18 25] [2 19 23] [1 2 3 4 5 6 9 18 25] [1 2 3] [2 3 19 23] [1 2 3 4 5 6 19] [1 2 23] [1 2 3 4 5 19 23 25] [] [] [] [] [] [] [] [] [] [] [] [] [] [] [] [] [] [] [] [] [] [] [] [] [] [] [] [] [] [] [] [] [] [] [] [] [] [] [] [] [] [] [] [] [] [] [] [] [] [] [] [] [] [] [] [] [] [] [] [] [] [] [] [] [] [] [] [] [] [] [] [] [] [] [] [] [] [] [] [] [] [] [] [] [] [] [] [] [] [] [] [] [] [] [] [] [] [] [] [] [] [] [] [] [] [] [] [] [] [] [] [] [] [] [] [] [] [] [] [] [] [] [] [] [] [] [] [] [] [] [] [] [] [] [] [] [] [] [] [] [] [] [] [] [] [] [] [] [] [] [] [] [] [] [] [] [] [] [] [] [] [] [] [] [] [] [] [] [] [] [] [] [] [] [] [] [] [] [] [] [] [] [] [] [] [] [] [] [] [] []
290 [] [1 2 3 4] [1 2 3 4 6 8 16 18 25] [1 2 3 4 5] [1 2] [1] [1 2 3 4 5 6 19 23 25 52 56] [1 59] [1 2 3 4 5 6 9 16 19 23] [1 2 3 4 6 19 23] [1 2 3 4 6] [1 2 3 4 6 16] [1 2 3 4 5 6] [1 2 3 4 19 23] [1 2 3 4 6 16 18 19 23 52] [1 2 53] [1 2 3 4 6 8 16 19 23 25 55] [1 2 3 4 5 6 19 23 25] [1 10] [1 2 3 4 19] [1 2 3 4 5 6 9 18 19 23 25 26] [1 2 3 4 5 6 16 25] [1 2 3 4 5 18 23 25 26] [1 2 3 4 25] [1 2 3 4 19 23 25 52] [1 2 3 4 5 18] [1 2 3 4 5 6 19 23] [1 2 4] [1 2 3 4 5 6 9 18 19 23 25] [1 2 3 4 5 6 16] [1 2 3 4 6 18] [1 2 3 4 18 19 23] [1 2 25] [2 19] [1 2 3 4 6 7 16 19] [1 2 3 4 18 25] [2 19 23] [1 2 3 4 5 6 9 18 25] [1 2 3] [2 3 19 23] [1 2 3 4 5 6 19] [1 2 23] [1 2 3 4 5 19 23 25] [] [] [] [] [] [] [] [] [] [] [] [] [] [] [] [] [] [] [] [] [] [] [] [] [] [] [] [] [] [] [] [] [] [] [] [] [] [] [] [] [] [] [] [] [] [] [] [] [] [] [] [] [] [] [] [] [] [] [] [] [] [] [] [] [] [] [] [] [] [] [] [] [] [] [] [] [] [] [] [] [] [] [] [] [] [] [] [] [] [] [] [] [] [] [] [] [] [] [] [] [] [] [] [] [] [] [] [] [] [] [] [] [] [] [] [] [] [] [] [] [] [] [] [] [] [] [] [] [] [] [] [] [] [] [] [] [] [] [] [] [] [] [] [] [] [] [] [] [] [] [] [] [] [] [] [] [] [] [] [] [] [] [] [] [] [] [] [] [] [] [] [] [] [] [] [] [] [] [] [] [] [] [] [] [] [] [] [] [] [] []
291 [] [1 2 3 4 6 8 16 18 25] [1 2 3 4] [1 2 3 4 5] [1 2] [1] [1 2 3 4 5 6 19 23 25 52 56] [1 59] [1 2 3 4 5 6 9 16 19 23] [1 2 3 4 6 19 23] [1 2 3 4 6] [1 2 3 4 6 16] [1 2 3 4 5 6] [1 2 3 4 19 23] [1 2 3 4 6 16 18 19 23 52] [1 2 53] [1 2 3 4 6 8 16 19 23 25 55] [1 2 3 4 5 6 19 23 25] [1 10] [1 2 3 4 19] [1 2 3 4 5 6 9 18 19 23 25 26] [1 2 3 4 5 6 16 25] [1 2 3 4 5 18 23 25 26] [1 2 3 4 25] [1 2 3 4 19 23 25 52] [1 2 3 4 5 18] [1 2 3 4 5 6 19 23] [1 2 4] [1 2 3 4 5 6 9 18 19 23 25] [1 2 3 4 5 6 16] [1 2 3 4 6 18] [1 2 3 4 18 19 23] [1 2 25] [2 19] [1 2 3 4 6 7 16 19] [1 2 3 4 18 25] [2 19 23] [1 2 3 4 5 6 9 18 25] [1 2 3] [2 3 19 23] [1 2 3 4 5 6 19] [1 2 23] [1 2 3 4 5 19 23 25] [] [] [] [] [] [] [] [] [] [] [] [] [] [] [] [] [] [] [] [] [] [] [] [] [] [] [] [] [] [] [] [] [] [] [] [] [] [] [] [] [] [] [] [] [] [] [] [] [] [] [] [] [] [] [] [] [] [] [] [] [] [] [] [] [] [] [] [] [] [] [] [] [] [] [] [] [] [] [] [] [] [] [] [] [] [] [] [] [] [] [] [] [] [] [] [] [] [] [] [] [] [] [] [] [] [] [] [] [] [] [] [] [] [] [] [] [] [] [] [] [] [] [] [] [] [] [] [] [] [] [] [] [] [] [] [] [] [] [] [] [] [] [] [] [] [] [] [] [] [] [] [] [] [] [] [] [] [] [] [] [] [] [] [] [] [] [] [] [] [] [] [] [] [] [] [] [] [] [] [] [] [] [] [] [] [] [] [] [] [] []
292 [] [1 2 3 4] [1 2 3 4 5] [1 2] [1] [1 2 3 4 5 6 19 23 25 52 56] [1 59] [1 2 3 4 5 6 9 16 19 23] [1 2 3 4 6 19 23] [1 2 3 4 6] [1 2 3 4 6 16] [1 2 3 4 5 6] [1 2 3 4 19 23] [1 2 3 4 6 16 18 19 23 52] [1 2 53] [1 2 3 4 6 8 16 19 23 25 55] [1 2 3 4 5 6 19 23 25] [1 10] [1 2 3 4 19] [1 2 3 4 5 6 9 18 19 23 25 26] [1 2 3 4 5 6 16 25] [1 2 3 4 5 18 23 25 26] [1 2 3 4 25] [1 2 3 4 19 23 25 52] [1 2 3 4 5 18] [1 2 3 4 5 6 19 23] [1 2 4] [1 2 3 4 5 6 9 18 19 23 25] [1 2 3 4 5 6 16] [1 2 3 4 6 18] [1 2 3 4 18 19 23] [1 2 25] [2 19] [1 2 3 4 6 7 16 19] [1 2 3 4 18 25] [2 19 23] [1 2 3 4 5 6 9 18 25] [1 2 3] [2 3 19 23] [1 2 3 4 5 6 19] [1 2 23] [1 2 3 4 5 19 23 25] [] [] [] [] [] [] [] [] [] [] [] [] [] [] [] [] [] [] [] [] [] [] [] [] [] [] [] [] [] [] [] [] [] [] [] [] [] [] [] [] [] [] [] [] [] [] [] [] [] [] [] [] [] [] [] [] [] [] [] [] [] [] [] [] [] [] [] [] [] [] [] [] [] [] [] [] [] [] [] [] [] [] [] [] [] [] [] [] [] [] [] [] [] [] [] [] [] [] [] [] [] [] [] [] [] [] [] [] [] [] [] [] [] [] [] [] [] [] [] [] [] [] [] [] [] [] [] [] [] [] [] [] [] [] [] [] [] [] [] [] [] [] [] [] [] [] [] [] [] [] [] [] [] [] [] [] [] [] [] [] [] [] [] [] [] [] [] [] [] [] [] [] [] [] [] [] [] [] [] [] [] [] [] [] [] [] [] [] [] [] [] []
293 [] [1 2] [1 2 3 4] [1] [1 2 3 4 5 6 19 23 25 52 56] [1 59] [1 2 3 4 5 6 9 16 19 23] [1 2 3 4 6 19 23] [1 2 3 4 6] [1 2 3 4 6 16] [1 2 3 4 5 6] [1 2 3 4 19 23] [1 2 3 4 6 16 18 19 23 52] [1 2 53] [1 2 3 4 6 8 16 19 23 25 55] [1 2 3 4 5 6 19 23 25] [1 10] [1 2 3 4 19] [1 2 3 4 5 6 9 18 19 23 25 26] [1 2 3 4 5 6 16 25] [1 2 3 4 5 18 23 25 26] [1 2 3 4 25] [1 2 3 4 19 23 25 52] [1 2 3 4 5 18] [1 2 3 4 5 6 19 23] [1 2 4] [1 2 3 4 5 6 9 18 19 23 25] [1 2 3 4 5 6 16] [1 2 3 4 6 18] [1 2 3 4 18 19 23] [1 2 25] [2 19] [1 2 3 4 6 7 16 19] [1 2 3 4 18 25] [2 19 23] [1 2 3 4 5 6 9 18 25] [1 2 3] [2 3 19 23] [1 2 3 4 5 6 19] [1 2 23] [1 2 3 4 5 19 23 25] [] [] [] [] [] [] [] [] [] [] [] [] [] [] [] [] [] [] [] [] [] [] [] [] [] [] [] [] [] [] [] [] [] [] [] [] [] [] [] [] [] [] [] [] [] [] [] [] [] [] [] [] [] [] [] [] [] [] [] [] [] [] [] [] [] [] [] [] [] [] [] [] [] [] [] [] [] [] [] [] [] [] [] [] [] [] [] [] [] [] [] [] [] [] [] [] [] [] [] [] [] [] [] [] [] [] [] [] [] [] [] [] [] [] [] [] [] [] [] [] [] [] [] [] [] [] [] [] [] [] [] [] [] [] [] [] [] [] [] [] [] [] [] [] [] [] [] [] [] [] [] [] [] [] [] [] [] [] [] [] [] [] [] [] [] [] [] [] [] [] [] [] [] [] [] [] [] [] [] [] [] [] [] [] [] [] [] [] [] [] [] [] []
294 [] [1 2 3 4 5 6 19 23 25 52 56] [1 2 3 4 5 6 9 16 19 23] [1 2 3 4 6 19 23] [1 2 3 4 6] [1 2 3 4] [1 2 3 4 6 16] [1 2 3 4 5 6] [1 2 3 4 19 23] [1 2 3 4 6 16 18 19 23 52] [1 2 53] [1] [1 2 3 4 6 8 16 19 23 25 55] [1 2 3 4 5 6 19 23 25] [1 10] [1 2 3 4 19] [1 2 3 4 5 6 9 18 19 23 25 26] [1 2 3 4 5 6 16 25] [1 2 3 4 5 18 23 25 26] [1 2 3 4 25] [1 2 3 4 19 23 25 52] [1 2 3 4 5 18] [1 2 3 4 5 6 19 23] [1 2 4] [1 2 3 4 5 6 9 18 19 23 25] [1 2 3 4 5 6 16] [1 2 3 4 6 18] [1 2] [1 59] [1 2 3 4 18 19 23] [1 2 25] [2 19] [1 2 3 4 6 7 16 19] [1 2 3 4 18 25] [2 19 23] [1 2 3 4 5 6 9 18 25] [1 2 3] [2 3 19 23] [1 2 3 4 5 6 19] [1 2 23] [1 2 3 4 5 19 23 25] [] [] [] [] [] [] [] [] [] [] [] [] [] [] [] [] [] [] [] [] [] [] [] [] [] [] [] [] [] [] [] [] [] [] [] [] [] [] [] [] [] [] [] [] [] [] [] [] [] [] [] [] [] [] [] [] [] [] [] [] [] [] [] [] [] [] [] [] [] [] [] [] [] [] [] [] [] [] [] [] [] [] [] [] [] [] [] [] [] [] [] [] [] [] [] [] [] [] [] [] [] [] [] [] [] [] [] [] [] [] [] [] [] [] [] [] [] [] [] [] [] [] [] [] [] [] [] [] [] [] [] [] [] [] [] [] [] [] [] [] [] [] [] [] [] [] [] [] [] [] [] [] [] [] [] [] [] [] [] [] [] [] [] [] [] [] [] [] [] [] [] [] [] [] [] [] [] [] [] [] [] [] [] [] [] [] [] [] [] [] [] [] []
295 [] [1 2 3 4 5 6 9 16 19 23] [1 2 3 4 6 19 23] [1 2 3 4 6] [1 2 3 4] [1 2 3 4 6 16] [1 2 3 4 5 6] [1 2 3 4 19 23] [1 2 3 4 6 16 18 19 23 52] [1 2 53] [1] [1 2 3 4 6 8 16 19 23 25 55] [1 2 3 4 5 6 19 23 25] [1 10] [1 2 3 4 19] [1 2 3 4 5 6 9 18 19 23 25 26] [1 2 3 4 5 6 16 25] [1 2 3 4 5 18 23 25 26] [1 2 3 4 25] [1 2 3 4 19 23 25 52] [1 2 3 4 5 18] [1 2 3 4 5 6 19 23] [1 2 4] [1 2 3 4 5 6 9 18 19 23 25] [1 2 3 4 5 6 16] [1 2 3 4 6 18] [1 2] [1 59] [1 2 3 4 18 19 23] [1 2 25] [2 19] [1 2 3 4 6 7 16 19] [1 2 3 4 18 25] [2 19 23] [1 2 3 4 5 6 9 18 25] [1 2 3] [2 3 19 23] [1 2 3 4 5 6 19] [1 2 23] [1 2 3 4 5 19 23 25] [] [] [] [] [] [] [] [] [] [] [] [] [] [] [] [] [] [] [] [] [] [] [] [] [] [] [] [] [] [] [] [] [] [] [] [] [] [] [] [] [] [] [] [] [] [] [] [] [] [] [] [] [] [] [] [] [] [] [] [] [] [] [] [] [] [] [] [] [] [] [] [] [] [] [] [] [] [] [] [] [] [] [] [] [] [] [] [] [] [] [] [] [] [] [] [] [] [] [] [] [] [] [] [] [] [] [] [] [] [] [] [] [] [] [] [] [] [] [] [] [] [] [] [] [] [] [] [] [] [] [] [] [] [] [] [] [] [] [] [] [] [] [] [] [] [] [] [] [] [] [] [] [] [] [] [] [] [] [] [] [] [] [] [] [] [] [] [] [] [] [] [] [] [] [] [] [] [] [] [] [] [] [] [] [] [] [] [] [] [] [] [] [] []
296 [] [1 2 3 4 5 6 9 16 19 23] [1 2 3 4 6 19 23] [1 2 3 4 6] [1 2 3 4] [1 2 3 4 6 16] [1 2 3 4 5 6] [1 2 3 4 19 23] [1 2 3 4 6 16 18 19 23 52] [1 2 53] [1] [1 2 3 4 6 8 16 19 23 25 55] [1 2 3 4 5 6 19 23 25] [1 10] [1 2 3 4 19] [1 2 3 4 5 6 9 18 19 23 25 26] [1 2 3 4 5 6 16 25] [1 2 3 4 5 18 23 25 26] [1 2 3 4 25] [1 2 3 4 19 23 25 52] [1 2 3 4 5 18] [1 2 3 4 5 6 19 23] [1 2 4] [1 2 3 4 5 6 9 18 19 23 25] [1 2 3 4 5 6 16] [1 2 3 4 6 18] [1 2] [1 59] [1 2 3 4 18 19 23] [1 2 25] [2 19] [1 2 3 4 6 7 16 19] [1 2 3 4 18 25] [2 19 23] [1 2 3 4 5 6 9 18 25] [1 2 3] [2 3 19 23] [1 2 3 4 5 6 19] [1 2 23] [1 2 3 4 5 19 23 25] [] [] [] [] [] [] [] [] [] [] [] [] [] [] [] [] [] [] [] [] [] [] [] [] [] [] [] [] [] [] [] [] [] [] [] [] [] [] [] [] [] [] [] [] [] [] [] [] [] [] [] [] [] [] [] [] [] [] [] [] [] [] [] [] [] [] [] [] [] [] [] [] [] [] [] [] [] [] [] [] [] [] [] [] [] [] [] [] [] [] [] [] [] [] [] [] [] [] [] [] [] [] [] [] [] [] [] [] [] [] [] [] [] [] [] [] [] [] [] [] [] [] [] [] [] [] [] [] [] [] [] [] [] [] [] [] [] [] [] [] [] [] [] [] [] [] [] [] [] [] [] [] [] [] [] [] [] [] [] [] [] [] [] [] [] [] [] [] [] [] [] [] [] [] [] [] [] [] [] [] [] [] [] [] [] [] [] [] [] [] [] [] [] []
297 [] [1 2 3 4 6 19 23] [1 2 3 4 6] [1 2 3 4] [1 2 3 4 6 16] [1 2 3 4 5 6] [1 2 3 4 19 23] [1 2 3 4 6 16 18 19 23 52] [1 2 53] [1 2 3 4 5 6 9 16 19 23] [1] [1 2 3 4 6 8 16 19 23 25 55] [1 2 3 4 5 6 19 23 25] [1 10] [1 2 3 4 19] [1 2 3 4 5 6 9 18 19 23 25 26] [1 2 3 4 5 6 16 25] [1 2 3 4 5 18 23 25 26] [1 2 3 4 25] [1 2 3 4 19 23 25 52] [1 2 3 4 5 18] [1 2 3 4 5 6 19 23] [1 2 4] [1 2 3 4 5 6 9 18 19 23 25] [1 2 3 4 5 6 16] [1 2 3 4 6 18] [1 2] [1 59] [1 2 3 4 18 19 23] [1 2 25] [2 19] [1 2 3 4 6 7 16 19] [1 2 3 4 18 25] [2 19 23] [1 2 3 4 5 6 9 18 25] [1 2 3] [2 3 19 23] [1 2 3 4 5 6 19] [1 2 23] [1 2 3 4 5 19 23 25] [] [] [] [] [] [] [] [] [] [] [] [] [] [] [] [] [] [] [] [] [] [] [] [] [] [] [] [] [] [] [] [] [] [] [] [] [] [] [] [] [] [] [] [] [] [] [] [] [] [] [] [] [] [] [] [] [] [] [] [] [] [] [] [] [] [] [] [] [] [] [] [] [] [] [] [] [] [] [] [] [] [] [] [] [] [] [] [] [] [] [] [] [] [] [] [] [] [] [] [] [] [] [] [] [] [] [] [] [] [] [] [] [] [] [] [] [] [] [] [] [] [] [] [] [] [] [] [] [] [] [] [] [] [] [] [] [] [] [] [] [] [] [] [] [] [] [] [] [] [] [] [] [] [] [] [] [] [] [] [] [] [] [] [] [] [] [] [] [] [] [] [] [] [] [] [] [] [] [] [] [] [] [] [] [] [] [] [] [] [] [] [] [] []
298 [] [1 2 3 4 6 19 23] [1 2 3 4 6] [1 2 3 4] [1 2 3 4 6 16] [1 2 3 4 5 6] [1 2 3 4 19 23] [1 2 3 4 6 16 18 19 23 52] [1 2 53] [1 2 3 4 5 6 9 16 19 23] [1] [1 2 3 4 6 8 16 19 23 25 55] [1 2 3 4 5 6 19 23 25] [1 10] [1 2 3 4 19] [1 2 3 4 5 6 9 18 19 23 25 26] [1 2 3 4 5 6 16 25] [1 2 3 4 5 18 23 25 26] [1 2 3 4 25] [1 2 3 4 19 23 25 52] [1 2 3 4 5 18] [1 2 3 4 5 6 19 23] [1 2 4] [1 2 3 4 5 6 9 18 19 23 25] [1 2 3 4 5 6 16] [1 2 3 4 6 18] [1 2] [1 59] [1 2 3 4 18 19 23] [1 2 25] [2 19] [1 2 3 4 6 7 16 19] [1 2 3 4 18 25] [2 19 23] [1 2 3 4 5 6 9 18 25] [1 2 3] [2 3 19 23] [1 2 3 4 5 6 19] [1 2 23] [1 2 3 4 5 19 23 25] [] [] [] [] [] [] [] [] [] [] [] [] [] [] [] [] [] [] [] [] [] [] [] [] [] [] [] [] [] [] [] [] [] [] [] [] [] [] [] [] [] [] [] [] [] [] [] [] [] [] [] [] [] [] [] [] [] [] [] [] [] [] [] [] [] [] [] [] [] [] [] [] [] [] [] [] [] [] [] [] [] [] [] [] [] [] [] [] [] [] [] [] [] [] [] [] [] [] [] [] [] [] [] [] [] [] [] [] [] [] [] [] [] [] [] [] [] [] [] [] [] [] [] [] [] [] [] [] [] [] [] [] [] [] [] [] [] [] [] [] [] [] [] [] [] [] [] [] [] [] [] [] [] [] [] [] [] [] [] [] [] [] [] [] [] [] [] [] [] [] [] [] [] [] [] [] [] [] [] [] [] [] [] [] [] [] [] [] [] [] [] [] [] []
299 [] [1 2 3 4 6] [1 2 3 4] [1 2 3 4 6 16] [1 2 3 4 5 6] [1 2 3 4 19 23] [1 2 3 4 6 16 18 19 23 52] [1 2 53] [1 2 3 4 5 6 9 16 19 23] [1] [1 2 3 4 6 8 16 19 23 25 55] [1 2 3 4 5 6 19 23 25] [1 10] [1 2 3 4 19] [1 2 3 4 5 6 9 18 19 23 25 26] [1 2 3 4 5 6 16 25] [1 2 3 4 5 18 23 25 26] [1 2 3 4 25] [1 2 3 4 19 23 25 52] [1 2 3 4 5 18] [1 2 3 4 5 6 19 23] [1 2 4] [1 2 3 4 5 6 9 18 19 23 25] [1 2 3 4 5 6 16] [1 2 3 4 6 18] [1 2 3 4 6 19 23] [1 2] [1 59] [1 2 3 4 18 19 23] [1 2 25] [2 19] [1 2 3 4 6 7 16 19] [1 2 3 4 18 25] [2 19 23] [1 2 3 4 5 6 9 18 25] [1 2 3] [2 3 19 23] [1 2 3 4 5 6 19] [1 2 23] [1 2 3 4 5 19 23 25] [] [] [] [] [] [] [] [] [] [] [] [] [] [] [] [] [] [] [] [] [] [] [] [] [] [] [] [] [] [] [] [] [] [] [] [] [] [] [] [] [] [] [] [] [] [] [] [] [] [] [] [] [] [] [] [] [] [] [] [] [] [] [] [] [] [] [] [] [] [] [] [] [] [] [] [] [] [] [] [] [] [] [] [] [] [] [] [] [] [] [] [] [] [] [] [] [] [] [] [] [] [] [] [] [] [] [] [] [] [] [] [] [] [] [] [] [] [] [] [] [] [] [] [] [] [] [] [] [] [] [] [] [] [] [] [] [] [] [] [] [] [] [] [] [] [] [] [] [] [] [] [] [] [] [] [] [] [] [] [] [] [] [] [] [] [] [] [] [] [] [] [] [] [] [] [] [] [] [] [] [] [] [] [] [] [] [] [] [] [] [] [] [] []
300 [] [1 2 3 4] [1 2 3 4 6 16] [1 2 3 4 5 6] [1 2 3 4 19 23] [1 2 3 4 6 16 18 19 23 52] [1 2 53] [1 2 3 4 5 6 19 23 52] [1 2 3 4 5 6 9 16 19 23] [1] [1 2 3 4 6 8 16 19 23 25 55] [1 2 3 4 5 6 19 23 25] [1 10] [1 2 3 4 19] [1 2 3 4 5 6 9 18 19 23 25 26] [1 2 3 4 5 6 16 25] [1 2 3 4 5 18 23 25 26] [1 2 3 4 25] [1 2 3 4 6 19 23 25] [1 2 3 4 19 23 25 52] [1 2 3 4 5 18] [1 2 3 4 5 6 19 23] [1 2 4] [1 2 3 4 5 6 9 18 19 23 25] [1 2 3 4 5 6 16] [1 2 3 4 6 18] [1 2 3 4 6 19 23] [1 2] [1 59] [1 2 3 4 18 19 23] [1 2 25] [2 19] [1 2 3 4 6 7 16 19] [1 2 3 4 18 25] [2 19 23] [1 2 3 4 5 6 9 18 25] [1 2 3] [2 3 19 23] [1 2 3 4 5 6 19] [1 2 23] [1 2 3 4 5 19 23 25] [] [] [] [] [] [] [] [] [] [] [] [] [] [] [] [] [] [] [] [] [] [] [] [] [] [] [] [] [] [] [] [] [] [] [] [] [] [] [] [] [] [] [] [] [] [] [] [] [] [] [] [] [] [] [] [] [] [] [] [] [] [] [] [] [] [] [] [] [] [] [] [] [] [] [] [] [] [] [] [] [] [] [] [] [] [] [] [] [] [] [] [] [] [] [] [] [] [] [] [] [] [] [] [] [] [] [] [] [] [] [] [] [] [] [] [] [] [] [] [] [] [] [] [] [] [] [] [] [] [] [] [] [] [] [] [] [] [] [] [] [] [] [] [] [] [] [] [] [] [] [] [] [] [] [] [] [] [] [] [] [] [] [] [] [] [] [] [] [] [] [] [] [] [] [] [] [] [] [] [] [] [] [] [] [] [] [] [] [] [] [] [] []
301 [] [1 2 3 4 6 16] [1 2 3 4 5 6] [1 2 3 4 19 23] [1 2 3 4 6 16 18 19 23 52] [1 2 3 4 5 6 19 23 52] [1 2 3 4] [1 2 3 4 5 6 9 16 19 23] [1 2 3 4 6 8 16 19 23 25 55] [1 2 3 4 5 6 19 23 25] [1 2 3 4 19] [1 2 3 4 5 6 9 18 19 23 25 26] [1 2 3 4 5 6 16 25] [1 2 3 4 5 18 23 25 26] [1 2 3 4 25] [1 2 3 4 6 19 23 25] [1 2 3 4 19 23 25 52] [1 2 3 4 5 18] [1 2 3 4 5 6 19 23] [1 2 4] [1 2 3 4 5 6 9 18 19 23 25] [1 2 3 4 5 6 16] [1 2 3 4 6 18] [1 2 3 4 6 19 23] [1 2] [1] [1 59] [1 2 3 4 18 19 23] [1 2 25] [2 19] [1 2 3 4 6 7 16 19] [1 2 3 4 18 25] [2 19 23] [1 2 3 4 5 6 9 18 25] [1 2 3] [2 3 19 23] [1 2 3 4 5 6 19] [1 2 23] [1 2 3 4 5 19 23 25] [] [] [] [] [] [] [] [] [] [] [] [] [] [] [] [] [] [] [] [] [] [] [] [] [] [] [] [] [] [] [] [] [] [] [] [] [] [] [] [] [] [] [] [] [] [] [] [] [] [] [] [] [] [] [] [] [] [] [] [] [] [] [] [] [] [] [] [] [] [] [] [] [] [] [] [] [] [] [] [] [] [] [] [] [] [] [] [] [] [] [] [] [] [] [] [] [] [] [] [] [] [] [] [] [] [] [] [] [] [] [] [] [] [] [] [] [] [] [] [] [] [] [] [] [] [] [] [] [] [] [] [] [] [] [] [] [] [] [] [] [] [] [] [] [] [] [] [] [] [] [] [] [] [] [] [] [] [] [] [] [] [] [] [] [] [] [] [] [] [] [] [] [] [] [] [] [] [] [] [] [] [] [] [] [] [] [] [] [] [] [] [] [] [] []
302 [] [1 2 3 4 6 16] [1 2 3 4 5 6] [1 2 3 4 19 23] [1 2 3 4 6 16 18 19 23 52] [1 2 3 4 5 6 19 23 52] [1 2 3 4] [1 2 3 4 5 6 9 16 19 23] [1 2 3 4 6 8 16 19 23 25 55] [1 2 3 4 5 6 19 23 25] [1 2 3 4 19] [1 2 3 4 5 6 9 18 19 23 25 26] [1 2 3 4 5 6 16 25] [1 2 3 4 5 18 23 25 26] [1 2 3 4 25] [1 2 3 4 6 19 23 25] [1 2 3 4 19 23 25 52] [1 2 3 4 5 18] [1 2 3 4 5 6 19 23] [1 2 4] [1 2 3 4 5 6 9 18 19 23 25] [1 2 3 4 5 6 16] [1 2 3 4 6 18] [1 2 3 4 6 19 23] [1 2] [1] [1 59] [1 2 3 4 18 19 23] [1 2 25] [2 19] [1 2 3 4 6 7 16 19] [1 2 3 4 18 25] [2 19 23] [1 2 3 4 5 6 9 18 25] [1 2 3] [2 3 19 23] [1 2 3 4 5 6 19] [1 2 23] [1 2 3 4 5 19 23 25] [] [] [] [] [] [] [] [] [] [] [] [] [] [] [] [] [] [] [] [] [] [] [] [] [] [] [] [] [] [] [] [] [] [] [] [] [] [] [] [] [] [] [] [] [] [] [] [] [] [] [] [] [] [] [] [] [] [] [] [] [] [] [] [] [] [] [] [] [] [] [] [] [] [] [] [] [] [] [] [] [] [] [] [] [] [] [] [] [] [] [] [] [] [] [] [] [] [] [] [] [] [] [] [] [] [] [] [] [] [] [] [] [] [] [] [] [] [] [] [] [] [] [] [] [] [] [] [] [] [] [] [] [] [] [] [] [] [] [] [] [] [] [] [] [] [] [] [] [] [] [] [] [] [] [] [] [] [] [] [] [] [] [] [] [] [] [] [] [] [] [] [] [] [] [] [] [] [] [] [] [] [] [] [] [] [] [] [] [] [] [] [] [] [] []
303 [] [1 2 3 4 5 6] [1 2 3 4 19 23] [1 2 3 4 6 16 18 19 23 52] [1 2 3 4 5 6 19 23 52] [1 2 3 4] [1 2 3 4 5 6 9 16 19 23] [1 2 3 4 6 8 16 19 23 25 55] [1 2 3 4 5 6 19 23 25] [1 2 3 4 19] [1 2 3 4 5 6 9 18 19 23 25 26] [1 2 3 4 5 6 16 25] [1 2 3 4 5 18 23 25 26] [1 2 3 4 25] [1 2 3 4 6 19 23 25] [1 2 3 4 19 23 25 52] [1 2 3 4 5 18] [1 2 3 4 5 6 19 23] [1 2 4] [1 2 3 4 5 6 9 18 19 23 25] [1 2 3 4 5 6 16] [1 2 3 4 6 18] [1 2 3 4 6 19 23] [1 2] [1] [1 59] [1 2 3 4 18 19 23] [1 2 25] [2 19] [1 2 3 4 6 7 16 19] [1 2 3 4 18 25] [2 19 23] [1 2 3 4 5 6 9 18 25] [1 2 3] [2 3 19 23] [1 2 3 4 5 6 19] [1 2 23] [1 2 3 4 5 19 23 25] [] [] [] [] [] [] [] [] [] [] [] [] [] [] [] [] [] [] [] [] [] [] [] [] [] [] [] [] [] [] [] [] [] [] [] [] [] [] [] [] [] [] [] [] [] [] [] [] [] [] [] [] [] [] [] [] [] [] [] [] [] [] [] [] [] [] [] [] [] [] [] [] [] [] [] [] [] [] [] [] [] [] [] [] [] [] [] [] [] [] [] [] [] [] [] [] [] [] [] [] [] [] [] [] [] [] [] [] [] [] [] [] [] [] [] [] [] [] [] [] [] [] [] [] [] [] [] [] [] [] [] [] [] [] [] [] [] [] [] [] [] [] [] [] [] [] [] [] [] [] [] [] [] [] [] [] [] [] [] [] [] [] [] [] [] [] [] [] [] [] [] [] [] [] [] [] [] [] [] [] [] [] [] [] [] [] [] [] [] [] [] [] [] [] [] []
304 [] [1 2 3 4 5 6] [1 2 3 4 19 23] [1 2 3 4 6 16 18 19 23 52] [1 2 3 4 5 6 19 23 52] [1 2 3 4] [1 2 3 4 5 6 9 16 19 23] [1 2 3 4 6 8 16 19 23 25 55] [1 2 3 4 5 6 19 23 25] [1 2 3 4 19] [1 2 3 4 5 6 9 18 19 23 25 26] [1 2 3 4 5 6 16 25] [1 2 3 4 5 18 23 25 26] [1 2 3 4 25] [1 2 3 4 6 19 23 25] [1 2 3 4 19 23 25 52] [1 2 3 4 5 18] [1 2 3 4 5 6 19 23] [1 2 4] [1 2 3 4 5 6 9 18 19 23 25] [1 2 3 4 5 6 16] [1 2 3 4 6 18] [1 2 3 4 6 19 23] [1 2] [1] [1 59] [1 2 3 4 18 19 23] [1 2 25] [2 19] [1 2 3 4 6 7 16 19] [1 2 3 4 18 25] [2 19 23] [1 2 3 4 5 6 9 18 25] [1 2 3] [2 3 19 23] [1 2 3 4 5 6 19] [1 2 23] [1 2 3 4 5 19 23 25] [] [] [] [] [] [] [] [] [] [] [] [] [] [] [] [] [] [] [] [] [] [] [] [] [] [] [] [] [] [] [] [] [] [] [] [] [] [] [] [] [] [] [] [] [] [] [] [] [] [] [] [] [] [] [] [] [] [] [] [] [] [] [] [] [] [] [] [] [] [] [] [] [] [] [] [] [] [] [] [] [] [] [] [] [] [] [] [] [] [] [] [] [] [] [] [] [] [] [] [] [] [] [] [] [] [] [] [] [] [] [] [] [] [] [] [] [] [] [] [] [] [] [] [] [] [] [] [] [] [] [] [] [] [] [] [] [] [] [] [] [] [] [] [] [] [] [] [] [] [] [] [] [] [] [] [] [] [] [] [] [] [] [] [] [] [] [] [] [] [] [] [] [] [] [] [] [] [] [] [] [] [] [] [] [] [] [] [] [] [] [] [] [] [] [] []
305 [] [1 2 3 4 19 23] [1 2 3 4 6 16 18 19 23 52] [1 2 3 4 5 6 19 23 52] [1 2 3 4] [1 2 3 4 5 6 9 16 19 23] [1 2 3 4 6 8 16 19 23 25 55] [1 2 3 4 5 6 19 23 25] [1 2 3 4 19] [1 2 3 4 5 6 9 18 19 23 25 26] [1 2 3 4 5 6 16 25] [1 2 3 4 5 18 23 25 26] [1 2 3 4 25] [1 2 3 4 6 19 23 25] [1 2 3 4 19 23 25 52] [1 2 3 4 5 18] [1 2 3 4 5 6 19 23] [1 2 3 4 5 6] [1 2 4] [1 2 3 4 5 6 9 18 19 23 25] [1 2 3 4 5 6 16] [1 2 3 4 6 18] [1 2 3 4 6 19 23] [1 2] [1] [1 59] [1 2 3 4 18 19 23] [1 2 25] [2 19] [1 2 3 4 6 7 16 19] [1 2 3 4 18 25] [2 19 23] [1 2 3 4 5 6 9 18 25] [1 2 3] [2 3 19 23] [1 2 3 4 5 6 19] [1 2 23] [1 2 3 4 5 19 23 25] [] [] [] [] [] [] [] [] [] [] [] [] [] [] [] [] [] [] [] [] [] [] [] [] [] [] [] [] [] [] [] [] [] [] [] [] [] [] [] [] [] [] [] [] [] [] [] [] [] [] [] [] [] [] [] [] [] [] [] [] [] [] [] [] [] [] [] [] [] [] [] [] [] [] [] [] [] [] [] [] [] [] [] [] [] [] [] [] [] [] [] [] [] [] [] [] [] [] [] [] [] [] [] [] [] [] [] [] [] [] [] [] [] [] [] [] [] [] [] [] [] [] [] [] [] [] [] [] [] [] [] [] [] [] [] [] [] [] [] [] [] [] [] [] [] [] [] [] [] [] [] [] [] [] [] [] [] [] [] [] [] [] [] [] [] [] [] [] [] [] [] [] [] [] [] [] [] [] [] [] [] [] [] [] [] [] [] [] [] [] [] [] [] [] [] []
306 [] [1 2 3 4 19 23] [1 2 3 4 6 16 18 19 23 52] [1 2 3 4 5 6 19 23 52] [1 2 3 4] [1 2 3 4 5 6 9 16 19 23] [1 2 3 4 6 8 16 19 23 25 55] [1 2 3 4 5 6 19 23 25] [1 2 3 4 19] [1 2 3 4 5 6 9 18 19 23 25 26] [1 2 3 4 5 6 16 25] [1 2 3 4 5 18 23 25 26] [1 2 3 4 25] [1 2 3 4 6 19 23 25] [1 2 3 4 19 23 25 52] [1 2 3 4 5 18] [1 2 3 4 5 6 19 23] [1 2 3 4 5 6] [1 2 4] [1 2 3 4 5 6 9 18 19 23 25] [1 2 3 4 5 6 16] [1 2 3 4 6 18] [1 2 3 4 6 19 23] [1 2] [1] [1 59] [1 2 3 4 18 19 23] [1 2 25] [2 19] [1 2 3 4 6 7 16 19] [1 2 3 4 18 25] [2 19 23] [1 2 3 4 5 6 9 18 25] [1 2 3] [2 3 19 23] [1 2 3 4 5 6 19] [1 2 23] [1 2 3 4 5 19 23 25] [] [] [] [] [] [] [] [] [] [] [] [] [] [] [] [] [] [] [] [] [] [] [] [] [] [] [] [] [] [] [] [] [] [] [] [] [] [] [] [] [] [] [] [] [] [] [] [] [] [] [] [] [] [] [] [] [] [] [] [] [] [] [] [] [] [] [] [] [] [] [] [] [] [] [] [] [] [] [] [] [] [] [] [] [] [] [] [] [] [] [] [] [] [] [] [] [] [] [] [] [] [] [] [] [] [] [] [] [] [] [] [] [] [] [] [] [] [] [] [] [] [] [] [] [] [] [] [] [] [] [] [] [] [] [] [] [] [] [] [] [] [] [] [] [] [] [] [] [] [] [] [] [] [] [] [] [] [] [] [] [] [] [] [] [] [] [] [] [] [] [] [] [] [] [] [] [] [] [] [] [] [] [] [] [] [] [] [] [] [] [] [] [] [] [] []
307 [] [1 2 3 4 6 16 18 19 23 52] [1 2 3 4] [1 2 3 4 5 6 19 23 52] [1 2 3 4 5 6 9 16 19 23] [1 2 3 4 6 8 16 19 23 25 55] [1 2 3 4 5 6 19 23 25] [1 2 3 4 19] [1 2 3 4 19 23] [1 2 3 4 5 6 9 18 19 23 25 26] [1 2 3 4 5 6 16 25] [1 2 3 4 5 18 23 25 26] [1 2 3 4 25] [1 2 3 4 6 19 23 25] [1 2 3 4 19 23 25 52] [1 2 3 4 5 18] [1 2 3 4 5 6 19 23] [1 2 3 4 5 6] [1 2 4] [1 2 3 4 5 6 9 18 19 23 25] [1 2 3 4 5 6 16] [1 2 3 4 6 18] [1 2 3 4 6 19 23] [1 2] [1] [1 59] [1 2 3 4 18 19 23] [1 2 25] [2 19] [1 2 3 4 6 7 16 19] [1 2 3 4 18 25] [2 19 23] [1 2 3 4 5 6 9 18 25] [1 2 3] [2 3 19 23] [1 2 3 4 5 6 19] [1 2 23] [1 2 3 4 5 19 23 25] [] [] [] [] [] [] [] [] [] [] [] [] [] [] [] [] [] [] [] [] [] [] [] [] [] [] [] [] [] [] [] [] [] [] [] [] [] [] [] [] [] [] [] [] [] [] [] [] [] [] [] [] [] [] [] [] [] [] [] [] [] [] [] [] [] [] [] [] [] [] [] [] [] [] [] [] [] [] [] [] [] [] [] [] [] [] [] [] [] [] [] [] [] [] [] [] [] [] [] [] [] [] [] [] [] [] [] [] [] [] [] [] [] [] [] [] [] [] [] [] [] [] [] [] [] [] [] [] [] [] [] [] [] [] [] [] [] [] [] [] [] [] [] [] [] [] [] [] [] [] [] [] [] [] [] [] [] [] [] [] [] [] [] [] [] [] [] [] [] [] [] [] [] [] [] [] [] [] [] [] [] [] [] [] [] [] [] [] [] [] [] [] [] [] [] []
308 [] [1 2 3 4] [1 2 3 4 5 6 19 23 52] [1 2 3 4 5 6 9 16 19 23] [1 2 3 4 6 8 16 19 23 25 55] [1 2 3 4 5 6 19 23 25] [1 2 3 4 19] [1 2 3 4 19 23] [1 2 3 4 5 6 9 18 19 23 25 26] [1 2 3 4 5 6 16 25] [1 2 3 4 5 18 23 25 26] [1 2 3 4 25] [1 2 3 4 6 19 23 25] [1 2 3 4 19 23 25 52] [1 2 3 4 5 18] [1 2 3 4 5 6 19 23] [1 2 3 4 5 6] [1 2 4] [1 2 3 4 5 6 9 18 19 23 25] [1 2 3 4 5 6 16] [1 2 3 4 6 18] [1 2 3 4 6 19 23] [1 2] [1] [1 59] [1 2 3 4 18 19 23] [1 2 25] [2 19] [1 2 3 4 6 7 16 19] [1 2 3 4 18 25] [2 19 23] [1 2 3 4 5 6 9 18 25] [1 2 3] [2 3 19 23] [1 2 3 4 5 6 19] [1 2 23] [1 2 3 4 5 19 23 25] [] [] [] [] [] [] [] [] [] [] [] [] [] [] [] [] [] [] [] [] [] [] [] [] [] [] [] [] [] [] [] [] [] [] [] [] [] [] [] [] [] [] [] [] [] [] [] [] [] [] [] [] [] [] [] [] [] [] [] [] [] [] [] [] [] [] [] [] [] [] [] [] [] [] [] [] [] [] [] [] [] [] [] [] [] [] [] [] [] [] [] [] [] [] [] [] [] [] [] [] [] [] [] [] [] [] [] [] [] [] [] [] [] [] [] [] [] [] [] [] [] [] [] [] [] [] [] [] [] [] [] [] [] [] [] [] [] [] [] [] [] [] [] [] [] [] [] [] [] [] [] [] [] [] [] [] [] [] [] [] [] [] [] [] [] [] [] [] [] [] [] [] [] [] [] [] [] [] [] [] [] [] [] [] [] [] [] [] [] [] [] [] [] [] [] [] []
309 [] [1 2 3 4] [1 2 3 4 5 6 9 16 19 23] [1 2 3 4 6 8 16 19 23 25 55] [1 2 3 4 5 6 19 23 25] [1 2 3 4 19] [1 2 3 4 19 23] [1 2 3 4 5 6 9 18 19 23 25 26] [1 2 3 4 5 6 16 25] [1 2 3 4 5 18 23 25 26] [1 2 3 4 25] [1 2 3 4 6 19 23 25] [1 2 3 4 19 23 25 52] [1 2 3 4 5 18] [1 2 3 4 5 6 19 23] [1 2 3 4 5 6] [1 2 4] [1 2 3 4 5 6 9 18 19 23 25] [1 2 3 4 5 6 16] [1 2 3 4 6 18] [1 2 3 4 6 19 23] [1 2] [1] [1 59] [1 2 3 4 18 19 23] [1 2 25] [2 19] [1 2 3 4 6 7 16 19] [1 2 3 4 18 25] [2 19 23] [1 2 3 4 5 6 9 18 25] [1 2 3] [2 3 19 23] [1 2 3 4 5 6 19] [1 2 23] [1 2 3 4 5 19 23 25] [] [] [] [] [] [] [] [] [] [] [] [] [] [] [] [] [] [] [] [] [] [] [] [] [] [] [] [] [] [] [] [] [] [] [] [] [] [] [] [] [] [] [] [] [] [] [] [] [] [] [] [] [] [] [] [] [] [] [] [] [] [] [] [] [] [] [] [] [] [] [] [] [] [] [] [] [] [] [] [] [] [] [] [] [] [] [] [] [] [] [] [] [] [] [] [] [] [] [] [] [] [] [] [] [] [] [] [] [] [] [] [] [] [] [] [] [] [] [] [] [] [] [] [] [] [] [] [] [] [] [] [] [] [] [] [] [] [] [] [] [] [] [] [] [] [] [] [] [] [] [] [] [] [] [] [] [] [] [] [] [] [] [] [] [] [] [] [] [] [] [] [] [] [] [] [] [] [] [] [] [] [] [] [] [] [] [] [] [] [] [] [] [] [] [] [] [] []
310 [] [1 2 3 4 5 6 9 16 19 23] [1 2 3 4 6 8 16 19 23 25 55] [1 2 3 4] [1 2 3 4 5 6 19 23 25] [1 2 3 4 19] [1 2 3 4 19 23] [1 2 3 4 5 6 9 18 19 23 25 26] [1 2 3 4 5 6 16 25] [1 2 3 4 5 18 23 25 26] [1 2 3 4 25] [1 2 3 4 6 19 23 25] [1 2 3 4 19 23 25 52] [1 2 3 4 5 18] [1 2 3 4 5 6 19 23] [1 2 3 4 5 6] [1 2 4] [1 2 3 4 5 6 9 18 19 23 25] [1 2 3 4 5 6 16] [1 2 3 4 6 18] [1 2 3 4 6 19 23] [1 2] [1] [1 59] [1 2 3 4 18 19 23] [1 2 25] [2 19] [1 2 3 4 6 7 16 19] [1 2 3 4 18 25] [2 19 23] [1 2 3 4 5 6 9 18 25] [1 2 3] [2 3 19 23] [1 2 3 4 5 6 19] [1 2 23] [1 2 3 4 5 19 23 25] [] [] [] [] [] [] [] [] [] [] [] [] [] [] [] [] [] [] [] [] [] [] [] [] [] [] [] [] [] [] [] [] [] [] [] [] [] [] [] [] [] [] [] [] [] [] [] [] [] [] [] [] [] [] [] [] [] [] [] [] [] [] [] [] [] [] [] [] [] [] [] [] [] [] [] [] [] [] [] [] [] [] [] [] [] [] [] [] [] [] [] [] [] [] [] [] [] [] [] [] [] [] [] [] [] [] [] [] [] [] [] [] [] [] [] [] [] [] [] [] [] [] [] [] [] [] [] [] [] [] [] [] [] [] [] [] [] [] [] [] [] [] [] [] [] [] [] [] [] [] [] [] [] [] [] [] [] [] [] [] [] [] [] [] [] [] [] [] [] [] [] [] [] [] [] [] [] [] [] [] [] [] [] [] [] [] [] [] [] [] [] [] [] [] [] [] [] []
311 [] [1 2 3 4 6 8 16 19 23 25 55] [1 2] [1 2 3 4 5 6 19 23 25] [1 2 3 4 19] [1 2 3 4 19 23] [1 2 3 4 5 6 9 18 19 23 25 26] [1 2 3 4] [1 2 3 4 5 6 16 25] [1 2 3 4 5 18 23 25 26] [1 2 3 4 25] [1 2 3 4 6 19 23 25] [1 2 3 4 19 23 25 52] [1 2 3 4 5 18] [1 2 3 4 5 6 19 23] [1 2 3 4 5 6] [1 2 4] [1 2 3 4 5 6 9 18 19 23 25] [1 2 3 4 5 6 16] [1 2 3 4 6 18] [1 2 3 4 6 19 23] [1] [1 59] [1 2 3 4 18 19 23] [1 2 25] [2 19] [1 2 3 4 6 7 16 19] [1 2 3 4 18 25] [2 19 23] [1 2 3 4 5 6 9 18 25] [1 2 3] [2 3 19 23] [1 2 3 4 5 6 19] [1 2 23] [1 2 3 4 5 19 23 25] [] [] [] [] [] [] [] [] [] [] [] [] [] [] [] [] [] [] [] [] [] [] [] [] [] [] [] [] [] [] [] [] [] [] [] [] [] [] [] [] [] [] [] [] [] [] [] [] [] [] [] [] [] [] [] [] [] [] [] [] [] [] [] [] [] [] [] [] [] [] [] [] [] [] [] [] [] [] [] [] [] [] [] [] [] [] [] [] [] [] [] [] [] [] [] [] [] [] [] [] [] [] [] [] [] [] [] [] [] [] [] [] [] [] [] [] [] [] [] [] [] [] [] [] [] [] [] [] [] [] [] [] [] [] [] [] [] [] [] [] [] [] [] [] [] [] [] [] [] [] [] [] [] [] [] [] [] [] [] [] [] [] [] [] [] [] [] [] [] [] [] [] [] [] [] [] [] [] [] [] [] [] [] [] [] [] [] [] [] [] [] [] [] [] [] [] [] [] []
312 [] [1 2] [1 2 3 4 5 6 19 23 25] [1 2 3 4 19] [1 2 3 4 19 23] [1 2 3 4 5 6 9 18 19 23 25 26] [1 2 3 4] [1 2 3 4 5 6 16 25] [1 2 3 4 5 18 23 25 26] [1 2 3 4 25] [1 2 3 4 6 19 23 25] [1 2 3 4 19 23 25 52] [1 2 3 4 5 18] [1 2 3 4 5 6 19 23] [1 2 3 4 5 6] [1 2 4] [1 2 3 4 5 6 9 18 19 23 25] [1 2 3 4 5 6 16] [1 2 3 4 6 18] [1 2 3 4 6 19 23] [1] [1 2 59] [1 59] [1 2 3 4 18 19 23] [1 2 25] [2 19] [1 2 3 4 6 7 16 19] [1 2 3 4 18 25] [2 19 23] [1 2 3 4 5 6 9 18 25] [1 2 3] [2 3 19 23] [1 2 3 4 5 6 19] [1 2 23] [1 2 3 4 5 19 23 25] [] [] [] [] [] [] [] [] [] [] [] [] [] [] [] [] [] [] [] [] [] [] [] [] [] [] [] [] [] [] [] [] [] [] [] [] [] [] [] [] [] [] [] [] [] [] [] [] [] [] [] [] [] [] [] [] [] [] [] [] [] [] [] [] [] [] [] [] [] [] [] [] [] [] [] [] [] [] [] [] [] [] [] [] [] [] [] [] [] [] [] [] [] [] [] [] [] [] [] [] [] [] [] [] [] [] [] [] [] [] [] [] [] [] [] [] [] [] [] [] [] [] [] [] [] [] [] [] [] [] [] [] [] [] [] [] [] [] [] [] [] [] [] [] [] [] [] [] [] [] [] [] [] [] [] [] [] [] [] [] [] [] [] [] [] [] [] [] [] [] [] [] [] [] [] [] [] [] [] [] [] [] [] [] [] [] [] [] [] [] [] [] [] [] [] [] [] [] []
313 [] [1 2 3 4 19] [1 2 3 4 19 23] [1 2 3 4 5 6 9 18 19 23 25 26] [1 2 3 4] [1 2 3 4 5 6 16 25] [1 2 3 4 5 18 23 25 26] [1 2 3 4 25] [1 2 3 4 6 19 23 25] [1 2 3 4 19 23 25 52] [1 2 3 4 5 18] [1 2 3 4 5 6 19 23] [1 2 3 4 5 6] [1 2 3 4 5 6 9 18 19 23 25] [1 2 3 4 5 6 16] [1 2 3 4 6 18] [1 2 3 4 6 19 23] [1 2 59] [1 59] [1 2 3 4 18 19 23] [1 2] [1 2 25] [2 19] [1 2 3 4 6 7 16 19] [1 2 3 4 5 6 19 23 25] [1 2 3 4 18 25] [2 19 23] [1 2 3 4 5 6 9 18 25] [1 2 3] [2 3 19 23] [1 2 3 4 5 6 19] [1 2 23] [1 2 3 4 5 19 23 25] [1] [] [] [] [] [] [] [] [] [] [] [] [] [] [] [] [] [] [] [] [] [] [] [] [] [] [] [] [] [] [] [] [] [] [] [] [] [] [] [] [] [] [] [] [] [] [] [] [] [] [] [] [] [] [] [] [] [] [] [] [] [] [] [] [] [] [] [] [] [] [] [] [] [] [] [] [] [] [] [] [] [] [] [] [] [] [] [] [] [] [] [] [] [] [] [] [] [] [] [] [] [] [] [] [] [] [] [] [] [] [] [] [] [] [] [] [] [] [] [] [] [] [] [] [] [] [] [] [] [] [] [] [] [] [] [] [] [] [] [] [] [] [] [] [] [] [] [] [] [] [] [] [] [] [] [] [] [] [] [] [] [] [] [] [] [] [] [] [] [] [] [] [] [] [] [] [] [] [] [] [] [] [] [] [] [] [] [] [] [] [] [] [] [] [] [] [] [] [] [] []
314 [] [1 2 3 4 19] [1 2 3 4 19 23] [1 2 3 4 5 6 9 18 19 23 25 26] [1 2 3 4] [1 2 3 4 5 6 16 25] [1 2 3 4 5 18 23 25 26] [1 2 3 4 25] [1 2 3 4 6 19 23 25] [1 2 3 4 19 23 25 52] [1 2 3 4 5 18] [1 2 3 4 5 6 19 23] [1 2 3 4 5 6] [1 2 3 4 5 6 9 18 19 23 25] [1 2 3 4 5 6 16] [1 2 3 4 6 18] [1 2 3 4 6 19 23] [1 2 59] [1 59] [1 2 3 4 18 19 23] [1 2] [1 2 25] [2 19] [1 2 3 4 6 7 16 19] [1 2 3 4 5 6 19 23 25] [1 2 3 4 18 25] [2 19 23] [1 2 3 4 5 6 9 18 25] [1 2 3] [2 3 19 23] [1 2 3 4 5 6 19] [1 2 23] [1 2 3 4 5 19 23 25] [1] [] [] [] [] [] [] [] [] [] [] [] [] [] [] [] [] [] [] [] [] [] [] [] [] [] [] [] [] [] [] [] [] [] [] [] [] [] [] [] [] [] [] [] [] [] [] [] [] [] [] [] [] [] [] [] [] [] [] [] [] [] [] [] [] [] [] [] [] [] [] [] [] [] [] [] [] [] [] [] [] [] [] [] [] [] [] [] [] [] [] [] [] [] [] [] [] [] [] [] [] [] [] [] [] [] [] [] [] [] [] [] [] [] [] [] [] [] [] [] [] [] [] [] [] [] [] [] [] [] [] [] [] [] [] [] [] [] [] [] [] [] [] [] [] [] [] [] [] [] [] [] [] [] [] [] [] [] [] [] [] [] [] [] [] [] [] [] [] [] [] [] [] [] [] [] [] [] [] [] [] [] [] [] [] [] [] [] [] [] [] [] [] [] [] [] [] [] [] [] []
315 [] [1 2 3 4 19 23] [1 2 3 59 60] [1 2 3 4 19] [1 2 3 4 5 6 9 18 19 23 25 26] [1 2 3 4] [1 2 3 4 5 6 16 25] [1 2 3 4 5 18 23 25 26] [1 2 3 4 25] [1 2 3 4 6 19 23 25] [1 2 3 4 19 23 25 52] [1 2 3 4 5 18] [1 2 3 4 5 6 19 23] [1 2 3 4 5 6] [1 2 3 4 5 6 9 18 19 23 25] [1 2 3 4 5 6 16] [1 2 3 4 6 18] [1 2 3 4 6 19 23] [1 2 59] [1 59] [1] [1 2 3 4 5] [1 2 3 4 18 19 23] [1 2] [1 2 25] [2 19] [1 2 3 4 6 7 16 19] [1 2 3 4 5 6 19 23 25] [1 2 3 4 18 25] [2 19 23] [1 2 3 4 5 6 9 18 25] [1 2 3] [2 3 19 23] [1 2 3 4 5 6 19] [1 2 23] [1 2 3 4 5 19 23 25] [] [] [] [] [] [] [] [] [] [] [] [] [] [] [] [] [] [] [] [] [] [] [] [] [] [] [] [] [] [] [] [] [] [] [] [] [] [] [] [] [] [] [] [] [] [] [] [] [] [] [] [] [] [] [] [] [] [] [] [] [] [] [] [] [] [] [] [] [] [] [] [] [] [] [] [] [] [] [] [] [] [] [] [] [] [] [] [] [] [] [] [] [] [] [] [] [] [] [] [] [] [] [] [] [] [] [] [] [] [] [] [] [] [] [] [] [] [] [] [] [] [] [] [] [] [] [] [] [] [] [] [] [] [] [] [] [] [] [] [] [] [] [] [] [] [] [] [] [] [] [] [] [] [] [] [] [] [] [] [] [] [] [] [] [] [] [] [] [] [] [] [] [] [] [] [] [] [] [] [] [] [] [] [] [] [] [] [] [] [] [] [] [] [] [] [] [] []
316 [] [1 2 3 4 19] [1 2 3 4 5 6 9 18 19 23 25 26] [1 2 3 4] [1] [1 2 3 4 5 6 16 25] [1 2 3 4 5 18 23 25 26] [1 2 3 4 25] [1 2 3 4 6 19 23 25] [1 2 3 4 19 23 25 52] [1 2 3 4 5 18] [1 2 3 4 5 6 19 23] [1 2 3 4 5 6] [1 2 3 4 5 6 9 18 19 23 25] [1 2 3 4 5 6 16] [1 2 3 4 6 18] [1 2 3 4 6 19 23] [1 2 3 4 19 23] [1 2 3 4 5] [1 2 3 4 18 19 23] [1 2] [1 2 25] [2 19] [1 2 3 4 6 7 16 19] [1 2 3 4 5 6 19 23 25] [1 2 3 4 18 25] [2 19 23] [1 2 3 4 5 6 9 18 25] [1 2 3] [2 3 19 23] [1 2 3 4 5 6 19] [1 2 23] [1 2 3 4 5 19 23 25] [] [] [] [] [] [] [] [] [] [] [] [] [] [] [] [] [] [] [] [] [] [] [] [] [] [] [] [] [] [] [] [] [] [] [] [] [] [] [] [] [] [] [] [] [] [] [] [] [] [] [] [] [] [] [] [] [] [] [] [] [] [] [] [] [] [] [] [] [] [] [] [] [] [] [] [] [] [] [] [] [] [] [] [] [] [] [] [] [] [] [] [] [] [] [] [] [] [] [] [] [] [] [] [] [] [] [] [] [] [] [] [] [] [] [] [] [] [] [] [] [] [] [] [] [] [] [] [] [] [] [] [] [] [] [] [] [] [] [] [] [] [] [] [] [] [] [] [] [] [] [] [] [] [] [] [] [] [] [] [] [] [] [] [] [] [] [] [] [] [] [] [] [] [] [] [] [] [] [] [] [] [] [] [] [] [] [] [] [] [] [] [] [] [] [] [] [] [] [] [] []
317 [] [1 2 3 4 5 6 9 18 19 23 25 26] [1] [1 2 3 4 5 6 16 25] [1 2 3 4 5 18 23 25 26] [1 2 3 4 25] [1 2 3 4 6 19 23 25] [1 2 3 4 19 23 25 52] [1 2 3 4 5 18] [1 2 3 4 5 6 19 23] [1 2 3 4 5 6] [1 2 3 4 5 6 9 18 19 23 25] [1 2 3 4 5 6 16] [1 2 3 4 6 18] [1 2 3 4 6 19 23] [1 2 3 4 19 23] [1 2 3 4 5] [1 2 3 4 18 19 23] [1 2] [1 2 25] [2 19] [1 2 3 4] [1 2 3 4 6 7 16 19] [1 2 3 4 5 6 19 23 25] [1 2 3 4 18 25] [1 2 3 4 19] [2 19 23] [1 2 3 4 5 6 9 18 25] [1 2 3] [2 3 19 23] [1 2 3 4 5 6 19] [1 2 23] [1 2 3 4 5 19 23 25] [] [] [] [] [] [] [] [] [] [] [] [] [] [] [] [] [] [] [] [] [] [] [] [] [] [] [] [] [] [] [] [] [] [] [] [] [] [] [] [] [] [] [] [] [] [] [] [] [] [] [] [] [] [] [] [] [] [] [] [] [] [] [] [] [] [] [] [] [] [] [] [] [] [] [] [] [] [] [] [] [] [] [] [] [] [] [] [] [] [] [] [] [] [] [] [] [] [] [] [] [] [] [] [] [] [] [] [] [] [] [] [] [] [] [] [] [] [] [] [] [] [] [] [] [] [] [] [] [] [] [] [] [] [] [] [] [] [] [] [] [] [] [] [] [] [] [] [] [] [] [] [] [] [] [] [] [] [] [] [] [] [] [] [] [] [] [] [] [] [] [] [] [] [] [] [] [] [] [] [] [] [] [] [] [] [] [] [] [] [] [] [] [] [] [] [] [] [] [] [] []
318 [] [1] [1 2 3 4 5 6 16 25] [1 2 3 4 5 18 23 25 26] [1 2 3 4 25] [1 2 3 4 6 19 23 25] [1 2 3 4 19 23 25 52] [1 2 3 4 5 18] [1 2 3 4 5 6 19 23] [1 2 3 4 5 6] [1 2 3 4 5 6 9 18 19 23 25] [1 2 3 4 5 6 16] [1 2 3 4 6 18] [1 2 3 4 6 19 23] [1 2 3 4 19 23] [1 2 3 4 5] [1 2 3 4 18 19 23] [1 2] [1 2 25] [2 19] [1 2 3 4] [1 2 3 4 6 7 16 19] [1 2 3 4 5 6 19 23 25] [1 2 3 4 18 25] [1 2 3 4 19] [2 19 23] [1 2 3 4 5 6 9 18 25] [1 2 3] [2 3 19 23] [1 2 3 4 5 6 19] [1 2 23] [1 2 3 4 5 19 23 25] [] [] [] [] [] [] [] [] [] [] [] [] [] [] [] [] [] [] [] [] [] [] [] [] [] [] [] [] [] [] [] [] [] [] [] [] [] [] [] [] [] [] [] [] [] [] [] [] [] [] [] [] [] [] [] [] [] [] [] [] [] [] [] [] [] [] [] [] [] [] [] [] [] [] [] [] [] [] [] [] [] [] [] [] [] [] [] [] [] [] [] [] [] [] [] [] [] [] [] [] [] [] [] [] [] [] [] [] [] [] [] [] [] [] [] [] [] [] [] [] [] [] [] [] [] [] [] [] [] [] [] [] [] [] [] [] [] [] [] [] [] [] [] [] [] [] [] [] [] [] [] [] [] [] [] [] [] [] [] [] [] [] [] [] [] [] [] [] [] [] [] [] [] [] [] [] [] [] [] [] [] [] [] [] [] [] [] [] [] [] [] [] [] [] [] [] [] [] [] [] [] []
319 [] [1 2 3 4 5 6 16 25] [1 2] [1 2 3 4 5 18 23 25 26] [1 2 3 4 6 19 23 25] [1 2 3 4 19 23 25 52] [1 2 3 4 5 18] [1 2 3 4 5 6 19 23] [1 2 3 4 5 6] [1 2 3 4 5 6 9 18 19 23 25] [1 2 3 4 5 6 16] [1 2 3 4 6 18] [1 2 3 4 6 19 23] [1 2 3 4 19 23] [1 2 3 4 5] [1 2 3 4 18 19 23] [1 2 3 4] [1 2 3 4 6 7 16 19] [1 2 3 4 5 6 19 23 25] [1 2 3 4 18 25] [1 2 3 4 19] [2 19 23] [1 2 3 4 5 6 9 18 25] [1 2 3] [2 3 19 23] [1 2 3 4 5 6 19] [1 2 23] [1 2 3 4 5 19 23 25] [1] [] [] [] [] [] [] [] [] [] [] [] [] [] [] [] [] [] [] [] [] [] [] [] [] [] [] [] [] [] [] [] [] [] [] [] [] [] [] [] [] [] [] [] [] [] [] [] [] [] [] [] [] [] [] [] [] [] [] [] [] [] [] [] [] [] [] [] [] [] [] [] [] [] [] [] [] [] [] [] [] [] [] [] [] [] [] [] [] [] [] [] [] [] [] [] [] [] [] [] [] [] [] [] [] [] [] [] [] [] [] [] [] [] [] [] [] [] [] [] [] [] [] [] [] [] [] [] [] [] [] [] [] [] [] [] [] [] [] [] [] [] [] [] [] [] [] [] [] [] [] [] [] [] [] [] [] [] [] [] [] [] [] [] [] [] [] [] [] [] [] [] [] [] [] [] [] [] [] [] [] [] [] [] [] [] [] [] [] [] [] [] [] [] [] [] [] [] [] [] [] [] [] [] [] []
320 [] [1 2] [1 2 3 4 5 18 23 25 26] [1 2 3 4 6 19 23 25] [1 2 3 4 19 23 25 52] [1 2 3 4 5 18] [1 2 3 4 5 6 19 23] [1 2 3 4 5 6] [1 2 3 4 5 6 9 18 19 23 25] [1 2 3 4 5 6 16] [1 2 3 4 6 18] [1 2 3 4 6 19 23] [1 2 3 4 19 23] [1 2 3 4 5] [1 2 3 4 18 19 23] [1 2 3 4] [1 2 3 4 6 7 16 19] [1 2 3 4 5 6 19 23 25] [1 2 3 4 18 25] [1 2 3 4 19] [2 19 23] [1 2 3 4 5 6 9 18 25] [1 2 3] [2 3 19 23] [1 2 3 4 5 6 19] [1 2 23] [1 2 3 4 5 19 23 25] [1] [] [] [] [] [] [] [] [] [] [] [] [] [] [] [] [] [] [] [] [] [] [] [] [] [] [] [] [] [] [] [] [] [] [] [] [] [] [] [] [] [] [] [] [] [] [] [] [] [] [] [] [] [] [] [] [] [] [] [] [] [] [] [] [] [] [] [] [] [] [] [] [] [] [] [] [] [] [] [] [] [] [] [] [] [] [] [] [] [] [] [] [] [] [] [] [] [] [] [] [] [] [] [] [] [] [] [] [] [] [] [] [] [] [] [] [] [] [] [] [] [] [] [] [] [] [] [] [] [] [] [] [] [] [] [] [] [] [] [] [] [] [] [] [] [] [] [] [] [] [] [] [] [] [] [] [] [] [] [] [] [] [] [] [] [] [] [] [] [] [] [] [] [] [] [] [] [] [] [] [] [] [] [] [] [] [] [] [] [] [] [] [] [] [] [] [] [] [] [] [] [] [] [] [] [] []
321 [] [1 2 3 4 5 18 23 25 26] [1 2 3 4 19 23 25 52] [1 2 3 4 5 18] [1 2 3 4 5 6 19 23] [1 2 3 4 5 6] [1 2 3 4 5 6 9 18 19 23 25] [1 2 3 4 5 6 16] [1 2 3 4 6 18] [1 2 3 4 6 19 23] [1 2 3 4 19 23] [1 2 3 4 5] [1 2 3 4 18 19 23] [1 2 3 4] [1 2 3 4 6 7 16 19] [1 2 3 4 5 6 19 23 25] [1 2 3 4 18 25] [1 2 3 4 19] [1 2 3 4 5 6 9 18 25] [1 2 3] [1 2 3 4 5 6 19] [1 2] [1 2 3 4 5 19 23 25] [1] [] [] [] [] [] [] [] [] [] [] [] [] [] [] [] [] [] [] [] [] [] [] [] [] [] [] [] [] [] [] [] [] [] [] [] [] [] [] [] [] [] [] [] [] [] [] [] [] [] [] [] [] [] [] [] [] [] [] [] [] [] [] [] [] [] [] [] [] [] [] [] [] [] [] [] [] [] [] [] [] [] [] [] [] [] [] [] [] [] [] [] [] [] [] [] [] [] [] [] [] [] [] [] [] [] [] [] [] [] [] [] [] [] [] [] [] [] [] [] [] [] [] [] [] [] [] [] [] [] [] [] [] [] [] [] [] [] [] [] [] [] [] [] [] [] [] [] [] [] [] [] [] [] [] [] [] [] [] [] [] [] [] [] [] [] [] [] [] [] [] [] [] [] [] [] [] [] [] [] [] [] [] [] [] [] [] [] [] [] [] [] [] [] [] [] [] [] [] [] [] [] [] [] [] [] [] [] [] [] []
322 [] [1 2 3 4 5 18 23 25 26] [1 2 3 4 19 23 25 52] [1 2 3 4 5 18] [1 2 3 4 5 6 19 23] [1 2 3 4 5 6] [1 2 3 4 5 6 9 18 19 23 25] [1 2 3 4 5 6 16] [1 2 3 4 6 18] [1 2 3 4 6 19 23] [1 2 3 4 19 23] [1 2 3 4 5] [1 2 3 4 18 19 23] [1 2 3 4] [1 2 3 4 6 7 16 19] [1 2 3 4 5 6 19 23 25] [1 2 3 4 18 25] [1 2 3 4 19] [1 2 3 4 5 6 9 18 25] [1 2 3] [1 2 3 4 5 6 19] [1 2] [1 2 3 4 5 19 23 25] [1] [] [] [] [] [] [] [] [] [] [] [] [] [] [] [] [] [] [] [] [] [] [] [] [] [] [] [] [] [] [] [] [] [] [] [] [] [] [] [] [] [] [] [] [] [] [] [] [] [] [] [] [] [] [] [] [] [] [] [] [] [] [] [] [] [] [] [] [] [] [] [] [] [] [] [] [] [] [] [] [] [] [] [] [] [] [] [] [] [] [] [] [] [] [] [] [] [] [] [] [] [] [] [] [] [] [] [] [] [] [] [] [] [] [] [] [] [] [] [] [] [] [] [] [] [] [] [] [] [] [] [] [] [] [] [] [] [] [] [] [] [] [] [] [] [] [] [] [] [] [] [] [] [] [] [] [] [] [] [] [] [] [] [] [] [] [] [] [] [] [] [] [] [] [] [] [] [] [] [] [] [] [] [] [] [] [] [] [] [] [] [] [] [] [] [] [] [] [] [] [] [] [] [] [] [] [] [] [] [] []
323 [] [1 2 3 4 19 23 25 52] [1 2 3 4 5 18] [1 2 3 4 5 6 19 23] [1 2 3 4 5 6] [1 2 3 4 5 6 9 18 19 23 25] [1 2 3 4 5 6 16] [1 2 3 4 6 18] [1 2 3 4 6 19 23] [1 2 3 4 19 23] [1 2 3 4 5] [1 2 3 4 18 19 23] [1 2 3 4] [1 2 3 4 5 18 23 25 26] [1 2 3 4 6 7 16 19] [1 2 3 4 5 6 19 23 25] [1 2 3 4 18 25] [1 2 3 4 19] [1 2 3 4 5 6 9 18 25] [1 2 3] [1 2 3 4 5 6 19] [1 2] [1 2 3 4 5 19 23 25] [1] [] [] [] [] [] [] [] [] [] [] [] [] [] [] [] [] [] [] [] [] [] [] [] [] [] [] [] [] [] [] [] [] [] [] [] [] [] [] [] [] [] [] [] [] [] [] [] [] [] [] [] [] [] [] [] [] [] [] [] [] [] [] [] [] [] [] [] [] [] [] [] [] [] [] [] [] [] [] [] [] [] [] [] [] [] [] [] [] [] [] [] [] [] [] [] [] [] [] [] [] [] [] [] [] [] [] [] [] [] [] [] [] [] [] [] [] [] [] [] [] [] [] [] [] [] [] [] [] [] [] [] [] [] [] [] [] [] [] [] [] [] [] [] [] [] [] [] [] [] [] [] [] [] [] [] [] [] [] [] [] [] [] [] [] [] [] [] [] [] [] [] [] [] [] [] [] [] [] [] [] [] [] [] [] [] [] [] [] [] [] [] [] [] [] [] [] [] [] [] [] [] [] [] [] [] [] [] [] [] []
324 [] [1 2 3 4 5 18] [1 2 3 4 5 6] [1 2 3 4 5 6 9 18 19 23 25] [1 2 3 4 5 6 16] [1 2 3 4 6 18] [1 2 3 4 6 19 23] [1 2 3 4 19 23] [1 2 3 4 5] [1 2 3 4 18 19 23] [1 2 3 4] [1 2 3 4 5 18 23 25 26] [1 2 3 4 6 7 16 19] [1 2 3 4 5 6 19 23 25] [1 2 3 4 18 25] [1 2 3 4 19] [1 2 3 4 5 6 9 18 25] [1 2 3] [1 2 3 4 5 6 19] [1 2] [1 2 3 4 5 19 23 25] [1] [] [] [] [] [] [] [] [] [] [] [] [] [] [] [] [] [] [] [] [] [] [] [] [] [] [] [] [] [] [] [] [] [] [] [] [] [] [] [] [] [] [] [] [] [] [] [] [] [] [] [] [] [] [] [] [] [] [] [] [] [] [] [] [] [] [] [] [] [] [] [] [] [] [] [] [] [] [] [] [] [] [] [] [] [] [] [] [] [] [] [] [] [] [] [] [] [] [] [] [] [] [] [] [] [] [] [] [] [] [] [] [] [] [] [] [] [] [] [] [] [] [] [] [] [] [] [] [] [] [] [] [] [] [] [] [] [] [] [] [] [] [] [] [] [] [] [] [] [] [] [] [] [] [] [] [] [] [] [] [] [] [] [] [] [] [] [] [] [] [] [] [] [] [] [] [] [] [] [] [] [] [] [] [] [] [] [] [] [] [] [] [] [] [] [] [] [] [] [] [] [] [] [] [] [] [] [] [] [] [] [] []
325 [] [1 2 3 4 5 6] [1 10] [1 2 3 4 5 6 9 18 19 23 25] [1 2 3 4 5 6 16] [1 2 3 4 6 18] [1 2 3 4 6 19 23] [1 2 3 4 19 23] [1 2 3 4 5] [1 2 3 4 18 19 23] [1 2 3 4] [1 2 3 4 5 18 23 25 26] [1 2 3 4 6 7 16 19] [1 2 3 4 5 6 19 23 25] [1 2 3 4 18 25] [1 2 3 4 19] [1 2 3 4 5 6 9 18 25] [1 2 3] [1 2 3 4 5 6 19] [1 2 3 4 5 18] [1 2] [1 2 3 4 5 19 23 25] [1] [] [] [] [] [] [] [] [] [] [] [] [] [] [] [] [] [] [] [] [] [] [] [] [] [] [] [] [] [] [] [] [] [] [] [] [] [] [] [] [] [] [] [] [] [] [] [] [] [] [] [] [] [] [] [] [] [] [] [] [] [] [] [] [] [] [] [] [] [] [] [] [] [] [] [] [] [] [] [] [] [] [] [] [] [] [] [] [] [] [] [] [] [] [] [] [] [] [] [] [] [] [] [] [] [] [] [] [] [] [] [] [] [] [] [] [] [] [] [] [] [] [] [] [] [] [] [] [] [] [] [] [] [] [] [] [] [] [] [] [] [] [] [] [] [] [] [] [] [] [] [] [] [] [] [] [] [] [] [] [] [] [] [] [] [] [] [] [] [] [] [] [] [] [] [] [] [] [] [] [] [] [] [] [] [] [] [] [] [] [] [] [] [] [] [] [] [] [] [] [] [] [] [] [] [] [] [] [] [] [] []
326 [] [1 10] [1 2 3 4 5 6 9 18 19 23 25] [1 2 3 4 5 6 16] [1 2 3 4 6 18] [1 2 3 4 6 19 23] [1 2 3 4 19 23] [1 2 3 4 5] [1 2 3 4 5 6] [1 2 3 4 18 19 23] [1 2 3 4] [1 2 3 4 5 18 23 25 26] [1 2 3 4 6 7 16 19] [1 2 3 4 5 6 19 23 25] [1 2 3 4 18 25] [1 2 3 4 19] [1 2 3 4 5 6 9 18 25] [1 2 3] [1 2 3 4 5 6 19] [1 2 3 4 5 18] [1 2] [1 2 3 4 5 19 23 25] [1] [] [] [] [] [] [] [] [] [] [] [] [] [] [] [] [] [] [] [] [] [] [] [] [] [] [] [] [] [] [] [] [] [] [] [] [] [] [] [] [] [] [] [] [] [] [] [] [] [] [] [] [] [] [] [] [] [] [] [] [] [] [] [] [] [] [] [] [] [] [] [] [] [] [] [] [] [] [] [] [] [] [] [] [] [] [] [] [] [] [] [] [] [] [] [] [] [] [] [] [] [] [] [] [] [] [] [] [] [] [] [] [] [] [] [] [] [] [] [] [] [] [] [] [] [] [] [] [] [] [] [] [] [] [] [] [] [] [] [] [] [] [] [] [] [] [] [] [] [] [] [] [] [] [] [] [] [] [] [] [] [] [] [] [] [] [] [] [] [] [] [] [] [] [] [] [] [] [] [] [] [] [] [] [] [] [] [] [] [] [] [] [] [] [] [] [] [] [] [] [] [] [] [] [] [] [] [] [] [] [] []
327 [] [1 2 3 4 5 6 16] [1 2 3 4 6 18] [1 2 3 4 19 23] [1 2 3 4 6 19 23] [1 2 3 4 5] [1 2 3 4 5 6] [1 2 3 4 18 19 23] [1 2 3 4] [1 2 3 4 5 18 23 25 26] [1 2 3 4 6 7 16 19] [1 2 3 4 5 6 19 23 25] [1 2 3 4 18 25] [1 2 3 4 19] [1 2 3 4 5 6 9 18 19 23 25] [1 2 3 4 5 6 9 18 25] [1 2 3] [1 2 3 4 5 6 19] [1 2 3 4 5 18] [1 2 3 4 5 19 23 25] [] [] [] [] [] [] [] [] [] [] [] [] [] [] [] [] [] [] [] [] [] [] [] [] [] [] [] [] [] [] [] [] [] [] [] [] [] [] [] [] [] [] [] [] [] [] [] [] [] [] [] [] [] [] [] [] [] [] [] [] [] [] [] [] [] [] [] [] [] [] [] [] [] [] [] [] [] [] [] [] [] [] [] [] [] [] [] [] [] [] [] [] [] [] [] [] [] [] [] [] [] [] [] [] [] [] [] [] [] [] [] [] [] [] [] [] [] [] [] [] [] [] [] [] [] [] [] [] [] [] [] [] [] [] [] [] [] [] [] [] [] [] [] [] [] [] [] [] [] [] [] [] [] [] [] [] [] [] [] [] [] [] [] [] [] [] [] [] [] [] [] [] [] [] [] [] [] [] [] [] [] [] [] [] [] [] [] [] [] [] [] [] [] [] [] [] [] [] [] [] [] [] [] [] [] [] [] [] [] [] [] [] [] []
328 [] [1 2 3 4 19 23] [1 2 3 4 6 19 23] [1 2 3 4 5] [1 2 3 4 5 6] [1 2 3 4 18 19 23] [1 2 3 4] [1 2 3 4 5 18 23 25 26] [1 2 3 4 6 7 16 19] [1 2 3 4 5 6 19 23 25] [1 2 3 4 18 25] [1 2 3 4 19] [1 2 3 4 5 6 9 18 19 23 25] [1 2 3 4 5 6 9 18 25] [1 2 3] [1 2 3 4 5 6 19] [1 2 3 4 5 18] [1 2 3 4 5 19 23 25] [] [] [] [] [] [] [] [] [] [] [] [] [] [] [] [] [] [] [] [] [] [] [] [] [] [] [] [] [] [] [] [] [] [] [] [] [] [] [] [] [] [] [] [] [] [] [] [] [] [] [] [] [] [] [] [] [] [] [] [] [] [] [] [] [] [] [] [] [] [] [] [] [] [] [] [] [] [] [] [] [] [] [] [] [] [] [] [] [] [] [] [] [] [] [] [] [] [] [] [] [] [] [] [] [] [] [] [] [] [] [] [] [] [] [] [] [] [] [] [] [] [] [] [] [] [] [] [] [] [] [] [] [] [] [] [] [] [] [] [] [] [] [] [] [] [] [] [] [] [] [] [] [] [] [] [] [] [] [] [] [] [] [] [] [] [] [] [] [] [] [] [] [] [] [] [] [] [] [] [] [] [] [] [] [] [] [] [] [] [] [] [] [] [] [] [] [] [] [] [] [] [] [] [] [] [] [] [] [] [] [] [] [] [] [] []
329 [] [1 2 3 4 6 19 23] [1 2 3 4 5] [1 2 3 4 19 23] [1 2 3 4 5 6] [1 2 3 4 18 19 23] [1 2 3 4] [1 2 3 4 5 18 23 25 26] [1 2 3 4 6 7 16 19] [1 2 3 4 5 6 19 23 25] [1 2 3 4 18 25] [1 2 3 4 19] [1 2 3 4 5 6 9 18 19 23 25] [1 2 3 4 5 6 9 18 25] [1 2 3] [1 2 3 4 5 6 19] [1 2 3 4 5 18] [1 2 3 4 5 19 23 25] [] [] [] [] [] [] [] [] [] [] [] [] [] [] [] [] [] [] [] [] [] [] [] [] [] [] [] [] [] [] [] [] [] [] [] [] [] [] [] [] [] [] [] [] [] [] [] [] [] [] [] [] [] [] [] [] [] [] [] [] [] [] [] [] [] [] [] [] [] [] [] [] [] [] [] [] [] [] [] [] [] [] [] [] [] [] [] [] [] [] [] [] [] [] [] [] [] [] [] [] [] [] [] [] [] [] [] [] [] [] [] [] [] [] [] [] [] [] [] [] [] [] [] [] [] [] [] [] [] [] [] [] [] [] [] [] [] [] [] [] [] [] [] [] [] [] [] [] [] [] [] [] [] [] [] [] [] [] [] [] [] [] [] [] [] [] [] [] [] [] [] [] [] [] [] [] [] [] [] [] [] [] [] [] [] [] [] [] [] [] [] [] [] [] [] [] [] [] [] [] [] [] [] [] [] [] [] [] [] [] [] [] [] [] [] []
330 [] [1 2 3 4 5] [1 2 3 4 19 23] [1 2 3 4 5 6] [1 2 3 4 18 19 23] [1 2 3 4] [1 2 3 4 5 18 23 25 26] [1 2 3 4 6 7 16 19] [1 2 3 4 5 6 19 23 25] [1 2 3 4 18 25] [1 2 3 4 19] [1 2 3 4 5 6 9 18 19 23 25] [1 2 3 4 5 6 9 18 25] [1 2 3] [1 2 3 4 5 6 19] [1 2 3 4 5 18] [1 2 3 4 5 19 23 25] [] [] [] [] [] [] [] [] [] [] [] [] [] [] [] [] [] [] [] [] [] [] [] [] [] [] [] [] [] [] [] [] [] [] [] [] [] [] [] [] [] [] [] [] [] [] [] [] [] [] [] [] [] [] [] [] [] [] [] [] [] [] [] [] [] [] [] [] [] [] [] [] [] [] [] [] [] [] [] [] [] [] [] [] [] [] [] [] [] [] [] [] [] [] [] [] [] [] [] [] [] [] [] [] [] [] [] [] [] [] [] [] [] [] [] [] [] [] [] [] [] [] [] [] [] [] [] [] [] [] [] [] [] [] [] [] [] [] [] [] [] [] [] [] [] [] [] [] [] [] [] [] [] [] [] [] [] [] [] [] [] [] [] [] [] [] [] [] [] [] [] [] [] [] [] [] [] [] [] [] [] [] [] [] [] [] [] [] [] [] [] [] [] [] [] [] [] [] [] [] [] [] [] [] [] [] [] [] [] [] [] [] [] [] [] [] []
331 [] [1 2 3 4 5 6] [1 2 3 4 18 19 23] [1 2 3 4] [1 2 3 4 5 18 23 25 26] [1 2 3 4 6 7 16 19] [1 2 3 4 5 6 19 23 25] [1 2 3 4 18 25] [1 2 3 4 19] [1 2 3 4 5 6 9 18 19 23 25] [1 2 3 4 5 6 9 18 25] [1 2 3] [1 2 3 4 5 6 19] [1 2 3 4 5 18] [1 2 3 4 5 19 23 25] [] [] [] [] [] [] [] [] [] [] [] [] [] [] [] [] [] [] [] [] [] [] [] [] [] [] [] [] [] [] [] [] [] [] [] [] [] [] [] [] [] [] [] [] [] [] [] [] [] [] [] [] [] [] [] [] [] [] [] [] [] [] [] [] [] [] [] [] [] [] [] [] [] [] [] [] [] [] [] [] [] [] [] [] [] [] [] [] [] [] [] [] [] [] [] [] [] [] [] [] [] [] [] [] [] [] [] [] [] [] [] [] [] [] [] [] [] [] [] [] [] [] [] [] [] [] [] [] [] [] [] [] [] [] [] [] [] [] [] [] [] [] [] [] [] [] [] [] [] [] [] [] [] [] [] [] [] [] [] [] [] [] [] [] [] [] [] [] [] [] [] [] [] [] [] [] [] [] [] [] [] [] [] [] [] [] [] [] [] [] [] [] [] [] [] [] [] [] [] [] [] [] [] [] [] [] [] [] [] [] [] [] [] [] [] [] [] [] []
332 [] [1 2 3 4 5 6] [1 2 3 4 18 19 23] [1 2 3 4] [1 2 3 4 5 18 23 25 26] [1 2 3 4 6 7 16 19] [1 2 3 4 5 6 19 23 25] [1 2 3 4 18 25] [1 2 3 4 19] [1 2 3 4 5 6 9 18 19 23 25] [1 2 3 4 5 6 9 18 25] [1 2 3] [1 2 3 4 5 6 19] [1 2 3 4 5 18] [1 2 3 4 5 19 23 25] [] [] [] [] [] [] [] [] [] [] [] [] [] [] [] [] [] [] [] [] [] [] [] [] [] [] [] [] [] [] [] [] [] [] [] [] [] [] [] [] [] [] [] [] [] [] [] [] [] [] [] [] [] [] [] [] [] [] [] [] [] [] [] [] [] [] [] [] [] [] [] [] [] [] [] [] [] [] [] [] [] [] [] [] [] [] [] [] [] [] [] [] [] [] [] [] [] [] [] [] [] [] [] [] [] [] [] [] [] [] [] [] [] [] [] [] [] [] [] [] [] [] [] [] [] [] [] [] [] [] [] [] [] [] [] [] [] [] [] [] [] [] [] [] [] [] [] [] [] [] [] [] [] [] [] [] [] [] [] [] [] [] [] [] [] [] [] [] [] [] [] [] [] [] [] [] [] [] [] [] [] [] [] [] [] [] [] [] [] [] [] [] [] [] [] [] [] [] [] [] [] [] [] [] [] [] [] [] [] [] [] [] [] [] [] [] [] [] []
333 [] [1 2 3 4 18 19 23] [1 2 3 4] [1 2 3 4 5 18 23 25 26] [1 2 3 4 5 6] [1 2 3 4 6 7 16 19] [1 2 3 4 5 6 19 23 25] [1 2 3 4 18 25] [1 2 3 4 19] [1 2 3 4 5 6 9 18 19 23 25] [1 2 3 4 5 6 9 18 25] [1 2 3] [1 2 3 4 5 6 19] [1 2 3 4 5 18] [1 2 3 4 5 19 23 25] [] [] [] [] [] [] [] [] [] [] [] [] [] [] [] [] [] [] [] [] [] [] [] [] [] [] [] [] [] [] [] [] [] [] [] [] [] [] [] [] [] [] [] [] [] [] [] [] [] [] [] [] [] [] [] [] [] [] [] [] [] [] [] [] [] [] [] [] [] [] [] [] [] [] [] [] [] [] [] [] [] [] [] [] [] [] [] [] [] [] [] [] [] [] [] [] [] [] [] [] [] [] [] [] [] [] [] [] [] [] [] [] [] [] [] [] [] [] [] [] [] [] [] [] [] [] [] [] [] [] [] [] [] [] [] [] [] [] [] [] [] [] [] [] [] [] [] [] [] [] [] [] [] [] [] [] [] [] [] [] [] [] [] [] [] [] [] [] [] [] [] [] [] [] [] [] [] [] [] [] [] [] [] [] [] [] [] [] [] [] [] [] [] [] [] [] [] [] [] [] [] [] [] [] [] [] [] [] [] [] [] [] [] [] [] [] [] [] []
334 [] [1 2 3 4 5 18 23 25 26] [1 2 3 4 5 6] [1 2 3 4 6 7 16 19] [1 2 3 4 5 6 19 23 25] [1 2 3 4 18 25] [1 2 3 4 6 18 19 23 25 52] [1 2 3 4] [1 2 3 4 19] [1 2 3 4 5 6 9 18 19 23 25] [1 2 3 4 5 6 9 18 25] [1 2 3] [1 2 3 4 5 6 19] [1 2 3 4 5 18] [1 2 3 4 5 19 23 25] [] [] [] [] [] [] [] [] [] [] [] [] [] [] [] [] [] [] [] [] [] [] [] [] [] [] [] [] [] [] [] [] [] [] [] [] [] [] [] [] [] [] [] [] [] [] [] [] [] [] [] [] [] [] [] [] [] [] [] [] [] [] [] [] [] [] [] [] [] [] [] [] [] [] [] [] [] [] [] [] [] [] [] [] [] [] [] [] [] [] [] [] [] [] [] [] [] [] [] [] [] [] [] [] [] [] [] [] [] [] [] [] [] [] [] [] [] [] [] [] [] [] [] [] [] [] [] [] [] [] [] [] [] [] [] [] [] [] [] [] [] [] [] [] [] [] [] [] [] [] [] [] [] [] [] [] [] [] [] [] [] [] [] [] [] [] [] [] [] [] [] [] [] [] [] [] [] [] [] [] [] [] [] [] [] [] [] [] [] [] [] [] [] [] [] [] [] [] [] [] [] [] [] [] [] [] [] [] [] [] [] [] [] [] [] [] [] [] []
335 [] [1 2 3 4 5 6] [1 2 3 4 6 7 16 19] [1 2 3 4 5 6 19 23 25] [1 2 3 4 6 18 19 23 25 52] [1 2 3 4 18 25] [1 2 3 4] [1 2 3 4 19] [1 2 3 4 5 6 9 18 19 23 25] [1 2 3 4 5 6 9 18 25] [1 2 3] [1 2 3 4 5 6 19] [1 2 3 4 5 18] [1 2 3 4 5 19 23 25] [] [] [] [] [] [] [] [] [] [] [] [] [] [] [] [] [] [] [] [] [] [] [] [] [] [] [] [] [] [] [] [] [] [] [] [] [] [] [] [] [] [] [] [] [] [] [] [] [] [] [] [] [] [] [] [] [] [] [] [] [] [] [] [] [] [] [] [] [] [] [] [] [] [] [] [] [] [] [] [] [] [] [] [] [] [] [] [] [] [] [] [] [] [] [] [] [] [] [] [] [] [] [] [] [] [] [] [] [] [] [] [] [] [] [] [] [] [] [] [] [] [] [] [] [] [] [] [] [] [] [] [] [] [] [] [] [] [] [] [] [] [] [] [] [] [] [] [] [] [] [] [] [] [] [] [] [] [] [] [] [] [] [] [] [] [] [] [] [] [] [] [] [] [] [] [] [] [] [] [] [] [] [] [] [] [] [] [] [] [] [] [] [] [] [] [] [] [] [] [] [] [] [] [] [] [] [] [] [] [] [] [] [] [] [] [] [] [] [] []
336 [] [1 2 3 4 5 6] [1 2 3 4 6 7 16 19] [1 2 3 4 5 6 19 23 25] [1 2 3 4 6 18 19 23 25 52] [1 2 3 4 18 25] [1 2 3 4] [1 2 3 4 19] [1 2 3 4 5 6 9 18 19 23 25] [1 2 3 4 5 6 9 18 25] [1 2 3] [1 2 3 4 5 6 19] [1 2 3 4 5 18] [1 2 3 4 5 19 23 25] [] [] [] [] [] [] [] [] [] [] [] [] [] [] [] [] [] [] [] [] [] [] [] [] [] [] [] [] [] [] [] [] [] [] [] [] [] [] [] [] [] [] [] [] [] [] [] [] [] [] [] [] [] [] [] [] [] [] [] [] [] [] [] [] [] [] [] [] [] [] [] [] [] [] [] [] [] [] [] [] [] [] [] [] [] [] [] [] [] [] [] [] [] [] [] [] [] [] [] [] [] [] [] [] [] [] [] [] [] [] [] [] [] [] [] [] [] [] [] [] [] [] [] [] [] [] [] [] [] [] [] [] [] [] [] [] [] [] [] [] [] [] [] [] [] [] [] [] [] [] [] [] [] [] [] [] [] [] [] [] [] [] [] [] [] [] [] [] [] [] [] [] [] [] [] [] [] [] [] [] [] [] [] [] [] [] [] [] [] [] [] [] [] [] [] [] [] [] [] [] [] [] [] [] [] [] [] [] [] [] [] [] [] [] [] [] [] [] [] []
337 [] [1 2 3 4 6 7 16 19] [1 2 3 4 5 6 19 23 25] [1 2 3 4 6 18 19 23 25 52] [1 2 3 4 18 25] [1 2 3 4] [1 2 3 4 19] [1 2 3 4 5 6 9 18 19 23 25] [1 2 3 4 5 6 9 18 25] [1 2 3] [1 2 3 4 5 6 19] [1 2 3 4 5 18] [1 2 3 4 5 19 23 25] [] [] [] [] [] [] [] [] [] [] [] [] [] [] [] [] [] [] [] [] [] [] [] [] [] [] [] [] [] [] [] [] [] [] [] [] [] [] [] [] [] [] [] [] [] [] [] [] [] [] [] [] [] [] [] [] [] [] [] [] [] [] [] [] [] [] [] [] [] [] [] [] [] [] [] [] [] [] [] [] [] [] [] [] [] [] [] [] [] [] [] [] [] [] [] [] [] [] [] [] [] [] [] [] [] [] [] [] [] [] [] [] [] [] [] [] [] [] [] [] [] [] [] [] [] [] [] [] [] [] [] [] [] [] [] [] [] [] [] [] [] [] [] [] [] [] [] [] [] [] [] [] [] [] [] [] [] [] [] [] [] [] [] [] [] [] [] [] [] [] [] [] [] [] [] [] [] [] [] [] [] [] [] [] [] [] [] [] [] [] [] [] [] [] [] [] [] [] [] [] [] [] [] [] [] [] [] [] [] [] [] [] [] [] [] [] [] [] [] [] []
338 [] [1 2 3 4 6 7 16 19] [1 2 3 4 18 25] [1 2 3 4 5 6 19 23 25] [1 2 3 4 6 18 19 23 25 52] [1 2 3 4] [1 2 3 4 19] [1 2 3 4 5 6 9 18 19 23 25] [1 2 3 4 5 6 9 18 25] [1 2 3] [1 2 3 4 5 6 19] [1 2 3 4 5 18] [1 2 3 4 5 19 23 25] [] [] [] [] [] [] [] [] [] [] [] [] [] [] [] [] [] [] [] [] [] [] [] [] [] [] [] [] [] [] [] [] [] [] [] [] [] [] [] [] [] [] [] [] [] [] [] [] [] [] [] [] [] [] [] [] [] [] [] [] [] [] [] [] [] [] [] [] [] [] [] [] [] [] [] [] [] [] [] [] [] [] [] [] [] [] [] [] [] [] [] [] [] [] [] [] [] [] [] [] [] [] [] [] [] [] [] [] [] [] [] [] [] [] [] [] [] [] [] [] [] [] [] [] [] [] [] [] [] [] [] [] [] [] [] [] [] [] [] [] [] [] [] [] [] [] [] [] [] [] [] [] [] [] [] [] [] [] [] [] [] [] [] [] [] [] [] [] [] [] [] [] [] [] [] [] [] [] [] [] [] [] [] [] [] [] [] [] [] [] [] [] [] [] [] [] [] [] [] [] [] [] [] [] [] [] [] [] [] [] [] [] [] [] [] [] [] [] [] [] []
339 [] [1 2 3 4 18 25] [1 2 3 4 6 19] [1 2 3 4 5 6 19 23 25] [1 2 3 4 6 18 19 23 25 52] [1 2 3 4] [1 2 3 4 19] [1 2 3 4 5 6 9 18 19 23 25] [1 2 3 4 5 6 9 18 25] [1 2 3] [1 2 3 4 5 6 19] [1 2 3 4 5 18] [1 2 3 4 5 19 23 25] [] [] [] [] [] [] [] [] [] [] [] [] [] [] [] [] [] [] [] [] [] [] [] [] [] [] [] [] [] [] [] [] [] [] [] [] [] [] [] [] [] [] [] [] [] [] [] [] [] [] [] [] [] [] [] [] [] [] [] [] [] [] [] [] [] [] [] [] [] [] [] [] [] [] [] [] [] [] [] [] [] [] [] [] [] [] [] [] [] [] [] [] [] [] [] [] [] [] [] [] [] [] [] [] [] [] [] [] [] [] [] [] [] [] [] [] [] [] [] [] [] [] [] [] [] [] [] [] [] [] [] [] [] [] [] [] [] [] [] [] [] [] [] [] [] [] [] [] [] [] [] [] [] [] [] [] [] [] [] [] [] [] [] [] [] [] [] [] [] [] [] [] [] [] [] [] [] [] [] [] [] [] [] [] [] [] [] [] [] [] [] [] [] [] [] [] [] [] [] [] [] [] [] [] [] [] [] [] [] [] [] [] [] [] [] [] [] [] [] [] []
340 [] [1 2 3 4 6 19] [1 2 3 4 5 6 19 23 25] [1 2 3 4 6 18 19 23 25 52] [1 2 3 4] [1 2 3 4 19] [1 2 3 4 5 6 9 18 19 23 25] [1 2 3 4 5 6 9 18 25] [1 2 3] [1 2 3 4 5 6 19] [1 2 3 4 5 18] [1 2 3 4 5 19 23 25] [] [] [] [] [] [] [] [] [] [] [] [] [] [] [] [] [] [] [] [] [] [] [] [] [] [] [] [] [] [] [] [] [] [] [] [] [] [] [] [] [] [] [] [] [] [] [] [] [] [] [] [] [] [] [] [] [] [] [] [] [] [] [] [] [] [] [] [] [] [] [] [] [] [] [] [] [] [] [] [] [] [] [] [] [] [] [] [] [] [] [] [] [] [] [] [] [] [] [] [] [] [] [] [] [] [] [] [] [] [] [] [] [] [] [] [] [] [] [] [] [] [] [] [] [] [] [] [] [] [] [] [] [] [] [] [] [] [] [] [] [] [] [] [] [] [] [] [] [] [] [] [] [] [] [] [] [] [] [] [] [] [] [] [] [] [] [] [] [] [] [] [] [] [] [] [] [] [] [] [] [] [] [] [] [] [] [] [] [] [] [] [] [] [] [] [] [] [] [] [] [] [] [] [] [] [] [] [] [] [] [] [] [] [] [] [] [] [] [] [] [] []
341 [] [1 2 3 4 5 6 19 23 25] [1 2 3 4 6 18 19 23 25 52] [1 2 3 4] [1 2 3 4 19] [1 2 3 4 5 6 9 18 19 23 25] [1 2 3 4 5 6 9 18 25] [1 2 3] [1 2 3 4 5 6 19] [1 2 3 4 5 18] [1 2 3 4 5 19 23 25] [] [] [] [] [] [] [] [] [] [] [] [] [] [] [] [] [] [] [] [] [] [] [] [] [] [] [] [] [] [] [] [] [] [] [] [] [] [] [] [] [] [] [] [] [] [] [] [] [] [] [] [] [] [] [] [] [] [] [] [] [] [] [] [] [] [] [] [] [] [] [] [] [] [] [] [] [] [] [] [] [] [] [] [] [] [] [] [] [] [] [] [] [] [] [] [] [] [] [] [] [] [] [] [] [] [] [] [] [] [] [] [] [] [] [] [] [] [] [] [] [] [] [] [] [] [] [] [] [] [] [] [] [] [] [] [] [] [] [] [] [] [] [] [] [] [] [] [] [] [] [] [] [] [] [] [] [] [] [] [] [] [] [] [] [] [] [] [] [] [] [] [] [] [] [] [] [] [] [] [] [] [] [] [] [] [] [] [] [] [] [] [] [] [] [] [] [] [] [] [] [] [] [] [] [] [] [] [] [] [] [] [] [] [] [] [] [] [] [] [] [] [] []
342 [] [1 2 3 4 6 18 19 23 25 52] [1 2 3 4] [1 2 3 4 19] [1 2 3 4 5 6 9 18 19 23 25] [1 2 3 4 5 6 9 18 25] [1 2 3] [1 2 3 4 5 6 19] [1 2 3 4 5 18] [1 2 3 4 5 19 23 25] [] [] [] [] [] [] [] [] [] [] [] [] [] [] [] [] [] [] [] [] [] [] [] [] [] [] [] [] [] [] [] [] [] [] [] [] [] [] [] [] [] [] [] [] [] [] [] [] [] [] [] [] [] [] [] [] [] [] [] [] [] [] [] [] [] [] [] [] [] [] [] [] [] [] [] [] [] [] [] [] [] [] [] [] [] [] [] [] [] [] [] [] [] [] [] [] [] [] [] [] [] [] [] [] [] [] [] [] [] [] [] [] [] [] [] [] [] [] [] [] [] [] [] [] [] [] [] [] [] [] [] [] [] [] [] [] [] [] [] [] [] [] [] [] [] [] [] [] [] [] [] [] [] [] [] [] [] [] [] [] [] [] [] [] [] [] [] [] [] [] [] [] [] [] [] [] [] [] [] [] [] [] [] [] [] [] [] [] [] [] [] [] [] [] [] [] [] [] [] [] [] [] [] [] [] [] [] [] [] [] [] [] [] [] [] [] [] [] [] [] [] [] [] []
343 [] [1 2 3 4 6 18 19 23 25 52] [1 2 3 4 5] [1 2 3 4] [1 2 3 4 19] [1 2 3 4 5 6 9 18 19 23 25] [1 2 3 4 5 6 9 18 25] [1 2 3] [1 2 3 4 5 6 19] [1 2 3 4 5 18] [1 2 3 4 5 19 23 25] [] [] [] [] [] [] [] [] [] [] [] [] [] [] [] [] [] [] [] [] [] [] [] [] [] [] [] [] [] [] [] [] [] [] [] [] [] [] [] [] [] [] [] [] [] [] [] [] [] [] [] [] [] [] [] [] [] [] [] [] [] [] [] [] [] [] [] [] [] [] [] [] [] [] [] [] [] [] [] [] [] [] [] [] [] [] [] [] [] [] [] [] [] [] [] [] [] [] [] [] [] [] [] [] [] [] [] [] [] [] [] [] [] [] [] [] [] [] [] [] [] [] [] [] [] [] [] [] [] [] [] [] [] [] [] [] [] [] [] [] [] [] [] [] [] [] [] [] [] [] [] [] [] [] [] [] [] [] [] [] [] [] [] [] [] [] [] [] [] [] [] [] [] [] [] [] [] [] [] [] [] [] [] [] [] [] [] [] [] [] [] [] [] [] [] [] [] [] [] [] [] [] [] [] [] [] [] [] [] [] [] [] [] [] [] [] [] [] [] [] [] [] []
344 [] [1 2 3 4 5] [1 2 3 4] [1 2 3 4 19] [1 2 3 4 5 6 9 18 19 23 25] [1 2 3 4 5 6 9 18 25] [1 2 3] [1 2 3 4 5 6 19] [1 2 3 4 5 18] [1 2 3 4 5 19 23 25] [] [] [] [] [] [] [] [] [] [] [] [] [] [] [] [] [] [] [] [] [] [] [] [] [] [] [] [] [] [] [] [] [] [] [] [] [] [] [] [] [] [] [] [] [] [] [] [] [] [] [] [] [] [] [] [] [] [] [] [] [] [] [] [] [] [] [] [] [] [] [] [] [] [] [] [] [] [] [] [] [] [] [] [] [] [] [] [] [] [] [] [] [] [] [] [] [] [] [] [] [] [] [] [] [] [] [] [] [] [] [] [] [] [] [] [] [] [] [] [] [] [] [] [] [] [] [] [] [] [] [] [] [] [] [] [] [] [] [] [] [] [] [] [] [] [] [] [] [] [] [] [] [] [] [] [] [] [] [] [] [] [] [] [] [] [] [] [] [] [] [] [] [] [] [] [] [] [] [] [] [] [] [] [] [] [] [] [] [] [] [] [] [] [] [] [] [] [] [] [] [] [] [] [] [] [] [] [] [] [] [] [] [] [] [] [] [] [] [] [] [] [] [] []
345 [] [1 2 3 4] [1 2 3 4 19] [1 2 3 4 5 6 9 18 19 23 25] [1 2 3 4 5 6 9 18 25] [1 2 3] [1 2 3 4 5 6 19] [1 2 3 4 5 18] [1 2 3 4 5 19 23 25] [] [] [] [] [] [] [] [] [] [] [] [] [] [] [] [] [] [] [] [] [] [] [] [] [] [] [] [] [] [] [] [] [] [] [] [] [] [] [] [] [] [] [] [] [] [] [] [] [] [] [] [] [] [] [] [] [] [] [] [] [] [] [] [] [] [] [] [] [] [] [] [] [] [] [] [] [] [] [] [] [] [] [] [] [] [] [] [] [] [] [] [] [] [] [] [] [] [] [] [] [] [] [] [] [] [] [] [] [] [] [] [] [] [] [] [] [] [] [] [] [] [] [] [] [] [] [] [] [] [] [] [] [] [] [] [] [] [] [] [] [] [] [] [] [] [] [] [] [] [] [] [] [] [] [] [] [] [] [] [] [] [] [] [] [] [] [] [] [] [] [] [] [] [] [] [] [] [] [] [] [] [] [] [] [] [] [] [] [] [] [] [] [] [] [] [] [] [] [] [] [] [] [] [] [] [] [] [] [] [] [] [] [] [] [] [] [] [] [] [] [] [] [] [] []
346 [] [1 2 3 4 19] [1 2 3 4 5] [1 2 3 4 5 6 9 18 19 23 25] [1 2 3 4] [1 2 3 4 5 6 9 18 25] [1 2 3] [1 2 3 4 5 6 19] [1 2 3 4 5 18] [1 2 3 4 5 19 23 25] [] [] [] [] [] [] [] [] [] [] [] [] [] [] [] [] [] [] [] [] [] [] [] [] [] [] [] [] [] [] [] [] [] [] [] [] [] [] [] [] [] [] [] [] [] [] [] [] [] [] [] [] [] [] [] [] [] [] [] [] [] [] [] [] [] [] [] [] [] [] [] [] [] [] [] [] [] [] [] [] [] [] [] [] [] [] [] [] [] [] [] [] [] [] [] [] [] [] [] [] [] [] [] [] [] [] [] [] [] [] [] [] [] [] [] [] [] [] [] [] [] [] [] [] [] [] [] [] [] [] [] [] [] [] [] [] [] [] [] [] [] [] [] [] [] [] [] [] [] [] [] [] [] [] [] [] [] [] [] [] [] [] [] [] [] [] [] [] [] [] [] [] [] [] [] [] [] [] [] [] [] [] [] [] [] [] [] [] [] [] [] [] [] [] [] [] [] [] [] [] [] [] [] [] [] [] [] [] [] [] [] [] [] [] [] [] [] [] [] [] [] [] [] []
347 [] [1 2 3 4 5] [1 2 3 4 5 6 9 18 19 23 25] [1 2 3 4 19] [1 2 3 4] [1 2 3 4 5 6 9 18 25] [1 2 3] [1 2 3 4 5 6 19] [1 2 3 4 5 18] [1 2 3 4 5 19 23 25] [] [] [] [] [] [] [] [] [] [] [] [] [] [] [] [] [] [] [] [] [] [] [] [] [] [] [] [] [] [] [] [] [] [] [] [] [] [] [] [] [] [] [] [] [] [] [] [] [] [] [] [] [] [] [] [] [] [] [] [] [] [] [] [] [] [] [] [] [] [] [] [] [] [] [] [] [] [] [] [] [] [] [] [] [] [] [] [] [] [] [] [] [] [] [] [] [] [] [] [] [] [] [] [] [] [] [] [] [] [] [] [] [] [] [] [] [] [] [] [] [] [] [] [] [] [] [] [] [] [] [] [] [] [] [] [] [] [] [] [] [] [] [] [] [] [] [] [] [] [] [] [] [] [] [] [] [] [] [] [] [] [] [] [] [] [] [] [] [] [] [] [] [] [] [] [] [] [] [] [] [] [] [] [] [] [] [] [] [] [] [] [] [] [] [] [] [] [] [] [] [] [] [] [] [] [] [] [] [] [] [] [] [] [] [] [] [] [] [] [] [] [] [] []
348 [] [1 2 3 4 5 6 9 18 19 23 25] [1 2 3 4 19] [1 2 3 4] [1 2 3 4 5 6 9 18 25] [1 2 3] [1 2 3 4 5 6 19] [1 2 3 4 5 18] [1 2 3 4 5 19 23 25] [] [] [] [] [] [] [] [] [] [] [] [] [] [] [] [] [] [] [] [] [] [] [] [] [] [] [] [] [] [] [] [] [] [] [] [] [] [] [] [] [] [] [] [] [] [] [] [] [] [] [] [] [] [] [] [] [] [] [] [] [] [] [] [] [] [] [] [] [] [] [] [] [] [] [] [] [] [] [] [] [] [] [] [] [] [] [] [] [] [] [] [] [] [] [] [] [] [] [] [] [] [] [] [] [] [] [] [] [] [] [] [] [] [] [] [] [] [] [] [] [] [] [] [] [] [] [] [] [] [] [] [] [] [] [] [] [] [] [] [] [] [] [] [] [] [] [] [] [] [] [] [] [] [] [] [] [] [] [] [] [] [] [] [] [] [] [] [] [] [] [] [] [] [] [] [] [] [] [] [] [] [] [] [] [] [] [] [] [] [] [] [] [] [] [] [] [] [] [] [] [] [] [] [] [] [] [] [] [] [] [] [] [] [] [] [] [] [] [] [] [] [] [] [] []
349 [] [1 2 3 4 19] [1 2 3 4] [1 2 3 4 5 6 9 18 25] [1 2 3] [1 2 3 4 5 6 19] [1 2 3 4 5 18] [1 2 3 4 5 19 23 25] [] [] [] [] [] [] [] [] [] [] [] [] [] [] [] [] [] [] [] [] [] [] [] [] [] [] [] [] [] [] [] [] [] [] [] [] [] [] [] [] [] [] [] [] [] [] [] [] [] [] [] [] [] [] [] [] [] [] [] [] [] [] [] [] [] [] [] [] [] [] [] [] [] [] [] [] [] [] [] [] [] [] [] [] [] [] [] [] [] [] [] [] [] [] [] [] [] [] [] [] [] [] [] [] [] [] [] [] [] [] [] [] [] [] [] [] [] [] [] [] [] [] [] [] [] [] [] [] [] [] [] [] [] [] [] [] [] [] [] [] [] [] [] [] [] [] [] [] [] [] [] [] [] [] [] [] [] [] [] [] [] [] [] [] [] [] [] [] [] [] [] [] [] [] [] [] [] [] [] [] [] [] [] [] [] [] [] [] [] [] [] [] [] [] [] [] [] [] [] [] [] [] [] [] [] [] [] [] [] [] [] [] [] [] [] [] [] [] [] [] [] [] [] [] [] []
350 [] [1 2 3 4 5 6 9 18 25] [1 2 3 4] [1 2 3] [1 2 3 4 5 6 19] [1 2 3 4 5 18] [1 2 3 4 5 19 23 25] [] [] [] [] [] [] [] [] [] [] [] [] [] [] [] [] [] [] [] [] [] [] [] [] [] [] [] [] [] [] [] [] [] [] [] [] [] [] [] [] [] [] [] [] [] [] [] [] [] [] [] [] [] [] [] [] [] [] [] [] [] [] [] [] [] [] [] [] [] [] [] [] [] [] [] [] [] [] [] [] [] [] [] [] [] [] [] [] [] [] [] [] [] [] [] [] [] [] [] [] [] [] [] [] [] [] [] [] [] [] [] [] [] [] [] [] [] [] [] [] [] [] [] [] [] [] [] [] [] [] [] [] [] [] [] [] [] [] [] [] [] [] [] [] [] [] [] [] [] [] [] [] [] [] [] [] [] [] [] [] [] [] [] [] [] [] [] [] [] [] [] [] [] [] [] [] [] [] [] [] [] [] [] [] [] [] [] [] [] [] [] [] [] [] [] [] [] [] [] [] [] [] [] [] [] [] [] [] [] [] [] [] [] [] [] [] [] [] [] [] [] [] [] [] [] [] []
351 [] [1 2 3 4] [1 2 3] [1 2 3 4 5 6 19] [1 2 3 4 5 18] [1 2 3 4 5 19 23 25] [] [] [] [] [] [] [] [] [] [] [] [] [] [] [] [] [] [] [] [] [] [] [] [] [] [] [] [] [] [] [] [] [] [] [] [] [] [] [] [] [] [] [] [] [] [] [] [] [] [] [] [] [] [] [] [] [] [] [] [] [] [] [] [] [] [] [] [] [] [] [] [] [] [] [] [] [] [] [] [] [] [] [] [] [] [] [] [] [] [] [] [] [] [] [] [] [] [] [] [] [] [] [] [] [] [] [] [] [] [] [] [] [] [] [] [] [] [] [] [] [] [] [] [] [] [] [] [] [] [] [] [] [] [] [] [] [] [] [] [] [] [] [] [] [] [] [] [] [] [] [] [] [] [] [] [] [] [] [] [] [] [] [] [] [] [] [] [] [] [] [] [] [] [] [] [] [] [] [] [] [] [] [] [] [] [] [] [] [] [] [] [] [] [] [] [] [] [] [] [] [] [] [] [] [] [] [] [] [] [] [] [] [] [] [] [] [] [] [] [] [] [] [] [] [] [] [] []
352 [] [1 2 3 4] [1 2 3 4 5 6 19] [1 2 3 4 5 18] [1 2 3 4 5 6 19 23] [1 2 3 4 5 19 23 25] [] [] [] [] [] [] [] [] [] [] [] [] [] [] [] [] [] [] [] [] [] [] [] [] [] [] [] [] [] [] [] [] [] [] [] [] [] [] [] [] [] [] [] [] [] [] [] [] [] [] [] [] [] [] [] [] [] [] [] [] [] [] [] [] [] [] [] [] [] [] [] [] [] [] [] [] [] [] [] [] [] [] [] [] [] [] [] [] [] [] [] [] [] [] [] [] [] [] [] [] [] [] [] [] [] [] [] [] [] [] [] [] [] [] [] [] [] [] [] [] [] [] [] [] [] [] [] [] [] [] [] [] [] [] [] [] [] [] [] [] [] [] [] [] [] [] [] [] [] [] [] [] [] [] [] [] [] [] [] [] [] [] [] [] [] [] [] [] [] [] [] [] [] [] [] [] [] [] [] [] [] [] [] [] [] [] [] [] [] [] [] [] [] [] [] [] [] [] [] [] [] [] [] [] [] [] [] [] [] [] [] [] [] [] [] [] [] [] [] [] [] [] [] [] [] [] [] []
353 [] [1 2 3 4 5 6 19] [1 2 3 4 5 18] [1 2 3 4 5 6 19 23] [1 2 3 4 5 19 23 25] [] [] [] [] [] [] [] [] [] [] [] [] [] [] [] [] [] [] [] [] [] [] [] [] [] [] [] [] [] [] [] [] [] [] [] [] [] [] [] [] [] [] [] [] [] [] [] [] [] [] [] [] [] [] [] [] [] [] [] [] [] [] [] [] [] [] [] [] [] [] [] [] [] [] [] [] [] [] [] [] [] [] [] [] [] [] [] [] [] [] [] [] [] [] [] [] [] [] [] [] [] [] [] [] [] [] [] [] [] [] [] [] [] [] [] [] [] [] [] [] [] [] [] [] [] [] [] [] [] [] [] [] [] [] [] [] [] [] [] [] [] [] [] [] [] [] [] [] [] [] [] [] [] [] [] [] [] [] [] [] [] [] [] [] [] [] [] [] [] [] [] [] [] [] [] [] [] [] [] [] [] [] [] [] [] [] [] [] [] [] [] [] [] [] [] [] [] [] [] [] [] [] [] [] [] [] [] [] [] [] [] [] [] [] [] [] [] [] [] [] [] [] [] [] [] [] [] [] []
354 [] [1 2 3 4 5 6 19] [1 2 3 4 5 18] [1 2 3 4 5 6 19 23] [1 2 3 4 5 19 23 25] [] [] [] [] [] [] [] [] [] [] [] [] [] [] [] [] [] [] [] [] [] [] [] [] [] [] [] [] [] [] [] [] [] [] [] [] [] [] [] [] [] [] [] [] [] [] [] [] [] [] [] [] [] [] [] [] [] [] [] [] [] [] [] [] [] [] [] [] [] [] [] [] [] [] [] [] [] [] [] [] [] [] [] [] [] [] [] [] [] [] [] [] [] [] [] [] [] [] [] [] [] [] [] [] [] [] [] [] [] [] [] [] [] [] [] [] [] [] [] [] [] [] [] [] [] [] [] [] [] [] [] [] [] [] [] [] [] [] [] [] [] [] [] [] [] [] [] [] [] [] [] [] [] [] [] [] [] [] [] [] [] [] [] [] [] [] [] [] [] [] [] [] [] [] [] [] [] [] [] [] [] [] [] [] [] [] [] [] [] [] [] [] [] [] [] [] [] [] [] [] [] [] [] [] [] [] [] [] [] [] [] [] [] [] [] [] [] [] [] [] [] [] [] [] [] [] [] [] []
355 [] [1 2 3 4 5 18] [1 2 3 4 19] [1 2 3 4 5 6 19 23] [1 2 3 4 5 19 23 25] [] [] [] [] [] [] [] [] [] [] [] [] [] [] [] [] [] [] [] [] [] [] [] [] [] [] [] [] [] [] [] [] [] [] [] [] [] [] [] [] [] [] [] [] [] [] [] [] [] [] [] [] [] [] [] [] [] [] [] [] [] [] [] [] [] [] [] [] [] [] [] [] [] [] [] [] [] [] [] [] [] [] [] [] [] [] [] [] [] [] [] [] [] [] [] [] [] [] [] [] [] [] [] [] [] [] [] [] [] [] [] [] [] [] [] [] [] [] [] [] [] [] [] [] [] [] [] [] [] [] [] [] [] [] [] [] [] [] [] [] [] [] [] [] [] [] [] [] [] [] [] [] [] [] [] [] [] [] [] [] [] [] [] [] [] [] [] [] [] [] [] [] [] [] [] [] [] [] [] [] [] [] [] [] [] [] [] [] [] [] [] [] [] [] [] [] [] [] [] [] [] [] [] [] [] [] [] [] [] [] [] [] [] [] [] [] [] [] [] [] [] [] [] [] [] [] [] [] []
356 [] [1 2 3 4 19] [1 2 3 4 5 6 19 23] [1 2 3 4 5 19 23 25] [] [] [] [] [] [] [] [] [] [] [] [] [] [] [] [] [] [] [] [] [] [] [] [] [] [] [] [] [] [] [] [] [] [] [] [] [] [] [] [] [] [] [] [] [] [] [] [] [] [] [] [] [] [] [] [] [] [] [] [] [] [] [] [] [] [] [] [] [] [] [] [] [] [] [] [] [] [] [] [] [] [] [] [] [] [] [] [] [] [] [] [] [] [] [] [] [] [] [] [] [] [] [] [] [] [] [] [] [] [] [] [] [] [] [] [] [] [] [] [] [] [] [] [] [] [] [] [] [] [] [] [] [] [] [] [] [] [] [] [] [] [] [] [] [] [] [] [] [] [] [] [] [] [] [] [] [] [] [] [] [] [] [] [] [] [] [] [] [] [] [] [] [] [] [] [] [] [] [] [] [] [] [] [] [] [] [] [] [] [] [] [] [] [] [] [] [] [] [] [] [] [] [] [] [] [] [] [] [] [] [] [] [] [] [] [] [] [] [] [] [] [] [] [] [] [] [] [] [] []
357 [] [1 2 3 4 5 6 19 23] [1 2 3 4 5 19 23 25] [] [] [] [] [] [] [] [] [] [] [] [] [] [] [] [] [] [] [] [] [] [] [] [] [] [] [] [] [] [] [] [] [] [] [] [] [] [] [] [] [] [] [] [] [] [] [] [] [] [] [] [] [] [] [] [] [] [] [] [] [] [] [] [] [] [] [] [] [] [] [] [] [] [] [] [] [] [] [] [] [] [] [] [] [] [] [] [] [] [] [] [] [] [] [] [] [] [] [] [] [] [] [] [] [] [] [] [] [] [] [] [] [] [] [] [] [] [] [] [] [] [] [] [] [] [] [] [] [] [] [] [] [] [] [] [] [] [] [] [] [] [] [] [] [] [] [] [] [] [] [] [] [] [] [] [] [] [] [] [] [] [] [] [] [] [] [] [] [] [] [] [] [] [] [] [] [] [] [] [] [] [] [] [] [] [] [] [] [] [] [] [] [] [] [] [] [] [] [] [] [] [] [] [] [] [] [] [] [] [] [] [] [] [] [] [] [] [] [] [] [] [] [] [] [] [] [] [] [] [] []
358 [] [1 2 3 4 5 19 23 25] [] [] [] [] [] [] [] [] [] [] [] [] [] [] [] [] [] [] [] [] [] [] [] [] [] [] [] [] [] [] [] [] [] [] [] [] [] [] [] [] [] [] [] [] [] [] [] [] [] [] [] [] [] [] [] [] [] [] [] [] [] [] [] [] [] [] [] [] [] [] [] [] [] [] [] [] [] [] [] [] [] [] [] [] [] [] [] [] [] [] [] [] [] [] [] [] [] [] [] [] [] [] [] [] [] [] [] [] [] [] [] [] [] [] [] [] [] [] [] [] [] [] [] [] [] [] [] [] [] [] [] [] [] [] [] [] [] [] [] [] [] [] [] [] [] [] [] [] [] [] [] [] [] [] [] [] [] [] [] [] [] [] [] [] [] [] [] [] [] [] [] [] [] [] [] [] [] [] [] [] [] [] [] [] [] [] [] [] [] [] [] [] [] [] [] [] [] [] [] [] [] [] [] [] [] [] [] [] [] [] [] [] [] [] [] [] [] [] [] [] [] [] [] [] [] [] [] [] [] [] [] []
