day not_working team1 team2 team3 team4 team5 team6 team7 team8 team9 team10 team11 team12 team13 team14 team15 team16 team17 team18 team19 team20 team21 team22 team23 team24 team25 team26 team27 team28 team29 team30 team31 team32 team33 team34 team35 team36 team37 team38 team39 team40 team41 team42 team43 team44 team45 team46 team47 team48 team49 team50 team51 team52 team53 team54 team55 team56 team57 team58 team59 team60 team61 team62 team63 team64 team65 team66 team67 team68 team69 team70 team71 team72 team73 team74 team75 team76 team77 team78 team79 team80 team81 team82 team83 team84 team85 team86 team87 team88 team89 team90 team91 team92 team93 team94 team95 team96 team97 team98 team99 team100 team101 team102 team103 team104 team105 team106 team107 team108 team109 team110 team111 team112 team113 team114 team115 team116 team117 team118 team119 team120 team121 team122 team123 team124 team125 team126 team127 team128 team129 team130
1 [] [1 2 3] [1 2 3 5] [1 2 8] [1 36] [1 2 36] [1 2] [1 2 3 4 5 7 8 15] [1 2 3 5 7] [1 2 5 7] [1] [1 2 3 5 6] [1 2 3 4 5 6 7] [1 4 7 36 40] [1 2 3 4 5 7 8 12] [1 2 5] [1 2 3 5 6 8] [1 2 3 4 5 7 8 11 19 32] [1 2 3 4 5 6] [1 2 3 4 5 11] [1 2 3 4 5 8] [1 2 3 4 5 11 19] [1 2 5 6 7 8 15 19] [1 2 3 4 5 7 19] [1 2 3 4 5] [1 2 3 5 6 7 8] [1 2 3 4 5 7 8] [1 2 3 5 7 8 11 16 19] [1 2 3 4 5 6 7 8] [1 2 3 5 19] [1 2 3 4 5 8 15] [1 2 3 5 7 8] [1 2 3 4 5 11 19 32] [1 2 3 5 7 8 19] [1 2 3 4 5 7] [1 2 3 5 8] [1 2 3 5 6 7] [1 2 3 5 7 8 11 13 19] [1 2 3 5 7 8 15] [1 2 3 5 8 15] [1 2 5 7 8] [1 2 3 4 5 6 7 8 16] [1 2 3 4 5 8 26] [1 2 3 5 11] [1 2 3 4 8] [1 2 3 5 6 8 26] [1 2 3 8] [1 2 3 4 5 7 8 12 16 19] [1 2 3 4 5 7 8 19] [1 2 3 5 6 7 8 15] [1 2 5 6 7] [1 2 3 4 5 7 8 12 16] [1 2 3 4 5 6 8 15] [1 2 3 5 7 8 15 39] [1 2 3 5 7 8 26] [1 2 3 4] [1 2 3 4 5 7 11] [1 2 3 4 5 7 8 11 12] [1 2 3 5 6 7 11 19] [1 2 3 4 5 6 7 8 11 15 19] [1 2 3 4 5 6 7 8 11 12] [1 2 3 4 5 7 8 26] [1 2 3 4 5 8 11 15 19] [1 2 5 8] [1 2 3 5 8 26] [1 2 3 5 6 11 19] [1 2 3 5 7 8 11] [1 2 3 4 5 7 8 11] [1 2 3 4 5 7 8 15 39] [1 2 3 5 7 8 11 15] [1 2 3 4 5 6 7 8 15 16] [1 2 3 4 5 6 7 8 15] [1 2 3 4 5 6 8] [1 2 3 4 5 6 7 8 19] [1 2 3 5 7 11 19] [1 2 3 4 5 6 7 8 12 16 19] [1 2 3 4 5 6 7 8 15 19] [1 2 3 4 5 7 8 11 15] [1 2 3 5 6 7 11] [1 2 3 4 5 6 19] [1 2 3 5 8 11 15 19 32] [1 2 5 8 15] [1 2 3 5 6 7 8 15 39] [1 2 3 4 7] [1 2 5 6] [1 2 3 4 5 8 11] [1 2 3 4 5 11 13 19 32] [1 2 3 4 5 6 8 19] [1 2 3 4 5 19] [1 2 3 4 5 8 15 26] [1 2 3 5 6 8 15] [1 2 3 4 5 6 7 8 11 19] [1 2 3 4 5 7 8 11 13 15 19 32 35] [1 5] [1 2 5 6 7 8] [1 2 3 5 7 8 11 15 19 32] [1 2 32] [1 2 15] [1 2 3 4 5 8 19] [1 2 3 4 5 6 7 8 11] [1 4 36] [] [] [] [] [] [] [] [] [] [] [] [] [] [] [] [] [] [] [] [] [] [] [] [] [] [] [] [] [] []
2 [] [1 2 3 5] [1 2] [1 2 36] [1 2 3 4 5 7 8 15] [1 2 3 5 7] [1 2 5 7] [1] [1 2 3 5 6] [1 2 3 4 5 6 7] [1 4 7 36 40] [1 2 3 4 5 7 8 12] [1 2 5] [1 2 3 5 6 8] [1 2 3 4 5 7 8 11 19 32] [1 2 3 4 5 6] [1 2 3 4 5 11] [1 2 3 4 5 8] [1 2 3 4 5 11 19] [1 2 5 6 7 8 15 19] [1 2 8] [1 2 3 4 5 7 19] [1 2 3 4 5] [1 2 3 5 6 7 8] [1 2 3 4 5 7 8] [1 2 3 5 7 8 11 16 19] [1 2 3 4 5 6 7 8] [1 2 3 5 19] [1 2 3 4 5 8 15] [1 2 3 5 7 8] [1 2 3 4 5 11 19 32] [1 2 3 5 7 8 19] [1 2 3 4 5 7] [1 2 3 5 8] [1 2 3 5 6 7] [1 2 3 5 7 8 11 13 19] [1 2 3 5 7 8 15] [1 2 3 5 8 15] [1 2 5 7 8] [1 2 3 4 5 6 7 8 16] [1 2 3 4 5 8 26] [1 2 3 5 11] [1 2 3 4 8] [1 2 3 5 6 8 26] [1 2 3 8] [1 2 3 4 5 7 8 12 16 19] [1 2 3 4 5 7 8 19] [1 2 3 5 6 7 8 15] [1 2 5 6 7] [1 2 3] [1 2 3 4 5 7 8 12 16] [1 2 3 4 5 6 8 15] [1 2 3 5 7 8 15 39] [1 2 3 5 7 8 26] [1 2 3 4] [1 2 3 4 5 7 11] [1 2 3 4 5 7 8 11 12] [1 2 3 5 6 7 11 19] [1 2 3 4 5 6 7 8 11 15 19] [1 2 3 4 5 6 7 8 11 12] [1 2 3 4 5 7 8 26] [1 2 3 4 5 8 11 15 19] [1 2 5 8] [1 2 3 5 8 26] [1 2 3 5 6 11 19] [1 2 3 5 7 8 11] [1 2 3 4 5 7 8 11] [1 2 3 4 5 7 8 15 39] [1 2 3 5 7 8 11 15] [1 2 3 4 5 6 7 8 15 16] [1 2 3 4 5 6 7 8 15] [1 2 3 4 5 6 8] [1 2 3 4 5 6 7 8 19] [1 2 3 5 7 11 19] [1 2 3 4 5 6 7 8 12 16 19] [1 2 3 4 5 6 7 8 15 19] [1 2 3 4 5 7 8 11 15] [1 2 3 5 6 7 11] [1 2 3 4 5 6 19] [1 2 3 5 8 11 15 19 32] [1 2 5 8 15] [1 2 3 5 6 7 8 15 39] [1 2 3 4 7] [1 2 5 6] [1 2 3 4 5 8 11] [1 2 3 4 5 11 13 19 32] [1 2 3 4 5 6 8 19] [1 2 3 4 5 19] [1 2 3 4 5 8 15 26] [1 2 3 5 6 8 15] [1 2 3 4 5 6 7 8 11 19] [1 2 3 4 5 7 8 11 13 15 19 32 35] [1 5] [1 2 5 6 7 8] [1 2 3 5 7 8 11 15 19 32] [1 2 32] [1 2 15] [1 2 3 4 5 8 19] [1 2 3 4 5 6 7 8 11] [1 4 36] [] [] [] [] [] [] [] [] [] [] [] [] [] [] [] [] [] [] [] [] [] [] [] [] [] [] [] [] [] [] []
3 [22 41] [1 2] [1 2 3 5] [1 2 36] [1 2 3 4 5 7 8 15] [1 2 3 5 7] [1 2 5 7] [1] [1 2 3 5 6] [1 2 3 4 5 6 7] [1 4 7 36 40] [1 2 3 4 5 7 8 12] [1 2 5] [1 2 3 5 6 8] [1 2 3 4 5 7 8 11 19 32] [1 2 3 4 5 6] [1 2 3 4 5 11] [1 2 3 4 5 8] [1 2 3 4 5 11 19] [1 2 5 6 7 8 15 19] [1 2 8] [1 2 3 4 5 7 19] [1 2 3 4 5] [1 2 3 5 6 7 8] [1 2 3 4 5 7 8] [1 2 3 5 7 8 11 16 19] [1 2 3 4 5 6 7 8] [1 2 3 5 19] [1 2 3 4 5 8 15] [1 2 3 5 7 8] [1 2 3 4 5 11 19 32] [1 2 3 5 7 8 19] [1 2 3 4 5 7] [1 2 3 5 8] [1 2 3 5 6 7] [1 2 3 5 7 8 11 13 19] [1 2 3 5 7 8 15] [1 2 3 5 8 15] [1 2 5 7 8] [1 2 3 4 5 6 7 8 16] [1 2 3 4 5 8 26] [1 2 3 5 11] [1 2 3 4 8] [1 2 3 5 6 8 26] [1 2 3 8] [1 2 3 4 5 7 8 12 16 19] [1 2 3 4 5 7 8 19] [1 2 3 5 6 7 8 15] [1 2 5 6 7] [1 2 3] [1 2 3 4 5 7 8 12 16] [1 2 3 4 5 6 8 15] [1 2 3 5 7 8 15 39] [1 2 3 5 7 8 26] [1 2 3 4] [1 2 3 4 5 7 11] [1 2 3 4 5 7 8 11 12] [1 2 3 5 6 7 11 19] [1 2 3 4 5 6 7 8 11 15 19] [1 2 3 4 5 6 7 8 11 12] [1 2 3 4 5 7 8 26] [1 2 3 4 5 8 11 15 19] [1 2 5 8] [1 2 3 5 8 26] [1 2 3 5 6 11 19] [1 2 3 5 7 8 11] [1 2 3 4 5 7 8 11] [1 2 3 4 5 7 8 15 39] [1 2 3 5 7 8 11 15] [1 2 3 4 5 6 7 8 15 16] [1 2 3 4 5 6 7 8 15] [1 2 3 4 5 6 8] [1 2 3 4 5 6 7 8 19] [1 2 3 5 7 11 19] [1 2 3 4 5 6 7 8 12 16 19] [1 2 3 4 5 6 7 8 15 19] [1 2 3 4 5 7 8 11 15] [1 2 3 5 6 7 11] [1 2 3 4 5 6 19] [1 2 3 5 8 11 15 19 32] [1 2 5 8 15] [1 2 3 5 6 7 8 15 39] [1 2 3 4 7] [1 2 5 6] [1 2 3 4 5 8 11] [1 2 3 4 5 11 13 19 32] [1 2 3 4 5 6 8 19] [1 2 3 4 5 19] [1 2 3 4 5 8 15 26] [1 2 3 5 6 8 15] [1 2 3 4 5 6 7 8 11 19] [1 2 3 4 5 7 8 11 13 15 19 32 35] [1 5] [1 2 5 6 7 8] [1 2 3 5 7 8 11 15 19 32] [1 2 32] [1 2 15] [1 2 3 4 5 8 19] [1 2 3 4 5 6 7 8 11] [1 4 36] [] [] [] [] [] [] [] [] [] [] [] [] [] [] [] [] [] [] [] [] [] [] [] [] [] [] [] [] [] [] []
4 [5 16 24 33 34] [1 2 3 4 7 8 15] [1 2 3 7 8] [1 2] [1] [1 2 3 6 7] [1 2 3 4 6 7 8] [1 4 7 36 40] [1 2 3 4 6 7 8 12 19] [1 2 7 11] [1 2 3 6 7 8] [1 2 3 4 6 7 8 11 12 13 19 32] [1 2 3 4 6 7 11] [1 2 3 4 7 8 12 19] [1 2 3 4 6 7 11 13] [1 2 3 6 7 11] [1 2 3 4 7 8] [1 2 3 4 7 11 13 19] [1 2 6 7 8 13 15 19] [1 2 6 7 8] [1 2 8] [1 2 3 6 7 8 11] [1 2 3 4 7 8 11 19] [1 2 3 4 6 7 8 15] [1 2 3 4 6 7] [1 2 3 4 6 8] [1 2 3 7 8 11 12 13 19] [1 2 3 4 7 8 11] [1 2 3 7 11 19] [1 2 3 7 8 12] [1 2 3 4 6 7 11 13 19 32] [1 2 6] [1 2 3 6 7 8 11 12 19] [1 2 3 11] [1 2 3 4 6 7 8 11] [1 2 3 4 6 7 8 12 15] [1 2 3 4 6 7 8 12] [1 2 3 6] [1 2 3 7 8 11] [1 2 3 7 8 11 13 18 19] [1 2 3 4 7 8 12] [1 2 3 6 7 8 15] [1 2 3 6 8] [1 2 3 6 7 8 11 15] [1 2 3 4 6 7 8 26] [1 2 3 7 11 13] [1 2 3 4 8] [1 2 3 4 6 7 8 13] [1 2 3 6 7 8 26] [1 2 3 8] [1 2 3 4 7 8 11 12] [1 2 3 4 6 7 8 11 12 19] [1 2 6 7] [1 2 3] [1 2 3 7 8 15 39] [1 2 3 4 7 11] [1 2 3 4 7] [1 2 3 6 7 11 13] [1 2 3 4] [1 2 3 4 7 8 11 13] [1 2 3 4 7 8 11 12 13 19] [1 2 3 7] [1 2 3 4 6 7 8 11 15] [1 2 3 6 7 11 13 19] [1 2 3 4 6 7 8 11 13 15 19] [1 2 3 4 6 7 8 11 12 13 19] [1 2 3 4 6] [1 2 3 4 6 8 11] [1 2 3 4 7 8 11 13 15 19] [1 2 6 8 11] [1 2 3 6 7 8 11 26] [1 2 3 6 11] [1 2 3 7 8 11 12 13] [1 2 3 4 6 7 8 11 12 13] [1 2 3 6 7 8 12] [1 2 3 4 6 7 8 15 39] [1 2 3 6 7 8 11 13 15] [1 2 3 6 7 8 11 13] [1 2 3 4 6 7 8 12 15 19] [1 2 3 4 6 7 8 11 19] [1 2 3 6 7 8 11 13 19] [1 2 3 6 11 13] [1 2 3 4 6 7 8 11 13 15] [1 2 3 11 13] [1 2 3 4 6 7 11 19] [1 2 3 6 7 8 11 13 15 19 32] [1 2 6 7 8 15] [1 2 3 6 8 11] [1 2 3 6 7 8 12 15] [1 2 3 6 7 8 15 39] [1 2 3 6 7 8 11 12] [1 2 3 7 11] [1 2 3 4 6 8 11 13] [1 2 3 6 8 26] [1 2 3 4 6 7 11 13 18 19 32] [1 2 3 4 6 7 8 11 15 26] [1 2 3 4 6 7 8 11 12] [1 2 3 6 7 8 13 15] [1 2 3 4 7 8 11 13 15 18 19 32 35] [1 7] [1 2 7 8] [1 2 3 4 6 7 8 11 12 15] [1 2 6 7 8 13] [1 2 3 7 8 11 13 15 19 32] [1 2 32] [1 2 15] [1 2 3 7 8 11 15] [1 2 3 7 8 15] [1 2 3 4 8 11 19] [1 2 3 4 6 7 8 11 13] [1 4 36] [] [] [] [] [] [] [] [] [] [] [] [] [] [] [] [] [] [] [] []
5 [34 36 40] [1 2 3 4 5 7 8 15] [1 2 3 5 7] [1 2] [1] [1 2 3 5 6] [1 2 3 4 5 6 7] [1 2 3 4 5 7 8 12] [1 2 5] [1 2 3 5 6 8] [1 2 3 4 5 7 8 11 19 32] [1 2 3 4 5 6] [1 2 3 4 5 11] [1 2 3 4 5 8] [1 2 3 4 5 11 19] [1 2 5 6 7 8 15 19] [1 2 5 7] [1 2 8] [1 2 3 4 5 7 19] [1 2 3 4 5] [1 2 3 5 6 7 8] [1 2 3 4 5 7 8] [1 2 3 5 7 8 11 16 19] [1 2 3 4 5 6 7 8] [1 2 3 5 19] [1 2 3 4 5 8 15] [1 2 3 5 7 8] [1 2 3 4 5 11 19 32] [1 2 3 5 7 8 19] [1 2 3 5] [1 2 3 4 5 7] [1 2 3 5 8] [1 2 3 5 6 7] [1 2 3 5 7 8 11 13 19] [1 2 3 5 7 8 15] [1 2 3 5 8 15] [1 2 5 7 8] [1 2 3 4 5 6 7 8 16] [1 2 3 4 5 8 26] [1 2 3 5 11] [1 2 3 4 8] [1 2 3 5 6 8 26] [1 2 3 8] [1 2 3 4 5 7 8 12 16 19] [1 2 3 4 5 7 8 19] [1 2 3 5 6 7 8 15] [1 2 5 6 7] [1 2 3] [1 2 3 4 5 7 8 12 16] [1 2 3 4 5 6 8 15] [1 2 3 5 7 8 15 39] [1 2 3 5 7 8 26] [1 2 3 4] [1 2 3 4 5 7 11] [1 2 3 4 5 7 8 11 12] [1 2 3 5 6 7 11 19] [1 2 3 4 5 6 7 8 11 15 19] [1 2 3 4 5 6 7 8 11 12] [1 2 3 4 5 7 8 26] [1 2 3 4 5 8 11 15 19] [1 2 5 8] [1 2 3 5 8 26] [1 2 3 5 6 11 19] [1 2 3 5 7 8 11] [1 2 3 4 5 7 8 11] [1 2 3 4 5 7 8 15 39] [1 2 3 5 7 8 11 15] [1 2 3 4 5 6 7 8 15 16] [1 2 3 4 5 6 7 8 15] [1 2 3 4 5 6 8] [1 2 3 4 5 6 7 8 19] [1 2 3 5 7 11 19] [1 2 3 4 5 6 7 8 12 16 19] [1 2 3 4 5 6 7 8 15 19] [1 2 3 4 5 7 8 11 15] [1 2 3 5 6 7 11] [1 2 3 4 5 6 19] [1 2 3 5 8 11 15 19 32] [1 2 5 8 15] [1 2 3 5 6 7 8 15 39] [1 2 3 4 7] [1 2 5 6] [1 2 3 4 5 8 11] [1 2 3 4 5 11 13 19 32] [1 2 3 4 5 6 8 19] [1 2 3 4 5 19] [1 2 3 4 5 8 15 26] [1 2 3 5 6 8 15] [1 2 3 4 5 6 7 8 11 19] [1 2 3 4 5 7 8 11 13 15 19 32 35] [1 5] [1 2 5 6 7 8] [1 2 3 5 7 8 11 15 19 32] [1 2 32] [1 2 15] [1 2 3 4 5 8 19] [1 2 3 4 5 6 7 8 11] [1 4 44] [] [] [] [] [] [] [] [] [] [] [] [] [] [] [] [] [] [] [] [] [] [] [] [] [] [] [] [] [] [] [] [] []
6 [38] [1 2 3 5 7] [1 2] [1] [1 2 3 5 6] [1 2 3 4 5 6 7] [1 4 7 36 40] [1 2 3 4 5 7 8 12] [1 2 5] [1 2 3 5 6 8] [1 2 3 4 5 7 8 11 19 32] [1 2 3 4 5 6] [1 2 3 4 5 11] [1 2 3 4 5 8] [1 2 3 4 5 11 19] [1 2 5 6 7 8 15 19] [1 2 5 7] [1 2 8] [1 2 3 4 5 7 19] [1 2 3 4 5 7 8 15] [1 2 3 4 5] [1 2 3 5 6 7 8] [1 2 3 4 5 7 8] [1 2 3 5 7 8 11 16 19] [1 2 3 4 5 6 7 8] [1 2 3 5 19] [1 2 3 4 5 8 15] [1 2 3 5 7 8] [1 2 3 4 5 11 19 32] [1 2 3 5 7 8 19] [1 2 3 5] [1 2 3 4 5 7] [1 2 3 5 8] [1 2 3 5 6 7] [1 2 3 5 7 8 11 13 19] [1 2 3 5 7 8 15] [1 2 3 5 8 15] [1 2 5 7 8] [1 2 3 4 5 6 7 8 16] [1 2 3 4 5 8 26] [1 2 3 5 11] [1 2 3 4 8] [1 2 3 5 6 8 26] [1 2 3 8] [1 2 3 4 5 7 8 12 16 19] [1 2 3 4 5 7 8 19] [1 2 3 5 6 7 8 15] [1 2 5 6 7] [1 2 3] [1 2 3 4 5 7 8 12 16] [1 2 3 4 5 6 8 15] [1 2 3 5 7 8 15 39] [1 2 3 5 7 8 26] [1 2 3 4] [1 2 3 4 5 7 11] [1 2 3 4 5 7 8 11 12] [1 2 3 5 6 7 11 19] [1 2 3 4 5 6 7 8 11 15 19] [1 2 3 4 5 6 7 8 11 12] [1 2 3 4 5 7 8 26] [1 2 3 4 5 8 11 15 19] [1 2 5 8] [1 2 3 5 8 26] [1 2 3 5 6 11 19] [1 2 3 5 7 8 11] [1 2 3 4 5 7 8 11] [1 2 3 4 5 7 8 15 39] [1 2 3 5 7 8 11 15] [1 2 3 4 5 6 7 8 15 16] [1 2 3 4 5 6 7 8 15] [1 2 3 4 5 6 8] [1 2 3 4 5 6 7 8 19] [1 2 3 5 7 11 19] [1 2 3 4 5 6 7 8 12 16 19] [1 2 3 4 5 6 7 8 15 19] [1 2 3 4 5 7 8 11 15] [1 2 3 5 6 7 11] [1 2 3 4 5 6 19] [1 2 3 5 8 11 15 19 32] [1 2 5 8 15] [1 2 3 5 6 7 8 15 39] [1 2 3 4 7] [1 2 5 6] [1 2 3 4 5 8 11] [1 2 3 4 5 11 13 19 32] [1 2 3 4 5 6 8 19] [1 2 3 4 5 19] [1 2 3 4 5 8 15 26] [1 2 3 5 6 8 15] [1 2 3 4 5 6 7 8 11 19] [1 2 3 4 5 7 8 11 13 15 19 32 35] [1 5] [1 2 5 6 7 8] [1 2 3 5 7 8 11 15 19 32] [1 2 32] [1 2 15] [1 2 3 4 5 8 19] [1 2 3 4 5 6 7 8 11] [1 4 36] [] [] [] [] [] [] [] [] [] [] [] [] [] [] [] [] [] [] [] [] [] [] [] [] [] [] [] [] [] [] [] []
7 [17 21 29 35] [1 2 3 5 7] [1 2] [1] [1 2 3 5 6] [1 2 3 4 5 6 7] [1 4 7 36 40] [1 2 3 4 5 7 8 12] [1 2 5] [1 2 3 5 6 8] [1 2 3 4 5 7 8 11 19 32] [1 2 3 4 5 6] [1 2 3 4 5 11] [1 2 3 4 5 8] [1 2 3 4 5 11 19] [1 2 5 6 7 8 15 19] [1 2 5 7] [1 2 8] [1 2 3 4 5 7 19] [1 2 3 4 5 7 8 15] [1 2 3 4 5] [1 2 3 5 6 7 8] [1 2 3 4 5 7 8] [1 2 3 5 7 8 11 16 19] [1 2 3 4 5 6 7 8] [1 2 3 5 19] [1 2 3 4 5 8 15] [1 2 3 5 7 8] [1 2 3 4 5 11 19 32] [1 2 3 5 7 8 19] [1 2 3 5] [1 2 3 4 5 7] [1 2 3 5 8] [1 2 3 5 6 7] [1 2 3 5 7 8 11 13 19] [1 2 3 5 7 8 15] [1 2 3 5 8 15] [1 2 5 7 8] [1 2 3 4 5 6 7 8 16] [1 2 3 4 5 8 26] [1 2 3 5 11] [1 2 3 4 8] [1 2 3 5 6 8 26] [1 2 3 8] [1 2 3 4 5 7 8 12 16 19] [1 2 3 4 5 7 8 19] [1 2 3 5 6 7 8 15] [1 2 5 6 7] [1 2 3] [1 2 3 4 5 7 8 12 16] [1 2 3 4 5 6 8 15] [1 2 3 5 7 8 15 39] [1 2 3 5 7 8 26] [1 2 3 4] [1 2 3 4 5 7 11] [1 2 3 4 5 7 8 11 12] [1 2 3 5 6 7 11 19] [1 2 3 4 5 6 7 8 11 15 19] [1 2 3 4 5 6 7 8 11 12] [1 2 3 4 5 7 8 26] [1 2 3 4 5 8 11 15 19] [1 2 5 8] [1 2 3 5 8 26] [1 2 3 5 6 11 19] [1 2 3 5 7 8 11] [1 2 3 4 5 7 8 11] [1 2 3 4 5 7 8 15 39] [1 2 3 5 7 8 11 15] [1 2 3 4 5 6 7 8 15 16] [1 2 3 4 5 6 7 8 15] [1 2 3 4 5 6 8] [1 2 3 4 5 6 7 8 19] [1 2 3 5 7 11 19] [1 2 3 4 5 6 7 8 12 16 19] [1 2 3 4 5 6 7 8 15 19] [1 2 3 4 5 7 8 11 15] [1 2 3 5 6 7 11] [1 2 3 4 5 6 19] [1 2 3 5 8 11 15 19 32] [1 2 5 8 15] [1 2 3 5 6 7 8 15 39] [1 2 3 4 7] [1 2 5 6] [1 2 3 4 5 8 11] [1 2 3 4 5 11 13 19 32] [1 2 3 4 5 6 8 19] [1 2 3 4 5 19] [1 2 3 4 5 8 15 26] [1 2 3 5 6 8 15] [1 2 3 4 5 6 7 8 11 19] [1 5] [1 2 5 6 7 8] [1 2 3 5 7 8 11 15 19 32] [1 2 32] [1 2 15] [1 2 3 4 5 8 19] [1 2 3 4 5 6 7 8 11] [1 4 36] [] [] [] [] [] [] [] [] [] [] [] [] [] [] [] [] [] [] [] [] [] [] [] [] [] [] [] [] [] [] [] [] []
8 [4 13 15 19 50] [1 2 3 5 7] [1 2] [1] [1 2 3 5 6] [1 2 3 5 6 7 8] [1 5 7 36 40] [1 2 3 5 7 8 12] [1 2 5] [1 2 3 5 6 8] [1 2 3 5 7 8 11 32 35] [1 2 3 5 6 7] [1 2 3 5 11] [1 2 3 5 8] [1 2 3 5 7 8] [1 2 3 5 11 32] [1 2 5 7] [1 2 8] [1 2 3 5 7 32] [1 2 3 5] [1 2 3 5 7 8 11 16 32] [1 2 3 5 32] [1 2 3 5 11 32 35] [1 2 3 5 7 8 32] [1 2 5 7 8] [1 2 3 5 6 7 8 16] [1 2 3 5 8 26] [1 2 3 5 6 8 26] [1 2 3 8] [1 2 3 5 7 8 39] [1 2 5 6 7] [1 2 3] [1 2 3 5 7 8 12 16] [1 2 3 5 7 8 39 43] [1 2 3 5 7 8 26] [1 2 3 7] [1 2 3 5 7 11] [1 2 3 5 7 8 11 12] [1 2 3 5 6 7 11 32] [1 2 3 5 6 7 8 11 12] [1 2 5 8] [1 2 3 5 6 11 32] [1 2 3 5 7 8 11] [1 2 3 5 7 8 11 39] [1 2 3 5 6 7 8 32] [1 2 3 5 7 11 32] [1 2 3 5 6 7 11] [1 2 3 5 6 7 32] [1 2 3 5 6 7 8 39 43] [1 2 5 6] [1 2 3 5 8 11] [1 2 3 5 11 16 32 35] [1 2 3 5 6 8 32] [1 2 3 5 8 26 39] [1 2 3 5 6 7 8 11 32] [1 5] [1 2 5 6 7 8] [1 2 32] [1 2 3 5 6 7 8 39] [1 2 3 5 6 7 8 11] [1 5 36] [] [] [] [] [] [] [] [] [] [] [] [] [] [] [] [] [] [] [] [] [] [] [] [] [] [] [] [] [] [] [] [] [] [] [] [] [] [] [] [] [] [] [] [] [] [] [] [] [] [] [] [] [] [] [] [] [] [] [] [] [] [] [] [] [] [] [] [] [] []
9 [4 6 30 43] [1 2] [1] [1 2 3 5 7] [1 2 3 5 7 8] [1 5 7 36 40] [1 2 3 5 7 8 12] [1 2 5] [1 2 3 5 7 8 11 19 32] [1 2 3 5 11] [1 2 3 5 8] [1 2 3 5 11 19] [1 2 5 7 8 15 19] [1 2 5 7] [1 2 8] [1 2 3 5 7 19] [1 2 3 5 7 8 15] [1 2 3 5] [1 2 3 5 7 8 11 16 19] [1 2 3 5 19] [1 2 3 5 8 15] [1 2 3 5 11 19 32] [1 2 3 5 7 8 19] [1 2 3 5 7 8 11 13 19] [1 2 5 7 8] [1 2 3 5 7 8 16] [1 2 3 5 8 26] [1 2 3 5 7 8 26] [1 2 3 8] [1 2 3 5 7 8 12 16 19] [1 2 3] [1 2 3 5 7 8 12 16] [1 2 3 5 7 8 15 39] [1 2 3 7] [1 2 3 5 7 11] [1 2 3 5 7 8 11 12] [1 2 3 5 7 11 19] [1 2 3 5 7 8 11 15 19] [1 2 3 5 8 11 15 19] [1 2 5 8] [1 2 3 5 7 8 11] [1 2 3 5 7 8 11 15] [1 2 3 5 7 8 15 16] [1 2 3 5 7 8 15 19] [1 2 3 5 8 11 15 19 32] [1 2 5 8 15] [1 2 3 5 8 11] [1 2 3 5 11 13 19 32] [1 2 3 5 8 15 26] [1 2 3 5 7 8 11 19] [1 2 3 5 7 8 11 13 15 19 32 35] [1 5] [1 2 3 5 7 8 11 15 19 32] [1 2 32] [1 2 15] [1 5 36] [] [] [] [] [] [] [] [] [] [] [] [] [] [] [] [] [] [] [] [] [] [] [] [] [] [] [] [] [] [] [] [] [] [] [] [] [] [] [] [] [] [] [] [] [] [] [] [] [] [] [] [] [] [] [] [] [] [] [] [] [] [] [] [] [] [] [] [] [] [] [] [] [] [] []
10 [3 4 25] [1 2 5 6 7 8 10] [1 2 5 7 8 12] [1 2 5] [1 2 5 6 7 8] [1 2 5 6 7 8 11 19 32] [1 2 5 7 8] [1 2 5 6 7 11] [1 2 5 6 7] [1 2 5 7 11 19] [1 2 5 6 7 8 15 19] [1 2 5 7] [1 2 8] [1 2 5 7 8 19] [1 2 5 7 8 15] [1 2 5 7 8 11 16 19] [1 2 5 7 19] [1 2 5 7 11 19 32] [1 2 5 6 7 8 19] [1 2 5 7 8 11 13 19] [1 2 5 7 8 10] [1 2 5 6 7 8 15] [1 2 5 8] [1 2 5 8 15] [1 2 5 6 7 8 16] [1 2 5 6 7 8 26] [1 2 5 7 11] [1 2] [1 2 5 7 8 12 16 19] [1 2 5 6 8] [1 2 5 6 7 8 12 16] [1 2 5 7 8 15 39] [1 2 5 6 7 8 10 26] [1 2 5 7 8 11 12] [1 2 5 6 7 11 19] [1 2 5 6 7 8 11 15 19] [1 2 5 6 7 8 11 12] [1 2 5 7 8 26] [1 2 5 7 8 11 15 19] [1 2 5 6] [1 2 5 6 8 26] [1 2 5 7 8 11] [1 2 5 6 7 8 11] [1 2 5 6 7 8 10 15 39] [1 2 5 6 7 8 11 15] [1 2 5 6 7 8 12] [1] [1 2 5 6 7 8 15 16] [1 2 5 6 7 8 10 19] [1 2 5 7 8 11 19] [1 2 5 6 7 8 12 16 19] [1 2 5 11] [1 2 5 6 7 8 11 15 19 32] [1 2 5 6 7 8 15 39] [1 2 5 7 11 13 19 32] [1 2 5 6 7 8 15 26] [1 2 5 6 8 15] [1 2 5 6 7 8 11 19] [1 2 5 7 8 11 13 15 19 32 35] [1 5] [1 2 5 7 8 11 15 19 32] [1 2 32] [1 2 5 6 7 8 10 15] [1 2 15] [1 5 36] [] [] [] [] [] [] [] [] [] [] [] [] [] [] [] [] [] [] [] [] [] [] [] [] [] [] [] [] [] [] [] [] [] [] [] [] [] [] [] [] [] [] [] [] [] [] [] [] [] [] [] [] [] [] [] [] [] [] [] [] [] [] [] [] [] []
11 [18] [1 2 3 4 5 7 8 12] [1 2 5] [1 2 3 5 6 8] [1 2 3 4 5 7 8 11 19 32] [1 2 3 4 5 6] [1 2 3 5 7] [1 2 3 4 5 11] [1 2 3 5 6] [1 2 3 4 5 8] [1 2 3 4 5 11 19] [1 2 5 6 7 8 15 19] [1 2 5 7] [1 2 8] [1 2 3 4 5 7 19] [1 2 3 4 5 7 8 15] [1 2 3 4 5] [1 2 3 5 6 7 8] [1 2 3 4 5 7 8] [1 2 3 5 7 8 11 16 19] [1 2 3 4 5 6 7 8] [1 2 3 5 19] [1 2 3 4 5 8 15] [1 2 3 5 7 8] [1 2 3 4 5 11 19 32] [1 2 3 5 7 8 19] [1 2 3 5] [1 2 3 4 5 7] [1 2 3 5 8] [1 2 3 5 6 7] [1 2 3 5 7 8 11 13 19] [1 2 3 5 7 8 15] [1 2 3 5 8 15] [1 2 5 7 8] [1 2 3 4 5 6 7 8 16] [1 2 3 4 5 8 26] [1 2 3 5 11] [1 2] [1 2 3 4 8] [1 2 3 5 6 8 26] [1 2 3 8] [1 2 3 4 5 7 8 12 16 19] [1 2 3 4 5 7 8 19] [1 2 3 5 6 7 8 15] [1 2 5 6 7] [1 2 3] [1 2 3 4 5 7 8 12 16] [1 2 3 4 5 6 8 15] [1 2 3 5 7 8 15 39] [1 2 3 5 7 8 26] [1 2 3 4] [1 2 3 4 5 7 11] [1 2 3 4 5 7 8 11 12] [1 2 3 5 6 7 11 19] [1 2 3 4 5 6 7 8 11 15 19] [1 2 3 4 5 6 7 8 11 12] [1 2 3 4 5 7 8 26] [1 2 3 4 5 8 11 15 19] [1 2 5 8] [1 2 3 5 8 26] [1 2 3 5 6 11 19] [1 2 3 5 7 8 11] [1 2 3 4 5 7 8 11] [1 2 3 4 5 7 8 15 39] [1 2 3 5 7 8 11 15] [1] [1 2 3 4 5 6 7 8 15 16] [1 2 3 4 5 6 7 8 15] [1 2 3 4 5 6 7] [1 2 3 4 5 6 8] [1 2 3 4 5 6 7 8 19] [1 2 3 5 7 11 19] [1 2 3 4 5 6 7 8 12 16 19] [1 2 3 4 5 6 7 8 15 19] [1 2 3 4 5 7 8 11 15] [1 2 3 5 6 7 11] [1 2 3 4 5 6 19] [1 2 3 5 8 11 15 19 32] [1 2 5 8 15] [1 2 3 5 6 7 8 15 39] [1 2 3 4 7] [1 2 5 6] [1 2 3 4 5 8 11] [1 2 3 4 5 11 13 19 32] [1 2 3 4 5 6 8 19] [1 2 3 4 5 19] [1 2 3 4 5 8 15 26] [1 2 3 5 6 8 15] [1 2 3 4 5 6 7 8 11 19] [1 2 3 4 5 7 8 11 13 15 19 32 35] [1 5] [1 2 5 6 7 8] [1 2 3 5 7 8 11 15 19 32] [1 2 32] [1 2 15] [1 2 3 4 5 8 19] [1 2 3 4 5 6 7 8 11] [1 4 36] [] [] [] [] [] [] [] [] [] [] [] [] [] [] [] [] [] [] [] [] [] [] [] [] [] [] [] [] [] [] [] [] []
12 [22 23 37 43] [1 2 5] [1 2 3 5 6 8] [1 2 3 4 5 7 8 11 19 32] [1 2 3 4 5 6] [1 2 3 5 7] [1 2 3 4 5 7 8 12] [1 2 3 4 5 11] [1 2 3 5 6] [1 2 3 4 5 8] [1 2 3 4 5 11 19] [1 2 5 6 7 8 15 19] [1 2 5 7] [1 2 8] [1 2 3 4 5 7 19] [1 2 3 4 5 7 8 15] [1 2 3 4 5] [1 2 3 5 6 7 8] [1 2 3 4 5 7 8] [1 2 3 5 7 8 11 16 19] [1 2 3 4 5 6 7 8] [1 2 3 5 19] [1 2 3 4 5 8 15] [1 2 3 5 7 8] [1 2 3 4 5 11 19 32] [1 2 3 5 7 8 19] [1 2 3 5] [1 2 3 4 5 7] [1 2 3 5 8] [1 2 3 5 6 7] [1 2 3 5 7 8 11 13 19] [1 2 3 5 7 8 15] [1 2 3 5 8 15] [1 2 5 7 8] [1 2 3 4 5 6 7 8 16] [1 2 3 4 5 8 26] [1 2 3 5 11] [1 2] [1 2 3 4 8] [1 2 3 5 6 8 26] [1 2 3 8] [1 2 3 4 5 7 8 12 16 19] [1 2 3 4 5 7 8 19] [1 2 3 5 6 7 8 15] [1 2 5 6 7] [1 2 3] [1 2 3 4 5 7 8 12 16] [1 2 3 4 5 6 8 15] [1 2 3 5 7 8 15 39] [1 2 3 5 7 8 26] [1 2 3 4] [1 2 3 4 5 7 11] [1 2 3 4 5 7 8 11 12] [1 2 3 5 6 7 11 19] [1 2 3 4 5 6 7 8 11 15 19] [1 2 3 4 5 6 7 8 11 12] [1 2 3 4 5 7 8 26] [1 2 3 4 5 8 11 15 19] [1 2 5 8] [1 2 3 5 8 26] [1 2 3 5 6 11 19] [1 2 3 5 7 8 11] [1 2 3 4 5 7 8 11] [1 2 3 4 5 7 8 15 39] [1 2 3 5 7 8 11 15] [1] [1 2 3 4 5 6 7 8 15 16] [1 2 3 4 5 6 7 8 15] [1 2 3 4 5 6 7] [1 2 3 4 5 6 8] [1 2 3 4 5 6 7 8 19] [1 2 3 5 7 11 19] [1 2 3 4 5 6 7 8 12 16 19] [1 2 3 4 5 6 7 8 15 19] [1 2 3 4 5 7 8 11 15] [1 2 3 5 6 7 11] [1 2 3 4 5 6 19] [1 2 3 5 8 11 15 19 32] [1 2 5 8 15] [1 2 3 5 6 7 8 15 39] [1 2 3 4 7] [1 2 5 6] [1 2 3 4 5 8 11] [1 2 3 4 5 11 13 19 32] [1 2 3 4 5 6 8 19] [1 2 3 4 5 19] [1 2 3 4 5 8 15 26] [1 2 3 5 6 8 15] [1 2 3 4 5 6 7 8 11 19] [1 2 3 4 5 7 8 11 13 15 19 32 35] [1 5] [1 2 5 6 7 8] [1 2 3 5 7 8 11 15 19 32] [1 2 32] [1 2 15] [1 2 3 4 5 8 19] [1 2 3 4 5 6 7 8 11] [1 4 36] [] [] [] [] [] [] [] [] [] [] [] [] [] [] [] [] [] [] [] [] [] [] [] [] [] [] [] [] [] [] [] [] []
13 [6 7 26 40] [1 2 3 4 5 8 11 12 19 32] [1 2 3 4 5 8] [1 2 3 5 8] [1 2 3 4 5 8 12 16] [1 2 3 4 5 11] [1 2 3 4 5 11 19] [1 2 5 8 13 15 19] [1 2 5 8] [1 2 8] [1 2 3 4 5 8 19] [1 2 3 4 5 8 15] [1 2 3 4 5] [1 2 3 5 8 11 12 16 19] [1 2 3 5 19] [1 2 3 5 8 12] [1 2 3 4 5 11 19 32] [1 2 5] [1 2 3 5 8 12 19] [1 2 3 4 5 8 16] [1 2 3 5] [1 2 3 4 5 8 12 15] [1 2 3 5 8 11 13 19] [1 2 3 4 5 8 10 12] [1 2 3 5 8 15] [1 2 5 8 16] [1 2 3 4 5 8 12 16 19] [1 2 3 5 11] [1 2] [1 2 3 4 8] [1 2 3 4 5 8 13] [1 2 3 8] [1 2 3 4 5 8 12] [1 2 3 4 5 8 12 19] [1 2 3] [1 2 3 5 8 15 39] [1 2 3 4] [1 2 3 4 5 8 11] [1 2 3 4 5 8 11 12 16] [1 2 3 5 8 12 16] [1 2 3 5 8 16] [1 2 3 5 8 11 19] [1 2 3 4 5 8 11 15 19] [1 2 3 5 8 11 12] [1 2 3 4 5 8 11 12] [1 2 3 4 5 8 10 15 39] [1 2 3 5 8 11 15] [1 2 3 4 5 8 13 16] [1] [1 2 3 5 8 11] [1 2 3 5 8 10] [1 2 3 4 5 8 12 15 16 19] [1 2 3 4 5 8 10 16] [1 2 3 4 5 8 10] [1 2 3 4 5 8 13 15 19] [1 2 3 4 5 8 11 15] [1 2 3 5 8 11 15 19 32] [1 2 5 8 15] [1 2 3 5 8 12 15] [1 2 3 4 5 8 15 16] [1 2 3 4 5 11 13 19 32] [1 2 3 4 5 19] [1 2 3 5 8 13 15] [1 2 3 4 5 8 11 12 19] [1 2 3 4 5 8 11 13 15 19 32 35] [1 5] [1 2 3 4 5 8 12 15 16] [1 2 5 8 13] [1 2 32] [1 2 3 4 5 8 10 15] [1 2 15] [1 4 36] [] [] [] [] [] [] [] [] [] [] [] [] [] [] [] [] [] [] [] [] [] [] [] [] [] [] [] [] [] [] [] [] [] [] [] [] [] [] [] [] [] [] [] [] [] [] [] [] [] [] [] [] [] [] [] [] [] [] []
14 [29] [1 2 3 5 7] [1 2 3 4 5 7 8 12] [1 2 3 4 5 11] [1 2 3 5 6] [1 2 3 4 5 8] [1 2 3 4 5 11 19] [1 2 5 6 7 8 15 19] [1 2 5 7] [1 2 8] [1 2 3 5 6 8] [1 2 3 4 5 7 19] [1 2 3 4 5 7 8 15] [1 2 3 4 5] [1 2 3 5 6 7 8] [1 2 3 4 5 7 8] [1 2 3 5 7 8 11 16 19] [1 2 3 4 5 6 7 8] [1 2 3 5 19] [1 2 3 4 5 8 15] [1 2 3 5 7 8] [1 2 3 4 5 11 19 32] [1 2 5] [1 2 3 5 7 8 19] [1 2 3 5] [1 2 3 4 5 7] [1 2 3 5 8] [1 2 3 5 6 7] [1 2 3 5 7 8 11 13 19] [1 2 3 5 7 8 15] [1 2 3 5 8 15] [1 2 5 7 8] [1 2 3 4 5 6 7 8 16] [1 2 3 4 5 8 26] [1 2 3 4 5 6] [1 2 3 5 11] [1 2] [1 2 3 4 8] [1 2 3 5 6 8 26] [1 2 3 8] [1 2 3 4 5 7 8 12 16 19] [1 2 3 4 5 7 8 19] [1 2 3 5 6 7 8 15] [1 2 5 6 7] [1 2 3] [1 2 3 4 5 7 8 12 16] [1 2 3 4 5 6 8 15] [1 2 3 5 7 8 15 39] [1 2 3 5 7 8 26] [1 2 3 4] [1 2 3 4 5 7 11] [1 2 3 4 5 7 8 11 12] [1 2 3 5 6 7 11 19] [1 2 3 4 5 6 7 8 11 15 19] [1 2 3 4 5 6 7 8 11 12] [1 2 3 4 5 7 8 26] [1 2 3 4 5 8 11 15 19] [1 2 5 8] [1 2 3 5 8 26] [1 2 3 5 6 11 19] [1 2 3 5 7 8 11] [1 2 3 4 5 7 8 11] [1 2 3 4 5 7 8 15 39] [1 2 3 5 7 8 11 15] [1] [1 2 3 4 5 6 7 8 15 16] [1 2 3 4 5 6 7 8 15] [1 2 3 4 5 6 7] [1 2 3 4 5 6 8] [1 2 3 4 5 6 7 8 19] [1 2 3 5 7 11 19] [1 2 3 4 5 6 7 8 12 16 19] [1 2 3 4 5 6 7 8 15 19] [1 2 3 4 5 7 8 11 15] [1 2 3 5 6 7 11] [1 2 3 4 5 6 19] [1 2 3 5 8 11 15 19 32] [1 2 5 8 15] [1 2 3 5 6 7 8 15 39] [1 2 3 4 7] [1 2 5 6] [1 2 3 4 5 8 11] [1 2 3 4 5 11 13 19 32] [1 2 3 4 5 6 8 19] [1 2 3 4 5 19] [1 2 3 4 5 8 15 26] [1 2 3 5 6 8 15] [1 2 3 4 5 6 7 8 11 19] [1 2 3 4 5 7 8 11 13 15 19 32 35] [1 5] [1 2 5 6 7 8] [1 2 3 5 7 8 11 15 19 32] [1 2 32] [1 2 15] [1 2 3 4 5 8 19] [1 2 3 4 5 6 7 8 11] [1 4 36] [] [] [] [] [] [] [] [] [] [] [] [] [] [] [] [] [] [] [] [] [] [] [] [] [] [] [] [] [] [] [] [] [] []
15 [2 22 48] [1 3 5 7 8] [1 3 4 5 7 8 12] [1 3 4 5 6 7 11 13] [1 3 4 5 6 7 11 19] [1 3 4 5 7 8] [1 3 4 5 7 11 13 19 32] [1 3 5 6 7 8 13 15 19] [1 3 5 6 7] [1 3 5 8 19] [1 3 4 5 6 7 8 11] [1 3 4 5 7 11 19 32] [1 3 4 5 6 7 8 15] [1 3 4 5 6 7 11] [1 3 4 5 6 7] [1 3 4 5 6 8] [1 3 5 6 7 8 26] [1 3 4 5 6 7 8] [1 3 4 5 7 8 11 13 16 19 32] [1 3 4 5 7 8 11] [1 3 4 5 7 8 15] [1 3 4 5 6 8 26] [1 3 4 5 7 8 19] [1 3 4 5 6 7 11 13 19 32 35] [1 3 5 6] [1 3 4 5 6 7 8 11 19 32] [1 3 5 11] [1 3 4 5 6 7 8 10 26] [1 3 4 5 6 19] [1 3 5 7 8 11 19] [1 3 4 5 6 7 8 11 19] [1 3 4 5 7 8 10 19] [1 3 5 6 7 8] [1 3 4 5 6 8 19 26] [1 3 4 5 6] [1 3 4 5 6 7 8 11 15] [1 3 4 5 6 7 8 16] [1 3 4 5 6 7 8 11 19 26] [1 3 4 5 6 7 8 26 40] [1 3 4 5 7 11 13] [1 3 5] [1 3 4 5 6 7 8 26] [1 3 4 5 8] [1 3 4 5 6 7 8 13 19] [1 3 5 6 7 8 26 40] [1 3 4 5 8 19] [1 3 4 5 7 8 11 12 16 19] [1 3 4 5 6 7 19] [1 3 5 6 8] [1 3 4 5 7] [1 3 5 6 8 26] [1 3 4 5] [1 3 4 5 6 7 8 12 16] [1 3 4 5 7 8 15 39] [1 3 5 6 7 8 10 26 40] [1 3 4 5 7 11] [1 3 4 5 7 8 11 19] [1 3 4 5 7 11 13 19] [1 3 4 5 7 8 11 12 13] [1 3 5 7] [1 3 4 5 6 7 11 13 19 32] [1 3 4 5 6 7 8 11 13 15 19 32] [1 3 4 5 6 7 8 11 12 13] [1 3 4 5 7 8 26] [1 3 4 5 6 7 8 11 26] [1 3 4 5 7 8 11 13 15 19 32] [1 3 4 5 6 11 19] [1 3 5 6 8 11] [1 3 4 5 6 8 11 19 26 40] [1 3 5 6 7 11 13 19 32] [1 3 4 5 6 11] [1 3 4 5 7 8 11 13] [1 3 4 5 6 7 8 11 13 26] [1 3 4 5 6 7 8 10 15 26 39] [1 3 5 6 7 8 11 13 15 19] [1 3 4 5 6 7 8 12] [1 3 5 6 8 19 26] [1 3 4 5 7 11 19] [1 3 5 6 7 8 11 19] [1 32] [1 3 4 5 6 7 8 13] [1 3] [1] [1 3 5 6 7 8 11 13] [1 3 5 7 11 13] [1 3 4 5 6 7 8 15 16] [1 3 4 5 6 7 8 10] [1 3 4 5 6 7 8 19] [1 3 5 7 8 19] [1 3 4 5 6 7 8 19 26] [1 3 5 6 7 11] [1 3 4 5 7 19] [1 3 5 6 7 8 11 13 19 32] [1 3 4 5 6 7 8 12 16 19] [1 3 4 5 6 7 8 11 15 19] [1 3 4 5 6 7 8 11 13 15 19] [1 3 4 5 6 11 13] [1 3 4 5 6 7 8 11 13 15 26] [1 3 5 6 7 8 11 13 19] [1 3 4 5 11 13] [1 3 4 5 6 7 8 11 13 15 19 32 35] [1 3 5 6 7 8 15 19] [1 3 4 5 6 7 8 15 39] [1 3 5 7 8 11] [1 3 5 6 7 8 15] [1 3 5 7 11] [1 3 5 6 8 11 19] [1 3 4 5 6 8 11 13] [1 3 4 5 6 7 11 13 16 19 32 35] [1 3 4 5 11] [1 3 4 5 6 11 19 32] [1 3 5 6 19] [1 3 4 5 6 7 8 11 15 26 40] [1 3 8] [1 5] [1 5 19] [1 3 5 7 8 26] [1 3 4 5 6 7 8 13 15] [1 3 4 5 6 7 8 11 13 19 32] [1 3 5 6 7 8 13] [1 3 5 7 8 11 13 15 19 32 35] [1 3 4 5 19] [1 3 32] [1 3 4 5 6 7 8 10 15] [1 3 15] [1 3 5 6 7 8 11] [1 3 5 6 7 8 11 26] [1 3 4 5 7 8 11 15] [1 3 4 5 7 8 11 19 32] [1 3 4 5 6 7 8 11 13] [1 4 36]
16 [29] [1 2 3 4 5 7 8 12] [1 2 3 4 5 11] [1 2 3 4 5] [1 2 3 5 6] [1 2 3 4 5 8] [1 2 3 4 5 11 19] [1 2 5 6 7 8 15 19] [1 2 5 7] [1 2 8] [1 2 3 5 6 8] [1 2 3 4 5 7 19] [1 2 3 4 5 7 8 15] [1 2 3 5 6 7 8] [1 2 3 4 5 7 8] [1 2 3 5 7 8 11 16 19] [1 2 3 4 5 6 7 8] [1 2 3 5 19] [1 2 3 4 5 8 15] [1 2 3 5 7 8] [1 2 3 4 5 11 19 32] [1 2 5] [1 2 3 5 7 8 19] [1 2 3 5] [1 2 3 4 5 7] [1 2 3 5 8] [1 2 3 5 6 7] [1 2 3 5 7 8 11 13 19] [1 2 3 5 7 8 15] [1 2 3 5 8 15] [1 2 5 7 8] [1 2 3 4 5 6 7 8 16] [1 2 3 4 5 8 26] [1 2 3 4 5 6] [1 2 3 5 11] [1 2] [1 2 3 4 8] [1 2 3 5 6 8 26] [1 2 3 8] [1 2 3 4 5 7 8 12 16 19] [1 2 3 4 5 7 8 19] [1 2 3 5 6 7 8 15] [1 2 5 6 7] [1 2 3 5 7] [1 2 3] [1 2 3 4 5 7 8 12 16] [1 2 3 4 5 6 8 15] [1 2 3 5 7 8 15 39] [1 2 3 5 7 8 26] [1 2 3 4] [1 2 3 4 5 7 11] [1 2 3 4 5 7 8 11 12] [1 2 3 5 6 7 11 19] [1 2 3 4 5 6 7 8 11 15 19] [1 2 3 4 5 6 7 8 11 12] [1 2 3 4 5 7 8 26] [1 2 3 4 5 8 11 15 19] [1 2 5 8] [1 2 3 5 8 26] [1 2 3 5 6 11 19] [1 2 3 5 7 8 11] [1 2 3 4 5 7 8 11] [1 2 3 4 5 7 8 15 39] [1 2 3 5 7 8 11 15] [1] [1 2 3 4 5 6 7 8 15 16] [1 2 3 4 5 6 7 8 15] [1 2 3 4 5 6 7] [1 2 3 4 5 6 8] [1 2 3 4 5 6 7 8 19] [1 2 3 5 7 11 19] [1 2 3 4 5 6 7 8 12 16 19] [1 2 3 4 5 6 7 8 15 19] [1 2 3 4 5 7 8 11 15] [1 2 3 5 6 7 11] [1 2 3 4 5 6 19] [1 2 3 5 8 11 15 19 32] [1 2 5 8 15] [1 2 3 5 6 7 8 15 39] [1 2 3 4 7] [1 2 5 6] [1 2 3 4 5 8 11] [1 2 3 4 5 11 13 19 32] [1 2 3 4 5 6 8 19] [1 2 3 4 5 19] [1 2 3 4 5 8 15 26] [1 2 3 5 6 8 15] [1 2 3 4 5 6 7 8 11 19] [1 2 3 4 5 7 8 11 13 15 19 32 35] [1 5] [1 2 5 6 7 8] [1 2 3 5 7 8 11 15 19 32] [1 2 32] [1 2 15] [1 2 3 4 5 8 19] [1 2 3 4 5 6 7 8 11] [1 4 36] [] [] [] [] [] [] [] [] [] [] [] [] [] [] [] [] [] [] [] [] [] [] [] [] [] [] [] [] [] [] [] [] [] []
17 [] [1 2 3 4 5] [1 2 3 5 6] [1 2 3 5] [1 2 3 4 5 8] [1 2 3 4 5 11 19] [1 2 5 6 7 8 15 19] [1 2 5 7] [1 2 8] [1 2 3 5 6 8] [1 2 3 4 5 7 19] [1 2 3 4 5 7 8 15] [1 2 3 5 6 7 8] [1 2 3 4 5 7 8] [1 2 3 5 7 8 11 16 19] [1 2 3 4 5 6 7 8] [1 2 3 5 19] [1 2 3 4 5 8 15] [1 2 3 5 7 8] [1 2 3 4 5 11 19 32] [1 2 5] [1 2 3 5 7 8 19] [1 2 3 4 5 7] [1 2 3 5 8] [1 2 3 5 6 7] [1 2 3 5 7 8 11 13 19] [1 2 3 5 7 8 15] [1 2 3 5 8 15] [1 2 5 7 8] [1 2 3 4 5 6 7 8 16] [1 2 3 4 5 8 26] [1 2 3 4 5 6] [1 2 3 5 11] [1 2] [1 2 3 4 8] [1 2 3 5 6 8 26] [1 2 3 8] [1 2 3 4 5 7 8 12 16 19] [1 2 3 4 5 7 8 19] [1 2 3 5 6 7 8 15] [1 2 5 6 7] [1 2 3 5 7] [1 2 3] [1 2 3 4 5 7 8 12 16] [1 2 3 4 5 6 8 15] [1 2 3 5 7 8 15 39] [1 2 3 5 7 8 26] [1 2 3 4] [1 2 3 4 5 7 11] [1 2 3 4 5 7 8 11 12] [1 2 3 5 6 7 11 19] [1 2 3 4 5 6 7 8 11 15 19] [1 2 3 4 5 6 7 8 11 12] [1 2 3 4 5 7 8 26] [1 2 3 4 5 8 11 15 19] [1 2 5 8] [1 2 3 5 8 26] [1 2 3 5 6 11 19] [1 2 3 5 7 8 11] [1 2 3 4 5 7 8 11] [1 2 3 4 5 7 8 15 39] [1 2 3 5 7 8 11 15] [1 2 3 4 5 7 8 12] [1] [1 2 3 4 5 6 7 8 15 16] [1 2 3 4 5 6 7 8 15] [1 2 3 4 5 6 7] [1 2 3 4 5 6 8] [1 2 3 4 5 6 7 8 19] [1 2 3 5 7 11 19] [1 2 3 4 5 6 7 8 12 16 19] [1 2 3 4 5 6 7 8 15 19] [1 2 3 4 5 7 8 11 15] [1 2 3 5 6 7 11] [1 2 3 4 5 6 19] [1 2 3 5 8 11 15 19 32] [1 2 5 8 15] [1 2 3 5 6 7 8 15 39] [1 2 3 4 7] [1 2 5 6] [1 2 3 4 5 8 11] [1 2 3 4 5 11 13 19 32] [1 2 3 4 5 6 8 19] [1 2 3 4 5 19] [1 2 3 4 5 8 15 26] [1 2 3 5 6 8 15] [1 2 3 4 5 6 7 8 11 19] [1 2 3 4 5 7 8 11 13 15 19 32 35] [1 5] [1 2 5 6 7 8] [1 2 3 5 7 8 11 15 19 32] [1 2 32] [1 2 15] [1 2 3 4 5 8 19] [1 2 3 4 5 6 7 8 11] [1 4 36] [] [] [] [] [] [] [] [] [] [] [] [] [] [] [] [] [] [] [] [] [] [] [] [] [] [] [] [] [] [] [] [] [] [] []
18 [] [1 2 3 5] [1 2 3 5 6] [1 2 3 4 5 11 19] [1 2 3 4 5 8] [1 2 5 6 7 8 15 19] [1 2 5 7] [1 2 8] [1 2 3 5 6 8] [1 2 3 4 5 7 19] [1 2 3 4 5 7 8 15] [1 2 3 4 5] [1 2 3 5 6 7 8] [1 2 3 4 5 7 8] [1 2 3 5 7 8 11 16 19] [1 2 3 4 5 6 7 8] [1 2 3 5 19] [1 2 3 4 5 8 15] [1 2 3 5 7 8] [1 2 3 4 5 11 19 32] [1 2 5] [1 2 3 5 7 8 19] [1 2 3 4 5 7] [1 2 3 5 8] [1 2 3 5 6 7] [1 2 3 5 7 8 11 13 19] [1 2 3 5 7 8 15] [1 2 3 5 8 15] [1 2 5 7 8] [1 2 3 4 5 6 7 8 16] [1 2 3 4 5 8 26] [1 2 3 4 5 6] [1 2 3 5 11] [1 2] [1 2 3 4 8] [1 2 3 5 6 8 26] [1 2 3 8] [1 2 3 4 5 7 8 12 16 19] [1 2 3 4 5 7 8 19] [1 2 3 5 6 7 8 15] [1 2 5 6 7] [1 2 3 5 7] [1 2 3] [1 2 3 4 5 7 8 12 16] [1 2 3 4 5 6 8 15] [1 2 3 5 7 8 15 39] [1 2 3 5 7 8 26] [1 2 3 4] [1 2 3 4 5 7 11] [1 2 3 4 5 7 8 11 12] [1 2 3 5 6 7 11 19] [1 2 3 4 5 6 7 8 11 15 19] [1 2 3 4 5 6 7 8 11 12] [1 2 3 4 5 7 8 26] [1 2 3 4 5 8 11 15 19] [1 2 5 8] [1 2 3 5 8 26] [1 2 3 5 6 11 19] [1 2 3 5 7 8 11] [1 2 3 4 5 7 8 11] [1 2 3 4 5 7 8 15 39] [1 2 3 5 7 8 11 15] [1 2 3 4 5 7 8 12] [1] [1 2 3 4 5 6 7 8 15 16] [1 2 3 4 5 6 7 8 15] [1 2 3 4 5 6 7] [1 2 3 4 5 6 8] [1 2 3 4 5 6 7 8 19] [1 2 3 5 7 11 19] [1 2 3 4 5 6 7 8 12 16 19] [1 2 3 4 5 6 7 8 15 19] [1 2 3 4 5 7 8 11 15] [1 2 3 5 6 7 11] [1 2 3 4 5 6 19] [1 2 3 5 8 11 15 19 32] [1 2 5 8 15] [1 2 3 5 6 7 8 15 39] [1 2 3 4 7] [1 2 5 6] [1 2 3 4 5 8 11] [1 2 3 4 5 11 13 19 32] [1 2 3 4 5 6 8 19] [1 2 3 4 5 19] [1 2 3 4 5 8 15 26] [1 2 3 5 6 8 15] [1 2 3 4 5 6 7 8 11 19] [1 2 3 4 5 7 8 11 13 15 19 32 35] [1 5] [1 2 5 6 7 8] [1 2 3 5 7 8 11 15 19 32] [1 2 32] [1 2 15] [1 2 3 4 5 8 19] [1 2 3 4 5 6 7 8 11] [1 4 36] [] [] [] [] [] [] [] [] [] [] [] [] [] [] [] [] [] [] [] [] [] [] [] [] [] [] [] [] [] [] [] [] [] [] []
19 [20] [1 2 3 4 5 11 19] [1 2 3 4 5 8] [1 2 5 6 7 8 15 19] [1 2 3 5 6] [1 2 5 7] [1 2 8] [1 2 3 5 6 8] [1 2 3 4 5 7 19] [1 2 3 4 5 7 8 15] [1 2 3 4 5] [1 2 3 5 6 7 8] [1 2 3 4 5 7 8] [1 2 3 5 7 8 11 16 19] [1 2 3 4 5 6 7 8] [1 2 3 5 19] [1 2 3 4 5 8 15] [1 2 3 5 7 8] [1 2 3 4 5 11 19 32] [1 2 5] [1 2 3 5 7 8 19] [1 2 3 5] [1 2 3 4 5 7] [1 2 3 5 8] [1 2 3 5 6 7] [1 2 3 5 7 8 11 13 19] [1 2 3 5 7 8 15] [1 2 3 5 8 15] [1 2 5 7 8] [1 2 3 4 5 6 7 8 16] [1 2 3 4 5 8 26] [1 2 3 4 5 6] [1 2 3 5 11] [1 2] [1 2 3 4 8] [1 2 3 5 6 8 26] [1 2 3 8] [1 2 3 4 5 7 8 12 16 19] [1 2 3 4 5 7 8 19] [1 2 3 5 6 7 8 15] [1 2 5 6 7] [1 2 3 5 7] [1 2 3] [1 2 3 4 5 7 8 12 16] [1 2 3 4 5 6 8 15] [1 2 3 5 7 8 15 39] [1 2 3 5 7 8 26] [1 2 3 4] [1 2 3 4 5 7 11] [1 2 3 4 5 7 8 11 12] [1 2 3 5 6 7 11 19] [1 2 3 4 5 6 7 8 11 15 19] [1 2 3 4 5 6 7 8 11 12] [1 2 3 4 5 7 8 26] [1 2 3 4 5 8 11 15 19] [1 2 5 8] [1 2 3 5 8 26] [1 2 3 5 6 11 19] [1 2 3 5 7 8 11] [1 2 3 4 5 7 8 11] [1 2 3 4 5 7 8 15 39] [1 2 3 5 7 8 11 15] [1 2 3 4 5 7 8 12] [1] [1 2 3 4 5 6 7 8 15 16] [1 2 3 4 5 6 7 8 15] [1 2 3 4 5 6 7] [1 2 3 4 5 6 8] [1 2 3 4 5 6 7 8 19] [1 2 3 5 7 11 19] [1 2 3 4 5 6 7 8 12 16 19] [1 2 3 4 5 6 7 8 15 19] [1 2 3 4 5 7 8 11 15] [1 2 3 5 6 7 11] [1 2 3 4 5 6 19] [1 2 3 5 8 11 15 19 32] [1 2 5 8 15] [1 2 3 5 6 7 8 15 39] [1 2 3 4 7] [1 2 5 6] [1 2 3 4 5 8 11] [1 2 3 4 5 11 13 19 32] [1 2 3 4 5 6 8 19] [1 2 3 4 5 19] [1 2 3 4 5 8 15 26] [1 2 3 5 6 8 15] [1 2 3 4 5 6 7 8 11 19] [1 2 3 4 5 7 8 11 13 15 19 32 35] [1 5] [1 2 5 6 7 8] [1 2 3 5 7 8 11 15 19 32] [1 2 32] [1 2 15] [1 2 3 4 5 8 19] [1 2 3 4 5 6 7 8 11] [1 4 36] [] [] [] [] [] [] [] [] [] [] [] [] [] [] [] [] [] [] [] [] [] [] [] [] [] [] [] [] [] [] [] [] [] [] []
20 [28 31 33 48] [1 2 3 4 5 8] [1 2 3 4 5] [1 2 3 4 5 11 19] [1 2 5 6 7 8 15 19] [1 2 3 5 6] [1 2 5 7] [1 2 8] [1 2 3 5 6 8] [1 2 3 4 5 7 19] [1 2 3 4 5 7 8 15] [1 2 3 5 6 7 8] [1 2 3 4 5 7 8] [1 2 3 5 7 8 11 16 19] [1 2 3 4 5 6 7 8] [1 2 3 5 19] [1 2 3 4 5 8 15] [1 2 3 5 7 8] [1 2 3 4 5 11 19 32] [1 2 5] [1 2 3 5 7 8 19] [1 2 3 5] [1 2 3 4 5 7] [1 2 3 5 8] [1 2 3 5 6 7] [1 2 3 5 7 8 11 13 19] [1 2 3 5 7 8 15] [1 2 3 5 8 15] [1 2 5 7 8] [1 2 3 4 5 6 7 8 16] [1 2 3 4 5 8 26] [1 2 3 4 5 6] [1 2 3 5 11] [1 2] [1 2 3 4 8] [1 2 3 5 6 8 26] [1 2 3 8] [1 2 3 4 5 7 8 12 16 19] [1 2 3 4 5 7 8 19] [1 2 3 5 6 7 8 15] [1 2 5 6 7] [1 2 3 5 7] [1 2 3] [1 2 3 4 5 7 8 12 16] [1 2 3 4 5 6 8 15] [1 2 3 5 7 8 15 39] [1 2 3 5 7 8 26] [1 2 3 4] [1 2 3 4 5 7 11] [1 2 3 4 5 7 8 11 12] [1 2 3 5 6 7 11 19] [1 2 3 4 5 6 7 8 11 15 19] [1 2 3 4 5 6 7 8 11 12] [1 2 3 4 5 7 8 26] [1 2 3 4 5 8 11 15 19] [1 2 5 8] [1 2 3 5 8 26] [1 2 3 5 6 11 19] [1 2 3 5 7 8 11] [1 2 3 4 5 7 8 11] [1 2 3 4 5 7 8 15 39] [1 2 3 5 7 8 11 15] [1 2 3 4 5 7 8 12] [1] [1 2 3 4 5 6 7 8 15 16] [1 2 3 4 5 6 7 8 15] [1 2 3 4 5 6 7] [1 2 3 4 5 6 8] [1 2 3 4 5 6 7 8 19] [1 2 3 5 7 11 19] [1 2 3 4 5 6 7 8 12 16 19] [1 2 3 4 5 6 7 8 15 19] [1 2 3 4 5 7 8 11 15] [1 2 3 5 6 7 11] [1 2 3 4 5 6 19] [1 2 3 5 8 11 15 19 32] [1 2 5 8 15] [1 2 3 5 6 7 8 15 39] [1 2 3 4 7] [1 2 5 6] [1 2 3 4 5 8 11] [1 2 3 4 5 11 13 19 32] [1 2 3 4 5 6 8 19] [1 2 3 4 5 19] [1 2 3 4 5 8 15 26] [1 2 3 5 6 8 15] [1 2 3 4 5 6 7 8 11 19] [1 2 3 4 5 7 8 11 13 15 19 32 35] [1 5] [1 2 5 6 7 8] [1 2 3 5 7 8 11 15 19 32] [1 2 32] [1 2 15] [1 2 3 4 5 8 19] [1 2 3 4 5 6 7 8 11] [1 4 36] [] [] [] [] [] [] [] [] [] [] [] [] [] [] [] [] [] [] [] [] [] [] [] [] [] [] [] [] [] [] [] [] [] [] []
21 [16 26 42] [1 2 3 4 5 11 19] [1 2 5 6 7 8 15 19] [1 2 3 4 7] [1 2 3 5 6] [1 2 5 7] [1 2 8] [1 2 3 5 6 8] [1 2 3 4 5 7 19] [1 2 3 4 5 7 8 15] [1 2 3 4 5] [1 2 3 4 5 8] [1 2 3 5 6 7 8] [1 2 3 4 5 7 8] [1 2 3 5 7 8 11 19] [1 2 3 4 5 6 7 8] [1 2 3 5 19] [1 2 3 4 5 8 15] [1 2 3 5 7 8] [1 2 3 4 5 11 19 32] [1 2 5] [1 2 3 5 7 8 19] [1 2 3 5] [1 2 3 4 5 7] [1 2 3 5 8] [1 2 3 5 6 7] [1 2 3 5 7 8 11 13 19] [1 2 3 5 7 8 15] [1 2 3 5 8 15] [1 2 5 7 8] [1 2 3 4 5 6 7 8 19] [1 2 3 4 5 8 40] [1 2 3 4 5 6] [1 2 3 5 11] [1 2] [1 2 3 4 8] [1 2 3 5 6 8 40] [1 2 3 8] [1 2 3 4 5 7 8 19] [1 2 3 5 6 7 8 15] [1 2 5 6 7] [1 2 3 5 7] [1 2 3] [1 2 3 4 5 7 8 12 19] [1 2 3 4 5 6 8 15] [1 2 3 5 7 8 15 39] [1 2 3 5 7 8 40] [1 2 3 4] [1 2 3 4 5 7 11] [1 2 3 4 5 7 8 11 12] [1 2 3 5 6 7 11 19] [1 2 3 4 5 6 7 8 11 15 19] [1 2 3 4 5 6 7 8 11 12] [1 2 3 4 5 7 8 40] [1 2 3 4 5 8 11 15 19] [1 2 5 8] [1 2 3 5 8 40] [1 2 3 5 6 11 19] [1 2 3 5 7 8 11] [1 2 3 4 5 7 8 11] [1 2 3 4 5 7 8 15 39] [1 2 3 5 7 8 11 15] [1 2 3 4 5 7 8 12] [1] [1 2 3 4 5 6 7 8 15 19] [1 2 3 4 5 6 7 8 15] [1 2 3 4 5 6 7] [1 2 3 4 5 6 8] [1 2 3 5 7 11 19] [1 2 3 4 5 7 8 11 15] [1 2 3 5 6 7 11] [1 2 3 4 5 6 19] [1 2 3 5 8 11 15 19 32] [1 2 5 8 15] [1 2 3 5 6 7 8 15 39] [1 2 5 6] [1 2 3 4 5 8 11] [1 2 3 4 5 11 13 19 32] [1 2 3 4 5 6 8 19] [1 2 3 4 5 19] [1 2 3 4 5 8 15 40] [1 2 3 5 6 8 15] [1 2 3 4 5 6 7 8 11 19] [1 2 3 4 5 7 8 11 13 15 19 32 35] [1 5] [1 2 5 6 7 8] [1 2 3 5 7 8 11 15 19 32] [1 2 32] [1 2 15] [1 2 3 4 5 8 19] [1 2 3 4 5 6 7 8 11] [1 4 36] [] [] [] [] [] [] [] [] [] [] [] [] [] [] [] [] [] [] [] [] [] [] [] [] [] [] [] [] [] [] [] [] [] [] [] [] [] [] []
22 [6 38 49] [1 2 3 4 7] [1 2 3 5 7] [1 2 5 7] [1 2 8] [1 2 3 5 7 8] [1 2 3 4 5 7 19] [1 2 3 4 5 7 8 15] [1 2 3 4 5] [1 2 3 4 5 8] [1 2 3 4 5 7 8] [1 2 3 5 7 8 11 16 19] [1 2 3 5 19] [1 2 3 4 5 8 15] [1 2 3 4 5 11 19 32] [1 2 5] [1 2 3 5 7 8 19] [1 2 3 5] [1 2 3 4 5 7] [1 2 3 5 8] [1 2 3 5 7 8 11 13 19] [1 2 3 5 7 8 15] [1 2 3 5 8 15] [1 2 5 7 8] [1 2 3 4 5 7 8 16] [1 2 3 4 5 8 26] [1 2 3 5 11] [1 2] [1 2 3 4 8] [1 2 3 5 7 8 26] [1 2 3 8] [1 2 3 4 5 7 8 12 16 19] [1 2 3 4 5 7 8 19] [1 2 3] [1 2 3 4 5 7 8 12 16] [1 2 3 5 7 8 15 39] [1 2 3 4] [1 2 3 4 5 7 11] [1 2 3 4 5 7 8 11 12] [1 2 3 5 7 11 19] [1 2 3 4 5 7 8 11 15 19] [1 2 3 4 5 7 8 26] [1 2 3 4 5 8 11 15 19] [1 2 5 8] [1 2 3 5 8 26] [1 2 3 5 7 8 11] [1 2 3 4 5 7 8 11] [1 2 3 4 5 7 8 15 39] [1 2 3 5 7 8 11 15] [1 2 3 4 5 7 8 12] [1] [1 2 3 4 5 7 8 15 16] [1 2 3 4 5 7 8 15 19] [1 2 3 4 5 7 8 11 15] [1 2 3 5 7 11] [1 2 3 5 8 11 15 19 32] [1 2 5 8 15] [1 2 3 4 5 8 11] [1 2 3 4 5 11 13 19 32] [1 2 3 4 5 11 19] [1 2 3 4 5 19] [1 2 3 4 5 8 15 26] [1 2 3 4 5 7 8 11 19] [1 2 3 4 5 7 8 11 13 15 19 32 35] [1 5] [1 2 3 5 7 8 11 15 19 32] [1 2 32] [1 2 15] [1 2 3 4 5 8 19] [1 4 36] [] [] [] [] [] [] [] [] [] [] [] [] [] [] [] [] [] [] [] [] [] [] [] [] [] [] [] [] [] [] [] [] [] [] [] [] [] [] [] [] [] [] [] [] [] [] [] [] [] [] [] [] [] [] [] [] [] [] [] [] []
23 [21] [1 2 5 7] [1 2 8] [1 2 3 5 6 8] [1 2 3 4 5 7 19] [1 2 3 4 5 7 8 15] [1 2 3 5 6] [1 2 3 4 5] [1 2 3 4 5 8] [1 2 3 5 6 7 8] [1 2 3 4 5 7 8] [1 2 3 5 7 8 11 16 19] [1 2 3 4 5 6 7 8] [1 2 3 5 19] [1 2 3 4 5 8 15] [1 2 3 5 7 8] [1 2 3 4 5 11 19 32] [1 2 5] [1 2 3 5 7 8 19] [1 2 3 5] [1 2 3 4 5 7] [1 2 3 5 8] [1 2 3 5 6 7] [1 2 3 5 7 8 11 13 19] [1 2 3 5 7 8 15] [1 2 3 5 8 15] [1 2 5 7 8] [1 2 3 4 5 6 7 8 16] [1 2 3 4 5 8 26] [1 2 3 4 5 6] [1 2 3 5 11] [1 2] [1 2 3 4 8] [1 2 3 5 6 8 26] [1 2 3 8] [1 2 3 4 5 7 8 12 16 19] [1 2 3 4 5 7 8 19] [1 2 3 5 6 7 8 15] [1 2 5 6 7] [1 2 3 5 7] [1 2 3] [1 2 3 4 5 7 8 12 16] [1 2 3 4 5 6 8 15] [1 2 3 5 7 8 15 39] [1 2 3 5 7 8 26] [1 2 3 4] [1 2 3 4 5 7 11] [1 2 3 4 5 7 8 11 12] [1 2 3 5 6 7 11 19] [1 2 3 4 5 6 7 8 11 15 19] [1 2 3 4 5 6 7 8 11 12] [1 2 3 4 5 7 8 26] [1 2 3 4 5 8 11 15 19] [1 2 5 8] [1 2 3 5 8 26] [1 2 3 5 6 11 19] [1 2 3 5 7 8 11] [1 2 3 4 5 7 8 11] [1 2 3 4 5 7 8 15 39] [1 2 3 5 7 8 11 15] [1 2 3 4 5 7 8 12] [1] [1 2 3 4 5 6 7 8 15 16] [1 2 3 4 5 6 7 8 15] [1 2 3 4 5 6 7] [1 2 3 4 5 6 8] [1 2 3 4 5 6 7 8 19] [1 2 3 5 7 11 19] [1 2 3 4 5 6 7 8 12 16 19] [1 2 3 4 5 6 7 8 15 19] [1 2 3 4 5 7 8 11 15] [1 2 3 5 6 7 11] [1 2 3 4 5 6 19] [1 2 3 5 8 11 15 19 32] [1 2 5 8 15] [1 2 3 5 6 7 8 15 39] [1 2 3 4 7] [1 2 5 6] [1 2 3 4 5 8 11] [1 2 3 4 5 11 13 19 32] [1 2 3 4 5 6 8 19] [1 2 3 4 5 11 19] [1 2 3 4 5 19] [1 2 3 4 5 8 15 26] [1 2 3 5 6 8 15] [1 2 3 4 5 6 7 8 11 19] [1 2 3 4 5 7 8 11 13 15 19 32 35] [1 5] [1 2 5 6 7 8] [1 2 3 5 7 8 11 15 19 32] [1 2 32] [1 2 15] [1 2 3 4 5 8 19] [1 2 3 4 5 6 7 8 11] [1 4 36] [] [] [] [] [] [] [] [] [] [] [] [] [] [] [] [] [] [] [] [] [] [] [] [] [] [] [] [] [] [] [] [] [] [] [] []
24 [10] [1 2 3 5 6 8] [1 2 3 4 5 7 19] [1 2 3 4 5 7 8 15] [1 2 3 5 6] [1 2 3 4 5] [1 2 3 4 5 8] [1 2 3 5 6 7 8] [1 2 3 4 5 7 8] [1 2 3 5 7 8 11 16 19] [1 2 3 4 5 6 7 8] [1 2 3 5 19] [1 2 3 4 5 8 15] [1 2 3 5 7 8] [1 2 3 4 5 11 19 32] [1 2 5] [1 2 3 5 7 8 19] [1 2 3 5] [1 2 3 4 5 7] [1 2 3 5 8] [1 2 3 5 6 7] [1 2 3 5 7 8 11 13 19] [1 2 3 5 7 8 15] [1 2 3 5 8 15] [1 2 5 7 8] [1 2 3 4 5 6 7 8 16] [1 2 3 4 5 8 26] [1 2 3 4 5 6] [1 2 3 5 11] [1 2] [1 2 3 4 8] [1 2 3 5 6 8 26] [1 2 3 8] [1 2 3 4 5 7 8 12 16 19] [1 2 3 4 5 7 8 19] [1 2 3 5 6 7 8 15] [1 2 5 6 7] [1 2 3 5 7] [1 2 3] [1 2 3 4 5 7 8 12 16] [1 2 3 4 5 6 8 15] [1 2 3 5 7 8 15 39] [1 2 3 5 7 8 26] [1 2 3 4] [1 2 3 4 5 7 11] [1 2 3 4 5 7 8 11 12] [1 2 3 5 6 7 11 19] [1 2 3 4 5 6 7 8 11 15 19] [1 2 3 4 5 6 7 8 11 12] [1 2 3 4 5 7 8 26] [1 2 3 4 5 8 11 15 19] [1 2 5 8] [1 2 3 5 8 26] [1 2 3 5 6 11 19] [1 2 3 5 7 8 11] [1 2 3 4 5 7 8 11] [1 2 3 4 5 7 8 15 39] [1 2 3 5 7 8 11 15] [1 2 3 4 5 7 8 12] [1] [1 2 3 4 5 6 7 8 15 16] [1 2 3 4 5 6 7 8 15] [1 2 3 4 5 6 7] [1 2 3 4 5 6 8] [1 2 3 4 5 6 7 8 19] [1 2 3 5 7 11 19] [1 2 3 4 5 6 7 8 12 16 19] [1 2 3 4 5 6 7 8 15 19] [1 2 3 4 5 7 8 11 15] [1 2 3 5 6 7 11] [1 2 3 4 5 6 19] [1 2 3 5 8 11 15 19 32] [1 2 5 8 15] [1 2 3 5 6 7 8 15 39] [1 2 3 4 7] [1 2 5 6] [1 2 3 4 5 8 11] [1 2 3 4 5 11 13 19 32] [1 2 3 4 5 6 8 19] [1 2 3 4 5 11 19] [1 2 3 4 5 19] [1 2 3 4 5 8 15 26] [1 2 8] [1 2 3 5 6 8 15] [1 2 3 4 5 6 7 8 11 19] [1 2 3 4 5 7 8 11 13 15 19 32 35] [1 5] [1 2 5 7] [1 2 5 6 7 8] [1 2 3 5 7 8 11 15 19 32] [1 2 32] [1 2 15] [1 2 3 4 5 8 19] [1 2 3 4 5 6 7 8 11] [1 4 36] [] [] [] [] [] [] [] [] [] [] [] [] [] [] [] [] [] [] [] [] [] [] [] [] [] [] [] [] [] [] [] [] [] [] [] []
25 [] [1 2 3 4 5 7 8 15] [1 2 3 5] [1 2 3 5 6] [1 2 3 4 5] [1 2 3 4 5 8] [1 2 3 5 6 7 8] [1 2 3 4 5 7 8] [1 2 3 5 7 8 11 16 19] [1 2 3 4 5 6 7 8] [1 2 3 5 19] [1 2 3 4 5 8 15] [1 2 3 5 7 8] [1 2 3 4 5 11 19 32] [1 2 5] [1 2 3 5 7 8 19] [1 2 3 4 5 7] [1 2 3 5 8] [1 2 3 5 6 7] [1 2 3 5 7 8 11 13 19] [1 2 3 5 7 8 15] [1 2 3 5 8 15] [1 2 5 7 8] [1 2 3 4 5 6 7 8 16] [1 2 3 4 5 8 26] [1 2 3 4 5 6] [1 2 3 5 11] [1 2] [1 2 3 4 8] [1 2 3 5 6 8 26] [1 2 3 8] [1 2 3 4 5 7 8 12 16 19] [1 2 3 4 5 7 8 19] [1 2 3 5 6 7 8 15] [1 2 5 6 7] [1 2 3 5 7] [1 2 3] [1 2 3 4 5 7 8 12 16] [1 2 3 4 5 6 8 15] [1 2 3 5 7 8 15 39] [1 2 3 5 7 8 26] [1 2 3 4] [1 2 3 4 5 7 11] [1 2 3 4 5 7 8 11 12] [1 2 3 5 6 7 11 19] [1 2 3 4 5 6 7 8 11 15 19] [1 2 3 4 5 6 7 8 11 12] [1 2 3 4 5 7 8 26] [1 2 3 4 5 8 11 15 19] [1 2 5 8] [1 2 3 5 8 26] [1 2 3 5 6 11 19] [1 2 3 5 7 8 11] [1 2 3 4 5 7 8 11] [1 2 3 4 5 7 8 15 39] [1 2 3 5 7 8 11 15] [1 2 3 4 5 7 8 12] [1] [1 2 3 4 5 6 7 8 15 16] [1 2 3 4 5 6 7 8 15] [1 2 3 4 5 6 7] [1 2 3 4 5 6 8] [1 2 3 4 5 6 7 8 19] [1 2 3 5 7 11 19] [1 2 3 4 5 6 7 8 12 16 19] [1 2 3 4 5 6 7 8 15 19] [1 2 3 4 5 7 8 11 15] [1 2 3 5 6 7 11] [1 2 3 5 6 8] [1 2 3 4 5 6 19] [1 2 3 5 8 11 15 19 32] [1 2 5 8 15] [1 2 3 5 6 7 8 15 39] [1 2 3 4 7] [1 2 3 4 5 7 19] [1 2 5 6] [1 2 3 4 5 8 11] [1 2 3 4 5 11 13 19 32] [1 2 3 4 5 6 8 19] [1 2 3 4 5 11 19] [1 2 3 4 5 19] [1 2 3 4 5 8 15 26] [1 2 8] [1 2 3 5 6 8 15] [1 2 3 4 5 6 7 8 11 19] [1 2 3 4 5 7 8 11 13 15 19 32 35] [1 5] [1 2 5 7] [1 2 5 6 7 8] [1 2 3 5 7 8 11 15 19 32] [1 2 32] [1 2 15] [1 2 3 4 5 8 19] [1 2 3 4 5 6 7 8 11] [1 4 36] [] [] [] [] [] [] [] [] [] [] [] [] [] [] [] [] [] [] [] [] [] [] [] [] [] [] [] [] [] [] [] [] [] [] [] []
26 [25] [1 2 3 5 6] [1 2 3 4 5] [1 2 3 4 5 8] [1 2 3 5 6 7 8] [1 2 3 4 5 7 8] [1 2 3 5 7 8 11 16 19] [1 2 3 4 5 6 7 8] [1 2 3 5 19] [1 2 3 4 5 8 15] [1 2 3 5 7 8] [1 2 3 4 5 11 19 32] [1 2 5] [1 2 3 5 7 8 19] [1 2 3 5] [1 2 3 4 5 7] [1 2 3 4 5 7 8 15] [1 2 3 5 8] [1 2 3 5 6 7] [1 2 3 5 7 8 11 13 19] [1 2 3 5 7 8 15] [1 2 3 5 8 15] [1 2 5 7 8] [1 2 3 4 5 6 7 8 16] [1 2 3 4 5 8 26] [1 2 3 4 5 6] [1 2 3 5 11] [1 2] [1 2 3 4 8] [1 2 3 5 6 8 26] [1 2 3 8] [1 2 3 4 5 7 8 12 16 19] [1 2 3 4 5 7 8 19] [1 2 3 5 6 7 8 15] [1 2 5 6 7] [1 2 3 5 7] [1 2 3] [1 2 3 4 5 7 8 12 16] [1 2 3 4 5 6 8 15] [1 2 3 5 7 8 15 39] [1 2 3 5 7 8 26] [1 2 3 4] [1 2 3 4 5 7 11] [1 2 3 4 5 7 8 11 12] [1 2 3 5 6 7 11 19] [1 2 3 4 5 6 7 8 11 15 19] [1 2 3 4 5 6 7 8 11 12] [1 2 3 4 5 7 8 26] [1 2 3 4 5 8 11 15 19] [1 2 5 8] [1 2 3 5 8 26] [1 2 3 5 6 11 19] [1 2 3 5 7 8 11] [1 2 3 4 5 7 8 11] [1 2 3 4 5 7 8 15 39] [1 2 3 5 7 8 11 15] [1 2 3 4 5 7 8 12] [1] [1 2 3 4 5 6 7 8 15 16] [1 2 3 4 5 6 7 8 15] [1 2 3 4 5 6 7] [1 2 3 4 5 6 8] [1 2 3 4 5 6 7 8 19] [1 2 3 5 7 11 19] [1 2 3 4 5 6 7 8 12 16 19] [1 2 3 4 5 6 7 8 15 19] [1 2 3 4 5 7 8 11 15] [1 2 3 5 6 7 11] [1 2 3 5 6 8] [1 2 3 4 5 6 19] [1 2 3 5 8 11 15 19 32] [1 2 5 8 15] [1 2 3 5 6 7 8 15 39] [1 2 3 4 7] [1 2 3 4 5 7 19] [1 2 5 6] [1 2 3 4 5 8 11] [1 2 3 4 5 11 13 19 32] [1 2 3 4 5 6 8 19] [1 2 3 4 5 11 19] [1 2 3 4 5 19] [1 2 3 4 5 8 15 26] [1 2 8] [1 2 3 5 6 8 15] [1 2 3 4 5 6 7 8 11 19] [1 2 3 4 5 7 8 11 13 15 19 32 35] [1 5] [1 2 5 7] [1 2 5 6 7 8] [1 2 3 5 7 8 11 15 19 32] [1 2 32] [1 2 15] [1 2 3 4 5 8 19] [1 2 3 4 5 6 7 8 11] [1 4 36] [] [] [] [] [] [] [] [] [] [] [] [] [] [] [] [] [] [] [] [] [] [] [] [] [] [] [] [] [] [] [] [] [] [] [] []
27 [9] [1 2 3 4 5 8] [1 2 3 5 6 7 8] [1 2 3 4 5 7 8] [1 2 3 5 7 8 11 16 19] [1 2 3 4 5 6 7 8] [1 2 3 5 19] [1 2 3 4 5 8 15] [1 2 3 5 7 8] [1 2 3 4 5 11 19 32] [1 2 5] [1 2 3 5 7 8 19] [1 2 3 5] [1 2 3 4 5 7] [1 2 3 4 5 7 8 15] [1 2 3 5 8] [1 2 3 5 6 7] [1 2 3 5 7 8 11 13 19] [1 2 3 5 7 8 15] [1 2 3 4 5] [1 2 3 5 8 15] [1 2 5 7 8] [1 2 3 4 5 6 7 8 16] [1 2 3 4 5 8 26] [1 2 3 4 5 6] [1 2 3 5 11] [1 2] [1 2 3 4 8] [1 2 3 5 6 8 26] [1 2 3 8] [1 2 3 4 5 7 8 12 16 19] [1 2 3 4 5 7 8 19] [1 2 3 5 6] [1 2 3 5 6 7 8 15] [1 2 5 6 7] [1 2 3 5 7] [1 2 3] [1 2 3 4 5 7 8 12 16] [1 2 3 4 5 6 8 15] [1 2 3 5 7 8 15 39] [1 2 3 5 7 8 26] [1 2 3 4] [1 2 3 4 5 7 11] [1 2 3 4 5 7 8 11 12] [1 2 3 5 6 7 11 19] [1 2 3 4 5 6 7 8 11 15 19] [1 2 3 4 5 6 7 8 11 12] [1 2 3 4 5 7 8 26] [1 2 3 4 5 8 11 15 19] [1 2 5 8] [1 2 3 5 8 26] [1 2 3 5 6 11 19] [1 2 3 5 7 8 11] [1 2 3 4 5 7 8 11] [1 2 3 4 5 7 8 15 39] [1 2 3 5 7 8 11 15] [1 2 3 4 5 7 8 12] [1] [1 2 3 4 5 6 7 8 15 16] [1 2 3 4 5 6 7 8 15] [1 2 3 4 5 6 7] [1 2 3 4 5 6 8] [1 2 3 4 5 6 7 8 19] [1 2 3 5 7 11 19] [1 2 3 4 5 6 7 8 12 16 19] [1 2 3 4 5 6 7 8 15 19] [1 2 3 4 5 7 8 11 15] [1 2 3 5 6 7 11] [1 2 3 5 6 8] [1 2 3 4 5 6 19] [1 2 3 5 8 11 15 19 32] [1 2 5 8 15] [1 2 3 5 6 7 8 15 39] [1 2 3 4 7] [1 2 3 4 5 7 19] [1 2 5 6] [1 2 3 4 5 8 11] [1 2 3 4 5 11 13 19 32] [1 2 3 4 5 6 8 19] [1 2 3 4 5 11 19] [1 2 3 4 5 19] [1 2 3 4 5 8 15 26] [1 2 8] [1 2 3 5 6 8 15] [1 2 3 4 5 6 7 8 11 19] [1 2 3 4 5 7 8 11 13 15 19 32 35] [1 5] [1 2 5 7] [1 2 5 6 7 8] [1 2 3 5 7 8 11 15 19 32] [1 2 32] [1 2 15] [1 2 3 4 5 8 19] [1 2 3 4 5 6 7 8 11] [1 4 36] [] [] [] [] [] [] [] [] [] [] [] [] [] [] [] [] [] [] [] [] [] [] [] [] [] [] [] [] [] [] [] [] [] [] [] []
28 [40 42] [1 2 3 4 5 7 8] [1 2 3 5 7 8 11 16 19] [1 2 3 4 5 6 7 8] [1 2 3 4 5 8] [1 2 3 5 19] [1 2 3 4 5 8 15] [1 2 3 5 7 8] [1 2 3 4 5 11 19 32] [1 2 5] [1 2 3 5 7 8 19] [1 2 3 5] [1 2 3 4 5 7] [1 2 3 4 5 7 8 15] [1 2 3 5 8] [1 2 3 5 6 7] [1 2 3 5 7 8 11 13 19] [1 2 3 5 7 8 15] [1 2 3 4 5] [1 2 3 5 8 15] [1 2 5 7 8] [1 2 3 4 5 6 7 8 16] [1 2 3 5 6 7 8] [1 2 3 4 5 8 26] [1 2 3 4 5 6] [1 2 3 5 11] [1 2] [1 2 3 4 8] [1 2 3 5 6 8 26] [1 2 3 8] [1 2 3 4 5 7 8 12 16 19] [1 2 3 4 5 7 8 19] [1 2 3 5 6] [1 2 3 5 6 7 8 15] [1 2 5 6 7] [1 2 3 5 7] [1 2 3] [1 2 3 4 5 7 8 12 16] [1 2 3 4 5 6 8 15] [1 2 3 5 7 8 15 39] [1 2 3 5 7 8 26] [1 2 3 4] [1 2 3 4 5 7 11] [1 2 3 4 5 7 8 11 12] [1 2 3 5 6 7 11 19] [1 2 3 4 5 6 7 8 11 15 19] [1 2 3 4 5 6 7 8 11 12] [1 2 3 4 5 7 8 26] [1 2 3 4 5 8 11 15 19] [1 2 5 8] [1 2 3 5 8 26] [1 2 3 5 6 11 19] [1 2 3 5 7 8 11] [1 2 3 4 5 7 8 11] [1 2 3 4 5 7 8 15 39] [1 2 3 5 7 8 11 15] [1 2 3 4 5 7 8 12] [1] [1 2 3 4 5 6 7 8 15 16] [1 2 3 4 5 6 7 8 15] [1 2 3 4 5 6 7] [1 2 3 4 5 6 8] [1 2 3 4 5 6 7 8 19] [1 2 3 5 7 11 19] [1 2 3 4 5 6 7 8 12 16 19] [1 2 3 4 5 6 7 8 15 19] [1 2 3 4 5 7 8 11 15] [1 2 3 5 6 7 11] [1 2 3 5 6 8] [1 2 3 4 5 6 19] [1 2 3 5 8 11 15 19 32] [1 2 5 8 15] [1 2 3 5 6 7 8 15 39] [1 2 3 4 7] [1 2 3 4 5 7 19] [1 2 5 6] [1 2 3 4 5 8 11] [1 2 3 4 5 11 13 19 32] [1 2 3 4 5 6 8 19] [1 2 3 4 5 11 19] [1 2 3 4 5 19] [1 2 3 4 5 8 15 26] [1 2 8] [1 2 3 5 6 8 15] [1 2 3 4 5 6 7 8 11 19] [1 2 3 4 5 7 8 11 13 15 19 32 35] [1 5] [1 2 5 7] [1 2 5 6 7 8] [1 2 3 5 7 8 11 15 19 32] [1 2 32] [1 2 15] [1 2 3 4 5 8 19] [1 2 3 4 5 6 7 8 11] [1 4 36] [] [] [] [] [] [] [] [] [] [] [] [] [] [] [] [] [] [] [] [] [] [] [] [] [] [] [] [] [] [] [] [] [] [] [] []
29 [6 24 26] [1 2 3 4 5 7 8] [1 2 3 4 5 8] [1 2 3 5 19] [1 2 3 4 5 8 15] [1 2 3 5 7 8] [1 2 3 4 5 11 19 32] [1 2 5] [1 2 3 5 7 8 19] [1 2 3 5] [1 2 3 4 5 7] [1 2 3 4 5 7 8 15] [1 2 3 5 8] [1 2 3 5 7] [1 2 3 5 7 8 11 13 19] [1 2 3 5 7 8 15] [1 2 3 4 5] [1 2 3 5 8 15] [1 2 5 7 8] [1 2 3 4 5 7 8 16] [1 2 3 4 5 8 40] [1 2 3 5 11] [1 2] [1 2 3 4 8] [1 2 3 5 7 8 40] [1 2 3 8] [1 2 3 4 5 7 8 12 16 19] [1 2 3 4 5 7 8 19] [1 2 5 7] [1 2 3] [1 2 3 4 5 7 8 12 16] [1 2 3 5 7 8 15 39] [1 2 3 4] [1 2 3 4 5 7 11] [1 2 3 4 5 7 8 11 12] [1 2 3 5 7 11 19] [1 2 3 4 5 7 8 11 15 19] [1 2 3 4 5 7 8 40] [1 2 3 4 5 8 11 15 19] [1 2 5 8] [1 2 3 5 8 40] [1 2 3 5 7 8 11] [1 2 3 4 5 7 8 11] [1 2 3 4 5 7 8 15 39] [1 2 3 5 7 8 11 15] [1 2 3 4 5 7 8 12] [1] [1 2 3 4 5 7 8 15 16] [1 2 3 4 5 7 8 15 19] [1 2 3 4 5 7 8 11 15] [1 2 3 5 7 11] [1 2 3 4 5 7 19] [1 2 3 5 8 11 15 19 32] [1 2 5 8 15] [1 2 3 4 7] [1 2 3 4 5 8 11] [1 2 3 4 5 11 13 19 32] [1 2 3 4 5 11 19] [1 2 3 4 5 19] [1 2 3 4 5 8 15 40] [1 2 8] [1 2 3 4 5 7 8 11 19] [1 2 3 4 5 7 8 11 13 15 19 32 35] [1 5] [1 2 3 5 7 8 11 15 19 32] [1 2 32] [1 2 15] [1 2 3 4 5 8 19] [1 4 36] [] [] [] [] [] [] [] [] [] [] [] [] [] [] [] [] [] [] [] [] [] [] [] [] [] [] [] [] [] [] [] [] [] [] [] [] [] [] [] [] [] [] [] [] [] [] [] [] [] [] [] [] [] [] [] [] [] [] [] [] [] []
30 [1 17] [2 3 4 5 7 19] [2 3 4 5 7 8 15] [2 3 4 5 6 7 8 19] [2 3 4 5 6 8] [2 3 4 5 7 8] [2 3 4 5 6 7 11 19 32] [2 3 5 6] [2 3 5] [2 3 4 5 6 7] [2 3 4 5 6 7 8 15] [2 3 4 5 6 7 8 10] [2 3 4 5 6 7 8] [2 3 4 5 6] [2 3 5 7 8] [2 3 4 5 7 8 11 13 19] [2 3 5 6 7 8] [2 3 4 5 6 8 15] [2 3 4 5 6 7 8 16] [2 3 4 5 6 7 8 26] [2 3 4 5 7 11] [2 3 4 5 8] [2 3 5 6 7 8 26] [2 3 4 5 7 8 12 16 19] [2 3 5 6 7] [2 3 4 5 7] [2 3 5 6 8] [2 3 4 5] [2 3 4 5 6 7 8 12 16] [2 3 4 5 7 8 15 39] [2 3 5 6 7 8 10 26] [2 3 4 5 6 7 11] [2 3 5 8] [2 3 4 5 7 8 11 12] [2 3 5 7] [2 3 4 5 6 7 11 19] [2 3 4 5 6 7 8 11 15 19] [2 3 4 5 6 7 8 11 12] [2 3 4 5 7 8 11 15 19] [2 3 4 5 6 8 26] [2 3 5 6 7 11 19] [2 3 4 5 7 8 11] [2 3 4 5 6 7 8 11] [2 3 4 5 6 7 8 15 39] [2 3 5 6 7 8 11 15] [2 3 4 5 6 7 8 12] [2 5] [2] [2 3] [2 3 5 6 7 8 11] [2 3 5 7 11] [2 3 4 5 6 7 8 15 16] [2 3 4 5 7 8 12] [2 3 5 6 7 8 11 19] [2 3 4 5 6 7 8 12 16 19] [2 3 4 5 6 7 8 15 19] [2 3 4 5 6 11] [2 3 4 5 6 7 8 11 15] [2 3 5 6 7 11] [2 3 4 5 11] [2 3 4 5 6 8 11 15 19 32] [2 3 5 6 8 15] [2 3 5 6 7 8 15] [2 3 4 5 6 8 11] [2 3 4 5 6 7 11 13 19 32] [2 3 4 5 7 11 19] [2 3 4 5 6 19] [2 3 4 5 6 7 8 15 26] [2 3 8] [2 3 4] [2 3 4 5 6 7 8 11 19] [2 3 4 5 7 8 11 13 15 19 32 35] [4 7] [4] [2 3 5 7 8 11 15 19 32] [2 32] [2 3 4 5 6 7 8 10 15] [2 3 15] [2 3 4 5 8 15] [2 3 4 5 7 8 19] [4 5 7 36] [] [] [] [] [] [] [] [] [] [] [] [] [] [] [] [] [] [] [] [] [] [] [] [] [] [] [] [] [] [] [] [] [] [] [] [] [] [] [] [] [] [] [] [] [] [] [] [] [] []
31 [] [1 2 3 5 6 7 8 19] [1 2 3 4 5 8] [1 2 3 5 7 8] [1 2 3 4 5 11 19 32] [1 2 5] [1 2 3 5 7 8 19] [1 2 3 4 5 7 8] [1 2 3 5] [1 2 3 4 5 7] [1 2 3 4 5 7 8 15] [1 2 3 5 8] [1 2 3 5 6 7] [1 2 3 5 7 8 11 13 19] [1 2 3 5 7 8 15] [1 2 3 4 5] [1 2 3 5 8 15] [1 2 5 7 8] [1 2 3 4 5 6 7 8 16] [1 2 3 5 6 7 8] [1 2 3 4 5 8 26] [1 2 3 4 5 6] [1 2 3 5 11] [1 2] [1 2 3 4 5 6 7 8] [1 2 3 4 8] [1 2 3 5 6 8 26] [1 2 3 8] [1 2 3 4 5 7 8 12 16 19] [1 2 3 4 5 7 8 19] [1 2 3 5 6] [1 2 3 5 6 7 8 15] [1 2 5 6 7] [1 2 3 5 7] [1 2 3] [1 2 3 4 5 7 8 12 16] [1 2 3 4 5 6 8 15] [1 2 3 5 7 8 15 39] [1 2 3 5 7 8 26] [1 2 3 4] [1 2 3 4 5 7 11] [1 2 3 4 5 7 8 11 12] [1 2 3 4 5 8 15] [1 2 3 5 6 7 11 19] [1 2 3 4 5 6 7 8 11 15 19] [1 2 3 4 5 6 7 8 11 12] [1 2 3 4 5 7 8 26] [1 2 3 4 5 8 11 15 19] [1 2 5 8] [1 2 3 5 8 26] [1 2 3 5 6 11 19] [1 2 3 5 7 8 11] [1 2 3 4 5 7 8 11] [1 2 3 4 5 7 8 15 39] [1 2 3 5 7 8 11 15] [1 2 3 4 5 7 8 12] [1] [1 2 3 4 5 6 7 8 15 16] [1 2 3 4 5 6 7 8 15] [1 2 3 4 5 6 7] [1 2 3 4 5 6 8] [1 2 3 4 5 6 7 8 19] [1 2 3 5 7 11 19] [1 2 3 4 5 6 7 8 12 16 19] [1 2 3 4 5 6 7 8 15 19] [1 2 3 4 5 7 8 11 15] [1 2 3 5 6 7 11] [1 2 3 5 6 8] [1 2 3 4 5 6 19] [1 2 3 5 8 11 15 19 32] [1 2 5 8 15] [1 2 3 5 6 7 8 15 39] [1 2 3 4 7] [1 2 3 4 5 7 19] [1 2 5 6] [1 2 3 4 5 8 11] [1 2 3 4 5 11 13 19 32] [1 2 3 4 5 6 8 19] [1 2 3 4 5 11 19] [1 2 3 4 5 19] [1 2 3 4 5 8 15 26] [1 2 8] [1 2 3 5 6 8 15] [1 2 3 4 5 6 7 8 11 19] [1 2 3 4 5 7 8 11 13 15 19 32 35] [1 5] [1 2 5 7] [1 2 5 6 7 8] [1 2 3 5 7 8 11 15 19 32] [1 2 32] [1 2 15] [1 2 3 4 5 8 19] [1 2 3 4 5 6 7 8 11] [1 4 36] [] [] [] [] [] [] [] [] [] [] [] [] [] [] [] [] [] [] [] [] [] [] [] [] [] [] [] [] [] [] [] [] [] [] [] [] []
32 [] [1 2 3 5 7 8] [1 2 3 4 5 11 19 32] [1 2 3 4 5 6 7] [1 2 5] [1 2 3 5 7 8 19] [1 2 3 4 5 7 8] [1 2 3 5] [1 2 3 4 5 7] [1 2 3 4 5 7 8 15] [1 2 3 5 8] [1 2 3 4 5 8] [1 2 3 5 6 7] [1 2 3 5 7 8 11 13 19] [1 2 3 5 7 8 15] [1 2 3 4 5] [1 2 3 5 8 15] [1 2 5 7 8] [1 2 3 4 5 6 7 8 16] [1 2 3 5 6 7 8] [1 2 3 4 5 8 26] [1 2 3 4 5 6] [1 2 3 5 11] [1 2] [1 2 3 4 5 6 7 8] [1 2 3 4 8] [1 2 3 5 6 8 26] [1 2 3 8] [1 2 3 4 5 7 8 12 16 19] [1 2 3 4 5 7 8 19] [1 2 3 5 6] [1 2 3 5 6 7 8 15] [1 2 5 6 7] [1 2 3 5 7] [1 2 3] [1 2 3 4 5 7 8 12 16] [1 2 3 4 5 6 8 15] [1 2 3 5 7 8 15 39] [1 2 3 5 7 8 26] [1 2 3 4] [1 2 3 4 5 7 11] [1 2 3 4 5 7 8 11 12] [1 2 3 4 5 8 15] [1 2 3 5 6 7 11 19] [1 2 3 4 5 6 7 8 11 15 19] [1 2 3 4 5 6 7 8 11 12] [1 2 3 4 5 7 8 26] [1 2 3 4 5 8 11 15 19] [1 2 5 8] [1 2 3 5 8 26] [1 2 3 5 6 11 19] [1 2 3 5 7 8 11] [1 2 3 4 5 7 8 11] [1 2 3 4 5 7 8 15 39] [1 2 3 5 7 8 11 15] [1 2 3 4 5 7 8 12] [1] [1 2 3 4 5 6 7 8 15 16] [1 2 3 4 5 6 7 8 15] [1 2 3 4 5 6 8] [1 2 3 4 5 6 7 8 19] [1 2 3 5 7 11 19] [1 2 3 4 5 6 7 8 12 16 19] [1 2 3 4 5 6 7 8 15 19] [1 2 3 4 5 7 8 11 15] [1 2 3 5 6 7 11] [1 2 3 5 6 8] [1 2 3 4 5 6 19] [1 2 3 5 8 11 15 19 32] [1 2 5 8 15] [1 2 3 5 6 7 8 15 39] [1 2 3 4 7] [1 2 3 4 5 7 19] [1 2 5 6] [1 2 3 4 5 8 11] [1 2 3 4 5 11 13 19 32] [1 2 3 4 5 6 8 19] [1 2 3 4 5 11 19] [1 2 3 4 5 19] [1 2 3 4 5 8 15 26] [1 2 8] [1 2 3 5 6 8 15] [1 2 3 4 5 6 7 8 11 19] [1 2 3 4 5 7 8 11 13 15 19 32 35] [1 5] [1 2 5 7] [1 2 5 6 7 8] [1 2 3 5 7 8 11 15 19 32] [1 2 32] [1 2 15] [1 2 3 4 5 8 19] [1 2 3 4 5 6 7 8 11] [1 4 36] [] [] [] [] [] [] [] [] [] [] [] [] [] [] [] [] [] [] [] [] [] [] [] [] [] [] [] [] [] [] [] [] [] [] [] [] [] []
33 [] [1 2 3 4 5 6 7] [1 2 5] [1 2 3 5 7 8 19] [1 2 3 4 5 7 8] [1 2 3 5] [1 2 3 4 5 7] [1 2 3 4 5 7 8 15] [1 2 3 5 8] [1 2 3 5 7 8] [1 2 3 4 5 8] [1 2 3 5 6 7] [1 2 3 5 7 8 11 13 19] [1 2 3 5 7 8 15] [1 2 3 4 5] [1 2 3 5 8 15] [1 2 5 7 8] [1 2 3 4 5 6 7 8 16] [1 2 3 5 6 7 8] [1 2 3 4 5 8 26] [1 2 3 4 5 6] [1 2 3 5 11] [1 2] [1 2 3 4 5 6 7 8] [1 2 3 4 8] [1 2 3 5 6 8 26] [1 2 3 8] [1 2 3 4 5 7 8 12 16 19] [1 2 3 4 5 7 8 19] [1 2 3 5 6] [1 2 3 5 6 7 8 15] [1 2 5 6 7] [1 2 3 5 7] [1 2 3] [1 2 3 4 5 7 8 12 16] [1 2 3 4 5 6 8 15] [1 2 3 5 7 8 15 39] [1 2 3 5 7 8 26] [1 2 3 4] [1 2 3 4 5 7 11] [1 2 3 4 5 7 8 11 12] [1 2 3 4 5 8 15] [1 2 3 5 6 7 11 19] [1 2 3 4 5 6 7 8 11 15 19] [1 2 3 4 5 6 7 8 11 12] [1 2 3 4 5 7 8 26] [1 2 3 4 5 8 11 15 19] [1 2 5 8] [1 2 3 5 8 26] [1 2 3 5 6 11 19] [1 2 3 5 7 8 11] [1 2 3 4 5 7 8 11] [1 2 3 4 5 7 8 15 39] [1 2 3 5 7 8 11 15] [1 2 3 4 5 7 8 12] [1] [1 2 3 4 5 6 7 8 15 16] [1 2 3 4 5 6 7 8 15] [1 2 3 4 5 6 8] [1 2 3 4 5 6 7 8 19] [1 2 3 5 7 11 19] [1 2 3 4 5 6 7 8 12 16 19] [1 2 3 4 5 6 7 8 15 19] [1 2 3 4 5 7 8 11 15] [1 2 3 5 6 7 11] [1 2 3 5 6 8] [1 2 3 4 5 6 19] [1 2 3 5 8 11 15 19 32] [1 2 5 8 15] [1 2 3 5 6 7 8 15 39] [1 2 3 4 7] [1 2 3 4 5 7 19] [1 2 5 6] [1 2 3 4 5 8 11] [1 2 3 4 5 11 13 19 32] [1 2 3 4 5 6 8 19] [1 2 3 4 5 11 19] [1 2 3 4 5 19] [1 2 3 4 5 8 15 26] [1 2 8] [1 2 3 5 6 8 15] [1 2 3 4 5 6 7 8 11 19] [1 2 3 4 5 7 8 11 13 15 19 32 35] [1 5] [1 2 5 7] [1 2 5 6 7 8] [1 2 3 5 7 8 11 15 19 32] [1 2 32] [1 2 15] [1 2 3 4 5 8 19] [1 2 3 4 5 6 7 8 11] [1 4 36] [] [] [] [] [] [] [] [] [] [] [] [] [] [] [] [] [] [] [] [] [] [] [] [] [] [] [] [] [] [] [] [] [] [] [] [] [] [] []
34 [] [1 2 3 5 7 8 19] [1 2 3 4 5 7 8] [1 2 3 5] [1 2 3 4 5 7] [1 2 3 4 5 7 8 15] [1 2 3 5 8] [1 2 3 5 7 8] [1 2 3 4 5 8] [1 2 3 5 6 7] [1 2 3 5 7 8 11 13 19] [1 2 3 5 7 8 15] [1 2 3 4 5] [1 2 3 5 8 15] [1 2 5 7 8] [1 2 3 4 5 6 7 8 16] [1 2 3 5 6 7 8] [1 2 3 4 5 8 26] [1 2 3 4 5 6] [1 2 3 5 11] [1 2] [1 2 3 4 5 6 7 8] [1 2 3 4 8] [1 2 3 5 6 8 26] [1 2 3 8] [1 2 3 4 5 7 8 12 16 19] [1 2 3 4 5 7 8 19] [1 2 3 5 6] [1 2 3 5 6 7 8 15] [1 2 5 6 7] [1 2 3 5 7] [1 2 3] [1 2 3 4 5 7 8 12 16] [1 2 3 4 5 6 8 15] [1 2 3 5 7 8 15 39] [1 2 3 5 7 8 26] [1 2 3 4] [1 2 3 4 5 7 11] [1 2 3 4 5 7 8 11 12] [1 2 3 4 5 8 15] [1 2 3 5 6 7 11 19] [1 2 3 4 5 6 7 8 11 15 19] [1 2 3 4 5 6 7 8 11 12] [1 2 3 4 5 7 8 26] [1 2 3 4 5 8 11 15 19] [1 2 5 8] [1 2 3 5 8 26] [1 2 3 5 6 11 19] [1 2 3 5 7 8 11] [1 2 3 4 5 7 8 11] [1 2 3 4 5 7 8 15 39] [1 2 3 5 7 8 11 15] [1 2 3 4 5 7 8 12] [1 2 5] [1] [1 2 3 4 5 6 7 8 15 16] [1 2 3 4 5 6 7 8 15] [1 2 3 4 5 6 7] [1 2 3 4 5 6 8] [1 2 3 4 5 6 7 8 19] [1 2 3 5 7 11 19] [1 2 3 4 5 6 7 8 12 16 19] [1 2 3 4 5 6 7 8 15 19] [1 2 3 4 5 7 8 11 15] [1 2 3 5 6 7 11] [1 2 3 5 6 8] [1 2 3 4 5 6 19] [1 2 3 5 8 11 15 19 32] [1 2 5 8 15] [1 2 3 5 6 7 8 15 39] [1 2 3 4 7] [1 2 3 4 5 7 19] [1 2 5 6] [1 2 3 4 5 8 11] [1 2 3 4 5 11 13 19 32] [1 2 3 4 5 6 8 19] [1 2 3 4 5 11 19] [1 2 3 4 5 19] [1 2 3 4 5 8 15 26] [1 2 8] [1 2 3 5 6 8 15] [1 2 3 4 5 6 7 8 11 19] [1 2 3 4 5 7 8 11 13 15 19 32 35] [1 5] [1 2 5 7] [1 2 5 6 7 8] [1 2 3 5 7 8 11 15 19 32] [1 2 32] [1 2 15] [1 2 3 4 5 8 19] [1 2 3 4 5 6 7 8 11] [1 4 36] [] [] [] [] [] [] [] [] [] [] [] [] [] [] [] [] [] [] [] [] [] [] [] [] [] [] [] [] [] [] [] [] [] [] [] [] [] [] []
35 [] [1 2 3 5] [1 2 3 4 5 6 7 8 12] [1 2 3 5 6 8] [1 2 3 4 5 7] [1 2 3 4 5 7 8 15] [1 2 3 5 8] [1 2 3 4 5 7 8] [1 2 3 5 7 8] [1 2 3 4 5 8] [1 2 3 5 6 7] [1 2 3 5 7 8 11 13 19] [1 2 3 5 7 8 15] [1 2 3 4 5] [1 2 3 5 8 15] [1 2 5 7 8] [1 2 3 4 5 6 7 8 16] [1 2 3 5 6 7 8] [1 2 3 4 5 8 26] [1 2 3 4 5 6] [1 2 3 5 11] [1 2] [1 2 3 4 5 6 7 8] [1 2 3 4 8] [1 2 3 5 6 8 26] [1 2 3 8] [1 2 3 4 5 7 8 12 16 19] [1 2 3 4 5 7 8 19] [1 2 3 5 6] [1 2 3 5 6 7 8 15] [1 2 5 6 7] [1 2 3 5 7] [1 2 3] [1 2 3 4 5 7 8 12 16] [1 2 3 4 5 6 8 15] [1 2 3 5 7 8 15 39] [1 2 3 5 7 8 26] [1 2 3 4] [1 2 3 4 5 7 11] [1 2 3 4 5 7 8 11 12] [1 2 3 4 5 8 15] [1 2 3 5 6 7 11 19] [1 2 3 4 5 6 7 8 11 15 19] [1 2 3 4 5 6 7 8 11 12] [1 2 3 4 5 7 8 26] [1 2 3 4 5 8 11 15 19] [1 2 5 8] [1 2 3 5 8 26] [1 2 3 5 6 11 19] [1 2 3 5 7 8 11] [1 2 3 4 5 7 8 11] [1 2 3 4 5 7 8 15 39] [1 2 3 5 7 8 11 15] [1 2 3 4 5 7 8 12] [1 2 5] [1] [1 2 3 4 5 6 7 8 15 16] [1 2 3 4 5 6 7 8 15] [1 2 3 4 5 6 7] [1 2 3 4 5 6 8] [1 2 3 4 5 6 7 8 19] [1 2 3 5 7 11 19] [1 2 3 4 5 6 7 8 12 16 19] [1 2 3 4 5 6 7 8 15 19] [1 2 3 4 5 7 8 11 15] [1 2 3 5 6 7 11] [1 2 3 4 5 6 19] [1 2 3 5 8 11 15 19 32] [1 2 5 8 15] [1 2 3 5 6 7 8 15 39] [1 2 3 4 7] [1 2 3 4 5 7 19] [1 2 5 6] [1 2 3 4 5 8 11] [1 2 3 4 5 11 13 19 32] [1 2 3 4 5 6 8 19] [1 2 3 4 5 11 19] [1 2 3 4 5 19] [1 2 3 4 5 8 15 26] [1 2 8] [1 2 3 5 6 8 15] [1 2 3 4 5 6 7 8 11 19] [1 2 3 4 5 7 8 11 13 15 19 32 35] [1 5] [1 2 5 7] [1 2 5 6 7 8] [1 2 3 5 7 8 11 15 19 32] [1 2 32] [1 2 15] [1 2 3 4 5 8 19] [1 2 3 4 5 6 7 8 11] [1 4 36] [] [] [] [] [] [] [] [] [] [] [] [] [] [] [] [] [] [] [] [] [] [] [] [] [] [] [] [] [] [] [] [] [] [] [] [] [] [] []
36 [] [1 2 3 5 6 8] [1 2 3 4 5 7] [1 2 3 4 5 7 8 15] [1 2 3 5 8] [1 2 3 4 5 7 8] [1 2 3 5] [1 2 3 5 7 8] [1 2 3 4 5 8] [1 2 3 5 6 7] [1 2 3 5 7 8 11 13 19] [1 2 3 5 7 8 15] [1 2 3 4 5] [1 2 3 5 8 15] [1 2 5 7 8] [1 2 3 4 5 6 7 8 16] [1 2 3 5 6 7 8] [1 2 3 4 5 8 26] [1 2 3 4 5 6] [1 2 3 5 11] [1 2] [1 2 3 4 5 6 7 8] [1 2 3 4 8] [1 2 3 5 6 8 26] [1 2 3 8] [1 2 3 4 5 7 8 12 16 19] [1 2 3 4 5 7 8 19] [1 2 3 5 6] [1 2 3 5 6 7 8 15] [1 2 5 6 7] [1 2 3 5 7] [1 2 3] [1 2 3 4 5 7 8 12 16] [1 2 3 4 5 6 8 15] [1 2 3 5 7 8 15 39] [1 2 3 5 7 8 26] [1 2 3 4] [1 2 3 4 5 7 11] [1 2 3 4 5 7 8 11 12] [1 2 3 4 5 8 15] [1 2 3 5 6 7 11 19] [1 2 3 4 5 6 7 8 11 15 19] [1 2 3 4 5 6 7 8 11 12] [1 2 3 4 5 7 8 26] [1 2 3 4 5 8 11 15 19] [1 2 5 8] [1 2 3 5 8 26] [1 2 3 5 6 11 19] [1 2 3 5 7 8 11] [1 2 3 4 5 7 8 11] [1 2 3 4 5 7 8 15 39] [1 2 3 5 7 8 11 15] [1 2 3 4 5 7 8 12] [1 2 5] [1] [1 2 3 4 5 6 7 8 15 16] [1 2 3 4 5 6 7 8 15] [1 2 3 4 5 6 7] [1 2 3 4 5 6 8] [1 2 3 4 5 6 7 8 19] [1 2 3 5 7 11 19] [1 2 3 4 5 6 7 8 12 16 19] [1 2 3 4 5 6 7 8 15 19] [1 2 3 4 5 7 8 11 15] [1 2 3 5 6 7 11] [1 2 3 4 5 6 19] [1 2 3 5 8 11 15 19 32] [1 2 5 8 15] [1 2 3 5 6 7 8 15 39] [1 2 3 4 7] [1 2 3 4 5 7 19] [1 2 5 6] [1 2 3 4 5 8 11] [1 2 3 4 5 11 13 19 32] [1 2 3 4 5 6 8 19] [1 2 3 4 5 11 19] [1 2 3 4 5 19] [1 2 3 4 5 8 15 26] [1 2 8] [1 2 3 5 6 8 15] [1 2 3 4 5 6 7 8 11 19] [1 2 3 4 5 7 8 11 13 15 19 32 35] [1 5] [1 2 5 7] [1 2 5 6 7 8] [1 2 3 5 7 8 11 15 19 32] [1 2 32] [1 2 15] [1 2 3 4 5 8 19] [1 2 3 4 5 6 7 8 11] [1 4 36] [] [] [] [] [] [] [] [] [] [] [] [] [] [] [] [] [] [] [] [] [] [] [] [] [] [] [] [] [] [] [] [] [] [] [] [] [] [] [] []
37 [] [1 2 3 4 5 7 8 15] [1 2 3 5 8] [1 2 3 4 5 7 8] [1 2 3 5] [1 2 3 5 7 8] [1 2 3 4 5 8] [1 2 3 5 6 7] [1 2 3 5 7 8 11 13 19] [1 2 3 5 7 8 15] [1 2 3 4 5] [1 2 3 5 8 15] [1 2 5 7 8] [1 2 3 4 5 6 7 8 16] [1 2 3 5 6 7 8] [1 2 3 4 5 8 26] [1 2 3 4 5 6] [1 2 3 5 11] [1 2] [1 2 3 4 5 6 7 8] [1 2 3 4 8] [1 2 3 5 6 8 26] [1 2 3 8] [1 2 3 4 5 7 8 12 16 19] [1 2 3 4 5 7 8 19] [1 2 3 5 6] [1 2 3 5 6 7 8 15] [1 2 5 6 7] [1 2 3 5 7] [1 2 3] [1 2 3 4 5 7 8 12 16] [1 2 3 4 5 6 8 15] [1 2 3 5 7 8 15 39] [1 2 3 5 7 8 26] [1 2 3 4] [1 2 3 4 5 7] [1 2 3 4 5 7 11] [1 2 3 4 5 7 8 11 12] [1 2 3 4 5 8 15] [1 2 3 5 6 7 11 19] [1 2 3 4 5 6 7 8 11 15 19] [1 2 3 4 5 6 7 8 11 12] [1 2 3 4 5 7 8 26] [1 2 3 4 5 8 11 15 19] [1 2 5 8] [1 2 3 5 8 26] [1 2 3 5 6 11 19] [1 2 3 5 7 8 11] [1 2 3 4 5 7 8 11] [1 2 3 4 5 7 8 15 39] [1 2 3 5 7 8 11 15] [1 2 3 4 5 7 8 12] [1 2 5] [1] [1 2 3 4 5 6 7 8 15 16] [1 2 3 4 5 6 7 8 15] [1 2 3 4 5 6 7] [1 2 3 4 5 6 8] [1 2 3 4 5 6 7 8 19] [1 2 3 5 7 11 19] [1 2 3 4 5 6 7 8 12 16 19] [1 2 3 4 5 6 7 8 15 19] [1 2 3 4 5 7 8 11 15] [1 2 3 5 6 7 11] [1 2 3 5 6 8] [1 2 3 4 5 6 19] [1 2 3 5 8 11 15 19 32] [1 2 5 8 15] [1 2 3 5 6 7 8 15 39] [1 2 3 4 7] [1 2 3 4 5 7 19] [1 2 5 6] [1 2 3 4 5 8 11] [1 2 3 4 5 11 13 19 32] [1 2 3 4 5 6 8 19] [1 2 3 4 5 11 19] [1 2 3 4 5 19] [1 2 3 4 5 8 15 26] [1 2 8] [1 2 3 5 6 8 15] [1 2 3 4 5 6 7 8 11 19] [1 2 3 4 5 7 8 11 13 15 19 32 35] [1 5] [1 2 5 7] [1 2 5 6 7 8] [1 2 3 5 7 8 11 15 19 32] [1 2 32] [1 2 15] [1 2 3 4 5 8 19] [1 2 3 4 5 6 7 8 11] [1 4 36] [] [] [] [] [] [] [] [] [] [] [] [] [] [] [] [] [] [] [] [] [] [] [] [] [] [] [] [] [] [] [] [] [] [] [] [] [] [] [] []
38 [] [1 2 3 4 5 7 8] [1 2 3 5] [1 2 3 5 7 8] [1 2 3 4 5 8] [1 2 3 5 6 7] [1 2 3 5 7 8 11 13 19] [1 2 3 5 7 8 15] [1 2 3 5 8] [1 2 3 4 5] [1 2 3 5 8 15] [1 2 5 7 8] [1 2 3 4 5 6 7 8 16] [1 2 3 5 6 7 8] [1 2 3 4 5 8 26] [1 2 3 4 5 6] [1 2 3 5 11] [1 2] [1 2 3 4 5 6 7 8] [1 2 3 4 8] [1 2 3 5 6 8 26] [1 2 3 8] [1 2 3 4 5 7 8 12 16 19] [1 2 3 4 5 7 8 19] [1 2 3 5 6] [1 2 3 4 5 7 8 15] [1 2 3 5 6 7 8 15] [1 2 5 6 7] [1 2 3 5 7] [1 2 3] [1 2 3 4 5 7 8 12 16] [1 2 3 4 5 6 8 15] [1 2 3 5 7 8 15 39] [1 2 3 5 7 8 26] [1 2 3 4] [1 2 3 4 5 7] [1 2 3 4 5 7 11] [1 2 3 4 5 7 8 11 12] [1 2 3 4 5 8 15] [1 2 3 5 6 7 11 19] [1 2 3 4 5 6 7 8 11 15 19] [1 2 3 4 5 6 7 8 11 12] [1 2 3 4 5 7 8 26] [1 2 3 4 5 8 11 15 19] [1 2 5 8] [1 2 3 5 8 26] [1 2 3 5 6 11 19] [1 2 3 5 7 8 11] [1 2 3 4 5 7 8 11] [1 2 3 4 5 7 8 15 39] [1 2 3 5 7 8 11 15] [1 2 3 4 5 7 8 12] [1 2 5] [1] [1 2 3 4 5 6 7 8 15 16] [1 2 3 4 5 6 7 8 15] [1 2 3 4 5 6 7] [1 2 3 4 5 6 8] [1 2 3 4 5 6 7 8 19] [1 2 3 5 7 11 19] [1 2 3 4 5 6 7 8 12 16 19] [1 2 3 4 5 6 7 8 15 19] [1 2 3 4 5 7 8 11 15] [1 2 3 5 6 7 11] [1 2 3 5 6 8] [1 2 3 4 5 6 19] [1 2 3 5 8 11 15 19 32] [1 2 5 8 15] [1 2 3 5 6 7 8 15 39] [1 2 3 4 7] [1 2 3 4 5 7 19] [1 2 5 6] [1 2 3 4 5 8 11] [1 2 3 4 5 11 13 19 32] [1 2 3 4 5 6 8 19] [1 2 3 4 5 11 19] [1 2 3 4 5 19] [1 2 3 4 5 8 15 26] [1 2 8] [1 2 3 5 6 8 15] [1 2 3 4 5 6 7 8 11 19] [1 2 3 4 5 7 8 11 13 15 19 32 35] [1 5] [1 2 5 7] [1 2 5 6 7 8] [1 2 3 5 7 8 11 15 19 32] [1 2 32] [1 2 15] [1 2 3 4 5 8 19] [1 2 3 4 5 6 7 8 11] [1 4 36] [] [] [] [] [] [] [] [] [] [] [] [] [] [] [] [] [] [] [] [] [] [] [] [] [] [] [] [] [] [] [] [] [] [] [] [] [] [] [] []
39 [] [1 2 3 5] [1 2 3 5 7 8] [1 2 3 4 5 8] [1 2 3 5 6 7] [1 2 3 5 7 8 11 13 19] [1 2 3 4 5 7 8] [1 2 3 5 7 8 15] [1 2 3 5 8] [1 2 3 4 5] [1 2 3 5 8 15] [1 2 5 7 8] [1 2 3 4 5 6 7 8 16] [1 2 3 5 6 7 8] [1 2 3 4 5 8 26] [1 2 3 4 5 6] [1 2 3 5 11] [1 2] [1 2 3 4 5 6 7 8] [1 2 3 4 8] [1 2 3 5 6 8 26] [1 2 3 8] [1 2 3 4 5 7 8 12 16 19] [1 2 3 4 5 7 8 19] [1 2 3 5 6] [1 2 3 4 5 7 8 15] [1 2 3 5 6 7 8 15] [1 2 5 6 7] [1 2 3 5 7] [1 2 3] [1 2 3 4 5 7 8 12 16] [1 2 3 4 5 6 8 15] [1 2 3 5 7 8 15 39] [1 2 3 5 7 8 26] [1 2 3 4] [1 2 3 4 5 7] [1 2 3 4 5 7 11] [1 2 3 4 5 7 8 11 12] [1 2 3 4 5 8 15] [1 2 3 5 6 7 11 19] [1 2 3 4 5 6 7 8 11 15 19] [1 2 3 4 5 6 7 8 11 12] [1 2 3 4 5 7 8 26] [1 2 3 4 5 8 11 15 19] [1 2 5 8] [1 2 3 5 8 26] [1 2 3 5 6 11 19] [1 2 3 5 7 8 11] [1 2 3 4 5 7 8 11] [1 2 3 4 5 7 8 15 39] [1 2 3 5 7 8 11 15] [1 2 3 4 5 7 8 12] [1 2 5] [1] [1 2 3 4 5 6 7 8 15 16] [1 2 3 4 5 6 7 8 15] [1 2 3 4 5 6 7] [1 2 3 4 5 6 8] [1 2 3 4 5 6 7 8 19] [1 2 3 5 7 11 19] [1 2 3 4 5 6 7 8 12 16 19] [1 2 3 4 5 6 7 8 15 19] [1 2 3 4 5 7 8 11 15] [1 2 3 5 6 7 11] [1 2 3 5 6 8] [1 2 3 4 5 6 19] [1 2 3 5 8 11 15 19 32] [1 2 5 8 15] [1 2 3 5 6 7 8 15 39] [1 2 3 4 7] [1 2 3 4 5 7 19] [1 2 5 6] [1 2 3 4 5 8 11] [1 2 3 4 5 11 13 19 32] [1 2 3 4 5 6 8 19] [1 2 3 4 5 11 19] [1 2 3 4 5 19] [1 2 3 4 5 8 15 26] [1 2 8] [1 2 3 5 6 8 15] [1 2 3 4 5 6 7 8 11 19] [1 2 3 4 5 7 8 11 13 15 19 32 35] [1 5] [1 2 5 7] [1 2 5 6 7 8] [1 2 3 5 7 8 11 15 19 32] [1 2 32] [1 2 15] [1 2 3 4 5 8 19] [1 2 3 4 5 6 7 8 11] [1 4 36] [] [] [] [] [] [] [] [] [] [] [] [] [] [] [] [] [] [] [] [] [] [] [] [] [] [] [] [] [] [] [] [] [] [] [] [] [] [] [] []
40 [] [1 2 3 5] [1 2 3 4 5 8] [1 2 3 5 6 7] [1 2 3 5 7 8 11 13 19] [1 2 3 4 5 7 8] [1 2 3 5 7 8] [1 2 3 5 7 8 15] [1 2 3 5 8] [1 2 3 4 5] [1 2 3 5 8 15] [1 2 5 7 8] [1 2 3 4 5 6 7 8 16] [1 2 3 5 6 7 8] [1 2 3 4 5 8 26] [1 2 3 4 5 6] [1 2 3 5 11] [1 2] [1 2 3 4 5 6 7 8] [1 2 3 4 8] [1 2 3 5 6 8 26] [1 2 3 8] [1 2 3 4 5 7 8 12 16 19] [1 2 3 4 5 7 8 19] [1 2 3 5 6] [1 2 3 4 5 7 8 15] [1 2 3 5 6 7 8 15] [1 2 5 6 7] [1 2 3 5 7] [1 2 3] [1 2 3 4 5 7 8 12 16] [1 2 3 4 5 6 8 15] [1 2 3 5 7 8 15 39] [1 2 3 5 7 8 26] [1 2 3 4] [1 2 3 4 5 7] [1 2 3 4 5 7 11] [1 2 3 4 5 7 8 11 12] [1 2 3 4 5 8 15] [1 2 3 5 6 7 11 19] [1 2 3 4 5 6 7 8 11 15 19] [1 2 3 4 5 6 7 8 11 12] [1 2 3 4 5 7 8 26] [1 2 3 4 5 8 11 15 19] [1 2 5 8] [1 2 3 5 8 26] [1 2 3 5 6 11 19] [1 2 3 5 7 8 11] [1 2 3 4 5 7 8 11] [1 2 3 4 5 7 8 15 39] [1 2 3 5 7 8 11 15] [1 2 3 4 5 7 8 12] [1 2 5] [1] [1 2 3 4 5 6 7 8 15 16] [1 2 3 4 5 6 7 8 15] [1 2 3 4 5 6 7] [1 2 3 4 5 6 8] [1 2 3 4 5 6 7 8 19] [1 2 3 5 7 11 19] [1 2 3 4 5 6 7 8 12 16 19] [1 2 3 4 5 6 7 8 15 19] [1 2 3 4 5 7 8 11 15] [1 2 3 5 6 7 11] [1 2 3 5 6 8] [1 2 3 4 5 6 19] [1 2 3 5 8 11 15 19 32] [1 2 5 8 15] [1 2 3 5 6 7 8 15 39] [1 2 3 4 7] [1 2 3 4 5 7 19] [1 2 5 6] [1 2 3 4 5 8 11] [1 2 3 4 5 11 13 19 32] [1 2 3 4 5 6 8 19] [1 2 3 4 5 11 19] [1 2 3 4 5 19] [1 2 3 4 5 8 15 26] [1 2 8] [1 2 3 5 6 8 15] [1 2 3 4 5 6 7 8 11 19] [1 2 3 4 5 7 8 11 13 15 19 32 35] [1 5] [1 2 5 7] [1 2 5 6 7 8] [1 2 3 5 7 8 11 15 19 32] [1 2 32] [1 2 15] [1 2 3 4 5 8 19] [1 2 3 4 5 6 7 8 11] [1 4 36] [] [] [] [] [] [] [] [] [] [] [] [] [] [] [] [] [] [] [] [] [] [] [] [] [] [] [] [] [] [] [] [] [] [] [] [] [] [] [] []
41 [] [1 2 3 5 6 7] [1 2 3 5] [1 2 3 5 7 8 11 13 19] [1 2 3 4 5 7 8] [1 2 3 5 7 8] [1 2 3 5 7 8 15] [1 2 3 5 8] [1 2 3 4 5] [1 2 3 5 8 15] [1 2 5 7 8] [1 2 3 4 5 6 7 8 16] [1 2 3 5 6 7 8] [1 2 3 4 5 8 26] [1 2 3 4 5 6] [1 2 3 5 11] [1 2] [1 2 3 4 5 6 7 8] [1 2 3 4 8] [1 2 3 5 6 8 26] [1 2 3 8] [1 2 3 4 5 7 8 12 16 19] [1 2 3 4 5 7 8 19] [1 2 3 5 6] [1 2 3 4 5 7 8 15] [1 2 3 5 6 7 8 15] [1 2 5 6 7] [1 2 3 5 7] [1 2 3] [1 2 3 4 5 7 8 12 16] [1 2 3 4 5 6 8 15] [1 2 3 5 7 8 15 39] [1 2 3 5 7 8 26] [1 2 3 4] [1 2 3 4 5 7] [1 2 3 4 5 7 11] [1 2 3 4 5 7 8 11 12] [1 2 3 4 5 8] [1 2 3 4 5 8 15] [1 2 3 5 6 7 11 19] [1 2 3 4 5 6 7 8 11 15 19] [1 2 3 4 5 6 7 8 11 12] [1 2 3 4 5 7 8 26] [1 2 3 4 5 8 11 15 19] [1 2 5 8] [1 2 3 5 8 26] [1 2 3 5 6 11 19] [1 2 3 5 7 8 11] [1 2 3 4 5 7 8 11] [1 2 3 4 5 7 8 15 39] [1 2 3 5 7 8 11 15] [1 2 3 4 5 7 8 12] [1 2 5] [1] [1 2 3 4 5 6 7 8 15 16] [1 2 3 4 5 6 7 8 15] [1 2 3 4 5 6 7] [1 2 3 4 5 6 8] [1 2 3 4 5 6 7 8 19] [1 2 3 5 7 11 19] [1 2 3 4 5 6 7 8 12 16 19] [1 2 3 4 5 6 7 8 15 19] [1 2 3 4 5 7 8 11 15] [1 2 3 5 6 7 11] [1 2 3 5 6 8] [1 2 3 4 5 6 19] [1 2 3 5 8 11 15 19 32] [1 2 5 8 15] [1 2 3 5 6 7 8 15 39] [1 2 3 4 7] [1 2 3 4 5 7 19] [1 2 5 6] [1 2 3 4 5 8 11] [1 2 3 4 5 11 13 19 32] [1 2 3 4 5 6 8 19] [1 2 3 4 5 11 19] [1 2 3 4 5 19] [1 2 3 4 5 8 15 26] [1 2 8] [1 2 3 5 6 8 15] [1 2 3 4 5 6 7 8 11 19] [1 2 3 4 5 7 8 11 13 15 19 32 35] [1 5] [1 2 5 7] [1 2 5 6 7 8] [1 2 3 5 7 8 11 15 19 32] [1 2 32] [1 2 15] [1 2 3 4 5 8 19] [1 2 3 4 5 6 7 8 11] [1 4 36] [] [] [] [] [] [] [] [] [] [] [] [] [] [] [] [] [] [] [] [] [] [] [] [] [] [] [] [] [] [] [] [] [] [] [] [] [] [] [] []
42 [] [1 2 3 5 7 8 11 13 19] [1 2 3 4 5 7 8] [1 2 3 5 7 8] [1 2 3 5 7 8 15] [1 2 3 5 8] [1 2 3 4 5] [1 2 3 5] [1 2 3 5 8 15] [1 2 5 7 8] [1 2 3 4 5 6 7 8 16] [1 2 3 5 6 7 8] [1 2 3 4 5 8 26] [1 2 3 4 5 6] [1 2 3 5 11] [1 2] [1 2 3 4 5 6 7 8] [1 2 3 4 8] [1 2 3 5 6 8 26] [1 2 3 8] [1 2 3 4 5 7 8 12 16 19] [1 2 3 4 5 7 8 19] [1 2 3 5 6] [1 2 3 4 5 7 8 15] [1 2 3 5 6 7 8 15] [1 2 5 6 7] [1 2 3 5 7] [1 2 3] [1 2 3 4 5 7 8 12 16] [1 2 3 4 5 6 8 15] [1 2 3 5 7 8 15 39] [1 2 3 5 7 8 26] [1 2 3 5 6 7] [1 2 3 4] [1 2 3 4 5 7] [1 2 3 4 5 7 11] [1 2 3 4 5 7 8 11 12] [1 2 3 4 5 8] [1 2 3 4 5 8 15] [1 2 3 5 6 7 11 19] [1 2 3 4 5 6 7 8 11 15 19] [1 2 3 4 5 6 7 8 11 12] [1 2 3 4 5 7 8 26] [1 2 3 4 5 8 11 15 19] [1 2 5 8] [1 2 3 5 8 26] [1 2 3 5 6 11 19] [1 2 3 5 7 8 11] [1 2 3 4 5 7 8 11] [1 2 3 4 5 7 8 15 39] [1 2 3 5 7 8 11 15] [1 2 3 4 5 7 8 12] [1 2 5] [1] [1 2 3 4 5 6 7 8 15 16] [1 2 3 4 5 6 7 8 15] [1 2 3 4 5 6 7] [1 2 3 4 5 6 8] [1 2 3 4 5 6 7 8 19] [1 2 3 5 7 11 19] [1 2 3 4 5 6 7 8 12 16 19] [1 2 3 4 5 6 7 8 15 19] [1 2 3 4 5 7 8 11 15] [1 2 3 5 6 7 11] [1 2 3 5 6 8] [1 2 3 4 5 6 19] [1 2 3 5 8 11 15 19 32] [1 2 5 8 15] [1 2 3 5 6 7 8 15 39] [1 2 3 4 7] [1 2 3 4 5 7 19] [1 2 5 6] [1 2 3 4 5 8 11] [1 2 3 4 5 11 13 19 32] [1 2 3 4 5 6 8 19] [1 2 3 4 5 11 19] [1 2 3 4 5 19] [1 2 3 4 5 8 15 26] [1 2 8] [1 2 3 5 6 8 15] [1 2 3 4 5 6 7 8 11 19] [1 2 3 4 5 7 8 11 13 15 19 32 35] [1 5] [1 2 5 7] [1 2 5 6 7 8] [1 2 3 5 7 8 11 15 19 32] [1 2 32] [1 2 15] [1 2 3 4 5 8 19] [1 2 3 4 5 6 7 8 11] [1 4 36] [] [] [] [] [] [] [] [] [] [] [] [] [] [] [] [] [] [] [] [] [] [] [] [] [] [] [] [] [] [] [] [] [] [] [] [] [] [] [] []
43 [] [1 2 3 5 7 8] [1 2 3 5 7 8 15] [1 2 3 5 8] [1 2 3 4 5] [1 2 3 5] [1 2 3 5 8 15] [1 2 5 7 8] [1 2 3 4 5 6 7 8 16] [1 2 3 5 6 7 8] [1 2 3 4 5 8 26] [1 2 3 4 5 6] [1 2 3 5 11] [1 2] [1 2 3 4 5 6 7 8] [1 2 3 4 8] [1 2 3 5 6 8 26] [1 2 3 8] [1 2 3 4 5 7 8 12 16 19] [1 2 3 4 5 7 8] [1 2 3 4 5 7 8 19] [1 2 3 5 6] [1 2 3 4 5 7 8 15] [1 2 3 5 6 7 8 15] [1 2 5 6 7] [1 2 3 5 7] [1 2 3] [1 2 3 4 5 7 8 12 16] [1 2 3 4 5 6 8 15] [1 2 3 5 7 8 15 39] [1 2 3 5 7 8 26] [1 2 3 5 6 7] [1 2 3 4] [1 2 3 4 5 7] [1 2 3 4 5 7 11] [1 2 3 4 5 7 8 11 12] [1 2 3 4 5 8] [1 2 3 4 5 8 15] [1 2 3 5 6 7 11 19] [1 2 3 4 5 6 7 8 11 15 19] [1 2 3 4 5 6 7 8 11 12] [1 2 3 4 5 7 8 26] [1 2 3 4 5 8 11 15 19] [1 2 5 8] [1 2 3 5 8 26] [1 2 3 5 6 11 19] [1 2 3 5 7 8 11] [1 2 3 4 5 7 8 11] [1 2 3 4 5 7 8 15 39] [1 2 3 5 7 8 11 15] [1 2 3 4 5 7 8 12] [1 2 5] [1] [1 2 3 4 5 6 7 8 15 16] [1 2 3 4 5 6 7 8 15] [1 2 3 4 5 6 7] [1 2 3 4 5 6 8] [1 2 3 4 5 6 7 8 19] [1 2 3 5 7 11 19] [1 2 3 4 5 6 7 8 12 16 19] [1 2 3 4 5 6 7 8 15 19] [1 2 3 4 5 7 8 11 15] [1 2 3 5 6 7 11] [1 2 3 5 6 8] [1 2 3 4 5 6 19] [1 2 3 5 8 11 15 19 32] [1 2 5 8 15] [1 2 3 5 6 7 8 15 39] [1 2 3 4 7] [1 2 3 4 5 7 19] [1 2 5 6] [1 2 3 4 5 8 11] [1 2 3 4 5 11 13 19 32] [1 2 3 4 5 6 8 19] [1 2 3 4 5 11 19] [1 2 3 4 5 19] [1 2 3 4 5 8 15 26] [1 2 8] [1 2 3 5 6 8 15] [1 2 3 4 5 6 7 8 11 19] [1 2 3 4 5 7 8 11 13 15 19 32 35] [1 5] [1 2 5 7] [1 2 5 6 7 8] [1 2 3 5 7 8 11 15 19 32] [1 2 32] [1 2 15] [1 2 3 4 5 8 19] [1 2 3 4 5 6 7 8 11] [1 4 36] [] [] [] [] [] [] [] [] [] [] [] [] [] [] [] [] [] [] [] [] [] [] [] [] [] [] [] [] [] [] [] [] [] [] [] [] [] [] [] [] []
44 [] [1 2 3 5 8] [1 2 3 4 5] [1 2 3 5] [1 2 3 5 8 15] [1 2 5 7 8] [1 2 3 4 5 6 7 8 16] [1 2 3 5 6 7 8] [1 2 3 4 5 8 26] [1 2 3 4 5 6] [1 2 3 5 11] [1 2] [1 2 3 4 5 6 7 8] [1 2 3 4 8] [1 2 3 5 6 8 26] [1 2 3 8] [1 2 3 4 5 7 8 12 16 19] [1 2 3 4 5 7 8] [1 2 3 4 5 7 8 19] [1 2 3 5 6] [1 2 3 4 5 7 8 15] [1 2 3 5 6 7 8 15] [1 2 5 6 7] [1 2 3 5 7] [1 2 3] [1 2 3 4 5 7 8 12 16] [1 2 3 4 5 6 8 15] [1 2 3 5 7 8 15 39] [1 2 3 5 7 8 26] [1 2 3 5 7 8] [1 2 3 5 6 7] [1 2 3 4] [1 2 3 4 5 7] [1 2 3 4 5 7 11] [1 2 3 4 5 7 8 11 12] [1 2 3 4 5 8] [1 2 3 4 5 8 15] [1 2 3 5 6 7 11 19] [1 2 3 4 5 6 7 8 11 15 19] [1 2 3 4 5 6 7 8 11 12] [1 2 3 4 5 7 8 26] [1 2 3 4 5 8 11 15 19] [1 2 5 8] [1 2 3 5 8 26] [1 2 3 5 6 11 19] [1 2 3 5 7 8 11] [1 2 3 4 5 7 8 11] [1 2 3 4 5 7 8 15 39] [1 2 3 5 7 8 11 15] [1 2 3 4 5 7 8 12] [1 2 5] [1] [1 2 3 4 5 6 7 8 15 16] [1 2 3 4 5 6 7 8 15] [1 2 3 4 5 6 7] [1 2 3 4 5 6 8] [1 2 3 4 5 6 7 8 19] [1 2 3 5 7 11 19] [1 2 3 4 5 6 7 8 12 16 19] [1 2 3 4 5 6 7 8 15 19] [1 2 3 4 5 7 8 11 15] [1 2 3 5 6 7 11] [1 2 3 5 6 8] [1 2 3 4 5 6 19] [1 2 3 5 8 11 15 19 32] [1 2 5 8 15] [1 2 3 5 7 8 15] [1 2 3 5 6 7 8 15 39] [1 2 3 4 7] [1 2 3 4 5 7 19] [1 2 5 6] [1 2 3 4 5 8 11] [1 2 3 4 5 11 13 19 32] [1 2 3 4 5 6 8 19] [1 2 3 4 5 11 19] [1 2 3 4 5 19] [1 2 3 4 5 8 15 26] [1 2 8] [1 2 3 5 6 8 15] [1 2 3 4 5 6 7 8 11 19] [1 2 3 4 5 7 8 11 13 15 19 32 35] [1 5] [1 2 5 7] [1 2 5 6 7 8] [1 2 3 5 7 8 11 15 19 32] [1 2 32] [1 2 15] [1 2 3 4 5 8 19] [1 2 3 4 5 6 7 8 11] [1 4 36] [] [] [] [] [] [] [] [] [] [] [] [] [] [] [] [] [] [] [] [] [] [] [] [] [] [] [] [] [] [] [] [] [] [] [] [] [] [] [] [] []
45 [] [1 2 3 5] [1 2 3 5 8 15] [1 2 5 7 8] [1 2 3 4 5 6 7 8 16] [1 2 3 5 6 7 8] [1 2 3 4 5 8 26] [1 2 3 4 5 6] [1 2 3 5 11] [1 2] [1 2 3 4 5 6 7 8] [1 2 3 4 8] [1 2 3 5 6 8 26] [1 2 3 8] [1 2 3 4 5 7 8 12 16 19] [1 2 3 4 5 7 8] [1 2 3 4 5 7 8 19] [1 2 3 5 6] [1 2 3 4 5 7 8 15] [1 2 3 5 6 7 8 15] [1 2 5 6 7] [1 2 3 5 7] [1 2 3 5 8] [1 2 3] [1 2 3 4 5 7 8 12 16] [1 2 3 4 5 6 8 15] [1 2 3 5 7 8 15 39] [1 2 3 5 7 8 26] [1 2 3 4 5] [1 2 3 5 7 8] [1 2 3 5 6 7] [1 2 3 4] [1 2 3 4 5 7] [1 2 3 4 5 7 11] [1 2 3 4 5 7 8 11 12] [1 2 3 4 5 8] [1 2 3 4 5 8 15] [1 2 3 5 6 7 11 19] [1 2 3 4 5 6 7 8 11 15 19] [1 2 3 4 5 6 7 8 11 12] [1 2 3 4 5 7 8 26] [1 2 3 4 5 8 11 15 19] [1 2 5 8] [1 2 3 5 8 26] [1 2 3 5 6 11 19] [1 2 3 5 7 8 11] [1 2 3 4 5 7 8 11] [1 2 3 4 5 7 8 15 39] [1 2 3 5 7 8 11 15] [1 2 3 4 5 7 8 12] [1 2 5] [1] [1 2 3 4 5 6 7 8 15 16] [1 2 3 4 5 6 7 8 15] [1 2 3 4 5 6 7] [1 2 3 4 5 6 8] [1 2 3 4 5 6 7 8 19] [1 2 3 5 7 11 19] [1 2 3 4 5 6 7 8 12 16 19] [1 2 3 4 5 6 7 8 15 19] [1 2 3 4 5 7 8 11 15] [1 2 3 5 6 7 11] [1 2 3 5 6 8] [1 2 3 4 5 6 19] [1 2 3 5 8 11 15 19 32] [1 2 5 8 15] [1 2 3 5 7 8 15] [1 2 3 5 6 7 8 15 39] [1 2 3 4 7] [1 2 3 4 5 7 19] [1 2 5 6] [1 2 3 4 5 8 11] [1 2 3 4 5 11 13 19 32] [1 2 3 4 5 6 8 19] [1 2 3 4 5 11 19] [1 2 3 4 5 19] [1 2 3 4 5 8 15 26] [1 2 8] [1 2 3 5 6 8 15] [1 2 3 4 5 6 7 8 11 19] [1 2 3 4 5 7 8 11 13 15 19 32 35] [1 5] [1 2 5 7] [1 2 5 6 7 8] [1 2 3 5 7 8 11 15 19 32] [1 2 32] [1 2 15] [1 2 3 4 5 8 19] [1 2 3 4 5 6 7 8 11] [1 4 36] [] [] [] [] [] [] [] [] [] [] [] [] [] [] [] [] [] [] [] [] [] [] [] [] [] [] [] [] [] [] [] [] [] [] [] [] [] [] [] [] []
46 [] [1 2 3 5] [1 2 5 7 8] [1 2 3 4 5 6 7 8 16] [1 2 3 5 6 7 8] [1 2 3 4 5 8 26] [1 2 3 4 5 6] [1 2 3 5 11] [1 2] [1 2 3 4 5 6 7 8] [1 2 3 4 8] [1 2 3 5 6 8 26] [1 2 3 8] [1 2 3 4 5 7 8 12 16 19] [1 2 3 4 5 7 8] [1 2 3 4 5 7 8 19] [1 2 3 5 6] [1 2 3 4 5 7 8 15] [1 2 3 5 6 7 8 15] [1 2 5 6 7] [1 2 3 5 7] [1 2 3 5 8] [1 2 3] [1 2 3 4 5 7 8 12 16] [1 2 3 4 5 6 8 15] [1 2 3 5 7 8 15 39] [1 2 3 5 7 8 26] [1 2 3 5 8 15] [1 2 3 4 5] [1 2 3 5 7 8] [1 2 3 5 6 7] [1 2 3 4] [1 2 3 4 5 7] [1 2 3 4 5 7 11] [1 2 3 4 5 7 8 11 12] [1 2 3 4 5 8] [1 2 3 4 5 8 15] [1 2 3 5 6 7 11 19] [1 2 3 4 5 6 7 8 11 15 19] [1 2 3 4 5 6 7 8 11 12] [1 2 3 4 5 7 8 26] [1 2 3 4 5 8 11 15 19] [1 2 5 8] [1 2 3 5 8 26] [1 2 3 5 6 11 19] [1 2 3 5 7 8 11] [1 2 3 4 5 7 8 11] [1 2 3 4 5 7 8 15 39] [1 2 3 5 7 8 11 15] [1 2 3 4 5 7 8 12] [1 2 5] [1] [1 2 3 4 5 6 7 8 15 16] [1 2 3 4 5 6 7 8 15] [1 2 3 4 5 6 7] [1 2 3 4 5 6 8] [1 2 3 4 5 6 7 8 19] [1 2 3 5 7 11 19] [1 2 3 4 5 6 7 8 12 16 19] [1 2 3 4 5 6 7 8 15 19] [1 2 3 4 5 7 8 11 15] [1 2 3 5 6 7 11] [1 2 3 5 6 8] [1 2 3 4 5 6 19] [1 2 3 5 8 11 15 19 32] [1 2 5 8 15] [1 2 3 5 7 8 15] [1 2 3 5 6 7 8 15 39] [1 2 3 4 7] [1 2 3 4 5 7 19] [1 2 5 6] [1 2 3 4 5 8 11] [1 2 3 4 5 11 13 19 32] [1 2 3 4 5 6 8 19] [1 2 3 4 5 11 19] [1 2 3 4 5 19] [1 2 3 4 5 8 15 26] [1 2 8] [1 2 3 5 6 8 15] [1 2 3 4 5 6 7 8 11 19] [1 2 3 4 5 7 8 11 13 15 19 32 35] [1 5] [1 2 5 7] [1 2 5 6 7 8] [1 2 3 5 7 8 11 15 19 32] [1 2 32] [1 2 15] [1 2 3 4 5 8 19] [1 2 3 4 5 6 7 8 11] [1 4 36] [] [] [] [] [] [] [] [] [] [] [] [] [] [] [] [] [] [] [] [] [] [] [] [] [] [] [] [] [] [] [] [] [] [] [] [] [] [] [] [] []
47 [] [1 2 3 4 5 6 7 8 16] [1 2 3 5 6 7 8] [1 2 3 4 5 7 8] [1 2 3 4 5 8 26] [1 2 3 4 5 6] [1 2 3 5 11] [1 2] [1 2 3 4 5 6 7 8] [1 2 3 4 8] [1 2 3 5 6 8 26] [1 2 3 8] [1 2 3 4 5 7 8 12 16 19] [1 2 3 4 5 7 8 19] [1 2 3 5 6] [1 2 3 4 5 7 8 15] [1 2 3 5] [1 2 3 5 6 7 8 15] [1 2 5 6 7] [1 2 3 5 7] [1 2 3 5 8] [1 2 3] [1 2 3 4 5 7 8 12 16] [1 2 3 4 5 6 8 15] [1 2 3 5 7 8 15 39] [1 2 3 5 7 8 26] [1 2 3 5 8 15] [1 2 3 4 5] [1 2 3 5 7 8] [1 2 3 5 6 7] [1 2 3 4] [1 2 3 4 5 7] [1 2 3 4 5 7 11] [1 2 3 4 5 7 8 11 12] [1 2 3 4 5 8] [1 2 3 4 5 8 15] [1 2 3 5 6 7 11 19] [1 2 3 4 5 6 7 8 11 15 19] [1 2 3 4 5 6 7 8 11 12] [1 2 3 4 5 7 8 26] [1 2 3 4 5 8 11 15 19] [1 2 5 8] [1 2 3 5 8 26] [1 2 3 5 6 11 19] [1 2 3 5 7 8 11] [1 2 3 4 5 7 8 11] [1 2 3 4 5 7 8 15 39] [1 2 3 5 7 8 11 15] [1 2 3 4 5 7 8 12] [1 2 5] [1] [1 2 3 4 5 6 7 8 15 16] [1 2 3 4 5 6 7 8 15] [1 2 3 4 5 6 7] [1 2 3 4 5 6 8] [1 2 3 4 5 6 7 8 19] [1 2 3 5 7 11 19] [1 2 3 4 5 6 7 8 12 16 19] [1 2 3 4 5 6 7 8 15 19] [1 2 3 4 5 7 8 11 15] [1 2 3 5 6 7 11] [1 2 3 5 6 8] [1 2 3 4 5 6 19] [1 2 3 5 8 11 15 19 32] [1 2 5 8 15] [1 2 3 5 7 8 15] [1 2 3 5 6 7 8 15 39] [1 2 3 4 7] [1 2 3 4 5 7 19] [1 2 5 6] [1 2 3 4 5 8 11] [1 2 3 4 5 11 13 19 32] [1 2 3 4 5 6 8 19] [1 2 3 4 5 11 19] [1 2 3 4 5 19] [1 2 3 4 5 8 15 26] [1 2 8] [1 2 3 5 6 8 15] [1 2 3 4 5 6 7 8 11 19] [1 2 3 4 5 7 8 11 13 15 19 32 35] [1 5] [1 2 5 7] [1 2 5 6 7 8] [1 2 3 5 7 8 11 15 19 32] [1 2 32] [1 2 15] [1 2 3 4 5 8 19] [1 2 3 4 5 6 7 8 11] [1 4 36] [] [] [] [] [] [] [] [] [] [] [] [] [] [] [] [] [] [] [] [] [] [] [] [] [] [] [] [] [] [] [] [] [] [] [] [] [] [] [] [] [] []
48 [] [1 2 3 4 5 7 8] [1 2 3 4 5 8 26] [1 2 3 4 5 6] [1 2 3 5 11] [1 2] [1 2 3 4 5 6 7 8] [1 2 3 4 8] [1 2 3 5 6 8 26] [1 2 3 8] [1 2 3 4 5 7 8 12 16 19] [1 2 3 4 5 7 8 19] [1 2 3 5 6] [1 2 3 4 5 7 8 15] [1 2 3 5] [1 2 3 5 6 7 8 15] [1 2 5 6 7] [1 2 3 5 7] [1 2 3 5 8] [1 2 3] [1 2 3 4 5 7 8 12 16] [1 2 3 4 5 6 8 15] [1 2 3 5 7 8 15 39] [1 2 3 5 7 8 26] [1 2 3 5 8 15] [1 2 3 4 5] [1 2 3 5 7 8] [1 2 3 5 6 7] [1 2 3 4] [1 2 3 4 5 7] [1 2 3 4 5 7 11] [1 2 3 4 5 7 8 11 12] [1 2 3 4 5 8] [1 2 3 4 5 8 15] [1 2 3 5 6 7 11 19] [1 2 3 4 5 6 7 8 11 15 19] [1 2 3 4 5 6 7 8 11 12] [1 2 3 4 5 7 8 26] [1 2 3 4 5 8 11 15 19] [1 2 5 8] [1 2 3 5 8 26] [1 2 3 5 6 11 19] [1 2 3 5 7 8 11] [1 2 3 4 5 7 8 11] [1 2 3 4 5 7 8 15 39] [1 2 3 5 7 8 11 15] [1 2 3 4 5 7 8 12] [1 2 5] [1 2 3 5 6 7 8] [1] [1 2 3 4 5 6 7 8 15 16] [1 2 3 4 5 6 7 8 15] [1 2 3 4 5 6 7] [1 2 3 4 5 6 8] [1 2 3 4 5 6 7 8 19] [1 2 3 5 7 11 19] [1 2 3 4 5 6 7 8 12 16 19] [1 2 3 4 5 6 7 8 15 19] [1 2 3 4 5 7 8 11 15] [1 2 3 5 6 7 11] [1 2 3 5 6 8] [1 2 3 4 5 6 19] [1 2 3 5 8 11 15 19 32] [1 2 5 8 15] [1 2 3 5 7 8 15] [1 2 3 5 6 7 8 15 39] [1 2 3 4 7] [1 2 3 4 5 7 19] [1 2 5 6] [1 2 3 4 5 8 11] [1 2 3 4 5 11 13 19 32] [1 2 3 4 5 6 8 19] [1 2 3 4 5 11 19] [1 2 3 4 5 19] [1 2 3 4 5 8 15 26] [1 2 8] [1 2 3 5 6 8 15] [1 2 3 4 5 6 7 8 16] [1 2 3 4 5 6 7 8 11 19] [1 2 3 4 5 7 8 11 13 15 19 32 35] [1 5] [1 2 5 7] [1 2 5 6 7 8] [1 2 3 5 7 8 11 15 19 32] [1 2 32] [1 2 15] [1 2 3 4 5 8 19] [1 2 3 4 5 6 7 8 11] [1 4 36] [] [] [] [] [] [] [] [] [] [] [] [] [] [] [] [] [] [] [] [] [] [] [] [] [] [] [] [] [] [] [] [] [] [] [] [] [] [] [] [] [] []
49 [] [1 2 3 4 5 6] [1 2 3 5 11] [1 2 3 5 6 7] [1 2] [1 2 3 4 5 6 7 8] [1 2 3 4 8] [1 2 3 5 6 8 26] [1 2 3 8] [1 2 3 4 5 7 8 12 16 19] [1 2 3 4 5 7 8] [1 2 3 4 5 7 8 19] [1 2 3 5 6] [1 2 3 4 5 7 8 15] [1 2 3 5] [1 2 3 5 6 7 8 15] [1 2 5 6 7] [1 2 3 5 7] [1 2 3 5 8] [1 2 3] [1 2 3 4 5 7 8 12 16] [1 2 3 4 5 6 8 15] [1 2 3 5 7 8 15 39] [1 2 3 5 7 8 26] [1 2 3 5 8 15] [1 2 3 4 5] [1 2 3 5 7 8] [1 2 3 4] [1 2 3 4 5 7] [1 2 3 4 5 7 11] [1 2 3 4 5 7 8 11 12] [1 2 3 4 5 8] [1 2 3 4 5 8 15] [1 2 3 5 6 7 11 19] [1 2 3 4 5 6 7 8 11 15 19] [1 2 3 4 5 6 7 8 11 12] [1 2 3 4 5 7 8 26] [1 2 3 4 5 8 11 15 19] [1 2 5 8] [1 2 3 5 8 26] [1 2 3 5 6 11 19] [1 2 3 5 7 8 11] [1 2 3 4 5 7 8 11] [1 2 3 4 5 7 8 15 39] [1 2 3 5 7 8 11 15] [1 2 3 4 5 7 8 12] [1 2 5] [1 2 3 5 6 7 8] [1] [1 2 3 4 5 6 7 8 15 16] [1 2 3 4 5 6 7 8 15] [1 2 3 4 5 6 7] [1 2 3 4 5 6 8] [1 2 3 4 5 6 7 8 19] [1 2 3 5 7 11 19] [1 2 3 4 5 6 7 8 12 16 19] [1 2 3 4 5 6 7 8 15 19] [1 2 3 4 5 7 8 11 15] [1 2 3 5 6 7 11] [1 2 3 5 6 8] [1 2 3 4 5 6 19] [1 2 3 5 8 11 15 19 32] [1 2 5 8 15] [1 2 3 5 7 8 15] [1 2 3 5 6 7 8 15 39] [1 2 3 4 7] [1 2 3 4 5 7 19] [1 2 5 6] [1 2 3 4 5 8 11] [1 2 3 4 5 11 13 19 32] [1 2 3 4 5 6 8 19] [1 2 3 4 5 11 19] [1 2 3 4 5 19] [1 2 3 4 5 8 15 26] [1 2 8] [1 2 3 5 6 8 15] [1 2 3 4 5 6 7 8 16] [1 2 3 4 5 6 7 8 11 19] [1 2 3 4 5 7 8 11 13 15 19 32 35] [1 5] [1 2 5 7] [1 2 5 6 7 8] [1 2 3 5 7 8 11 15 19 32] [1 2 32] [1 2 15] [1 2 3 4 5 8 19] [1 2 3 4 5 6 7 8 11] [1 4 36] [] [] [] [] [] [] [] [] [] [] [] [] [] [] [] [] [] [] [] [] [] [] [] [] [] [] [] [] [] [] [] [] [] [] [] [] [] [] [] [] [] [] []
50 [] [1 2 3 5 6 7] [1 2] [1 2 3 4 5 6 7 8] [1 2 3 4 8] [1 2 3 5 6 8 26] [1 2 3 8] [1 2 3 4 5 7 8 12 16 19] [1 2 3 4 5 7 8] [1 2 3 4 5 7 8 19] [1 2 3 5 6] [1 2 3 4 5 6] [1 2 3 4 5 7 8 15] [1 2 3 5] [1 2 3 5 6 7 8 15] [1 2 5 6 7] [1 2 3 5 7] [1 2 3 5 8] [1 2 3] [1 2 3 4 5 7 8 12 16] [1 2 3 4 5 6 8 15] [1 2 3 5 7 8 15 39] [1 2 3 5 7 8 26] [1 2 3 5 8 15] [1 2 3 4 5] [1 2 3 5 7 8] [1 2 3 5 11] [1 2 3 4] [1 2 3 4 5 7] [1 2 3 4 5 7 11] [1 2 3 4 5 7 8 11 12] [1 2 3 4 5 8] [1 2 3 4 5 8 15] [1 2 3 5 6 7 11 19] [1 2 3 4 5 6 7 8 11 15 19] [1 2 3 4 5 6 7 8 11 12] [1 2 3 4 5 7 8 26] [1 2 3 4 5 8 11 15 19] [1 2 5 8] [1 2 3 5 8 26] [1 2 3 5 6 11 19] [1 2 3 5 7 8 11] [1 2 3 4 5 7 8 11] [1 2 3 4 5 7 8 15 39] [1 2 3 5 7 8 11 15] [1 2 3 4 5 7 8 12] [1 2 5] [1 2 3 5 6 7 8] [1] [1 2 3 4 5 6 7 8 15 16] [1 2 3 4 5 6 7 8 15] [1 2 3 4 5 6 7] [1 2 3 4 5 6 8] [1 2 3 4 5 6 7 8 19] [1 2 3 5 7 11 19] [1 2 3 4 5 6 7 8 12 16 19] [1 2 3 4 5 6 7 8 15 19] [1 2 3 4 5 7 8 11 15] [1 2 3 5 6 7 11] [1 2 3 5 6 8] [1 2 3 4 5 6 19] [1 2 3 5 8 11 15 19 32] [1 2 5 8 15] [1 2 3 5 7 8 15] [1 2 3 5 6 7 8 15 39] [1 2 3 4 7] [1 2 3 4 5 7 19] [1 2 5 6] [1 2 3 4 5 8 11] [1 2 3 4 5 11 13 19 32] [1 2 3 4 5 6 8 19] [1 2 3 4 5 11 19] [1 2 3 4 5 19] [1 2 3 4 5 8 15 26] [1 2 8] [1 2 3 5 6 8 15] [1 2 3 4 5 6 7 8 16] [1 2 3 4 5 6 7 8 11 19] [1 2 3 4 5 7 8 11 13 15 19 32 35] [1 5] [1 2 5 7] [1 2 5 6 7 8] [1 2 3 5 7 8 11 15 19 32] [1 2 32] [1 2 15] [1 2 3 4 5 8 19] [1 2 3 4 5 6 7 8 11] [1 4 36] [] [] [] [] [] [] [] [] [] [] [] [] [] [] [] [] [] [] [] [] [] [] [] [] [] [] [] [] [] [] [] [] [] [] [] [] [] [] [] [] [] [] []
51 [] [1 2 3 4 5 6 7 8] [1 2 3 4 8] [1 2 3 5 6 8 26] [1 2 3 8] [1 2 3 4 5 7 8 12 16 19] [1 2 3 4 5 7 8] [1 2 3 4 5 7 8 19] [1 2 3 5 6] [1 2 3 4 5 6] [1 2 3 4 5 7 8 15] [1 2 3 5] [1 2 3 5 6 7 8 15] [1 2 5 6 7] [1 2 3 5 7] [1 2 3 5 8] [1 2 3] [1 2 3 4 5 7 8 12 16] [1 2 3 4 5 6 8 15] [1 2 3 5 7 8 15 39] [1 2 3 5 7 8 26] [1 2 3 5 8 15] [1 2 3 4 5] [1 2 3 5 7 8] [1 2 3 5 11] [1 2 3 5 6 7] [1 2 3 4] [1 2 3 4 5 7] [1 2 3 4 5 7 11] [1 2 3 4 5 7 8 11 12] [1 2 3 4 5 8] [1 2 3 4 5 8 15] [1 2 3 5 6 7 11 19] [1 2 3 4 5 6 7 8 11 15 19] [1 2 3 4 5 6 7 8 11 12] [1 2 3 4 5 7 8 26] [1 2 3 4 5 8 11 15 19] [1 2 5 8] [1 2 3 5 8 26] [1 2 3 5 6 11 19] [1 2 3 5 7 8 11] [1 2 3 4 5 7 8 11] [1 2 3 4 5 7 8 15 39] [1 2 3 5 7 8 11 15] [1 2 3 4 5 7 8 12] [1 2 5] [1 2 3 5 6 7 8] [1 2] [1] [1 2 3 4 5 6 7 8 15 16] [1 2 3 4 5 6 7 8 15] [1 2 3 4 5 6 7] [1 2 3 4 5 6 8] [1 2 3 4 5 6 7 8 19] [1 2 3 5 7 11 19] [1 2 3 4 5 6 7 8 12 16 19] [1 2 3 4 5 6 7 8 15 19] [1 2 3 4 5 7 8 11 15] [1 2 3 5 6 7 11] [1 2 3 5 6 8] [1 2 3 4 5 6 19] [1 2 3 5 8 11 15 19 32] [1 2 5 8 15] [1 2 3 5 7 8 15] [1 2 3 5 6 7 8 15 39] [1 2 3 4 7] [1 2 3 4 5 7 19] [1 2 5 6] [1 2 3 4 5 8 11] [1 2 3 4 5 11 13 19 32] [1 2 3 4 5 6 8 19] [1 2 3 4 5 11 19] [1 2 3 4 5 19] [1 2 3 4 5 8 15 26] [1 2 8] [1 2 3 5 6 8 15] [1 2 3 4 5 6 7 8 16] [1 2 3 4 5 6 7 8 11 19] [1 2 3 4 5 7 8 11 13 15 19 32 35] [1 5] [1 2 5 7] [1 2 5 6 7 8] [1 2 3 5 7 8 11 15 19 32] [1 2 32] [1 2 15] [1 2 3 4 5 8 19] [1 2 3 4 5 6 7 8 11] [1 4 36] [] [] [] [] [] [] [] [] [] [] [] [] [] [] [] [] [] [] [] [] [] [] [] [] [] [] [] [] [] [] [] [] [] [] [] [] [] [] [] [] [] [] []
52 [] [1 2 3 4 5 6 7 8] [1 2 3 5 6 8 26] [1 2 3 4 5 6 8 11] [1 2 3 8] [1 2 3 4 5 7 8 12 16 19] [1 2 3 4 5 7 8] [1 2 3 4 5 7 8 19] [1 2 3 5 6] [1 2 3 4 5 6] [1 2 3 4 5 7 8 15] [1 2 3 5] [1 2 3 5 6 7 8 15] [1 2 5 6 7] [1 2 3 5 7] [1 2 3 5 8] [1 2 3] [1 2 3 4 5 7 8 12 16] [1 2 3 4 5 6 8 15] [1 2 3 5 7 8 15 39] [1 2 3 5 7 8 26] [1 2 3 5 8 15] [1 2 3 4 5] [1 2 3 5 7 8] [1 2 3 5 11] [1 2 3 5 6 7] [1 2 3 4] [1 2 3 4 5 7] [1 2 3 4 5 7 11] [1 2 3 4 5 7 8 11 12] [1 2 3 4 5 8] [1 2 3 4 8] [1 2 3 4 5 8 15] [1 2 3 5 6 7 11 19] [1 2 3 4 5 6 7 8 11 15 19] [1 2 3 4 5 6 7 8 11 12] [1 2 3 4 5 7 8 26] [1 2 3 4 5 8 11 15 19] [1 2 5 8] [1 2 3 5 8 26] [1 2 3 5 6 11 19] [1 2 3 5 7 8 11] [1 2 3 4 5 7 8 11] [1 2 3 4 5 7 8 15 39] [1 2 3 5 7 8 11 15] [1 2 3 4 5 7 8 12] [1 2 5] [1 2 3 5 6 7 8] [1 2] [1] [1 2 3 4 5 6 7 8 15 16] [1 2 3 4 5 6 7 8 15] [1 2 3 4 5 6 7] [1 2 3 4 5 6 8] [1 2 3 4 5 6 7 8 19] [1 2 3 5 7 11 19] [1 2 3 4 5 6 7 8 12 16 19] [1 2 3 4 5 6 7 8 15 19] [1 2 3 4 5 7 8 11 15] [1 2 3 5 6 7 11] [1 2 3 5 6 8] [1 2 3 4 5 6 19] [1 2 3 5 8 11 15 19 32] [1 2 5 8 15] [1 2 3 5 7 8 15] [1 2 3 5 6 7 8 15 39] [1 2 3 4 7] [1 2 3 4 5 7 19] [1 2 5 6] [1 2 3 4 5 8 11] [1 2 3 4 5 11 13 19 32] [1 2 3 4 5 6 8 19] [1 2 3 4 5 11 19] [1 2 3 4 5 19] [1 2 3 4 5 8 15 26] [1 2 8] [1 2 3 5 6 8 15] [1 2 3 4 5 6 7 8 16] [1 2 3 4 5 6 7 8 11 19] [1 2 3 4 5 7 8 11 13 15 19 32 35] [1 5] [1 2 5 7] [1 2 5 6 7 8] [1 2 3 5 7 8 11 15 19 32] [1 2 32] [1 2 15] [1 2 3 4 5 8 19] [1 2 3 4 5 6 7 8 11] [1 4 36] [] [] [] [] [] [] [] [] [] [] [] [] [] [] [] [] [] [] [] [] [] [] [] [] [] [] [] [] [] [] [] [] [] [] [] [] [] [] [] [] [] []
53 [] [1 2 3 4 5 6 8 11] [1 2 3 8] [1 2 3 4 5 8] [1 2 3 4 5 7 8 12 16 19] [1 2 3 4 5 7 8] [1 2 3 4 5 7 8 19] [1 2 3 5 6] [1 2 3 4 5 6] [1 2 3 4 5 7 8 15] [1 2 3 5] [1 2 3 5 6 7 8 15] [1 2 5 6 7] [1 2 3 5 7] [1 2 3 5 8] [1 2 3] [1 2 3 4 5 7 8 12 16] [1 2 3 4 5 6 8 15] [1 2 3 5 7 8 15 39] [1 2 3 5 7 8 26] [1 2 3 5 8 15] [1 2 3 4 5] [1 2 3 5 7 8] [1 2 3 5 11] [1 2 3 5 6 7] [1 2 3 4 5 6 7 8] [1 2 3 4] [1 2 3 4 5 7] [1 2 3 4 5 7 11] [1 2 3 4 5 7 8 11 12] [1 2 3 4 8] [1 2 3 4 5 8 15] [1 2 3 5 6 7 11 19] [1 2 3 4 5 6 7 8 11 15 19] [1 2 3 4 5 6 7 8 11 12] [1 2 3 4 5 7 8 26] [1 2 3 4 5 8 11 15 19] [1 2 5 8] [1 2 3 5 8 26] [1 2 3 5 6 11 19] [1 2 3 5 7 8 11] [1 2 3 4 5 7 8 11] [1 2 3 4 5 7 8 15 39] [1 2 3 5 7 8 11 15] [1 2 3 4 5 7 8 12] [1 2 5] [1 2 3 5 6 7 8] [1 2] [1] [1 2 3 4 5 6 7 8 15 16] [1 2 3 4 5 6 7 8 15] [1 2 3 4 5 6 7] [1 2 3 4 5 6 8] [1 2 3 4 5 6 7 8 19] [1 2 3 5 7 11 19] [1 2 3 4 5 6 7 8 12 16 19] [1 2 3 4 5 6 7 8 15 19] [1 2 3 4 5 7 8 11 15] [1 2 3 5 6 7 11] [1 2 3 5 6 8] [1 2 3 4 5 6 19] [1 2 3 5 8 11 15 19 32] [1 2 5 8 15] [1 2 3 5 7 8 15] [1 2 3 5 6 7 8 15 39] [1 2 3 4 7] [1 2 3 4 5 7 19] [1 2 5 6] [1 2 3 4 5 8 11] [1 2 3 4 5 11 13 19 32] [1 2 3 4 5 6 8 19] [1 2 3 4 5 11 19] [1 2 3 4 5 19] [1 2 3 4 5 8 15 26] [1 2 8] [1 2 3 5 6 8 15] [1 2 3 4 5 6 7 8 16] [1 2 3 4 5 6 7 8 11 19] [1 2 3 4 5 7 8 11 13 15 19 32 35] [1 5] [1 2 5 7] [1 2 5 6 7 8] [1 2 3 5 7 8 11 15 19 32] [1 2 32] [1 2 15] [1 2 3 4 5 8 19] [1 2 3 4 5 6 7 8 11] [1 4 36] [] [] [] [] [] [] [] [] [] [] [] [] [] [] [] [] [] [] [] [] [] [] [] [] [] [] [] [] [] [] [] [] [] [] [] [] [] [] [] [] [] [] []
54 [] [1 2 3 4 5 8] [1 2 3 4 5 7 8 12 16 19] [1 2 3 4 5 7 8] [1 2 3 4 5 7 8 19] [1 2 3 5 6] [1 2 3 4 5 6] [1 2 3 4 5 7 8 15] [1 2 3 5] [1 2 3 5 6 7 8 15] [1 2 5 6 7] [1 2 3 5 7] [1 2 3 5 8] [1 2 3] [1 2 3 4 5 7 8 12 16] [1 2 3 4 5 6 8 15] [1 2 3 5 7 8 15 39] [1 2 3 5 7 8 26] [1 2 3 5 8 15] [1 2 3 4 5] [1 2 3 5 7 8] [1 2 3 5 11] [1 2 3 5 6 7] [1 2 3 4 5 6 7 8] [1 2 3 4] [1 2 3 4 5 7] [1 2 3 4 5 7 11] [1 2 3 4 5 7 8 11 12] [1 2 3 4 8] [1 2 3 4 5 8 15] [1 2 3 5 6 7 11 19] [1 2 3 4 5 6 7 8 11 15 19] [1 2 3 4 5 6 7 8 11 12] [1 2 3 4 5 7 8 26] [1 2 3 4 5 8 11 15 19] [1 2 5 8] [1 2 3 5 8 26] [1 2 3 5 6 11 19] [1 2 3 5 7 8 11] [1 2 3 4 5 7 8 11] [1 2 3 4 5 7 8 15 39] [1 2 3 5 7 8 11 15] [1 2 3 4 5 7 8 12] [1 2 5] [1 2 3 5 6 7 8] [1 2] [1] [1 2 3 4 5 6 7 8 15 16] [1 2 3 4 5 6 7 8 15] [1 2 3 4 5 6 7] [1 2 3 4 5 6 8] [1 2 3 4 5 6 7 8 19] [1 2 3 5 7 11 19] [1 2 3 4 5 6 7 8 12 16 19] [1 2 3 4 5 6 7 8 15 19] [1 2 3 4 5 7 8 11 15] [1 2 3 5 6 7 11] [1 2 3 5 6 8] [1 2 3 4 5 6 19] [1 2 3 5 8 11 15 19 32] [1 2 5 8 15] [1 2 3 5 7 8 15] [1 2 3 5 6 7 8 15 39] [1 2 3 4 7] [1 2 3 4 5 7 19] [1 2 5 6] [1 2 3 4 5 8 11] [1 2 3 4 5 11 13 19 32] [1 2 3 4 5 6 8 19] [1 2 3 4 5 11 19] [1 2 3 4 5 19] [1 2 3 4 5 8 15 26] [1 2 8] [1 2 3 5 6 8 15] [1 2 3 4 5 6 7 8 16] [1 2 3 4 5 6 7 8 11 19] [1 2 3 4 5 7 8 11 13 15 19 32 35] [1 5] [1 2 5 7] [1 2 5 6 7 8] [1 2 3 5 7 8 11 15 19 32] [1 2 32] [1 2 15] [1 2 3 4 5 8 19] [1 2 3 4 5 6 7 8 11] [1 4 36] [] [] [] [] [] [] [] [] [] [] [] [] [] [] [] [] [] [] [] [] [] [] [] [] [] [] [] [] [] [] [] [] [] [] [] [] [] [] [] [] [] [] [] [] []
55 [] [1 2 3 4 5 7 8] [1 2 3 4 5 7 8 19] [1 2 3 5 6] [1 2 3 4 5 6] [1 2 3 4 5 7 8 15] [1 2 3 5] [1 2 3 5 6 7 8 15] [1 2 5 6 7] [1 2 3 5 7] [1 2 3 5 8] [1 2 3] [1 2 3 4 5 7 8 12 16] [1 2 3 4 5 6 8 15] [1 2 3 5 7 8 15 39] [1 2 3 5 7 8 26] [1 2 3 5 8 15] [1 2 3 4 5] [1 2 3 5 7 8] [1 2 3 5 11] [1 2 3 5 6 7] [1 2 3 4 5 6 7 8] [1 2 3 4] [1 2 3 4 5 7] [1 2 3 4 5 7 11] [1 2 3 4 5 7 8 11 12] [1 2 3 4 5 8] [1 2 3 4 8] [1 2 3 4 5 8 15] [1 2 3 5 6 7 11 19] [1 2 3 4 5 6 7 8 11 15 19] [1 2 3 4 5 6 7 8 11 12] [1 2 3 4 5 7 8 26] [1 2 3 4 5 8 11 15 19] [1 2 5 8] [1 2 3 5 8 26] [1 2 3 5 6 11 19] [1 2 3 5 7 8 11] [1 2 3 4 5 7 8 11] [1 2 3 4 5 7 8 15 39] [1 2 3 5 7 8 11 15] [1 2 3 4 5 7 8 12] [1 2 5] [1 2 3 5 6 7 8] [1 2] [1] [1 2 3 4 5 6 7 8 15 16] [1 2 3 4 5 6 7 8 15] [1 2 3 4 5 6 7] [1 2 3 4 5 6 8] [1 2 3 4 5 6 7 8 19] [1 2 3 5 7 11 19] [1 2 3 4 5 6 7 8 12 16 19] [1 2 3 4 5 6 7 8 15 19] [1 2 3 4 5 7 8 11 15] [1 2 3 5 6 7 11] [1 2 3 5 6 8] [1 2 3 4 5 6 19] [1 2 3 5 8 11 15 19 32] [1 2 5 8 15] [1 2 3 5 7 8 15] [1 2 3 5 6 7 8 15 39] [1 2 3 4 7] [1 2 3 4 5 7 19] [1 2 5 6] [1 2 3 4 5 8 11] [1 2 3 4 5 11 13 19 32] [1 2 3 4 5 6 8 19] [1 2 3 4 5 11 19] [1 2 3 4 5 19] [1 2 3 4 5 8 15 26] [1 2 8] [1 2 3 5 6 8 15] [1 2 3 4 5 6 7 8 16] [1 2 3 4 5 6 7 8 11 19] [1 2 3 4 5 7 8 11 13 15 19 32 35] [1 5] [1 2 5 7] [1 2 5 6 7 8] [1 2 3 5 7 8 11 15 19 32] [1 2 32] [1 2 15] [1 2 3 4 5 8 19] [1 2 3 4 5 6 7 8 11] [1 4 36] [] [] [] [] [] [] [] [] [] [] [] [] [] [] [] [] [] [] [] [] [] [] [] [] [] [] [] [] [] [] [] [] [] [] [] [] [] [] [] [] [] [] [] [] [] []
56 [] [1 2 3 5 6] [1 2 3 4] [1 2 3 4 5 6] [1 2 3 4 5 7 8 15] [1 2 3 4 5 7 8] [1 2 3 5] [1 2 3 5 6 7 8 15] [1 2 5 6 7] [1 2 3 5 7] [1 2 3 5 8] [1 2 3] [1 2 3 4 5 7 8 12 16] [1 2 3 4 5 6 8 15] [1 2 3 5 7 8 15 39] [1 2 3 5 7 8 26] [1 2 3 5 8 15] [1 2 3 4 5] [1 2 3 5 7 8] [1 2 3 5 11] [1 2 3 5 6 7] [1 2 3 4 5 6 7 8] [1 2 3 4 5 7] [1 2 3 4 5 7 11] [1 2 3 4 5 7 8 11 12] [1 2 3 4 5 8] [1 2 3 4 8] [1 2 3 4 5 8 15] [1 2 3 5 6 7 11 19] [1 2 3 4 5 6 7 8 11 15 19] [1 2 3 4 5 6 7 8 11 12] [1 2 3 4 5 7 8 26] [1 2 3 4 5 8 11 15 19] [1 2 5 8] [1 2 3 5 8 26] [1 2 3 5 6 11 19] [1 2 3 5 7 8 11] [1 2 3 4 5 7 8 11] [1 2 3 4 5 7 8 15 39] [1 2 3 5 7 8 11 15] [1 2 3 4 5 7 8 12] [1 2 5] [1 2 3 5 6 7 8] [1 2] [1] [1 2 3 4 5 6 7 8 15 16] [1 2 3 4 5 6 7 8 15] [1 2 3 4 5 6 7] [1 2 3 4 5 6 8] [1 2 3 4 5 6 7 8 19] [1 2 3 5 7 11 19] [1 2 3 4 5 6 7 8 12 16 19] [1 2 3 4 5 6 7 8 15 19] [1 2 3 4 5 7 8 11 15] [1 2 3 5 6 7 11] [1 2 3 5 6 8] [1 2 3 4 5 6 19] [1 2 3 5 8 11 15 19 32] [1 2 5 8 15] [1 2 3 5 7 8 15] [1 2 3 5 6 7 8 15 39] [1 2 3 4 7] [1 2 3 4 5 7 19] [1 2 5 6] [1 2 3 4 5 8 11] [1 2 3 4 5 11 13 19 32] [1 2 3 4 5 6 8 19] [1 2 3 4 5 11 19] [1 2 3 4 5 19] [1 2 3 4 5 8 15 26] [1 2 8] [1 2 3 5 6 8 15] [1 2 3 4 5 6 7 8 16] [1 2 3 4 5 6 7 8 11 19] [1 2 3 4 5 7 8 11 13 15 19 32 35] [1 5] [1 2 5 7] [1 2 5 6 7 8] [1 2 3 5 7 8 11 15 19 32] [1 2 32] [1 2 15] [1 2 3 4 5 8 19] [1 2 3 4 5 6 7 8 11] [1 4 36] [] [] [] [] [] [] [] [] [] [] [] [] [] [] [] [] [] [] [] [] [] [] [] [] [] [] [] [] [] [] [] [] [] [] [] [] [] [] [] [] [] [] [] [] [] [] []
57 [] [1 2 3 4] [1 2 3 4 5 6] [1 2 3 4 5 7 8 15] [1 2 3 4 5 7 8] [1 2 3 5] [1 2 3 5 6 7 8 15] [1 2 5 6 7] [1 2 3 5 7] [1 2 3 5 8] [1 2 3] [1 2 3 4 5 7 8 12 16] [1 2 3 4 5 6 8 15] [1 2 3 5 7 8 15 39] [1 2 3 5 7 8 26] [1 2 3 5 8 15] [1 2 3 4 5] [1 2 3 5 7 8] [1 2 3 5 11] [1 2 3 5 6 7] [1 2 3 4 5 6 7 8] [1 2 3 4 5 7] [1 2 3 4 5 7 11] [1 2 3 4 5 7 8 11 12] [1 2 3 4 5 8] [1 2 3 4 8] [1 2 3 4 5 8 15] [1 2 3 5 6 7 11 19] [1 2 3 4 5 6 7 8 11 15 19] [1 2 3 4 5 6 7 8 11 12] [1 2 3 4 5 7 8 26] [1 2 3 4 5 8 11 15 19] [1 2 5 8] [1 2 3 5 6] [1 2 3 5 8 26] [1 2 3 5 6 11 19] [1 2 3 5 7 8 11] [1 2 3 4 5 7 8 11] [1 2 3 4 5 7 8 15 39] [1 2 3 5 7 8 11 15] [1 2 3 4 5 7 8 12] [1 2 5] [1 2 3 5 6 7 8] [1 2] [1] [1 2 3 4 5 6 7 8 15 16] [1 2 3 4 5 6 7 8 15] [1 2 3 4 5 6 7] [1 2 3 4 5 6 8] [1 2 3 4 5 6 7 8 19] [1 2 3 5 7 11 19] [1 2 3 4 5 6 7 8 12 16 19] [1 2 3 4 5 6 7 8 15 19] [1 2 3 4 5 7 8 11 15] [1 2 3 5 6 7 11] [1 2 3 5 6 8] [1 2 3 4 5 6 19] [1 2 3 5 8 11 15 19 32] [1 2 5 8 15] [1 2 3 5 7 8 15] [1 2 3 5 6 7 8 15 39] [1 2 3 4 7] [1 2 3 4 5 7 19] [1 2 5 6] [1 2 3 4 5 8 11] [1 2 3 4 5 11 13 19 32] [1 2 3 4 5 6 8 19] [1 2 3 4 5 11 19] [1 2 3 4 5 19] [1 2 3 4 5 8 15 26] [1 2 8] [1 2 3 5 6 8 15] [1 2 3 4 5 6 7 8 16] [1 2 3 4 5 6 7 8 11 19] [1 2 3 4 5 7 8 11 13 15 19 32 35] [1 5] [1 2 5 7] [1 2 5 6 7 8] [1 2 3 5 7 8 11 15 19 32] [1 2 32] [1 2 15] [1 2 3 4 5 8 19] [1 2 3 4 5 6 7 8 11] [1 4 36] [] [] [] [] [] [] [] [] [] [] [] [] [] [] [] [] [] [] [] [] [] [] [] [] [] [] [] [] [] [] [] [] [] [] [] [] [] [] [] [] [] [] [] [] [] [] []
58 [] [1 2 3 4 5 7 8 15] [1 2 3 5 6 7 8 11 15 19] [1 2 3 4 5 7 8] [1 2 3 5] [1 2 3 5 6 7 8 15] [1 2 5 6 7] [1 2 3 5 7] [1 2 3 5 8] [1 2 3] [1 2 3 4 5 7 8 12 16] [1 2 3 4 5 6 8 15] [1 2 3 4 5 6] [1 2 3 5 7 8 15 39] [1 2 3 5 7 8 26] [1 2 3 5 8 15] [1 2 3 4 5] [1 2 3 5 7 8] [1 2 3 5 11] [1 2 3 5 6 7] [1 2 3 4 5 6 7 8] [1 2 3 4] [1 2 3 4 5 7] [1 2 3 4 5 7 11] [1 2 3 4 5 7 8 11 12] [1 2 3 4 5 8] [1 2 3 4 8] [1 2 3 4 5 8 15] [1 2 3 5 6 7 11 19] [1 2 3 4 5 6 7 8 11 15 19] [1 2 3 4 5 6 7 8 11 12] [1 2 3 4 5 7 8 26] [1 2 3 4 5 8 11 15 19] [1 2 5 8] [1 2 3 5 6] [1 2 3 5 8 26] [1 2 3 5 6 11 19] [1 2 3 5 7 8 11] [1 2 3 4 5 7 8 11] [1 2 3 4 5 7 8 15 39] [1 2 3 5 7 8 11 15] [1 2 3 4 5 7 8 12] [1 2 5] [1 2 3 5 6 7 8] [1 2] [1] [1 2 3 4 5 6 7 8 15 16] [1 2 3 4 5 6 7 8 15] [1 2 3 4 5 6 7] [1 2 3 4 5 6 8] [1 2 3 4 5 6 7 8 19] [1 2 3 5 7 11 19] [1 2 3 4 5 6 7 8 12 16 19] [1 2 3 4 5 6 7 8 15 19] [1 2 3 4 5 7 8 11 15] [1 2 3 5 6 7 11] [1 2 3 5 6 8] [1 2 3 4 5 6 19] [1 2 3 5 8 11 15 19 32] [1 2 5 8 15] [1 2 3 5 7 8 15] [1 2 3 5 6 7 8 15 39] [1 2 3 4 7] [1 2 3 4 5 7 19] [1 2 5 6] [1 2 3 4 5 8 11] [1 2 3 4 5 11 13 19 32] [1 2 3 4 5 6 8 19] [1 2 3 4 5 11 19] [1 2 3 4 5 19] [1 2 3 4 5 8 15 26] [1 2 8] [1 2 3 5 6 8 15] [1 2 3 4 5 6 7 8 16] [1 2 3 4 5 6 7 8 11 19] [1 2 3 4 5 7 8 11 13 15 19 32 35] [1 5] [1 2 5 7] [1 2 5 6 7 8] [1 2 3 5 7 8 11 15 19 32] [1 2 32] [1 2 15] [1 2 3 4 5 8 19] [1 2 3 4 5 6 7 8 11] [1 4 36] [] [] [] [] [] [] [] [] [] [] [] [] [] [] [] [] [] [] [] [] [] [] [] [] [] [] [] [] [] [] [] [] [] [] [] [] [] [] [] [] [] [] [] [] [] []
59 [] [1 2 3 4 5 7 8] [1 2 3 5] [1 2 3 5 6 7 8 15] [1 2 5 6 7] [1 2 3 5 7] [1 2 3 5 8] [1 2 3] [1 2 3 4 5 7 8 12 16] [1 2 3 4 5 6 8 15] [1 2 3 4 5 6] [1 2 3 5 7 8 15 39] [1 2 3 5 7 8 26] [1 2 3 5 8 15] [1 2 3 4 5] [1 2 3 5 7 8] [1 2 3 5 11] [1 2 3 5 6 7] [1 2 3 4 5 7 8 15] [1 2 3 4 5 6 7 8] [1 2 3 4] [1 2 3 4 5 7] [1 2 3 4 5 7 11] [1 2 3 4 5 7 8 11 12] [1 2 3 4 5 8] [1 2 3 4 8] [1 2 3 4 5 8 15] [1 2 3 5 6 7 11 19] [1 2 3 4 5 6 7 8 11 15 19] [1 2 3 4 5 6 7 8 11 12] [1 2 3 4 5 7 8 26] [1 2 3 4 5 8 11 15 19] [1 2 5 8] [1 2 3 5 6] [1 2 3 5 8 26] [1 2 3 5 6 11 19] [1 2 3 5 7 8 11] [1 2 3 4 5 7 8 11] [1 2 3 4 5 7 8 15 39] [1 2 3 5 7 8 11 15] [1 2 3 4 5 7 8 12] [1 2 5] [1 2 3 5 6 7 8] [1 2] [1] [1 2 3 4 5 6 7 8 15 16] [1 2 3 4 5 6 7 8 15] [1 2 3 4 5 6 7] [1 2 3 4 5 6 8] [1 2 3 4 5 6 7 8 19] [1 2 3 5 7 11 19] [1 2 3 4 5 6 7 8 12 16 19] [1 2 3 4 5 6 7 8 15 19] [1 2 3 4 5 7 8 11 15] [1 2 3 5 6 7 11] [1 2 3 5 6 8] [1 2 3 4 5 6 19] [1 2 3 5 8 11 15 19 32] [1 2 5 8 15] [1 2 3 5 7 8 15] [1 2 3 5 6 7 8 15 39] [1 2 3 4 7] [1 2 3 4 5 7 19] [1 2 5 6] [1 2 3 4 5 8 11] [1 2 3 4 5 11 13 19 32] [1 2 3 4 5 6 8 19] [1 2 3 4 5 11 19] [1 2 3 4 5 19] [1 2 3 4 5 8 15 26] [1 2 8] [1 2 3 5 6 8 15] [1 2 3 4 5 6 7 8 16] [1 2 3 4 5 6 7 8 11 19] [1 2 3 4 5 7 8 11 13 15 19 32 35] [1 5] [1 2 5 7] [1 2 5 6 7 8] [1 2 3 5 7 8 11 15 19 32] [1 2 32] [1 2 15] [1 2 3 4 5 8 19] [1 2 3 4 5 6 7 8 11] [1 4 36] [] [] [] [] [] [] [] [] [] [] [] [] [] [] [] [] [] [] [] [] [] [] [] [] [] [] [] [] [] [] [] [] [] [] [] [] [] [] [] [] [] [] [] [] [] [] []
60 [] [1 2 3 5 6 7 8 15] [1 2 3 5] [1 2 5 6 7] [1 2 3 5 7] [1 2 3 5 8] [1 2 3] [1 2 3 4 5 7 8 12 16] [1 2 3 4 5 6 8 15] [1 2 3 4 5 6] [1 2 3 5 7 8 15 39] [1 2 3 5 7 8 26] [1 2 3 5 8 15] [1 2 3 4 5] [1 2 3 4 5 7 8] [1 2 3 5 7 8] [1 2 3 5 11] [1 2 3 5 6 7] [1 2 3 4 5 7 8 15] [1 2 3 4 5 6 7 8] [1 2 3 4] [1 2 3 4 5 7] [1 2 3 4 5 7 11] [1 2 3 4 5 7 8 11 12] [1 2 3 4 5 8] [1 2 3 4 8] [1 2 3 4 5 8 15] [1 2 3 5 6 7 11 19] [1 2 3 4 5 6 7 8 11 15 19] [1 2 3 4 5 6 7 8 11 12] [1 2 3 4 5 7 8 26] [1 2 3 4 5 8 11 15 19] [1 2 5 8] [1 2 3 5 6] [1 2 3 5 8 26] [1 2 3 5 6 11 19] [1 2 3 5 7 8 11] [1 2 3 4 5 7 8 11] [1 2 3 4 5 7 8 15 39] [1 2 3 5 7 8 11 15] [1 2 3 4 5 7 8 12] [1 2 5] [1 2 3 5 6 7 8] [1 2] [1] [1 2 3 4 5 6 7 8 15 16] [1 2 3 4 5 6 7 8 15] [1 2 3 4 5 6 7] [1 2 3 4 5 6 8] [1 2 3 4 5 6 7 8 19] [1 2 3 5 7 11 19] [1 2 3 4 5 6 7 8 12 16 19] [1 2 3 4 5 6 7 8 15 19] [1 2 3 4 5 7 8 11 15] [1 2 3 5 6 7 11] [1 2 3 5 6 8] [1 2 3 4 5 6 19] [1 2 3 5 8 11 15 19 32] [1 2 5 8 15] [1 2 3 5 7 8 15] [1 2 3 5 6 7 8 15 39] [1 2 3 4 7] [1 2 3 4 5 7 19] [1 2 5 6] [1 2 3 4 5 8 11] [1 2 3 4 5 11 13 19 32] [1 2 3 4 5 6 8 19] [1 2 3 4 5 11 19] [1 2 3 4 5 19] [1 2 3 4 5 8 15 26] [1 2 8] [1 2 3 5 6 8 15] [1 2 3 4 5 6 7 8 16] [1 2 3 4 5 6 7 8 11 19] [1 2 3 4 5 7 8 11 13 15 19 32 35] [1 5] [1 2 5 7] [1 2 5 6 7 8] [1 2 3 5 7 8 11 15 19 32] [1 2 32] [1 2 15] [1 2 3 4 5 8 19] [1 2 3 4 5 6 7 8 11] [1 4 36] [] [] [] [] [] [] [] [] [] [] [] [] [] [] [] [] [] [] [] [] [] [] [] [] [] [] [] [] [] [] [] [] [] [] [] [] [] [] [] [] [] [] [] [] [] [] []
61 [] [1 2 5 6 7] [1 2 3 5 7] [1 2 3 5 8] [1 2 3] [1 2 3 4 5 7 8 12 16] [1 2 3 4 5 6 8 15] [1 2 3 4 5 6] [1 2 3 5 7 8 15 39] [1 2 3 5 7 8 26] [1 2 3 5 8 15] [1 2 3 4 5] [1 2 3 4 5 7 8] [1 2 3 5 7 8] [1 2 3 5 11] [1 2 3 5 6 7] [1 2 3 4 5 7 8 15] [1 2 3 4 5 6 7 8] [1 2 3 4] [1 2 3 4 5 7] [1 2 3 5] [1 2 3 4 5 7 11] [1 2 3 4 5 7 8 11 12] [1 2 3 4 5 8] [1 2 3 4 8] [1 2 3 4 5 8 15] [1 2 3 5 6 7 11 19] [1 2 3 4 5 6 7 8 11 15 19] [1 2 3 4 5 6 7 8 11 12] [1 2 3 4 5 7 8 26] [1 2 3 4 5 8 11 15 19] [1 2 5 8] [1 2 3 5 6] [1 2 3 5 8 26] [1 2 3 5 6 11 19] [1 2 3 5 7 8 11] [1 2 3 4 5 7 8 11] [1 2 3 4 5 7 8 15 39] [1 2 3 5 7 8 11 15] [1 2 3 4 5 7 8 12] [1 2 5] [1 2 3 5 6 7 8] [1 2] [1] [1 2 3 4 5 6 7 8 15 16] [1 2 3 4 5 6 7 8 15] [1 2 3 4 5 6 7] [1 2 3 4 5 6 8] [1 2 3 4 5 6 7 8 19] [1 2 3 5 7 11 19] [1 2 3 4 5 6 7 8 12 16 19] [1 2 3 4 5 6 7 8 15 19] [1 2 3 4 5 7 8 11 15] [1 2 3 5 6 7 11] [1 2 3 5 6 8] [1 2 3 4 5 6 19] [1 2 3 5 8 11 15 19 32] [1 2 5 8 15] [1 2 3 5 7 8 15] [1 2 3 5 6 7 8 15 39] [1 2 3 4 7] [1 2 3 4 5 7 19] [1 2 3 5 6 7 8 15] [1 2 5 6] [1 2 3 4 5 8 11] [1 2 3 4 5 11 13 19 32] [1 2 3 4 5 6 8 19] [1 2 3 4 5 11 19] [1 2 3 4 5 19] [1 2 3 4 5 8 15 26] [1 2 8] [1 2 3 5 6 8 15] [1 2 3 4 5 6 7 8 16] [1 2 3 4 5 6 7 8 11 19] [1 2 3 4 5 7 8 11 13 15 19 32 35] [1 5] [1 2 5 7] [1 2 5 6 7 8] [1 2 3 5 7 8 11 15 19 32] [1 2 32] [1 2 15] [1 2 3 4 5 8 19] [1 2 3 4 5 6 7 8 11] [1 4 36] [] [] [] [] [] [] [] [] [] [] [] [] [] [] [] [] [] [] [] [] [] [] [] [] [] [] [] [] [] [] [] [] [] [] [] [] [] [] [] [] [] [] [] [] [] [] []
62 [] [1 2 3 5 8] [1 2 3 8] [1 2 3 4 5 7 8 15] [1 2 3] [1 2 3 4 5 7 8 12 16] [1 2 3 4 5 6 8 15] [1 2 3 4 5 6] [1 2 3 5 7 8 15 39] [1 2 3 5 7 8 26] [1 2 3 5 8 15] [1 2 3 4 5] [1 2 3 4 5 7 8] [1 2 3 5 7 8] [1 2 3 5 11] [1 2 3 5 6 7] [1 2 3 4 5 6 7 8] [1 2 3 4] [1 2 3 4 5 7] [1 2 3 5] [1 2 3 4 5 7 11] [1 2 3 4 5 7 8 11 12] [1 2 3 4 5 8] [1 2 3 4 8] [1 2 3 5 7] [1 2 3 4 5 8 15] [1 2 3 5 6 7 11 19] [1 2 3 4 5 6 7 8 11 15 19] [1 2 3 4 5 6 7 8 11 12] [1 2 3 4 5 7 8 26] [1 2 3 4 5 8 11 15 19] [1 2 5 8] [1 2 3 5 6] [1 2 3 5 8 26] [1 2 3 5 6 11 19] [1 2 3 5 7 8 11] [1 2 3 4 5 7 8 11] [1 2 3 4 5 7 8 15 39] [1 2 3 5 7 8 11 15] [1 2 3 4 5 7 8 12] [1 2 5] [1 2 3 5 6 7 8] [1 2] [1] [1 2 3 4 5 6 7 8 15 16] [1 2 3 4 5 6 7 8 15] [1 2 3 4 5 6 7] [1 2 3 4 5 6 8] [1 2 3 4 5 6 7 8 19] [1 2 3 5 7 11 19] [1 2 3 4 5 6 7 8 12 16 19] [1 2 3 4 5 6 7 8 15 19] [1 2 3 4 5 7 8 11 15] [1 2 3 5 6 7 11] [1 2 3 5 6 8] [1 2 3 4 5 6 19] [1 2 3 5 8 11 15 19 32] [1 2 5 8 15] [1 2 3 5 7 8 15] [1 2 3 5 6 7 8 15 39] [1 2 3 4 7] [1 2 3 4 5 7 19] [1 2 3 5 6 7 8 15] [1 2 5 6] [1 2 3 4 5 8 11] [1 2 3 4 5 11 13 19 32] [1 2 3 4 5 6 8 19] [1 2 3 4 5 11 19] [1 2 3 4 5 19] [1 2 3 4 5 8 15 26] [1 2 8] [1 2 3 5 6 8 15] [1 2 3 4 5 6 7 8 16] [1 2 3 4 5 6 7 8 11 19] [1 2 3 4 5 7 8 11 13 15 19 32 35] [1 5] [1 2 5 7] [1 2 5 6 7 8] [1 2 3 5 7 8 11 15 19 32] [1 2 32] [1 2 15] [1 2 3 4 5 8 19] [1 2 3 4 5 6 7 8 11] [1 4 36] [] [] [] [] [] [] [] [] [] [] [] [] [] [] [] [] [] [] [] [] [] [] [] [] [] [] [] [] [] [] [] [] [] [] [] [] [] [] [] [] [] [] [] [] [] [] []
63 [] [1 2 3 4 5 7 8 15] [1 2 3] [1 2 3 4 5 7 8 12 16] [1 2 3 4 5 6 8 15] [1 2 3 4 5 6] [1 2 3 5 7 8 15 39] [1 2 3 5 7 8 26] [1 2 3 5 8 15] [1 2 3 4 5] [1 2 3 5 8] [1 2 3 4 5 7 8] [1 2 3 5 7 8] [1 2 3 5 11] [1 2 3 5 6 7] [1 2 3 4 5 6 7 8] [1 2 3 4] [1 2 3 4 5 7] [1 2 3 5] [1 2 3 4 5 7 11] [1 2 3 4 5 7 8 11 12] [1 2 3 4 5 8] [1 2 3 4 8] [1 2 3 5 7] [1 2 3 4 5 8 15] [1 2 3 5 6 7 11 19] [1 2 3 4 5 6 7 8 11 15 19] [1 2 3 4 5 6 7 8 11 12] [1 2 3 4 5 7 8 26] [1 2 3 4 5 8 11 15 19] [1 2 5 8] [1 2 3 5 6] [1 2 3 5 8 26] [1 2 3 5 6 11 19] [1 2 3 5 7 8 11] [1 2 3 4 5 7 8 11] [1 2 3 4 5 7 8 15 39] [1 2 3 5 7 8 11 15] [1 2 3 4 5 7 8 12] [1 2 5] [1 2 3 5 6 7 8] [1 2] [1] [1 2 3 4 5 6 7 8 15 16] [1 2 3 4 5 6 7 8 15] [1 2 3 4 5 6 7] [1 2 3 4 5 6 8] [1 2 3 4 5 6 7 8 19] [1 2 3 5 7 11 19] [1 2 3 4 5 6 7 8 12 16 19] [1 2 3 4 5 6 7 8 15 19] [1 2 3 4 5 7 8 11 15] [1 2 3 5 6 7 11] [1 2 3 5 6 8] [1 2 3 4 5 6 19] [1 2 3 5 8 11 15 19 32] [1 2 5 8 15] [1 2 3 5 7 8 15] [1 2 3 5 6 7 8 15 39] [1 2 3 4 7] [1 2 3 4 5 7 19] [1 2 3 5 6 7 8 15] [1 2 5 6] [1 2 3 4 5 8 11] [1 2 3 4 5 11 13 19 32] [1 2 3 4 5 6 8 19] [1 2 3 4 5 11 19] [1 2 3 4 5 19] [1 2 3 4 5 8 15 26] [1 2 8] [1 2 3 5 6 8 15] [1 2 3 4 5 6 7 8 16] [1 2 3 4 5 6 7 8 11 19] [1 2 3 4 5 7 8 11 13 15 19 32 35] [1 5] [1 2 5 7] [1 2 5 6 7 8] [1 2 3 5 7 8 11 15 19 32] [1 2 32] [1 2 15] [1 2 3 4 5 8 19] [1 2 3 4 5 6 7 8 11] [1 4 36] [] [] [] [] [] [] [] [] [] [] [] [] [] [] [] [] [] [] [] [] [] [] [] [] [] [] [] [] [] [] [] [] [] [] [] [] [] [] [] [] [] [] [] [] [] [] [] []
64 [] [1 2 3 4 5 7 8 12 16] [1 2 3 4 5 6 8 15] [1 2 3 4 5 6] [1 2 3 5 7 8 15 39] [1 2 3 5 7 8 26] [1 2 3 5 8 15] [1 2 3 4 5] [1 2 3 5 8] [1 2 3 4 5 7 8] [1 2 3 5 7 8] [1 2 3 5 11] [1 2 3 5 6 7] [1 2 3 4 5 7 8 15] [1 2 3 4 5 6 7 8] [1 2 3 4] [1 2 3 4 5 7] [1 2 3 5] [1 2 3 4 5 7 11] [1 2 3 4 5 7 8 11 12] [1 2 3 4 5 8] [1 2 3 4 8] [1 2 3 5 7] [1 2 3 4 5 8 15] [1 2 3 5 6 7 11 19] [1 2 3 4 5 6 7 8 11 15 19] [1 2 3 4 5 6 7 8 11 12] [1 2 3 4 5 7 8 26] [1 2 3] [1 2 3 4 5 8 11 15 19] [1 2 5 8] [1 2 3 5 6] [1 2 3 5 8 26] [1 2 3 5 6 11 19] [1 2 3 5 7 8 11] [1 2 3 4 5 7 8 11] [1 2 3 4 5 7 8 15 39] [1 2 3 5 7 8 11 15] [1 2 3 4 5 7 8 12] [1 2 5] [1 2 3 5 6 7 8] [1 2] [1] [1 2 3 4 5 6 7 8 15 16] [1 2 3 4 5 6 7 8 15] [1 2 3 4 5 6 7] [1 2 3 4 5 6 8] [1 2 3 4 5 6 7 8 19] [1 2 3 5 7 11 19] [1 2 3 4 5 6 7 8 12 16 19] [1 2 3 4 5 6 7 8 15 19] [1 2 3 4 5 7 8 11 15] [1 2 3 5 6 7 11] [1 2 3 5 6 8] [1 2 3 4 5 6 19] [1 2 3 5 8 11 15 19 32] [1 2 5 8 15] [1 2 3 5 7 8 15] [1 2 3 5 6 7 8 15 39] [1 2 3 4 7] [1 2 3 4 5 7 19] [1 2 3 5 6 7 8 15] [1 2 5 6] [1 2 3 4 5 8 11] [1 2 3 4 5 11 13 19 32] [1 2 3 4 5 6 8 19] [1 2 3 4 5 11 19] [1 2 3 4 5 19] [1 2 3 4 5 8 15 26] [1 2 8] [1 2 3 5 6 8 15] [1 2 3 4 5 6 7 8 16] [1 2 3 4 5 6 7 8 11 19] [1 2 3 4 5 7 8 11 13 15 19 32 35] [1 5] [1 2 5 7] [1 2 5 6 7 8] [1 2 3 5 7 8 11 15 19 32] [1 2 32] [1 2 15] [1 2 3 4 5 8 19] [1 2 3 4 5 6 7 8 11] [1 4 36] [] [] [] [] [] [] [] [] [] [] [] [] [] [] [] [] [] [] [] [] [] [] [] [] [] [] [] [] [] [] [] [] [] [] [] [] [] [] [] [] [] [] [] [] [] [] [] []
65 [] [1 2 3 4 5 6] [1 2 3 4 5 7 11] [1 2 3 5 7 8 15 39] [1 2 3 5 7 8 26] [1 2 3 5 8 15] [1 2 3 4 5] [1 2 3 5 8] [1 2 3 4 5 7 8] [1 2 3 5 7 8] [1 2 3 5 11] [1 2 3 5 6 7] [1 2 3 4 5 7 8 15] [1 2 3 4 5 6 7 8] [1 2 3 4] [1 2 3 4 5 7] [1 2 3 5] [1 2 3 4 5 7 8 11 12] [1 2 3 4 5 8] [1 2 3 4 8] [1 2 3 5 7] [1 2 3 4 5 8 15] [1 2 3 5 6 7 11 19] [1 2 3 4 5 6 7 8 11 15 19] [1 2 3 4 5 6 7 8 11 12] [1 2 3 4 5 7 8 26] [1 2 3] [1 2 3 4 5 8 11 15 19] [1 2 5 8] [1 2 3 5 6] [1 2 3 5 8 26] [1 2 3 5 6 11 19] [1 2 3 5 7 8 11] [1 2 3 4 5 7 8 11] [1 2 3 4 5 7 8 15 39] [1 2 3 5 7 8 11 15] [1 2 3 4 5 7 8 12] [1 2 5] [1 2 3 5 6 7 8] [1 2] [1] [1 2 3 4 5 6 7 8 15 16] [1 2 3 4 5 6 7 8 15] [1 2 3 4 5 6 7] [1 2 3 4 5 6 8] [1 2 3 4 5 6 7 8 19] [1 2 3 5 7 11 19] [1 2 3 4 5 6 7 8 12 16 19] [1 2 3 4 5 6 7 8 15 19] [1 2 3 4 5 7 8 11 15] [1 2 3 5 6 7 11] [1 2 3 5 6 8] [1 2 3 4 5 6 19] [1 2 3 5 8 11 15 19 32] [1 2 5 8 15] [1 2 3 5 7 8 15] [1 2 3 5 6 7 8 15 39] [1 2 3 4 7] [1 2 3 4 5 7 19] [1 2 3 5 6 7 8 15] [1 2 5 6] [1 2 3 4 5 8 11] [1 2 3 4 5 11 13 19 32] [1 2 3 4 5 6 8 19] [1 2 3 4 5 11 19] [1 2 3 4 5 19] [1 2 3 4 5 8 15 26] [1 2 8] [1 2 3 5 6 8 15] [1 2 3 4 5 6 7 8 16] [1 2 3 4 5 6 7 8 11 19] [1 2 3 4 5 7 8 11 13 15 19 32 35] [1 5] [1 2 5 7] [1 2 5 6 7 8] [1 2 3 5 7 8 11 15 19 32] [1 2 32] [1 2 15] [1 2 3 4 5 8 19] [1 2 3 4 5 6 7 8 11] [1 4 36] [] [] [] [] [] [] [] [] [] [] [] [] [] [] [] [] [] [] [] [] [] [] [] [] [] [] [] [] [] [] [] [] [] [] [] [] [] [] [] [] [] [] [] [] [] [] [] [] [] []
66 [] [1 2 3 5 7 8 15 39] [1 2 3] [1 2 3 5 7 8 26] [1 2 3 5 8 15] [1 2 3 4 5] [1 2 3 5 8] [1 2 3 4 5 7 8] [1 2 3 5 7 8] [1 2 3 5 11] [1 2 3 5 6 7] [1 2 3 4 5 7 8 15] [1 2 3 4 5 6 7 8] [1 2 3 4 5 6] [1 2 3 4] [1 2 3 4 5 7] [1 2 3 5] [1 2 3 4 5 7 11] [1 2 3 4 5 7 8 11 12] [1 2 3 4 5 8] [1 2 3 4 8] [1 2 3 5 7] [1 2 3 4 5 8 15] [1 2 3 5 6 7 11 19] [1 2 3 4 5 6 7 8 11 15 19] [1 2 3 4 5 6 7 8 11 12] [1 2 3 4 5 7 8 26] [1 2 3 4 5 8 11 15 19] [1 2 5 8] [1 2 3 5 6] [1 2 3 5 8 26] [1 2 3 5 6 11 19] [1 2 3 5 7 8 11] [1 2 3 4 5 7 8 11] [1 2 3 4 5 7 8 15 39] [1 2 3 5 7 8 11 15] [1 2 3 4 5 7 8 12] [1 2 5] [1 2 3 5 6 7 8] [1 2] [1] [1 2 3 4 5 6 7 8 15 16] [1 2 3 4 5 6 7 8 15] [1 2 3 4 5 6 7] [1 2 3 4 5 6 8] [1 2 3 4 5 6 7 8 19] [1 2 3 5 7 11 19] [1 2 3 4 5 6 7 8 12 16 19] [1 2 3 4 5 6 7 8 15 19] [1 2 3 4 5 7 8 11 15] [1 2 3 5 6 7 11] [1 2 3 5 6 8] [1 2 3 4 5 6 19] [1 2 3 5 8 11 15 19 32] [1 2 5 8 15] [1 2 3 5 7 8 15] [1 2 3 5 6 7 8 15 39] [1 2 3 4 7] [1 2 3 4 5 7 19] [1 2 3 5 6 7 8 15] [1 2 5 6] [1 2 3 4 5 8 11] [1 2 3 4 5 11 13 19 32] [1 2 3 4 5 6 8 19] [1 2 3 4 5 11 19] [1 2 3 4 5 19] [1 2 3 4 5 8 15 26] [1 2 8] [1 2 3 5 6 8 15] [1 2 3 4 5 6 7 8 16] [1 2 3 4 5 6 7 8 11 19] [1 2 3 4 5 7 8 11 13 15 19 32 35] [1 5] [1 2 5 7] [1 2 5 6 7 8] [1 2 3 5 7 8 11 15 19 32] [1 2 32] [1 2 15] [1 2 3 4 5 8 19] [1 2 3 4 5 6 7 8 11] [1 4 36] [] [] [] [] [] [] [] [] [] [] [] [] [] [] [] [] [] [] [] [] [] [] [] [] [] [] [] [] [] [] [] [] [] [] [] [] [] [] [] [] [] [] [] [] [] [] [] [] [] []
67 [] [1 2 3 5 7 8 26] [1 2 3 5 8 15] [1 2 3 4 5] [1 2 3 5 8] [1 2 3 4 5 7 8] [1 2 3 5 7 8] [1 2 3 5 11] [1 2 3 5 6 7] [1 2 3 4 5 7 8 15] [1 2 3 4 5 6 7 8] [1 2 3 4 5 6] [1 2 3 4] [1 2 3 4 5 7] [1 2 3 5] [1 2 3 4 5 7 11] [1 2 3 4 5 7 8 11 12] [1 2 3 4 5 8] [1 2 3 4 8] [1 2 3 5 7] [1 2 3 4 5 8 15] [1 2 3 5 6 7 11 19] [1 2 3 4 5 6 7 8 11 15 19] [1 2 3 4 5 6 7 8 11 12] [1 2 3 4 5 7 8 26] [1 2 3] [1 2 3 4 5 8 11 15 19] [1 2 5 8] [1 2 3 5 6] [1 2 3 5 8 26] [1 2 3 5 6 11 19] [1 2 3 5 7 8 11] [1 2 3 4 5 7 8 11] [1 2 3 4 5 7 8 15 39] [1 2 3 5 7 8 11 15] [1 2 3 4 5 7 8 12] [1 2 5] [1 2 3 5 6 7 8] [1 2] [1] [1 2 3 4 5 6 7 8 15 16] [1 2 3 4 5 6 7 8 15] [1 2 3 4 5 6 7] [1 2 3 4 5 6 8] [1 2 3 4 5 6 7 8 19] [1 2 3 5 7 11 19] [1 2 3 4 5 6 7 8 12 16 19] [1 2 3 4 5 6 7 8 15 19] [1 2 3 4 5 7 8 11 15] [1 2 3 5 6 7 11] [1 2 3 5 6 8] [1 2 3 4 5 6 19] [1 2 3 5 8 11 15 19 32] [1 2 5 8 15] [1 2 3 5 7 8 15] [1 2 3 5 6 7 8 15 39] [1 2 3 4 7] [1 2 3 4 5 7 19] [1 2 3 5 6 7 8 15] [1 2 5 6] [1 2 3 4 5 8 11] [1 2 3 4 5 11 13 19 32] [1 2 3 4 5 6 8 19] [1 2 3 4 5 11 19] [1 2 3 4 5 19] [1 2 3 4 5 8 15 26] [1 2 8] [1 2 3 5 6 8 15] [1 2 3 4 5 6 7 8 16] [1 2 3 4 5 6 7 8 11 19] [1 2 3 4 5 7 8 11 13 15 19 32 35] [1 5] [1 2 5 7] [1 2 5 6 7 8] [1 2 3 5 7 8 11 15 19 32] [1 2 32] [1 2 15] [1 2 3 4 5 8 19] [1 2 3 4 5 6 7 8 11] [1 4 36] [] [] [] [] [] [] [] [] [] [] [] [] [] [] [] [] [] [] [] [] [] [] [] [] [] [] [] [] [] [] [] [] [] [] [] [] [] [] [] [] [] [] [] [] [] [] [] [] [] [] []
68 [] [1 2 3 4 5] [1 2 3 5 8] [1 2 3 4 5 7 8] [1 2 3 5 7 8] [1 2 3 5 11] [1 2 3 5 6 7] [1 2 3 4 5 7 8 15] [1 2 3 4 5 6 7 8] [1 2 3 4 5 6] [1 2 3 4] [1 2 3 4 5 7] [1 2 3 5] [1 2 3 4 5 7 11] [1 2 3 4 5 7 8 11 12] [1 2 3 4 5 8] [1 2 3 4 8] [1 2 3 5 7] [1 2 3 4 5 8 15] [1 2 3 5 6 7 11 19] [1 2 3 4 5 6 7 8 11 15 19] [1 2 3 4 5 6 7 8 11 12] [1 2 3 4 5 7 8 26] [1 2 3] [1 2 3 4 5 8 11 15 19] [1 2 5 8] [1 2 3 5 6] [1 2 3 5 8 26] [1 2 3 5 6 11 19] [1 2 3 5 7 8 11] [1 2 3 4 5 7 8 11] [1 2 3 4 5 7 8 15 39] [1 2 3 5 7 8 11 15] [1 2 3 4 5 7 8 12] [1 2 5] [1 2 3 5 6 7 8] [1 2] [1] [1 2 3 4 5 6 7 8 15 16] [1 2 3 4 5 6 7 8 15] [1 2 3 4 5 6 7] [1 2 3 4 5 6 8] [1 2 3 4 5 6 7 8 19] [1 2 3 5 7 11 19] [1 2 3 4 5 6 7 8 12 16 19] [1 2 3 4 5 6 7 8 15 19] [1 2 3 4 5 7 8 11 15] [1 2 3 5 6 7 11] [1 2 3 5 6 8] [1 2 3 4 5 6 19] [1 2 3 5 8 11 15 19 32] [1 2 5 8 15] [1 2 3 5 7 8 15] [1 2 3 5 6 7 8 15 39] [1 2 3 4 7] [1 2 3 4 5 7 19] [1 2 3 5 6 7 8 15] [1 2 5 6] [1 2 3 4 5 8 11] [1 2 3 4 5 11 13 19 32] [1 2 3 4 5 6 8 19] [1 2 3 4 5 11 19] [1 2 3 4 5 19] [1 2 3 4 5 8 15 26] [1 2 8] [1 2 3 5 6 8 15] [1 2 3 4 5 6 7 8 16] [1 2 3 4 5 6 7 8 11 19] [1 2 3 4 5 7 8 11 13 15 19 32 35] [1 5] [1 2 5 7] [1 2 5 6 7 8] [1 2 3 5 7 8 11 15 19 32] [1 2 32] [1 2 15] [1 2 3 5 8 15] [1 2 3 4 5 8 19] [1 2 3 4 5 6 7 8 11] [1 4 36] [] [] [] [] [] [] [] [] [] [] [] [] [] [] [] [] [] [] [] [] [] [] [] [] [] [] [] [] [] [] [] [] [] [] [] [] [] [] [] [] [] [] [] [] [] [] [] [] [] [] [] []
69 [] [1 2 3 5 8] [1 2 3 4 5 7 8] [1 2 3 5 7 8] [1 2 3 5 11] [1 2 3 5 6 7] [1 2 3 4 5 7 8 15] [1 2 3 4 5 6 7 8] [1 2 3 4 5 6] [1 2 3 4] [1 2 3 4 5] [1 2 3 4 5 7] [1 2 3 5] [1 2 3 4 5 7 11] [1 2 3 4 5 7 8 11 12] [1 2 3 4 5 8] [1 2 3 4 8] [1 2 3 5 7] [1 2 3 4 5 8 15] [1 2 3 5 6 7 11 19] [1 2 3 4 5 6 7 8 11 15 19] [1 2 3 4 5 6 7 8 11 12] [1 2 3 4 5 7 8 26] [1 2 3] [1 2 3 4 5 8 11 15 19] [1 2 5 8] [1 2 3 5 6] [1 2 3 5 8 26] [1 2 3 5 6 11 19] [1 2 3 5 7 8 11] [1 2 3 4 5 7 8 11] [1 2 3 4 5 7 8 15 39] [1 2 3 5 7 8 11 15] [1 2 3 4 5 7 8 12] [1 2 5] [1 2 3 5 6 7 8] [1 2] [1] [1 2 3 4 5 6 7 8 15 16] [1 2 3 4 5 6 7 8 15] [1 2 3 4 5 6 7] [1 2 3 4 5 6 8] [1 2 3 4 5 6 7 8 19] [1 2 3 5 7 11 19] [1 2 3 4 5 6 7 8 12 16 19] [1 2 3 4 5 6 7 8 15 19] [1 2 3 4 5 7 8 11 15] [1 2 3 5 6 7 11] [1 2 3 5 6 8] [1 2 3 4 5 6 19] [1 2 3 5 8 11 15 19 32] [1 2 5 8 15] [1 2 3 5 7 8 15] [1 2 3 5 6 7 8 15 39] [1 2 3 4 7] [1 2 3 4 5 7 19] [1 2 3 5 6 7 8 15] [1 2 5 6] [1 2 3 4 5 8 11] [1 2 3 4 5 11 13 19 32] [1 2 3 4 5 6 8 19] [1 2 3 4 5 11 19] [1 2 3 4 5 19] [1 2 3 4 5 8 15 26] [1 2 8] [1 2 3 5 6 8 15] [1 2 3 4 5 6 7 8 16] [1 2 3 4 5 6 7 8 11 19] [1 2 3 4 5 7 8 11 13 15 19 32 35] [1 5] [1 2 5 7] [1 2 5 6 7 8] [1 2 3 5 7 8 11 15 19 32] [1 2 32] [1 2 15] [1 2 3 5 8 15] [1 2 3 4 5 8 19] [1 2 3 4 5 6 7 8 11] [1 4 36] [] [] [] [] [] [] [] [] [] [] [] [] [] [] [] [] [] [] [] [] [] [] [] [] [] [] [] [] [] [] [] [] [] [] [] [] [] [] [] [] [] [] [] [] [] [] [] [] [] [] [] []
70 [] [1 2 3 5 7 8] [1 2 3 4 5 6 7 8] [1 2 3 5 11] [1 2 3 5 6 7] [1 2 3 4 5 7 8 15] [1 2 3 4 5 6] [1 2 3 4] [1 2 3 4 5] [1 2 3 5 8] [1 2 3 4 5 7] [1 2 3 5] [1 2 3 4 5 7 11] [1 2 3 4 5 7 8 11 12] [1 2 3 4 5 8] [1 2 3 4 8] [1 2 3 5 7] [1 2 3 4 5 8 15] [1 2 3 5 6 7 11 19] [1 2 3 4 5 6 7 8 11 15 19] [1 2 3 4 5 6 7 8 11 12] [1 2 3 4 5 7 8 26] [1 2 3] [1 2 3 4 5 8 11 15 19] [1 2 5 8] [1 2 3 5 6] [1 2 3 5 8 26] [1 2 3 5 6 11 19] [1 2 3 5 7 8 11] [1 2 3 4 5 7 8 11] [1 2 3 4 5 7 8 15 39] [1 2 3 5 7 8 11 15] [1 2 3 4 5 7 8 12] [1 2 5] [1 2 3 5 6 7 8] [1 2] [1] [1 2 3 4 5 6 7 8 15 16] [1 2 3 4 5 6 7 8 15] [1 2 3 4 5 6 7] [1 2 3 4 5 7 8] [1 2 3 4 5 6 8] [1 2 3 4 5 6 7 8 19] [1 2 3 5 7 11 19] [1 2 3 4 5 6 7 8 12 16 19] [1 2 3 4 5 6 7 8 15 19] [1 2 3 4 5 7 8 11 15] [1 2 3 5 6 7 11] [1 2 3 5 6 8] [1 2 3 4 5 6 19] [1 2 3 5 8 11 15 19 32] [1 2 5 8 15] [1 2 3 5 7 8 15] [1 2 3 5 6 7 8 15 39] [1 2 3 4 7] [1 2 3 4 5 7 19] [1 2 3 5 6 7 8 15] [1 2 5 6] [1 2 3 4 5 8 11] [1 2 3 4 5 11 13 19 32] [1 2 3 4 5 6 8 19] [1 2 3 4 5 11 19] [1 2 3 4 5 19] [1 2 3 4 5 8 15 26] [1 2 8] [1 2 3 5 6 8 15] [1 2 3 4 5 6 7 8 16] [1 2 3 4 5 6 7 8 11 19] [1 2 3 4 5 7 8 11 13 15 19 32 35] [1 5] [1 2 5 7] [1 2 5 6 7 8] [1 2 3 5 7 8 11 15 19 32] [1 2 32] [1 2 15] [1 2 3 5 8 15] [1 2 3 4 5 8 19] [1 2 3 4 5 6 7 8 11] [1 4 36] [] [] [] [] [] [] [] [] [] [] [] [] [] [] [] [] [] [] [] [] [] [] [] [] [] [] [] [] [] [] [] [] [] [] [] [] [] [] [] [] [] [] [] [] [] [] [] [] [] [] [] []
71 [] [1 2 3 5 11] [1 2 3 5 7 8] [1 2 3 5 6 7] [1 2 3 4 5 7 8 15] [1 2 3 4 5 6 7 8] [1 2 3 4 5 6] [1 2 3 4] [1 2 3 4 5] [1 2 3 5 8] [1 2 3 4 5 7] [1 2 3 5] [1 2 3 4 5 7 11] [1 2 3 4 5 7 8 11 12] [1 2 3 4 5 8] [1 2 3 4 8] [1 2 3 5 7] [1 2 3 4 5 8 15] [1 2 3 5 6 7 11 19] [1 2 3 4 5 6 7 8 11 15 19] [1 2 3 4 5 6 7 8 11 12] [1 2 3 4 5 7 8 26] [1 2 3] [1 2 3 4 5 8 11 15 19] [1 2 5 8] [1 2 3 5 6] [1 2 3 5 8 26] [1 2 3 5 6 11 19] [1 2 3 5 7 8 11] [1 2 3 4 5 7 8 11] [1 2 3 4 5 7 8 15 39] [1 2 3 5 7 8 11 15] [1 2 3 4 5 7 8 12] [1 2 5] [1 2 3 5 6 7 8] [1 2] [1] [1 2 3 4 5 6 7 8 15 16] [1 2 3 4 5 6 7 8 15] [1 2 3 4 5 6 7] [1 2 3 4 5 7 8] [1 2 3 4 5 6 8] [1 2 3 4 5 6 7 8 19] [1 2 3 5 7 11 19] [1 2 3 4 5 6 7 8 12 16 19] [1 2 3 4 5 6 7 8 15 19] [1 2 3 4 5 7 8 11 15] [1 2 3 5 6 7 11] [1 2 3 5 6 8] [1 2 3 4 5 6 19] [1 2 3 5 8 11 15 19 32] [1 2 5 8 15] [1 2 3 5 7 8 15] [1 2 3 5 6 7 8 15 39] [1 2 3 4 7] [1 2 3 4 5 7 19] [1 2 3 5 6 7 8 15] [1 2 5 6] [1 2 3 4 5 8 11] [1 2 3 4 5 11 13 19 32] [1 2 3 4 5 6 8 19] [1 2 3 4 5 11 19] [1 2 3 4 5 19] [1 2 3 4 5 8 15 26] [1 2 8] [1 2 3 5 6 8 15] [1 2 3 4 5 6 7 8 16] [1 2 3 4 5 6 7 8 11 19] [1 2 3 4 5 7 8 11 13 15 19 32 35] [1 5] [1 2 5 7] [1 2 5 6 7 8] [1 2 3 5 7 8 11 15 19 32] [1 2 32] [1 2 15] [1 2 3 5 8 15] [1 2 3 4 5 8 19] [1 2 3 4 5 6 7 8 11] [1 4 36] [] [] [] [] [] [] [] [] [] [] [] [] [] [] [] [] [] [] [] [] [] [] [] [] [] [] [] [] [] [] [] [] [] [] [] [] [] [] [] [] [] [] [] [] [] [] [] [] [] [] [] []
72 [] [1 2 3 5 6 7] [1 2 3 4 5 7 8 15] [1 2 3 4 5 6 7 8] [1 2 3 5 7 8] [1 2 3 4 5 6] [1 2 3 4] [1 2 3 4 5] [1 2 3 5 8] [1 2 3 4 5 7] [1 2 3 5] [1 2 3 4 5 7 11] [1 2 3 4 5 7 8 11 12] [1 2 3 4 5 8] [1 2 3 4 8] [1 2 3 5 7] [1 2 3 4 5 8 15] [1 2 3 5 6 7 11 19] [1 2 3 4 5 6 7 8 11 15 19] [1 2 3 4 5 6 7 8 11 12] [1 2 3 4 5 7 8 26] [1 2 3] [1 2 3 4 5 8 11 15 19] [1 2 5 8] [1 2 3 5 6] [1 2 3 5 8 26] [1 2 3 5 6 11 19] [1 2 3 5 7 8 11] [1 2 3 4 5 7 8 11] [1 2 3 4 5 7 8 15 39] [1 2 3 5 7 8 11 15] [1 2 3 4 5 7 8 12] [1 2 5] [1 2 3 5 6 7 8] [1 2] [1] [1 2 3 5 11] [1 2 3 4 5 6 7 8 15 16] [1 2 3 4 5 6 7 8 15] [1 2 3 4 5 6 7] [1 2 3 4 5 7 8] [1 2 3 4 5 6 8] [1 2 3 4 5 6 7 8 19] [1 2 3 5 7 11 19] [1 2 3 4 5 6 7 8 12 16 19] [1 2 3 4 5 6 7 8 15 19] [1 2 3 4 5 7 8 11 15] [1 2 3 5 6 7 11] [1 2 3 5 6 8] [1 2 3 4 5 6 19] [1 2 3 5 8 11 15 19 32] [1 2 5 8 15] [1 2 3 5 7 8 15] [1 2 3 5 6 7 8 15 39] [1 2 3 4 7] [1 2 3 4 5 7 19] [1 2 3 5 6 7 8 15] [1 2 5 6] [1 2 3 4 5 8 11] [1 2 3 4 5 11 13 19 32] [1 2 3 4 5 6 8 19] [1 2 3 4 5 11 19] [1 2 3 4 5 19] [1 2 3 4 5 8 15 26] [1 2 8] [1 2 3 5 6 8 15] [1 2 3 4 5 6 7 8 16] [1 2 3 4 5 6 7 8 11 19] [1 2 3 4 5 7 8 11 13 15 19 32 35] [1 5] [1 2 5 7] [1 2 5 6 7 8] [1 2 3 5 7 8 11 15 19 32] [1 2 32] [1 2 15] [1 2 3 5 8 15] [1 2 3 4 5 8 19] [1 2 3 4 5 6 7 8 11] [1 4 36] [] [] [] [] [] [] [] [] [] [] [] [] [] [] [] [] [] [] [] [] [] [] [] [] [] [] [] [] [] [] [] [] [] [] [] [] [] [] [] [] [] [] [] [] [] [] [] [] [] [] [] []
73 [] [1 2 3 4 5 6 7 8] [1 2 3 5 7 8] [1 2 3 4 5 6] [1 2 3 5 6 7] [1 2 3 4] [1 2 3 4 5] [1 2 3 5 8] [1 2 3 4 5 7] [1 2 3 5] [1 2 3 4 5 7 11] [1 2 3 4 5 7 8 11 12] [1 2 3 4 5 8] [1 2 3 4 8] [1 2 3 5 7] [1 2 3 4 5 8 15] [1 2 3 5 6 7 11 19] [1 2 3 4 5 6 7 8 11 15 19] [1 2 3 4 5 6 7 8 11 12] [1 2 3 4 5 7 8 26] [1 2 3] [1 2 3 4 5 8 11 15 19] [1 2 3 4 5 7 8 15] [1 2 5 8] [1 2 3 5 6] [1 2 3 5 8 26] [1 2 3 5 6 11 19] [1 2 3 5 7 8 11] [1 2 3 4 5 7 8 11] [1 2 3 4 5 7 8 15 39] [1 2 3 5 7 8 11 15] [1 2 3 4 5 7 8 12] [1 2 5] [1 2 3 5 6 7 8] [1 2] [1] [1 2 3 5 11] [1 2 3 4 5 6 7 8 15 16] [1 2 3 4 5 6 7 8 15] [1 2 3 4 5 6 7] [1 2 3 4 5 7 8] [1 2 3 4 5 6 8] [1 2 3 4 5 6 7 8 19] [1 2 3 5 7 11 19] [1 2 3 4 5 6 7 8 12 16 19] [1 2 3 4 5 6 7 8 15 19] [1 2 3 4 5 7 8 11 15] [1 2 3 5 6 7 11] [1 2 3 5 6 8] [1 2 3 4 5 6 19] [1 2 3 5 8 11 15 19 32] [1 2 5 8 15] [1 2 3 5 7 8 15] [1 2 3 5 6 7 8 15 39] [1 2 3 4 7] [1 2 3 4 5 7 19] [1 2 3 5 6 7 8 15] [1 2 5 6] [1 2 3 4 5 8 11] [1 2 3 4 5 11 13 19 32] [1 2 3 4 5 6 8 19] [1 2 3 4 5 11 19] [1 2 3 4 5 19] [1 2 3 4 5 8 15 26] [1 2 8] [1 2 3 5 6 8 15] [1 2 3 4 5 6 7 8 16] [1 2 3 4 5 6 7 8 11 19] [1 2 3 4 5 7 8 11 13 15 19 32 35] [1 5] [1 2 5 7] [1 2 5 6 7 8] [1 2 3 5 7 8 11 15 19 32] [1 2 32] [1 2 15] [1 2 3 5 8 15] [1 2 3 4 5 8 19] [1 2 3 4 5 6 7 8 11] [1 4 36] [] [] [] [] [] [] [] [] [] [] [] [] [] [] [] [] [] [] [] [] [] [] [] [] [] [] [] [] [] [] [] [] [] [] [] [] [] [] [] [] [] [] [] [] [] [] [] [] [] [] [] []
74 [] [1 2 3 4 5 6] [1 2 3 5 6 7] [1 2 3 4] [1 2 3 4 5] [1 2 3 5 8] [1 2 3 4 5 7] [1 2 3 5] [1 2 3 4 5 7 11] [1 2 3 4 5 7 8 11 12] [1 2 3 4 5 8] [1 2 3 4 8] [1 2 3 5 7 8] [1 2 3 5 7] [1 2 3 4 5 8 15] [1 2 3 5 6 7 11 19] [1 2 3 4 5 6 7 8 11 15 19] [1 2 3 4 5 6 7 8 11 12] [1 2 3 4 5 7 8 26] [1 2 3] [1 2 3 4 5 8 11 15 19] [1 2 3 4 5 7 8 15] [1 2 5 8] [1 2 3 5 6] [1 2 3 5 8 26] [1 2 3 5 6 11 19] [1 2 3 5 7 8 11] [1 2 3 4 5 7 8 11] [1 2 3 4 5 7 8 15 39] [1 2 3 5 7 8 11 15] [1 2 3 4 5 7 8 12] [1 2 5] [1 2 3 5 6 7 8] [1 2] [1 2 3 4 5 6 7 8] [1] [1 2 3 5 11] [1 2 3 4 5 6 7 8 15 16] [1 2 3 4 5 6 7 8 15] [1 2 3 4 5 6 7] [1 2 3 4 5 7 8] [1 2 3 4 5 6 8] [1 2 3 4 5 6 7 8 19] [1 2 3 5 7 11 19] [1 2 3 4 5 6 7 8 12 16 19] [1 2 3 4 5 6 7 8 15 19] [1 2 3 4 5 7 8 11 15] [1 2 3 5 6 7 11] [1 2 3 5 6 8] [1 2 3 4 5 6 19] [1 2 3 5 8 11 15 19 32] [1 2 5 8 15] [1 2 3 5 7 8 15] [1 2 3 5 6 7 8 15 39] [1 2 3 4 7] [1 2 3 4 5 7 19] [1 2 3 5 6 7 8 15] [1 2 5 6] [1 2 3 4 5 8 11] [1 2 3 4 5 11 13 19 32] [1 2 3 4 5 6 8 19] [1 2 3 4 5 11 19] [1 2 3 4 5 19] [1 2 3 4 5 8 15 26] [1 2 8] [1 2 3 5 6 8 15] [1 2 3 4 5 6 7 8 16] [1 2 3 4 5 6 7 8 11 19] [1 2 3 4 5 7 8 11 13 15 19 32 35] [1 5] [1 2 5 7] [1 2 5 6 7 8] [1 2 3 5 7 8 11 15 19 32] [1 2 32] [1 2 15] [1 2 3 5 8 15] [1 2 3 4 5 8 19] [1 2 3 4 5 6 7 8 11] [1 4 36] [] [] [] [] [] [] [] [] [] [] [] [] [] [] [] [] [] [] [] [] [] [] [] [] [] [] [] [] [] [] [] [] [] [] [] [] [] [] [] [] [] [] [] [] [] [] [] [] [] [] [] []
75 [] [1 2 3 5 6 7] [1 2 3 4] [1 2 3 5 8 15] [1 2 3 4 5] [1 2 3 5 8] [1 2 3 4 5 7] [1 2 3 5] [1 2 3 4 5 7 11] [1 2 3 4 5 7 8 11 12] [1 2 3 4 5 8] [1 2 3 4 8] [1 2 3 5 7 8] [1 2 3 5 7] [1 2 3 4 5 8 15] [1 2 3 5 6 7 11 19] [1 2 3 4 5 6 7 8 11 15 19] [1 2 3 4 5 6 7 8 11 12] [1 2 3 4 5 7 8 26] [1 2 3 4 5 6] [1 2 3] [1 2 3 4 5 8 11 15 19] [1 2 3 4 5 7 8 15] [1 2 5 8] [1 2 3 5 6] [1 2 3 5 8 26] [1 2 3 5 6 11 19] [1 2 3 5 7 8 11] [1 2 3 4 5 7 8 11] [1 2 3 4 5 7 8 15 39] [1 2 3 5 7 8 11 15] [1 2 3 4 5 7 8 12] [1 2 5] [1 2 3 5 6 7 8] [1 2] [1 2 3 4 5 6 7 8] [1] [1 2 3 5 11] [1 2 3 4 5 6 7 8 15 16] [1 2 3 4 5 6 7 8 15] [1 2 3 4 5 6 7] [1 2 3 4 5 7 8] [1 2 3 4 5 6 8] [1 2 3 4 5 6 7 8 19] [1 2 3 5 7 11 19] [1 2 3 4 5 6 7 8 12 16 19] [1 2 3 4 5 6 7 8 15 19] [1 2 3 4 5 7 8 11 15] [1 2 3 5 6 7 11] [1 2 3 5 6 8] [1 2 3 4 5 6 19] [1 2 3 5 8 11 15 19 32] [1 2 5 8 15] [1 2 3 5 7 8 15] [1 2 3 5 6 7 8 15 39] [1 2 3 4 7] [1 2 3 4 5 7 19] [1 2 3 5 6 7 8 15] [1 2 5 6] [1 2 3 4 5 8 11] [1 2 3 4 5 11 13 19 32] [1 2 3 4 5 6 8 19] [1 2 3 4 5 11 19] [1 2 3 4 5 19] [1 2 3 4 5 8 15 26] [1 2 8] [1 2 3 5 6 8 15] [1 2 3 4 5 6 7 8 16] [1 2 3 4 5 6 7 8 11 19] [1 2 3 4 5 7 8 11 13 15 19 32 35] [1 5] [1 2 5 7] [1 2 5 6 7 8] [1 2 3 5 7 8 11 15 19 32] [1 2 32] [1 2 15] [1 2 3 4 5 8 19] [1 2 3 4 5 6 7 8 11] [1 4 36] [] [] [] [] [] [] [] [] [] [] [] [] [] [] [] [] [] [] [] [] [] [] [] [] [] [] [] [] [] [] [] [] [] [] [] [] [] [] [] [] [] [] [] [] [] [] [] [] [] [] [] []
76 [] [1 2 3 5 8 15] [1 2 3 4 5] [1 2 3 5 8] [1 2 3 4 5 7] [1 2 3 5] [1 2 3 4 5 7 11] [1 2 3 4 5 7 8 11 12] [1 2 3 4 5 8] [1 2 3 4 8] [1 2 3 5 7 8] [1 2 3 5 7] [1 2 3 4 5 8 15] [1 2 3 5 6 7 11 19] [1 2 3 4 5 6 7 8 11 15 19] [1 2 3 4 5 6 7 8 11 12] [1 2 3 4 5 7 8 26] [1 2 3 4 5 6] [1 2 3] [1 2 3 4 5 8 11 15 19] [1 2 3 4 5 7 8 15] [1 2 5 8] [1 2 3 5 6] [1 2 3 5 8 26] [1 2 3 5 6 11 19] [1 2 3 5 7 8 11] [1 2 3 4 5 7 8 11] [1 2 3 4 5 7 8 15 39] [1 2 3 5 7 8 11 15] [1 2 3 4 5 7 8 12] [1 2 5] [1 2 3 5 6 7 8] [1 2] [1 2 3 4 5 6 7 8] [1] [1 2 3 4] [1 2 3 5 6 7] [1 2 3 5 11] [1 2 3 4 5 6 7 8 15 16] [1 2 3 4 5 6 7 8 15] [1 2 3 4 5 6 7] [1 2 3 4 5 7 8] [1 2 3 4 5 6 8] [1 2 3 4 5 6 7 8 19] [1 2 3 5 7 11 19] [1 2 3 4 5 6 7 8 12 16 19] [1 2 3 4 5 6 7 8 15 19] [1 2 3 4 5 7 8 11 15] [1 2 3 5 6 7 11] [1 2 3 5 6 8] [1 2 3 4 5 6 19] [1 2 3 5 8 11 15 19 32] [1 2 5 8 15] [1 2 3 5 7 8 15] [1 2 3 5 6 7 8 15 39] [1 2 3 4 7] [1 2 3 4 5 7 19] [1 2 3 5 6 7 8 15] [1 2 5 6] [1 2 3 4 5 8 11] [1 2 3 4 5 11 13 19 32] [1 2 3 4 5 6 8 19] [1 2 3 4 5 11 19] [1 2 3 4 5 19] [1 2 3 4 5 8 15 26] [1 2 8] [1 2 3 5 6 8 15] [1 2 3 4 5 6 7 8 16] [1 2 3 4 5 6 7 8 11 19] [1 2 3 4 5 7 8 11 13 15 19 32 35] [1 5] [1 2 5 7] [1 2 5 6 7 8] [1 2 3 5 7 8 11 15 19 32] [1 2 32] [1 2 15] [1 2 3 4 5 8 19] [1 2 3 4 5 6 7 8 11] [1 4 36] [] [] [] [] [] [] [] [] [] [] [] [] [] [] [] [] [] [] [] [] [] [] [] [] [] [] [] [] [] [] [] [] [] [] [] [] [] [] [] [] [] [] [] [] [] [] [] [] [] [] [] []
77 [] [1 2 3 5 8] [1 2 3 4] [1 2 3 4 5 7] [1 2 3 5] [1 2 3 4 5 7 11] [1 2 3 4 5 7 8 11 12] [1 2 3 4 5 8] [1 2 3 4 8] [1 2 3 5 7 8] [1 2 3 4 5] [1 2 3 5 7] [1 2 3 4 5 8 15] [1 2 3 5 6 7 11 19] [1 2 3 4 5 6 7 8 11 15 19] [1 2 3 4 5 6 7 8 11 12] [1 2 3 4 5 7 8 26] [1 2 3 4 5 6] [1 2 3] [1 2 3 4 5 8 11 15 19] [1 2 3 4 5 7 8 15] [1 2 5 8] [1 2 3 5 6] [1 2 3 5 8 26] [1 2 3 5 6 11 19] [1 2 3 5 7 8 11] [1 2 3 4 5 7 8 11] [1 2 3 4 5 7 8 15 39] [1 2 3 5 7 8 11 15] [1 2 3 4 5 7 8 12] [1 2 5] [1 2 3 5 6 7 8] [1 2] [1 2 3 4 5 6 7 8] [1] [1 2 3 5 6 7] [1 2 3 5 11] [1 2 3 4 5 6 7 8 15 16] [1 2 3 4 5 6 7 8 15] [1 2 3 4 5 6 7] [1 2 3 4 5 7 8] [1 2 3 4 5 6 8] [1 2 3 4 5 6 7 8 19] [1 2 3 5 7 11 19] [1 2 3 4 5 6 7 8 12 16 19] [1 2 3 4 5 6 7 8 15 19] [1 2 3 4 5 7 8 11 15] [1 2 3 5 6 7 11] [1 2 3 5 6 8] [1 2 3 4 5 6 19] [1 2 3 5 8 11 15 19 32] [1 2 5 8 15] [1 2 3 5 7 8 15] [1 2 3 5 6 7 8 15 39] [1 2 3 4 7] [1 2 3 4 5 7 19] [1 2 3 5 6 7 8 15] [1 2 5 6] [1 2 3 4 5 8 11] [1 2 3 4 5 11 13 19 32] [1 2 3 4 5 6 8 19] [1 2 3 4 5 11 19] [1 2 3 4 5 19] [1 2 3 4 5 8 15 26] [1 2 8] [1 2 3 5 6 8 15] [1 2 3 4 5 6 7 8 16] [1 2 3 4 5 6 7 8 11 19] [1 2 3 4 5 7 8 11 13 15 19 32 35] [1 5] [1 2 5 7] [1 2 5 6 7 8] [1 2 3 5 7 8 11 15 19 32] [1 2 32] [1 2 15] [1 2 3 5 8 15] [1 2 3 4 5 8 19] [1 2 3 4 5 6 7 8 11] [1 4 36] [] [] [] [] [] [] [] [] [] [] [] [] [] [] [] [] [] [] [] [] [] [] [] [] [] [] [] [] [] [] [] [] [] [] [] [] [] [] [] [] [] [] [] [] [] [] [] [] [] [] [] []
78 [] [1 2 3 4 5 7] [1 2 3 5] [1 2 3 5 8] [1 2 3 4 5 7 11] [1 2 3 4 5 7 8 11 12] [1 2 3 4 5 8] [1 2 3 4 8] [1 2 3 5 7 8] [1 2 3 4 5] [1 2 3 5 7] [1 2 3 4 5 8 15] [1 2 3 5 6 7 11 19] [1 2 3 4 5 6 7 8 11 15 19] [1 2 3 4 5 6 7 8 11 12] [1 2 3 4 5 7 8 26] [1 2 3 4 5 6] [1 2 3] [1 2 3 4 5 8 11 15 19] [1 2 3 4 5 7 8 15] [1 2 5 8] [1 2 3 5 6] [1 2 3 5 8 26] [1 2 3 5 6 11 19] [1 2 3 5 7 8 11] [1 2 3 4 5 7 8 11] [1 2 3 4 5 7 8 15 39] [1 2 3 5 7 8 11 15] [1 2 3 4 5 7 8 12] [1 2 5] [1 2 3 5 6 7 8] [1 2] [1 2 3 4 5 6 7 8] [1] [1 2 3 4] [1 2 3 5 6 7] [1 2 3 5 11] [1 2 3 4 5 6 7 8 15 16] [1 2 3 4 5 6 7 8 15] [1 2 3 4 5 6 7] [1 2 3 4 5 7 8] [1 2 3 4 5 6 8] [1 2 3 4 5 6 7 8 19] [1 2 3 5 7 11 19] [1 2 3 4 5 6 7 8 12 16 19] [1 2 3 4 5 6 7 8 15 19] [1 2 3 4 5 7 8 11 15] [1 2 3 5 6 7 11] [1 2 3 5 6 8] [1 2 3 4 5 6 19] [1 2 3 5 8 11 15 19 32] [1 2 5 8 15] [1 2 3 5 7 8 15] [1 2 3 5 6 7 8 15 39] [1 2 3 4 7] [1 2 3 4 5 7 19] [1 2 3 5 6 7 8 15] [1 2 5 6] [1 2 3 4 5 8 11] [1 2 3 4 5 11 13 19 32] [1 2 3 4 5 6 8 19] [1 2 3 4 5 11 19] [1 2 3 4 5 19] [1 2 3 4 5 8 15 26] [1 2 8] [1 2 3 5 6 8 15] [1 2 3 4 5 6 7 8 16] [1 2 3 4 5 6 7 8 11 19] [1 2 3 4 5 7 8 11 13 15 19 32 35] [1 5] [1 2 5 7] [1 2 5 6 7 8] [1 2 3 5 7 8 11 15 19 32] [1 2 32] [1 2 15] [1 2 3 5 8 15] [1 2 3 4 5 8 19] [1 2 3 4 5 6 7 8 11] [1 4 36] [] [] [] [] [] [] [] [] [] [] [] [] [] [] [] [] [] [] [] [] [] [] [] [] [] [] [] [] [] [] [] [] [] [] [] [] [] [] [] [] [] [] [] [] [] [] [] [] [] [] [] []
79 [] [1 2 3 5 8] [1 2 3 4 5 7 11] [1 2 3 4 5 7] [1 2 3 4 5 7 8 11 12] [1 2 3 4 5 8] [1 2 3 4 8] [1 2 3 5 7 8] [1 2 3 4 5] [1 2 3 5 7] [1 2 3 4 5 8 15] [1 2 3 5 6 7 11 19] [1 2 3 4 5 6 7 8 11 15 19] [1 2 3 4 5 6 7 8 11 12] [1 2 3 4 5 7 8 26] [1 2 3 4 5 6] [1 2 3] [1 2 3 4 5 8 11 15 19] [1 2 3 5] [1 2 3 4 5 7 8 15] [1 2 5 8] [1 2 3 5 6] [1 2 3 5 8 26] [1 2 3 5 6 11 19] [1 2 3 5 7 8 11] [1 2 3 4 5 7 8 11] [1 2 3 4 5 7 8 15 39] [1 2 3 5 7 8 11 15] [1 2 3 4 5 7 8 12] [1 2 5] [1 2 3 5 6 7 8] [1 2] [1 2 3 4 5 6 7 8] [1] [1 2 3 4] [1 2 3 5 6 7] [1 2 3 5 11] [1 2 3 4 5 6 7 8 15 16] [1 2 3 4 5 6 7 8 15] [1 2 3 4 5 6 7] [1 2 3 4 5 7 8] [1 2 3 4 5 6 8] [1 2 3 4 5 6 7 8 19] [1 2 3 5 7 11 19] [1 2 3 4 5 6 7 8 12 16 19] [1 2 3 4 5 6 7 8 15 19] [1 2 3 4 5 7 8 11 15] [1 2 3 5 6 7 11] [1 2 3 5 6 8] [1 2 3 4 5 6 19] [1 2 3 5 8 11 15 19 32] [1 2 5 8 15] [1 2 3 5 7 8 15] [1 2 3 5 6 7 8 15 39] [1 2 3 4 7] [1 2 3 4 5 7 19] [1 2 3 5 6 7 8 15] [1 2 5 6] [1 2 3 4 5 8 11] [1 2 3 4 5 11 13 19 32] [1 2 3 4 5 6 8 19] [1 2 3 4 5 11 19] [1 2 3 4 5 19] [1 2 3 4 5 8 15 26] [1 2 8] [1 2 3 5 6 8 15] [1 2 3 4 5 6 7 8 16] [1 2 3 4 5 6 7 8 11 19] [1 2 3 4 5 7 8 11 13 15 19 32 35] [1 5] [1 2 5 7] [1 2 5 6 7 8] [1 2 3 5 7 8 11 15 19 32] [1 2 32] [1 2 15] [1 2 3 5 8 15] [1 2 3 4 5 8 19] [1 2 3 4 5 6 7 8 11] [1 4 36] [] [] [] [] [] [] [] [] [] [] [] [] [] [] [] [] [] [] [] [] [] [] [] [] [] [] [] [] [] [] [] [] [] [] [] [] [] [] [] [] [] [] [] [] [] [] [] [] [] [] [] []
80 [] [1 2 3 4 5 7] [1 2 3 4 5 7 8 11 12] [1 2 3 4 5 8] [1 2 3 4 8] [1 2 3 5 8] [1 2 3 5 7 8] [1 2 3 4 5] [1 2 3 5 7] [1 2 3 4 5 8 15] [1 2 3 5 6 7 11 19] [1 2 3 4 5 6 7 8 11 15 19] [1 2 3 4 5 6 7 8 11 12] [1 2 3 4 5 7 8 26] [1 2 3 4 5 6] [1 2 3] [1 2 3 4 5 8 11 15 19] [1 2 3 5] [1 2 3 4 5 7 8 15] [1 2 5 8] [1 2 3 5 6] [1 2 3 5 8 26] [1 2 3 5 6 11 19] [1 2 3 5 7 8 11] [1 2 3 4 5 7 8 11] [1 2 3 4 5 7 8 15 39] [1 2 3 5 7 8 11 15] [1 2 3 4 5 7 8 12] [1 2 5] [1 2 3 5 6 7 8] [1 2] [1 2 3 4 5 6 7 8] [1] [1 2 3 4] [1 2 3 5 6 7] [1 2 3 5 11] [1 2 3 4 5 6 7 8 15 16] [1 2 3 4 5 6 7 8 15] [1 2 3 4 5 6 7] [1 2 3 4 5 7 8] [1 2 3 4 5 6 8] [1 2 3 4 5 6 7 8 19] [1 2 3 5 7 11 19] [1 2 3 4 5 6 7 8 12 16 19] [1 2 3 4 5 6 7 8 15 19] [1 2 3 4 5 7 8 11 15] [1 2 3 5 6 7 11] [1 2 3 5 6 8] [1 2 3 4 5 6 19] [1 2 3 5 8 11 15 19 32] [1 2 5 8 15] [1 2 3 5 7 8 15] [1 2 3 5 6 7 8 15 39] [1 2 3 4 7] [1 2 3 4 5 7 19] [1 2 3 5 6 7 8 15] [1 2 5 6] [1 2 3 4 5 8 11] [1 2 3 4 5 11 13 19 32] [1 2 3 4 5 6 8 19] [1 2 3 4 5 11 19] [1 2 3 4 5 19] [1 2 3 4 5 8 15 26] [1 2 8] [1 2 3 5 6 8 15] [1 2 3 4 5 6 7 8 16] [1 2 3 4 5 6 7 8 11 19] [1 2 3 4 5 7 8 11 13 15 19 32 35] [1 5] [1 2 5 7] [1 2 5 6 7 8] [1 2 3 5 7 8 11 15 19 32] [1 2 32] [1 2 15] [1 2 3 5 8 15] [1 2 3 4 5 8 19] [1 2 3 4 5 6 7 8 11] [1 4 36] [] [] [] [] [] [] [] [] [] [] [] [] [] [] [] [] [] [] [] [] [] [] [] [] [] [] [] [] [] [] [] [] [] [] [] [] [] [] [] [] [] [] [] [] [] [] [] [] [] [] [] [] []
81 [] [1 2 3 4 5 8] [1 2 3 5] [1 2 3 5 8 11 13 19 32] [1 2 3 4 8] [1 2 3 5 8] [1 2 3 5 7 8] [1 2 3 4 5] [1 2 3 5 7] [1 2 3 4 5 8 15] [1 2 3 5 6 7 11 19] [1 2 3 4 5 6 7 8 11 15 19] [1 2 3 4 5 6 7 8 11 12] [1 2 3 4 5 7 8 26] [1 2 3 4 5 6] [1 2 3] [1 2 3 4 5 8 11 15 19] [1 2 3 4 5 7 8 15] [1 2 5 8] [1 2 3 5 6] [1 2 3 5 8 26] [1 2 3 5 6 11 19] [1 2 3 5 7 8 11] [1 2 3 4 5 7 8 11] [1 2 3 4 5 7 8 15 39] [1 2 3 5 7 8 11 15] [1 2 3 4 5 7 8 12] [1 2 5] [1 2 3 4 5 7] [1 2 3 5 6 7 8] [1 2] [1 2 3 4 5 6 7 8] [1] [1 2 3 4] [1 2 3 5 6 7] [1 2 3 5 11] [1 2 3 4 5 6 7 8 15 16] [1 2 3 4 5 6 7 8 15] [1 2 3 4 5 6 7] [1 2 3 4 5 7 8] [1 2 3 4 5 6 8] [1 2 3 4 5 6 7 8 19] [1 2 3 5 7 11 19] [1 2 3 4 5 6 7 8 12 16 19] [1 2 3 4 5 6 7 8 15 19] [1 2 3 4 5 7 8 11 15] [1 2 3 5 6 7 11] [1 2 3 5 6 8] [1 2 3 4 5 6 19] [1 2 3 5 8 11 15 19 32] [1 2 5 8 15] [1 2 3 5 7 8 15] [1 2 3 5 6 7 8 15 39] [1 2 3 4 7] [1 2 3 4 5 7 19] [1 2 3 5 6 7 8 15] [1 2 5 6] [1 2 3 4 5 8 11] [1 2 3 4 5 11 13 19 32] [1 2 3 4 5 6 8 19] [1 2 3 4 5 11 19] [1 2 3 4 5 19] [1 2 3 4 5 8 15 26] [1 2 8] [1 2 3 5 6 8 15] [1 2 3 4 5 6 7 8 16] [1 2 3 4 5 6 7 8 11 19] [1 2 3 4 5 7 8 11 13 15 19 32 35] [1 5] [1 2 5 7] [1 2 5 6 7 8] [1 2 3 5 7 8 11 15 19 32] [1 2 32] [1 2 15] [1 2 3 5 8 15] [1 2 3 4 5 8 19] [1 2 3 4 5 6 7 8 11] [1 4 36] [] [] [] [] [] [] [] [] [] [] [] [] [] [] [] [] [] [] [] [] [] [] [] [] [] [] [] [] [] [] [] [] [] [] [] [] [] [] [] [] [] [] [] [] [] [] [] [] [] [] [] [] []
82 [] [1 2 3 5 8 11 13 19 32] [1 2 3 4 8] [1 2 3 5 8] [1 2 3 5 7 8] [1 2 3 4 5] [1 2 3 5 7] [1 2 3 4 5 8 15] [1 2 3 5 6 7 11 19] [1 2 3 4 5 6 7 8 11 15 19] [1 2 3 4 5 6 7 8 11 12] [1 2 3 4 5 7 8 26] [1 2 3 4 5 6] [1 2 3] [1 2 3 4 5 8] [1 2 3 4 5 8 11 15 19] [1 2 3 5] [1 2 3 4 5 7 8 15] [1 2 5 8] [1 2 3 5 6] [1 2 3 5 8 26] [1 2 3 5 6 11 19] [1 2 3 5 7 8 11] [1 2 3 4 5 7 8 11] [1 2 3 4 5 7 8 15 39] [1 2 3 5 7 8 11 15] [1 2 3 4 5 7 8 12] [1 2 5] [1 2 3 4 5 7] [1 2 3 5 6 7 8] [1 2] [1 2 3 4 5 6 7 8] [1] [1 2 3 4] [1 2 3 5 6 7] [1 2 3 5 11] [1 2 3 4 5 6 7 8 15 16] [1 2 3 4 5 6 7 8 15] [1 2 3 4 5 6 7] [1 2 3 4 5 7 8] [1 2 3 4 5 6 8] [1 2 3 4 5 6 7 8 19] [1 2 3 5 7 11 19] [1 2 3 4 5 6 7 8 12 16 19] [1 2 3 4 5 6 7 8 15 19] [1 2 3 4 5 7 8 11 15] [1 2 3 5 6 7 11] [1 2 3 5 6 8] [1 2 3 4 5 6 19] [1 2 3 5 8 11 15 19 32] [1 2 5 8 15] [1 2 3 5 7 8 15] [1 2 3 5 6 7 8 15 39] [1 2 3 4 7] [1 2 3 4 5 7 19] [1 2 3 5 6 7 8 15] [1 2 5 6] [1 2 3 4 5 8 11] [1 2 3 4 5 11 13 19 32] [1 2 3 4 5 6 8 19] [1 2 3 4 5 11 19] [1 2 3 4 5 19] [1 2 3 4 5 8 15 26] [1 2 8] [1 2 3 5 6 8 15] [1 2 3 4 5 6 7 8 16] [1 2 3 4 5 6 7 8 11 19] [1 2 3 4 5 7 8 11 13 15 19 32 35] [1 5] [1 2 5 7] [1 2 5 6 7 8] [1 2 3 5 7 8 11 15 19 32] [1 2 32] [1 2 15] [1 2 3 5 8 15] [1 2 3 4 5 8 19] [1 2 3 4 5 6 7 8 11] [1 4 36] [] [] [] [] [] [] [] [] [] [] [] [] [] [] [] [] [] [] [] [] [] [] [] [] [] [] [] [] [] [] [] [] [] [] [] [] [] [] [] [] [] [] [] [] [] [] [] [] [] [] [] [] []
83 [] [1 2 3 5 8] [1 2 3 5 7 8] [1 2 3 4 5] [1 2 3 5 7] [1 2 3 4 5 8 15] [1 2 3 5 6 7 11 19] [1 2 3 4 5 6 7 8 11 15 19] [1 2 3 4 5 6 7 8 11 12] [1 2 3 4 5 7 8 26] [1 2 3 4 5 6] [1 2 3] [1 2 3 4 5 8] [1 2 3 4 5 8 11 15 19] [1 2 3 5] [1 2 3 4 5 7 8 15] [1 2 5 8] [1 2 3 5 6] [1 2 3 5 8 26] [1 2 3 5 6 11 19] [1 2 3 5 7 8 11] [1 2 3 4 5 7 8 11] [1 2 3 4 5 7 8 15 39] [1 2 3 5 7 8 11 15] [1 2 3 4 5 7 8 12] [1 2 5] [1 2 3 4 5 7] [1 2 3 5 6 7 8] [1 2] [1 2 3 4 5 6 7 8] [1] [1 2 3 4] [1 2 3 5 6 7] [1 2 3 5 11] [1 2 3 4 5 6 7 8 15 16] [1 2 3 4 5 6 7 8 15] [1 2 3 4 5 6 7] [1 2 3 4 5 7 8] [1 2 3 4 5 6 8] [1 2 3 4 5 6 7 8 19] [1 2 3 5 7 11 19] [1 2 3 4 5 6 7 8 12 16 19] [1 2 3 4 5 6 7 8 15 19] [1 2 3 4 5 7 8 11 15] [1 2 3 5 6 7 11] [1 2 3 4 8] [1 2 3 5 6 8] [1 2 3 4 5 6 19] [1 2 3 5 8 11 15 19 32] [1 2 5 8 15] [1 2 3 5 7 8 15] [1 2 3 5 6 7 8 15 39] [1 2 3 4 7] [1 2 3 4 5 7 19] [1 2 3 5 6 7 8 15] [1 2 5 6] [1 2 3 4 5 8 11] [1 2 3 4 5 11 13 19 32] [1 2 3 4 5 6 8 19] [1 2 3 4 5 11 19] [1 2 3 4 5 19] [1 2 3 4 5 8 15 26] [1 2 8] [1 2 3 5 6 8 15] [1 2 3 4 5 6 7 8 16] [1 2 3 4 5 6 7 8 11 19] [1 2 3 4 5 7 8 11 13 15 19 32 35] [1 5] [1 2 5 7] [1 2 5 6 7 8] [1 2 3 5 7 8 11 15 19 32] [1 2 32] [1 2 15] [1 2 3 5 8 15] [1 2 3 4 5 8 19] [1 2 3 4 5 6 7 8 11] [1 4 36] [] [] [] [] [] [] [] [] [] [] [] [] [] [] [] [] [] [] [] [] [] [] [] [] [] [] [] [] [] [] [] [] [] [] [] [] [] [] [] [] [] [] [] [] [] [] [] [] [] [] [] [] [] []
84 [] [1 2 3 4 5] [1 2 3 5 7] [1 2 3 5 7 8] [1 2 3 4 5 8 15] [1 2 3 5 6 7 11 19] [1 2 3 4 5 6 7 8 11 15 19] [1 2 3 4 5 6 7 8 11 12] [1 2 3 4 5 7 8 26] [1 2 3 5 8] [1 2 3 4 5 6] [1 2 3] [1 2 3 4 5 8] [1 2 3 4 5 8 11 15 19] [1 2 3 5] [1 2 3 4 5 7 8 15] [1 2 5 8] [1 2 3 5 6] [1 2 3 5 8 26] [1 2 3 5 6 11 19] [1 2 3 5 7 8 11] [1 2 3 4 5 7 8 11] [1 2 3 4 5 7 8 15 39] [1 2 3 5 7 8 11 15] [1 2 3 4 5 7 8 12] [1 2 5] [1 2 3 4 5 7] [1 2 3 5 6 7 8] [1 2] [1 2 3 4 5 6 7 8] [1] [1 2 3 4] [1 2 3 5 6 7] [1 2 3 5 11] [1 2 3 4 5 6 7 8 15 16] [1 2 3 4 5 6 7 8 15] [1 2 3 4 5 6 7] [1 2 3 4 5 7 8] [1 2 3 4 5 6 8] [1 2 3 4 5 6 7 8 19] [1 2 3 5 7 11 19] [1 2 3 4 5 6 7 8 12 16 19] [1 2 3 4 5 6 7 8 15 19] [1 2 3 4 5 7 8 11 15] [1 2 3 5 6 7 11] [1 2 3 4 8] [1 2 3 5 6 8] [1 2 3 4 5 6 19] [1 2 3 5 8 11 15 19 32] [1 2 5 8 15] [1 2 3 5 7 8 15] [1 2 3 5 6 7 8 15 39] [1 2 3 4 7] [1 2 3 4 5 7 19] [1 2 3 5 6 7 8 15] [1 2 5 6] [1 2 3 4 5 8 11] [1 2 3 4 5 11 13 19 32] [1 2 3 4 5 6 8 19] [1 2 3 4 5 11 19] [1 2 3 4 5 19] [1 2 3 4 5 8 15 26] [1 2 8] [1 2 3 5 6 8 15] [1 2 3 4 5 6 7 8 16] [1 2 3 4 5 6 7 8 11 19] [1 2 3 4 5 7 8 11 13 15 19 32 35] [1 5] [1 2 5 7] [1 2 5 6 7 8] [1 2 3 5 7 8 11 15 19 32] [1 2 32] [1 2 15] [1 2 3 5 8 15] [1 2 3 4 5 8 19] [1 2 3 4 5 6 7 8 11] [1 4 36] [] [] [] [] [] [] [] [] [] [] [] [] [] [] [] [] [] [] [] [] [] [] [] [] [] [] [] [] [] [] [] [] [] [] [] [] [] [] [] [] [] [] [] [] [] [] [] [] [] [] [] [] [] []
85 [] [1 2 3 5 7 8] [1 2 3 5 7] [1 2 3 4 5] [1 2 3 4 5 8 15] [1 2 3 5 6 7 11 19] [1 2 3 4 5 6 7 8 11 15 19] [1 2 3 4 5 6 7 8 11 12] [1 2 3 4 5 7 8 26] [1 2 3 5 8] [1 2 3 4 5 6] [1 2 3] [1 2 3 4 5 8] [1 2 3 4 5 8 11 15 19] [1 2 3 5] [1 2 3 4 5 7 8 15] [1 2 5 8] [1 2 3 5 6] [1 2 3 5 8 26] [1 2 3 5 6 11 19] [1 2 3 5 7 8 11] [1 2 3 4 5 7 8 11] [1 2 3 4 5 7 8 15 39] [1 2 3 5 7 8 11 15] [1 2 3 4 5 7 8 12] [1 2 5] [1 2 3 4 5 7] [1 2 3 5 6 7 8] [1 2] [1 2 3 4 5 6 7 8] [1] [1 2 3 4] [1 2 3 5 6 7] [1 2 3 5 11] [1 2 3 4 5 6 7 8 15 16] [1 2 3 4 5 6 7 8 15] [1 2 3 4 5 6 7] [1 2 3 4 5 7 8] [1 2 3 4 5 6 8] [1 2 3 4 5 6 7 8 19] [1 2 3 5 7 11 19] [1 2 3 4 5 6 7 8 12 16 19] [1 2 3 4 5 6 7 8 15 19] [1 2 3 4 5 7 8 11 15] [1 2 3 5 6 7 11] [1 2 3 4 8] [1 2 3 5 6 8] [1 2 3 4 5 6 19] [1 2 3 5 8 11 15 19 32] [1 2 5 8 15] [1 2 3 5 7 8 15] [1 2 3 5 6 7 8 15 39] [1 2 3 4 7] [1 2 3 4 5 7 19] [1 2 3 5 6 7 8 15] [1 2 5 6] [1 2 3 4 5 8 11] [1 2 3 4 5 11 13 19 32] [1 2 3 4 5 6 8 19] [1 2 3 4 5 11 19] [1 2 3 4 5 19] [1 2 3 4 5 8 15 26] [1 2 8] [1 2 3 5 6 8 15] [1 2 3 4 5 6 7 8 16] [1 2 3 4 5 6 7 8 11 19] [1 2 3 4 5 7 8 11 13 15 19 32 35] [1 5] [1 2 5 7] [1 2 5 6 7 8] [1 2 3 5 7 8 11 15 19 32] [1 2 32] [1 2 15] [1 2 3 5 8 15] [1 2 3 4 5 8 19] [1 2 3 4 5 6 7 8 11] [1 4 36] [] [] [] [] [] [] [] [] [] [] [] [] [] [] [] [] [] [] [] [] [] [] [] [] [] [] [] [] [] [] [] [] [] [] [] [] [] [] [] [] [] [] [] [] [] [] [] [] [] [] [] [] [] []
86 [] [1 2 3 4 5] [1 2 3 4 5 8 15] [1 2 3 5 6 7 11 19] [1 2 3 5 7 8] [1 2 3 4 5 6 7 8 11 15 19] [1 2 3 4 5 6 7 8 11 12] [1 2 3 4 5 7 8 26] [1 2 3 5 8] [1 2 3 4 5 6] [1 2 3] [1 2 3 4 5 8] [1 2 3 4 5 8 11 15 19] [1 2 3 5] [1 2 3 4 5 7 8 15] [1 2 5 8] [1 2 3 5 6] [1 2 3 5 8 26] [1 2 3 5 6 11 19] [1 2 3 5 7 8 11] [1 2 3 4 5 7 8 11] [1 2 3 4 5 7 8 15 39] [1 2 3 5 7 8 11 15] [1 2 3 4 5 7 8 12] [1 2 3 5 7] [1 2 5] [1 2 3 4 5 7] [1 2 3 5 6 7 8] [1 2] [1 2 3 4 5 6 7 8] [1] [1 2 3 4] [1 2 3 5 6 7] [1 2 3 5 11] [1 2 3 4 5 6 7 8 15 16] [1 2 3 4 5 6 7 8 15] [1 2 3 4 5 6 7] [1 2 3 4 5 7 8] [1 2 3 4 5 6 8] [1 2 3 4 5 6 7 8 19] [1 2 3 5 7 11 19] [1 2 3 4 5 6 7 8 12 16 19] [1 2 3 4 5 6 7 8 15 19] [1 2 3 4 5 7 8 11 15] [1 2 3 5 6 7 11] [1 2 3 4 8] [1 2 3 5 6 8] [1 2 3 4 5 6 19] [1 2 3 5 8 11 15 19 32] [1 2 5 8 15] [1 2 3 5 7 8 15] [1 2 3 5 6 7 8 15 39] [1 2 3 4 7] [1 2 3 4 5 7 19] [1 2 3 5 6 7 8 15] [1 2 5 6] [1 2 3 4 5 8 11] [1 2 3 4 5 11 13 19 32] [1 2 3 4 5 6 8 19] [1 2 3 4 5 11 19] [1 2 3 4 5 19] [1 2 3 4 5 8 15 26] [1 2 8] [1 2 3 5 6 8 15] [1 2 3 4 5 6 7 8 16] [1 2 3 4 5 6 7 8 11 19] [1 2 3 4 5 7 8 11 13 15 19 32 35] [1 5] [1 2 5 7] [1 2 5 6 7 8] [1 2 3 5 7 8 11 15 19 32] [1 2 32] [1 2 15] [1 2 3 5 8 15] [1 2 3 4 5 8 19] [1 2 3 4 5 6 7 8 11] [1 4 36] [] [] [] [] [] [] [] [] [] [] [] [] [] [] [] [] [] [] [] [] [] [] [] [] [] [] [] [] [] [] [] [] [] [] [] [] [] [] [] [] [] [] [] [] [] [] [] [] [] [] [] [] [] []
87 [] [1 2 3 5 6 7 11 19] [1 2 3 5 7 8] [1 2 3 4 5 6 7 8 11 15 19] [1 2 3 4 5 6 7 8 11 12] [1 2 3 4 5] [1 2 3 4 5 7 8 26] [1 2 3 5 8] [1 2 3 4 5 6] [1 2 3] [1 2 3 4 5 8] [1 2 3 4 5 8 11 15 19] [1 2 3 5] [1 2 3 4 5 7 8 15] [1 2 5 8] [1 2 3 5 6] [1 2 3 5 8 26] [1 2 3 5 6 11 19] [1 2 3 5 7 8 11] [1 2 3 4 5 7 8 11] [1 2 3 4 5 7 8 15 39] [1 2 3 5 7 8 11 15] [1 2 3 4 5 7 8 12] [1 2 3 5 7] [1 2 5] [1 2 3 4 5 7] [1 2 3 5 6 7 8] [1 2] [1 2 3 4 5 6 7 8] [1] [1 2 3 4] [1 2 3 5 6 7] [1 2 3 5 11] [1 2 3 4 5 6 7 8 15 16] [1 2 3 4 5 6 7 8 15] [1 2 3 4 5 6 7] [1 2 3 4 5 7 8] [1 2 3 4 5 6 8] [1 2 3 4 5 6 7 8 19] [1 2 3 5 7 11 19] [1 2 3 4 5 6 7 8 12 16 19] [1 2 3 4 5 6 7 8 15 19] [1 2 3 4 5 7 8 11 15] [1 2 3 5 6 7 11] [1 2 3 4 8] [1 2 3 5 6 8] [1 2 3 4 5 6 19] [1 2 3 5 8 11 15 19 32] [1 2 5 8 15] [1 2 3 5 7 8 15] [1 2 3 5 6 7 8 15 39] [1 2 3 4 7] [1 2 3 4 5 7 19] [1 2 3 5 6 7 8 15] [1 2 5 6] [1 2 3 4 5 8 11] [1 2 3 4 5 11 13 19 32] [1 2 3 4 5 6 8 19] [1 2 3 4 5 11 19] [1 2 3 4 5 19] [1 2 3 4 5 8 15 26] [1 2 8] [1 2 3 5 6 8 15] [1 2 3 4 5 6 7 8 16] [1 2 3 4 5 6 7 8 11 19] [1 2 3 4 5 7 8 11 13 15 19 32 35] [1 5] [1 2 5 7] [1 2 5 6 7 8] [1 2 3 5 7 8 11 15 19 32] [1 2 32] [1 2 15] [1 2 3 5 8 15] [1 2 3 4 5 8 19] [1 2 3 4 5 6 7 8 11] [1 4 36] [] [] [] [] [] [] [] [] [] [] [] [] [] [] [] [] [] [] [] [] [] [] [] [] [] [] [] [] [] [] [] [] [] [] [] [] [] [] [] [] [] [] [] [] [] [] [] [] [] [] [] [] [] [] []
88 [] [1 2 3 4 5 6 7 8 11 15 19] [1 2 3 4 5 11] [1 2 3 4 5 6 7 8 11 12] [1 2 3 4 5] [1 2 3 4 5 7 8 26] [1 2 3 5 8] [1 2 3 4 5 6] [1 2 3 5 7 8] [1 2 3] [1 2 3 4 5 8] [1 2 3 4 5 8 11 15 19] [1 2 3 5] [1 2 3 4 5 7 8 15] [1 2 5 8] [1 2 3 5 6] [1 2 3 5 8 26] [1 2 3 5 6 11 19] [1 2 3 5 7 8 11] [1 2 3 4 5 7 8 11] [1 2 3 4 5 7 8 15 39] [1 2 3 5 7 8 11 15] [1 2 3 4 5 7 8 12] [1 2 3 5 7] [1 2 5] [1 2 3 4 5 7] [1 2 3 5 6 7 8] [1 2] [1 2 3 4 5 6 7 8] [1] [1 2 3 4] [1 2 3 5 6 7] [1 2 3 5 11] [1 2 3 4 5 6 7 8 15 16] [1 2 3 4 5 6 7 8 15] [1 2 3 4 5 6 7] [1 2 3 4 5 7 8] [1 2 3 4 5 6 8] [1 2 3 4 5 6 7 8 19] [1 2 3 5 7 11 19] [1 2 3 4 5 6 7 8 12 16 19] [1 2 3 4 5 6 7 8 15 19] [1 2 3 4 5 7 8 11 15] [1 2 3 5 6 7 11] [1 2 3 4 8] [1 2 3 5 6 8] [1 2 3 4 5 6 19] [1 2 3 5 8 11 15 19 32] [1 2 5 8 15] [1 2 3 5 7 8 15] [1 2 3 5 6 7 8 15 39] [1 2 3 4 7] [1 2 3 4 5 7 19] [1 2 3 5 6 7 8 15] [1 2 5 6] [1 2 3 4 5 8 11] [1 2 3 4 5 11 13 19 32] [1 2 3 4 5 6 8 19] [1 2 3 4 5 11 19] [1 2 3 4 5 19] [1 2 3 4 5 8 15 26] [1 2 8] [1 2 3 5 6 8 15] [1 2 3 4 5 6 7 8 16] [1 2 3 4 5 6 7 8 11 19] [1 2 3 4 5 7 8 11 13 15 19 32 35] [1 5] [1 2 5 7] [1 2 5 6 7 8] [1 2 3 5 7 8 11 15 19 32] [1 2 32] [1 2 15] [1 2 3 5 8 15] [1 2 3 4 5 8 19] [1 2 3 4 5 6 7 8 11] [1 4 36] [] [] [] [] [] [] [] [] [] [] [] [] [] [] [] [] [] [] [] [] [] [] [] [] [] [] [] [] [] [] [] [] [] [] [] [] [] [] [] [] [] [] [] [] [] [] [] [] [] [] [] [] [] [] []
89 [] [1 2 3 4 5 6 7 8 11 12] [1 2 3 4 5] [1 2 3 5 6 8] [1 2 3 4 5 7 8 26] [1 2 3 5 8] [1 2 3 4 5 6] [1 2 3 5 7 8] [1 2 3] [1 2 3 4 5 8] [1 2 3 4 5 8 11 15 19] [1 2 3 5] [1 2 3 4 5 7 8 15] [1 2 5 8] [1 2 3 5 6] [1 2 3 5 8 26] [1 2 3 5 6 11 19] [1 2 3 5 7 8 11] [1 2 3 4 5 7 8 11] [1 2 3 4 5 7 8 15 39] [1 2 3 5 7 8 11 15] [1 2 3 4 5 7 8 12] [1 2 3 5 7] [1 2 5] [1 2 3 4 5 7] [1 2 3 5 6 7 8] [1 2] [1 2 3 4 5 6 7 8] [1] [1 2 3 4] [1 2 3 5 6 7] [1 2 3 5 11] [1 2 3 4 5 6 7 8 15 16] [1 2 3 4 5 6 7 8 15] [1 2 3 4 5 6 7] [1 2 3 4 5 7 8] [1 2 3 4 5 6 8] [1 2 3 4 5 6 7 8 19] [1 2 3 5 7 11 19] [1 2 3 4 5 6 7 8 12 16 19] [1 2 3 4 5 6 7 8 15 19] [1 2 3 4 5 7 8 11 15] [1 2 3 5 6 7 11] [1 2 3 4 8] [1 2 3 4 5 6 19] [1 2 3 5 8 11 15 19 32] [1 2 5 8 15] [1 2 3 5 7 8 15] [1 2 3 5 6 7 8 15 39] [1 2 3 4 7] [1 2 3 4 5 7 19] [1 2 3 5 6 7 8 15] [1 2 5 6] [1 2 3 4 5 8 11] [1 2 3 4 5 11 13 19 32] [1 2 3 4 5 6 8 19] [1 2 3 4 5 11 19] [1 2 3 4 5 19] [1 2 3 4 5 8 15 26] [1 2 8] [1 2 3 5 6 8 15] [1 2 3 4 5 6 7 8 16] [1 2 3 4 5 6 7 8 11 19] [1 2 3 4 5 7 8 11 13 15 19 32 35] [1 5] [1 2 5 7] [1 2 5 6 7 8] [1 2 3 5 7 8 11 15 19 32] [1 2 32] [1 2 15] [1 2 3 5 8 15] [1 2 3 4 5 8 19] [1 2 3 4 5 6 7 8 11] [1 4 36] [] [] [] [] [] [] [] [] [] [] [] [] [] [] [] [] [] [] [] [] [] [] [] [] [] [] [] [] [] [] [] [] [] [] [] [] [] [] [] [] [] [] [] [] [] [] [] [] [] [] [] [] [] [] [] [] []
90 [] [1 2 3 5 6 8] [1 2 3 4 5] [1 2 3 4 5 7 8 26] [1 2 3 5 8] [1 2 3 4 5 6] [1 2 3 5 7 8] [1 2 3] [1 2 3 4 5 8] [1 2 3 4 5 8 11 15 19] [1 2 3 5] [1 2 3 4 5 7 8 15] [1 2 5 8] [1 2 3 5 6] [1 2 3 5 8 26] [1 2 3 5 6 11 19] [1 2 3 5 7 8 11] [1 2 3 4 5 7 8 11] [1 2 3 4 5 7 8 15 39] [1 2 3 5 7 8 11 15] [1 2 3 4 5 7 8 12] [1 2 3 5 7] [1 2 5] [1 2 3 4 5 7] [1 2 3 5 6 7 8] [1 2] [1 2 3 4 5 6 7 8] [1] [1 2 3 4] [1 2 3 5 6 7] [1 2 3 5 11] [1 2 3 4 5 6 7 8 15 16] [1 2 3 4 5 6 7 8 15] [1 2 3 4 5 6 7] [1 2 3 4 5 7 8] [1 2 3 4 5 6 8] [1 2 3 4 5 6 7 8 19] [1 2 3 5 7 11 19] [1 2 3 4 5 6 7 8 12 16 19] [1 2 3 4 5 6 7 8 15 19] [1 2 3 4 5 7 8 11 15] [1 2 3 5 6 7 11] [1 2 3 4 8] [1 2 3 4 5 6 19] [1 2 3 5 8 11 15 19 32] [1 2 5 8 15] [1 2 3 5 7 8 15] [1 2 3 5 6 7 8 15 39] [1 2 3 4 7] [1 2 3 4 5 7 19] [1 2 3 5 6 7 8 15] [1 2 5 6] [1 2 3 4 5 8 11] [1 2 3 4 5 11 13 19 32] [1 2 3 4 5 6 8 19] [1 2 3 4 5 11 19] [1 2 3 4 5 19] [1 2 3 4 5 8 15 26] [1 2 8] [1 2 3 5 6 8 15] [1 2 3 4 5 6 7 8 16] [1 2 3 4 5 6 7 8 11 19] [1 2 3 4 5 7 8 11 13 15 19 32 35] [1 5] [1 2 5 7] [1 2 5 6 7 8] [1 2 3 5 7 8 11 15 19 32] [1 2 32] [1 2 15] [1 2 3 5 8 15] [1 2 3 4 5 8 19] [1 2 3 4 5 6 7 8 11] [1 4 36] [] [] [] [] [] [] [] [] [] [] [] [] [] [] [] [] [] [] [] [] [] [] [] [] [] [] [] [] [] [] [] [] [] [] [] [] [] [] [] [] [] [] [] [] [] [] [] [] [] [] [] [] [] [] [] [] [] []
91 [] [1 2 3 4 5 7 8 26] [1 2 3 5 8] [1 2 3 5 19] [1 2 3 4 5 6] [1 2 3 5 7 8] [1 2 3 4 5] [1 2 3] [1 2 3 4 5 8] [1 2 3 4 5 8 11 15 19] [1 2 3 5] [1 2 3 4 5 7 8 15] [1 2 5 8] [1 2 3 5 6] [1 2 3 5 8 26] [1 2 3 5 6 11 19] [1 2 3 5 7 8 11] [1 2 3 4 5 7 8 11] [1 2 3 4 5 7 8 15 39] [1 2 3 5 7 8 11 15] [1 2 3 4 5 7 8 12] [1 2 3 5 7] [1 2 5] [1 2 3 4 5 7] [1 2 3 5 6 7 8] [1 2] [1 2 3 4 5 6 7 8] [1] [1 2 3 4] [1 2 3 5 6 7] [1 2 3 5 11] [1 2 3 4 5 6 7 8 15 16] [1 2 3 4 5 6 7 8 15] [1 2 3 4 5 6 7] [1 2 3 4 5 7 8] [1 2 3 4 5 6 8] [1 2 3 4 5 6 7 8 19] [1 2 3 5 7 11 19] [1 2 3 4 5 6 7 8 12 16 19] [1 2 3 4 5 6 7 8 15 19] [1 2 3 4 5 7 8 11 15] [1 2 3 5 6 7 11] [1 2 3 4 8] [1 2 3 5 6 8] [1 2 3 4 5 6 19] [1 2 3 5 8 11 15 19 32] [1 2 5 8 15] [1 2 3 5 7 8 15] [1 2 3 5 6 7 8 15 39] [1 2 3 4 7] [1 2 3 4 5 7 19] [1 2 3 5 6 7 8 15] [1 2 5 6] [1 2 3 4 5 8 11] [1 2 3 4 5 11 13 19 32] [1 2 3 4 5 6 8 19] [1 2 3 4 5 11 19] [1 2 3 4 5 19] [1 2 3 4 5 8 15 26] [1 2 8] [1 2 3 5 6 8 15] [1 2 3 4 5 6 7 8 16] [1 2 3 4 5 6 7 8 11 19] [1 2 3 4 5 7 8 11 13 15 19 32 35] [1 5] [1 2 5 7] [1 2 5 6 7 8] [1 2 3 5 7 8 11 15 19 32] [1 2 32] [1 2 15] [1 2 3 5 8 15] [1 2 3 4 5 8 19] [1 2 3 4 5 6 7 8 11] [1 4 36] [] [] [] [] [] [] [] [] [] [] [] [] [] [] [] [] [] [] [] [] [] [] [] [] [] [] [] [] [] [] [] [] [] [] [] [] [] [] [] [] [] [] [] [] [] [] [] [] [] [] [] [] [] [] [] [] []
92 [] [1 2 3 5 19] [1 2 3 4 5 6] [1 2 3 5 7 8] [1 2 3 4 5] [1 2 3] [1 2 3 4 5 8] [1 2 3 4 5 8 11 15 19] [1 2 3 5] [1 2 3 4 5 7 8 15] [1 2 5 8] [1 2 3 5 6] [1 2 3 5 8 26] [1 2 3 5 6 11 19] [1 2 3 5 7 8 11] [1 2 3 4 5 7 8 11] [1 2 3 4 5 7 8 15 39] [1 2 3 5 7 8 11 15] [1 2 3 4 5 7 8 12] [1 2 3 5 7] [1 2 3 5 8] [1 2 5] [1 2 3 4 5 7] [1 2 3 5 6 7 8] [1 2] [1 2 3 4 5 6 7 8] [1] [1 2 3 4] [1 2 3 5 6 7] [1 2 3 5 11] [1 2 3 4 5 6 7 8 15 16] [1 2 3 4 5 6 7 8 15] [1 2 3 4 5 6 7] [1 2 3 4 5 7 8] [1 2 3 4 5 6 8] [1 2 3 4 5 6 7 8 19] [1 2 3 5 7 11 19] [1 2 3 4 5 6 7 8 12 16 19] [1 2 3 4 5 6 7 8 15 19] [1 2 3 4 5 7 8 11 15] [1 2 3 5 6 7 11] [1 2 3 4 8] [1 2 3 5 6 8] [1 2 3 4 5 6 19] [1 2 3 5 8 11 15 19 32] [1 2 5 8 15] [1 2 3 5 7 8 15] [1 2 3 5 6 7 8 15 39] [1 2 3 4 7] [1 2 3 4 5 7 19] [1 2 3 5 6 7 8 15] [1 2 5 6] [1 2 3 4 5 8 11] [1 2 3 4 5 11 13 19 32] [1 2 3 4 5 6 8 19] [1 2 3 4 5 11 19] [1 2 3 4 5 19] [1 2 3 4 5 8 15 26] [1 2 8] [1 2 3 5 6 8 15] [1 2 3 4 5 6 7 8 16] [1 2 3 4 5 6 7 8 11 19] [1 2 3 4 5 7 8 11 13 15 19 32 35] [1 5] [1 2 5 7] [1 2 5 6 7 8] [1 2 3 5 7 8 11 15 19 32] [1 2 32] [1 2 15] [1 2 3 5 8 15] [1 2 3 4 5 8 19] [1 2 3 4 5 6 7 8 11] [1 4 36] [] [] [] [] [] [] [] [] [] [] [] [] [] [] [] [] [] [] [] [] [] [] [] [] [] [] [] [] [] [] [] [] [] [] [] [] [] [] [] [] [] [] [] [] [] [] [] [] [] [] [] [] [] [] [] [] [] []
93 [] [1 2 3 4 5 6] [1 2 3 5 7 8] [1 2 3 4 5 7 8 16] [1 2 3 4 5] [1 2 3] [1 2 3 4 5 8] [1 2 3 4 5 8 11 15 19] [1 2 3 5] [1 2 3 4 5 7 8 15] [1 2 5 8] [1 2 3 5 6] [1 2 3 5 8 26] [1 2 3 5 6 11 19] [1 2 3 5 7 8 11] [1 2 3 4 5 7 8 11] [1 2 3 4 5 7 8 15 39] [1 2 3 5 7 8 11 15] [1 2 3 4 5 7 8 12] [1 2 3 5 7] [1 2 3 5 8] [1 2 5] [1 2 3 4 5 7] [1 2 3 5 6 7 8] [1 2] [1 2 3 4 5 6 7 8] [1] [1 2 3 4] [1 2 3 5 6 7] [1 2 3 5 11] [1 2 3 4 5 6 7 8 15 16] [1 2 3 4 5 6 7 8 15] [1 2 3 4 5 6 7] [1 2 3 4 5 7 8] [1 2 3 4 5 6 8] [1 2 3 4 5 6 7 8 19] [1 2 3 5 7 11 19] [1 2 3 4 5 6 7 8 12 16 19] [1 2 3 4 5 6 7 8 15 19] [1 2 3 4 5 7 8 11 15] [1 2 3 5 6 7 11] [1 2 3 4 8] [1 2 3 5 6 8] [1 2 3 4 5 6 19] [1 2 3 5 8 11 15 19 32] [1 2 5 8 15] [1 2 3 5 7 8 15] [1 2 3 5 6 7 8 15 39] [1 2 3 4 7] [1 2 3 4 5 7 19] [1 2 3 5 6 7 8 15] [1 2 5 6] [1 2 3 4 5 8 11] [1 2 3 4 5 11 13 19 32] [1 2 3 4 5 6 8 19] [1 2 3 4 5 11 19] [1 2 3 4 5 19] [1 2 3 4 5 8 15 26] [1 2 8] [1 2 3 5 6 8 15] [1 2 3 4 5 6 7 8 16] [1 2 3 4 5 6 7 8 11 19] [1 2 3 4 5 7 8 11 13 15 19 32 35] [1 5] [1 2 5 7] [1 2 5 6 7 8] [1 2 3 5 7 8 11 15 19 32] [1 2 32] [1 2 15] [1 2 3 5 8 15] [1 2 3 4 5 8 19] [1 2 3 4 5 6 7 8 11] [1 4 36] [] [] [] [] [] [] [] [] [] [] [] [] [] [] [] [] [] [] [] [] [] [] [] [] [] [] [] [] [] [] [] [] [] [] [] [] [] [] [] [] [] [] [] [] [] [] [] [] [] [] [] [] [] [] [] [] [] []
94 [] [1 2 3 4 5 7 8 16] [1 2 5] [1 2 3 4 5] [1 2 3] [1 2 3 4 5 8] [1 2 3 4 5 8 11 15 19] [1 2 3 5] [1 2 3 4 5 7 8 15] [1 2 5 8] [1 2 3 5 6] [1 2 3 5 8 26] [1 2 3 5 6 11 19] [1 2 3 5 7 8 11] [1 2 3 4 5 7 8 11] [1 2 3 5 7 8] [1 2 3 4 5 7 8 15 39] [1 2 3 5 7 8 11 15] [1 2 3 4 5 7 8 12] [1 2 3 5 7] [1 2 3 5 8] [1 2 3 4 5 7] [1 2 3 5 6 7 8] [1 2] [1 2 3 4 5 6 7 8] [1] [1 2 3 4] [1 2 3 5 6 7] [1 2 3 5 11] [1 2 3 4 5 6 7 8 15 16] [1 2 3 4 5 6 7 8 15] [1 2 3 4 5 6 7] [1 2 3 4 5 7 8] [1 2 3 4 5 6] [1 2 3 4 5 6 8] [1 2 3 4 5 6 7 8 19] [1 2 3 5 7 11 19] [1 2 3 4 5 6 7 8 12 16 19] [1 2 3 4 5 6 7 8 15 19] [1 2 3 4 5 7 8 11 15] [1 2 3 5 6 7 11] [1 2 3 4 8] [1 2 3 5 6 8] [1 2 3 4 5 6 19] [1 2 3 5 8 11 15 19 32] [1 2 5 8 15] [1 2 3 5 7 8 15] [1 2 3 5 6 7 8 15 39] [1 2 3 4 7] [1 2 3 4 5 7 19] [1 2 3 5 6 7 8 15] [1 2 5 6] [1 2 3 4 5 8 11] [1 2 3 4 5 11 13 19 32] [1 2 3 4 5 6 8 19] [1 2 3 4 5 11 19] [1 2 3 4 5 19] [1 2 3 4 5 8 15 26] [1 2 8] [1 2 3 5 6 8 15] [1 2 3 4 5 6 7 8 16] [1 2 3 4 5 6 7 8 11 19] [1 2 3 4 5 7 8 11 13 15 19 32 35] [1 5] [1 2 5 7] [1 2 5 6 7 8] [1 2 3 5 7 8 11 15 19 32] [1 2 32] [1 2 15] [1 2 3 5 8 15] [1 2 3 4 5 8 19] [1 2 3 4 5 6 7 8 11] [1 4 36] [] [] [] [] [] [] [] [] [] [] [] [] [] [] [] [] [] [] [] [] [] [] [] [] [] [] [] [] [] [] [] [] [] [] [] [] [] [] [] [] [] [] [] [] [] [] [] [] [] [] [] [] [] [] [] [] [] []
95 [] [1 2 3 4 5] [1 2 3 5 8 15] [1 2 3 4 5 6 7] [1 2 3] [1 2 3 4 5 8] [1 2 3 4 5 8 11 15 19] [1 2 3 5] [1 2 3 4 5 7 8 15] [1 2 5 8] [1 2 3 5 6] [1 2 3 5 8 26] [1 2 3 5 6 11 19] [1 2 3 5 7 8 11] [1 2 3 4 5 7 8 11] [1 2 3 5 7 8] [1 2 3 4 5 7 8 15 39] [1 2 3 5 7 8 11 15] [1 2 3 4 5 7 8 12] [1 2 3 5 7] [1 2 3 5 8] [1 2 5] [1 2 3 4 5 7] [1 2 3 5 6 7 8] [1 2] [1 2 3 4 5 6 7 8] [1] [1 2 3 4] [1 2 3 5 6 7] [1 2 3 5 11] [1 2 3 4 5 6 7 8 15 16] [1 2 3 4 5 6 7 8 15] [1 2 3 4 5 7 8] [1 2 3 4 5 6] [1 2 3 4 5 6 8] [1 2 3 4 5 6 7 8 19] [1 2 3 5 7 11 19] [1 2 3 4 5 6 7 8 12 16 19] [1 2 3 4 5 6 7 8 15 19] [1 2 3 4 5 7 8 11 15] [1 2 3 5 6 7 11] [1 2 3 4 8] [1 2 3 5 6 8] [1 2 3 4 5 6 19] [1 2 3 5 8 11 15 19 32] [1 2 5 8 15] [1 2 3 5 7 8 15] [1 2 3 5 6 7 8 15 39] [1 2 3 4 7] [1 2 3 4 5 7 19] [1 2 3 5 6 7 8 15] [1 2 5 6] [1 2 3 4 5 8 11] [1 2 3 4 5 11 13 19 32] [1 2 3 4 5 6 8 19] [1 2 3 4 5 11 19] [1 2 3 4 5 19] [1 2 3 4 5 8 15 26] [1 2 8] [1 2 3 5 6 8 15] [1 2 3 4 5 6 7 8 16] [1 2 3 4 5 6 7 8 11 19] [1 2 3 4 5 7 8 11 13 15 19 32 35] [1 5] [1 2 5 7] [1 2 5 6 7 8] [1 2 3 5 7 8 11 15 19 32] [1 2 32] [1 2 15] [1 2 3 4 5 8 19] [1 2 3 4 5 6 7 8 11] [1 4 36] [] [] [] [] [] [] [] [] [] [] [] [] [] [] [] [] [] [] [] [] [] [] [] [] [] [] [] [] [] [] [] [] [] [] [] [] [] [] [] [] [] [] [] [] [] [] [] [] [] [] [] [] [] [] [] [] [] [] []
96 [] [1 2 3 4 5 6 7] [1 2 3] [1 2 3 4 5 8] [1 2 3 4 5 8 11 15 19] [1 2 3 5] [1 2 3 4 5 7 8 15] [1 2 5 8] [1 2 3 5 6] [1 2 3 5 8 26] [1 2 3 5 6 11 19] [1 2 3 5 7 8 11] [1 2 3 4 5 7 8 11] [1 2 3 5 7 8] [1 2 3 4 5] [1 2 3 4 5 7 8 15 39] [1 2 3 5 7 8 11 15] [1 2 3 4 5 7 8 12] [1 2 3 5 7] [1 2 3 5 8] [1 2 5] [1 2 3 4 5 7] [1 2 3 5 6 7 8] [1 2] [1 2 3 4 5 6 7 8] [1] [1 2 3 4] [1 2 3 5 6 7] [1 2 3 5 11] [1 2 3 4 5 6 7 8 15 16] [1 2 3 4 5 6 7 8 15] [1 2 3 4 5 7 8] [1 2 3 4 5 6] [1 2 3 4 5 6 8] [1 2 3 4 5 6 7 8 19] [1 2 3 5 7 11 19] [1 2 3 4 5 6 7 8 12 16 19] [1 2 3 4 5 6 7 8 15 19] [1 2 3 4 5 7 8 11 15] [1 2 3 5 6 7 11] [1 2 3 4 8] [1 2 3 5 6 8] [1 2 3 4 5 6 19] [1 2 3 5 8 11 15 19 32] [1 2 5 8 15] [1 2 3 5 7 8 15] [1 2 3 5 6 7 8 15 39] [1 2 3 4 7] [1 2 3 4 5 7 19] [1 2 3 5 6 7 8 15] [1 2 5 6] [1 2 3 4 5 8 11] [1 2 3 4 5 11 13 19 32] [1 2 3 4 5 6 8 19] [1 2 3 4 5 11 19] [1 2 3 4 5 19] [1 2 3 4 5 8 15 26] [1 2 8] [1 2 3 5 6 8 15] [1 2 3 4 5 6 7 8 16] [1 2 3 4 5 6 7 8 11 19] [1 2 3 4 5 7 8 11 13 15 19 32 35] [1 5] [1 2 5 7] [1 2 5 6 7 8] [1 2 3 5 7 8 11 15 19 32] [1 2 32] [1 2 15] [1 2 3 5 8 15] [1 2 3 4 5 8 19] [1 2 3 4 5 6 7 8 11] [1 4 36] [] [] [] [] [] [] [] [] [] [] [] [] [] [] [] [] [] [] [] [] [] [] [] [] [] [] [] [] [] [] [] [] [] [] [] [] [] [] [] [] [] [] [] [] [] [] [] [] [] [] [] [] [] [] [] [] [] [] []
97 [] [1 2 3 4 5 8] [1 2 3] [1 2 3 4 5 8 11 15 19] [1 2 3 5] [1 2 3 4 5 7 8 15] [1 2 5 8] [1 2 3 5 6] [1 2 3 5 8 26] [1 2 3 5 6 11 19] [1 2 3 5 7 8 11] [1 2 3 4 5 7 8 11] [1 2 3 5 7 8] [1 2 3 4 5] [1 2 3 4 5 7 8 15 39] [1 2 3 5 7 8 11 15] [1 2 3 4 5 7 8 12] [1 2 3 5 7] [1 2 3 5 8] [1 2 5] [1 2 3 4 5 7] [1 2 3 5 6 7 8] [1 2] [1 2 3 4 5 6 7 8] [1] [1 2 3 4] [1 2 3 5 6 7] [1 2 3 5 11] [1 2 3 4 5 6 7 8 15 16] [1 2 3 4 5 6 7 8 15] [1 2 3 4 5 6 7] [1 2 3 4 5 7 8] [1 2 3 4 5 6] [1 2 3 4 5 6 8] [1 2 3 4 5 6 7 8 19] [1 2 3 5 7 11 19] [1 2 3 4 5 6 7 8 12 16 19] [1 2 3 4 5 6 7 8 15 19] [1 2 3 4 5 7 8 11 15] [1 2 3 5 6 7 11] [1 2 3 4 8] [1 2 3 5 6 8] [1 2 3 4 5 6 19] [1 2 3 5 8 11 15 19 32] [1 2 5 8 15] [1 2 3 5 7 8 15] [1 2 3 5 6 7 8 15 39] [1 2 3 4 7] [1 2 3 4 5 7 19] [1 2 3 5 6 7 8 15] [1 2 5 6] [1 2 3 4 5 8 11] [1 2 3 4 5 11 13 19 32] [1 2 3 4 5 6 8 19] [1 2 3 4 5 11 19] [1 2 3 4 5 19] [1 2 3 4 5 8 15 26] [1 2 8] [1 2 3 5 6 8 15] [1 2 3 4 5 6 7 8 16] [1 2 3 4 5 6 7 8 11 19] [1 2 3 4 5 7 8 11 13 15 19 32 35] [1 5] [1 2 5 7] [1 2 5 6 7 8] [1 2 3 5 7 8 11 15 19 32] [1 2 32] [1 2 15] [1 2 3 5 8 15] [1 2 3 4 5 8 19] [1 2 3 4 5 6 7 8 11] [1 4 36] [] [] [] [] [] [] [] [] [] [] [] [] [] [] [] [] [] [] [] [] [] [] [] [] [] [] [] [] [] [] [] [] [] [] [] [] [] [] [] [] [] [] [] [] [] [] [] [] [] [] [] [] [] [] [] [] [] [] []
98 [] [1 2 3 4 5 8 11 15 19] [1 2 3 5] [1 2 3 4 5 7 8 15] [1 2 5 8] [1 2 3 5 6] [1 2 3 5 8 26] [1 2 3 5 6 11 19] [1 2 3 5 7 8 11] [1 2 3 4 5 7 8 11] [1 2 3 5 7 8] [1 2 3 4 5] [1 2 3 4 5 7 8 15 39] [1 2 3 5 7 8 11 15] [1 2 3 4 5 7 8 12] [1 2 3 5 7] [1 2 3 5 8] [1 2 5] [1 2 3 4 5 7] [1 2 3 5 6 7 8] [1 2] [1 2 3 4 5 6 7 8] [1] [1 2 3 4 5 8] [1 2 3 4] [1 2 3 5 6 7] [1 2 3 5 11] [1 2 3 4 5 6 7 8 15 16] [1 2 3 4 5 6 7 8 15] [1 2 3 4 5 6 7] [1 2 3 4 5 7 8] [1 2 3 4 5 6] [1 2 3 4 5 6 8] [1 2 3 4 5 6 7 8 19] [1 2 3 5 7 11 19] [1 2 3 4 5 6 7 8 12 16 19] [1 2 3 4 5 6 7 8 15 19] [1 2 3 4 5 7 8 11 15] [1 2 3 5 6 7 11] [1 2 3 4 8] [1 2 3 5 6 8] [1 2 3 4 5 6 19] [1 2 3 5 8 11 15 19 32] [1 2 5 8 15] [1 2 3] [1 2 3 5 7 8 15] [1 2 3 5 6 7 8 15 39] [1 2 3 4 7] [1 2 3 4 5 7 19] [1 2 3 5 6 7 8 15] [1 2 5 6] [1 2 3 4 5 8 11] [1 2 3 4 5 11 13 19 32] [1 2 3 4 5 6 8 19] [1 2 3 4 5 11 19] [1 2 3 4 5 19] [1 2 3 4 5 8 15 26] [1 2 8] [1 2 3 5 6 8 15] [1 2 3 4 5 6 7 8 16] [1 2 3 4 5 6 7 8 11 19] [1 2 3 4 5 7 8 11 13 15 19 32 35] [1 5] [1 2 5 7] [1 2 5 6 7 8] [1 2 3 5 7 8 11 15 19 32] [1 2 32] [1 2 15] [1 2 3 5 8 15] [1 2 3 4 5 8 19] [1 2 3 4 5 6 7 8 11] [1 4 36] [] [] [] [] [] [] [] [] [] [] [] [] [] [] [] [] [] [] [] [] [] [] [] [] [] [] [] [] [] [] [] [] [] [] [] [] [] [] [] [] [] [] [] [] [] [] [] [] [] [] [] [] [] [] [] [] [] [] []
99 [] [1 2 3 4 5 7 8 15] [1 2 5 8] [1 2 3 5 6] [1 2 3 5 8 26] [1 2 3 5 6 11 19] [1 2 3 5] [1 2 3 5 7 8 11] [1 2 3 4 5 7 8 11] [1 2 3 5 7 8] [1 2 3 4 5] [1 2 3 4 5 7 8 15 39] [1 2 3 5 7 8 11 15] [1 2 3 4 5 7 8 12] [1 2 3 5 7] [1 2 3 5 8] [1 2 5] [1 2 3 4 5 7] [1 2 3 5 6 7 8] [1 2] [1 2 3 4 5 6 7 8] [1] [1 2 3 4 5 8] [1 2 3 4] [1 2 3 5 6 7] [1 2 3 5 11] [1 2 3 4 5 6 7 8 15 16] [1 2 3 4 5 6 7 8 15] [1 2 3 4 5 6 7] [1 2 3 4 5 7 8] [1 2 3 4 5 6] [1 2 3 4 5 6 8] [1 2 3 4 5 6 7 8 19] [1 2 3 5 7 11 19] [1 2 3 4 5 6 7 8 12 16 19] [1 2 3 4 5 6 7 8 15 19] [1 2 3 4 5 7 8 11 15] [1 2 3 5 6 7 11] [1 2 3 4 8] [1 2 3 5 6 8] [1 2 3 4 5 6 19] [1 2 3 5 8 11 15 19 32] [1 2 5 8 15] [1 2 3] [1 2 3 5 7 8 15] [1 2 3 5 6 7 8 15 39] [1 2 3 4 7] [1 2 3 4 5 7 19] [1 2 3 5 6 7 8 15] [1 2 5 6] [1 2 3 4 5 8 11] [1 2 3 4 5 11 13 19 32] [1 2 3 4 5 6 8 19] [1 2 3 4 5 11 19] [1 2 3 4 5 19] [1 2 3 4 5 8 15 26] [1 2 8] [1 2 3 5 6 8 15] [1 2 3 4 5 6 7 8 16] [1 2 3 4 5 6 7 8 11 19] [1 2 3 4 5 7 8 11 13 15 19 32 35] [1 5] [1 2 5 7] [1 2 5 6 7 8] [1 2 3 5 7 8 11 15 19 32] [1 2 32] [1 2 15] [1 2 3 5 8 15] [1 2 3 4 5 8 19] [1 2 3 4 5 6 7 8 11] [1 4 36] [] [] [] [] [] [] [] [] [] [] [] [] [] [] [] [] [] [] [] [] [] [] [] [] [] [] [] [] [] [] [] [] [] [] [] [] [] [] [] [] [] [] [] [] [] [] [] [] [] [] [] [] [] [] [] [] [] [] [] []
100 [] [1 2 3 5 6] [1 2 3 5 8 26] [1 2 3 5 6 11 19] [1 2 3 5] [1 2 3 5 7 8 11] [1 2 3 4 5 7 8 11] [1 2 3 5 7 8] [1 2 3 4 5] [1 2 3 4 5 7 8 15 39] [1 2 3 5 7 8 11 15] [1 2 3 4 5 7 8 12] [1 2 3 5 7] [1 2 3 5 8] [1 2 5] [1 2 3 4 5 7] [1 2 3 5 6 7 8] [1 2] [1 2 3 4 5 6 7 8] [1] [1 2 3 4 5 8] [1 2 3 4] [1 2 3 5 6 7] [1 2 3 5 11] [1 2 3 4 5 6 7 8 15 16] [1 2 3 4 5 6 7 8 15] [1 2 3 4 5 6 7] [1 2 3 4 5 7 8] [1 2 3 4 5 6] [1 2 3 4 5 6 8] [1 2 3 4 5 6 7 8 19] [1 2 3 5 7 11 19] [1 2 3 4 5 6 7 8 12 16 19] [1 2 3 4 5 6 7 8 15 19] [1 2 3 4 5 7 8 11 15] [1 2 3 5 6 7 11] [1 2 3 4 8] [1 2 3 5 6 8] [1 2 3 4 5 6 19] [1 2 3 5 8 11 15 19 32] [1 2 5 8 15] [1 2 3] [1 2 3 5 7 8 15] [1 2 3 5 6 7 8 15 39] [1 2 3 4 7] [1 2 3 4 5 7 19] [1 2 3 5 6 7 8 15] [1 2 3 4 5 7 8 15] [1 2 5 6] [1 2 3 4 5 8 11] [1 2 3 4 5 11 13 19 32] [1 2 3 4 5 6 8 19] [1 2 3 4 5 11 19] [1 2 3 4 5 19] [1 2 3 4 5 8 15 26] [1 2 8] [1 2 3 5 6 8 15] [1 2 3 4 5 6 7 8 16] [1 2 3 4 5 6 7 8 11 19] [1 2 3 4 5 7 8 11 13 15 19 32 35] [1 5] [1 2 5 7] [1 2 5 6 7 8] [1 2 3 5 7 8 11 15 19 32] [1 2 32] [1 2 15] [1 2 3 5 8 15] [1 2 3 4 5 8 19] [1 2 3 4 5 6 7 8 11] [1 4 36] [] [] [] [] [] [] [] [] [] [] [] [] [] [] [] [] [] [] [] [] [] [] [] [] [] [] [] [] [] [] [] [] [] [] [] [] [] [] [] [] [] [] [] [] [] [] [] [] [] [] [] [] [] [] [] [] [] [] [] [] []
101 [] [1 2 3 5 6 11 19] [1 2 3 5] [1 2 3 4 5 6] [1 2 3 5 7 8 11] [1 2 3 4 5 7 8 11] [1 2 3 5 7 8] [1 2 3 4 5] [1 2 3 4 5 7 8 15 39] [1 2 3 5 7 8 11 15] [1 2 3 5 6] [1 2 3 4 5 7 8 12] [1 2 3 5 7] [1 2 3 5 8] [1 2 5] [1 2 3 4 5 7] [1 2 3 5 6 7 8] [1 2] [1 2 3 4 5 6 7 8] [1] [1 2 3 4 5 8] [1 2 3 4] [1 2 3 5 6 7] [1 2 3 5 11] [1 2 3 4 5 6 7 8 15 16] [1 2 3 4 5 6 7 8 15] [1 2 3 4 5 6 7] [1 2 3 4 5 7 8] [1 2 3 4 5 6 8] [1 2 3 4 5 6 7 8 19] [1 2 3 5 7 11 19] [1 2 3 4 5 6 7 8 12 16 19] [1 2 3 4 5 6 7 8 15 19] [1 2 3 4 5 7 8 11 15] [1 2 3 5 6 7 11] [1 2 3 4 8] [1 2 3 5 6 8] [1 2 3 4 5 6 19] [1 2 3 5 8 11 15 19 32] [1 2 5 8 15] [1 2 3] [1 2 3 5 7 8 15] [1 2 3 5 6 7 8 15 39] [1 2 3 4 7] [1 2 3 4 5 7 19] [1 2 3 5 6 7 8 15] [1 2 3 4 5 7 8 15] [1 2 5 6] [1 2 3 4 5 8 11] [1 2 3 5 8 26] [1 2 3 4 5 11 13 19 32] [1 2 3 4 5 6 8 19] [1 2 3 4 5 11 19] [1 2 3 4 5 19] [1 2 3 4 5 8 15 26] [1 2 8] [1 2 3 5 6 8 15] [1 2 3 4 5 6 7 8 16] [1 2 3 4 5 6 7 8 11 19] [1 2 3 4 5 7 8 11 13 15 19 32 35] [1 5] [1 2 5 7] [1 2 5 6 7 8] [1 2 3 5 7 8 11 15 19 32] [1 2 32] [1 2 15] [1 2 3 5 8 15] [1 2 3 4 5 8 19] [1 2 3 4 5 6 7 8 11] [1 4 36] [] [] [] [] [] [] [] [] [] [] [] [] [] [] [] [] [] [] [] [] [] [] [] [] [] [] [] [] [] [] [] [] [] [] [] [] [] [] [] [] [] [] [] [] [] [] [] [] [] [] [] [] [] [] [] [] [] [] [] [] []
102 [] [1 2 3 4 5 6] [1 2 3 5 7 8] [1 2 5 6 19] [1 2 3 5 7 8 11] [1 2 3 4 5 7 8 11] [1 2 3 4 5] [1 2 3 4 5 7 8 15 39] [1 2 3 5 7 8 11 15] [1 2 3 5 6] [1 2 3 4 5 7 8 12] [1 2 3 5 7] [1 2 3 5] [1 2 3 5 8] [1 2 5] [1 2 3 4 5 7] [1 2 3 5 6 7 8] [1 2] [1 2 3 4 5 6 7 8] [1] [1 2 3 4 5 8] [1 2 3 4] [1 2 3 5 6 7] [1 2 3 5 11] [1 2 3 4 5 6 7 8 15 16] [1 2 3 4 5 6 7 8 15] [1 2 3 4 5 6 7] [1 2 3 4 5 7 8] [1 2 3 4 5 6 8] [1 2 3 4 5 6 7 8 19] [1 2 3 5 7 11 19] [1 2 3 4 5 6 7 8 12 16 19] [1 2 3 4 5 6 7 8 15 19] [1 2 3 4 5 7 8 11 15] [1 2 3 5 6 7 11] [1 2 3 4 8] [1 2 3 5 6 8] [1 2 3 4 5 6 19] [1 2 3 5 8 11 15 19 32] [1 2 5 8 15] [1 2 3] [1 2 3 5 7 8 15] [1 2 3 5 6 7 8 15 39] [1 2 3 4 7] [1 2 3 4 5 7 19] [1 2 3 5 6 7 8 15] [1 2 3 4 5 7 8 15] [1 2 5 6] [1 2 3 4 5 8 11] [1 2 3 5 8 26] [1 2 3 4 5 11 13 19 32] [1 2 3 4 5 6 8 19] [1 2 3 4 5 11 19] [1 2 3 4 5 19] [1 2 3 4 5 8 15 26] [1 2 8] [1 2 3 5 6 8 15] [1 2 3 4 5 6 7 8 16] [1 2 3 4 5 6 7 8 11 19] [1 2 3 4 5 7 8 11 13 15 19 32 35] [1 5] [1 2 5 7] [1 2 5 6 7 8] [1 2 3 5 7 8 11 15 19 32] [1 2 32] [1 2 15] [1 2 3 5 8 15] [1 2 3 4 5 8 19] [1 2 3 4 5 6 7 8 11] [1 4 36] [] [] [] [] [] [] [] [] [] [] [] [] [] [] [] [] [] [] [] [] [] [] [] [] [] [] [] [] [] [] [] [] [] [] [] [] [] [] [] [] [] [] [] [] [] [] [] [] [] [] [] [] [] [] [] [] [] [] [] [] []
103 [] [1 2 5 6 19] [1 2 3 5 7 8 11] [1 2 3 4 5 7 8 11] [1 2 3 5 7 8] [1 2 3 4 5] [1 2 3 4 5 7 8 15 39] [1 2 3 5 7 8 11 15] [1 2 3 5 6] [1 2 3 4 5 7 8 12] [1 2 3 5 7] [1 2 3 5] [1 2 3 5 8] [1 2 5] [1 2 3 4 5 7] [1 2 3 5 6 7 8] [1 2] [1 2 3 4 5 6 7 8] [1] [1 2 3 4 5 8] [1 2 3 4] [1 2 3 5 6 7] [1 2 3 5 11] [1 2 3 4 5 6 7 8 15 16] [1 2 3 4 5 6 7 8 15] [1 2 3 4 5 6 7] [1 2 3 4 5 7 8] [1 2 3 4 5 6] [1 2 3 4 5 6 8] [1 2 3 4 5 6 7 8 19] [1 2 3 5 7 11 19] [1 2 3 4 5 6 7 8 12 16 19] [1 2 3 4 5 6 7 8 15 19] [1 2 3 4 5 7 8 11 15] [1 2 3 5 6 7 11] [1 2 3 4 8] [1 2 3 5 6 8] [1 2 3 4 5 6 19] [1 2 3 5 8 11 15 19 32] [1 2 5 8 15] [1 2 3] [1 2 3 5 7 8 15] [1 2 3 5 6 7 8 15 39] [1 2 3 4 7] [1 2 3 4 5 7 19] [1 2 3 5 6 7 8 15] [1 2 3 4 5 7 8 15] [1 2 5 6] [1 2 3 4 5 8 11] [1 2 3 5 8 26] [1 2 3 4 5 11 13 19 32] [1 2 3 4 5 6 8 19] [1 2 3 4 5 11 19] [1 2 3 4 5 19] [1 2 3 4 5 8 15 26] [1 2 8] [1 2 3 5 6 8 15] [1 2 3 4 5 6 7 8 16] [1 2 3 4 5 6 7 8 11 19] [1 2 3 4 5 7 8 11 13 15 19 32 35] [1 5] [1 2 5 7] [1 2 5 6 7 8] [1 2 3 5 7 8 11 15 19 32] [1 2 32] [1 2 15] [1 2 3 5 8 15] [1 2 3 4 5 8 19] [1 2 3 4 5 6 7 8 11] [1 4 36] [] [] [] [] [] [] [] [] [] [] [] [] [] [] [] [] [] [] [] [] [] [] [] [] [] [] [] [] [] [] [] [] [] [] [] [] [] [] [] [] [] [] [] [] [] [] [] [] [] [] [] [] [] [] [] [] [] [] [] [] []
104 [] [1 2 3 4 5 7 8 11] [1 2 3 5 7 8] [1 2 3 4 5] [1 2 3 4 5 7 8 15 39] [1 2 3 5 7 8 11 15] [1 2 3 5 6] [1 2 3 4 5 7 8 12] [1 2 3 5 7] [1 2 3 5] [1 2 3 5 8] [1 2 5] [1 2 3 4 5 7] [1 2 3 5 6 7 8] [1 2] [1 2 3 4 5 6 7 8] [1] [1 2 3 5 7 8 11] [1 2 3 4 5 8] [1 2 3 4] [1 2 3 5 6 7] [1 2 3 5 11] [1 2 3 4 5 6 7 8 15 16] [1 2 3 4 5 6 7 8 15] [1 2 3 4 5 6 7] [1 2 3 4 5 7 8] [1 2 3 4 5 6] [1 2 3 4 5 6 8] [1 2 3 4 5 6 7 8 19] [1 2 3 5 7 11 19] [1 2 3 4 5 6 7 8 12 16 19] [1 2 3 4 5 6 7 8 15 19] [1 2 3 4 5 7 8 11 15] [1 2 3 5 6 7 11] [1 2 3 4 8] [1 2 3 5 6 8] [1 2 3 4 5 6 19] [1 2 3 5 8 11 15 19 32] [1 2 5 8 15] [1 2 3] [1 2 3 5 7 8 15] [1 2 3 5 6 7 8 15 39] [1 2 3 4 7] [1 2 3 4 5 7 19] [1 2 3 5 6 7 8 15] [1 2 3 4 5 7 8 15] [1 2 5 6] [1 2 3 4 5 8 11] [1 2 3 5 8 26] [1 2 3 4 5 11 13 19 32] [1 2 3 4 5 6 8 19] [1 2 3 4 5 11 19] [1 2 3 4 5 19] [1 2 3 4 5 8 15 26] [1 2 8] [1 2 3 5 6 8 15] [1 2 3 4 5 6 7 8 16] [1 2 3 4 5 6 7 8 11 19] [1 2 3 4 5 7 8 11 13 15 19 32 35] [1 5] [1 2 5 7] [1 2 5 6 7 8] [1 2 3 5 7 8 11 15 19 32] [1 2 32] [1 2 15] [1 2 3 5 8 15] [1 2 3 4 5 8 19] [1 2 3 4 5 6 7 8 11] [1 4 36] [] [] [] [] [] [] [] [] [] [] [] [] [] [] [] [] [] [] [] [] [] [] [] [] [] [] [] [] [] [] [] [] [] [] [] [] [] [] [] [] [] [] [] [] [] [] [] [] [] [] [] [] [] [] [] [] [] [] [] [] [] []
105 [] [1 2 3 4 5] [1 2 3 4 5 7 8 15 39] [1 2 3 5 7 8 11 15] [1 2 3 5 6] [1 2 3 4 5 7 8 12] [1 2 3 5 7] [1 2 3 5] [1 2 3 5 8] [1 2 5] [1 2 3 4 5 7] [1 2 3 5 6 7 8] [1 2] [1 2 3 4 5 6 7 8] [1 2 3 5 7 8] [1] [1 2 3 5 7 8 11] [1 2 3 4 5 8] [1 2 3 4] [1 2 3 5 6 7] [1 2 3 5 11] [1 2 3 4 5 6 7 8 15 16] [1 2 3 4 5 6 7 8 15] [1 2 3 4 5 6 7] [1 2 3 4 5 7 8] [1 2 3 4 5 6] [1 2 3 4 5 6 8] [1 2 3 4 5 6 7 8 19] [1 2 3 5 7 11 19] [1 2 3 4 5 6 7 8 12 16 19] [1 2 3 4 5 6 7 8 15 19] [1 2 3 4 5 7 8 11 15] [1 2 3 5 6 7 11] [1 2 3 4 8] [1 2 3 5 6 8] [1 2 3 4 5 6 19] [1 2 3 5 8 11 15 19 32] [1 2 5 8 15] [1 2 3] [1 2 3 5 7 8 15] [1 2 3 5 6 7 8 15 39] [1 2 3 4 7] [1 2 3 4 5 7 19] [1 2 3 5 6 7 8 15] [1 2 3 4 5 7 8 15] [1 2 5 6] [1 2 3 4 5 8 11] [1 2 3 5 8 26] [1 2 3 4 5 11 13 19 32] [1 2 3 4 5 6 8 19] [1 2 3 4 5 11 19] [1 2 3 4 5 19] [1 2 3 4 5 8 15 26] [1 2 8] [1 2 3 5 6 8 15] [1 2 3 4 5 6 7 8 16] [1 2 3 4 5 6 7 8 11 19] [1 2 3 4 5 7 8 11 13 15 19 32 35] [1 5] [1 2 5 7] [1 2 5 6 7 8] [1 2 3 5 7 8 11 15 19 32] [1 2 32] [1 2 15] [1 2 3 5 8 15] [1 2 3 4 5 8 19] [1 2 3 4 5 6 7 8 11] [1 4 36] [] [] [] [] [] [] [] [] [] [] [] [] [] [] [] [] [] [] [] [] [] [] [] [] [] [] [] [] [] [] [] [] [] [] [] [] [] [] [] [] [] [] [] [] [] [] [] [] [] [] [] [] [] [] [] [] [] [] [] [] [] [] []
106 [] [1 2 3 5 7 8 11 15] [1 2 3 5 6] [1 2 3 4 5 7 8 12] [1 2 3 5 7] [1 2 3 5] [1 2 3 5 8] [1 2 5] [1 2 3 4 5 7] [1 2 3 5 6 7 8] [1 2] [1 2 3 4 5 6 7 8] [1 2 3 5 7 8] [1] [1 2 3 5 7 8 11] [1 2 3 4 5 8] [1 2 3 4] [1 2 3 4 5] [1 2 3 5 6 7] [1 2 3 5 11] [1 2 3 4 5 6 7 8 15 16] [1 2 3 4 5 6 7 8 15] [1 2 3 4 5 6 7] [1 2 3 4 5 7 8] [1 2 3 4 5 6] [1 2 3 4 5 6 8] [1 2 3 4 5 6 7 8 19] [1 2 3 5 7 11 19] [1 2 3 4 5 6 7 8 12 16 19] [1 2 3 4 5 6 7 8 15 19] [1 2 3 4 5 7 8 11 15] [1 2 3 5 6 7 11] [1 2 3 4 8] [1 2 3 5 6 8] [1 2 3 4 5 6 19] [1 2 3 5 8 11 15 19 32] [1 2 5 8 15] [1 2 3] [1 2 3 5 7 8 15] [1 2 3 5 6 7 8 15 39] [1 2 3 4 7] [1 2 3 4 5 7 19] [1 2 3 5 6 7 8 15] [1 2 3 4 5 7 8 15] [1 2 5 6] [1 2 3 4 5 8 11] [1 2 3 5 8 26] [1 2 3 4 5 11 13 19 32] [1 2 3 4 5 6 8 19] [1 2 3 4 5 11 19] [1 2 3 4 5 19] [1 2 3 4 5 8 15 26] [1 2 8] [1 2 3 5 6 8 15] [1 2 3 4 5 6 7 8 16] [1 2 3 4 5 6 7 8 11 19] [1 2 3 4 5 7 8 11 13 15 19 32 35] [1 5] [1 2 5 7] [1 2 5 6 7 8] [1 2 3 5 7 8 11 15 19 32] [1 2 32] [1 2 15] [1 2 3 5 8 15] [1 2 3 4 5 8 19] [1 2 3 4 5 6 7 8 11] [1 4 36] [] [] [] [] [] [] [] [] [] [] [] [] [] [] [] [] [] [] [] [] [] [] [] [] [] [] [] [] [] [] [] [] [] [] [] [] [] [] [] [] [] [] [] [] [] [] [] [] [] [] [] [] [] [] [] [] [] [] [] [] [] [] [] []
107 [] [1 2 3 4 5 7 8 12] [1 2 3 5 7] [1 2 3 5] [1 2 3 5 8] [1 2 5] [1 2 3 4 5 7] [1 2 3 5 6 7 8] [1 2] [1 2 3 4 5 6 7 8] [1 2 3 5 7 8] [1] [1 2 3 5 7 8 11] [1 2 3 4 5 8] [1 2 3 4] [1 2 3 4 5] [1 2 3 5 6 7] [1 2 3 5 11] [1 2 3 4 5 6 7 8 15 16] [1 2 3 4 5 6 7 8 15] [1 2 3 4 5 6 7] [1 2 3 4 5 7 8] [1 2 3 5 6] [1 2 3 4 5 6] [1 2 3 4 5 6 8] [1 2 3 4 5 6 7 8 19] [1 2 3 5 7 11 19] [1 2 3 4 5 6 7 8 12 16 19] [1 2 3 4 5 6 7 8 15 19] [1 2 3 4 5 7 8 11 15] [1 2 3 5 6 7 11] [1 2 3 4 8] [1 2 3 5 6 8] [1 2 3 4 5 6 19] [1 2 3 5 8 11 15 19 32] [1 2 5 8 15] [1 2 3] [1 2 3 5 7 8 15] [1 2 3 5 6 7 8 15 39] [1 2 3 4 7] [1 2 3 4 5 7 19] [1 2 3 5 6 7 8 15] [1 2 3 4 5 7 8 15] [1 2 5 6] [1 2 3 4 5 8 11] [1 2 3 5 8 26] [1 2 3 4 5 11 13 19 32] [1 2 3 4 5 6 8 19] [1 2 3 4 5 11 19] [1 2 3 4 5 19] [1 2 3 4 5 8 15 26] [1 2 8] [1 2 3 5 6 8 15] [1 2 3 4 5 6 7 8 16] [1 2 3 4 5 6 7 8 11 19] [1 2 3 4 5 7 8 11 13 15 19 32 35] [1 5] [1 2 5 7] [1 2 5 6 7 8] [1 2 3 5 7 8 11 15 19 32] [1 2 32] [1 2 15] [1 2 3 5 8 15] [1 2 3 4 5 8 19] [1 2 3 4 5 6 7 8 11] [1 4 36] [] [] [] [] [] [] [] [] [] [] [] [] [] [] [] [] [] [] [] [] [] [] [] [] [] [] [] [] [] [] [] [] [] [] [] [] [] [] [] [] [] [] [] [] [] [] [] [] [] [] [] [] [] [] [] [] [] [] [] [] [] [] [] [] []
108 [] [1 2 3 5] [1 2 3 5 8] [1 2 5] [1 2 3 4 5 7] [1 2 3 5 6 7 8] [1 2] [1 2 3 4 5 6 7 8] [1 2 3 5 7 8] [1] [1 2 3 5 7 8 11] [1 2 3 4 5 8] [1 2 3 4] [1 2 3 4 5] [1 2 3 5 6 7] [1 2 3 5 11] [1 2 3 4 5 6 7 8 15 16] [1 2 3 4 5 6 7 8 15] [1 2 3 4 5 6 7] [1 2 3 4 5 7 8] [1 2 3 5 6] [1 2 3 4 5 6] [1 2 3 5 7] [1 2 3 4 5 7 8 12] [1 2 3 4 5 6 8] [1 2 3 4 5 6 7 8 19] [1 2 3 5 7 11 19] [1 2 3 4 5 6 7 8 12 16 19] [1 2 3 4 5 6 7 8 15 19] [1 2 3 4 5 7 8 11 15] [1 2 3 5 6 7 11] [1 2 3 4 8] [1 2 3 5 6 8] [1 2 3 4 5 6 19] [1 2 3 5 8 11 15 19 32] [1 2 5 8 15] [1 2 3] [1 2 3 5 7 8 15] [1 2 3 5 6 7 8 15 39] [1 2 3 4 7] [1 2 3 4 5 7 19] [1 2 3 5 6 7 8 15] [1 2 3 4 5 7 8 15] [1 2 5 6] [1 2 3 4 5 8 11] [1 2 3 5 8 26] [1 2 3 4 5 11 13 19 32] [1 2 3 4 5 6 8 19] [1 2 3 4 5 11 19] [1 2 3 4 5 19] [1 2 3 4 5 8 15 26] [1 2 8] [1 2 3 5 6 8 15] [1 2 3 4 5 6 7 8 16] [1 2 3 4 5 6 7 8 11 19] [1 2 3 4 5 7 8 11 13 15 19 32 35] [1 5] [1 2 5 7] [1 2 5 6 7 8] [1 2 3 5 7 8 11 15 19 32] [1 2 32] [1 2 15] [1 2 3 5 8 15] [1 2 3 4 5 8 19] [1 2 3 4 5 6 7 8 11] [1 4 36] [] [] [] [] [] [] [] [] [] [] [] [] [] [] [] [] [] [] [] [] [] [] [] [] [] [] [] [] [] [] [] [] [] [] [] [] [] [] [] [] [] [] [] [] [] [] [] [] [] [] [] [] [] [] [] [] [] [] [] [] [] [] [] [] []
109 [] [1 2 3 5] [1 2 3 5 8] [1 2 3 4 5] [1 2 5] [1 2 3 4 5 7] [1 2 3 5 6 7 8] [1 2] [1 2 3 4 5 6 7 8] [1 2 3 5 7 8] [1] [1 2 3 5 7 8 11] [1 2 3 4 5 8] [1 2 3 4] [1 2 3 5 6 7] [1 2 3 5 11] [1 2 3 4 5 6 7 8 15 16] [1 2 3 4 5 6 7 8 15] [1 2 3 4 5 6 7] [1 2 3 4 5 7 8] [1 2 3 5 6] [1 2 3 4 5 6] [1 2 3 5 7] [1 2 3 4 5 7 8 12] [1 2 3 4 5 6 8] [1 2 3 4 5 6 7 8 19] [1 2 3 5 7 11 19] [1 2 3 4 5 6 7 8 12 16 19] [1 2 3 4 5 6 7 8 15 19] [1 2 3 4 5 7 8 11 15] [1 2 3 5 6 7 11] [1 2 3 4 8] [1 2 3 5 6 8] [1 2 3 4 5 6 19] [1 2 3 5 8 11 15 19 32] [1 2 5 8 15] [1 2 3] [1 2 3 5 7 8 15] [1 2 3 5 6 7 8 15 39] [1 2 3 4 7] [1 2 3 4 5 7 19] [1 2 3 5 6 7 8 15] [1 2 3 4 5 7 8 15] [1 2 5 6] [1 2 3 4 5 8 11] [1 2 3 5 8 26] [1 2 3 4 5 11 13 19 32] [1 2 3 4 5 6 8 19] [1 2 3 4 5 11 19] [1 2 3 4 5 19] [1 2 3 4 5 8 15 26] [1 2 8] [1 2 3 5 6 8 15] [1 2 3 4 5 6 7 8 16] [1 2 3 4 5 6 7 8 11 19] [1 2 3 4 5 7 8 11 13 15 19 32 35] [1 5] [1 2 5 7] [1 2 5 6 7 8] [1 2 3 5 7 8 11 15 19 32] [1 2 32] [1 2 15] [1 2 3 5 8 15] [1 2 3 4 5 8 19] [1 2 3 4 5 6 7 8 11] [1 4 36] [] [] [] [] [] [] [] [] [] [] [] [] [] [] [] [] [] [] [] [] [] [] [] [] [] [] [] [] [] [] [] [] [] [] [] [] [] [] [] [] [] [] [] [] [] [] [] [] [] [] [] [] [] [] [] [] [] [] [] [] [] [] [] [] []
110 [] [1 2 3 4 5] [1 2 5] [1 2 3 4 5 7] [1 2 3 5 6 7 8] [1 2] [1 2 3 4 5 6 7 8] [1 2 3 5 7 8] [1] [1 2 3 5 7 8 11] [1 2 3 4 5 8] [1 2 3 4] [1 2 3 5 8] [1 2 3 5 6 7] [1 2 3 5 11] [1 2 3 4 5 6 7 8 15 16] [1 2 3 4 5 6 7 8 15] [1 2 3 4 5 6 7] [1 2 3 4 5 7 8] [1 2 3 5 6] [1 2 3 4 5 6] [1 2 3 5 7] [1 2 3 4 5 7 8 12] [1 2 3 4 5 6 8] [1 2 3 4 5 6 7 8 19] [1 2 3 5] [1 2 3 5 7 11 19] [1 2 3 4 5 6 7 8 12 16 19] [1 2 3 4 5 6 7 8 15 19] [1 2 3 4 5 7 8 11 15] [1 2 3 5 6 7 11] [1 2 3 4 8] [1 2 3 5 6 8] [1 2 3 4 5 6 19] [1 2 3 5 8 11 15 19 32] [1 2 5 8 15] [1 2 3] [1 2 3 5 7 8 15] [1 2 3 5 6 7 8 15 39] [1 2 3 4 7] [1 2 3 4 5 7 19] [1 2 3 5 6 7 8 15] [1 2 3 4 5 7 8 15] [1 2 5 6] [1 2 3 4 5 8 11] [1 2 3 5 8 26] [1 2 3 4 5 11 13 19 32] [1 2 3 4 5 6 8 19] [1 2 3 4 5 11 19] [1 2 3 4 5 19] [1 2 3 4 5 8 15 26] [1 2 8] [1 2 3 5 6 8 15] [1 2 3 4 5 6 7 8 16] [1 2 3 4 5 6 7 8 11 19] [1 2 3 4 5 7 8 11 13 15 19 32 35] [1 5] [1 2 5 7] [1 2 5 6 7 8] [1 2 3 5 7 8 11 15 19 32] [1 2 32] [1 2 15] [1 2 3 5 8 15] [1 2 3 4 5 8 19] [1 2 3 4 5 6 7 8 11] [1 4 36] [] [] [] [] [] [] [] [] [] [] [] [] [] [] [] [] [] [] [] [] [] [] [] [] [] [] [] [] [] [] [] [] [] [] [] [] [] [] [] [] [] [] [] [] [] [] [] [] [] [] [] [] [] [] [] [] [] [] [] [] [] [] [] [] []
111 [] [1 2 3 4 5 7] [1 2 3 5 6 7 8] [1 2 3 4 5 6 7 8] [1 2 3 5 7 8] [1] [1 2 3 5 7 8 11] [1 2 3 4 5 8] [1 2 3 4] [1 2 3 4 5] [1 2 3 5 8] [1 2 3 5 6 7] [1 2 3 5 11] [1 2 3 4 5 6 7 8 15 16] [1 2 3 4 5 6 7 8 15] [1 2 3 4 5 6 7] [1 2 3 4 5 7 8] [1 2 3 5 6] [1 2 3 4 5 6] [1 2 3 5 7] [1 2 3 4 5 7 8 12] [1 2 3 4 5 6 8] [1 2] [1 2 3 4 5 6 7 8 19] [1 2 3 5] [1 2 3 5 7 11 19] [1 2 3 4 5 6 7 8 12 16 19] [1 2 3 4 5 6 7 8 15 19] [1 2 3 4 5 7 8 11 15] [1 2 3 5 6 7 11] [1 2 3 4 8] [1 2 3 5 6 8] [1 2 3 4 5 6 19] [1 2 3 5 8 11 15 19 32] [1 2 5 8 15] [1 2 3] [1 2 3 5 7 8 15] [1 2 3 5 6 7 8 15 39] [1 2 3 4 7] [1 2 3 4 5 7 19] [1 2 3 5 6 7 8 15] [1 2 3 4 5 7 8 15] [1 2 5 6] [1 2 3 4 5 8 11] [1 2 5] [1 2 3 5 8 26] [1 2 3 4 5 11 13 19 32] [1 2 3 4 5 6 8 19] [1 2 3 4 5 11 19] [1 2 3 4 5 19] [1 2 3 4 5 8 15 26] [1 2 8] [1 2 3 5 6 8 15] [1 2 3 4 5 6 7 8 16] [1 2 3 4 5 6 7 8 11 19] [1 2 3 4 5 7 8 11 13 15 19 32 35] [1 5] [1 2 5 7] [1 2 5 6 7 8] [1 2 3 5 7 8 11 15 19 32] [1 2 32] [1 2 15] [1 2 3 5 8 15] [1 2 3 4 5 8 19] [1 2 3 4 5 6 7 8 11] [1 4 36] [] [] [] [] [] [] [] [] [] [] [] [] [] [] [] [] [] [] [] [] [] [] [] [] [] [] [] [] [] [] [] [] [] [] [] [] [] [] [] [] [] [] [] [] [] [] [] [] [] [] [] [] [] [] [] [] [] [] [] [] [] [] [] [] []
112 [] [1 2 3 4 5 7] [1 2 3 4 5 6 7 8] [1 2 3 5 7 8] [1] [1 2 3 5 7 8 11] [1 2 3 4 5 8] [1 2 3 4] [1 2 3 4 5] [1 2 3 5 8] [1 2 3 5 6 7] [1 2 3 5 11] [1 2 3 4 5 6 7 8 15 16] [1 2 3 4 5 6 7 8 15] [1 2 3 4 5 6 7] [1 2 3 4 5 7 8] [1 2 3 5 6] [1 2 3 4 5 6] [1 2 3 5 7] [1 2 3 4 5 7 8 12] [1 2 3 4 5 6 8] [1 2] [1 2 3 4 5 6 7 8 19] [1 2 3 5] [1 2 3 5 7 11 19] [1 2 3 4 5 6 7 8 12 16 19] [1 2 3 4 5 6 7 8 15 19] [1 2 3 4 5 7 8 11 15] [1 2 3 5 6 7 11] [1 2 3 4 8] [1 2 3 5 6 8] [1 2 3 4 5 6 19] [1 2 3 5 8 11 15 19 32] [1 2 5 8 15] [1 2 3] [1 2 3 5 7 8 15] [1 2 3 5 6 7 8 15 39] [1 2 3 4 7] [1 2 3 4 5 7 19] [1 2 3 5 6 7 8 15] [1 2 3 4 5 7 8 15] [1 2 5 6] [1 2 3 4 5 8 11] [1 2 5] [1 2 3 5 8 26] [1 2 3 4 5 11 13 19 32] [1 2 3 4 5 6 8 19] [1 2 3 4 5 11 19] [1 2 3 4 5 19] [1 2 3 4 5 8 15 26] [1 2 8] [1 2 3 5 6 8 15] [1 2 3 4 5 6 7 8 16] [1 2 3 4 5 6 7 8 11 19] [1 2 3 4 5 7 8 11 13 15 19 32 35] [1 5] [1 2 5 7] [1 2 5 6 7 8] [1 2 3 5 7 8 11 15 19 32] [1 2 32] [1 2 15] [1 2 3 5 8 15] [1 2 3 4 5 8 19] [1 2 3 4 5 6 7 8 11] [1 4 36] [] [] [] [] [] [] [] [] [] [] [] [] [] [] [] [] [] [] [] [] [] [] [] [] [] [] [] [] [] [] [] [] [] [] [] [] [] [] [] [] [] [] [] [] [] [] [] [] [] [] [] [] [] [] [] [] [] [] [] [] [] [] [] [] [] []
113 [] [1 2 3 4 5 6 7 8] [1 2 3 5 7 8] [1] [1 2 3 5 7 8 11] [1 2 3 4 5 8] [1 2 3 4] [1 2 3 4 5] [1 2 3 5 8] [1 2 3 5 6 7] [1 2 3 5 11] [1 2 3 4 5 6 7 8 15 16] [1 2 3 4 5 6 7 8 15] [1 2 3 4 5 6 7] [1 2 3 4 5 7] [1 2 3 4 5 7 8] [1 2 3 5 6] [1 2 3 4 5 6] [1 2 3 5 7] [1 2 3 4 5 7 8 12] [1 2 3 4 5 6 8] [1 2] [1 2 3 4 5 6 7 8 19] [1 2 3 5] [1 2 3 5 7 11 19] [1 2 3 4 5 6 7 8 12 16 19] [1 2 3 4 5 6 7 8 15 19] [1 2 3 4 5 7 8 11 15] [1 2 3 5 6 7 11] [1 2 3 4 8] [1 2 3 5 6 8] [1 2 3 4 5 6 19] [1 2 3 5 8 11 15 19 32] [1 2 5 8 15] [1 2 3] [1 2 3 5 7 8 15] [1 2 3 5 6 7 8 15 39] [1 2 3 4 7] [1 2 3 4 5 7 19] [1 2 3 5 6 7 8 15] [1 2 3 4 5 7 8 15] [1 2 5 6] [1 2 3 4 5 8 11] [1 2 5] [1 2 3 5 8 26] [1 2 3 4 5 11 13 19 32] [1 2 3 4 5 6 8 19] [1 2 3 4 5 11 19] [1 2 3 4 5 19] [1 2 3 4 5 8 15 26] [1 2 8] [1 2 3 5 6 8 15] [1 2 3 4 5 6 7 8 16] [1 2 3 4 5 6 7 8 11 19] [1 2 3 4 5 7 8 11 13 15 19 32 35] [1 5] [1 2 5 7] [1 2 5 6 7 8] [1 2 3 5 7 8 11 15 19 32] [1 2 32] [1 2 15] [1 2 3 5 8 15] [1 2 3 4 5 8 19] [1 2 3 4 5 6 7 8 11] [1 4 36] [] [] [] [] [] [] [] [] [] [] [] [] [] [] [] [] [] [] [] [] [] [] [] [] [] [] [] [] [] [] [] [] [] [] [] [] [] [] [] [] [] [] [] [] [] [] [] [] [] [] [] [] [] [] [] [] [] [] [] [] [] [] [] [] [] []
114 [] [1] [1 2 3 5 7 8 11] [1 2 3 4 5 8] [1 2 3 4] [1 2 3 4 5] [1 2 3 5 8] [1 2 3 5 6 7] [1 2 3 5 11] [1 2 3 4 5 6 7 8 15 16] [1 2 3 4 5 6 7 8 15] [1 2 3 4 5 6 7] [1 2 3 4 5 7] [1 2 3 4 5 7 8] [1 2 3 5 6] [1 2 3 4 5 6 7 8] [1 2 3 5 7 8] [1 2 3 4 5 6] [1 2 3 5 7] [1 2 3 4 5 7 8 12] [1 2 3 4 5 6 8] [1 2] [1 2 3 4 5 6 7 8 19] [1 2 3 5] [1 2 3 5 7 11 19] [1 2 3 4 5 6 7 8 12 16 19] [1 2 3 4 5 6 7 8 15 19] [1 2 3 4 5 7 8 11 15] [1 2 3 5 6 7 11] [1 2 3 4 8] [1 2 3 5 6 8] [1 2 3 4 5 6 19] [1 2 3 5 8 11 15 19 32] [1 2 5 8 15] [1 2 3] [1 2 3 5 7 8 15] [1 2 3 5 6 7 8 15 39] [1 2 3 4 7] [1 2 3 4 5 7 19] [1 2 3 5 6 7 8 15] [1 2 3 4 5 7 8 15] [1 2 5 6] [1 2 3 4 5 8 11] [1 2 5] [1 2 3 5 8 26] [1 2 3 4 5 11 13 19 32] [1 2 3 4 5 6 8 19] [1 2 3 4 5 11 19] [1 2 3 4 5 19] [1 2 3 4 5 8 15 26] [1 2 8] [1 2 3 5 6 8 15] [1 2 3 4 5 6 7 8 16] [1 2 3 4 5 6 7 8 11 19] [1 2 3 4 5 7 8 11 13 15 19 32 35] [1 5] [1 2 5 7] [1 2 5 6 7 8] [1 2 3 5 7 8 11 15 19 32] [1 2 32] [1 2 15] [1 2 3 5 8 15] [1 2 3 4 5 8 19] [1 2 3 4 5 6 7 8 11] [1 4 36] [] [] [] [] [] [] [] [] [] [] [] [] [] [] [] [] [] [] [] [] [] [] [] [] [] [] [] [] [] [] [] [] [] [] [] [] [] [] [] [] [] [] [] [] [] [] [] [] [] [] [] [] [] [] [] [] [] [] [] [] [] [] [] [] [] []
115 [] [1 2 3 4 5 8] [1 2 3 4] [1 2 3 4 5] [1 2 3 5 8] [1 2 3 5 6 7] [1 2 3 5 11] [1 2 3 4 5 6 7 8 15 16] [1 2 3 4 5 6 7 8 15] [1 2 3 4 5 6 7] [1 2 3 4 5 7] [1 2 3 4 5 7 8] [1 2 3 5 6] [1 2 3 4 5 6 7 8] [1 2 3 5 7 8] [1 2 3 4 5 6] [1 2 3 5 7] [1 2 3 4 5 7 8 12] [1 2 3 4 5 6 8] [1 2] [1 2 3 4 5 6 7 8 19] [1 2 3 5] [1 2 3 5 7 11 19] [1 2 3 4 5 6 7 8 12 16 19] [1 2 3 4 5 6 7 8 15 19] [1 2 3 4 5 7 8 11 15] [1 2 3 5 6 7 11] [1 2 3 4 8] [1 2 3 5 6 8] [1 2 3 4 5 6 19] [1 2 3 5 8 11 15 19 32] [1 2 5 8 15] [1 2 3] [1 2 3 5 7 8 15] [1 2 3 5 6 7 8 15 39] [1 2 3 4 7] [1 2 3 4 5 7 19] [1 2 3 5 6 7 8 15] [1 2 3 4 5 7 8 15] [1 2 5 6] [1 2 3 4 5 8 11] [1 2 5] [1 2 3 5 8 26] [1 2 3 4 5 11 13 19 32] [1 2 3 4 5 6 8 19] [1 2 3 4 5 11 19] [1 2 3 4 5 19] [1 2 3 4 5 8 15 26] [1 2 8] [1 2 3 5 6 8 15] [1] [1 2 3 4 5 6 7 8 16] [1 2 3 4 5 6 7 8 11 19] [1 2 3 4 5 7 8 11 13 15 19 32 35] [1 5] [1 2 5 7] [1 2 5 6 7 8] [1 2 3 5 7 8 11 15 19 32] [1 2 32] [1 2 15] [1 2 3 5 8 15] [1 2 3 4 5 8 19] [1 2 3 4 5 6 7 8 11] [1 4 36] [] [] [] [] [] [] [] [] [] [] [] [] [] [] [] [] [] [] [] [] [] [] [] [] [] [] [] [] [] [] [] [] [] [] [] [] [] [] [] [] [] [] [] [] [] [] [] [] [] [] [] [] [] [] [] [] [] [] [] [] [] [] [] [] [] [] []
116 [] [1 2 3 4 5] [1 2 3 5] [1 2 3 5 8] [1 2 3 5 6 7] [1 2 3 5 11] [1 2 3 4 5 6 7 8 15 16] [1 2 3 4 5 6 7 8 15] [1 2 3 4 5 6 7] [1 2 3 4 5 7] [1 2 3 4 5 7 8] [1 2 3 5 6] [1 2 3 4 5 6 7 8] [1 2 3 5 7 8] [1 2 3 4 5 6] [1 2 3 5 7] [1 2 3 4 5 7 8 12] [1 2 3 4 5 6 8] [1 2] [1 2 3 4 5 6 7 8 19] [1 2 3 5 7 11 19] [1 2 3 4 5 6 7 8 12 16 19] [1 2 3 4 5 6 7 8 15 19] [1 2 3 4 5 7 8 11 15] [1 2 3 5 6 7 11] [1 2 3 4 8] [1 2 3 5 6 8] [1 2 3 4 5 6 19] [1 2 3 5 8 11 15 19 32] [1 2 5 8 15] [1 2 3] [1 2 3 5 7 8 15] [1 2 3 5 6 7 8 15 39] [1 2 3 4] [1 2 3 4 7] [1 2 3 4 5 7 19] [1 2 3 5 6 7 8 15] [1 2 3 4 5 7 8 15] [1 2 5 6] [1 2 3 4 5 8 11] [1 2 5] [1 2 3 5 8 26] [1 2 3 4 5 11 13 19 32] [1 2 3 4 5 6 8 19] [1 2 3 4 5 11 19] [1 2 3 4 5 19] [1 2 3 4 5 8 15 26] [1 2 8] [1 2 3 5 6 8 15] [1] [1 2 3 4 5 6 7 8 16] [1 2 3 4 5 6 7 8 11 19] [1 2 3 4 5 7 8 11 13 15 19 32 35] [1 5] [1 2 5 7] [1 2 5 6 7 8] [1 2 3 5 7 8 11 15 19 32] [1 2 32] [1 2 15] [1 2 3 5 8 15] [1 2 3 4 5 8 19] [1 2 3 4 5 6 7 8 11] [1 4 36] [] [] [] [] [] [] [] [] [] [] [] [] [] [] [] [] [] [] [] [] [] [] [] [] [] [] [] [] [] [] [] [] [] [] [] [] [] [] [] [] [] [] [] [] [] [] [] [] [] [] [] [] [] [] [] [] [] [] [] [] [] [] [] [] [] [] [] []
117 [] [1 2 3 5] [1 2 3 5 8] [1 2 3 5 6 7] [1 2 3 5 11] [1 2 3 4 5] [1 2 3 4 5 6 7 8 15 16] [1 2 3 4 5 6 7 8 15] [1 2 3 4 5 6 7] [1 2 3 4 5 7] [1 2 3 4 5 7 8] [1 2 3 5 6] [1 2 3 4 5 6 7 8] [1 2 3 5 7 8] [1 2 3 4 5 6] [1 2 3 5 7] [1 2 3 4 5 7 8 12] [1 2 3 4 5 6 8] [1 2] [1 2 3 4 5 6 7 8 19] [1 2 3 5 7 11 19] [1 2 3 4 5 6 7 8 12 16 19] [1 2 3 4 5 6 7 8 15 19] [1 2 3 4 5 7 8 11 15] [1 2 3 5 6 7 11] [1 2 3 4 8] [1 2 3 5 6 8] [1 2 3 4 5 6 19] [1 2 3 5 8 11 15 19 32] [1 2 5 8 15] [1 2 3] [1 2 3 5 7 8 15] [1 2 3 5 6 7 8 15 39] [1 2 3 4] [1 2 3 4 7] [1 2 3 4 5 7 19] [1 2 3 5 6 7 8 15] [1 2 3 4 5 7 8 15] [1 2 5 6] [1 2 3 4 5 8 11] [1 2 5] [1 2 3 5 8 26] [1 2 3 4 5 11 13 19 32] [1 2 3 4 5 6 8 19] [1 2 3 4 5 11 19] [1 2 3 4 5 19] [1 2 3 4 5 8 15 26] [1 2 8] [1 2 3 5 6 8 15] [1] [1 2 3 4 5 6 7 8 16] [1 2 3 4 5 6 7 8 11 19] [1 2 3 4 5 7 8 11 13 15 19 32 35] [1 5] [1 2 5 7] [1 2 5 6 7 8] [1 2 3 5 7 8 11 15 19 32] [1 2 32] [1 2 15] [1 2 3 5 8 15] [1 2 3 4 5 8 19] [1 2 3 4 5 6 7 8 11] [1 4 36] [] [] [] [] [] [] [] [] [] [] [] [] [] [] [] [] [] [] [] [] [] [] [] [] [] [] [] [] [] [] [] [] [] [] [] [] [] [] [] [] [] [] [] [] [] [] [] [] [] [] [] [] [] [] [] [] [] [] [] [] [] [] [] [] [] [] [] []
118 [] [1 2 3 5 8] [1 2 3 5 6 7] [1 2 3 5 11] [1 2 3 4 5] [1 2 3 4 5 6 7 8 15 16] [1 2 3 4 5 6 7 8 15] [1 2 3 4 5 6 7] [1 2 3 4 5 7] [1 2 3 4 5 7 8] [1 2 3 5 6] [1 2 3 4 5 6 7 8] [1 2 3 5 7 8] [1 2 3 4 5 6] [1 2 3 5 7] [1 2 3 4 5 7 8 12] [1 2 3 4 5 6 8] [1 2] [1 2 3 4 5 6 7 8 19] [1 2 3 5] [1 2 3 5 7 11 19] [1 2 3 4 5 6 7 8 12 16 19] [1 2 3 4 5 6 7 8 15 19] [1 2 3 4 5 7 8 11 15] [1 2 3 5 6 7 11] [1 2 3 4 8] [1 2 3 5 6 8] [1 2 3 4 5 6 19] [1 2 3 5 8 11 15 19 32] [1 2 5 8 15] [1 2 3] [1 2 3 5 7 8 15] [1 2 3 5 6 7 8 15 39] [1 2 3 4] [1 2 3 4 7] [1 2 3 4 5 7 19] [1 2 3 5 6 7 8 15] [1 2 3 4 5 7 8 15] [1 2 5 6] [1 2 3 4 5 8 11] [1 2 5] [1 2 3 5 8 26] [1 2 3 4 5 11 13 19 32] [1 2 3 4 5 6 8 19] [1 2 3 4 5 11 19] [1 2 3 4 5 19] [1 2 3 4 5 8 15 26] [1 2 8] [1 2 3 5 6 8 15] [1] [1 2 3 4 5 6 7 8 16] [1 2 3 4 5 6 7 8 11 19] [1 2 3 4 5 7 8 11 13 15 19 32 35] [1 5] [1 2 5 7] [1 2 5 6 7 8] [1 2 3 5 7 8 11 15 19 32] [1 2 32] [1 2 15] [1 2 3 5 8 15] [1 2 3 4 5 8 19] [1 2 3 4 5 6 7 8 11] [1 4 36] [] [] [] [] [] [] [] [] [] [] [] [] [] [] [] [] [] [] [] [] [] [] [] [] [] [] [] [] [] [] [] [] [] [] [] [] [] [] [] [] [] [] [] [] [] [] [] [] [] [] [] [] [] [] [] [] [] [] [] [] [] [] [] [] [] [] [] []
119 [] [1 2 3 5 6 7] [1 2 3 5 11] [1 2 3 4 5] [1 2 3 4 5 6 7 8 15 16] [1 2 3 4 5 6 7 8 15] [1 2 3 4 5 6 7] [1 2 3 4 5 7] [1 2 3 4 5 7 8] [1 2 3 5 6] [1 2 3 4 5 6 7 8] [1 2 3 5 8] [1 2 3 5 7 8] [1 2 3 4 5 6] [1 2 3 5 7] [1 2 3 4 5 7 8 12] [1 2 3 4 5 6 8] [1 2] [1 2 3 4 5 6 7 8 19] [1 2 3 5] [1 2 3 5 7 11 19] [1 2 3 4 5 6 7 8 12 16 19] [1 2 3 4 5 6 7 8 15 19] [1 2 3 4 5 7 8 11 15] [1 2 3 5 6 7 11] [1 2 3 4 8] [1 2 3 5 6 8] [1 2 3 4 5 6 19] [1 2 3 5 8 11 15 19 32] [1 2 5 8 15] [1 2 3] [1 2 3 5 7 8 15] [1 2 3 5 6 7 8 15 39] [1 2 3 4] [1 2 3 4 7] [1 2 3 4 5 7 19] [1 2 3 5 6 7 8 15] [1 2 3 4 5 7 8 15] [1 2 5 6] [1 2 3 4 5 8 11] [1 2 5] [1 2 3 5 8 26] [1 2 3 4 5 11 13 19 32] [1 2 3 4 5 6 8 19] [1 2 3 4 5 11 19] [1 2 3 4 5 19] [1 2 3 4 5 8 15 26] [1 2 8] [1 2 3 5 6 8 15] [1] [1 2 3 4 5 6 7 8 16] [1 2 3 4 5 6 7 8 11 19] [1 2 3 4 5 7 8 11 13 15 19 32 35] [1 5] [1 2 5 7] [1 2 5 6 7 8] [1 2 3 5 7 8 11 15 19 32] [1 2 32] [1 2 15] [1 2 3 5 8 15] [1 2 3 4 5 8 19] [1 2 3 4 5 6 7 8 11] [1 4 36] [] [] [] [] [] [] [] [] [] [] [] [] [] [] [] [] [] [] [] [] [] [] [] [] [] [] [] [] [] [] [] [] [] [] [] [] [] [] [] [] [] [] [] [] [] [] [] [] [] [] [] [] [] [] [] [] [] [] [] [] [] [] [] [] [] [] [] []
120 [] [1 2 3 5 11] [1 2 3 5 6 7] [1 2 3 4 5] [1 2 3 4 5 6 7 8 15 16] [1 2 3 4 5 6 7 8 15] [1 2 3 4 5 6 7] [1 2 3 4 5 7] [1 2 3 4 5 7 8] [1 2 3 5 6] [1 2 3 4 5 6 7 8] [1 2 3 5 8] [1 2 3 5 7 8] [1 2 3 4 5 6] [1 2 3 5 7] [1 2 3 4 5 7 8 12] [1 2 3 4 5 6 8] [1 2] [1 2 3 4 5 6 7 8 19] [1 2 3 5] [1 2 3 5 7 11 19] [1 2 3 4 5 6 7 8 12 16 19] [1 2 3 4 5 6 7 8 15 19] [1 2 3 4 5 7 8 11 15] [1 2 3 5 6 7 11] [1 2 3 4 8] [1 2 3 5 6 8] [1 2 3 4 5 6 19] [1 2 3 5 8 11 15 19 32] [1 2 5 8 15] [1 2 3] [1 2 3 5 7 8 15] [1 2 3 5 6 7 8 15 39] [1 2 3 4] [1 2 3 4 7] [1 2 3 4 5 7 19] [1 2 3 5 6 7 8 15] [1 2 3 4 5 7 8 15] [1 2 5 6] [1 2 3 4 5 8 11] [1 2 5] [1 2 3 5 8 26] [1 2 3 4 5 11 13 19 32] [1 2 3 4 5 6 8 19] [1 2 3 4 5 11 19] [1 2 3 4 5 19] [1 2 3 4 5 8 15 26] [1 2 8] [1 2 3 5 6 8 15] [1] [1 2 3 4 5 6 7 8 16] [1 2 3 4 5 6 7 8 11 19] [1 2 3 4 5 7 8 11 13 15 19 32 35] [1 5] [1 2 5 7] [1 2 5 6 7 8] [1 2 3 5 7 8 11 15 19 32] [1 2 32] [1 2 15] [1 2 3 5 8 15] [1 2 3 4 5 8 19] [1 2 3 4 5 6 7 8 11] [1 4 36] [] [] [] [] [] [] [] [] [] [] [] [] [] [] [] [] [] [] [] [] [] [] [] [] [] [] [] [] [] [] [] [] [] [] [] [] [] [] [] [] [] [] [] [] [] [] [] [] [] [] [] [] [] [] [] [] [] [] [] [] [] [] [] [] [] [] [] []
121 [] [1 2 3 5 11] [1 2 3 5 6 7] [1 2 3 4 5] [1 2 3 4 5 6 7 8 15 16] [1 2 3 4 5 6 7 8 15] [1 2 3 4 5 6 7] [1 2 3 4 5 7] [1 2 3 4 5 7 8] [1 2 3 5 6] [1 2 3 4 5 6 7 8] [1 2 3 5 8] [1 2 3 5 7 8] [1 2 3 4 5 6] [1 2 3 5 7] [1 2 3 4 5 7 8 12] [1 2 3 4 5 6 8] [1 2] [1 2 3 4 5 6 7 8 19] [1 2 3 5] [1 2 3 5 7 11 19] [1 2 3 4 5 6 7 8 12 16 19] [1 2 3 4 5 6 7 8 15 19] [1 2 3 4 5 7 8 11 15] [1 2 3 5 6 7 11] [1 2 3 4 8] [1 2 3 5 6 8] [1 2 3 4 5 6 19] [1 2 3 5 8 11 15 19 32] [1 2 5 8 15] [1 2 3] [1 2 3 5 7 8 15] [1 2 3 5 6 7 8 15 39] [1 2 3 4] [1 2 3 4 7] [1 2 3 4 5 7 19] [1 2 3 5 6 7 8 15] [1 2 3 4 5 7 8 15] [1 2 5 6] [1 2 3 4 5 8 11] [1 2 5] [1 2 3 5 8 26] [1 2 3 4 5 11 13 19 32] [1 2 3 4 5 6 8 19] [1 2 3 4 5 11 19] [1 2 3 4 5 19] [1 2 3 4 5 8 15 26] [1 2 8] [1 2 3 5 6 8 15] [1] [1 2 3 4 5 6 7 8 16] [1 2 3 4 5 6 7 8 11 19] [1 2 3 4 5 7 8 11 13 15 19 32 35] [1 5] [1 2 5 7] [1 2 5 6 7 8] [1 2 3 5 7 8 11 15 19 32] [1 2 32] [1 2 15] [1 2 3 5 8 15] [1 2 3 4 5 8 19] [1 2 3 4 5 6 7 8 11] [1 4 36] [] [] [] [] [] [] [] [] [] [] [] [] [] [] [] [] [] [] [] [] [] [] [] [] [] [] [] [] [] [] [] [] [] [] [] [] [] [] [] [] [] [] [] [] [] [] [] [] [] [] [] [] [] [] [] [] [] [] [] [] [] [] [] [] [] [] [] []
122 [] [1 2 3 5 6 7] [1 2 3 4 5] [1 2 3 4 5 6 7 8 15 16] [1 2 3 4 5 6 7 8 15] [1 2 3 4 5 6 7] [1 2 3 4 5 7] [1 2 3 4 5 7 8] [1 2 3 5 6] [1 2 3 4 5 6 7 8] [1 2 3 5 8] [1 2 3 5 7 8] [1 2 3 4 5 6] [1 2 3 5 7] [1 2 3 4 5 7 8 12] [1 2 3 4 5 6 8] [1 2] [1 2 3 4 5 6 7 8 19] [1 2 3 5] [1 2 3 5 7 11 19] [1 2 3 4 5 6 7 8 12 16 19] [1 2 3 4 5 6 7 8 15 19] [1 2 3 5 11] [1 2 3 4 5 7 8 11 15] [1 2 3 5 6 7 11] [1 2 3 4 8] [1 2 3 5 6 8] [1 2 3 4 5 6 19] [1 2 3 5 8 11 15 19 32] [1 2 5 8 15] [1 2 3] [1 2 3 5 7 8 15] [1 2 3 5 6 7 8 15 39] [1 2 3 4] [1 2 3 4 7] [1 2 3 4 5 7 19] [1 2 3 5 6 7 8 15] [1 2 3 4 5 7 8 15] [1 2 5 6] [1 2 3 4 5 8 11] [1 2 5] [1 2 3 5 8 26] [1 2 3 4 5 11 13 19 32] [1 2 3 4 5 6 8 19] [1 2 3 4 5 11 19] [1 2 3 4 5 19] [1 2 3 4 5 8 15 26] [1 2 8] [1 2 3 5 6 8 15] [1] [1 2 3 4 5 6 7 8 16] [1 2 3 4 5 6 7 8 11 19] [1 2 3 4 5 7 8 11 13 15 19 32 35] [1 5] [1 2 5 7] [1 2 5 6 7 8] [1 2 3 5 7 8 11 15 19 32] [1 2 32] [1 2 15] [1 2 3 5 8 15] [1 2 3 4 5 8 19] [1 2 3 4 5 6 7 8 11] [1 4 36] [] [] [] [] [] [] [] [] [] [] [] [] [] [] [] [] [] [] [] [] [] [] [] [] [] [] [] [] [] [] [] [] [] [] [] [] [] [] [] [] [] [] [] [] [] [] [] [] [] [] [] [] [] [] [] [] [] [] [] [] [] [] [] [] [] [] [] []
123 [] [1 2 3 4 5] [1 2 3 4 5 6 7 8 15 16] [1 2 3 4 5 6 7 8 15] [1 2 3 4 5 6 7] [1 2 3 4 5 7] [1 2 3 4 5 7 8] [1 2 3 5 6] [1 2 3 4 5 6 7 8] [1 2 3 5 8] [1 2 3 5 6 7] [1 2 3 5 7 8] [1 2 3 4 5 6] [1 2 3 5 7] [1 2 3 4 5 7 8 12] [1 2 3 4 5 6 8] [1 2] [1 2 3 4 5 6 7 8 19] [1 2 3 5] [1 2 3 5 7 11 19] [1 2 3 4 5 6 7 8 12 16 19] [1 2 3 4 5 6 7 8 15 19] [1 2 3 5 11] [1 2 3 4 5 7 8 11 15] [1 2 3 5 6 7 11] [1 2 3 4 8] [1 2 3 5 6 8] [1 2 3 4 5 6 19] [1 2 3 5 8 11 15 19 32] [1 2 5 8 15] [1 2 3] [1 2 3 5 7 8 15] [1 2 3 5 6 7 8 15 39] [1 2 3 4] [1 2 3 4 7] [1 2 3 4 5 7 19] [1 2 3 5 6 7 8 15] [1 2 3 4 5 7 8 15] [1 2 5 6] [1 2 3 4 5 8 11] [1 2 5] [1 2 3 5 8 26] [1 2 3 4 5 11 13 19 32] [1 2 3 4 5 6 8 19] [1 2 3 4 5 11 19] [1 2 3 4 5 19] [1 2 3 4 5 8 15 26] [1 2 8] [1 2 3 5 6 8 15] [1] [1 2 3 4 5 6 7 8 16] [1 2 3 4 5 6 7 8 11 19] [1 2 3 4 5 7 8 11 13 15 19 32 35] [1 5] [1 2 5 7] [1 2 5 6 7 8] [1 2 3 5 7 8 11 15 19 32] [1 2 32] [1 2 15] [1 2 3 5 8 15] [1 2 3 4 5 8 19] [1 2 3 4 5 6 7 8 11] [1 4 36] [] [] [] [] [] [] [] [] [] [] [] [] [] [] [] [] [] [] [] [] [] [] [] [] [] [] [] [] [] [] [] [] [] [] [] [] [] [] [] [] [] [] [] [] [] [] [] [] [] [] [] [] [] [] [] [] [] [] [] [] [] [] [] [] [] [] [] []
124 [] [1 2 3 4 5] [1 2 8] [1 2 3 4 5 6 7 8 15 16] [1 2 3 4 5 6 7 8 15] [1 2 3 4 5 6 7] [1 2 3 4 5 7] [1 2 3 4 5 7 8] [1 2 3 5 6] [1 2 3 4 5 6 7 8] [1 2 3 5 8] [1 2 3 5 6 7] [1 2 3 5 7 8] [1 2 3 4 5 6] [1 2 3 5 7] [1 2 3 4 5 7 8 12] [1 2 3 4 5 6 8] [1 2] [1 2 3 4 5 6 7 8 19] [1 2 3 5] [1 2 3 5 7 11 19] [1 2 3 4 5 6 7 8 12 16 19] [1 2 3 4 5 6 7 8 15 19] [1 2 3 5 11] [1 2 3 4 5 7 8 11 15] [1 2 3 5 6 7 11] [1 2 3 4 8] [1 2 3 5 6 8] [1 2 3 4 5 6 19] [1 2 3 5 8 11 15 19 32] [1 2 5 8 15] [1 2 3] [1 2 3 5 7 8 15] [1 2 3 5 6 7 8 15 39] [1 2 3 4] [1 2 3 4 7] [1 2 3 4 5 7 19] [1 2 3 5 6 7 8 15] [1 2 3 4 5 7 8 15] [1 2 5 6] [1 2 3 4 5 8 11] [1 2 5] [1 2 3 5 8 26] [1 2 3 4 5 11 13 19 32] [1 2 3 4 5 6 8 19] [1 2 3 4 5 11 19] [1 2 3 4 5 19] [1 2 3 4 5 8 15 26] [1 2 3 5 6 8 15] [1] [1 2 3 4 5 6 7 8 16] [1 2 3 4 5 6 7 8 11 19] [1 2 3 4 5 7 8 11 13 15 19 32 35] [1 5] [1 2 5 7] [1 2 5 6 7 8] [1 2 3 5 7 8 11 15 19 32] [1 2 32] [1 2 15] [1 2 3 5 8 15] [1 2 3 4 5 8 19] [1 2 3 4 5 6 7 8 11] [1 4 36] [] [] [] [] [] [] [] [] [] [] [] [] [] [] [] [] [] [] [] [] [] [] [] [] [] [] [] [] [] [] [] [] [] [] [] [] [] [] [] [] [] [] [] [] [] [] [] [] [] [] [] [] [] [] [] [] [] [] [] [] [] [] [] [] [] [] [] []
125 [] [1 2 8] [1 2 3 4 5 6 7 8 15 16] [1 2 3 4 5 6 7 8 15] [1 2 3 4 5 6 7] [1 2 3 4 5] [1 2 3 4 5 7] [1 2 3 4 5 7 8] [1 2 3 5 6] [1 2 3 4 5 6 7 8] [1 2 3 5 8] [1 2 3 5 6 7] [1 2 3 5 7 8] [1 2 3 4 5 6] [1 2 3 5 7] [1 2 3 4 5 7 8 12] [1 2 3 4 5 6 8] [1 2] [1 2 3 4 5 6 7 8 19] [1 2 3 5] [1 2 3 5 7 11 19] [1 2 3 4 5 6 7 8 12 16 19] [1 2 3 4 5 6 7 8 15 19] [1 2 3 5 11] [1 2 3 4 5 7 8 11 15] [1 2 3 5 6 7 11] [1 2 3 4 8] [1 2 3 5 6 8] [1 2 3 4 5 6 19] [1 2 3 5 8 11 15 19 32] [1 2 5 8 15] [1 2 3] [1 2 3 5 7 8 15] [1 2 3 5 6 7 8 15 39] [1 2 3 4] [1 2 3 4 7] [1 2 3 4 5 7 19] [1 2 3 5 6 7 8 15] [1 2 3 4 5 7 8 15] [1 2 5 6] [1 2 3 4 5 8 11] [1 2 5] [1 2 3 5 8 26] [1 2 3 4 5 11 13 19 32] [1 2 3 4 5 6 8 19] [1 2 3 4 5 11 19] [1 2 3 4 5 19] [1 2 3 4 5 8 15 26] [1 2 3 5 6 8 15] [1] [1 2 3 4 5 6 7 8 16] [1 2 3 4 5 6 7 8 11 19] [1 2 3 4 5 7 8 11 13 15 19 32 35] [1 5] [1 2 5 7] [1 2 5 6 7 8] [1 2 3 5 7 8 11 15 19 32] [1 2 32] [1 2 15] [1 2 3 5 8 15] [1 2 3 4 5 8 19] [1 2 3 4 5 6 7 8 11] [1 4 36] [] [] [] [] [] [] [] [] [] [] [] [] [] [] [] [] [] [] [] [] [] [] [] [] [] [] [] [] [] [] [] [] [] [] [] [] [] [] [] [] [] [] [] [] [] [] [] [] [] [] [] [] [] [] [] [] [] [] [] [] [] [] [] [] [] [] [] []
126 [] [1 2 8] [1 2 3 4 5 6 7 8 15 16] [1 2 3 4 5 6 7 8 15] [1 2 3 4 5 6 7] [1 2 3 4 5] [1 2 3 4 5 7] [1 2 3 4 5 7 8] [1 2 3 5 6] [1 2 3 4 5 6 7 8] [1 2 3 5 8] [1 2 3 5 6 7] [1 2 3 5 7 8] [1 2 3 4 5 6] [1 2 3 5 7] [1 2 3 4 5 7 8 12] [1 2 3 4 5 6 8] [1 2] [1 2 3 4 5 6 7 8 19] [1 2 3 5] [1 2 3 5 7 11 19] [1 2 3 4 5 6 7 8 12 16 19] [1 2 3 4 5 6 7 8 15 19] [1 2 3 5 11] [1 2 3 4 5 7 8 11 15] [1 2 3 5 6 7 11] [1 2 3 4 8] [1 2 3 5 6 8] [1 2 3 4 5 6 19] [1 2 3 5 8 11 15 19 32] [1 2 5 8 15] [1 2 3] [1 2 3 5 7 8 15] [1 2 3 5 6 7 8 15 39] [1 2 3 4] [1 2 3 4 7] [1 2 3 4 5 7 19] [1 2 3 5 6 7 8 15] [1 2 3 4 5 7 8 15] [1 2 5 6] [1 2 3 4 5 8 11] [1 2 5] [1 2 3 5 8 26] [1 2 3 4 5 11 13 19 32] [1 2 3 4 5 6 8 19] [1 2 3 4 5 11 19] [1 2 3 4 5 19] [1 2 3 4 5 8 15 26] [1 2 3 5 6 8 15] [1] [1 2 3 4 5 6 7 8 16] [1 2 3 4 5 6 7 8 11 19] [1 2 3 4 5 7 8 11 13 15 19 32 35] [1 5] [1 2 5 7] [1 2 5 6 7 8] [1 2 3 5 7 8 11 15 19 32] [1 2 32] [1 2 15] [1 2 3 5 8 15] [1 2 3 4 5 8 19] [1 2 3 4 5 6 7 8 11] [1 4 36] [] [] [] [] [] [] [] [] [] [] [] [] [] [] [] [] [] [] [] [] [] [] [] [] [] [] [] [] [] [] [] [] [] [] [] [] [] [] [] [] [] [] [] [] [] [] [] [] [] [] [] [] [] [] [] [] [] [] [] [] [] [] [] [] [] [] [] []
127 [] [1 2 3 4 5 6 7 8 15 16] [1 2 3 4 5 7] [1 2 3 4 5 6 7 8 15] [1 2 3 4 5 6 7] [1 2 3 4 5] [1 2 3 4 5 7 8] [1 2 3 5 6] [1 2 3 4 5 6 7 8] [1 2 3 5 8] [1 2 3 5 6 7] [1 2 3 5 7 8] [1 2 3 4 5 6] [1 2 3 5 7] [1 2 3 4 5 7 8 12] [1 2 3 4 5 6 8] [1 2] [1 2 3 4 5 6 7 8 19] [1 2 3 5] [1 2 3 5 7 11 19] [1 2 3 4 5 6 7 8 12 16 19] [1 2 3 4 5 6 7 8 15 19] [1 2 3 5 11] [1 2 3 4 5 7 8 11 15] [1 2 3 5 6 7 11] [1 2 3 4 8] [1 2 3 5 6 8] [1 2 3 4 5 6 19] [1 2 3 5 8 11 15 19 32] [1 2 5 8 15] [1 2 3] [1 2 3 5 7 8 15] [1 2 3 5 6 7 8 15 39] [1 2 3 4] [1 2 3 4 7] [1 2 3 4 5 7 19] [1 2 3 5 6 7 8 15] [1 2 3 4 5 7 8 15] [1 2 5 6] [1 2 3 4 5 8 11] [1 2 5] [1 2 3 5 8 26] [1 2 3 4 5 11 13 19 32] [1 2 3 4 5 6 8 19] [1 2 3 4 5 11 19] [1 2 3 4 5 19] [1 2 3 4 5 8 15 26] [1 2 8] [1 2 3 5 6 8 15] [1] [1 2 3 4 5 6 7 8 16] [1 2 3 4 5 6 7 8 11 19] [1 2 3 4 5 7 8 11 13 15 19 32 35] [1 5] [1 2 5 7] [1 2 5 6 7 8] [1 2 3 5 7 8 11 15 19 32] [1 2 32] [1 2 15] [1 2 3 5 8 15] [1 2 3 4 5 8 19] [1 2 3 4 5 6 7 8 11] [1 4 36] [] [] [] [] [] [] [] [] [] [] [] [] [] [] [] [] [] [] [] [] [] [] [] [] [] [] [] [] [] [] [] [] [] [] [] [] [] [] [] [] [] [] [] [] [] [] [] [] [] [] [] [] [] [] [] [] [] [] [] [] [] [] [] [] [] [] [] []
128 [] [1 2 3 4 5 7] [1 2 3 4 5 6 7 8 15] [1 2 3 4 5 6 7] [1 2 3 4 5] [1 2 3 4 5 7 8] [1 2 3 5 6] [1 2 3 4 5 6 7 8] [1 2 3 5 8] [1 2 3 5 6 7] [1 2 3 5 7 8] [1 2 3 4 5 6] [1 2 3 5 7] [1 2 3 4 5 7 8 12] [1 2 3 4 5 6 8] [1 2] [1 2 3 4 5 6 7 8 19] [1 2 3 5] [1 2 3 5 7 11 19] [1 2 3 4 5 6 7 8 12 16 19] [1 2 3 4 5 6 7 8 15 19] [1 2 3 5 11] [1 2 3 4 5 7 8 11 15] [1 2 3 5 6 7 11] [1 2 3 4 8] [1 2 3 5 6 8] [1 2 3 4 5 6 19] [1 2 3 5 8 11 15 19 32] [1 2 5 8 15] [1 2 3] [1 2 3 5 7 8 15] [1 2 3 5 6 7 8 15 39] [1 2 3 4] [1 2 3 4 7] [1 2 3 4 5 7 19] [1 2 3 5 6 7 8 15] [1 2 3 4 5 7 8 15] [1 2 5 6] [1 2 3 4 5 8 11] [1 2 5] [1 2 3 5 8 26] [1 2 3 4 5 11 13 19 32] [1 2 3 4 5 6 8 19] [1 2 3 4 5 11 19] [1 2 3 4 5 19] [1 2 3 4 5 8 15 26] [1 2 8] [1 2 3 5 6 8 15] [1] [1 2 3 4 5 6 7 8 16] [1 2 3 4 5 6 7 8 11 19] [1 2 3 4 5 7 8 11 13 15 19 32 35] [1 5] [1 2 5 7] [1 2 5 6 7 8] [1 2 3 5 7 8 11 15 19 32] [1 2 32] [1 2 15] [1 2 3 5 8 15] [1 2 3 4 5 8 19] [1 2 3 4 5 6 7 8 11] [1 4 36] [] [] [] [] [] [] [] [] [] [] [] [] [] [] [] [] [] [] [] [] [] [] [] [] [] [] [] [] [] [] [] [] [] [] [] [] [] [] [] [] [] [] [] [] [] [] [] [] [] [] [] [] [] [] [] [] [] [] [] [] [] [] [] [] [] [] [] [] []
129 [] [1 2 3 4 5 7] [1 2 3 4] [1 2 3 4 5 6 7 8 15] [1 2 3 4 5 6 7] [1 2 3 4 5] [1 2 3 4 5 7 8] [1 2 3 5 6] [1 2 3 4 5 6 7 8] [1 2 3 5 8] [1 2 3 5 6 7] [1 2 3 5 7 8] [1 2 3 4 5 6] [1 2 3 5 7] [1 2 3 4 5 7 8 12] [1 2 3 4 5 6 8] [1 2] [1 2 3 4 5 6 7 8 19] [1 2 3 5] [1 2 3 5 7 11 19] [1 2 3 4 5 6 7 8 12 16 19] [1 2 3 4 5 6 7 8 15 19] [1 2 3 5 11] [1 2 3 4 5 7 8 11 15] [1 2 3 5 6 7 11] [1 2 3 4 8] [1 2 3 5 6 8] [1 2 3 4 5 6 19] [1 2 3 5 8 11 15 19 32] [1 2 5 8 15] [1 2 3] [1 2 3 5 7 8 15] [1 2 3 5 6 7 8 15 39] [1 2 3 4 7] [1 2 3 4 5 7 19] [1 2 3 5 6 7 8 15] [1 2 3 4 5 7 8 15] [1 2 5 6] [1 2 3 4 5 8 11] [1 2 5] [1 2 3 5 8 26] [1 2 3 4 5 11 13 19 32] [1 2 3 4 5 6 8 19] [1 2 3 4 5 11 19] [1 2 3 4 5 19] [1 2 3 4 5 8 15 26] [1 2 8] [1 2 3 5 6 8 15] [1] [1 2 3 4 5 6 7 8 16] [1 2 3 4 5 6 7 8 11 19] [1 2 3 4 5 7 8 11 13 15 19 32 35] [1 5] [1 2 5 7] [1 2 5 6 7 8] [1 2 3 5 7 8 11 15 19 32] [1 2 32] [1 2 15] [1 2 3 5 8 15] [1 2 3 4 5 8 19] [1 2 3 4 5 6 7 8 11] [1 4 36] [] [] [] [] [] [] [] [] [] [] [] [] [] [] [] [] [] [] [] [] [] [] [] [] [] [] [] [] [] [] [] [] [] [] [] [] [] [] [] [] [] [] [] [] [] [] [] [] [] [] [] [] [] [] [] [] [] [] [] [] [] [] [] [] [] [] [] [] []
130 [] [1 2 3 4] [1 2 3 4 5 6 7 8 15] [1 2 3 4 5 6 7] [1 2 3 4 5] [1 2 3 4 5 7] [1 2 3 4 5 7 8] [1 2 3 5 6] [1 2 3 4 5 6 7 8] [1 2 3 5 8] [1 2 3 5 6 7] [1 2 3 5 7 8] [1 2 3 4 5 6] [1 2 3 5 7] [1 2 3 4 5 7 8 12] [1 2 3 4 5 6 8] [1 2] [1 2 3 4 5 6 7 8 19] [1 2 3 5] [1 2 3 5 7 11 19] [1 2 3 4 5 6 7 8 12 16 19] [1 2 3 4 5 6 7 8 15 19] [1 2 3 5 11] [1 2 3 4 5 7 8 11 15] [1 2 3 5 6 7 11] [1 2 3 4 8] [1 2 3 5 6 8] [1 2 3 4 5 6 19] [1 2 3 5 8 11 15 19 32] [1 2 5 8 15] [1 2 3] [1 2 3 5 7 8 15] [1 2 3 5 6 7 8 15 39] [1 2 3 4 7] [1 2 3 4 5 7 19] [1 2 3 5 6 7 8 15] [1 2 3 4 5 7 8 15] [1 2 5 6] [1 2 3 4 5 8 11] [1 2 5] [1 2 3 5 8 26] [1 2 3 4 5 11 13 19 32] [1 2 3 4 5 6 8 19] [1 2 3 4 5 11 19] [1 2 3 4 5 19] [1 2 3 4 5 8 15 26] [1 2 8] [1 2 3 5 6 8 15] [1] [1 2 3 4 5 6 7 8 16] [1 2 3 4 5 6 7 8 11 19] [1 2 3 4 5 7 8 11 13 15 19 32 35] [1 5] [1 2 5 7] [1 2 5 6 7 8] [1 2 3 5 7 8 11 15 19 32] [1 2 32] [1 2 15] [1 2 3 5 8 15] [1 2 3 4 5 8 19] [1 2 3 4 5 6 7 8 11] [1 4 36] [] [] [] [] [] [] [] [] [] [] [] [] [] [] [] [] [] [] [] [] [] [] [] [] [] [] [] [] [] [] [] [] [] [] [] [] [] [] [] [] [] [] [] [] [] [] [] [] [] [] [] [] [] [] [] [] [] [] [] [] [] [] [] [] [] [] [] [] []
131 [] [1 2 3 4 5 6 7 8 15] [1 2 3 4 5 6 7] [1 2 3 4 5] [1 2 3 4 5 7] [1 2 3 4 5 7 8] [1 2 3 5 6] [1 2 3 4 5 6 7 8] [1 2 3 5 8] [1 2 3 5 6 7] [1 2 3 5 7 8] [1 2 3 4 5 6] [1 2 3 5 7] [1 2 3 4 5 7 8 12] [1 2 3 4 5 6 8] [1 2] [1 2 3 4 5 6 7 8 19] [1 2 3 5] [1 2 3 5 7 11 19] [1 2 3 4 5 6 7 8 12 16 19] [1 2 3 4 5 6 7 8 15 19] [1 2 3 5 11] [1 2 3 4 5 7 8 11 15] [1 2 3 5 6 7 11] [1 2 3 4 8] [1 2 3 5 6 8] [1 2 3 4 5 6 19] [1 2 3 5 8 11 15 19 32] [1 2 5 8 15] [1 2 3] [1 2 3 5 7 8 15] [1 2 3 5 6 7 8 15 39] [1 2 3 4] [1 2 3 4 7] [1 2 3 4 5 7 19] [1 2 3 5 6 7 8 15] [1 2 3 4 5 7 8 15] [1 2 5 6] [1 2 3 4 5 8 11] [1 2 5] [1 2 3 5 8 26] [1 2 3 4 5 11 13 19 32] [1 2 3 4 5 6 8 19] [1 2 3 4 5 11 19] [1 2 3 4 5 19] [1 2 3 4 5 8 15 26] [1 2 8] [1 2 3 5 6 8 15] [1] [1 2 3 4 5 6 7 8 16] [1 2 3 4 5 6 7 8 11 19] [1 2 3 4 5 7 8 11 13 15 19 32 35] [1 5] [1 2 5 7] [1 2 5 6 7 8] [1 2 3 5 7 8 11 15 19 32] [1 2 32] [1 2 15] [1 2 3 5 8 15] [1 2 3 4 5 8 19] [1 2 3 4 5 6 7 8 11] [1 4 36] [] [] [] [] [] [] [] [] [] [] [] [] [] [] [] [] [] [] [] [] [] [] [] [] [] [] [] [] [] [] [] [] [] [] [] [] [] [] [] [] [] [] [] [] [] [] [] [] [] [] [] [] [] [] [] [] [] [] [] [] [] [] [] [] [] [] [] [] []
132 [] [1 2 3 4 5 6 7 8 15] [1 2 3 4 5 6 7] [1 2 3 4 5] [1 2 3 4 5 7] [1 2 3 4 5 7 8] [1 2 3 5 6] [1 2 3 4 5 6 7 8] [1 2 3 5 8] [1 2 3 5 6 7] [1 2 3 5 7 8] [1 2 3 4 5 6] [1 2 3 5 7] [1 2 3 4 5 7 8 12] [1 2 3 4 5 6 8] [1 2] [1 2 3 4 5 6 7 8 19] [1 2 3 5] [1 2 3 5 7 11 19] [1 2 3 4 5 6 7 8 12 16 19] [1 2 3 4 5 6 7 8 15 19] [1 2 3 5 11] [1 2 3 4 5 7 8 11 15] [1 2 3 5 6 7 11] [1 2 3 4 8] [1 2 3 5 6 8] [1 2 3 4 5 6 19] [1 2 3 5 8 11 15 19 32] [1 2 5 8 15] [1 2 3] [1 2 3 5 7 8 15] [1 2 3 5 6 7 8 15 39] [1 2 3 4] [1 2 3 4 7] [1 2 3 4 5 7 19] [1 2 3 5 6 7 8 15] [1 2 3 4 5 7 8 15] [1 2 5 6] [1 2 3 4 5 8 11] [1 2 5] [1 2 3 5 8 26] [1 2 3 4 5 11 13 19 32] [1 2 3 4 5 6 8 19] [1 2 3 4 5 11 19] [1 2 3 4 5 19] [1 2 3 4 5 8 15 26] [1 2 8] [1 2 3 5 6 8 15] [1] [1 2 3 4 5 6 7 8 16] [1 2 3 4 5 6 7 8 11 19] [1 2 3 4 5 7 8 11 13 15 19 32 35] [1 5] [1 2 5 7] [1 2 5 6 7 8] [1 2 3 5 7 8 11 15 19 32] [1 2 32] [1 2 15] [1 2 3 5 8 15] [1 2 3 4 5 8 19] [1 2 3 4 5 6 7 8 11] [1 4 36] [] [] [] [] [] [] [] [] [] [] [] [] [] [] [] [] [] [] [] [] [] [] [] [] [] [] [] [] [] [] [] [] [] [] [] [] [] [] [] [] [] [] [] [] [] [] [] [] [] [] [] [] [] [] [] [] [] [] [] [] [] [] [] [] [] [] [] [] []
133 [] [1 2 3 4 5 6 7] [1 2 3 4 5] [1 2 3 4 5 7] [1 2 3 4 5 7 8] [1 2 3 5 6] [1 2 3 4 5 6 7 8] [1 2 3 5 8] [1 2 3 5 6 7] [1 2 3 5 7 8] [1 2 3 4 5 6] [1 2 3 5 7] [1 2 3 4 5 7 8 12] [1 2 3 4 5 6 8] [1 2] [1 2 3 4 5 6 7 8 19] [1 2 3 5] [1 2 3 5 7 11 19] [1 2 3 4 5 6 7 8 12 16 19] [1 2 3 4 5 6 7 8 15] [1 2 3 4 5 6 7 8 15 19] [1 2 3 5 11] [1 2 3 4 5 7 8 11 15] [1 2 3 5 6 7 11] [1 2 3 4 8] [1 2 3 5 6 8] [1 2 3 4 5 6 19] [1 2 3 5 8 11 15 19 32] [1 2 5 8 15] [1 2 3] [1 2 3 5 7 8 15] [1 2 3 5 6 7 8 15 39] [1 2 3 4] [1 2 3 4 7] [1 2 3 4 5 7 19] [1 2 3 5 6 7 8 15] [1 2 3 4 5 7 8 15] [1 2 5 6] [1 2 3 4 5 8 11] [1 2 5] [1 2 3 5 8 26] [1 2 3 4 5 11 13 19 32] [1 2 3 4 5 6 8 19] [1 2 3 4 5 11 19] [1 2 3 4 5 19] [1 2 3 4 5 8 15 26] [1 2 8] [1 2 3 5 6 8 15] [1] [1 2 3 4 5 6 7 8 16] [1 2 3 4 5 6 7 8 11 19] [1 2 3 4 5 7 8 11 13 15 19 32 35] [1 5] [1 2 5 7] [1 2 5 6 7 8] [1 2 3 5 7 8 11 15 19 32] [1 2 32] [1 2 15] [1 2 3 5 8 15] [1 2 3 4 5 8 19] [1 2 3 4 5 6 7 8 11] [1 4 36] [] [] [] [] [] [] [] [] [] [] [] [] [] [] [] [] [] [] [] [] [] [] [] [] [] [] [] [] [] [] [] [] [] [] [] [] [] [] [] [] [] [] [] [] [] [] [] [] [] [] [] [] [] [] [] [] [] [] [] [] [] [] [] [] [] [] [] [] []
134 [] [1 2 3 4 5] [1 2 3 4 5 7] [1 2 3 4 5 7 8] [1 2 3 5 6] [1 2 3 4 5 6 7 8] [1 2 3 5 8] [1 2 3 5 6 7] [1 2 3 5 7 8] [1 2 3 4 5 6] [1 2 3 5 7] [1 2 3 4 5 7 8 12] [1 2 3 4 5 6 8] [1 2] [1 2 3 4 5 6 7 8 19] [1 2 3 4 5 6 7] [1 2 3 5] [1 2 3 5 7 11 19] [1 2 3 4 5 6 7 8 12 16 19] [1 2 3 4 5 6 7 8 15] [1 2 3 4 5 6 7 8 15 19] [1 2 3 5 11] [1 2 3 4 5 7 8 11 15] [1 2 3 5 6 7 11] [1 2 3 4 8] [1 2 3 5 6 8] [1 2 3 4 5 6 19] [1 2 3 5 8 11 15 19 32] [1 2 5 8 15] [1 2 3] [1 2 3 5 7 8 15] [1 2 3 5 6 7 8 15 39] [1 2 3 4] [1 2 3 4 7] [1 2 3 4 5 7 19] [1 2 3 5 6 7 8 15] [1 2 3 4 5 7 8 15] [1 2 5 6] [1 2 3 4 5 8 11] [1 2 5] [1 2 3 5 8 26] [1 2 3 4 5 11 13 19 32] [1 2 3 4 5 6 8 19] [1 2 3 4 5 11 19] [1 2 3 4 5 19] [1 2 3 4 5 8 15 26] [1 2 8] [1 2 3 5 6 8 15] [1] [1 2 3 4 5 6 7 8 16] [1 2 3 4 5 6 7 8 11 19] [1 2 3 4 5 7 8 11 13 15 19 32 35] [1 5] [1 2 5 7] [1 2 5 6 7 8] [1 2 3 5 7 8 11 15 19 32] [1 2 32] [1 2 15] [1 2 3 5 8 15] [1 2 3 4 5 8 19] [1 2 3 4 5 6 7 8 11] [1 4 36] [] [] [] [] [] [] [] [] [] [] [] [] [] [] [] [] [] [] [] [] [] [] [] [] [] [] [] [] [] [] [] [] [] [] [] [] [] [] [] [] [] [] [] [] [] [] [] [] [] [] [] [] [] [] [] [] [] [] [] [] [] [] [] [] [] [] [] [] []
135 [] [1 2 3 4 5 7] [1 2 3 4 5 7 8] [1 2 3 5 6] [1 2 3 4 5 6 7 8] [1 2 3 5 8] [1 2 3 5 6 7] [1 2 3 5 7 8] [1 2 3 4 5 6] [1 2 3 5 7] [1 2 3 4 5 7 8 12] [1 2 3 4 5 6 8] [1 2] [1 2 3 4 5 6 7 8 19] [1 2 3 4 5 6 7] [1 2 3 4 5] [1 2 3 5] [1 2 3 5 7 11 19] [1 2 3 4 5 6 7 8 12 16 19] [1 2 3 4 5 6 7 8 15] [1 2 3 4 5 6 7 8 15 19] [1 2 3 5 11] [1 2 3 4 5 7 8 11 15] [1 2 3 5 6 7 11] [1 2 3 4 8] [1 2 3 5 6 8] [1 2 3 4 5 6 19] [1 2 3 5 8 11 15 19 32] [1 2 5 8 15] [1 2 3] [1 2 3 5 7 8 15] [1 2 3 5 6 7 8 15 39] [1 2 3 4] [1 2 3 4 7] [1 2 3 4 5 7 19] [1 2 3 5 6 7 8 15] [1 2 3 4 5 7 8 15] [1 2 5 6] [1 2 3 4 5 8 11] [1 2 5] [1 2 3 5 8 26] [1 2 3 4 5 11 13 19 32] [1 2 3 4 5 6 8 19] [1 2 3 4 5 11 19] [1 2 3 4 5 19] [1 2 3 4 5 8 15 26] [1 2 8] [1 2 3 5 6 8 15] [1] [1 2 3 4 5 6 7 8 16] [1 2 3 4 5 6 7 8 11 19] [1 2 3 4 5 7 8 11 13 15 19 32 35] [1 5] [1 2 5 7] [1 2 5 6 7 8] [1 2 3 5 7 8 11 15 19 32] [1 2 32] [1 2 15] [1 2 3 5 8 15] [1 2 3 4 5 8 19] [1 2 3 4 5 6 7 8 11] [1 4 36] [] [] [] [] [] [] [] [] [] [] [] [] [] [] [] [] [] [] [] [] [] [] [] [] [] [] [] [] [] [] [] [] [] [] [] [] [] [] [] [] [] [] [] [] [] [] [] [] [] [] [] [] [] [] [] [] [] [] [] [] [] [] [] [] [] [] [] [] []
136 [] [1 2 3 4 5 7 8] [1 2 3 5 6] [1 2 3 4 5 6 7 8] [1 2 3 5 8] [1 2 3 5 6 7] [1 2 3 4 5 7] [1 2 3 5 7 8] [1 2 3 4 5 6] [1 2 3 5 7] [1 2 3 4 5 7 8 12] [1 2 3 4 5 6 8] [1 2] [1 2 3 4 5 6 7 8 19] [1 2 3 4 5 6 7] [1 2 3 4 5] [1 2 3 5] [1 2 3 5 7 11 19] [1 2 3 4 5 6 7 8 12 16 19] [1 2 3 4 5 6 7 8 15] [1 2 3 4 5 6 7 8 15 19] [1 2 3 5 11] [1 2 3 4 5 7 8 11 15] [1 2 3 5 6 7 11] [1 2 3 4 8] [1 2 3 5 6 8] [1 2 3 4 5 6 19] [1 2 3 5 8 11 15 19 32] [1 2 5 8 15] [1 2 3] [1 2 3 5 7 8 15] [1 2 3 5 6 7 8 15 39] [1 2 3 4] [1 2 3 4 7] [1 2 3 4 5 7 19] [1 2 3 5 6 7 8 15] [1 2 3 4 5 7 8 15] [1 2 5 6] [1 2 3 4 5 8 11] [1 2 5] [1 2 3 5 8 26] [1 2 3 4 5 11 13 19 32] [1 2 3 4 5 6 8 19] [1 2 3 4 5 11 19] [1 2 3 4 5 19] [1 2 3 4 5 8 15 26] [1 2 8] [1 2 3 5 6 8 15] [1] [1 2 3 4 5 6 7 8 16] [1 2 3 4 5 6 7 8 11 19] [1 2 3 4 5 7 8 11 13 15 19 32 35] [1 5] [1 2 5 7] [1 2 5 6 7 8] [1 2 3 5 7 8 11 15 19 32] [1 2 32] [1 2 15] [1 2 3 5 8 15] [1 2 3 4 5 8 19] [1 2 3 4 5 6 7 8 11] [1 4 36] [] [] [] [] [] [] [] [] [] [] [] [] [] [] [] [] [] [] [] [] [] [] [] [] [] [] [] [] [] [] [] [] [] [] [] [] [] [] [] [] [] [] [] [] [] [] [] [] [] [] [] [] [] [] [] [] [] [] [] [] [] [] [] [] [] [] [] [] []
137 [] [1 2 3 5 6] [1 2 3 4 5 6 7 8] [1 2 3 4 5 7 8] [1 2 3 5 8] [1 2 3 5 6 7] [1 2 3 4 5 7] [1 2 3 5 7 8] [1 2 3 4 5 6] [1 2 3 5 7] [1 2 3 4 5 7 8 12] [1 2 3 4 5 6 8] [1 2] [1 2 3 4 5 6 7 8 19] [1 2 3 4 5 6 7] [1 2 3 4 5] [1 2 3 5] [1 2 3 5 7 11 19] [1 2 3 4 5 6 7 8 12 16 19] [1 2 3 4 5 6 7 8 15] [1 2 3 4 5 6 7 8 15 19] [1 2 3 5 11] [1 2 3 4 5 7 8 11 15] [1 2 3 5 6 7 11] [1 2 3 4 8] [1 2 3 5 6 8] [1 2 3 4 5 6 19] [1 2 3 5 8 11 15 19 32] [1 2 5 8 15] [1 2 3] [1 2 3 5 7 8 15] [1 2 3 5 6 7 8 15 39] [1 2 3 4] [1 2 3 4 7] [1 2 3 4 5 7 19] [1 2 3 5 6 7 8 15] [1 2 3 4 5 7 8 15] [1 2 5 6] [1 2 3 4 5 8 11] [1 2 5] [1 2 3 5 8 26] [1 2 3 4 5 11 13 19 32] [1 2 3 4 5 6 8 19] [1 2 3 4 5 11 19] [1 2 3 4 5 19] [1 2 3 4 5 8 15 26] [1 2 8] [1 2 3 5 6 8 15] [1] [1 2 3 4 5 6 7 8 16] [1 2 3 4 5 6 7 8 11 19] [1 2 3 4 5 7 8 11 13 15 19 32 35] [1 5] [1 2 5 7] [1 2 5 6 7 8] [1 2 3 5 7 8 11 15 19 32] [1 2 32] [1 2 15] [1 2 3 5 8 15] [1 2 3 4 5 8 19] [1 2 3 4 5 6 7 8 11] [1 4 36] [] [] [] [] [] [] [] [] [] [] [] [] [] [] [] [] [] [] [] [] [] [] [] [] [] [] [] [] [] [] [] [] [] [] [] [] [] [] [] [] [] [] [] [] [] [] [] [] [] [] [] [] [] [] [] [] [] [] [] [] [] [] [] [] [] [] [] [] []
138 [] [1 2 3 5 6] [1 2 3 4 5 6 7 8] [1 2 3 4 5 7 8] [1 2 3 5 8] [1 2 3 5 6 7] [1 2 3 4 5 7] [1 2 3 5 7 8] [1 2 3 4 5 6] [1 2 3 5 7] [1 2 3 4 5 7 8 12] [1 2 3 4 5 6 8] [1 2] [1 2 3 4 5 6 7 8 19] [1 2 3 4 5 6 7] [1 2 3 4 5] [1 2 3 5] [1 2 3 5 7 11 19] [1 2 3 4 5 6 7 8 12 16 19] [1 2 3 4 5 6 7 8 15] [1 2 3 4 5 6 7 8 15 19] [1 2 3 5 11] [1 2 3 4 5 7 8 11 15] [1 2 3 5 6 7 11] [1 2 3 4 8] [1 2 3 5 6 8] [1 2 3 4 5 6 19] [1 2 3 5 8 11 15 19 32] [1 2 5 8 15] [1 2 3] [1 2 3 5 7 8 15] [1 2 3 5 6 7 8 15 39] [1 2 3 4] [1 2 3 4 7] [1 2 3 4 5 7 19] [1 2 3 5 6 7 8 15] [1 2 3 4 5 7 8 15] [1 2 5 6] [1 2 3 4 5 8 11] [1 2 5] [1 2 3 5 8 26] [1 2 3 4 5 11 13 19 32] [1 2 3 4 5 6 8 19] [1 2 3 4 5 11 19] [1 2 3 4 5 19] [1 2 3 4 5 8 15 26] [1 2 8] [1 2 3 5 6 8 15] [1] [1 2 3 4 5 6 7 8 16] [1 2 3 4 5 6 7 8 11 19] [1 2 3 4 5 7 8 11 13 15 19 32 35] [1 5] [1 2 5 7] [1 2 5 6 7 8] [1 2 3 5 7 8 11 15 19 32] [1 2 32] [1 2 15] [1 2 3 5 8 15] [1 2 3 4 5 8 19] [1 2 3 4 5 6 7 8 11] [1 4 36] [] [] [] [] [] [] [] [] [] [] [] [] [] [] [] [] [] [] [] [] [] [] [] [] [] [] [] [] [] [] [] [] [] [] [] [] [] [] [] [] [] [] [] [] [] [] [] [] [] [] [] [] [] [] [] [] [] [] [] [] [] [] [] [] [] [] [] [] []
139 [] [1 2 3 4 5 6 7 8] [1 2 3 4 5 6 7] [1 2 3 4 5 7 8] [1 2 3 5 8] [1 2 3 5 6 7] [1 2 3 4 5 7] [1 2 3 5 7 8] [1 2 3 4 5 6] [1 2 3 5 7] [1 2 3 4 5 7 8 12] [1 2 3 4 5 6 8] [1 2] [1 2 3 5 6] [1 2 3 4 5 6 7 8 19] [1 2 3 4 5] [1 2 3 5] [1 2 3 5 7 11 19] [1 2 3 4 5 6 7 8 12 16 19] [1 2 3 4 5 6 7 8 15] [1 2 3 4 5 6 7 8 15 19] [1 2 3 5 11] [1 2 3 4 5 7 8 11 15] [1 2 3 5 6 7 11] [1 2 3 4 8] [1 2 3 5 6 8] [1 2 3 4 5 6 19] [1 2 3 5 8 11 15 19 32] [1 2 5 8 15] [1 2 3] [1 2 3 5 7 8 15] [1 2 3 5 6 7 8 15 39] [1 2 3 4] [1 2 3 4 7] [1 2 3 4 5 7 19] [1 2 3 5 6 7 8 15] [1 2 3 4 5 7 8 15] [1 2 5 6] [1 2 3 4 5 8 11] [1 2 5] [1 2 3 5 8 26] [1 2 3 4 5 11 13 19 32] [1 2 3 4 5 6 8 19] [1 2 3 4 5 11 19] [1 2 3 4 5 19] [1 2 3 4 5 8 15 26] [1 2 8] [1 2 3 5 6 8 15] [1] [1 2 3 4 5 6 7 8 16] [1 2 3 4 5 6 7 8 11 19] [1 2 3 4 5 7 8 11 13 15 19 32 35] [1 5] [1 2 5 7] [1 2 5 6 7 8] [1 2 3 5 7 8 11 15 19 32] [1 2 32] [1 2 15] [1 2 3 5 8 15] [1 2 3 4 5 8 19] [1 2 3 4 5 6 7 8 11] [1 4 36] [] [] [] [] [] [] [] [] [] [] [] [] [] [] [] [] [] [] [] [] [] [] [] [] [] [] [] [] [] [] [] [] [] [] [] [] [] [] [] [] [] [] [] [] [] [] [] [] [] [] [] [] [] [] [] [] [] [] [] [] [] [] [] [] [] [] [] [] []
140 [] [1 2 3 4 5 6 7] [1 2 3 4 5 7 8] [1 2 3 5 8] [1 2 3 5 6 7] [1 2 3 4 5 7] [1 2 3 4 5 6 7 8] [1 2 3 5 7 8] [1 2 3 4 5 6] [1 2 3 5 7] [1 2 3 4 5 7 8 12] [1 2 3 4 5 6 8] [1 2] [1 2 3 5 6] [1 2 3 4 5 6 7 8 19] [1 2 3 4 5] [1 2 3 5] [1 2 3 5 7 11 19] [1 2 3 4 5 6 7 8 12 16 19] [1 2 3 4 5 6 7 8 15] [1 2 3 4 5 6 7 8 15 19] [1 2 3 5 11] [1 2 3 4 5 7 8 11 15] [1 2 3 5 6 7 11] [1 2 3 4 8] [1 2 3 5 6 8] [1 2 3 4 5 6 19] [1 2 3 5 8 11 15 19 32] [1 2 5 8 15] [1 2 3] [1 2 3 5 7 8 15] [1 2 3 5 6 7 8 15 39] [1 2 3 4] [1 2 3 4 7] [1 2 3 4 5 7 19] [1 2 3 5 6 7 8 15] [1 2 3 4 5 7 8 15] [1 2 5 6] [1 2 3 4 5 8 11] [1 2 5] [1 2 3 5 8 26] [1 2 3 4 5 11 13 19 32] [1 2 3 4 5 6 8 19] [1 2 3 4 5 11 19] [1 2 3 4 5 19] [1 2 3 4 5 8 15 26] [1 2 8] [1 2 3 5 6 8 15] [1] [1 2 3 4 5 6 7 8 16] [1 2 3 4 5 6 7 8 11 19] [1 2 3 4 5 7 8 11 13 15 19 32 35] [1 5] [1 2 5 7] [1 2 5 6 7 8] [1 2 3 5 7 8 11 15 19 32] [1 2 32] [1 2 15] [1 2 3 5 8 15] [1 2 3 4 5 8 19] [1 2 3 4 5 6 7 8 11] [1 4 36] [] [] [] [] [] [] [] [] [] [] [] [] [] [] [] [] [] [] [] [] [] [] [] [] [] [] [] [] [] [] [] [] [] [] [] [] [] [] [] [] [] [] [] [] [] [] [] [] [] [] [] [] [] [] [] [] [] [] [] [] [] [] [] [] [] [] [] [] []
141 [] [1 2 3 4 5 7 8] [1 2 3 5 8] [1 2 3 5 6 7] [1 2 3 4 5 7] [1 2 3 4 5 6 7 8] [1 2 3 5 7 8] [1 2 3 4 5 6] [1 2 3 5 7] [1 2 3 4 5 7 8 12] [1 2 3 4 5 6 8] [1 2] [1 2 3 5 6] [1 2 3 4 5 6 7 8 19] [1 2 3 4 5 6 7] [1 2 3 4 5] [1 2 3 5] [1 2 3 5 7 11 19] [1 2 3 4 5 6 7 8 12 16 19] [1 2 3 4 5 6 7 8 15] [1 2 3 4 5 6 7 8 15 19] [1 2 3 5 11] [1 2 3 4 5 7 8 11 15] [1 2 3 5 6 7 11] [1 2 3 4 8] [1 2 3 5 6 8] [1 2 3 4 5 6 19] [1 2 3 5 8 11 15 19 32] [1 2 5 8 15] [1 2 3] [1 2 3 5 7 8 15] [1 2 3 5 6 7 8 15 39] [1 2 3 4] [1 2 3 4 7] [1 2 3 4 5 7 19] [1 2 3 5 6 7 8 15] [1 2 3 4 5 7 8 15] [1 2 5 6] [1 2 3 4 5 8 11] [1 2 5] [1 2 3 5 8 26] [1 2 3 4 5 11 13 19 32] [1 2 3 4 5 6 8 19] [1 2 3 4 5 11 19] [1 2 3 4 5 19] [1 2 3 4 5 8 15 26] [1 2 8] [1 2 3 5 6 8 15] [1] [1 2 3 4 5 6 7 8 16] [1 2 3 4 5 6 7 8 11 19] [1 2 3 4 5 7 8 11 13 15 19 32 35] [1 5] [1 2 5 7] [1 2 5 6 7 8] [1 2 3 5 7 8 11 15 19 32] [1 2 32] [1 2 15] [1 2 3 5 8 15] [1 2 3 4 5 8 19] [1 2 3 4 5 6 7 8 11] [1 4 36] [] [] [] [] [] [] [] [] [] [] [] [] [] [] [] [] [] [] [] [] [] [] [] [] [] [] [] [] [] [] [] [] [] [] [] [] [] [] [] [] [] [] [] [] [] [] [] [] [] [] [] [] [] [] [] [] [] [] [] [] [] [] [] [] [] [] [] [] []
142 [] [1 2 3 4 5 7 8] [1 2 3 5 8] [1 2 3 5 6 7] [1 2 3 4 5 7] [1 2 3 4 5 6 7 8] [1 2 3 5 7 8] [1 2 3 4 5 6] [1 2 3 5 7] [1 2 3 4 5 7 8 12] [1 2 3 4 5 6 8] [1 2] [1 2 3 5 6] [1 2 3 4 5 6 7 8 19] [1 2 3 4 5 6 7] [1 2 3 4 5] [1 2 3 5] [1 2 3 5 7 11 19] [1 2 3 4 5 6 7 8 12 16 19] [1 2 3 4 5 6 7 8 15] [1 2 3 4 5 6 7 8 15 19] [1 2 3 5 11] [1 2 3 4 5 7 8 11 15] [1 2 3 5 6 7 11] [1 2 3 4 8] [1 2 3 5 6 8] [1 2 3 4 5 6 19] [1 2 3 5 8 11 15 19 32] [1 2 5 8 15] [1 2 3] [1 2 3 5 7 8 15] [1 2 3 5 6 7 8 15 39] [1 2 3 4] [1 2 3 4 7] [1 2 3 4 5 7 19] [1 2 3 5 6 7 8 15] [1 2 3 4 5 7 8 15] [1 2 5 6] [1 2 3 4 5 8 11] [1 2 5] [1 2 3 5 8 26] [1 2 3 4 5 11 13 19 32] [1 2 3 4 5 6 8 19] [1 2 3 4 5 11 19] [1 2 3 4 5 19] [1 2 3 4 5 8 15 26] [1 2 8] [1 2 3 5 6 8 15] [1] [1 2 3 4 5 6 7 8 16] [1 2 3 4 5 6 7 8 11 19] [1 2 3 4 5 7 8 11 13 15 19 32 35] [1 5] [1 2 5 7] [1 2 5 6 7 8] [1 2 3 5 7 8 11 15 19 32] [1 2 32] [1 2 15] [1 2 3 5 8 15] [1 2 3 4 5 8 19] [1 2 3 4 5 6 7 8 11] [1 4 36] [] [] [] [] [] [] [] [] [] [] [] [] [] [] [] [] [] [] [] [] [] [] [] [] [] [] [] [] [] [] [] [] [] [] [] [] [] [] [] [] [] [] [] [] [] [] [] [] [] [] [] [] [] [] [] [] [] [] [] [] [] [] [] [] [] [] [] [] []
143 [] [1 2 3 5 8] [1 2 3 5 6 7] [1 2 3 4 5 7 8] [1 2 3 4 5 7] [1 2 3 4 5 6 7 8] [1 2 3 5 7 8] [1 2 3 4 5 6] [1 2 3 5 7] [1 2 3 4 5 7 8 12] [1 2 3 4 5 6 8] [1 2] [1 2 3 5 6] [1 2 3 4 5 6 7 8 19] [1 2 3 4 5 6 7] [1 2 3 4 5] [1 2 3 5] [1 2 3 5 7 11 19] [1 2 3 4 5 6 7 8 12 16 19] [1 2 3 4 5 6 7 8 15] [1 2 3 4 5 6 7 8 15 19] [1 2 3 5 11] [1 2 3 4 5 7 8 11 15] [1 2 3 5 6 7 11] [1 2 3 4 8] [1 2 3 5 6 8] [1 2 3 4 5 6 19] [1 2 3 5 8 11 15 19 32] [1 2 5 8 15] [1 2 3] [1 2 3 5 7 8 15] [1 2 3 5 6 7 8 15 39] [1 2 3 4] [1 2 3 4 7] [1 2 3 4 5 7 19] [1 2 3 5 6 7 8 15] [1 2 3 4 5 7 8 15] [1 2 5 6] [1 2 3 4 5 8 11] [1 2 5] [1 2 3 5 8 26] [1 2 3 4 5 11 13 19 32] [1 2 3 4 5 6 8 19] [1 2 3 4 5 11 19] [1 2 3 4 5 19] [1 2 3 4 5 8 15 26] [1 2 8] [1 2 3 5 6 8 15] [1] [1 2 3 4 5 6 7 8 16] [1 2 3 4 5 6 7 8 11 19] [1 2 3 4 5 7 8 11 13 15 19 32 35] [1 5] [1 2 5 7] [1 2 5 6 7 8] [1 2 3 5 7 8 11 15 19 32] [1 2 32] [1 2 15] [1 2 3 5 8 15] [1 2 3 4 5 8 19] [1 2 3 4 5 6 7 8 11] [1 4 36] [] [] [] [] [] [] [] [] [] [] [] [] [] [] [] [] [] [] [] [] [] [] [] [] [] [] [] [] [] [] [] [] [] [] [] [] [] [] [] [] [] [] [] [] [] [] [] [] [] [] [] [] [] [] [] [] [] [] [] [] [] [] [] [] [] [] [] [] []
144 [] [1 2 3 5 6 7] [1 2 3 4 5 7 8] [1 2 3 4 5 7] [1 2 3 4 5 6 7 8] [1 2 3 5 7 8] [1 2 3 4 5 6] [1 2 3 5 7] [1 2 3 4 5 7 8 12] [1 2 3 4 5 6 8] [1 2] [1 2 3 5 6] [1 2 3 4 5 6 7 8 19] [1 2 3 4 5 6 7] [1 2 3 4 5] [1 2 3 5] [1 2 3 5 7 11 19] [1 2 3 5 8] [1 2 3 4 5 6 7 8 12 16 19] [1 2 3 4 5 6 7 8 15] [1 2 3 4 5 6 7 8 15 19] [1 2 3 5 11] [1 2 3 4 5 7 8 11 15] [1 2 3 5 6 7 11] [1 2 3 4 8] [1 2 3 5 6 8] [1 2 3 4 5 6 19] [1 2 3 5 8 11 15 19 32] [1 2 5 8 15] [1 2 3] [1 2 3 5 7 8 15] [1 2 3 5 6 7 8 15 39] [1 2 3 4] [1 2 3 4 7] [1 2 3 4 5 7 19] [1 2 3 5 6 7 8 15] [1 2 3 4 5 7 8 15] [1 2 5 6] [1 2 3 4 5 8 11] [1 2 5] [1 2 3 5 8 26] [1 2 3 4 5 11 13 19 32] [1 2 3 4 5 6 8 19] [1 2 3 4 5 11 19] [1 2 3 4 5 19] [1 2 3 4 5 8 15 26] [1 2 8] [1 2 3 5 6 8 15] [1] [1 2 3 4 5 6 7 8 16] [1 2 3 4 5 6 7 8 11 19] [1 2 3 4 5 7 8 11 13 15 19 32 35] [1 5] [1 2 5 7] [1 2 5 6 7 8] [1 2 3 5 7 8 11 15 19 32] [1 2 32] [1 2 15] [1 2 3 5 8 15] [1 2 3 4 5 8 19] [1 2 3 4 5 6 7 8 11] [1 4 36] [] [] [] [] [] [] [] [] [] [] [] [] [] [] [] [] [] [] [] [] [] [] [] [] [] [] [] [] [] [] [] [] [] [] [] [] [] [] [] [] [] [] [] [] [] [] [] [] [] [] [] [] [] [] [] [] [] [] [] [] [] [] [] [] [] [] [] [] []
145 [] [1 2 3 4 5 7 8] [1 2 3 4 5 7] [1 2 3 4 5 6 7 8] [1 2 3 5 7 8] [1 2 3 4 5 6] [1 2 3 5 7] [1 2 3 4 5 7 8 12] [1 2 3 4 5 6 8] [1 2] [1 2 3 5 6] [1 2 3 4 5 6 7 8 19] [1 2 3 4 5 6 7] [1 2 3 4 5] [1 2 3 5] [1 2 3 5 7 11 19] [1 2 3 5 6 7] [1 2 3 5 8] [1 2 3 4 5 6 7 8 12 16 19] [1 2 3 4 5 6 7 8 15] [1 2 3 4 5 6 7 8 15 19] [1 2 3 5 11] [1 2 3 4 5 7 8 11 15] [1 2 3 5 6 7 11] [1 2 3 4 8] [1 2 3 5 6 8] [1 2 3 4 5 6 19] [1 2 3 5 8 11 15 19 32] [1 2 5 8 15] [1 2 3] [1 2 3 5 7 8 15] [1 2 3 5 6 7 8 15 39] [1 2 3 4] [1 2 3 4 7] [1 2 3 4 5 7 19] [1 2 3 5 6 7 8 15] [1 2 3 4 5 7 8 15] [1 2 5 6] [1 2 3 4 5 8 11] [1 2 5] [1 2 3 5 8 26] [1 2 3 4 5 11 13 19 32] [1 2 3 4 5 6 8 19] [1 2 3 4 5 11 19] [1 2 3 4 5 19] [1 2 3 4 5 8 15 26] [1 2 8] [1 2 3 5 6 8 15] [1] [1 2 3 4 5 6 7 8 16] [1 2 3 4 5 6 7 8 11 19] [1 2 3 4 5 7 8 11 13 15 19 32 35] [1 5] [1 2 5 7] [1 2 5 6 7 8] [1 2 3 5 7 8 11 15 19 32] [1 2 32] [1 2 15] [1 2 3 5 8 15] [1 2 3 4 5 8 19] [1 2 3 4 5 6 7 8 11] [1 4 36] [] [] [] [] [] [] [] [] [] [] [] [] [] [] [] [] [] [] [] [] [] [] [] [] [] [] [] [] [] [] [] [] [] [] [] [] [] [] [] [] [] [] [] [] [] [] [] [] [] [] [] [] [] [] [] [] [] [] [] [] [] [] [] [] [] [] [] [] []
146 [] [1 2 3 4 5 7] [1 2 3 4 5 6 7 8] [1 2 3 5 7 8] [1 2 3 4 5 6] [1 2 3 5 7] [1 2 3 4 5 7 8 12] [1 2 3 4 5 6 8] [1 2] [1 2 3 5 6] [1 2 3 4 5 6 7 8 19] [1 2 3 4 5 6 7] [1 2 3 4 5] [1 2 3 5] [1 2 3 5 7 11 19] [1 2 3 5 6 7] [1 2 3 5 8] [1 2 3 4 5 6 7 8 12 16 19] [1 2 3 4 5 7 8] [1 2 3 4 5 6 7 8 15] [1 2 3 4 5 6 7 8 15 19] [1 2 3 5 11] [1 2 3 4 5 7 8 11 15] [1 2 3 5 6 7 11] [1 2 3 4 8] [1 2 3 5 6 8] [1 2 3 4 5 6 19] [1 2 3 5 8 11 15 19 32] [1 2 5 8 15] [1 2 3] [1 2 3 5 7 8 15] [1 2 3 5 6 7 8 15 39] [1 2 3 4] [1 2 3 4 7] [1 2 3 4 5 7 19] [1 2 3 5 6 7 8 15] [1 2 3 4 5 7 8 15] [1 2 5 6] [1 2 3 4 5 8 11] [1 2 5] [1 2 3 5 8 26] [1 2 3 4 5 11 13 19 32] [1 2 3 4 5 6 8 19] [1 2 3 4 5 11 19] [1 2 3 4 5 19] [1 2 3 4 5 8 15 26] [1 2 8] [1 2 3 5 6 8 15] [1] [1 2 3 4 5 6 7 8 16] [1 2 3 4 5 6 7 8 11 19] [1 2 3 4 5 7 8 11 13 15 19 32 35] [1 5] [1 2 5 7] [1 2 5 6 7 8] [1 2 3 5 7 8 11 15 19 32] [1 2 32] [1 2 15] [1 2 3 5 8 15] [1 2 3 4 5 8 19] [1 2 3 4 5 6 7 8 11] [1 4 36] [] [] [] [] [] [] [] [] [] [] [] [] [] [] [] [] [] [] [] [] [] [] [] [] [] [] [] [] [] [] [] [] [] [] [] [] [] [] [] [] [] [] [] [] [] [] [] [] [] [] [] [] [] [] [] [] [] [] [] [] [] [] [] [] [] [] [] [] []
147 [] [1 2 3 4 5 7] [1 2 3 4 5 6 7 8] [1 2 3 5 7 8] [1 2 3 4 5 6] [1 2 3 5 7] [1 2 3 4 5 7 8 12] [1 2 3 4 5 6 8] [1 2] [1 2 3 5 6] [1 2 3 4 5 6 7 8 19] [1 2 3 4 5 6 7] [1 2 3 4 5] [1 2 3 5] [1 2 3 5 7 11 19] [1 2 3 5 6 7] [1 2 3 5 8] [1 2 3 4 5 6 7 8 12 16 19] [1 2 3 4 5 7 8] [1 2 3 4 5 6 7 8 15] [1 2 3 4 5 6 7 8 15 19] [1 2 3 5 11] [1 2 3 4 5 7 8 11 15] [1 2 3 5 6 7 11] [1 2 3 4 8] [1 2 3 5 6 8] [1 2 3 4 5 6 19] [1 2 3 5 8 11 15 19 32] [1 2 5 8 15] [1 2 3] [1 2 3 5 7 8 15] [1 2 3 5 6 7 8 15 39] [1 2 3 4] [1 2 3 4 7] [1 2 3 4 5 7 19] [1 2 3 5 6 7 8 15] [1 2 3 4 5 7 8 15] [1 2 5 6] [1 2 3 4 5 8 11] [1 2 5] [1 2 3 5 8 26] [1 2 3 4 5 11 13 19 32] [1 2 3 4 5 6 8 19] [1 2 3 4 5 11 19] [1 2 3 4 5 19] [1 2 3 4 5 8 15 26] [1 2 8] [1 2 3 5 6 8 15] [1] [1 2 3 4 5 6 7 8 16] [1 2 3 4 5 6 7 8 11 19] [1 2 3 4 5 7 8 11 13 15 19 32 35] [1 5] [1 2 5 7] [1 2 5 6 7 8] [1 2 3 5 7 8 11 15 19 32] [1 2 32] [1 2 15] [1 2 3 5 8 15] [1 2 3 4 5 8 19] [1 2 3 4 5 6 7 8 11] [1 4 36] [] [] [] [] [] [] [] [] [] [] [] [] [] [] [] [] [] [] [] [] [] [] [] [] [] [] [] [] [] [] [] [] [] [] [] [] [] [] [] [] [] [] [] [] [] [] [] [] [] [] [] [] [] [] [] [] [] [] [] [] [] [] [] [] [] [] [] [] []
148 [] [1 2 3 4 5 6 7 8] [1 2 3 5 7 8] [1 2 3 4 5 6] [1 2 3 5 7] [1 2 3 4 5 7 8 12] [1 2 3 4 5 6 8] [1 2] [1 2 3 5 6] [1 2 3 4 5 6 7 8 19] [1 2 3 4 5 7] [1 2 3 4 5 6 7] [1 2 3 4 5] [1 2 3 5] [1 2 3 5 7 11 19] [1 2 3 5 6 7] [1 2 3 5 8] [1 2 3 4 5 6 7 8 12 16 19] [1 2 3 4 5 7 8] [1 2 3 4 5 6 7 8 15] [1 2 3 4 5 6 7 8 15 19] [1 2 3 5 11] [1 2 3 4 5 7 8 11 15] [1 2 3 5 6 7 11] [1 2 3 4 8] [1 2 3 5 6 8] [1 2 3 4 5 6 19] [1 2 3 5 8 11 15 19 32] [1 2 5 8 15] [1 2 3] [1 2 3 5 7 8 15] [1 2 3 5 6 7 8 15 39] [1 2 3 4] [1 2 3 4 7] [1 2 3 4 5 7 19] [1 2 3 5 6 7 8 15] [1 2 3 4 5 7 8 15] [1 2 5 6] [1 2 3 4 5 8 11] [1 2 5] [1 2 3 5 8 26] [1 2 3 4 5 11 13 19 32] [1 2 3 4 5 6 8 19] [1 2 3 4 5 11 19] [1 2 3 4 5 19] [1 2 3 4 5 8 15 26] [1 2 8] [1 2 3 5 6 8 15] [1] [1 2 3 4 5 6 7 8 16] [1 2 3 4 5 6 7 8 11 19] [1 2 3 4 5 7 8 11 13 15 19 32 35] [1 5] [1 2 5 7] [1 2 5 6 7 8] [1 2 3 5 7 8 11 15 19 32] [1 2 32] [1 2 15] [1 2 3 5 8 15] [1 2 3 4 5 8 19] [1 2 3 4 5 6 7 8 11] [1 4 36] [] [] [] [] [] [] [] [] [] [] [] [] [] [] [] [] [] [] [] [] [] [] [] [] [] [] [] [] [] [] [] [] [] [] [] [] [] [] [] [] [] [] [] [] [] [] [] [] [] [] [] [] [] [] [] [] [] [] [] [] [] [] [] [] [] [] [] [] []
149 [] [1 2 3 5 7 8] [1 2 3 4 5 6] [1 2 3 5 7] [1 2 3 4 5 7 8 12] [1 2 3 4 5 6 7 8] [1 2 3 4 5 6 8] [1 2] [1 2 3 5 6] [1 2 3 4 5 6 7 8 19] [1 2 3 4 5 7] [1 2 3 4 5 6 7] [1 2 3 4 5] [1 2 3 5] [1 2 3 5 7 11 19] [1 2 3 5 6 7] [1 2 3 5 8] [1 2 3 4 5 6 7 8 12 16 19] [1 2 3 4 5 7 8] [1 2 3 4 5 6 7 8 15] [1 2 3 4 5 6 7 8 15 19] [1 2 3 5 11] [1 2 3 4 5 7 8 11 15] [1 2 3 5 6 7 11] [1 2 3 4 8] [1 2 3 5 6 8] [1 2 3 4 5 6 19] [1 2 3 5 8 11 15 19 32] [1 2 5 8 15] [1 2 3] [1 2 3 5 7 8 15] [1 2 3 5 6 7 8 15 39] [1 2 3 4] [1 2 3 4 7] [1 2 3 4 5 7 19] [1 2 3 5 6 7 8 15] [1 2 3 4 5 7 8 15] [1 2 5 6] [1 2 3 4 5 8 11] [1 2 5] [1 2 3 5 8 26] [1 2 3 4 5 11 13 19 32] [1 2 3 4 5 6 8 19] [1 2 3 4 5 11 19] [1 2 3 4 5 19] [1 2 3 4 5 8 15 26] [1 2 8] [1 2 3 5 6 8 15] [1] [1 2 3 4 5 6 7 8 16] [1 2 3 4 5 6 7 8 11 19] [1 2 3 4 5 7 8 11 13 15 19 32 35] [1 5] [1 2 5 7] [1 2 5 6 7 8] [1 2 3 5 7 8 11 15 19 32] [1 2 32] [1 2 15] [1 2 3 5 8 15] [1 2 3 4 5 8 19] [1 2 3 4 5 6 7 8 11] [1 4 36] [] [] [] [] [] [] [] [] [] [] [] [] [] [] [] [] [] [] [] [] [] [] [] [] [] [] [] [] [] [] [] [] [] [] [] [] [] [] [] [] [] [] [] [] [] [] [] [] [] [] [] [] [] [] [] [] [] [] [] [] [] [] [] [] [] [] [] [] []
150 [] [1 2 3 4 5 6] [1 2 3 4 5 7 19] [1 2 3 5 7] [1 2 3 4 5 7 8 12] [1 2 3 4 5 6 7 8] [1 2 3 4 5 6 8] [1 2] [1 2 3 5 6] [1 2 3 4 5 6 7 8 19] [1 2 3 4 5 7] [1 2 3 4 5 6 7] [1 2 3 4 5] [1 2 3 5] [1 2 3 5 7 11 19] [1 2 3 5 6 7] [1 2 3 5 8] [1 2 3 4 5 6 7 8 12 16 19] [1 2 3 4 5 7 8] [1 2 3 4 5 6 7 8 15] [1 2 3 4 5 6 7 8 15 19] [1 2 3 5 11] [1 2 3 4 5 7 8 11 15] [1 2 3 5 6 7 11] [1 2 3 4 8] [1 2 3 5 6 8] [1 2 3 4 5 6 19] [1 2 3 5 8 11 15 19 32] [1 2 5 8 15] [1 2 3] [1 2 3 5 7 8 15] [1 2 3 5 6 7 8 15 39] [1 2 3 4] [1 2 3 4 7] [1 2 3 5 6 7 8 15] [1 2 3 5 7 8] [1 2 3 4 5 7 8 15] [1 2 5 6] [1 2 3 4 5 8 11] [1 2 5] [1 2 3 5 8 26] [1 2 3 4 5 11 13 19 32] [1 2 3 4 5 6 8 19] [1 2 3 4 5 11 19] [1 2 3 4 5 19] [1 2 3 4 5 8 15 26] [1 2 8] [1 2 3 5 6 8 15] [1] [1 2 3 4 5 6 7 8 16] [1 2 3 4 5 6 7 8 11 19] [1 2 3 4 5 7 8 11 13 15 19 32 35] [1 5] [1 2 5 7] [1 2 5 6 7 8] [1 2 3 5 7 8 11 15 19 32] [1 2 32] [1 2 15] [1 2 3 5 8 15] [1 2 3 4 5 8 19] [1 2 3 4 5 6 7 8 11] [1 4 36] [] [] [] [] [] [] [] [] [] [] [] [] [] [] [] [] [] [] [] [] [] [] [] [] [] [] [] [] [] [] [] [] [] [] [] [] [] [] [] [] [] [] [] [] [] [] [] [] [] [] [] [] [] [] [] [] [] [] [] [] [] [] [] [] [] [] [] [] []
151 [] [1 2 3 4 5 7 19] [1 2 3 5 7] [1 2 3 4 5 7 8 12] [1 2 3 4 5 6 7 8] [1 2 3 4 5 6 8] [1 2] [1 2 3 5 6] [1 2 3 4 5 6 7 8 19] [1 2 3 4 5 7] [1 2 3 4 5 6 7] [1 2 3 4 5 6] [1 2 3 4 5] [1 2 3 5] [1 2 3 5 7 11 19] [1 2 3 5 6 7] [1 2 3 5 8] [1 2 3 4 5 6 7 8 12 16 19] [1 2 3 4 5 7 8] [1 2 3 4 5 6 7 8 15] [1 2 3 4 5 6 7 8 15 19] [1 2 3 5 11] [1 2 3 4 5 7 8 11 15] [1 2 3 5 6 7 11] [1 2 3 4 8] [1 2 3 5 6 8] [1 2 3 4 5 6 19] [1 2 3 5 8 11 15 19 32] [1 2 5 8 15] [1 2 3] [1 2 3 5 7 8 15] [1 2 3 5 6 7 8 15 39] [1 2 3 4] [1 2 3 4 7] [1 2 3 5 6 7 8 15] [1 2 3 5 7 8] [1 2 3 4 5 7 8 15] [1 2 5 6] [1 2 3 4 5 8 11] [1 2 5] [1 2 3 5 8 26] [1 2 3 4 5 11 13 19 32] [1 2 3 4 5 6 8 19] [1 2 3 4 5 11 19] [1 2 3 4 5 19] [1 2 3 4 5 8 15 26] [1 2 8] [1 2 3 5 6 8 15] [1] [1 2 3 4 5 6 7 8 16] [1 2 3 4 5 6 7 8 11 19] [1 2 3 4 5 7 8 11 13 15 19 32 35] [1 5] [1 2 5 7] [1 2 5 6 7 8] [1 2 3 5 7 8 11 15 19 32] [1 2 32] [1 2 15] [1 2 3 5 8 15] [1 2 3 4 5 8 19] [1 2 3 4 5 6 7 8 11] [1 4 36] [] [] [] [] [] [] [] [] [] [] [] [] [] [] [] [] [] [] [] [] [] [] [] [] [] [] [] [] [] [] [] [] [] [] [] [] [] [] [] [] [] [] [] [] [] [] [] [] [] [] [] [] [] [] [] [] [] [] [] [] [] [] [] [] [] [] [] [] []
152 [] [1 2 3 5 7] [1 2 3 4 5 7 8 12] [1 2 3 4 5 6 7 8] [1 2 3 4 5 6 8] [1 2] [1 2 3 5 6] [1 2 3 4 5 6 7 8 19] [1 2 3 4 5 7] [1 2 3 4 5 6 7] [1 2 3 4 5 6] [1 2 3 4 5] [1 2 3 5] [1 2 3 5 7 11 19] [1 2 3 5 6 7] [1 2 3 5 8] [1 2 3 4 5 6 7 8 12 16 19] [1 2 3 4 5 7 8] [1 2 3 4 5 6 7 8 15] [1 2 3 4 5 6 7 8 15 19] [1 2 3 5 11] [1 2 3 4 5 7 8 11 15] [1 2 3 5 6 7 11] [1 2 3 4 8] [1 2 3 5 6 8] [1 2 3 4 5 6 19] [1 2 3 5 8 11 15 19 32] [1 2 5 8 15] [1 2 3] [1 2 3 5 7 8 15] [1 2 3 5 6 7 8 15 39] [1 2 3 4] [1 2 3 4 7] [1 2 3 4 5 7 19] [1 2 3 5 6 7 8 15] [1 2 3 5 7 8] [1 2 3 4 5 7 8 15] [1 2 5 6] [1 2 3 4 5 8 11] [1 2 5] [1 2 3 5 8 26] [1 2 3 4 5 11 13 19 32] [1 2 3 4 5 6 8 19] [1 2 3 4 5 11 19] [1 2 3 4 5 19] [1 2 3 4 5 8 15 26] [1 2 8] [1 2 3 5 6 8 15] [1] [1 2 3 4 5 6 7 8 16] [1 2 3 4 5 6 7 8 11 19] [1 2 3 4 5 7 8 11 13 15 19 32 35] [1 5] [1 2 5 7] [1 2 5 6 7 8] [1 2 3 5 7 8 11 15 19 32] [1 2 32] [1 2 15] [1 2 3 5 8 15] [1 2 3 4 5 8 19] [1 2 3 4 5 6 7 8 11] [1 4 36] [] [] [] [] [] [] [] [] [] [] [] [] [] [] [] [] [] [] [] [] [] [] [] [] [] [] [] [] [] [] [] [] [] [] [] [] [] [] [] [] [] [] [] [] [] [] [] [] [] [] [] [] [] [] [] [] [] [] [] [] [] [] [] [] [] [] [] [] []
153 [] [1 2 3 5 7] [1 2 3 4 5 7 8 12] [1 2 3 4 5 6 7 8] [1 2 3 4 5 6 8] [1 2] [1 2 3 5 6] [1 2 3 4 5 6 7 8 19] [1 2 3 4 5 7] [1 2 3 4 5 6 7] [1 2 3 4 5 6] [1 2 3 4 5] [1 2 3 5] [1 2 3 5 7 11 19] [1 2 3 5 6 7] [1 2 3 5 8] [1 2 3 4 5 6 7 8 12 16 19] [1 2 3 4 5 7 8] [1 2 3 4 5 6 7 8 15] [1 2 3 4 5 6 7 8 15 19] [1 2 3 5 11] [1 2 3 4 5 7 8 11 15] [1 2 3 5 6 7 11] [1 2 3 4 8] [1 2 3 5 6 8] [1 2 3 4 5 6 19] [1 2 3 5 8 11 15 19 32] [1 2 5 8 15] [1 2 3] [1 2 3 5 7 8 15] [1 2 3 5 6 7 8 15 39] [1 2 3 4] [1 2 3 4 7] [1 2 3 4 5 7 19] [1 2 3 5 6 7 8 15] [1 2 3 5 7 8] [1 2 3 4 5 7 8 15] [1 2 5 6] [1 2 3 4 5 8 11] [1 2 5] [1 2 3 5 8 26] [1 2 3 4 5 11 13 19 32] [1 2 3 4 5 6 8 19] [1 2 3 4 5 11 19] [1 2 3 4 5 19] [1 2 3 4 5 8 15 26] [1 2 8] [1 2 3 5 6 8 15] [1] [1 2 3 4 5 6 7 8 16] [1 2 3 4 5 6 7 8 11 19] [1 2 3 4 5 7 8 11 13 15 19 32 35] [1 5] [1 2 5 7] [1 2 5 6 7 8] [1 2 3 5 7 8 11 15 19 32] [1 2 32] [1 2 15] [1 2 3 5 8 15] [1 2 3 4 5 8 19] [1 2 3 4 5 6 7 8 11] [1 4 36] [] [] [] [] [] [] [] [] [] [] [] [] [] [] [] [] [] [] [] [] [] [] [] [] [] [] [] [] [] [] [] [] [] [] [] [] [] [] [] [] [] [] [] [] [] [] [] [] [] [] [] [] [] [] [] [] [] [] [] [] [] [] [] [] [] [] [] [] []
154 [] [1 2 3 4 5 7 8 12] [1 2 3 4 5 6 7 8] [1 2 3 4 5 6 8] [1 2 3 5 7] [1 2] [1 2 3 5 6] [1 2 3 4 5 6 7 8 19] [1 2 3 4 5 7] [1 2 3 4 5 6 7] [1 2 3 4 5 6] [1 2 3 4 5] [1 2 3 5] [1 2 3 5 7 11 19] [1 2 3 5 6 7] [1 2 3 5 8] [1 2 3 4 5 6 7 8 12 16 19] [1 2 3 4 5 7 8] [1 2 3 4 5 6 7 8 15] [1 2 3 4 5 6 7 8 15 19] [1 2 3 5 11] [1 2 3 4 5 7 8 11 15] [1 2 3 5 6 7 11] [1 2 3 4 8] [1 2 3 5 6 8] [1 2 3 4 5 6 19] [1 2 3 5 8 11 15 19 32] [1 2 5 8 15] [1 2 3] [1 2 3 5 7 8 15] [1 2 3 5 6 7 8 15 39] [1 2 3 4] [1 2 3 4 7] [1 2 3 4 5 7 19] [1 2 3 5 6 7 8 15] [1 2 3 5 7 8] [1 2 3 4 5 7 8 15] [1 2 5 6] [1 2 3 4 5 8 11] [1 2 5] [1 2 3 5 8 26] [1 2 3 4 5 11 13 19 32] [1 2 3 4 5 6 8 19] [1 2 3 4 5 11 19] [1 2 3 4 5 19] [1 2 3 4 5 8 15 26] [1 2 8] [1 2 3 5 6 8 15] [1] [1 2 3 4 5 6 7 8 16] [1 2 3 4 5 6 7 8 11 19] [1 2 3 4 5 7 8 11 13 15 19 32 35] [1 5] [1 2 5 7] [1 2 5 6 7 8] [1 2 3 5 7 8 11 15 19 32] [1 2 32] [1 2 15] [1 2 3 5 8 15] [1 2 3 4 5 8 19] [1 2 3 4 5 6 7 8 11] [1 4 36] [] [] [] [] [] [] [] [] [] [] [] [] [] [] [] [] [] [] [] [] [] [] [] [] [] [] [] [] [] [] [] [] [] [] [] [] [] [] [] [] [] [] [] [] [] [] [] [] [] [] [] [] [] [] [] [] [] [] [] [] [] [] [] [] [] [] [] [] []
155 [] [1 2 3 4 5 6 7 8] [1 2 3 4 5 6 8] [1 2 3 5 7] [1 2] [1 2 3 5 6] [1 2 3 4 5 6 7 8 19] [1 2 3 4 5 7] [1 2 3 4 5 6 7] [1 2 3 4 5 6] [1 2 3 4 5] [1 2 3 5] [1 2 3 5 7 11 19] [1 2 3 5 6 7] [1 2 3 5 8] [1 2 3 4 5 6 7 8 12 16 19] [1 2 3 4 5 7 8] [1 2 3 4 5 6 7 8 15] [1 2 3 4 5 6 7 8 15 19] [1 2 3 5 11] [1 2 3 4 5 7 8 11 15] [1 2 3 5 6 7 11] [1 2 3 4 8] [1 2 3 5 6 8] [1 2 3 4 5 6 19] [1 2 3 5 8 11 15 19 32] [1 2 5 8 15] [1 2 3] [1 2 3 5 7 8 15] [1 2 3 5 6 7 8 15 39] [1 2 3 4] [1 2 3 4 7] [1 2 3 4 5 7 19] [1 2 3 5 6 7 8 15] [1 2 3 5 7 8] [1 2 3 4 5 7 8 15] [1 2 5 6] [1 2 3 4 5 8 11] [1 2 5] [1 2 3 4 5 7 8 12] [1 2 3 5 8 26] [1 2 3 4 5 11 13 19 32] [1 2 3 4 5 6 8 19] [1 2 3 4 5 11 19] [1 2 3 4 5 19] [1 2 3 4 5 8 15 26] [1 2 8] [1 2 3 5 6 8 15] [1] [1 2 3 4 5 6 7 8 16] [1 2 3 4 5 6 7 8 11 19] [1 2 3 4 5 7 8 11 13 15 19 32 35] [1 5] [1 2 5 7] [1 2 5 6 7 8] [1 2 3 5 7 8 11 15 19 32] [1 2 32] [1 2 15] [1 2 3 5 8 15] [1 2 3 4 5 8 19] [1 2 3 4 5 6 7 8 11] [1 4 36] [] [] [] [] [] [] [] [] [] [] [] [] [] [] [] [] [] [] [] [] [] [] [] [] [] [] [] [] [] [] [] [] [] [] [] [] [] [] [] [] [] [] [] [] [] [] [] [] [] [] [] [] [] [] [] [] [] [] [] [] [] [] [] [] [] [] [] [] []
156 [] [1 2 3 4 5 6 8] [1 2 3 5 7] [1 2 3 4 5 6 7 8] [1 2] [1 2 3 5 6] [1 2 3 4 5 6 7 8 19] [1 2 3 4 5 7] [1 2 3 4 5 6 7] [1 2 3 4 5 6] [1 2 3 4 5] [1 2 3 5] [1 2 3 5 7 11 19] [1 2 3 5 6 7] [1 2 3 5 8] [1 2 3 4 5 6 7 8 12 16 19] [1 2 3 4 5 7 8] [1 2 3 4 5 6 7 8 15] [1 2 3 4 5 6 7 8 15 19] [1 2 3 5 11] [1 2 3 4 5 7 8 11 15] [1 2 3 5 6 7 11] [1 2 3 4 8] [1 2 3 5 6 8] [1 2 3 4 5 6 19] [1 2 3 5 8 11 15 19 32] [1 2 5 8 15] [1 2 3] [1 2 3 5 7 8 15] [1 2 3 5 6 7 8 15 39] [1 2 3 4] [1 2 3 4 7] [1 2 3 4 5 7 19] [1 2 3 5 6 7 8 15] [1 2 3 5 7 8] [1 2 3 4 5 7 8 15] [1 2 5 6] [1 2 3 4 5 8 11] [1 2 5] [1 2 3 4 5 7 8 12] [1 2 3 5 8 26] [1 2 3 4 5 11 13 19 32] [1 2 3 4 5 6 8 19] [1 2 3 4 5 11 19] [1 2 3 4 5 19] [1 2 3 4 5 8 15 26] [1 2 8] [1 2 3 5 6 8 15] [1] [1 2 3 4 5 6 7 8 16] [1 2 3 4 5 6 7 8 11 19] [1 2 3 4 5 7 8 11 13 15 19 32 35] [1 5] [1 2 5 7] [1 2 5 6 7 8] [1 2 3 5 7 8 11 15 19 32] [1 2 32] [1 2 15] [1 2 3 5 8 15] [1 2 3 4 5 8 19] [1 2 3 4 5 6 7 8 11] [1 4 36] [] [] [] [] [] [] [] [] [] [] [] [] [] [] [] [] [] [] [] [] [] [] [] [] [] [] [] [] [] [] [] [] [] [] [] [] [] [] [] [] [] [] [] [] [] [] [] [] [] [] [] [] [] [] [] [] [] [] [] [] [] [] [] [] [] [] [] [] []
157 [] [1 2 3 5 7] [1 2 3 4 5 6 7 8] [1 2] [1 2 3 5 6] [1 2 3 4 5 6 7 8 19] [1 2 3 4 5 7] [1 2 3 4 5 6 7] [1 2 3 4 5 6] [1 2 3 4 5] [1 2 3 5] [1 2 3 5 7 11 19] [1 2 3 5 6 7] [1 2 3 5 8] [1 2 3 4 5 6 7 8 12 16 19] [1 2 3 4 5 7 8] [1 2 3 4 5 6 7 8 15] [1 2 3 4 5 6 7 8 15 19] [1 2 3 5 11] [1 2 3 4 5 7 8 11 15] [1 2 3 5 6 7 11] [1 2 3 4 8] [1 2 3 5 6 8] [1 2 3 4 5 6 19] [1 2 3 5 8 11 15 19 32] [1 2 3 4 5 6 8] [1 2 5 8 15] [1 2 3] [1 2 3 5 7 8 15] [1 2 3 5 6 7 8 15 39] [1 2 3 4] [1 2 3 4 7] [1 2 3 4 5 7 19] [1 2 3 5 6 7 8 15] [1 2 3 5 7 8] [1 2 3 4 5 7 8 15] [1 2 5 6] [1 2 3 4 5 8 11] [1 2 5] [1 2 3 4 5 7 8 12] [1 2 3 5 8 26] [1 2 3 4 5 11 13 19 32] [1 2 3 4 5 6 8 19] [1 2 3 4 5 11 19] [1 2 3 4 5 19] [1 2 3 4 5 8 15 26] [1 2 8] [1 2 3 5 6 8 15] [1] [1 2 3 4 5 6 7 8 16] [1 2 3 4 5 6 7 8 11 19] [1 2 3 4 5 7 8 11 13 15 19 32 35] [1 5] [1 2 5 7] [1 2 5 6 7 8] [1 2 3 5 7 8 11 15 19 32] [1 2 32] [1 2 15] [1 2 3 5 8 15] [1 2 3 4 5 8 19] [1 2 3 4 5 6 7 8 11] [1 4 36] [] [] [] [] [] [] [] [] [] [] [] [] [] [] [] [] [] [] [] [] [] [] [] [] [] [] [] [] [] [] [] [] [] [] [] [] [] [] [] [] [] [] [] [] [] [] [] [] [] [] [] [] [] [] [] [] [] [] [] [] [] [] [] [] [] [] [] [] []
158 [] [1 2 3 4 5 6 7 8] [1 2 3 4 5 6 7 8 11 12] [1 2] [1 2 3 5 6] [1 2 3 4 5 6 7 8 19] [1 2 3 4 5 7] [1 2 3 4 5 6 7] [1 2 3 5 7] [1 2 3 4 5 6] [1 2 3 4 5] [1 2 3 5] [1 2 3 5 7 11 19] [1 2 3 5 6 7] [1 2 3 5 8] [1 2 3 4 5 6 7 8 12 16 19] [1 2 3 4 5 7 8] [1 2 3 4 5 6 7 8 15] [1 2 3 4 5 6 7 8 15 19] [1 2 3 5 11] [1 2 3 4 5 7 8 11 15] [1 2 3 5 6 7 11] [1 2 3 4 8] [1 2 3 5 6 8] [1 2 3 4 5 6 19] [1 2 3 5 8 11 15 19 32] [1 2 3 4 5 6 8] [1 2 5 8 15] [1 2 3] [1 2 3 5 7 8 15] [1 2 3 5 6 7 8 15 39] [1 2 3 4] [1 2 3 4 7] [1 2 3 4 5 7 19] [1 2 3 5 6 7 8 15] [1 2 3 5 7 8] [1 2 3 4 5 7 8 15] [1 2 5 6] [1 2 3 4 5 8 11] [1 2 5] [1 2 3 4 5 7 8 12] [1 2 3 5 8 26] [1 2 3 4 5 11 13 19 32] [1 2 3 4 5 6 8 19] [1 2 3 4 5 11 19] [1 2 3 4 5 19] [1 2 3 4 5 8 15 26] [1 2 8] [1 2 3 5 6 8 15] [1] [1 2 3 4 5 6 7 8 16] [1 2 3 4 5 6 7 8 11 19] [1 2 3 4 5 7 8 11 13 15 19 32 35] [1 5] [1 2 5 7] [1 2 5 6 7 8] [1 2 3 5 7 8 11 15 19 32] [1 2 32] [1 2 15] [1 2 3 5 8 15] [1 2 3 4 5 8 19] [1 2 3 4 5 6 7 8 11] [1 4 36] [] [] [] [] [] [] [] [] [] [] [] [] [] [] [] [] [] [] [] [] [] [] [] [] [] [] [] [] [] [] [] [] [] [] [] [] [] [] [] [] [] [] [] [] [] [] [] [] [] [] [] [] [] [] [] [] [] [] [] [] [] [] [] [] [] [] [] []
159 [] [1 2 3 4 5 6 7 8 11 12] [1 2] [1 2 3 5 6] [1 2 3 4 5 6 7 8 19] [1 2 3 4 5 7] [1 2 3 4 5 6 7] [1 2 3 4 5 6 7 8] [1 2 3 5 7] [1 2 3 4 5 6] [1 2 3 4 5] [1 2 3 5] [1 2 3 5 7 11 19] [1 2 3 5 6 7] [1 2 3 5 8] [1 2 3 4 5 6 7 8 12 16 19] [1 2 3 4 5 7 8] [1 2 3 4 5 6 7 8 15] [1 2 3 4 5 6 7 8 15 19] [1 2 3 5 11] [1 2 3 4 5 7 8 11 15] [1 2 3 5 6 7 11] [1 2 3 4 8] [1 2 3 5 6 8] [1 2 3 4 5 6 19] [1 2 3 5 8 11 15 19 32] [1 2 3 4 5 6 8] [1 2 5 8 15] [1 2 3] [1 2 3 5 7 8 15] [1 2 3 5 6 7 8 15 39] [1 2 3 4] [1 2 3 4 7] [1 2 3 4 5 7 19] [1 2 3 5 6 7 8 15] [1 2 3 5 7 8] [1 2 3 4 5 7 8 15] [1 2 5 6] [1 2 3 4 5 8 11] [1 2 5] [1 2 3 4 5 7 8 12] [1 2 3 5 8 26] [1 2 3 4 5 11 13 19 32] [1 2 3 4 5 6 8 19] [1 2 3 4 5 11 19] [1 2 3 4 5 19] [1 2 3 4 5 8 15 26] [1 2 8] [1 2 3 5 6 8 15] [1] [1 2 3 4 5 6 7 8 16] [1 2 3 4 5 6 7 8 11 19] [1 2 3 4 5 7 8 11 13 15 19 32 35] [1 5] [1 2 5 7] [1 2 5 6 7 8] [1 2 3 5 7 8 11 15 19 32] [1 2 32] [1 2 15] [1 2 3 5 8 15] [1 2 3 4 5 8 19] [1 2 3 4 5 6 7 8 11] [1 4 36] [] [] [] [] [] [] [] [] [] [] [] [] [] [] [] [] [] [] [] [] [] [] [] [] [] [] [] [] [] [] [] [] [] [] [] [] [] [] [] [] [] [] [] [] [] [] [] [] [] [] [] [] [] [] [] [] [] [] [] [] [] [] [] [] [] [] [] []
160 [] [1 2] [1 2 3 4 5 6 7] [1 2 3 5 6] [1 2 3 4 5 6 7 8 19] [1 2 3 4 5 7] [1 2 3 4 5 6 7 8] [1 2 3 5 7] [1 2 3 4 5 6] [1 2 3 4 5] [1 2 3 5] [1 2 3 5 7 11 19] [1 2 3 5 6 7] [1 2 3 5 8] [1 2 3 4 5 6 7 8 12 16 19] [1 2 3 4 5 7 8] [1 2 3 4 5 6 7 8 15] [1 2 3 4 5 6 7 8 15 19] [1 2 3 5 11] [1 2 3 4 5 7 8 11 15] [1 2 3 5 6 7 11] [1 2 3 4 8] [1 2 3 5 6 8] [1 2 3 4 5 6 19] [1 2 3 5 8 11 15 19 32] [1 2 3 4 5 6 8] [1 2 5 8 15] [1 2 3] [1 2 3 5 7 8 15] [1 2 3 5 6 7 8 15 39] [1 2 3 4] [1 2 3 4 7] [1 2 3 4 5 7 19] [1 2 3 5 6 7 8 15] [1 2 3 5 7 8] [1 2 3 4 5 7 8 15] [1 2 5 6] [1 2 3 4 5 8 11] [1 2 5] [1 2 3 4 5 7 8 12] [1 2 3 5 8 26] [1 2 3 4 5 11 13 19 32] [1 2 3 4 5 6 8 19] [1 2 3 4 5 11 19] [1 2 3 4 5 19] [1 2 3 4 5 8 15 26] [1 2 8] [1 2 3 5 6 8 15] [1] [1 2 3 4 5 6 7 8 16] [1 2 3 4 5 6 7 8 11 19] [1 2 3 4 5 7 8 11 13 15 19 32 35] [1 5] [1 2 5 7] [1 2 5 6 7 8] [1 2 3 5 7 8 11 15 19 32] [1 2 32] [1 2 15] [1 2 3 5 8 15] [1 2 3 4 5 8 19] [1 2 3 4 5 6 7 8 11] [1 4 36] [] [] [] [] [] [] [] [] [] [] [] [] [] [] [] [] [] [] [] [] [] [] [] [] [] [] [] [] [] [] [] [] [] [] [] [] [] [] [] [] [] [] [] [] [] [] [] [] [] [] [] [] [] [] [] [] [] [] [] [] [] [] [] [] [] [] [] [] []
161 [] [1 2 3 4 5 6 7] [1 2 3 5 6] [1 2 3 4 5 6 7 8 19] [1 2 3 4 5 7] [1 2 3 4 5 6 7 8] [1 2 3 5 7] [1 2 3 4 5 6] [1 2 3 4 5] [1 2 3 5] [1 2 3 5 7 11 19] [1 2 3 5 6 7] [1 2 3 5 8] [1 2 3 4 5 6 7 8 12 16 19] [1 2 3 4 5 7 8] [1 2 3 4 5 6 7 8 15] [1 2 3 4 5 6 7 8 15 19] [1 2 3 5 11] [1 2 3 4 5 7 8 11 15] [1 2 3 5 6 7 11] [1 2 3 4 8] [1 2 3 5 6 8] [1 2 3 4 5 6 19] [1 2 3 5 8 11 15 19 32] [1 2 3 4 5 6 8] [1 2 5 8 15] [1 2 3] [1 2 3 5 7 8 15] [1 2 3 5 6 7 8 15 39] [1 2 3 4] [1 2 3 4 7] [1 2 3 4 5 7 19] [1 2 3 5 6 7 8 15] [1 2 3 5 7 8] [1 2 3 4 5 7 8 15] [1 2 5 6] [1 2 3 4 5 8 11] [1 2 5] [1 2 3 4 5 7 8 12] [1 2 3 5 8 26] [1 2 3 4 5 11 13 19 32] [1 2 3 4 5 6 8 19] [1 2] [1 2 3 4 5 11 19] [1 2 3 4 5 19] [1 2 3 4 5 8 15 26] [1 2 8] [1 2 3 5 6 8 15] [1] [1 2 3 4 5 6 7 8 16] [1 2 3 4 5 6 7 8 11 19] [1 2 3 4 5 7 8 11 13 15 19 32 35] [1 5] [1 2 5 7] [1 2 5 6 7 8] [1 2 3 5 7 8 11 15 19 32] [1 2 32] [1 2 15] [1 2 3 5 8 15] [1 2 3 4 5 8 19] [1 2 3 4 5 6 7 8 11] [1 4 36] [] [] [] [] [] [] [] [] [] [] [] [] [] [] [] [] [] [] [] [] [] [] [] [] [] [] [] [] [] [] [] [] [] [] [] [] [] [] [] [] [] [] [] [] [] [] [] [] [] [] [] [] [] [] [] [] [] [] [] [] [] [] [] [] [] [] [] [] []
162 [] [1 2 3 4 5 6 7] [1 2 3 5 6] [1 2 3 4 5 6 7 8 19] [1 2 3 4 5 7] [1 2 3 4 5 6 7 8] [1 2 3 5 7] [1 2 3 4 5 6] [1 2 3 4 5] [1 2 3 5] [1 2 3 5 7 11 19] [1 2 3 5 6 7] [1 2 3 5 8] [1 2 3 4 5 6 7 8 12 16 19] [1 2 3 4 5 7 8] [1 2 3 4 5 6 7 8 15] [1 2 3 4 5 6 7 8 15 19] [1 2 3 5 11] [1 2 3 4 5 7 8 11 15] [1 2 3 5 6 7 11] [1 2 3 4 8] [1 2 3 5 6 8] [1 2 3 4 5 6 19] [1 2 3 5 8 11 15 19 32] [1 2 3 4 5 6 8] [1 2 5 8 15] [1 2 3] [1 2 3 5 7 8 15] [1 2 3 5 6 7 8 15 39] [1 2 3 4] [1 2 3 4 7] [1 2 3 4 5 7 19] [1 2 3 5 6 7 8 15] [1 2 3 5 7 8] [1 2 3 4 5 7 8 15] [1 2 5 6] [1 2 3 4 5 8 11] [1 2 5] [1 2 3 4 5 7 8 12] [1 2 3 5 8 26] [1 2 3 4 5 11 13 19 32] [1 2 3 4 5 6 8 19] [1 2] [1 2 3 4 5 11 19] [1 2 3 4 5 19] [1 2 3 4 5 8 15 26] [1 2 8] [1 2 3 5 6 8 15] [1] [1 2 3 4 5 6 7 8 16] [1 2 3 4 5 6 7 8 11 19] [1 2 3 4 5 7 8 11 13 15 19 32 35] [1 5] [1 2 5 7] [1 2 5 6 7 8] [1 2 3 5 7 8 11 15 19 32] [1 2 32] [1 2 15] [1 2 3 5 8 15] [1 2 3 4 5 8 19] [1 2 3 4 5 6 7 8 11] [1 4 36] [] [] [] [] [] [] [] [] [] [] [] [] [] [] [] [] [] [] [] [] [] [] [] [] [] [] [] [] [] [] [] [] [] [] [] [] [] [] [] [] [] [] [] [] [] [] [] [] [] [] [] [] [] [] [] [] [] [] [] [] [] [] [] [] [] [] [] [] []
163 [] [1 2 3 5 6] [1 2 3 4 5 6 7 8 19] [1 2 3 4 5 7] [1 2 3 4 5 6 7] [1 2 3 4 5 6 7 8] [1 2 3 5 7] [1 2 3 4 5 6] [1 2 3 4 5] [1 2 3 5] [1 2 3 5 7 11 19] [1 2 3 5 6 7] [1 2 3 5 8] [1 2 3 4 5 6 7 8 12 16 19] [1 2 3 4 5 7 8] [1 2 3 4 5 6 7 8 15] [1 2 3 4 5 6 7 8 15 19] [1 2 3 5 11] [1 2 3 4 5 7 8 11 15] [1 2 3 5 6 7 11] [1 2 3 4 8] [1 2 3 5 6 8] [1 2 3 4 5 6 19] [1 2 3 5 8 11 15 19 32] [1 2 3 4 5 6 8] [1 2 5 8 15] [1 2 3] [1 2 3 5 7 8 15] [1 2 3 5 6 7 8 15 39] [1 2 3 4] [1 2 3 4 7] [1 2 3 4 5 7 19] [1 2 3 5 6 7 8 15] [1 2 3 5 7 8] [1 2 3 4 5 7 8 15] [1 2 5 6] [1 2 3 4 5 8 11] [1 2 5] [1 2 3 4 5 7 8 12] [1 2 3 5 8 26] [1 2 3 4 5 11 13 19 32] [1 2 3 4 5 6 8 19] [1 2] [1 2 3 4 5 11 19] [1 2 3 4 5 19] [1 2 3 4 5 8 15 26] [1 2 8] [1 2 3 5 6 8 15] [1] [1 2 3 4 5 6 7 8 16] [1 2 3 4 5 6 7 8 11 19] [1 2 3 4 5 7 8 11 13 15 19 32 35] [1 5] [1 2 5 7] [1 2 5 6 7 8] [1 2 3 5 7 8 11 15 19 32] [1 2 32] [1 2 15] [1 2 3 5 8 15] [1 2 3 4 5 8 19] [1 2 3 4 5 6 7 8 11] [1 4 36] [] [] [] [] [] [] [] [] [] [] [] [] [] [] [] [] [] [] [] [] [] [] [] [] [] [] [] [] [] [] [] [] [] [] [] [] [] [] [] [] [] [] [] [] [] [] [] [] [] [] [] [] [] [] [] [] [] [] [] [] [] [] [] [] [] [] [] [] []
164 [] [1 2 3 4 5 6 7 8 19] [1 2 3 4 5 7] [1 2 3 4 5 6 7] [1 2 3 4 5 6 7 8] [1 2 3 5 7] [1 2 3 4 5 6] [1 2 3 4 5] [1 2 3 5] [1 2 3 5 7 11 19] [1 2 3 5 6 7] [1 2 3 5 8] [1 2 3 4 5 6 7 8 12 16 19] [1 2 3 4 5 7 8] [1 2 3 4 5 6 7 8 15] [1 2 3 4 5 6 7 8 15 19] [1 2 3 5 11] [1 2 3 5 6] [1 2 3 4 5 7 8 11 15] [1 2 3 5 6 7 11] [1 2 3 4 8] [1 2 3 5 6 8] [1 2 3 4 5 6 19] [1 2 3 5 8 11 15 19 32] [1 2 3 4 5 6 8] [1 2 5 8 15] [1 2 3] [1 2 3 5 7 8 15] [1 2 3 5 6 7 8 15 39] [1 2 3 4] [1 2 3 4 7] [1 2 3 4 5 7 19] [1 2 3 5 6 7 8 15] [1 2 3 5 7 8] [1 2 3 4 5 7 8 15] [1 2 5 6] [1 2 3 4 5 8 11] [1 2 5] [1 2 3 4 5 7 8 12] [1 2 3 5 8 26] [1 2 3 4 5 11 13 19 32] [1 2 3 4 5 6 8 19] [1 2] [1 2 3 4 5 11 19] [1 2 3 4 5 19] [1 2 3 4 5 8 15 26] [1 2 8] [1 2 3 5 6 8 15] [1] [1 2 3 4 5 6 7 8 16] [1 2 3 4 5 6 7 8 11 19] [1 2 3 4 5 7 8 11 13 15 19 32 35] [1 5] [1 2 5 7] [1 2 5 6 7 8] [1 2 3 5 7 8 11 15 19 32] [1 2 32] [1 2 15] [1 2 3 5 8 15] [1 2 3 4 5 8 19] [1 2 3 4 5 6 7 8 11] [1 4 36] [] [] [] [] [] [] [] [] [] [] [] [] [] [] [] [] [] [] [] [] [] [] [] [] [] [] [] [] [] [] [] [] [] [] [] [] [] [] [] [] [] [] [] [] [] [] [] [] [] [] [] [] [] [] [] [] [] [] [] [] [] [] [] [] [] [] [] [] []
165 [] [1 2 3 4 5 7] [1 2 3 4 5 6 7] [1 2 3 4 5 6 7 8] [1 2 3 5 7] [1 2 3 4 5 6] [1 2 3 4 5] [1 2 3 5] [1 2 3 5 7 11 19] [1 2 3 5 6 7] [1 2 3 5 8] [1 2 3 4 5 6 7 8 12 16 19] [1 2 3 4 5 7 8] [1 2 3 4 5 6 7 8 15] [1 2 3 4 5 6 7 8 15 19] [1 2 3 5 11] [1 2 3 5 6] [1 2 3 4 5 7 8 11 15] [1 2 3 5 6 7 11] [1 2 3 4 8] [1 2 3 5 6 8] [1 2 3 4 5 6 19] [1 2 3 5 8 11 15 19 32] [1 2 3 4 5 6 8] [1 2 5 8 15] [1 2 3] [1 2 3 5 7 8 15] [1 2 3 5 6 7 8 15 39] [1 2 3 4] [1 2 3 4 7] [1 2 3 4 5 7 19] [1 2 3 5 6 7 8 15] [1 2 3 5 7 8] [1 2 3 4 5 7 8 15] [1 2 5 6] [1 2 3 4 5 8 11] [1 2 5] [1 2 3 4 5 7 8 12] [1 2 3 5 8 26] [1 2 3 4 5 11 13 19 32] [1 2 3 4 5 6 8 19] [1 2] [1 2 3 4 5 11 19] [1 2 3 4 5 19] [1 2 3 4 5 8 15 26] [1 2 8] [1 2 3 5 6 8 15] [1] [1 2 3 4 5 6 7 8 16] [1 2 3 4 5 6 7 8 11 19] [1 2 3 4 5 7 8 11 13 15 19 32 35] [1 5] [1 2 5 7] [1 2 5 6 7 8] [1 2 3 5 7 8 11 15 19 32] [1 2 32] [1 2 15] [1 2 3 5 8 15] [1 2 3 4 5 8 19] [1 2 3 4 5 6 7 8 11] [1 4 36] [] [] [] [] [] [] [] [] [] [] [] [] [] [] [] [] [] [] [] [] [] [] [] [] [] [] [] [] [] [] [] [] [] [] [] [] [] [] [] [] [] [] [] [] [] [] [] [] [] [] [] [] [] [] [] [] [] [] [] [] [] [] [] [] [] [] [] [] [] []
166 [] [1 2 3 4 5 6 7] [1 2 3 5 6 7] [1 2 3 4 5 6 7 8] [1 2 3 5 7] [1 2 3 4 5 6] [1 2 3 4 5] [1 2 3 5] [1 2 3 5 7 11 19] [1 2 3 5 8] [1 2 3 4 5 6 7 8 12 16 19] [1 2 3 4 5 7] [1 2 3 4 5 7 8] [1 2 3 4 5 6 7 8 15] [1 2 3 4 5 6 7 8 15 19] [1 2 3 5 11] [1 2 3 5 6] [1 2 3 4 5 7 8 11 15] [1 2 3 5 6 7 11] [1 2 3 4 8] [1 2 3 5 6 8] [1 2 3 4 5 6 19] [1 2 3 5 8 11 15 19 32] [1 2 3 4 5 6 8] [1 2 5 8 15] [1 2 3] [1 2 3 5 7 8 15] [1 2 3 5 6 7 8 15 39] [1 2 3 4] [1 2 3 4 7] [1 2 3 4 5 7 19] [1 2 3 5 6 7 8 15] [1 2 3 5 7 8] [1 2 3 4 5 7 8 15] [1 2 5 6] [1 2 3 4 5 8 11] [1 2 5] [1 2 3 4 5 7 8 12] [1 2 3 5 8 26] [1 2 3 4 5 11 13 19 32] [1 2 3 4 5 6 8 19] [1 2] [1 2 3 4 5 11 19] [1 2 3 4 5 19] [1 2 3 4 5 8 15 26] [1 2 8] [1 2 3 5 6 8 15] [1] [1 2 3 4 5 6 7 8 16] [1 2 3 4 5 6 7 8 11 19] [1 2 3 4 5 7 8 11 13 15 19 32 35] [1 5] [1 2 5 7] [1 2 5 6 7 8] [1 2 3 5 7 8 11 15 19 32] [1 2 32] [1 2 15] [1 2 3 5 8 15] [1 2 3 4 5 8 19] [1 2 3 4 5 6 7 8 11] [1 4 36] [] [] [] [] [] [] [] [] [] [] [] [] [] [] [] [] [] [] [] [] [] [] [] [] [] [] [] [] [] [] [] [] [] [] [] [] [] [] [] [] [] [] [] [] [] [] [] [] [] [] [] [] [] [] [] [] [] [] [] [] [] [] [] [] [] [] [] [] [] []
167 [] [1 2 3 5 6 7] [1 2 3 4 5 6 7 8] [1 2 3 5 7] [1 2 3 4 5 6] [1 2 3 4 5] [1 2 3 5] [1 2 3 5 7 11 19] [1 2 3 5 8] [1 2 3 4 5 6 7 8 12 16 19] [1 2 3 4 5 7] [1 2 3 4 5 7 8] [1 2 3 4 5 6 7 8 15] [1 2 3 4 5 6 7 8 15 19] [1 2 3 5 11] [1 2 3 5 6] [1 2 3 4 5 7 8 11 15] [1 2 3 5 6 7 11] [1 2 3 4 8] [1 2 3 5 6 8] [1 2 3 4 5 6 19] [1 2 3 5 8 11 15 19 32] [1 2 3 4 5 6 8] [1 2 5 8 15] [1 2 3] [1 2 3 5 7 8 15] [1 2 3 4 5 6 7] [1 2 3 5 6 7 8 15 39] [1 2 3 4] [1 2 3 4 7] [1 2 3 4 5 7 19] [1 2 3 5 6 7 8 15] [1 2 3 5 7 8] [1 2 3 4 5 7 8 15] [1 2 5 6] [1 2 3 4 5 8 11] [1 2 5] [1 2 3 4 5 7 8 12] [1 2 3 5 8 26] [1 2 3 4 5 11 13 19 32] [1 2 3 4 5 6 8 19] [1 2] [1 2 3 4 5 11 19] [1 2 3 4 5 19] [1 2 3 4 5 8 15 26] [1 2 8] [1 2 3 5 6 8 15] [1] [1 2 3 4 5 6 7 8 16] [1 2 3 4 5 6 7 8 11 19] [1 2 3 4 5 7 8 11 13 15 19 32 35] [1 5] [1 2 5 7] [1 2 5 6 7 8] [1 2 3 5 7 8 11 15 19 32] [1 2 32] [1 2 15] [1 2 3 5 8 15] [1 2 3 4 5 8 19] [1 2 3 4 5 6 7 8 11] [1 4 36] [] [] [] [] [] [] [] [] [] [] [] [] [] [] [] [] [] [] [] [] [] [] [] [] [] [] [] [] [] [] [] [] [] [] [] [] [] [] [] [] [] [] [] [] [] [] [] [] [] [] [] [] [] [] [] [] [] [] [] [] [] [] [] [] [] [] [] [] [] []
168 [] [1 2 3 4 5 6 7 8] [1 2 3 5 7] [1 2 3 4 5 6] [1 2 3 4 5] [1 2 3 5] [1 2 3 5 7 11 19] [1 2 3 5 6 7] [1 2 3 5 8] [1 2 3 4 5 6 7 8 12 16 19] [1 2 3 4 5 7] [1 2 3 4 5 7 8] [1 2 3 4 5 6 7 8 15] [1 2 3 4 5 6 7 8 15 19] [1 2 3 5 11] [1 2 3 5 6] [1 2 3 4 5 7 8 11 15] [1 2 3 5 6 7 11] [1 2 3 4 8] [1 2 3 5 6 8] [1 2 3 4 5 6 19] [1 2 3 5 8 11 15 19 32] [1 2 3 4 5 6 8] [1 2 5 8 15] [1 2 3] [1 2 3 5 7 8 15] [1 2 3 4 5 6 7] [1 2 3 5 6 7 8 15 39] [1 2 3 4] [1 2 3 4 7] [1 2 3 4 5 7 19] [1 2 3 5 6 7 8 15] [1 2 3 5 7 8] [1 2 3 4 5 7 8 15] [1 2 5 6] [1 2 3 4 5 8 11] [1 2 5] [1 2 3 4 5 7 8 12] [1 2 3 5 8 26] [1 2 3 4 5 11 13 19 32] [1 2 3 4 5 6 8 19] [1 2] [1 2 3 4 5 11 19] [1 2 3 4 5 19] [1 2 3 4 5 8 15 26] [1 2 8] [1 2 3 5 6 8 15] [1] [1 2 3 4 5 6 7 8 16] [1 2 3 4 5 6 7 8 11 19] [1 2 3 4 5 7 8 11 13 15 19 32 35] [1 5] [1 2 5 7] [1 2 5 6 7 8] [1 2 3 5 7 8 11 15 19 32] [1 2 32] [1 2 15] [1 2 3 5 8 15] [1 2 3 4 5 8 19] [1 2 3 4 5 6 7 8 11] [1 4 36] [] [] [] [] [] [] [] [] [] [] [] [] [] [] [] [] [] [] [] [] [] [] [] [] [] [] [] [] [] [] [] [] [] [] [] [] [] [] [] [] [] [] [] [] [] [] [] [] [] [] [] [] [] [] [] [] [] [] [] [] [] [] [] [] [] [] [] [] [] []
169 [] [1 2 3 5 7] [1 2 3 4 5 6] [1 2 3 4 5] [1 2 3 5] [1 2 3 5 7 11 19] [1 2 3 5 6 7] [1 2 3 5 8] [1 2 3 4 5 6 7 8 12 16 19] [1 2 3 4 5 7] [1 2 3 4 5 7 8] [1 2 3 4 5 6 7 8 15] [1 2 3 4 5 6 7 8 15 19] [1 2 3 4 5 6 7 8] [1 2 3 5 11] [1 2 3 5 6] [1 2 3 4 5 7 8 11 15] [1 2 3 5 6 7 11] [1 2 3 4 8] [1 2 3 5 6 8] [1 2 3 4 5 6 19] [1 2 3 5 8 11 15 19 32] [1 2 3 4 5 6 8] [1 2 5 8 15] [1 2 3] [1 2 3 5 7 8 15] [1 2 3 4 5 6 7] [1 2 3 5 6 7 8 15 39] [1 2 3 4] [1 2 3 4 7] [1 2 3 4 5 7 19] [1 2 3 5 6 7 8 15] [1 2 3 5 7 8] [1 2 3 4 5 7 8 15] [1 2 5 6] [1 2 3 4 5 8 11] [1 2 5] [1 2 3 4 5 7 8 12] [1 2 3 5 8 26] [1 2 3 4 5 11 13 19 32] [1 2 3 4 5 6 8 19] [1 2] [1 2 3 4 5 11 19] [1 2 3 4 5 19] [1 2 3 4 5 8 15 26] [1 2 8] [1 2 3 5 6 8 15] [1] [1 2 3 4 5 6 7 8 16] [1 2 3 4 5 6 7 8 11 19] [1 2 3 4 5 7 8 11 13 15 19 32 35] [1 5] [1 2 5 7] [1 2 5 6 7 8] [1 2 3 5 7 8 11 15 19 32] [1 2 32] [1 2 15] [1 2 3 5 8 15] [1 2 3 4 5 8 19] [1 2 3 4 5 6 7 8 11] [1 4 36] [] [] [] [] [] [] [] [] [] [] [] [] [] [] [] [] [] [] [] [] [] [] [] [] [] [] [] [] [] [] [] [] [] [] [] [] [] [] [] [] [] [] [] [] [] [] [] [] [] [] [] [] [] [] [] [] [] [] [] [] [] [] [] [] [] [] [] [] [] []
170 [] [1 2 3 4 5 6] [1 2 3 5 7] [1 2 3 4 5] [1 2 3 5] [1 2 3 5 7 11 19] [1 2 3 5 6 7] [1 2 3 5 8] [1 2 3 4 5 6 7 8 12 16 19] [1 2 3 4 5 7] [1 2 3 4 5 7 8] [1 2 3 4 5 6 7 8 15] [1 2 3 4 5 6 7 8 15 19] [1 2 3 4 5 6 7 8] [1 2 3 5 11] [1 2 3 5 6] [1 2 3 4 5 7 8 11 15] [1 2 3 5 6 7 11] [1 2 3 4 8] [1 2 3 5 6 8] [1 2 3 4 5 6 19] [1 2 3 5 8 11 15 19 32] [1 2 3 4 5 6 8] [1 2 5 8 15] [1 2 3] [1 2 3 5 7 8 15] [1 2 3 4 5 6 7] [1 2 3 5 6 7 8 15 39] [1 2 3 4] [1 2 3 4 7] [1 2 3 4 5 7 19] [1 2 3 5 6 7 8 15] [1 2 3 5 7 8] [1 2 3 4 5 7 8 15] [1 2 5 6] [1 2 3 4 5 8 11] [1 2 5] [1 2 3 4 5 7 8 12] [1 2 3 5 8 26] [1 2 3 4 5 11 13 19 32] [1 2 3 4 5 6 8 19] [1 2] [1 2 3 4 5 11 19] [1 2 3 4 5 19] [1 2 3 4 5 8 15 26] [1 2 8] [1 2 3 5 6 8 15] [1] [1 2 3 4 5 6 7 8 16] [1 2 3 4 5 6 7 8 11 19] [1 2 3 4 5 7 8 11 13 15 19 32 35] [1 5] [1 2 5 7] [1 2 5 6 7 8] [1 2 3 5 7 8 11 15 19 32] [1 2 32] [1 2 15] [1 2 3 5 8 15] [1 2 3 4 5 8 19] [1 2 3 4 5 6 7 8 11] [1 4 36] [] [] [] [] [] [] [] [] [] [] [] [] [] [] [] [] [] [] [] [] [] [] [] [] [] [] [] [] [] [] [] [] [] [] [] [] [] [] [] [] [] [] [] [] [] [] [] [] [] [] [] [] [] [] [] [] [] [] [] [] [] [] [] [] [] [] [] [] [] []
171 [] [1 2 3 5 7] [1 2 3 4 5] [1 2 3 5] [1 2 3 5 7 11 19] [1 2 3 4 5 6] [1 2 3 5 6 7] [1 2 3 5 8] [1 2 3 4 5 6 7 8 12 16 19] [1 2 3 4 5 7] [1 2 3 4 5 7 8] [1 2 3 4 5 6 7 8 15] [1 2 3 4 5 6 7 8 15 19] [1 2 3 4 5 6 7 8] [1 2 3 5 11] [1 2 3 5 6] [1 2 3 4 5 7 8 11 15] [1 2 3 5 6 7 11] [1 2 3 4 8] [1 2 3 5 6 8] [1 2 3 4 5 6 19] [1 2 3 5 8 11 15 19 32] [1 2 3 4 5 6 8] [1 2 5 8 15] [1 2 3] [1 2 3 5 7 8 15] [1 2 3 4 5 6 7] [1 2 3 5 6 7 8 15 39] [1 2 3 4] [1 2 3 4 7] [1 2 3 4 5 7 19] [1 2 3 5 6 7 8 15] [1 2 3 5 7 8] [1 2 3 4 5 7 8 15] [1 2 5 6] [1 2 3 4 5 8 11] [1 2 5] [1 2 3 4 5 7 8 12] [1 2 3 5 8 26] [1 2 3 4 5 11 13 19 32] [1 2 3 4 5 6 8 19] [1 2] [1 2 3 4 5 11 19] [1 2 3 4 5 19] [1 2 3 4 5 8 15 26] [1 2 8] [1 2 3 5 6 8 15] [1] [1 2 3 4 5 6 7 8 16] [1 2 3 4 5 6 7 8 11 19] [1 2 3 4 5 7 8 11 13 15 19 32 35] [1 5] [1 2 5 7] [1 2 5 6 7 8] [1 2 3 5 7 8 11 15 19 32] [1 2 32] [1 2 15] [1 2 3 5 8 15] [1 2 3 4 5 8 19] [1 2 3 4 5 6 7 8 11] [1 4 36] [] [] [] [] [] [] [] [] [] [] [] [] [] [] [] [] [] [] [] [] [] [] [] [] [] [] [] [] [] [] [] [] [] [] [] [] [] [] [] [] [] [] [] [] [] [] [] [] [] [] [] [] [] [] [] [] [] [] [] [] [] [] [] [] [] [] [] [] [] []
172 [] [1 2 3 4 5] [1 2 3 5] [1 2 3 5 7 11 19] [1 2 3 4 5 6] [1 2 3 5 7] [1 2 3 5 6 7] [1 2 3 5 8] [1 2 3 4 5 6 7 8 12 16 19] [1 2 3 4 5 7] [1 2 3 4 5 7 8] [1 2 3 4 5 6 7 8 15] [1 2 3 4 5 6 7 8 15 19] [1 2 3 4 5 6 7 8] [1 2 3 5 11] [1 2 3 5 6] [1 2 3 4 5 7 8 11 15] [1 2 3 5 6 7 11] [1 2 3 4 8] [1 2 3 5 6 8] [1 2 3 4 5 6 19] [1 2 3 5 8 11 15 19 32] [1 2 3 4 5 6 8] [1 2 5 8 15] [1 2 3] [1 2 3 5 7 8 15] [1 2 3 4 5 6 7] [1 2 3 5 6 7 8 15 39] [1 2 3 4] [1 2 3 4 7] [1 2 3 4 5 7 19] [1 2 3 5 6 7 8 15] [1 2 3 5 7 8] [1 2 3 4 5 7 8 15] [1 2 5 6] [1 2 3 4 5 8 11] [1 2 5] [1 2 3 4 5 7 8 12] [1 2 3 5 8 26] [1 2 3 4 5 11 13 19 32] [1 2 3 4 5 6 8 19] [1 2] [1 2 3 4 5 11 19] [1 2 3 4 5 19] [1 2 3 4 5 8 15 26] [1 2 8] [1 2 3 5 6 8 15] [1] [1 2 3 4 5 6 7 8 16] [1 2 3 4 5 6 7 8 11 19] [1 2 3 4 5 7 8 11 13 15 19 32 35] [1 5] [1 2 5 7] [1 2 5 6 7 8] [1 2 3 5 7 8 11 15 19 32] [1 2 32] [1 2 15] [1 2 3 5 8 15] [1 2 3 4 5 8 19] [1 2 3 4 5 6 7 8 11] [1 4 36] [] [] [] [] [] [] [] [] [] [] [] [] [] [] [] [] [] [] [] [] [] [] [] [] [] [] [] [] [] [] [] [] [] [] [] [] [] [] [] [] [] [] [] [] [] [] [] [] [] [] [] [] [] [] [] [] [] [] [] [] [] [] [] [] [] [] [] [] [] []
173 [] [1 2 3 4 5] [1 2 3 5 7 11] [1 2 3 5] [1 2 3 5 7 11 19] [1 2 3 4 5 6] [1 2 3 5 7] [1 2 3 5 6 7] [1 2 3 5 8] [1 2 3 4 5 6 7 8 12 16 19] [1 2 3 4 5 7] [1 2 3 4 5 7 8] [1 2 3 4 5 6 7 8 15] [1 2 3 4 5 6 7 8 15 19] [1 2 3 4 5 6 7 8] [1 2 3 5 11] [1 2 3 5 6] [1 2 3 4 5 7 8 11 15] [1 2 3 5 6 7 11] [1 2 3 4 8] [1 2 3 5 6 8] [1 2 3 4 5 6 19] [1 2 3 5 8 11 15 19 32] [1 2 3 4 5 6 8] [1 2 5 8 15] [1 2 3] [1 2 3 5 7 8 15] [1 2 3 4 5 6 7] [1 2 3 5 6 7 8 15 39] [1 2 3 4] [1 2 3 4 7] [1 2 3 4 5 7 19] [1 2 3 5 6 7 8 15] [1 2 3 5 7 8] [1 2 3 4 5 7 8 15] [1 2 5 6] [1 2 3 4 5 8 11] [1 2 5] [1 2 3 4 5 7 8 12] [1 2 3 5 8 26] [1 2 3 4 5 11 13 19 32] [1 2 3 4 5 6 8 19] [1 2] [1 2 3 4 5 11 19] [1 2 3 4 5 19] [1 2 3 4 5 8 15 26] [1 2 8] [1 2 3 5 6 8 15] [1] [1 2 3 4 5 6 7 8 16] [1 2 3 4 5 6 7 8 11 19] [1 2 3 4 5 7 8 11 13 15 19 32 35] [1 5] [1 2 5 7] [1 2 5 6 7 8] [1 2 3 5 7 8 11 15 19 32] [1 2 32] [1 2 15] [1 2 3 5 8 15] [1 2 3 4 5 8 19] [1 2 3 4 5 6 7 8 11] [1 4 36] [] [] [] [] [] [] [] [] [] [] [] [] [] [] [] [] [] [] [] [] [] [] [] [] [] [] [] [] [] [] [] [] [] [] [] [] [] [] [] [] [] [] [] [] [] [] [] [] [] [] [] [] [] [] [] [] [] [] [] [] [] [] [] [] [] [] [] [] []
174 [] [1 2 3 5 7 11] [1 2 3 5] [1 2 3 4 5] [1 2 3 5 7 11 19] [1 2 3 4 5 6] [1 2 3 5 7] [1 2 3 5 6 7] [1 2 3 5 8] [1 2 3 4 5 6 7 8 12 16 19] [1 2 3 4 5 7] [1 2 3 4 5 7 8] [1 2 3 4 5 6 7 8 15] [1 2 3 4 5 6 7 8 15 19] [1 2 3 4 5 6 7 8] [1 2 3 5 11] [1 2 3 5 6] [1 2 3 4 5 7 8 11 15] [1 2 3 5 6 7 11] [1 2 3 4 8] [1 2 3 5 6 8] [1 2 3 4 5 6 19] [1 2 3 5 8 11 15 19 32] [1 2 3 4 5 6 8] [1 2 5 8 15] [1 2 3] [1 2 3 5 7 8 15] [1 2 3 4 5 6 7] [1 2 3 5 6 7 8 15 39] [1 2 3 4] [1 2 3 4 7] [1 2 3 4 5 7 19] [1 2 3 5 6 7 8 15] [1 2 3 5 7 8] [1 2 3 4 5 7 8 15] [1 2 5 6] [1 2 3 4 5 8 11] [1 2 5] [1 2 3 4 5 7 8 12] [1 2 3 5 8 26] [1 2 3 4 5 11 13 19 32] [1 2 3 4 5 6 8 19] [1 2] [1 2 3 4 5 11 19] [1 2 3 4 5 19] [1 2 3 4 5 8 15 26] [1 2 8] [1 2 3 5 6 8 15] [1] [1 2 3 4 5 6 7 8 16] [1 2 3 4 5 6 7 8 11 19] [1 2 3 4 5 7 8 11 13 15 19 32 35] [1 5] [1 2 5 7] [1 2 5 6 7 8] [1 2 3 5 7 8 11 15 19 32] [1 2 32] [1 2 15] [1 2 3 5 8 15] [1 2 3 4 5 8 19] [1 2 3 4 5 6 7 8 11] [1 4 36] [] [] [] [] [] [] [] [] [] [] [] [] [] [] [] [] [] [] [] [] [] [] [] [] [] [] [] [] [] [] [] [] [] [] [] [] [] [] [] [] [] [] [] [] [] [] [] [] [] [] [] [] [] [] [] [] [] [] [] [] [] [] [] [] [] [] [] [] []
175 [] [1 2 3 5] [1 2 3 5 6 7 8 11 19 26 32 40] [1 2 3 4 5] [1 2 3 5 7 11 19] [1 2 3 4 5 6] [1 2 3 5 7] [1 2 3 5 6 7] [1 2 3 5 8] [1 2 3 4 5 6 7 8 12 16 19] [1 2 3 4 5 7] [1 2 3 4 5 7 8] [1 2 3 4 5 6 7 8 15] [1 2 3 4 5 6 7 8 15 19] [1 2 3 4 5 6 7 8] [1 2 3 5 11] [1 2 3 5 6] [1 2 3 4 5 7 8 11 15] [1 2 3 5 6 7 11] [1 2 3 4 8] [1 2 3 5 6 8] [1 2 3 4 5 6 19] [1 2 3 5 8 11 15 19 32] [1 2 3 4 5 6 8] [1 2 5 8 15] [1 2 3] [1 2 3 5 7 8 15] [1 2 3 4 5 6 7] [1 2 3 5 6 7 8 15 39] [1 2 3 4] [1 2 3 4 7] [1 2 3 4 5 7 19] [1 2 3 5 6 7 8 15] [1 2 3 5 7 8] [1 2 3 4 5 7 8 15] [1 2 5 6] [1 2 3 4 5 8 11] [1 2 5] [1 2 3 4 5 7 8 12] [1 2 3 5 8 26] [1 2 3 4 5 11 13 19 32] [1 2 3 4 5 6 8 19] [1 2] [1 2 3 4 5 11 19] [1 2 3 4 5 19] [1 2 3 4 5 8 15 26] [1 2 8] [1 2 3 5 6 8 15] [1] [1 2 3 4 5 6 7 8 16] [1 2 3 4 5 6 7 8 11 19] [1 2 3 4 5 7 8 11 13 15 19 32 35] [1 5] [1 2 5 7] [1 2 5 6 7 8] [1 2 3 5 7 8 11 15 19 32] [1 2 32] [1 2 15] [1 2 3 5 8 15] [1 2 3 4 5 8 19] [1 2 3 4 5 6 7 8 11] [1 4 36] [] [] [] [] [] [] [] [] [] [] [] [] [] [] [] [] [] [] [] [] [] [] [] [] [] [] [] [] [] [] [] [] [] [] [] [] [] [] [] [] [] [] [] [] [] [] [] [] [] [] [] [] [] [] [] [] [] [] [] [] [] [] [] [] [] [] [] [] []
176 [] [1 2 3 5 6 7 8 11 19 26 32 40] [1 2 3 4 5] [1 2 3 5 7 11 19] [1 2 3 4 5 6] [1 2 3 5 7] [1 2 3 5 6 7] [1 2 3 5 8] [1 2 3 4 5 6 7 8 12 16 19] [1 2 3 4 5 7] [1 2 3 4 5 7 8] [1 2 3 4 5 6 7 8 15] [1 2 3 4 5 6 7 8 15 19] [1 2 3 4 5 6 7 8] [1 2 3 5 11] [1 2 3 5 6] [1 2 3 5] [1 2 3 4 5 7 8 11 15] [1 2 3 5 6 7 11] [1 2 3 4 8] [1 2 3 5 6 8] [1 2 3 4 5 6 19] [1 2 3 5 8 11 15 19 32] [1 2 3 4 5 6 8] [1 2 5 8 15] [1 2 3] [1 2 3 5 7 8 15] [1 2 3 4 5 6 7] [1 2 3 5 6 7 8 15 39] [1 2 3 4] [1 2 3 4 7] [1 2 3 4 5 7 19] [1 2 3 5 6 7 8 15] [1 2 3 5 7 8] [1 2 3 4 5 7 8 15] [1 2 5 6] [1 2 3 4 5 8 11] [1 2 5] [1 2 3 4 5 7 8 12] [1 2 3 5 8 26] [1 2 3 4 5 11 13 19 32] [1 2 3 4 5 6 8 19] [1 2] [1 2 3 4 5 11 19] [1 2 3 4 5 19] [1 2 3 4 5 8 15 26] [1 2 8] [1 2 3 5 6 8 15] [1] [1 2 3 4 5 6 7 8 16] [1 2 3 4 5 6 7 8 11 19] [1 2 3 4 5 7 8 11 13 15 19 32 35] [1 5] [1 2 5 7] [1 2 5 6 7 8] [1 2 3 5 7 8 11 15 19 32] [1 2 32] [1 2 15] [1 2 3 5 8 15] [1 2 3 4 5 8 19] [1 2 3 4 5 6 7 8 11] [1 4 36] [] [] [] [] [] [] [] [] [] [] [] [] [] [] [] [] [] [] [] [] [] [] [] [] [] [] [] [] [] [] [] [] [] [] [] [] [] [] [] [] [] [] [] [] [] [] [] [] [] [] [] [] [] [] [] [] [] [] [] [] [] [] [] [] [] [] [] [] []
177 [] [1 2 3 5 6 7 8 11 19 26 32 40] [1 2 3 4 5] [1 2 3 5 7 11 19] [1 2 3 4 5 6] [1 2 3 5 7] [1 2 3 5 6 7] [1 2 3 5 8] [1 2 3 4 5 6 7 8 12 16 19] [1 2 3 4 5 7] [1 2 3 4 5 7 8] [1 2 3 4 5 6 7 8 15] [1 2 3 4 5 6 7 8 15 19] [1 2 3 4 5 6 7 8] [1 2 3 5 11] [1 2 3 5 6] [1 2 3 5] [1 2 3 4 5 7 8 11 15] [1 2 3 5 6 7 11] [1 2 3 4 8] [1 2 3 5 6 8] [1 2 3 4 5 6 19] [1 2 3 5 8 11 15 19 32] [1 2 3 4 5 6 8] [1 2 5 8 15] [1 2 3] [1 2 3 5 7 8 15] [1 2 3 4 5 6 7] [1 2 3 5 6 7 8 15 39] [1 2 3 4] [1 2 3 4 7] [1 2 3 4 5 7 19] [1 2 3 5 6 7 8 15] [1 2 3 5 7 8] [1 2 3 4 5 7 8 15] [1 2 5 6] [1 2 3 4 5 8 11] [1 2 5] [1 2 3 4 5 7 8 12] [1 2 3 5 8 26] [1 2 3 4 5 11 13 19 32] [1 2 3 4 5 6 8 19] [1 2] [1 2 3 4 5 11 19] [1 2 3 4 5 19] [1 2 3 4 5 8 15 26] [1 2 8] [1 2 3 5 6 8 15] [1] [1 2 3 4 5 6 7 8 16] [1 2 3 4 5 6 7 8 11 19] [1 2 3 4 5 7 8 11 13 15 19 32 35] [1 5] [1 2 5 7] [1 2 5 6 7 8] [1 2 3 5 7 8 11 15 19 32] [1 2 32] [1 2 15] [1 2 3 5 8 15] [1 2 3 4 5 8 19] [1 2 3 4 5 6 7 8 11] [1 4 36] [] [] [] [] [] [] [] [] [] [] [] [] [] [] [] [] [] [] [] [] [] [] [] [] [] [] [] [] [] [] [] [] [] [] [] [] [] [] [] [] [] [] [] [] [] [] [] [] [] [] [] [] [] [] [] [] [] [] [] [] [] [] [] [] [] [] [] [] []
178 [] [1 2 3 4 5] [1 2 3 5 7 11 19] [1 2 3 4 5 6] [1 2 3 5 7] [1 2 3 5 6 7] [1 2 3 5 8] [1 2 3 4 5 6 7 8 12 16 19] [1 2 3 4 5 7] [1 2 3 4 5 7 8] [1 2 3 4 5 6 7 8 15] [1 2 3 4 5 6 7 8 15 19] [1 2 3 4 5 6 7 8] [1 2 3 5 11] [1 2 3 5 6] [1 2 3 5] [1 2 3 4 5 7 8 11 15] [1 2 3 5 6 7 11] [1 2 3 4 8] [1 2 3 5 6 8] [1 2 3 4 5 6 19] [1 2 3 5 8 11 15 19 32] [1 2 3 4 5 6 8] [1 2 5 8 15] [1 2 3] [1 2 3 5 7 8 15] [1 2 3 4 5 6 7] [1 2 3 5 6 7 8 15 39] [1 2 3 4] [1 2 3 4 7] [1 2 3 4 5 7 19] [1 2 3 5 6 7 8 15] [1 2 3 5 7 8] [1 2 3 4 5 7 8 15] [1 2 5 6] [1 2 3 4 5 8 11] [1 2 5] [1 2 3 4 5 7 8 12] [1 2 3 5 8 26] [1 2 3 4 5 11 13 19 32] [1 2 3 4 5 6 8 19] [1 2] [1 2 3 4 5 11 19] [1 2 3 4 5 19] [1 2 3 4 5 8 15 26] [1 2 8] [1 2 3 5 6 8 15] [1] [1 2 3 4 5 6 7 8 16] [1 2 3 4 5 6 7 8 11 19] [1 2 3 4 5 7 8 11 13 15 19 32 35] [1 5] [1 2 5 7] [1 2 5 6 7 8] [1 2 3 5 7 8 11 15 19 32] [1 2 32] [1 2 15] [1 2 3 5 8 15] [1 2 3 4 5 8 19] [1 2 3 4 5 6 7 8 11] [1 4 36] [] [] [] [] [] [] [] [] [] [] [] [] [] [] [] [] [] [] [] [] [] [] [] [] [] [] [] [] [] [] [] [] [] [] [] [] [] [] [] [] [] [] [] [] [] [] [] [] [] [] [] [] [] [] [] [] [] [] [] [] [] [] [] [] [] [] [] [] [] []
179 [] [1 2 3 5 7 11 19] [1 2 3 4 5 6] [1 2 3 5 7] [1 2 3 5 6 7] [1 2 3 5 8] [1 2 3 4 5 6 7 8 12 16 19] [1 2 3 4 5 7] [1 2 3 4 5 7 8] [1 2 3 4 5 6 7 8 15] [1 2 3 4 5] [1 2 3 4 5 6 7 8 15 19] [1 2 3 4 5 6 7 8] [1 2 3 5 11] [1 2 3 5 6] [1 2 3 5] [1 2 3 4 5 7 8 11 15] [1 2 3 5 6 7 11] [1 2 3 4 8] [1 2 3 5 6 8] [1 2 3 4 5 6 19] [1 2 3 5 8 11 15 19 32] [1 2 3 4 5 6 8] [1 2 5 8 15] [1 2 3] [1 2 3 5 7 8 15] [1 2 3 4 5 6 7] [1 2 3 5 6 7 8 15 39] [1 2 3 4] [1 2 3 4 7] [1 2 3 4 5 7 19] [1 2 3 5 6 7 8 15] [1 2 3 5 7 8] [1 2 3 4 5 7 8 15] [1 2 5 6] [1 2 3 4 5 8 11] [1 2 5] [1 2 3 4 5 7 8 12] [1 2 3 5 8 26] [1 2 3 4 5 11 13 19 32] [1 2 3 4 5 6 8 19] [1 2] [1 2 3 4 5 11 19] [1 2 3 4 5 19] [1 2 3 4 5 8 15 26] [1 2 8] [1 2 3 5 6 8 15] [1] [1 2 3 4 5 6 7 8 16] [1 2 3 4 5 6 7 8 11 19] [1 2 3 4 5 7 8 11 13 15 19 32 35] [1 5] [1 2 5 7] [1 2 5 6 7 8] [1 2 3 5 7 8 11 15 19 32] [1 2 32] [1 2 15] [1 2 3 5 8 15] [1 2 3 4 5 8 19] [1 2 3 4 5 6 7 8 11] [1 4 36] [] [] [] [] [] [] [] [] [] [] [] [] [] [] [] [] [] [] [] [] [] [] [] [] [] [] [] [] [] [] [] [] [] [] [] [] [] [] [] [] [] [] [] [] [] [] [] [] [] [] [] [] [] [] [] [] [] [] [] [] [] [] [] [] [] [] [] [] [] []
180 [] [1 2 3 5 7 11 19] [1 2 3 5 6 7 8 11 19 32] [1 2 3 4 5 6] [1 2 3 5 7] [1 2 3 5 6 7] [1 2 3 5 8] [1 2 3 4 5 6 7 8 12 16 19] [1 2 3 4 5 7] [1 2 3 4 5 7 8] [1 2 3 4 5 6 7 8 15] [1 2 3 4 5] [1 2 3 4 5 6 7 8 15 19] [1 2 3 4 5 6 7 8] [1 2 3 5 11] [1 2 3 5 6] [1 2 3 5] [1 2 3 4 5 7 8 11 15] [1 2 3 5 6 7 11] [1 2 3 4 8] [1 2 3 5 6 8] [1 2 3 4 5 6 19] [1 2 3 5 8 11 15 19 32] [1 2 3 4 5 6 8] [1 2 5 8 15] [1 2 3] [1 2 3 5 7 8 15] [1 2 3 4 5 6 7] [1 2 3 5 6 7 8 15 39] [1 2 3 4] [1 2 3 4 7] [1 2 3 4 5 7 19] [1 2 3 5 6 7 8 15] [1 2 3 5 7 8] [1 2 3 4 5 7 8 15] [1 2 5 6] [1 2 3 4 5 8 11] [1 2 5] [1 2 3 4 5 7 8 12] [1 2 3 5 8 26] [1 2 3 4 5 11 13 19 32] [1 2 3 4 5 6 8 19] [1 2] [1 2 3 4 5 11 19] [1 2 3 4 5 19] [1 2 3 4 5 8 15 26] [1 2 8] [1 2 3 5 6 8 15] [1] [1 2 3 4 5 6 7 8 16] [1 2 3 4 5 6 7 8 11 19] [1 2 3 4 5 7 8 11 13 15 19 32 35] [1 5] [1 2 5 7] [1 2 5 6 7 8] [1 2 3 5 7 8 11 15 19 32] [1 2 32] [1 2 15] [1 2 3 5 8 15] [1 2 3 4 5 8 19] [1 2 3 4 5 6 7 8 11] [1 4 36] [] [] [] [] [] [] [] [] [] [] [] [] [] [] [] [] [] [] [] [] [] [] [] [] [] [] [] [] [] [] [] [] [] [] [] [] [] [] [] [] [] [] [] [] [] [] [] [] [] [] [] [] [] [] [] [] [] [] [] [] [] [] [] [] [] [] [] [] []
181 [] [1 2 3 5 6 7 8 11 19 32] [1 2 3 4 5 6] [1 2 3 5 7] [1 2 3 5 6 7] [1 2 3 5 8] [1 2 3 4 5 6 7 8 12 16 19] [1 2 3 4 5 7] [1 2 3 4 5 7 8] [1 2 3 4 5 6 7 8 15] [1 2 3 4 5] [1 2 3 4 5 6 7 8 15 19] [1 2 3 4 5 6 7 8] [1 2 3 5 7 11 19] [1 2 3 5 11] [1 2 3 5 6] [1 2 3 5] [1 2 3 4 5 7 8 11 15] [1 2 3 5 6 7 11] [1 2 3 4 8] [1 2 3 5 6 8] [1 2 3 4 5 6 19] [1 2 3 5 8 11 15 19 32] [1 2 3 4 5 6 8] [1 2 5 8 15] [1 2 3] [1 2 3 5 7 8 15] [1 2 3 4 5 6 7] [1 2 3 5 6 7 8 15 39] [1 2 3 4] [1 2 3 4 7] [1 2 3 4 5 7 19] [1 2 3 5 6 7 8 15] [1 2 3 5 7 8] [1 2 3 4 5 7 8 15] [1 2 5 6] [1 2 3 4 5 8 11] [1 2 5] [1 2 3 4 5 7 8 12] [1 2 3 5 8 26] [1 2 3 4 5 11 13 19 32] [1 2 3 4 5 6 8 19] [1 2] [1 2 3 4 5 11 19] [1 2 3 4 5 19] [1 2 3 4 5 8 15 26] [1 2 8] [1 2 3 5 6 8 15] [1] [1 2 3 4 5 6 7 8 16] [1 2 3 4 5 6 7 8 11 19] [1 2 3 4 5 7 8 11 13 15 19 32 35] [1 5] [1 2 5 7] [1 2 5 6 7 8] [1 2 3 5 7 8 11 15 19 32] [1 2 32] [1 2 15] [1 2 3 5 8 15] [1 2 3 4 5 8 19] [1 2 3 4 5 6 7 8 11] [1 4 36] [] [] [] [] [] [] [] [] [] [] [] [] [] [] [] [] [] [] [] [] [] [] [] [] [] [] [] [] [] [] [] [] [] [] [] [] [] [] [] [] [] [] [] [] [] [] [] [] [] [] [] [] [] [] [] [] [] [] [] [] [] [] [] [] [] [] [] [] []
182 [] [1 2 3 5 6 7 8 11 19 32] [1 2 3 4 5 6] [1 2 3 5 7] [1 2 3 5 6 7] [1 2 3 5 8] [1 2 3 4 5 6 7 8 12 16 19] [1 2 3 4 5 7] [1 2 3 4 5 7 8] [1 2 3 4 5 6 7 8 15] [1 2 3 4 5] [1 2 3 4 5 6 7 8 15 19] [1 2 3 4 5 6 7 8] [1 2 3 5 7 11 19] [1 2 3 5 11] [1 2 3 5 6] [1 2 3 5] [1 2 3 4 5 7 8 11 15] [1 2 3 5 6 7 11] [1 2 3 4 8] [1 2 3 5 6 8] [1 2 3 4 5 6 19] [1 2 3 5 8 11 15 19 32] [1 2 3 4 5 6 8] [1 2 5 8 15] [1 2 3] [1 2 3 5 7 8 15] [1 2 3 4 5 6 7] [1 2 3 5 6 7 8 15 39] [1 2 3 4] [1 2 3 4 7] [1 2 3 4 5 7 19] [1 2 3 5 6 7 8 15] [1 2 3 5 7 8] [1 2 3 4 5 7 8 15] [1 2 5 6] [1 2 3 4 5 8 11] [1 2 5] [1 2 3 4 5 7 8 12] [1 2 3 5 8 26] [1 2 3 4 5 11 13 19 32] [1 2 3 4 5 6 8 19] [1 2] [1 2 3 4 5 11 19] [1 2 3 4 5 19] [1 2 3 4 5 8 15 26] [1 2 8] [1 2 3 5 6 8 15] [1] [1 2 3 4 5 6 7 8 16] [1 2 3 4 5 6 7 8 11 19] [1 2 3 4 5 7 8 11 13 15 19 32 35] [1 5] [1 2 5 7] [1 2 5 6 7 8] [1 2 3 5 7 8 11 15 19 32] [1 2 32] [1 2 15] [1 2 3 5 8 15] [1 2 3 4 5 8 19] [1 2 3 4 5 6 7 8 11] [1 4 36] [] [] [] [] [] [] [] [] [] [] [] [] [] [] [] [] [] [] [] [] [] [] [] [] [] [] [] [] [] [] [] [] [] [] [] [] [] [] [] [] [] [] [] [] [] [] [] [] [] [] [] [] [] [] [] [] [] [] [] [] [] [] [] [] [] [] [] [] []
183 [] [1 2 3 4 5 6] [1 2 3 5 7 8] [1 2 3 5 7] [1 2 3 5 6 7] [1 2 3 5 8] [1 2 3 4 5 6 7 8 12 16 19] [1 2 3 4 5 7] [1 2 3 4 5 7 8] [1 2 3 4 5 6 7 8 15] [1 2 3 4 5] [1 2 3 4 5 6 7 8 15 19] [1 2 3 4 5 6 7 8] [1 2 3 5 7 11 19] [1 2 3 5 11] [1 2 3 5 6] [1 2 3 5] [1 2 3 4 5 7 8 11 15] [1 2 3 5 6 7 11] [1 2 3 4 8] [1 2 3 5 6 8] [1 2 3 4 5 6 19] [1 2 3 5 8 11 15 19 32] [1 2 3 4 5 6 8] [1 2 5 8 15] [1 2 3] [1 2 3 5 7 8 15] [1 2 3 4 5 6 7] [1 2 3 5 6 7 8 15 39] [1 2 3 4] [1 2 3 4 7] [1 2 3 4 5 7 19] [1 2 3 5 6 7 8 15] [1 2 3 4 5 7 8 15] [1 2 5 6] [1 2 3 4 5 8 11] [1 2 5] [1 2 3 4 5 7 8 12] [1 2 3 5 8 26] [1 2 3 4 5 11 13 19 32] [1 2 3 4 5 6 8 19] [1 2] [1 2 3 4 5 11 19] [1 2 3 4 5 19] [1 2 3 4 5 8 15 26] [1 2 8] [1 2 3 5 6 8 15] [1] [1 2 3 4 5 6 7 8 16] [1 2 3 4 5 6 7 8 11 19] [1 2 3 4 5 7 8 11 13 15 19 32 35] [1 5] [1 2 5 7] [1 2 5 6 7 8] [1 2 3 5 7 8 11 15 19 32] [1 2 32] [1 2 15] [1 2 3 5 8 15] [1 2 3 4 5 8 19] [1 2 3 4 5 6 7 8 11] [1 4 36] [] [] [] [] [] [] [] [] [] [] [] [] [] [] [] [] [] [] [] [] [] [] [] [] [] [] [] [] [] [] [] [] [] [] [] [] [] [] [] [] [] [] [] [] [] [] [] [] [] [] [] [] [] [] [] [] [] [] [] [] [] [] [] [] [] [] [] [] [] []
184 [] [1 2 3 5 7] [1 2 3 5 6 7] [1 2 3 5 8] [1 2 3 4 5 6 7 8 12 16 19] [1 2 3 4 5 7] [1 2 3 4 5 7 8] [1 2 3 4 5 6 7 8 15] [1 2 3 4 5] [1 2 3 4 5 6 7 8 15 19] [1 2 3 4 5 6 7 8] [1 2 3 5 7 11 19] [1 2 3 5 11] [1 2 3 5 6] [1 2 3 5] [1 2 3 4 5 7 8 11 15] [1 2 3 5 6 7 11] [1 2 3 4 8] [1 2 3 5 6 8] [1 2 3 4 5 6 19] [1 2 3 4 5 6] [1 2 3 5 8 11 15 19 32] [1 2 3 4 5 6 8] [1 2 5 8 15] [1 2 3] [1 2 3 5 7 8 15] [1 2 3 4 5 6 7] [1 2 3 5 6 7 8 15 39] [1 2 3 4] [1 2 3 4 7] [1 2 3 4 5 7 19] [1 2 3 5 6 7 8 15] [1 2 3 5 7 8] [1 2 3 4 5 7 8 15] [1 2 5 6] [1 2 3 4 5 8 11] [1 2 5] [1 2 3 4 5 7 8 12] [1 2 3 5 8 26] [1 2 3 4 5 11 13 19 32] [1 2 3 4 5 6 8 19] [1 2] [1 2 3 4 5 11 19] [1 2 3 4 5 19] [1 2 3 4 5 8 15 26] [1 2 8] [1 2 3 5 6 8 15] [1] [1 2 3 4 5 6 7 8 16] [1 2 3 4 5 6 7 8 11 19] [1 2 3 4 5 7 8 11 13 15 19 32 35] [1 5] [1 2 5 7] [1 2 5 6 7 8] [1 2 3 5 7 8 11 15 19 32] [1 2 32] [1 2 15] [1 2 3 5 8 15] [1 2 3 4 5 8 19] [1 2 3 4 5 6 7 8 11] [1 4 36] [] [] [] [] [] [] [] [] [] [] [] [] [] [] [] [] [] [] [] [] [] [] [] [] [] [] [] [] [] [] [] [] [] [] [] [] [] [] [] [] [] [] [] [] [] [] [] [] [] [] [] [] [] [] [] [] [] [] [] [] [] [] [] [] [] [] [] [] [] []
185 [] [1 2 3 5 8] [1 2 3 4 5 6 7 8 12 16 19] [1 2 3 4 5 7] [1 2 3 4 5 7 8] [1 2 3 4 5 6 7 8 15] [1 2 3 4 5] [1 2 3 4 5 6 7 8 15 19] [1 2 3 4 5 6 7 8] [1 2 3 5 7 11 19] [1 2 3 5 11] [1 2 3 5 6] [1 2 3 5] [1 2 3 5 6 7] [1 2 3 4 5 7 8 11 15] [1 2 3 5 6 7 11] [1 2 3 4 8] [1 2 3 5 6 8] [1 2 3 4 5 6 19] [1 2 3 4 5 6] [1 2 3 5 8 11 15 19 32] [1 2 3 4 5 6 8] [1 2 5 8 15] [1 2 3] [1 2 3 5 7 8 15] [1 2 3 4 5 6 7] [1 2 3 5 6 7 8 15 39] [1 2 3 4] [1 2 3 4 7] [1 2 3 4 5 7 19] [1 2 3 5 6 7 8 15] [1 2 3 5 7 8] [1 2 3 4 5 7 8 15] [1 2 3 5 7] [1 2 5 6] [1 2 3 4 5 8 11] [1 2 5] [1 2 3 4 5 7 8 12] [1 2 3 5 8 26] [1 2 3 4 5 11 13 19 32] [1 2 3 4 5 6 8 19] [1 2] [1 2 3 4 5 11 19] [1 2 3 4 5 19] [1 2 3 4 5 8 15 26] [1 2 8] [1 2 3 5 6 8 15] [1] [1 2 3 4 5 6 7 8 16] [1 2 3 4 5 6 7 8 11 19] [1 2 3 4 5 7 8 11 13 15 19 32 35] [1 5] [1 2 5 7] [1 2 5 6 7 8] [1 2 3 5 7 8 11 15 19 32] [1 2 32] [1 2 15] [1 2 3 5 8 15] [1 2 3 4 5 8 19] [1 2 3 4 5 6 7 8 11] [1 4 36] [] [] [] [] [] [] [] [] [] [] [] [] [] [] [] [] [] [] [] [] [] [] [] [] [] [] [] [] [] [] [] [] [] [] [] [] [] [] [] [] [] [] [] [] [] [] [] [] [] [] [] [] [] [] [] [] [] [] [] [] [] [] [] [] [] [] [] [] [] []
186 [] [1 2 3 4 5 7] [1 2 3 4 5 7 8] [1 2 3 5 8] [1 2 3 4 5 6 7 8 15] [1 2 3 4 5] [1 2 3 4 5 6 7 8 15 19] [1 2 3 4 5 6 7 8] [1 2 3 5 7 11 19] [1 2 3 5 11] [1 2 3 5 6] [1 2 3 5] [1 2 3 5 6 7] [1 2 3 4 5 7 8 11 15] [1 2 3 5 6 7 11] [1 2 3 4 8] [1 2 3 5 6 8] [1 2 3 4 5 6 19] [1 2 3 4 5 6] [1 2 3 5 8 11 15 19 32] [1 2 3 4 5 6 8] [1 2 5 8 15] [1 2 3] [1 2 3 5 7 8 15] [1 2 3 4 5 6 7] [1 2 3 5 6 7 8 15 39] [1 2 3 4] [1 2 3 4 7] [1 2 3 4 5 7 19] [1 2 3 5 6 7 8 15] [1 2 3 5 7 8] [1 2 3 4 5 7 8 15] [1 2 3 5 7] [1 2 5 6] [1 2 3 4 5 8 11] [1 2 5] [1 2 3 4 5 7 8 12] [1 2 3 5 8 26] [1 2 3 4 5 11 13 19 32] [1 2 3 4 5 6 8 19] [1 2] [1 2 3 4 5 11 19] [1 2 3 4 5 19] [1 2 3 4 5 8 15 26] [1 2 8] [1 2 3 5 6 8 15] [1] [1 2 3 4 5 6 7 8 16] [1 2 3 4 5 6 7 8 11 19] [1 2 3 4 5 7 8 11 13 15 19 32 35] [1 5] [1 2 5 7] [1 2 5 6 7 8] [1 2 3 5 7 8 11 15 19 32] [1 2 32] [1 2 15] [1 2 3 5 8 15] [1 2 3 4 5 8 19] [1 2 3 4 5 6 7 8 11] [1 4 36] [] [] [] [] [] [] [] [] [] [] [] [] [] [] [] [] [] [] [] [] [] [] [] [] [] [] [] [] [] [] [] [] [] [] [] [] [] [] [] [] [] [] [] [] [] [] [] [] [] [] [] [] [] [] [] [] [] [] [] [] [] [] [] [] [] [] [] [] [] [] []
187 [] [1 2 3 5 8] [1 2 3 4 5 6 7 8 15] [1 2 3 4 5] [1 2 3 4 5 6 7 8 15 19] [1 2 3 4 5 6 7 8] [1 2 3 5 7 11 19] [1 2 3 4 5 7 8] [1 2 3 5 11] [1 2 3 5 6] [1 2 3 5] [1 2 3 5 6 7] [1 2 3 4 5 7 8 11 15] [1 2 3 5 6 7 11] [1 2 3 4 8] [1 2 3 5 6 8] [1 2 3 4 5 6 19] [1 2 3 4 5 6] [1 2 3 5 8 11 15 19 32] [1 2 3 4 5 6 8] [1 2 5 8 15] [1 2 3] [1 2 3 5 7 8 15] [1 2 3 4 5 6 7] [1 2 3 5 6 7 8 15 39] [1 2 3 4] [1 2 3 4 7] [1 2 3 4 5 7 19] [1 2 3 5 6 7 8 15] [1 2 3 4 5 7] [1 2 3 5 7 8] [1 2 3 4 5 7 8 15] [1 2 3 5 7] [1 2 5 6] [1 2 3 4 5 8 11] [1 2 5] [1 2 3 4 5 7 8 12] [1 2 3 5 8 26] [1 2 3 4 5 11 13 19 32] [1 2 3 4 5 6 8 19] [1 2] [1 2 3 4 5 11 19] [1 2 3 4 5 19] [1 2 3 4 5 8 15 26] [1 2 8] [1 2 3 5 6 8 15] [1] [1 2 3 4 5 6 7 8 16] [1 2 3 4 5 6 7 8 11 19] [1 2 3 4 5 7 8 11 13 15 19 32 35] [1 5] [1 2 5 7] [1 2 5 6 7 8] [1 2 3 5 7 8 11 15 19 32] [1 2 32] [1 2 15] [1 2 3 5 8 15] [1 2 3 4 5 8 19] [1 2 3 4 5 6 7 8 11] [1 4 36] [] [] [] [] [] [] [] [] [] [] [] [] [] [] [] [] [] [] [] [] [] [] [] [] [] [] [] [] [] [] [] [] [] [] [] [] [] [] [] [] [] [] [] [] [] [] [] [] [] [] [] [] [] [] [] [] [] [] [] [] [] [] [] [] [] [] [] [] [] [] []
188 [] [1 2 3 4 5] [1 2 3 4 5 6 7 8 15 19] [1 2 3 4 5 6 7 8] [1 2 3 5 7 11 19] [1 2 3 4 5 7 8] [1 2 3 5 11] [1 2 3 5 6] [1 2 3 5] [1 2 3 5 6 7] [1 2 3 4 5 7 8 11 15] [1 2 3 5 6 7 11] [1 2 3 4 8] [1 2 3 5 6 8] [1 2 3 4 5 6 19] [1 2 3 4 5 6] [1 2 3 5 8 11 15 19 32] [1 2 3 4 5 6 8] [1 2 5 8 15] [1 2 3] [1 2 3 5 8] [1 2 3 5 7 8 15] [1 2 3 4 5 6 7] [1 2 3 5 6 7 8 15 39] [1 2 3 4] [1 2 3 4 7] [1 2 3 4 5 7 19] [1 2 3 5 6 7 8 15] [1 2 3 4 5 7] [1 2 3 5 7 8] [1 2 3 4 5 7 8 15] [1 2 3 5 7] [1 2 5 6] [1 2 3 4 5 8 11] [1 2 5] [1 2 3 4 5 7 8 12] [1 2 3 5 8 26] [1 2 3 4 5 11 13 19 32] [1 2 3 4 5 6 8 19] [1 2] [1 2 3 4 5 11 19] [1 2 3 4 5 19] [1 2 3 4 5 8 15 26] [1 2 8] [1 2 3 5 6 8 15] [1] [1 2 3 4 5 6 7 8 16] [1 2 3 4 5 6 7 8 11 19] [1 2 3 4 5 7 8 11 13 15 19 32 35] [1 5] [1 2 5 7] [1 2 5 6 7 8] [1 2 3 5 7 8 11 15 19 32] [1 2 32] [1 2 3 4 5 6 7 8 15] [1 2 15] [1 2 3 5 8 15] [1 2 3 4 5 8 19] [1 2 3 4 5 6 7 8 11] [1 4 36] [] [] [] [] [] [] [] [] [] [] [] [] [] [] [] [] [] [] [] [] [] [] [] [] [] [] [] [] [] [] [] [] [] [] [] [] [] [] [] [] [] [] [] [] [] [] [] [] [] [] [] [] [] [] [] [] [] [] [] [] [] [] [] [] [] [] [] [] [] [] []
189 [] [1 2 3 4 5 6 7 8] [1 2 3 5 7 11 19] [1 2 3 5 7 8] [1 2 3 4 5 7 8] [1 2 3 5 11] [1 2 3 5 6] [1 2 3 5] [1 2 3 5 6 7] [1 2 3 4 5 7 8 11 15] [1 2 3 5 6 7 11] [1 2 3 4 8] [1 2 3 5 6 8] [1 2 3 4 5 6 19] [1 2 3 4 5 6] [1 2 3 5 8 11 15 19 32] [1 2 3 4 5 6 8] [1 2 5 8 15] [1 2 3] [1 2 3 5 8] [1 2 3 5 7 8 15] [1 2 3 4 5 6 7] [1 2 3 5 6 7 8 15 39] [1 2 3 4] [1 2 3 4 5] [1 2 3 4 7] [1 2 3 4 5 7 19] [1 2 3 5 6 7 8 15] [1 2 3 4 5 7] [1 2 3 4 5 7 8 15] [1 2 3 5 7] [1 2 5 6] [1 2 3 4 5 8 11] [1 2 5] [1 2 3 4 5 7 8 12] [1 2 3 5 8 26] [1 2 3 4 5 11 13 19 32] [1 2 3 4 5 6 8 19] [1 2] [1 2 3 4 5 11 19] [1 2 3 4 5 19] [1 2 3 4 5 8 15 26] [1 2 8] [1 2 3 5 6 8 15] [1] [1 2 3 4 5 6 7 8 16] [1 2 3 4 5 6 7 8 11 19] [1 2 3 4 5 7 8 11 13 15 19 32 35] [1 5] [1 2 5 7] [1 2 5 6 7 8] [1 2 3 5 7 8 11 15 19 32] [1 2 32] [1 2 3 4 5 6 7 8 15] [1 2 15] [1 2 3 5 8 15] [1 2 3 4 5 8 19] [1 2 3 4 5 6 7 8 11] [1 4 36] [] [] [] [] [] [] [] [] [] [] [] [] [] [] [] [] [] [] [] [] [] [] [] [] [] [] [] [] [] [] [] [] [] [] [] [] [] [] [] [] [] [] [] [] [] [] [] [] [] [] [] [] [] [] [] [] [] [] [] [] [] [] [] [] [] [] [] [] [] [] [] []
190 [] [1 2 3 5 7 8] [1 2 5 6 7 8] [1 2 3 4 5 7 8] [1 2 3 5 11] [1 2 3 5 6] [1 2 3 5] [1 2 3 5 6 7] [1 2 3 4 5 7 8 11 15] [1 2 3 5 6 7 11] [1 2 3 4 8] [1 2 3 5 6 8] [1 2 3 4 5 6 19] [1 2 3 4 5 6] [1 2 3 4 5 6 7 8] [1 2 3 5 8 11 15 19 32] [1 2 3 4 5 6 8] [1 2 5 8 15] [1 2 3] [1 2 3 5 8] [1 2 3 5 7 8 15] [1 2 3 4 5 6 7] [1 2 3 5 6 7 8 15 39] [1 2 3 4] [1 2 3 4 5] [1 2 3 4 7] [1 2 3 4 5 7 19] [1 2 3 5 6 7 8 15] [1 2 3 4 5 7] [1 2 3 4 5 7 8 15] [1 2 3 5 7] [1 2 5 6] [1 2 3 4 5 8 11] [1 2 5] [1 2 3 4 5 7 8 12] [1 2 3 5 8 26] [1 2 3 4 5 11 13 19 32] [1 2 3 4 5 6 8 19] [1 2] [1 2 3 4 5 11 19] [1 2 3 4 5 19] [1 2 3 4 5 8 15 26] [1 2 8] [1 2 3 5 6 8 15] [1] [1 2 3 4 5 6 7 8 16] [1 2 3 4 5 6 7 8 11 19] [1 2 3 4 5 7 8 11 13 15 19 32 35] [1 5] [1 2 5 7] [1 2 3 5 7 8 11 15 19 32] [1 2 32] [1 2 3 4 5 6 7 8 15] [1 2 15] [1 2 3 5 8 15] [1 2 3 4 5 8 19] [1 2 3 4 5 6 7 8 11] [1 4 36] [] [] [] [] [] [] [] [] [] [] [] [] [] [] [] [] [] [] [] [] [] [] [] [] [] [] [] [] [] [] [] [] [] [] [] [] [] [] [] [] [] [] [] [] [] [] [] [] [] [] [] [] [] [] [] [] [] [] [] [] [] [] [] [] [] [] [] [] [] [] [] [] []
191 [] [1 2 3 4 5 7 8] [1 2 3 5 11] [1 2 3 5] [1 2 3 5 6] [1 2 3 5 6 7] [1 2 3 4 5 7 8 11 15] [1 2 3 5 6 7 11] [1 2 3 4 8] [1 2 3 5 6 8] [1 2 3 4 5 6 19] [1 2 3 4 5 6] [1 2 3 4 5 6 7 8] [1 2 3 5 8 11 15 19 32] [1 2 3 4 5 6 8] [1 2 5 8 15] [1 2 3] [1 2 3 5 8] [1 2 3 5 7 8 15] [1 2 3 4 5 6 7] [1 2 3 5 6 7 8 15 39] [1 2 3 4] [1 2 3 4 5] [1 2 3 4 7] [1 2 3 4 5 7 19] [1 2 3 5 6 7 8 15] [1 2 3 4 5 7] [1 2 3 5 7 8] [1 2 3 4 5 7 8 15] [1 2 3 5 7] [1 2 5 6] [1 2 3 4 5 8 11] [1 2 5] [1 2 3 4 5 7 8 12] [1 2 3 5 8 26] [1 2 3 4 5 11 13 19 32] [1 2 3 4 5 6 8 19] [1 2] [1 2 3 4 5 11 19] [1 2 3 4 5 19] [1 2 3 4 5 8 15 26] [1 2 8] [1 2 3 5 6 8 15] [1] [1 2 3 4 5 6 7 8 16] [1 2 3 4 5 6 7 8 11 19] [1 2 3 4 5 7 8 11 13 15 19 32 35] [1 5] [1 2 5 7] [1 2 5 6 7 8] [1 2 3 5 7 8 11 15 19 32] [1 2 32] [1 2 3 4 5 6 7 8 15] [1 2 15] [1 2 3 5 8 15] [1 2 3 4 5 8 19] [1 2 3 4 5 6 7 8 11] [1 4 36] [] [] [] [] [] [] [] [] [] [] [] [] [] [] [] [] [] [] [] [] [] [] [] [] [] [] [] [] [] [] [] [] [] [] [] [] [] [] [] [] [] [] [] [] [] [] [] [] [] [] [] [] [] [] [] [] [] [] [] [] [] [] [] [] [] [] [] [] [] [] [] [] []
192 [] [1 2 3 5] [1 2 3 5 6] [1 2 3 5 6 7] [1 2 3 4 5 7 8 11 15] [1 2 3 5 6 7 11] [1 2 3 4 8] [1 2 3 4 5 7 8] [1 2 3 5 11] [1 2 3 5 6 8] [1 2 3 4 5 6 19] [1 2 3 4 5 6] [1 2 3 4 5 6 7 8] [1 2 3 5 8 11 15 19 32] [1 2 3 4 5 6 8] [1 2 5 8 15] [1 2 3] [1 2 3 5 8] [1 2 3 5 7 8 15] [1 2 3 4 5 6 7] [1 2 3 5 6 7 8 15 39] [1 2 3 4] [1 2 3 4 5] [1 2 3 4 7] [1 2 3 4 5 7 19] [1 2 3 5 6 7 8 15] [1 2 3 4 5 7] [1 2 3 5 7 8] [1 2 3 4 5 7 8 15] [1 2 3 5 7] [1 2 5 6] [1 2 3 4 5 8 11] [1 2 5] [1 2 3 4 5 7 8 12] [1 2 3 5 8 26] [1 2 3 4 5 11 13 19 32] [1 2 3 4 5 6 8 19] [1 2] [1 2 3 4 5 11 19] [1 2 3 4 5 19] [1 2 3 4 5 8 15 26] [1 2 8] [1 2 3 5 6 8 15] [1] [1 2 3 4 5 6 7 8 16] [1 2 3 4 5 6 7 8 11 19] [1 2 3 4 5 7 8 11 13 15 19 32 35] [1 5] [1 2 5 7] [1 2 5 6 7 8] [1 2 3 5 7 8 11 15 19 32] [1 2 32] [1 2 3 4 5 6 7 8 15] [1 2 15] [1 2 3 5 8 15] [1 2 3 4 5 8 19] [1 2 3 4 5 6 7 8 11] [1 4 36] [] [] [] [] [] [] [] [] [] [] [] [] [] [] [] [] [] [] [] [] [] [] [] [] [] [] [] [] [] [] [] [] [] [] [] [] [] [] [] [] [] [] [] [] [] [] [] [] [] [] [] [] [] [] [] [] [] [] [] [] [] [] [] [] [] [] [] [] [] [] [] [] []
193 [] [1 2 3 5] [1 2 3 5 6 7] [1 2 3 4 5 7 8 11 15] [1 2 3 5 6 7 11] [1 2 3 4 8] [1 2 3 5 6] [1 2 3 4 5 7 8] [1 2 3 5 11] [1 2 3 5 6 8] [1 2 3 4 5 6 19] [1 2 3 4 5 6] [1 2 3 4 5 6 7 8] [1 2 3 5 8 11 15 19 32] [1 2 3 4 5 6 8] [1 2 5 8 15] [1 2 3] [1 2 3 5 8] [1 2 3 5 7 8 15] [1 2 3 4 5 6 7] [1 2 3 5 6 7 8 15 39] [1 2 3 4] [1 2 3 4 5] [1 2 3 4 7] [1 2 3 4 5 7 19] [1 2 3 5 6 7 8 15] [1 2 3 4 5 7] [1 2 3 5 7 8] [1 2 3 4 5 7 8 15] [1 2 3 5 7] [1 2 5 6] [1 2 3 4 5 8 11] [1 2 5] [1 2 3 4 5 7 8 12] [1 2 3 5 8 26] [1 2 3 4 5 11 13 19 32] [1 2 3 4 5 6 8 19] [1 2] [1 2 3 4 5 11 19] [1 2 3 4 5 19] [1 2 3 4 5 8 15 26] [1 2 8] [1 2 3 5 6 8 15] [1] [1 2 3 4 5 6 7 8 16] [1 2 3 4 5 6 7 8 11 19] [1 2 3 4 5 7 8 11 13 15 19 32 35] [1 5] [1 2 5 7] [1 2 5 6 7 8] [1 2 3 5 7 8 11 15 19 32] [1 2 32] [1 2 3 4 5 6 7 8 15] [1 2 15] [1 2 3 5 8 15] [1 2 3 4 5 8 19] [1 2 3 4 5 6 7 8 11] [1 4 36] [] [] [] [] [] [] [] [] [] [] [] [] [] [] [] [] [] [] [] [] [] [] [] [] [] [] [] [] [] [] [] [] [] [] [] [] [] [] [] [] [] [] [] [] [] [] [] [] [] [] [] [] [] [] [] [] [] [] [] [] [] [] [] [] [] [] [] [] [] [] [] [] []
194 [] [1 2 3 4 5 7 8 11 15] [1 2 3 5 6 7 11] [1 2 3 4 8] [1 2 3 5 6] [1 2 3 4 5 7 8] [1 2 3 5 11] [1 2 3 5 6 8] [1 2 3 4 5 6 19] [1 2 3 4 5 6] [1 2 3 4 5 6 7 8] [1 2 3 5 8 11 15 19 32] [1 2 3 4 5 6 8] [1 2 5 8 15] [1 2 3] [1 2 3 5 8] [1 2 3 5 7 8 15] [1 2 3 4 5 6 7] [1 2 3 5 6 7 8 15 39] [1 2 3 4] [1 2 3 4 5] [1 2 3 4 7] [1 2 3 5] [1 2 3 4 5 7 19] [1 2 3 5 6 7 8 15] [1 2 3 4 5 7] [1 2 3 5 7 8] [1 2 3 4 5 7 8 15] [1 2 3 5 7] [1 2 5 6] [1 2 3 4 5 8 11] [1 2 5] [1 2 3 4 5 7 8 12] [1 2 3 5 8 26] [1 2 3 4 5 11 13 19 32] [1 2 3 4 5 6 8 19] [1 2] [1 2 3 4 5 11 19] [1 2 3 4 5 19] [1 2 3 4 5 8 15 26] [1 2 8] [1 2 3 5 6 8 15] [1] [1 2 3 4 5 6 7 8 16] [1 2 3 4 5 6 7 8 11 19] [1 2 3 4 5 7 8 11 13 15 19 32 35] [1 5] [1 2 5 7] [1 2 5 6 7 8] [1 2 3 5 7 8 11 15 19 32] [1 2 32] [1 2 3 4 5 6 7 8 15] [1 2 15] [1 2 3 5 6 7] [1 2 3 5 8 15] [1 2 3 4 5 8 19] [1 2 3 4 5 6 7 8 11] [1 4 36] [] [] [] [] [] [] [] [] [] [] [] [] [] [] [] [] [] [] [] [] [] [] [] [] [] [] [] [] [] [] [] [] [] [] [] [] [] [] [] [] [] [] [] [] [] [] [] [] [] [] [] [] [] [] [] [] [] [] [] [] [] [] [] [] [] [] [] [] [] [] [] [] []
195 [] [1 2 3 4 8] [1 2 3 5 6] [1 2 3 4 5 7 8] [1 2 3 5 11] [1 2 3 5 6 8] [1 2 3 4 5 6 19] [1 2 3 4 5 6] [1 2 3 4 5 6 7 8] [1 2 3 5 8 11 15 19 32] [1 2 3 4 5 6 8] [1 2 5 8 15] [1 2 3] [1 2 3 5 8] [1 2 3 5 7 8 15] [1 2 3 4 5 6 7] [1 2 3 5 6 7 8 15 39] [1 2 3 4] [1 2 3 4 5] [1 2 3 4 7] [1 2 3 5] [1 2 3 4 5 7 19] [1 2 3 5 6 7 8 15] [1 2 3 4 5 7] [1 2 3 5 7 8] [1 2 3 4 5 7 8 15] [1 2 3 5 7] [1 2 5 6] [1 2 3 4 5 8 11] [1 2 5] [1 2 3 4 5 7 8 12] [1 2 3 5 8 26] [1 2 3 4 5 11 13 19 32] [1 2 3 4 5 6 8 19] [1 2] [1 2 3 4 5 11 19] [1 2 3 4 5 19] [1 2 3 4 5 8 15 26] [1 2 8] [1 2 3 5 6 8 15] [1] [1 2 3 4 5 6 7 8 16] [1 2 3 4 5 6 7 8 11 19] [1 2 3 4 5 7 8 11 13 15 19 32 35] [1 5] [1 2 5 7] [1 2 5 6 7 8] [1 2 3 5 7 8 11 15 19 32] [1 2 32] [1 2 3 4 5 6 7 8 15] [1 2 15] [1 2 3 5 6 7] [1 2 3 5 8 15] [1 2 3 4 5 8 19] [1 2 3 4 5 6 7 8 11] [1 4 36] [] [] [] [] [] [] [] [] [] [] [] [] [] [] [] [] [] [] [] [] [] [] [] [] [] [] [] [] [] [] [] [] [] [] [] [] [] [] [] [] [] [] [] [] [] [] [] [] [] [] [] [] [] [] [] [] [] [] [] [] [] [] [] [] [] [] [] [] [] [] [] [] [] [] []
196 [] [1 2 3 4 5 7 8] [1 2 3 5 11] [1 2 3 5 6 8] [1 2 3 4 5 6 19] [1 2 3 4 5 6] [1 2 3 4 5 6 7 8] [1 2 3 5 8 11 15 19 32] [1 2 3 4 5 6 8] [1 2 5 8 15] [1 2 3] [1 2 3 5 8] [1 2 3 5 7 8 15] [1 2 3 4 5 6 7] [1 2 3 5 6 7 8 15 39] [1 2 3 4] [1 2 3 4 5] [1 2 3 4 7] [1 2 3 5] [1 2 3 4 5 7 19] [1 2 3 5 6 7 8 15] [1 2 3 4 5 7] [1 2 3 5 7 8] [1 2 3 4 5 7 8 15] [1 2 3 5 7] [1 2 5 6] [1 2 3 4 5 8 11] [1 2 5] [1 2 3 4 5 7 8 12] [1 2 3 5 8 26] [1 2 3 4 5 11 13 19 32] [1 2 3 4 5 6 8 19] [1 2] [1 2 3 4 5 11 19] [1 2 3 4 5 19] [1 2 3 4 5 8 15 26] [1 2 8] [1 2 3 5 6 8 15] [1] [1 2 3 4 5 6 7 8 16] [1 2 3 4 5 6 7 8 11 19] [1 2 3 4 5 7 8 11 13 15 19 32 35] [1 5] [1 2 5 7] [1 2 5 6 7 8] [1 2 3 5 7 8 11 15 19 32] [1 2 32] [1 2 3 4 5 6 7 8 15] [1 2 15] [1 2 3 5 6 7] [1 2 3 5 8 15] [1 2 3 4 5 8 19] [1 2 3 4 5 6 7 8 11] [1 4 36] [] [] [] [] [] [] [] [] [] [] [] [] [] [] [] [] [] [] [] [] [] [] [] [] [] [] [] [] [] [] [] [] [] [] [] [] [] [] [] [] [] [] [] [] [] [] [] [] [] [] [] [] [] [] [] [] [] [] [] [] [] [] [] [] [] [] [] [] [] [] [] [] [] [] [] [] []
197 [] [1 2 3 4 5 7 8] [1 2 3 5 6 8] [1 2 3 5 8] [1 2 3 4 5 6 19] [1 2 3 4 5 6] [1 2 3 4 5 6 7 8] [1 2 3 5 11] [1 2 3 5 8 11 15 19 32] [1 2 3 4 5 6 8] [1 2 5 8 15] [1 2 3] [1 2 3 5 7 8 15] [1 2 3 4 5 6 7] [1 2 3 5 6 7 8 15 39] [1 2 3 4] [1 2 3 4 5] [1 2 3 4 7] [1 2 3 5] [1 2 3 4 5 7 19] [1 2 3 5 6 7 8 15] [1 2 3 4 5 7] [1 2 3 5 7 8] [1 2 3 4 5 7 8 15] [1 2 3 5 7] [1 2 5 6] [1 2 3 4 5 8 11] [1 2 5] [1 2 3 4 5 7 8 12] [1 2 3 5 8 26] [1 2 3 4 5 11 13 19 32] [1 2 3 4 5 6 8 19] [1 2] [1 2 3 4 5 11 19] [1 2 3 4 5 19] [1 2 3 4 5 8 15 26] [1 2 8] [1 2 3 5 6 8 15] [1] [1 2 3 4 5 6 7 8 16] [1 2 3 4 5 6 7 8 11 19] [1 2 3 4 5 7 8 11 13 15 19 32 35] [1 5] [1 2 5 7] [1 2 5 6 7 8] [1 2 3 5 7 8 11 15 19 32] [1 2 32] [1 2 3 4 5 6 7 8 15] [1 2 15] [1 2 3 5 6 7] [1 2 3 5 8 15] [1 2 3 4 5 8 19] [1 2 3 4 5 6 7 8 11] [1 4 36] [] [] [] [] [] [] [] [] [] [] [] [] [] [] [] [] [] [] [] [] [] [] [] [] [] [] [] [] [] [] [] [] [] [] [] [] [] [] [] [] [] [] [] [] [] [] [] [] [] [] [] [] [] [] [] [] [] [] [] [] [] [] [] [] [] [] [] [] [] [] [] [] [] [] [] [] []
198 [] [1 2 3 5 8] [1 2 3 4 5 6 19] [1 2 3 5 6 7 8] [1 2 3 4 5 6] [1 2 3 4 5 6 7 8] [1 2 3 5 11] [1 2 3 5 8 11 15 19 32] [1 2 3 4 5 6 8] [1 2 5 8 15] [1 2 3] [1 2 3 5 7 8 15] [1 2 3 4 5 6 7] [1 2 3 5 6 7 8 15 39] [1 2 3 4] [1 2 3 4 5] [1 2 3 5 6 8] [1 2 3 4 7] [1 2 3 5] [1 2 3 4 5 7 19] [1 2 3 5 6 7 8 15] [1 2 3 4 5 7] [1 2 3 5 7 8] [1 2 3 4 5 7 8 15] [1 2 3 5 7] [1 2 5 6] [1 2 3 4 5 8 11] [1 2 5] [1 2 3 4 5 7 8 12] [1 2 3 4 5 7 8] [1 2 3 5 8 26] [1 2 3 4 5 11 13 19 32] [1 2 3 4 5 6 8 19] [1 2] [1 2 3 4 5 11 19] [1 2 3 4 5 19] [1 2 3 4 5 8 15 26] [1 2 8] [1 2 3 5 6 8 15] [1] [1 2 3 4 5 6 7 8 16] [1 2 3 4 5 6 7 8 11 19] [1 2 3 4 5 7 8 11 13 15 19 32 35] [1 5] [1 2 5 7] [1 2 5 6 7 8] [1 2 3 5 7 8 11 15 19 32] [1 2 32] [1 2 3 4 5 6 7 8 15] [1 2 15] [1 2 3 5 6 7] [1 2 3 5 8 15] [1 2 3 4 5 8 19] [1 2 3 4 5 6 7 8 11] [1 4 36] [] [] [] [] [] [] [] [] [] [] [] [] [] [] [] [] [] [] [] [] [] [] [] [] [] [] [] [] [] [] [] [] [] [] [] [] [] [] [] [] [] [] [] [] [] [] [] [] [] [] [] [] [] [] [] [] [] [] [] [] [] [] [] [] [] [] [] [] [] [] [] [] [] [] [] []
199 [] [1 2 3 5 6 7 8] [1 2 3 4 5 6] [1 2 3 5 7 8] [1 2 3 4 5 6 7 8] [1 2 3 5 11] [1 2 3 5 8 11 15 19 32] [1 2 3 4 5 6 8] [1 2 5 8 15] [1 2 3] [1 2 3 5 8] [1 2 3 5 7 8 15] [1 2 3 4 5 6 7] [1 2 3 5 6 7 8 15 39] [1 2 3 4] [1 2 3 4 5] [1 2 3 5 6 8] [1 2 3 4 7] [1 2 3 5] [1 2 3 4 5 7 19] [1 2 3 5 6 7 8 15] [1 2 3 4 5 7] [1 2 3 4 5 7 8 15] [1 2 3 5 7] [1 2 5 6] [1 2 3 4 5 8 11] [1 2 5] [1 2 3 4 5 7 8 12] [1 2 3 4 5 7 8] [1 2 3 5 8 26] [1 2 3 4 5 11 13 19 32] [1 2 3 4 5 6 8 19] [1 2] [1 2 3 4 5 11 19] [1 2 3 4 5 19] [1 2 3 4 5 8 15 26] [1 2 8] [1 2 3 5 6 8 15] [1] [1 2 3 4 5 6 7 8 16] [1 2 3 4 5 6 7 8 11 19] [1 2 3 4 5 7 8 11 13 15 19 32 35] [1 5] [1 2 5 7] [1 2 5 6 7 8] [1 2 3 5 7 8 11 15 19 32] [1 2 32] [1 2 3 4 5 6 7 8 15] [1 2 15] [1 2 3 5 6 7] [1 2 3 5 8 15] [1 2 3 4 5 8 19] [1 2 3 4 5 6 7 8 11] [1 4 36] [] [] [] [] [] [] [] [] [] [] [] [] [] [] [] [] [] [] [] [] [] [] [] [] [] [] [] [] [] [] [] [] [] [] [] [] [] [] [] [] [] [] [] [] [] [] [] [] [] [] [] [] [] [] [] [] [] [] [] [] [] [] [] [] [] [] [] [] [] [] [] [] [] [] [] [] []
200 [] [1 2 3 5 7 8] [1 2 3 4 5 6 7 8] [1 2 3 4 5 6] [1 2 3 5 11] [1 2 3 5 8 11 15 19 32] [1 2 3 4 5 6 8] [1 2 5 8 15] [1 2 3] [1 2 3 5 8] [1 2 3 5 7 8 15] [1 2 3 4 5 6 7] [1 2 3 5 6 7 8 15 39] [1 2 3 4] [1 2 3 4 5] [1 2 3 5 6 8] [1 2 3 4 7] [1 2 3 5] [1 2 3 4 5 7 19] [1 2 3 5 6 7 8 15] [1 2 3 4 5 7] [1 2 3 4 5 7 8 15] [1 2 3 5 7] [1 2 5 6] [1 2 3 4 5 8 11] [1 2 5] [1 2 3 4 5 7 8 12] [1 2 3 4 5 7 8] [1 2 3 5 8 26] [1 2 3 4 5 11 13 19 32] [1 2 3 4 5 6 8 19] [1 2] [1 2 3 4 5 11 19] [1 2 3 4 5 19] [1 2 3 4 5 8 15 26] [1 2 8] [1 2 3 5 6 8 15] [1] [1 2 3 4 5 6 7 8 16] [1 2 3 4 5 6 7 8 11 19] [1 2 3 4 5 7 8 11 13 15 19 32 35] [1 5] [1 2 5 7] [1 2 5 6 7 8] [1 2 3 5 7 8 11 15 19 32] [1 2 32] [1 2 3 4 5 6 7 8 15] [1 2 15] [1 2 3 5 6 7] [1 2 3 5 8 15] [1 2 3 4 5 8 19] [1 2 3 4 5 6 7 8 11] [1 4 36] [] [] [] [] [] [] [] [] [] [] [] [] [] [] [] [] [] [] [] [] [] [] [] [] [] [] [] [] [] [] [] [] [] [] [] [] [] [] [] [] [] [] [] [] [] [] [] [] [] [] [] [] [] [] [] [] [] [] [] [] [] [] [] [] [] [] [] [] [] [] [] [] [] [] [] [] [] []
201 [] [1 2 3 4 5 6] [1 2 3 5 7 8] [1 2 3 5 11] [1 2 3 5 8 11 15 19 32] [1 2 3 4 5 6 8] [1 2 5 8 15] [1 2 3] [1 2 3 5 8] [1 2 3 5 7 8 15] [1 2 3 4 5 6 7] [1 2 3 5 6 7 8 15 39] [1 2 3 4] [1 2 3 4 5] [1 2 3 5 6 8] [1 2 3 4 7] [1 2 3 5] [1 2 3 4 5 7 19] [1 2 3 5 6 7 8 15] [1 2 3 4 5 7] [1 2 3 4 5 7 8 15] [1 2 3 5 7] [1 2 5 6] [1 2 3 4 5 8 11] [1 2 5] [1 2 3 4 5 7 8 12] [1 2 3 4 5 7 8] [1 2 3 5 8 26] [1 2 3 4 5 11 13 19 32] [1 2 3 4 5 6 8 19] [1 2] [1 2 3 4 5 11 19] [1 2 3 4 5 19] [1 2 3 4 5 8 15 26] [1 2 8] [1 2 3 4 5 6 7 8] [1 2 3 5 6 8 15] [1] [1 2 3 4 5 6 7 8 16] [1 2 3 4 5 6 7 8 11 19] [1 2 3 4 5 7 8 11 13 15 19 32 35] [1 5] [1 2 5 7] [1 2 5 6 7 8] [1 2 3 5 7 8 11 15 19 32] [1 2 32] [1 2 3 4 5 6 7 8 15] [1 2 15] [1 2 3 5 6 7] [1 2 3 5 8 15] [1 2 3 4 5 8 19] [1 2 3 4 5 6 7 8 11] [1 4 36] [] [] [] [] [] [] [] [] [] [] [] [] [] [] [] [] [] [] [] [] [] [] [] [] [] [] [] [] [] [] [] [] [] [] [] [] [] [] [] [] [] [] [] [] [] [] [] [] [] [] [] [] [] [] [] [] [] [] [] [] [] [] [] [] [] [] [] [] [] [] [] [] [] [] [] [] [] []
202 [] [1 2 3 5 11] [1 2 3 5 8 11 15 19 32] [1 2 3 4 5 6 8] [1 2 5 8 15] [1 2 3] [1 2 3 5 8] [1 2 3 5 7 8 15] [1 2 3 4 5 6 7] [1 2 3 5 6 7 8 15 39] [1 2 3 4] [1 2 3 4 5] [1 2 3 5 6 8] [1 2 3 4 7] [1 2 3 5] [1 2 3 4 5 7 19] [1 2 3 5 6 7 8 15] [1 2 3 4 5 7] [1 2 3 5 7 8] [1 2 3 4 5 7 8 15] [1 2 3 5 7] [1 2 5 6] [1 2 3 4 5 8 11] [1 2 5] [1 2 3 4 5 7 8 12] [1 2 3 4 5 7 8] [1 2 3 5 8 26] [1 2 3 4 5 11 13 19 32] [1 2 3 4 5 6 8 19] [1 2] [1 2 3 4 5 11 19] [1 2 3 4 5 19] [1 2 3 4 5 8 15 26] [1 2 8] [1 2 3 4 5 6 7 8] [1 2 3 5 6 8 15] [1] [1 2 3 4 5 6 7 8 16] [1 2 3 4 5 6 7 8 11 19] [1 2 3 4 5 6] [1 2 3 4 5 7 8 11 13 15 19 32 35] [1 5] [1 2 5 7] [1 2 5 6 7 8] [1 2 3 5 7 8 11 15 19 32] [1 2 32] [1 2 3 4 5 6 7 8 15] [1 2 15] [1 2 3 5 6 7] [1 2 3 5 8 15] [1 2 3 4 5 8 19] [1 2 3 4 5 6 7 8 11] [1 4 36] [] [] [] [] [] [] [] [] [] [] [] [] [] [] [] [] [] [] [] [] [] [] [] [] [] [] [] [] [] [] [] [] [] [] [] [] [] [] [] [] [] [] [] [] [] [] [] [] [] [] [] [] [] [] [] [] [] [] [] [] [] [] [] [] [] [] [] [] [] [] [] [] [] [] [] [] [] []
203 [] [1 2 3 4 5 6 8] [1 2 5 8 15] [1 2 3] [1 2 3 5 8] [1 2 3 5 7 8 15] [1 2 3 4 5 6 7] [1 2 3 5 6 7 8 15 39] [1 2 3 4] [1 2 3 4 5] [1 2 3 5 6 8] [1 2 3 4 7] [1 2 3 5] [1 2 3 4 5 7 19] [1 2 3 5 6 7 8 15] [1 2 3 4 5 7] [1 2 3 5 7 8] [1 2 3 4 5 7 8 15] [1 2 3 5 7] [1 2 5 6] [1 2 3 4 5 8 11] [1 2 5] [1 2 3 4 5 7 8 12] [1 2 3 4 5 7 8] [1 2 3 5 8 26] [1 2 3 4 5 11 13 19 32] [1 2 3 4 5 6 8 19] [1 2] [1 2 3 4 5 11 19] [1 2 3 4 5 19] [1 2 3 4 5 8 15 26] [1 2 8] [1 2 3 4 5 6 7 8] [1 2 3 5 6 8 15] [1] [1 2 3 4 5 6 7 8 16] [1 2 3 4 5 6 7 8 11 19] [1 2 3 4 5 6] [1 2 3 4 5 7 8 11 13 15 19 32 35] [1 5] [1 2 5 7] [1 2 5 6 7 8] [1 2 3 5 7 8 11 15 19 32] [1 2 32] [1 2 3 4 5 6 7 8 15] [1 2 15] [1 2 3 5 6 7] [1 2 3 5 8 15] [1 2 3 4 5 8 19] [1 2 3 4 5 6 7 8 11] [1 4 36] [] [] [] [] [] [] [] [] [] [] [] [] [] [] [] [] [] [] [] [] [] [] [] [] [] [] [] [] [] [] [] [] [] [] [] [] [] [] [] [] [] [] [] [] [] [] [] [] [] [] [] [] [] [] [] [] [] [] [] [] [] [] [] [] [] [] [] [] [] [] [] [] [] [] [] [] [] [] [] []
204 [] [1 2 3] [1 2 3 5 8] [1 2 3 5 7 8 15] [1 2 3 4 5 6 7] [1 2 3 5 6 7 8 15 39] [1 2 3 4] [1 2 3 4 5] [1 2 3 5 6 8] [1 2 3 4 7] [1 2 3 5] [1 2 3 4 5 7 19] [1 2 3 5 6 7 8 15] [1 2 3 4 5 7] [1 2 3 5 7 8] [1 2 3 4 5 7 8 15] [1 2 3 5 7] [1 2 5 6] [1 2 3 4 5 8 11] [1 2 5] [1 2 3 4 5 7 8 12] [1 2 3 4 5 7 8] [1 2 3 5 8 26] [1 2 3 4 5 11 13 19 32] [1 2 3 4 5 6 8 19] [1 2] [1 2 3 4 5 11 19] [1 2 3 4 5 19] [1 2 3 4 5 8 15 26] [1 2 8] [1 2 3 4 5 6 7 8] [1 2 3 4 5 6 8] [1 2 3 5 6 8 15] [1] [1 2 3 4 5 6 7 8 16] [1 2 3 4 5 6 7 8 11 19] [1 2 3 4 5 6] [1 2 3 4 5 7 8 11 13 15 19 32 35] [1 5] [1 2 5 7] [1 2 5 6 7 8] [1 2 3 5 7 8 11 15 19 32] [1 2 32] [1 2 3 4 5 6 7 8 15] [1 2 15] [1 2 3 5 6 7] [1 2 3 5 8 15] [1 2 3 4 5 8 19] [1 2 3 4 5 6 7 8 11] [1 4 36] [] [] [] [] [] [] [] [] [] [] [] [] [] [] [] [] [] [] [] [] [] [] [] [] [] [] [] [] [] [] [] [] [] [] [] [] [] [] [] [] [] [] [] [] [] [] [] [] [] [] [] [] [] [] [] [] [] [] [] [] [] [] [] [] [] [] [] [] [] [] [] [] [] [] [] [] [] [] [] [] []
205 [] [1 2 3 5 7 8 15] [1 2 3 4 5 6 7] [1 2 3 5 6 7 8 15 39] [1 2 3 4] [1 2 3 4 5] [1 2 3 5 6 8] [1 2 3 4 7] [1 2 3 5] [1 2 3 5 8] [1 2 3 4 5 7 19] [1 2 3 5 6 7 8 15] [1 2 3 4 5 7] [1 2 3 5 7 8] [1 2 3] [1 2 3 4 5 7 8 15] [1 2 3 5 7] [1 2 5 6] [1 2 3 4 5 8 11] [1 2 5] [1 2 3 4 5 7 8 12] [1 2 3 4 5 7 8] [1 2 3 5 8 26] [1 2 3 4 5 11 13 19 32] [1 2 3 4 5 6 8 19] [1 2] [1 2 3 4 5 11 19] [1 2 3 4 5 19] [1 2 3 4 5 8 15 26] [1 2 8] [1 2 3 4 5 6 7 8] [1 2 3 4 5 6 8] [1 2 3 5 6 8 15] [1] [1 2 3 4 5 6 7 8 16] [1 2 3 4 5 6 7 8 11 19] [1 2 3 4 5 6] [1 2 3 4 5 7 8 11 13 15 19 32 35] [1 5] [1 2 5 7] [1 2 5 6 7 8] [1 2 3 5 7 8 11 15 19 32] [1 2 32] [1 2 3 4 5 6 7 8 15] [1 2 15] [1 2 3 5 6 7] [1 2 3 5 8 15] [1 2 3 4 5 8 19] [1 2 3 4 5 6 7 8 11] [1 4 36] [] [] [] [] [] [] [] [] [] [] [] [] [] [] [] [] [] [] [] [] [] [] [] [] [] [] [] [] [] [] [] [] [] [] [] [] [] [] [] [] [] [] [] [] [] [] [] [] [] [] [] [] [] [] [] [] [] [] [] [] [] [] [] [] [] [] [] [] [] [] [] [] [] [] [] [] [] [] [] [] []
206 [] [1 2 3 5 6 7 8 15 39] [1 2 3 4] [1 2 3 4 5] [1 2 3 5 6 8] [1 2 3 4 7] [1 2 3 5] [1 2 3 5 8] [1 2 3 4 5 7 19] [1 2 3 5 6 7 8 15] [1 2 3 4 5 7] [1 2 3 5 7 8] [1 2 3] [1 2 3 4 5 7 8 15] [1 2 3 5 7] [1 2 5 6] [1 2 3 4 5 8 11] [1 2 5] [1 2 3 4 5 7 8 12] [1 2 3 4 5 7 8] [1 2 3 5 8 26] [1 2 3 4 5 11 13 19 32] [1 2 3 4 5 6 8 19] [1 2] [1 2 3 4 5 11 19] [1 2 3 4 5 19] [1 2 3 4 5 8 15 26] [1 2 8] [1 2 3 4 5 6 7 8] [1 2 3 4 5 6 8] [1 2 3 5 6 8 15] [1] [1 2 3 4 5 6 7 8 16] [1 2 3 4 5 6 7 8 11 19] [1 2 3 4 5 6] [1 2 3 4 5 7 8 11 13 15 19 32 35] [1 5] [1 2 5 7] [1 2 5 6 7 8] [1 2 3 5 7 8 11 15 19 32] [1 2 32] [1 2 3 4 5 6 7 8 15] [1 2 15] [1 2 3 5 6 7] [1 2 3 5 8 15] [1 2 3 4 5 8 19] [1 2 3 4 5 6 7 8 11] [1 4 36] [] [] [] [] [] [] [] [] [] [] [] [] [] [] [] [] [] [] [] [] [] [] [] [] [] [] [] [] [] [] [] [] [] [] [] [] [] [] [] [] [] [] [] [] [] [] [] [] [] [] [] [] [] [] [] [] [] [] [] [] [] [] [] [] [] [] [] [] [] [] [] [] [] [] [] [] [] [] [] [] [] [] []
207 [] [1 2 3 4 5] [1 2 3 5 6 7 8 15] [1 2 3 5 6 8] [1 2 3 4 7] [1 2 3 5] [1 2 3 5 8] [1 2 3 4 5 7 19] [1 2 3 4 5 7] [1 2 3 5 7 8] [1 2 3] [1 2 3 4 5 7 8 15] [1 2 3 5 7] [1 2 5 6] [1 2 3 4 5 8 11] [1 2 5] [1 2 3 4 5 7 8 12] [1 2 3 4 5 7 8] [1 2 3 5 8 26] [1 2 3 4] [1 2 3 4 5 11 13 19 32] [1 2 3 4 5 6 8 19] [1 2] [1 2 3 4 5 11 19] [1 2 3 4 5 19] [1 2 3 4 5 8 15 26] [1 2 8] [1 2 3 4 5 6 7 8] [1 2 3 4 5 6 8] [1 2 3 5 6 8 15] [1] [1 2 3 4 5 6 7 8 16] [1 2 3 4 5 6 7 8 11 19] [1 2 3 4 5 6] [1 2 3 4 5 7 8 11 13 15 19 32 35] [1 5] [1 2 5 7] [1 2 5 6 7 8] [1 2 3 5 7 8 11 15 19 32] [1 2 32] [1 2 3 4 5 6 7 8 15] [1 2 15] [1 2 3 5 6 7] [1 2 3 5 8 15] [1 2 3 4 5 8 19] [1 2 3 4 5 6 7 8 11] [1 4 36] [] [] [] [] [] [] [] [] [] [] [] [] [] [] [] [] [] [] [] [] [] [] [] [] [] [] [] [] [] [] [] [] [] [] [] [] [] [] [] [] [] [] [] [] [] [] [] [] [] [] [] [] [] [] [] [] [] [] [] [] [] [] [] [] [] [] [] [] [] [] [] [] [] [] [] [] [] [] [] [] [] [] [] []
208 [] [1 2 3 5 6 8] [1 2 3 4 7] [1 2] [1 2 3 5] [1 2 3 5 8] [1 2 3 4 5 7 19] [1 2 3 5 6 7 8 15] [1 2 3 4 5 7] [1 2 3 5 7 8] [1 2 3] [1 2 3 4 5 7 8 15] [1 2 3 5 7] [1 2 5 6] [1 2 3 4 5 8 11] [1 2 3 4 5] [1 2 5] [1 2 3 4 5 7 8 12] [1 2 3 4 5 7 8] [1 2 3 5 8 26] [1 2 3 4] [1 2 3 4 5 11 13 19 32] [1 2 3 4 5 6 8 19] [1 2 3 4 5 11 19] [1 2 3 4 5 19] [1 2 3 4 5 8 15 26] [1 2 8] [1 2 3 4 5 6 7 8] [1 2 3 4 5 6 8] [1 2 3 5 6 8 15] [1] [1 2 3 4 5 6 7 8 16] [1 2 3 4 5 6 7 8 11 19] [1 2 3 4 5 6] [1 2 3 4 5 7 8 11 13 15 19 32 35] [1 5] [1 2 5 7] [1 2 5 6 7 8] [1 2 3 5 7 8 11 15 19 32] [1 2 32] [1 2 3 4 5 6 7 8 15] [1 2 15] [1 2 3 5 6 7] [1 2 3 5 8 15] [1 2 3 4 5 8 19] [1 2 3 4 5 6 7 8 11] [1 4 36] [] [] [] [] [] [] [] [] [] [] [] [] [] [] [] [] [] [] [] [] [] [] [] [] [] [] [] [] [] [] [] [] [] [] [] [] [] [] [] [] [] [] [] [] [] [] [] [] [] [] [] [] [] [] [] [] [] [] [] [] [] [] [] [] [] [] [] [] [] [] [] [] [] [] [] [] [] [] [] [] [] [] [] []
209 [] [1 2] [1 2 3 5] [1 2 3 5 8] [1 2 3 4 5 7 19] [1 2 3 5 6 7 8 15] [1 2 3 4 5 7] [1 2 3 5 7 8] [1 2 3] [1 2 3 4 5 7 8 15] [1 2 3 5 7] [1 2 5 6] [1 2 3 4 5 8 11] [1 2 3 4 5] [1 2 5] [1 2 3 4 5 7 8 12] [1 2 3 4 5 7 8] [1 2 3 5 8 26] [1 2 3 4] [1 2 3 4 5 11 13 19 32] [1 2 3 4 5 6 8 19] [1 2 3 4 5 11 19] [1 2 3 4 5 19] [1 2 3 4 5 8 15 26] [1 2 8] [1 2 3 4 5 6 7 8] [1 2 3 4 5 6 8] [1 2 3 5 6 8 15] [1] [1 2 3 4 5 6 7 8 16] [1 2 3 4 5 6 7 8 11 19] [1 2 3 4 5 6] [1 2 3 4 5 7 8 11 13 15 19 32 35] [1 5] [1 2 5 7] [1 2 3 5 6 8] [1 2 5 6 7 8] [1 2 3 5 7 8 11 15 19 32] [1 2 32] [1 2 3 4 5 6 7 8 15] [1 2 15] [1 2 3 5 6 7] [1 2 3 5 8 15] [1 2 3 4 5 8 19] [1 2 3 4 5 6 7 8 11] [1 4 36] [] [] [] [] [] [] [] [] [] [] [] [] [] [] [] [] [] [] [] [] [] [] [] [] [] [] [] [] [] [] [] [] [] [] [] [] [] [] [] [] [] [] [] [] [] [] [] [] [] [] [] [] [] [] [] [] [] [] [] [] [] [] [] [] [] [] [] [] [] [] [] [] [] [] [] [] [] [] [] [] [] [] [] [] []
210 [] [1 2 3 5 8] [1 2 3 4 5 7 19] [1 2 3 5 7] [1 2 3 5 6 7 8 15] [1 2 3 4 5 7] [1 2 3 5 7 8] [1 2 3] [1 2 3 4 5 7 8 15] [1 2 5 6] [1 2 3 5] [1 2 3 4 5 8 11] [1 2 3 4 5] [1 2 5] [1 2 3 4 5 7 8 12] [1 2 3 4 5 7 8] [1 2 3 5 8 26] [1 2 3 4] [1 2 3 4 5 11 13 19 32] [1 2 3 4 5 6 8 19] [1 2] [1 2 3 4 5 11 19] [1 2 3 4 5 19] [1 2 3 4 5 8 15 26] [1 2 8] [1 2 3 4 5 6 7 8] [1 2 3 4 5 6 8] [1 2 3 5 6 8 15] [1] [1 2 3 4 5 6 7 8 16] [1 2 3 4 5 6 7 8 11 19] [1 2 3 4 5 6] [1 2 3 4 5 7 8 11 13 15 19 32 35] [1 5] [1 2 5 7] [1 2 3 5 6 8] [1 2 5 6 7 8] [1 2 3 5 7 8 11 15 19 32] [1 2 32] [1 2 3 4 5 6 7 8 15] [1 2 15] [1 2 3 5 6 7] [1 2 3 5 8 15] [1 2 3 4 5 8 19] [1 2 3 4 5 6 7 8 11] [1 4 36] [] [] [] [] [] [] [] [] [] [] [] [] [] [] [] [] [] [] [] [] [] [] [] [] [] [] [] [] [] [] [] [] [] [] [] [] [] [] [] [] [] [] [] [] [] [] [] [] [] [] [] [] [] [] [] [] [] [] [] [] [] [] [] [] [] [] [] [] [] [] [] [] [] [] [] [] [] [] [] [] [] [] [] [] []
211 [] [1 2 3 5 7] [1 2 3 5 6 7 8 15] [1 2 3 4 5 7] [1 2 3 5 7 8] [1 2 3] [1 2 3 4 5 7 8 15] [1 2 5 6] [1 2 3 5 8] [1 2 3 5] [1 2 3 4 5 8 11] [1 2 3 4 5] [1 2 5] [1 2 3 4 5 7 8 12] [1 2 3 4 5 7 8] [1 2 3 5 8 26] [1 2 3 4] [1 2 3 4 5 11 13 19 32] [1 2 3 4 5 6 8 19] [1 2] [1 2 3 4 5 11 19] [1 2 3 4 5 19] [1 2 3 4 5 8 15 26] [1 2 8] [1 2 3 4 5 6 7 8] [1 2 3 4 5 6 8] [1 2 3 5 6 8 15] [1] [1 2 3 4 5 6 7 8 16] [1 2 3 4 5 6 7 8 11 19] [1 2 3 4 5 6] [1 2 3 4 5 7 8 11 13 15 19 32 35] [1 5] [1 2 5 7] [1 2 3 5 6 8] [1 2 5 6 7 8] [1 2 3 5 7 8 11 15 19 32] [1 2 32] [1 2 3 4 5 6 7 8 15] [1 2 15] [1 2 3 5 6 7] [1 2 3 5 8 15] [1 2 3 4 5 8 19] [1 2 3 4 5 6 7 8 11] [1 4 36] [] [] [] [] [] [] [] [] [] [] [] [] [] [] [] [] [] [] [] [] [] [] [] [] [] [] [] [] [] [] [] [] [] [] [] [] [] [] [] [] [] [] [] [] [] [] [] [] [] [] [] [] [] [] [] [] [] [] [] [] [] [] [] [] [] [] [] [] [] [] [] [] [] [] [] [] [] [] [] [] [] [] [] [] [] []
212 [] [1 2 3 4 5 7] [1 2 3 5 7 8] [1 2 3] [1 2 3 4 5 7 8 15] [1 2 3 5 7] [1 2 5 6] [1 2 3 5 8] [1 2 3 5] [1 2 3 4 5 8 11] [1 2 3 4 5] [1 2 5] [1 2 3 4 5 7 8 12] [1 2 3 4 5 7 8] [1 2 3 5 8 26] [1 2 3 4] [1 2 3 4 5 11 13 19 32] [1 2 3 4 5 6 8 19] [1 2] [1 2 3 4 5 11 19] [1 2 3 4 5 19] [1 2 3 4 5 8 15 26] [1 2 8] [1 2 3 4 5 6 7 8] [1 2 3 4 5 6 8] [1 2 3 5 6 8 15] [1] [1 2 3 4 5 6 7 8 16] [1 2 3 5 6 7 8 15] [1 2 3 4 5 6 7 8 11 19] [1 2 3 4 5 6] [1 2 3 4 5 7 8 11 13 15 19 32 35] [1 5] [1 2 5 7] [1 2 3 5 6 8] [1 2 5 6 7 8] [1 2 3 5 7 8 11 15 19 32] [1 2 32] [1 2 3 4 5 6 7 8 15] [1 2 15] [1 2 3 5 6 7] [1 2 3 5 8 15] [1 2 3 4 5 8 19] [1 2 3 4 5 6 7 8 11] [1 4 36] [] [] [] [] [] [] [] [] [] [] [] [] [] [] [] [] [] [] [] [] [] [] [] [] [] [] [] [] [] [] [] [] [] [] [] [] [] [] [] [] [] [] [] [] [] [] [] [] [] [] [] [] [] [] [] [] [] [] [] [] [] [] [] [] [] [] [] [] [] [] [] [] [] [] [] [] [] [] [] [] [] [] [] [] [] []
213 [] [1 2 3] [1 2 3 4 5 6 8 11 15] [1 2 3 4 5 8] [1 2 3 4 5 7 8 15] [1 2 3 5 7] [1 2 5 6] [1 2 3 5 8] [1 2 3 5] [1 2 3 4 5 8 11] [1 2 3 4 5] [1 2 5] [1 2 3 4 5 7 8 12] [1 2 3 4 5 7 8] [1 2 3 4 5 7] [1 2 3 5 7 8] [1 2 3 5 8 26] [1 2 3 4] [1 2 3 4 5 11 13 19 32] [1 2 3 4 5 6 8 19] [1 2] [1 2 3 4 5 11 19] [1 2 3 4 5 19] [1 2 3 4 5 8 15 26] [1 2 8] [1 2 3 4 5 6 7 8] [1 2 3 4 5 6 8] [1 2 3 5 6 8 15] [1] [1 2 3 4 5 6 7 8 16] [1 2 3 5 6 7 8 15] [1 2 3 4 5 6 7 8 11 19] [1 2 3 4 5 6] [1 2 3 4 5 7 8 11 13 15 19 32 35] [1 5] [1 2 5 7] [1 2 3 5 6 8] [1 2 5 6 7 8] [1 2 3 5 7 8 11 15 19 32] [1 2 32] [1 2 3 4 5 6 7 8 15] [1 2 15] [1 2 3 5 6 7] [1 2 3 5 8 15] [1 2 3 4 5 8 19] [1 2 3 4 5 6 7 8 11] [1 4 36] [] [] [] [] [] [] [] [] [] [] [] [] [] [] [] [] [] [] [] [] [] [] [] [] [] [] [] [] [] [] [] [] [] [] [] [] [] [] [] [] [] [] [] [] [] [] [] [] [] [] [] [] [] [] [] [] [] [] [] [] [] [] [] [] [] [] [] [] [] [] [] [] [] [] [] [] [] [] [] [] [] [] [] []
214 [] [1 2 3 4 5 8] [1 2 3 4 5 7 8 15] [1 2 3 5 7] [1 2 5 6] [1 2 3 5 8] [1 2 3 5] [1 2 3 4 5 8 11] [1 2 3 4 5] [1 2 5] [1 2 3 4 5 7 8 12] [1 2 3 4 5 7 8] [1 2 3 4 5 7] [1 2 3 5 7 8] [1 2 3 5 8 26] [1 2 3 4] [1 2 3 4 5 11 13 19 32] [1 2 3 4 5 6 8 19] [1 2] [1 2 3 4 5 11 19] [1 2 3 4 5 19] [1 2 3 4 5 8 15 26] [1 2 8] [1 2 3] [1 2 3 4 5 6 7 8] [1 2 3 4 5 6 8] [1 2 3 5 6 8 15] [1] [1 2 3 4 5 6 7 8 16] [1 2 3 5 6 7 8 15] [1 2 3 4 5 6 7 8 11 19] [1 2 3 4 5 6] [1 2 3 4 5 7 8 11 13 15 19 32 35] [1 5] [1 2 5 7] [1 2 3 5 6 8] [1 2 5 6 7 8] [1 2 3 5 7 8 11 15 19 32] [1 2 32] [1 2 3 4 5 6 7 8 15] [1 2 15] [1 2 3 5 6 7] [1 2 3 5 8 15] [1 2 3 4 5 8 19] [1 2 3 4 5 6 7 8 11] [1 4 36] [] [] [] [] [] [] [] [] [] [] [] [] [] [] [] [] [] [] [] [] [] [] [] [] [] [] [] [] [] [] [] [] [] [] [] [] [] [] [] [] [] [] [] [] [] [] [] [] [] [] [] [] [] [] [] [] [] [] [] [] [] [] [] [] [] [] [] [] [] [] [] [] [] [] [] [] [] [] [] [] [] [] [] [] []
215 [] [1 2 3 5 7] [1 2 5 6] [1 2 3 4 5 6 7 8 11 12 19] [1 2 3 5 8] [1 2 3 5] [1 2 3 4 5 8 11] [1 2 3 4 5] [1 2 5] [1 2 3 4 5 7 8 12] [1 2 3 4 5 7 8] [1 2 3 4 5 7] [1 2 3 5 7 8] [1 2 3 5 8 26] [1 2 3 4] [1 2 3 4 5 11 13 19 32] [1 2 3 4 5 6 8 19] [1 2] [1 2 3 4 5 11 19] [1 2 3 4 5 19] [1 2 3 4 5 8 15 26] [1 2 8] [1 2 3] [1 2 3 4 5 6 7 8] [1 2 3 4 5 6 8] [1 2 3 5 6 8 15] [1] [1 2 3 4 5 6 7 8 16] [1 2 3 5 6 7 8 15] [1 2 3 4 5 6 7 8 11 19] [1 2 3 4 5 6] [1 2 3 4 5 7 8 11 13 15 19 32 35] [1 5] [1 2 5 7] [1 2 3 4 5 7 8 15] [1 2 3 5 6 8] [1 2 5 6 7 8] [1 2 3 5 7 8 11 15 19 32] [1 2 32] [1 2 3 4 5 6 7 8 15] [1 2 15] [1 2 3 5 6 7] [1 2 3 5 8 15] [1 2 3 4 5 8 19] [1 2 3 4 5 6 7 8 11] [1 4 36] [] [] [] [] [] [] [] [] [] [] [] [] [] [] [] [] [] [] [] [] [] [] [] [] [] [] [] [] [] [] [] [] [] [] [] [] [] [] [] [] [] [] [] [] [] [] [] [] [] [] [] [] [] [] [] [] [] [] [] [] [] [] [] [] [] [] [] [] [] [] [] [] [] [] [] [] [] [] [] [] [] [] [] [] []
216 [] [1 2 3 4 5 6 7 8 11 12 19] [1 2 3 5 8] [1 2 3 5 6 7] [1 2 3 5 7] [1 2 3 5] [1 2 3 4 5 8 11] [1 2 3 4 5] [1 2 5] [1 2 3 4 5 7 8 12] [1 2 3 4 5 7 8] [1 2 3 4 5 7] [1 2 3 5 7 8] [1 2 3 5 8 26] [1 2 3 4] [1 2 3 4 5 11 13 19 32] [1 2 3 4 5 6 8 19] [1 2] [1 2 3 4 5 11 19] [1 2 3 4 5 19] [1 2 3 4 5 8 15 26] [1 2 8] [1 2 3] [1 2 3 4 5 6 7 8] [1 2 3 4 5 6 8] [1 2 3 5 6 8 15] [1] [1 2 3 4 5 6 7 8 16] [1 2 3 5 6 7 8 15] [1 2 3 4 5 6 7 8 11 19] [1 2 3 4 5 6] [1 2 3 4 5 7 8 11 13 15 19 32 35] [1 5] [1 2 5 7] [1 2 3 4 5 7 8 15] [1 2 3 5 6 8] [1 2 5 6 7 8] [1 2 3 5 7 8 11 15 19 32] [1 2 32] [1 2 3 4 5 6 7 8 15] [1 2 15] [1 2 3 5 8 15] [1 2 3 4 5 8 19] [1 2 3 4 5 6 7 8 11] [1 4 36] [] [] [] [] [] [] [] [] [] [] [] [] [] [] [] [] [] [] [] [] [] [] [] [] [] [] [] [] [] [] [] [] [] [] [] [] [] [] [] [] [] [] [] [] [] [] [] [] [] [] [] [] [] [] [] [] [] [] [] [] [] [] [] [] [] [] [] [] [] [] [] [] [] [] [] [] [] [] [] [] [] [] [] [] [] []
217 [] [1 2 3 5 6 7] [1 2 3 5 7] [1 2 3 5] [1 2 3 4 5 8 11] [1 2 3 4 5] [1 2 5] [1 2 3 4 5 7 8 12] [1 2 3 4 5 7 8] [1 2 3 4 5 7] [1 2 3 5 7 8] [1 2 3 5 8 26] [1 2 3 4] [1 2 3 4 5 11 13 19 32] [1 2 3 4 5 6 8 19] [1 2] [1 2 3 4 5 11 19] [1 2 3 4 5 19] [1 2 3 4 5 8 15 26] [1 2 8] [1 2 3] [1 2 3 4 5 6 7 8] [1 2 3 4 5 6 8] [1 2 3 5 6 8 15] [1] [1 2 3 4 5 6 7 8 16] [1 2 3 5 6 7 8 15] [1 2 3 4 5 6 7 8 11 19] [1 2 3 4 5 6] [1 2 3 4 5 7 8 11 13 15 19 32 35] [1 5] [1 2 5 7] [1 2 3 4 5 7 8 15] [1 2 3 5 6 8] [1 2 5 6 7 8] [1 2 3 5 7 8 11 15 19 32] [1 2 32] [1 2 3 4 5 6 7 8 15] [1 2 15] [1 2 3 5 8 15] [1 2 3 4 5 8 19] [1 2 3 4 5 6 7 8 11] [1 4 36] [] [] [] [] [] [] [] [] [] [] [] [] [] [] [] [] [] [] [] [] [] [] [] [] [] [] [] [] [] [] [] [] [] [] [] [] [] [] [] [] [] [] [] [] [] [] [] [] [] [] [] [] [] [] [] [] [] [] [] [] [] [] [] [] [] [] [] [] [] [] [] [] [] [] [] [] [] [] [] [] [] [] [] [] [] [] [] []
218 [] [1 2 3 5] [1 2 3 4 5 8 11] [1 2 3 5 8] [1 2 3 4 5] [1 2 3 5 7] [1 2 5] [1 2 3 4 5 7 8 12] [1 2 3 4 5 7 8] [1 2 3 4 5 7] [1 2 3 5 7 8] [1 2 3 5 8 26] [1 2 3 4] [1 2 3 4 5 11 13 19 32] [1 2 3 4 5 6 8 19] [1 2] [1 2 3 4 5 11 19] [1 2 3 4 5 19] [1 2 3 4 5 8 15 26] [1 2 8] [1 2 3] [1 2 3 4 5 6 7 8] [1 2 3 4 5 6 8] [1 2 3 5 6 8 15] [1] [1 2 3 4 5 6 7 8 16] [1 2 3 5 6 7 8 15] [1 2 3 4 5 6 7 8 11 19] [1 2 3 4 5 6] [1 2 3 4 5 7 8 11 13 15 19 32 35] [1 5] [1 2 5 7] [1 2 3 4 5 7 8 15] [1 2 3 5 6 8] [1 2 5 6 7 8] [1 2 3 5 7 8 11 15 19 32] [1 2 32] [1 2 3 4 5 6 7 8 15] [1 2 15] [1 2 3 5 6 7] [1 2 3 5 8 15] [1 2 3 4 5 8 19] [1 2 3 4 5 6 7 8 11] [1 4 36] [] [] [] [] [] [] [] [] [] [] [] [] [] [] [] [] [] [] [] [] [] [] [] [] [] [] [] [] [] [] [] [] [] [] [] [] [] [] [] [] [] [] [] [] [] [] [] [] [] [] [] [] [] [] [] [] [] [] [] [] [] [] [] [] [] [] [] [] [] [] [] [] [] [] [] [] [] [] [] [] [] [] [] [] [] [] []
219 [] [1 2 3 5 8] [1 2 3 4 5] [1 2 3 5 7] [1 2 5] [1 2 3 4 5 7 8 12] [1 2 3 4 5 7 8] [1 2 3 4 5 7] [1 2 3 5 7 8] [1 2 3 5 8 26] [1 2 3 4] [1 2 3 4 5 11 13 19 32] [1 2 3 4 5 6 8 19] [1 2 3 5] [1 2] [1 2 3 4 5 11 19] [1 2 3 4 5 19] [1 2 3 4 5 8 15 26] [1 2 8] [1 2 3] [1 2 3 4 5 6 7 8] [1 2 3 4 5 6 8] [1 2 3 5 6 8 15] [1] [1 2 3 4 5 6 7 8 16] [1 2 3 5 6 7 8 15] [1 2 3 4 5 6 7 8 11 19] [1 2 3 4 5 6] [1 2 3 4 5 7 8 11 13 15 19 32 35] [1 5] [1 2 5 7] [1 2 3 4 5 7 8 15] [1 2 3 5 6 8] [1 2 5 6 7 8] [1 2 3 5 7 8 11 15 19 32] [1 2 32] [1 2 3 4 5 6 7 8 15] [1 2 15] [1 2 3 5 6 7] [1 2 3 5 8 15] [1 2 3 4 5 8 19] [1 2 3 4 5 6 7 8 11] [1 4 36] [] [] [] [] [] [] [] [] [] [] [] [] [] [] [] [] [] [] [] [] [] [] [] [] [] [] [] [] [] [] [] [] [] [] [] [] [] [] [] [] [] [] [] [] [] [] [] [] [] [] [] [] [] [] [] [] [] [] [] [] [] [] [] [] [] [] [] [] [] [] [] [] [] [] [] [] [] [] [] [] [] [] [] [] [] [] [] []
220 [] [1 2 3 5 7] [1 2 5] [1 2 3 5 6 8] [1 2 3 4 5 7 8 12] [1 2 3 4 5 7 8] [1 2 3 4 5 7] [1 2 3 5 7 8] [1 2 3 5 8 26] [1 2 3 4] [1 2 3 4 5 11 13 19 32] [1 2 3 4 5 6 8 19] [1 2 3 5] [1 2] [1 2 3 4 5 11 19] [1 2 3 4 5 19] [1 2 3 4 5 8 15 26] [1 2 8] [1 2 3] [1 2 3 4 5 6 7 8] [1 2 3 4 5 6 8] [1 2 3 5 6 8 15] [1] [1 2 3 4 5 6 7 8 16] [1 2 3 5 6 7 8 15] [1 2 3 4 5 6 7 8 11 19] [1 2 3 4 5] [1 2 3 4 5 6] [1 2 3 4 5 7 8 11 13 15 19 32 35] [1 5] [1 2 5 7] [1 2 3 4 5 7 8 15] [1 2 5 6 7 8] [1 2 3 5 7 8 11 15 19 32] [1 2 32] [1 2 3 4 5 6 7 8 15] [1 2 15] [1 2 3 5 6 7] [1 2 3 5 8 15] [1 2 3 4 5 8 19] [1 2 3 4 5 6 7 8 11] [1 4 36] [] [] [] [] [] [] [] [] [] [] [] [] [] [] [] [] [] [] [] [] [] [] [] [] [] [] [] [] [] [] [] [] [] [] [] [] [] [] [] [] [] [] [] [] [] [] [] [] [] [] [] [] [] [] [] [] [] [] [] [] [] [] [] [] [] [] [] [] [] [] [] [] [] [] [] [] [] [] [] [] [] [] [] [] [] [] [] [] []
221 [] [1 2 3 5 6 8] [1 2 3 5 8 11 19] [1 2 5] [1 2 3 4 5 7 8 12] [1 2 3 4 5 7 8] [1 2 3 4 5 7] [1 2 3 5 7 8] [1 2 3 5 8 26] [1 2 3 4] [1 2 3 4 5 11 13 19 32] [1 2 3 4 5 6 8 19] [1 2 3 5] [1 2] [1 2 3 4 5 11 19] [1 2 3 4 5 19] [1 2 3 4 5 8 15 26] [1 2 8] [1 2 3] [1 2 3 4 5 6 7 8] [1 2 3 4 5 6 8] [1 2 3 5 6 8 15] [1] [1 2 3 4 5 6 7 8 16] [1 2 3 5 6 7 8 15] [1 2 3 4 5 6 7 8 11 19] [1 2 3 4 5] [1 2 3 4 5 6] [1 2 3 4 5 7 8 11 13 15 19 32 35] [1 5] [1 2 5 7] [1 2 3 4 5 7 8 15] [1 2 3 5 7] [1 2 5 6 7 8] [1 2 3 5 7 8 11 15 19 32] [1 2 32] [1 2 3 4 5 6 7 8 15] [1 2 15] [1 2 3 5 6 7] [1 2 3 5 8 15] [1 2 3 4 5 8 19] [1 2 3 4 5 6 7 8 11] [1 4 36] [] [] [] [] [] [] [] [] [] [] [] [] [] [] [] [] [] [] [] [] [] [] [] [] [] [] [] [] [] [] [] [] [] [] [] [] [] [] [] [] [] [] [] [] [] [] [] [] [] [] [] [] [] [] [] [] [] [] [] [] [] [] [] [] [] [] [] [] [] [] [] [] [] [] [] [] [] [] [] [] [] [] [] [] [] [] [] []
222 [] [1 2 5] [1 2 3 4 5] [1 2 3 4 5 7 8 12] [1 2 3 4 5 7 8] [1 2 3 4 5 7] [1 2 3 5 7 8] [1 2 3 5 8 26] [1 2 3 4] [1 2 3 4 5 11 13 19 32] [1 2 3 4 5 6 8 19] [1 2 3 5] [1 2] [1 2 3 4 5 11 19] [1 2 3 4 5 19] [1 2 3 4 5 8 15 26] [1 2 8] [1 2 3] [1 2 3 4 5 6 7 8] [1 2 3 4 5 6 8] [1 2 3 5 6 8 15] [1] [1 2 3 4 5 6 7 8 16] [1 2 3 5 6 7 8 15] [1 2 3 4 5 6 7 8 11 19] [1 2 3 4 5 6] [1 2 3 4 5 7 8 11 13 15 19 32 35] [1 5] [1 2 5 7] [1 2 3 4 5 7 8 15] [1 2 3 5 6 8] [1 2 3 5 7] [1 2 5 6 7 8] [1 2 3 5 7 8 11 15 19 32] [1 2 32] [1 2 3 4 5 6 7 8 15] [1 2 15] [1 2 3 5 6 7] [1 2 3 5 8 15] [1 2 3 4 5 8 19] [1 2 3 4 5 6 7 8 11] [1 4 36] [] [] [] [] [] [] [] [] [] [] [] [] [] [] [] [] [] [] [] [] [] [] [] [] [] [] [] [] [] [] [] [] [] [] [] [] [] [] [] [] [] [] [] [] [] [] [] [] [] [] [] [] [] [] [] [] [] [] [] [] [] [] [] [] [] [] [] [] [] [] [] [] [] [] [] [] [] [] [] [] [] [] [] [] [] [] [] [] []
223 [] [1 2 3 4 5 7 8 12] [1 2 3 4 5 7 8] [1 2 3 4 5 7] [1 2 3 5 7 8] [1 2 3 5 8 26] [1 2 3 4] [1 2 3 4 5 11 13 19 32] [1 2 3 4 5 6 8 19] [1 2 3 5] [1 2] [1 2 3 4 5 11 19] [1 2 3 4 5 19] [1 2 3 4 5 8 15 26] [1 2 8] [1 2 3] [1 2 3 4 5 6 7 8] [1 2 3 4 5 6 8] [1 2 3 5 6 8 15] [1] [1 2 3 4 5 6 7 8 16] [1 2 3 5 6 7 8 15] [1 2 3 4 5 6 7 8 11 19] [1 2 3 4 5] [1 2 3 4 5 6] [1 2 3 4 5 7 8 11 13 15 19 32 35] [1 5] [1 2 5 7] [1 2 3 4 5 7 8 15] [1 2 3 5 6 8] [1 2 3 5 7] [1 2 5 6 7 8] [1 2 3 5 7 8 11 15 19 32] [1 2 32] [1 2 3 4 5 6 7 8 15] [1 2 15] [1 2 3 5 6 7] [1 2 3 5 8 15] [1 2 3 4 5 8 19] [1 2 3 4 5 6 7 8 11] [1 4 36] [] [] [] [] [] [] [] [] [] [] [] [] [] [] [] [] [] [] [] [] [] [] [] [] [] [] [] [] [] [] [] [] [] [] [] [] [] [] [] [] [] [] [] [] [] [] [] [] [] [] [] [] [] [] [] [] [] [] [] [] [] [] [] [] [] [] [] [] [] [] [] [] [] [] [] [] [] [] [] [] [] [] [] [] [] [] [] [] [] []
224 [] [1 2 3 4 5 7 8] [1 2 3 4 5 7] [1 2 3 5 7 8] [1 2 3 5 8 26] [1 2 3 4] [1 2 3 4 5 11 13 19 32] [1 2 3 4 5 6 8 19] [1 2 3 5] [1 2] [1 2 3 4 5 11 19] [1 2 3 4 5 19] [1 2 3 4 5 8 15 26] [1 2 8] [1 2 3] [1 2 3 4 5 6 7 8] [1 2 3 4 5 6 8] [1 2 3 5 6 8 15] [1] [1 2 3 4 5 6 7 8 16] [1 2 3 5 6 7 8 15] [1 2 3 4 5 6 7 8 11 19] [1 2 3 4 5] [1 2 3 4 5 6] [1 2 3 4 5 7 8 11 13 15 19 32 35] [1 5] [1 2 5 7] [1 2 3 4 5 7 8 15] [1 2 3 5 6 8] [1 2 3 5 7] [1 2 5 6 7 8] [1 2 3 5 7 8 11 15 19 32] [1 2 32] [1 2 3 4 5 6 7 8 15] [1 2 15] [1 2 3 5 6 7] [1 2 3 5 8 15] [1 2 3 4 5 8 19] [1 2 3 4 5 6 7 8 11] [1 4 36] [] [] [] [] [] [] [] [] [] [] [] [] [] [] [] [] [] [] [] [] [] [] [] [] [] [] [] [] [] [] [] [] [] [] [] [] [] [] [] [] [] [] [] [] [] [] [] [] [] [] [] [] [] [] [] [] [] [] [] [] [] [] [] [] [] [] [] [] [] [] [] [] [] [] [] [] [] [] [] [] [] [] [] [] [] [] [] [] [] [] []
225 [] [1 2 3 4 5 7 8] [1 2 3 4 5 7] [1 2 3 5 7 8] [1 2 3 5 8 26] [1 2 3 4] [1 2 3 4 5 11 13 19 32] [1 2 3 4 5 6 8 19] [1 2 3 5] [1 2] [1 2 3 4 5 11 19] [1 2 3 4 5 19] [1 2 3 4 5 8 15 26] [1 2 8] [1 2 3] [1 2 3 4 5 6 7 8] [1 2 3 4 5 6 8] [1 2 3 5 6 8 15] [1] [1 2 3 4 5 6 7 8 16] [1 2 3 5 6 7 8 15] [1 2 3 4 5 6 7 8 11 19] [1 2 3 4 5] [1 2 3 4 5 6] [1 2 3 4 5 7 8 11 13 15 19 32 35] [1 5] [1 2 5 7] [1 2 3 4 5 7 8 15] [1 2 3 5 6 8] [1 2 3 5 7] [1 2 5 6 7 8] [1 2 3 5 7 8 11 15 19 32] [1 2 32] [1 2 3 4 5 6 7 8 15] [1 2 15] [1 2 3 5 6 7] [1 2 3 5 8 15] [1 2 3 4 5 8 19] [1 2 3 4 5 6 7 8 11] [1 4 36] [] [] [] [] [] [] [] [] [] [] [] [] [] [] [] [] [] [] [] [] [] [] [] [] [] [] [] [] [] [] [] [] [] [] [] [] [] [] [] [] [] [] [] [] [] [] [] [] [] [] [] [] [] [] [] [] [] [] [] [] [] [] [] [] [] [] [] [] [] [] [] [] [] [] [] [] [] [] [] [] [] [] [] [] [] [] [] [] [] [] []
226 [] [1 2 3 4 5 7] [1 2 3 5 7 8] [1 2 3 5 8 26] [1 2 3 4] [1 2 3 4 5 11 13 19 32] [1 2 3 4 5 6 8 19] [1 2 3 5] [1 2] [1 2 3 4 5 11 19] [1 2 3 4 5 19] [1 2 3 4 5 8 15 26] [1 2 8] [1 2 3] [1 2 3 4 5 6 7 8] [1 2 3 4 5 6 8] [1 2 3 5 6 8 15] [1] [1 2 3 4 5 6 7 8 16] [1 2 3 5 6 7 8 15] [1 2 3 4 5 6 7 8 11 19] [1 2 3 4 5] [1 2 3 4 5 6] [1 2 3 4 5 7 8 11 13 15 19 32 35] [1 5] [1 2 5 7] [1 2 3 4 5 7 8 15] [1 2 3 5 6 8] [1 2 3 5 7] [1 2 5 6 7 8] [1 2 3 5 7 8 11 15 19 32] [1 2 32] [1 2 3 4 5 6 7 8 15] [1 2 15] [1 2 3 5 6 7] [1 2 3 5 8 15] [1 2 3 4 5 8 19] [1 2 3 4 5 6 7 8 11] [1 4 36] [] [] [] [] [] [] [] [] [] [] [] [] [] [] [] [] [] [] [] [] [] [] [] [] [] [] [] [] [] [] [] [] [] [] [] [] [] [] [] [] [] [] [] [] [] [] [] [] [] [] [] [] [] [] [] [] [] [] [] [] [] [] [] [] [] [] [] [] [] [] [] [] [] [] [] [] [] [] [] [] [] [] [] [] [] [] [] [] [] [] [] []
227 [] [1 2 3 5 8 26] [1 2 3 4] [1 2 3 4 5 11 13 19 32] [1 2 3 4 5 6 8 19] [1 2 3 5] [1 2] [1 2 3 4 5 11 19] [1 2 3 4 5 19] [1 2 3 4 5 8 15 26] [1 2 8] [1 2 3] [1 2 3 4 5 6 7 8] [1 2 3 4 5 6 8] [1 2 3 5 6 8 15] [1] [1 2 3 4 5 6 7 8 16] [1 2 3 5 6 7 8 15] [1 2 3 5 7 8] [1 2 3 4 5 6 7 8 11 19] [1 2 3 4 5] [1 2 3 4 5 6] [1 2 3 4 5 7 8 11 13 15 19 32 35] [1 5] [1 2 5 7] [1 2 3 4 5 7 8 15] [1 2 3 5 6 8] [1 2 3 5 7] [1 2 5 6 7 8] [1 2 3 5 7 8 11 15 19 32] [1 2 32] [1 2 3 4 5 6 7 8 15] [1 2 15] [1 2 3 5 6 7] [1 2 3 5 8 15] [1 2 3 4 5 8 19] [1 2 3 4 5 6 7 8 11] [1 4 36] [] [] [] [] [] [] [] [] [] [] [] [] [] [] [] [] [] [] [] [] [] [] [] [] [] [] [] [] [] [] [] [] [] [] [] [] [] [] [] [] [] [] [] [] [] [] [] [] [] [] [] [] [] [] [] [] [] [] [] [] [] [] [] [] [] [] [] [] [] [] [] [] [] [] [] [] [] [] [] [] [] [] [] [] [] [] [] [] [] [] [] [] []
228 [] [1 2 3 4] [1 2 3 4 5 11 13 19 32] [1 2 3 4 5 6 8 19] [1 2 3 5] [1 2] [1 2 3 4 5 11 19] [1 2 3 4 5 19] [1 2 3 4 5 8 15 26] [1 2 8] [1 2 3] [1 2 3 4 5 6 7 8] [1 2 3 4 5 6 8] [1 2 3 5 6 8 15] [1] [1 2 3 4 5 6 7 8 16] [1 2 3 5 6 7 8 15] [1 2 3 5 7 8] [1 2 3 4 5 6 7 8 11 19] [1 2 3 4 5] [1 2 3 4 5 6] [1 2 3 4 5 7 8 11 13 15 19 32 35] [1 5] [1 2 5 7] [1 2 3 4 5 7 8 15] [1 2 3 5 6 8] [1 2 3 5 7] [1 2 5 6 7 8] [1 2 3 5 7 8 11 15 19 32] [1 2 32] [1 2 3 4 5 6 7 8 15] [1 2 15] [1 2 3 5 6 7] [1 2 3 5 8 15] [1 2 3 4 5 8 19] [1 2 3 4 5 6 7 8 11] [1 4 36] [] [] [] [] [] [] [] [] [] [] [] [] [] [] [] [] [] [] [] [] [] [] [] [] [] [] [] [] [] [] [] [] [] [] [] [] [] [] [] [] [] [] [] [] [] [] [] [] [] [] [] [] [] [] [] [] [] [] [] [] [] [] [] [] [] [] [] [] [] [] [] [] [] [] [] [] [] [] [] [] [] [] [] [] [] [] [] [] [] [] [] [] [] []
229 [] [1 2 3 4] [1 2 3 4 5 11 13 19 32] [1 2 3 4 5 6 8 19] [1 2 3 5] [1 2] [1 2 3 4 5 11 19] [1 2 3 4 5 19] [1 2 3 4 5 8 15 26] [1 2 8] [1 2 3] [1 2 3 4 5 6 7 8] [1 2 3 4 5 6 8] [1 2 3 5 6 8 15] [1] [1 2 3 4 5 6 7 8 16] [1 2 3 5 6 7 8 15] [1 2 3 5 7 8] [1 2 3 4 5 6 7 8 11 19] [1 2 3 4 5] [1 2 3 4 5 6] [1 2 3 4 5 7 8 11 13 15 19 32 35] [1 5] [1 2 5 7] [1 2 3 4 5 7 8 15] [1 2 3 5 6 8] [1 2 3 5 7] [1 2 5 6 7 8] [1 2 3 5 7 8 11 15 19 32] [1 2 32] [1 2 3 4 5 6 7 8 15] [1 2 15] [1 2 3 5 6 7] [1 2 3 5 8 15] [1 2 3 4 5 8 19] [1 2 3 4 5 6 7 8 11] [1 4 36] [] [] [] [] [] [] [] [] [] [] [] [] [] [] [] [] [] [] [] [] [] [] [] [] [] [] [] [] [] [] [] [] [] [] [] [] [] [] [] [] [] [] [] [] [] [] [] [] [] [] [] [] [] [] [] [] [] [] [] [] [] [] [] [] [] [] [] [] [] [] [] [] [] [] [] [] [] [] [] [] [] [] [] [] [] [] [] [] [] [] [] [] [] []
230 [] [1 2 3 4 5 11 13 19 32] [1 2 3 4 5 6 8 19] [1 2 3 5] [1 2] [1 2 3 4 5 11 19] [1 2 3 4 5 19] [1 2 3 4 5 8 15 26] [1 2 8] [1 2 3] [1 2 3 4 5 6 7 8] [1 2 3 4 5 6 8] [1 2 3 5 6 8 15] [1] [1 2 3 4 5 6 7 8 16] [1 2 3 5 6 7 8 15] [1 2 3 5 7 8] [1 2 3 4 5 6 7 8 11 19] [1 2 3 4 5] [1 2 3 4 5 6] [1 2 3 4 5 7 8 11 13 15 19 32 35] [1 5] [1 2 5 7] [1 2 3 4 5 7 8 15] [1 2 3 5 6 8] [1 2 3 5 7] [1 2 5 6 7 8] [1 2 3 5 7 8 11 15 19 32] [1 2 32] [1 2 3 4 5 6 7 8 15] [1 2 15] [1 2 3 5 6 7] [1 2 3 5 8 15] [1 2 3 4 5 8 19] [1 2 3 4 5 6 7 8 11] [1 4 36] [] [] [] [] [] [] [] [] [] [] [] [] [] [] [] [] [] [] [] [] [] [] [] [] [] [] [] [] [] [] [] [] [] [] [] [] [] [] [] [] [] [] [] [] [] [] [] [] [] [] [] [] [] [] [] [] [] [] [] [] [] [] [] [] [] [] [] [] [] [] [] [] [] [] [] [] [] [] [] [] [] [] [] [] [] [] [] [] [] [] [] [] [] [] []
231 [] [1 2 3 4 5 6 8 19] [1 2 3 5] [1 2] [1 2 3 4 5 11 19] [1 2 3 4 5 19] [1 2 3 4 5 8 15 26] [1 2 8] [1 2 3] [1 2 3 4 5 6 7 8] [1 2 3 4 5 6 8] [1 2 3 5 6 8 15] [1] [1 2 3 4 5 6 7 8 16] [1 2 3 5 6 7 8 15] [1 2 3 5 7 8] [1 2 3 4 5 6 7 8 11 19] [1 2 3 4 5] [1 2 3 4 5 6] [1 2 3 4 5 7 8 11 13 15 19 32 35] [1 5] [1 2 5 7] [1 2 3 4 5 7 8 15] [1 2 3 5 6 8] [1 2 3 5 7] [1 2 5 6 7 8] [1 2 3 5 7 8 11 15 19 32] [1 2 32] [1 2 3 4 5 6 7 8 15] [1 2 15] [1 2 3 5 6 7] [1 2 3 5 8 15] [1 2 3 4 5 8 19] [1 2 3 4 5 6 7 8 11] [1 4 36] [] [] [] [] [] [] [] [] [] [] [] [] [] [] [] [] [] [] [] [] [] [] [] [] [] [] [] [] [] [] [] [] [] [] [] [] [] [] [] [] [] [] [] [] [] [] [] [] [] [] [] [] [] [] [] [] [] [] [] [] [] [] [] [] [] [] [] [] [] [] [] [] [] [] [] [] [] [] [] [] [] [] [] [] [] [] [] [] [] [] [] [] [] [] [] []
232 [] [1 2] [1 2 3 4 5 11 19] [1 2 3 4 5 19] [1 2 3 5] [1 2 3 4 5 8 15 26] [1 2 8] [1 2 3] [1 2 3 4 5 6 7 8] [1 2 3 4 5 6 8] [1 2 3 5 6 8 15] [1] [1 2 3 4 5 6 7 8 16] [1 2 3 5 6 7 8 15] [1 2 3 5 7 8] [1 2 3 4 5 6 7 8 11 19] [1 2 3 4 5 6 8 19] [1 2 3 4 5] [1 2 3 4 5 6] [1 2 3 4 5 7 8 11 13 15 19 32 35] [1 5] [1 2 5 7] [1 2 3 4 5 7 8 15] [1 2 3 5 6 8] [1 2 3 5 7] [1 2 5 6 7 8] [1 2 3 5 7 8 11 15 19 32] [1 2 32] [1 2 3 4 5 6 7 8 15] [1 2 15] [1 2 3 5 6 7] [1 2 3 5 8 15] [1 2 3 4 5 8 19] [1 2 3 4 5 6 7 8 11] [1 4 36] [] [] [] [] [] [] [] [] [] [] [] [] [] [] [] [] [] [] [] [] [] [] [] [] [] [] [] [] [] [] [] [] [] [] [] [] [] [] [] [] [] [] [] [] [] [] [] [] [] [] [] [] [] [] [] [] [] [] [] [] [] [] [] [] [] [] [] [] [] [] [] [] [] [] [] [] [] [] [] [] [] [] [] [] [] [] [] [] [] [] [] [] [] [] [] []
233 [] [1 2 3 4 5 11 19] [1 2 3 5] [1 2 3 4 5 8 15 26] [1 2 3] [1 2 3 4 5 6 7 8] [1 2 3 4 5 6 8] [1 2] [1 2 3 5 6 8 15] [1] [1 2 3 4 5 6 7 8 16] [1 2 3 5 6 7 8 15] [1 2 3 5 7 8] [1 2 3 4 5 6 7 8 11 19] [1 2 3 4 5 6 8 19] [1 2 3 4 5] [1 2 3 4 5 6] [1 2 3 4 5 7 8 11 13 15 19 32 35] [1 5] [1 2 5 7] [1 2 3 4 5 7 8 15] [1 2 3 5 6 8] [1 2 3 5 7] [1 2 5 6 7 8] [1 2 3 5 7 8 11 15 19 32] [1 2 32] [1 2 3 4 5 6 7 8 15] [1 2 15] [1 2 3 5 6 7] [1 2 3 5 8 15] [1 2 8] [1 2 3 4 5 8 19] [1 2 3 4 5 6 7 8 11] [1 4 36] [] [] [] [] [] [] [] [] [] [] [] [] [] [] [] [] [] [] [] [] [] [] [] [] [] [] [] [] [] [] [] [] [] [] [] [] [] [] [] [] [] [] [] [] [] [] [] [] [] [] [] [] [] [] [] [] [] [] [] [] [] [] [] [] [] [] [] [] [] [] [] [] [] [] [] [] [] [] [] [] [] [] [] [] [] [] [] [] [] [] [] [] [] [] [] [] []
234 [] [1 2 3 4 5 11 19] [1 2 3 5] [1 2 3 4 5 8 15 26] [1 2 3] [1 2 3 4 5 6 7 8] [1 2 3 4 5 6 8] [1 2] [1 2 3 5 6 8 15] [1] [1 2 3 4 5 6 7 8 16] [1 2 3 5 6 7 8 15] [1 2 3 5 7 8] [1 2 3 4 5 6 7 8 11 19] [1 2 3 4 5 6 8 19] [1 2 3 4 5] [1 2 3 4 5 6] [1 2 3 4 5 7 8 11 13 15 19 32 35] [1 5] [1 2 5 7] [1 2 3 4 5 7 8 15] [1 2 3 5 6 8] [1 2 3 5 7] [1 2 5 6 7 8] [1 2 3 5 7 8 11 15 19 32] [1 2 32] [1 2 3 4 5 6 7 8 15] [1 2 15] [1 2 3 5 6 7] [1 2 3 5 8 15] [1 2 8] [1 2 3 4 5 8 19] [1 2 3 4 5 6 7 8 11] [1 4 36] [] [] [] [] [] [] [] [] [] [] [] [] [] [] [] [] [] [] [] [] [] [] [] [] [] [] [] [] [] [] [] [] [] [] [] [] [] [] [] [] [] [] [] [] [] [] [] [] [] [] [] [] [] [] [] [] [] [] [] [] [] [] [] [] [] [] [] [] [] [] [] [] [] [] [] [] [] [] [] [] [] [] [] [] [] [] [] [] [] [] [] [] [] [] [] [] []
235 [] [1 2 3 5] [1 2 3 4 5 7] [1 2 3 4 5 8 15 26] [1 2 3] [1 2 3 4 5 6 7 8] [1 2 3 4 5 6 8] [1 2] [1 2 3 5 6 8 15] [1] [1 2 3 4 5 6 7 8 16] [1 2 3 5 6 7 8 15] [1 2 3 5 7 8] [1 2 3 4 5 6 7 8 11 19] [1 2 3 4 5 6 8 19] [1 2 3 4 5] [1 2 3 4 5 6] [1 2 3 4 5 7 8 11 13 15 19 32 35] [1 5] [1 2 5 7] [1 2 3 4 5 7 8 15] [1 2 3 5 6 8] [1 2 3 5 7] [1 2 5 6 7 8] [1 2 3 5 7 8 11 15 19 32] [1 2 32] [1 2 3 4 5 6 7 8 15] [1 2 15] [1 2 3 5 6 7] [1 2 3 5 8 15] [1 2 8] [1 2 3 4 5 8 19] [1 2 3 4 5 6 7 8 11] [1 4 36] [] [] [] [] [] [] [] [] [] [] [] [] [] [] [] [] [] [] [] [] [] [] [] [] [] [] [] [] [] [] [] [] [] [] [] [] [] [] [] [] [] [] [] [] [] [] [] [] [] [] [] [] [] [] [] [] [] [] [] [] [] [] [] [] [] [] [] [] [] [] [] [] [] [] [] [] [] [] [] [] [] [] [] [] [] [] [] [] [] [] [] [] [] [] [] [] []
236 [] [1 2 3 4 5 8 15 26] [1 2 3] [1 2 3 4 5 6 7 8] [1 2 3 4 5 6 8] [1 2] [1 2 3 5 6 8 15] [1] [1 2 3 5] [1 2 3 4 5 6 7 8 16] [1 2 3 5 6 7 8 15] [1 2 3 5 7 8] [1 2 3 4 5 6 7 8 11 19] [1 2 3 4 5 6 8 19] [1 2 3 4 5] [1 2 3 4 5 6] [1 2 3 4 5 7 8 11 13 15 19 32 35] [1 5] [1 2 5 7] [1 2 3 4 5 7 8 15] [1 2 3 5 6 8] [1 2 3 5 7] [1 2 5 6 7 8] [1 2 3 5 7 8 11 15 19 32] [1 2 32] [1 2 3 4 5 6 7 8 15] [1 2 15] [1 2 3 5 6 7] [1 2 3 5 8 15] [1 2 8] [1 2 3 4 5 8 19] [1 2 3 4 5 6 7 8 11] [1 4 36] [] [] [] [] [] [] [] [] [] [] [] [] [] [] [] [] [] [] [] [] [] [] [] [] [] [] [] [] [] [] [] [] [] [] [] [] [] [] [] [] [] [] [] [] [] [] [] [] [] [] [] [] [] [] [] [] [] [] [] [] [] [] [] [] [] [] [] [] [] [] [] [] [] [] [] [] [] [] [] [] [] [] [] [] [] [] [] [] [] [] [] [] [] [] [] [] [] []
237 [] [1 2 3] [1 2 3 4 5 7] [1 2 3 4 5 6 7 8] [1 2 3 4 5 6 8] [1 2] [1 2 3 5 6 8 15] [1] [1 2 3 5] [1 2 3 4 5 6 7 8 16] [1 2 3 5 6 7 8 15] [1 2 3 5 7 8] [1 2 3 4 5 6 7 8 11 19] [1 2 3 4 5 6 8 19] [1 2 3 4 5] [1 2 3 4 5 6] [1 2 3 4 5 7 8 11 13 15 19 32 35] [1 5] [1 2 5 7] [1 2 3 4 5 7 8 15] [1 2 3 5 6 8] [1 2 3 5 7] [1 2 5 6 7 8] [1 2 3 5 7 8 11 15 19 32] [1 2 32] [1 2 3 4 5 6 7 8 15] [1 2 15] [1 2 3 5 6 7] [1 2 3 5 8 15] [1 2 8] [1 2 3 4 5 8 19] [1 2 3 4 5 6 7 8 11] [1 4 36] [] [] [] [] [] [] [] [] [] [] [] [] [] [] [] [] [] [] [] [] [] [] [] [] [] [] [] [] [] [] [] [] [] [] [] [] [] [] [] [] [] [] [] [] [] [] [] [] [] [] [] [] [] [] [] [] [] [] [] [] [] [] [] [] [] [] [] [] [] [] [] [] [] [] [] [] [] [] [] [] [] [] [] [] [] [] [] [] [] [] [] [] [] [] [] [] [] []
238 [] [1 2 3 4 5 7] [1 2 3 4 5 6 7 8] [1 2 3] [1 2 3 4 5 6 8] [1 2] [1 2 3 5 6 8 15] [1] [1 2 3 5] [1 2 3 4 5 6 7 8 16] [1 2 3 5 6 7 8 15] [1 2 3 5 7 8] [1 2 3 4 5 6 7 8 11 19] [1 2 3 4 5 6 8 19] [1 2 3 4 5] [1 2 3 4 5 6] [1 2 3 4 5 7 8 11 13 15 19 32 35] [1 5] [1 2 5 7] [1 2 3 4 5 7 8 15] [1 2 3 5 6 8] [1 2 3 5 7] [1 2 5 6 7 8] [1 2 3 5 7 8 11 15 19 32] [1 2 32] [1 2 3 4 5 6 7 8 15] [1 2 15] [1 2 3 5 6 7] [1 2 3 5 8 15] [1 2 8] [1 2 3 4 5 8 19] [1 2 3 4 5 6 7 8 11] [1 4 36] [] [] [] [] [] [] [] [] [] [] [] [] [] [] [] [] [] [] [] [] [] [] [] [] [] [] [] [] [] [] [] [] [] [] [] [] [] [] [] [] [] [] [] [] [] [] [] [] [] [] [] [] [] [] [] [] [] [] [] [] [] [] [] [] [] [] [] [] [] [] [] [] [] [] [] [] [] [] [] [] [] [] [] [] [] [] [] [] [] [] [] [] [] [] [] [] [] []
239 [] [1 2 3 4 5 6 7 8] [1 2 3] [1 2 3 4 5 6 8] [1 2] [1 2 3 5 6 8 15] [1] [1 2 3 5] [1 2 3 4 5 6 7 8 16] [1 2 3 5 6 7 8 15] [1 2 3 5 7 8] [1 2 3 4 5 6 7 8 11 19] [1 2 3 4 5 6 8 19] [1 2 3 4 5] [1 2 3 4 5 6] [1 2 3 4 5 7 8 11 13 15 19 32 35] [1 5] [1 2 5 7] [1 2 3 4 5 7 8 15] [1 2 3 5 6 8] [1 2 3 5 7] [1 2 5 6 7 8] [1 2 3 5 7 8 11 15 19 32] [1 2 32] [1 2 3 4 5 6 7 8 15] [1 2 15] [1 2 3 5 6 7] [1 2 3 5 8 15] [1 2 8] [1 2 3 4 5 8 19] [1 2 3 4 5 6 7 8 11] [1 4 36] [] [] [] [] [] [] [] [] [] [] [] [] [] [] [] [] [] [] [] [] [] [] [] [] [] [] [] [] [] [] [] [] [] [] [] [] [] [] [] [] [] [] [] [] [] [] [] [] [] [] [] [] [] [] [] [] [] [] [] [] [] [] [] [] [] [] [] [] [] [] [] [] [] [] [] [] [] [] [] [] [] [] [] [] [] [] [] [] [] [] [] [] [] [] [] [] [] [] []
240 [] [1 2 3] [1 2 3 4 5 6 8] [1 2] [1 2 3 5 6 8 15] [1] [1 2 3 5] [1 2 3 4 5 6 7 8 16] [1 2 3 5 6 7 8 15] [1 2 3 5 7 8] [1 2 3 4 5 6 7 8 11 19] [1 2 3 4 5 6 8 19] [1 2 3 4 5] [1 2 3 4 5 6] [1 2 3 4 5 7 8 11 13 15 19 32 35] [1 2 3 4 5 6 7 8] [1 5] [1 2 5 7] [1 2 3 4 5 7 8 15] [1 2 3 5 6 8] [1 2 3 5 7] [1 2 5 6 7 8] [1 2 3 5 7 8 11 15 19 32] [1 2 32] [1 2 3 4 5 6 7 8 15] [1 2 15] [1 2 3 5 6 7] [1 2 3 5 8 15] [1 2 8] [1 2 3 4 5 8 19] [1 2 3 4 5 6 7 8 11] [1 4 36] [] [] [] [] [] [] [] [] [] [] [] [] [] [] [] [] [] [] [] [] [] [] [] [] [] [] [] [] [] [] [] [] [] [] [] [] [] [] [] [] [] [] [] [] [] [] [] [] [] [] [] [] [] [] [] [] [] [] [] [] [] [] [] [] [] [] [] [] [] [] [] [] [] [] [] [] [] [] [] [] [] [] [] [] [] [] [] [] [] [] [] [] [] [] [] [] [] [] []
241 [] [1 2 3 4 5 6 8] [1 2] [1 2 3 5 6 8 15] [1] [1 2 3 5] [1 2 3 4 5 6 7 8 16] [1 2 3 5 6 7 8 15] [1 2 3 5 7 8] [1 2 3 4 5 6 7 8 11 19] [1 2 3 4 5 6 8 19] [1 2 3 4 5] [1 2 3 4 5 6] [1 2 3 4 5 7 8 11 13 15 19 32 35] [1 2 3 4 5 6 7 8] [1 5] [1 2 5 7] [1 2 3 4 5 7 8 15] [1 2 3 5 6 8] [1 2 3 5 7] [1 2 5 6 7 8] [1 2 3 5 7 8 11 15 19 32] [1 2 32] [1 2 3 4 5 6 7 8 15] [1 2 15] [1 2 3 5 6 7] [1 2 3 5 8 15] [1 2 8] [1 2 3 4 5 8 19] [1 2 3 4 5 6 7 8 11] [1 4 36] [] [] [] [] [] [] [] [] [] [] [] [] [] [] [] [] [] [] [] [] [] [] [] [] [] [] [] [] [] [] [] [] [] [] [] [] [] [] [] [] [] [] [] [] [] [] [] [] [] [] [] [] [] [] [] [] [] [] [] [] [] [] [] [] [] [] [] [] [] [] [] [] [] [] [] [] [] [] [] [] [] [] [] [] [] [] [] [] [] [] [] [] [] [] [] [] [] [] [] []
242 [] [1 2] [1 2 3 5 6 8 15] [1] [1 2 3 5] [1 2 3 4 5 6 7 8 16] [1 2 3 5 6 7 8 15] [1 2 3 5 7 8] [1 2 3 4 5 6 7 8 11 19] [1 2 3 4 5 6 8 19] [1 2 3 4 5] [1 2 3 4 5 6] [1 2 3 4 5 7 8 11 13 15 19 32 35] [1 2 3 4 5 6 7 8] [1 5] [1 2 5 7] [1 2 3 4 5 7 8 15] [1 2 3 5 6 8] [1 2 3 5 7] [1 2 5 6 7 8] [1 2 3 5 7 8 11 15 19 32] [1 2 32] [1 2 3 4 5 6 7 8 15] [1 2 15] [1 2 3 5 6 7] [1 2 3 5 8 15] [1 2 8] [1 2 3 4 5 8 19] [1 2 3 4 5 6 7 8 11] [1 2 3 4 5 6 8] [1 4 36] [] [] [] [] [] [] [] [] [] [] [] [] [] [] [] [] [] [] [] [] [] [] [] [] [] [] [] [] [] [] [] [] [] [] [] [] [] [] [] [] [] [] [] [] [] [] [] [] [] [] [] [] [] [] [] [] [] [] [] [] [] [] [] [] [] [] [] [] [] [] [] [] [] [] [] [] [] [] [] [] [] [] [] [] [] [] [] [] [] [] [] [] [] [] [] [] [] [] [] []
243 [] [1 2 3 5 6 8 15] [1 2 3 4 5 6 7 8 16] [1 2 3 5 6 7 8 15] [1 2 3 5 7 8] [1 2] [1 2 3 4 5 6 7 8 11 19] [1 2 3 4 5 6 8 19] [1 2 3 4 5] [1 2 3 4 5 6] [1 2 3 4 5 7 8 11 13 15 19 32 35] [1 2 3 4 5 6 7 8] [1 5] [1 2 5 7] [1 2 3 4 5 7 8 15] [1 2 3 5 6 8] [1] [1 2 3 5 7] [1 2 5 6 7 8] [1 2 3 5 7 8 11 15 19 32] [1 2 32] [1 2 3 4 5 6 7 8 15] [1 2 15] [1 2 3 5 6 7] [1 2 3 5] [1 2 3 5 8 15] [1 2 8] [1 2 3 4 5 8 19] [1 2 3 4 5 6 7 8 11] [1 2 3 4 5 6 8] [1 4 36] [] [] [] [] [] [] [] [] [] [] [] [] [] [] [] [] [] [] [] [] [] [] [] [] [] [] [] [] [] [] [] [] [] [] [] [] [] [] [] [] [] [] [] [] [] [] [] [] [] [] [] [] [] [] [] [] [] [] [] [] [] [] [] [] [] [] [] [] [] [] [] [] [] [] [] [] [] [] [] [] [] [] [] [] [] [] [] [] [] [] [] [] [] [] [] [] [] [] [] []
244 [] [1 2 3 5 6 8 15] [1 2 3 4 5 6 7 8 16] [1 2 3 5 6 7 8 15] [1 2 3 5 7 8] [1 2] [1 2 3 4 5 6 7 8 11 19] [1 2 3 4 5 6 8 19] [1 2 3 4 5] [1 2 3 4 5 6] [1 2 3 4 5 7 8 11 13 15 19 32 35] [1 2 3 4 5 6 7 8] [1 5] [1 2 5 7] [1 2 3 4 5 7 8 15] [1 2 3 5 6 8] [1] [1 2 3 5 7] [1 2 5 6 7 8] [1 2 3 5 7 8 11 15 19 32] [1 2 32] [1 2 3 4 5 6 7 8 15] [1 2 15] [1 2 3 5 6 7] [1 2 3 5] [1 2 3 5 8 15] [1 2 8] [1 2 3 4 5 8 19] [1 2 3 4 5 6 7 8 11] [1 2 3 4 5 6 8] [1 4 36] [] [] [] [] [] [] [] [] [] [] [] [] [] [] [] [] [] [] [] [] [] [] [] [] [] [] [] [] [] [] [] [] [] [] [] [] [] [] [] [] [] [] [] [] [] [] [] [] [] [] [] [] [] [] [] [] [] [] [] [] [] [] [] [] [] [] [] [] [] [] [] [] [] [] [] [] [] [] [] [] [] [] [] [] [] [] [] [] [] [] [] [] [] [] [] [] [] [] [] []
245 [] [1 2 3 4 5 6 7 8 16] [1 2 3 5 6 7 8 15] [1 2 3 5 7 8] [1 2] [1 2 3 4 5 6 7 8 11 19] [1 2 3 4 5 6 8 19] [1 2 3 4 5] [1 2 3 4 5 6] [1 2 3 4 5 7 8 11 13 15 19 32 35] [1 2 3 4 5 6 7 8] [1 5] [1 2 5 7] [1 2 3 4 5 7 8 15] [1 2 3 5 6 8] [1] [1 2 3 5 7] [1 2 5 6 7 8] [1 2 3 5 7 8 11 15 19 32] [1 2 32] [1 2 3 4 5 6 7 8 15] [1 2 15] [1 2 3 5 6 7] [1 2 3 5] [1 2 3 5 8 15] [1 2 8] [1 2 3 4 5 8 19] [1 2 3 4 5 6 7 8 11] [1 2 3 4 5 6 8] [1 4 36] [] [] [] [] [] [] [] [] [] [] [] [] [] [] [] [] [] [] [] [] [] [] [] [] [] [] [] [] [] [] [] [] [] [] [] [] [] [] [] [] [] [] [] [] [] [] [] [] [] [] [] [] [] [] [] [] [] [] [] [] [] [] [] [] [] [] [] [] [] [] [] [] [] [] [] [] [] [] [] [] [] [] [] [] [] [] [] [] [] [] [] [] [] [] [] [] [] [] [] [] []
246 [] [1 2 3 4 5 6 7 8 16] [1 2 3 5 6 7 8 15] [1 2 3 5 7 8] [1 2] [1 2 3 4 5 6 7 8 11 19] [1 2 3 4 5 6 8 19] [1 2 3 4 5] [1 2 3 4 5 6] [1 2 3 4 5 7 8 11 13 15 19 32 35] [1 2 3 4 5 6 7 8] [1 5] [1 2 5 7] [1 2 3 4 5 7 8 15] [1 2 3 5 6 8] [1] [1 2 3 5 7] [1 2 5 6 7 8] [1 2 3 5 7 8 11 15 19 32] [1 2 32] [1 2 3 4 5 6 7 8 15] [1 2 15] [1 2 3 5 6 7] [1 2 3 5] [1 2 3 5 8 15] [1 2 8] [1 2 3 4 5 8 19] [1 2 3 4 5 6 7 8 11] [1 2 3 4 5 6 8] [1 4 36] [] [] [] [] [] [] [] [] [] [] [] [] [] [] [] [] [] [] [] [] [] [] [] [] [] [] [] [] [] [] [] [] [] [] [] [] [] [] [] [] [] [] [] [] [] [] [] [] [] [] [] [] [] [] [] [] [] [] [] [] [] [] [] [] [] [] [] [] [] [] [] [] [] [] [] [] [] [] [] [] [] [] [] [] [] [] [] [] [] [] [] [] [] [] [] [] [] [] [] [] []
247 [] [1 2 3 5 6 7 8 15] [1 2 3 5 7 8] [1 2] [1 2 3 4 5 6 7 8 11 19] [1 2 3 4 5 6 8 19] [1 2 3 4 5] [1 2 3 4 5 6] [1 2 3 4 5 7 8 11 13 15 19 32 35] [1 2 3 4 5 6 7 8] [1 5] [1 2 5 7] [1 2 3 4 5 7 8 15] [1 2 3 5 6 8] [1] [1 2 3 5 7] [1 2 5 6 7 8] [1 2 3 5 7 8 11 15 19 32] [1 2 32] [1 2 3 4 5 6 7 8 15] [1 2 15] [1 2 3 5 6 7] [1 2 3 5] [1 2 3 5 8 15] [1 2 8] [1 2 3 4 5 8 19] [1 2 3 4 5 6 7 8 11] [1 2 3 4 5 6 8] [1 4 36] [] [] [] [] [] [] [] [] [] [] [] [] [] [] [] [] [] [] [] [] [] [] [] [] [] [] [] [] [] [] [] [] [] [] [] [] [] [] [] [] [] [] [] [] [] [] [] [] [] [] [] [] [] [] [] [] [] [] [] [] [] [] [] [] [] [] [] [] [] [] [] [] [] [] [] [] [] [] [] [] [] [] [] [] [] [] [] [] [] [] [] [] [] [] [] [] [] [] [] [] [] []
248 [] [1 2 3 5 7 8] [1 2] [1 2 3 5 6 7 8 15] [1 2 3 4 5 6 7 8 11 19] [1 2 3 4 5 6 8 19] [1 2 3 4 5] [1 2 3 4 5 6] [1 2 3 4 5 7 8 11 13 15 19 32 35] [1 2 3 4 5 6 7 8] [1 5] [1 2 5 7] [1 2 3 4 5 7 8 15] [1 2 3 5 6 8] [1] [1 2 3 5 7] [1 2 5 6 7 8] [1 2 3 5 7 8 11 15 19 32] [1 2 32] [1 2 3 4 5 6 7 8 15] [1 2 15] [1 2 3 5 6 7] [1 2 3 5] [1 2 3 5 8 15] [1 2 8] [1 2 3 4 5 8 19] [1 2 3 4 5 6 7 8 11] [1 2 3 4 5 6 8] [1 4 36] [] [] [] [] [] [] [] [] [] [] [] [] [] [] [] [] [] [] [] [] [] [] [] [] [] [] [] [] [] [] [] [] [] [] [] [] [] [] [] [] [] [] [] [] [] [] [] [] [] [] [] [] [] [] [] [] [] [] [] [] [] [] [] [] [] [] [] [] [] [] [] [] [] [] [] [] [] [] [] [] [] [] [] [] [] [] [] [] [] [] [] [] [] [] [] [] [] [] [] [] [] []
249 [] [1 2 3 5 7 8] [1 2] [1 2 3 5 6 7 8 15] [1 2 3 4 5 6 7 8 11 19] [1 2 3 4 5 6 8 19] [1 2 3 4 5] [1 2 3 4 5 6] [1 2 3 4 5 7 8 11 13 15 19 32 35] [1 2 3 4 5 6 7 8] [1 5] [1 2 5 7] [1 2 3 4 5 7 8 15] [1 2 3 5 6 8] [1] [1 2 3 5 7] [1 2 5 6 7 8] [1 2 3 5 7 8 11 15 19 32] [1 2 32] [1 2 3 4 5 6 7 8 15] [1 2 15] [1 2 3 5 6 7] [1 2 3 5] [1 2 3 5 8 15] [1 2 8] [1 2 3 4 5 8 19] [1 2 3 4 5 6 7 8 11] [1 2 3 4 5 6 8] [1 4 36] [] [] [] [] [] [] [] [] [] [] [] [] [] [] [] [] [] [] [] [] [] [] [] [] [] [] [] [] [] [] [] [] [] [] [] [] [] [] [] [] [] [] [] [] [] [] [] [] [] [] [] [] [] [] [] [] [] [] [] [] [] [] [] [] [] [] [] [] [] [] [] [] [] [] [] [] [] [] [] [] [] [] [] [] [] [] [] [] [] [] [] [] [] [] [] [] [] [] [] [] [] []
250 [] [1 2] [1 2 3 5 6 7 8 15] [1 2 3 4 5 6 7 8 11 19] [1 2 3 4 5 6 8 19] [1 2 3 4 5] [1 2 3 4] [1 2 3 5 7 8] [1 2 3 4 5 6] [1 2 3 4 5 7 8 11 13 15 19 32 35] [1 2 3 4 5 6 7 8] [1 5] [1 2 5 7] [1 2 3 4 5 7 8 15] [1 2 3 5 6 8] [1] [1 2 3 5 7] [1 2 5 6 7 8] [1 2 3 5 7 8 11 15 19 32] [1 2 32] [1 2 3 4 5 6 7 8 15] [1 2 15] [1 2 3 5 6 7] [1 2 3 5] [1 2 3 5 8 15] [1 2 8] [1 2 3 4 5 8 19] [1 2 3 4 5 6 7 8 11] [1 2 3 4 5 6 8] [1 4 36] [] [] [] [] [] [] [] [] [] [] [] [] [] [] [] [] [] [] [] [] [] [] [] [] [] [] [] [] [] [] [] [] [] [] [] [] [] [] [] [] [] [] [] [] [] [] [] [] [] [] [] [] [] [] [] [] [] [] [] [] [] [] [] [] [] [] [] [] [] [] [] [] [] [] [] [] [] [] [] [] [] [] [] [] [] [] [] [] [] [] [] [] [] [] [] [] [] [] [] [] []
251 [] [1 2 3 5 6 7 8 15] [1 2 3 4 5 6 7 8 11 19] [1 2 3 4 5 6 8 19] [1 2 3 4] [1 2 3 5 7 8] [1 2 3 4 5 6] [1 2 3 4 5 7 8 11 13 15 19 32 35] [1 2 3 4 5 6 7 8] [1 2 3 4 5] [1 2] [1 2 3 4 5 7 8 15] [1 2 3 5 6 8] [1] [1 2 3 5 7] [1 2 5 6 7 8] [1 2 3 5 7 8 11 15 19 32] [1 2 32] [1 2 3 4 5 6 7 8 15] [1 2 15] [1 2 3 5 6 7] [1 2 3 5] [1 2 3 5 8 15] [1 2 8] [1 2 3 4 5 8 19] [1 2 3 4 5 6 7 8 11] [1 2 5 7] [1 2 3 4 5 6 8] [1 4 36] [] [] [] [] [] [] [] [] [] [] [] [] [] [] [] [] [] [] [] [] [] [] [] [] [] [] [] [] [] [] [] [] [] [] [] [] [] [] [] [] [] [] [] [] [] [] [] [] [] [] [] [] [] [] [] [] [] [] [] [] [] [] [] [] [] [] [] [] [] [] [] [] [] [] [] [] [] [] [] [] [] [] [] [] [] [] [] [] [] [] [] [] [] [] [] [] [] [] [] [] [] []
252 [] [1 2 3 4 5 6 7 8 11 19] [1 2 3 4 5 6 8 19] [1 2 3 4] [1 2 3 5 7 8] [1 2 3 4 5 6] [1 2 3 4 5 7 8 11 13 15 19 32 35] [1 2 3 4 5 6 7 8] [1 2 3 4 5] [1 2] [1 2 3 4 5 7 8 15] [1 2 3 5 6 8] [1] [1 2 3 5 7] [1 2 5 6 7 8] [1 2 3 5 7 8 11 15 19 32] [1 2 32] [1 2 3 4 5 6 7 8 15] [1 2 15] [1 2 3 5 6 7] [1 2 3 5] [1 2 3 5 8 15] [1 2 8] [1 2 3 4 5 8 19] [1 2 3 4 5 6 7 8 11] [1 2 5 7] [1 2 3 4 5 6 8] [1 4 36] [] [] [] [] [] [] [] [] [] [] [] [] [] [] [] [] [] [] [] [] [] [] [] [] [] [] [] [] [] [] [] [] [] [] [] [] [] [] [] [] [] [] [] [] [] [] [] [] [] [] [] [] [] [] [] [] [] [] [] [] [] [] [] [] [] [] [] [] [] [] [] [] [] [] [] [] [] [] [] [] [] [] [] [] [] [] [] [] [] [] [] [] [] [] [] [] [] [] [] [] [] [] []
253 [] [1 2 3 4 5 6 7 8 11 19] [1 2 3 4 5 6 8 19] [1 2 3 4] [1 2 3 5 7 8] [1 2 3 4 5 6] [1 2 3 4 5 7 8 11 13 15 19 32 35] [1 2 3 4 5 6 7 8] [1 2 3 4 5] [1 2] [1 2 3 4 5 7 8 15] [1 2 3 5 6 8] [1] [1 2 3 5 7] [1 2 5 6 7 8] [1 2 3 5 7 8 11 15 19 32] [1 2 32] [1 2 3 4 5 6 7 8 15] [1 2 15] [1 2 3 5 6 7] [1 2 3 5] [1 2 3 5 8 15] [1 2 8] [1 2 3 4 5 8 19] [1 2 3 4 5 6 7 8 11] [1 2 5 7] [1 2 3 4 5 6 8] [1 4 36] [] [] [] [] [] [] [] [] [] [] [] [] [] [] [] [] [] [] [] [] [] [] [] [] [] [] [] [] [] [] [] [] [] [] [] [] [] [] [] [] [] [] [] [] [] [] [] [] [] [] [] [] [] [] [] [] [] [] [] [] [] [] [] [] [] [] [] [] [] [] [] [] [] [] [] [] [] [] [] [] [] [] [] [] [] [] [] [] [] [] [] [] [] [] [] [] [] [] [] [] [] [] []
254 [] [1 2 3 4 5 6 8 19] [1 2 3 4] [1 2 3 5 7 8] [1 2 3 4 5 6] [1 2 3 4 5 7 8 11 13 15 19 32 35] [1 2 3 4 5 6 7 8] [1 2 3 4 5] [1 2] [1 2 3 4 5 7 8 15] [1 2 3 5 6 8] [1] [1 2 3 5 7] [1 2 5 6 7 8] [1 2 3 5 7 8 11 15 19 32] [1 2 32] [1 2 3 4 5 6 7 8 15] [1 2 15] [1 2 3 5 6 7] [1 2 3 5] [1 2 3 5 8 15] [1 2 8] [1 2 3 4 5 8 19] [1 2 3 4 5 6 7 8 11] [1 2 5 7] [1 2 3 4 5 6 8] [1 4 36] [] [] [] [] [] [] [] [] [] [] [] [] [] [] [] [] [] [] [] [] [] [] [] [] [] [] [] [] [] [] [] [] [] [] [] [] [] [] [] [] [] [] [] [] [] [] [] [] [] [] [] [] [] [] [] [] [] [] [] [] [] [] [] [] [] [] [] [] [] [] [] [] [] [] [] [] [] [] [] [] [] [] [] [] [] [] [] [] [] [] [] [] [] [] [] [] [] [] [] [] [] [] [] []
255 [] [1 2 3 4 5 6 8 19] [1 2 3 4] [1 2 3 5 7 8] [1 2 3 4 5 6] [1 2 3 4 5 7 8 11 13 15 19 32 35] [1 2 3 4 5 6 7 8] [1 2 3 4 5] [1 2] [1 2 3 4 5 7 8 15] [1 2 3 5 6 8] [1] [1 2 3 5 7] [1 2 5 6 7 8] [1 2 3 5 7 8 11 15 19 32] [1 2 32] [1 2 3 4 5 6 7 8 15] [1 2 15] [1 2 3 5 6 7] [1 2 3 5] [1 2 3 5 8 15] [1 2 8] [1 2 3 4 5 8 19] [1 2 3 4 5 6 7 8 11] [1 2 5 7] [1 2 3 4 5 6 8] [1 4 36] [] [] [] [] [] [] [] [] [] [] [] [] [] [] [] [] [] [] [] [] [] [] [] [] [] [] [] [] [] [] [] [] [] [] [] [] [] [] [] [] [] [] [] [] [] [] [] [] [] [] [] [] [] [] [] [] [] [] [] [] [] [] [] [] [] [] [] [] [] [] [] [] [] [] [] [] [] [] [] [] [] [] [] [] [] [] [] [] [] [] [] [] [] [] [] [] [] [] [] [] [] [] [] []
256 [] [1 2 3 4] [1 2 3 5 7 8] [1 2 3 4 5 6] [1 2 3 4 5 7 8 11 13 15 19 32 35] [1 2 3 4 5 6 7 8] [1 2 3 4 5] [1 2] [1 2 3 4 5 7 8 15] [1 2 3 5 6 8] [1] [1 2 3 5 7] [1 2 5 6 7 8] [1 2 3 5 7 8 11 15 19 32] [1 2 32] [1 2 3 4 5 6 7 8 15] [1 2 15] [1 2 3 5 6 7] [1 2 3 5] [1 2 3 5 8 15] [1 2 8] [1 2 3 4 5 8 19] [1 2 3 4 5 6 7 8 11] [1 2 5 7] [1 2 3 4 5 6 8] [1 4 36] [] [] [] [] [] [] [] [] [] [] [] [] [] [] [] [] [] [] [] [] [] [] [] [] [] [] [] [] [] [] [] [] [] [] [] [] [] [] [] [] [] [] [] [] [] [] [] [] [] [] [] [] [] [] [] [] [] [] [] [] [] [] [] [] [] [] [] [] [] [] [] [] [] [] [] [] [] [] [] [] [] [] [] [] [] [] [] [] [] [] [] [] [] [] [] [] [] [] [] [] [] [] [] [] []
257 [] [1 2 3 4] [1 2 3 5 7 8] [1 2 3 4 5 6] [1 2 3 4 5 7 8 11 13 15 19 32 35] [1 2 3 4 5 6 7 8] [1 2 3 4 5] [1 2] [1 2 3 4 5 7 8 15] [1 2 3 5 6 8] [1] [1 2 3 5 7] [1 2 5 6 7 8] [1 2 3 5 7 8 11 15 19 32] [1 2 32] [1 2 3 4 5 6 7 8 15] [1 2 15] [1 2 3 5 6 7] [1 2 3 5] [1 2 3 5 8 15] [1 2 8] [1 2 3 4 5 8 19] [1 2 3 4 5 6 7 8 11] [1 2 5 7] [1 2 3 4 5 6 8] [1 4 36] [] [] [] [] [] [] [] [] [] [] [] [] [] [] [] [] [] [] [] [] [] [] [] [] [] [] [] [] [] [] [] [] [] [] [] [] [] [] [] [] [] [] [] [] [] [] [] [] [] [] [] [] [] [] [] [] [] [] [] [] [] [] [] [] [] [] [] [] [] [] [] [] [] [] [] [] [] [] [] [] [] [] [] [] [] [] [] [] [] [] [] [] [] [] [] [] [] [] [] [] [] [] [] [] []
258 [] [1 2 3 5 7 8] [1 2 3 4 5 6] [1 2 3 4 5 7 8 11 13 15 19 32 35] [1 2 3 4 5 6 7 8] [1 2 3 4 5] [1 2] [1 2 3 4 5 7 8 15] [1 2 3 5 6 8] [1] [1 2 3 5 7] [1 2 5 6 7 8] [1 2 3 5 7 8 11 15 19 32] [1 2 32] [1 2 3 4 5 6 7 8 15] [1 2 15] [1 2 3 5 6 7] [1 2 3 5] [1 2 3 5 8 15] [1 2 8] [1 2 3 4 5 8 19] [1 2 3 4 5 6 7 8 11] [1 2 5 7] [1 2 3 4 5 6 8] [1 4 36] [] [] [] [] [] [] [] [] [] [] [] [] [] [] [] [] [] [] [] [] [] [] [] [] [] [] [] [] [] [] [] [] [] [] [] [] [] [] [] [] [] [] [] [] [] [] [] [] [] [] [] [] [] [] [] [] [] [] [] [] [] [] [] [] [] [] [] [] [] [] [] [] [] [] [] [] [] [] [] [] [] [] [] [] [] [] [] [] [] [] [] [] [] [] [] [] [] [] [] [] [] [] [] [] [] []
259 [] [1 2 3 4 5 7 8 11 13 15 19 32 35] [1 2 3 4 5 6 7 8] [1 2 3 4 5] [1 2] [1 2 3 4 5 7 8 15] [1 2 3 5 6 8] [1] [1 2 3 5 7] [1 2 5 6 7 8] [1 2 3 5 7 8 11 15 19 32] [1 2 32] [1 2 3 4 5 6 7 8 15] [1 2 15] [1 2 3 5 6 7] [1 2 3 5] [1 2 3 5 8 15] [1 2 8] [1 2 3 4 5 8 19] [1 2 3 4 5 6 7 8 11] [1 2 5 7] [1 2 3 4 5 6 8] [1 4 36] [] [] [] [] [] [] [] [] [] [] [] [] [] [] [] [] [] [] [] [] [] [] [] [] [] [] [] [] [] [] [] [] [] [] [] [] [] [] [] [] [] [] [] [] [] [] [] [] [] [] [] [] [] [] [] [] [] [] [] [] [] [] [] [] [] [] [] [] [] [] [] [] [] [] [] [] [] [] [] [] [] [] [] [] [] [] [] [] [] [] [] [] [] [] [] [] [] [] [] [] [] [] [] [] [] [] [] []
260 [] [1 2 3 4 5 6 7 8] [1 2 3 4 5] [1 2] [1 2 3 4 5 7 8 15] [1 2 3 5 6 8] [1] [1 2 3 5 7] [1 2 5 6 7 8] [1 2 3 5 7 8 11 15 19 32] [1 2 32] [1 2 3 4 5 6 7 8 15] [1 2 15] [1 2 3 5 6 7] [1 2 3 5] [1 2 3 5 8 15] [1 2 8] [1 2 3 4 5 8 19] [1 2 3 4 5 6 7 8 11] [1 2 5 7] [1 2 3 4 5 6 8] [1 4 36] [] [] [] [] [] [] [] [] [] [] [] [] [] [] [] [] [] [] [] [] [] [] [] [] [] [] [] [] [] [] [] [] [] [] [] [] [] [] [] [] [] [] [] [] [] [] [] [] [] [] [] [] [] [] [] [] [] [] [] [] [] [] [] [] [] [] [] [] [] [] [] [] [] [] [] [] [] [] [] [] [] [] [] [] [] [] [] [] [] [] [] [] [] [] [] [] [] [] [] [] [] [] [] [] [] [] [] [] []
261 [] [1 2 3 4 5] [1 2] [1 2 3 4 5 7 8 15] [1 2 3 5 6 8] [1] [1 2 3 5] [1 2 3 5 7] [1 2 5 6 7 8] [1 2 3 5 7 8 11 15 19 32] [1 2 32] [1 2 3 4 5 6 7 8 15] [1 2 15] [1 2 3 5 6 7] [1 2 3 5 8 15] [1 2 8] [1 2 3 4 5 8 19] [1 2 3 4 5 6 7 8 11] [1 2 5 7] [1 2 3 4 5 6 8] [1 4 36] [] [] [] [] [] [] [] [] [] [] [] [] [] [] [] [] [] [] [] [] [] [] [] [] [] [] [] [] [] [] [] [] [] [] [] [] [] [] [] [] [] [] [] [] [] [] [] [] [] [] [] [] [] [] [] [] [] [] [] [] [] [] [] [] [] [] [] [] [] [] [] [] [] [] [] [] [] [] [] [] [] [] [] [] [] [] [] [] [] [] [] [] [] [] [] [] [] [] [] [] [] [] [] [] [] [] [] [] [] []
262 [] [1 2 3 4 5 7 8 15] [1 2 3 5 6 8] [1 2 3 5] [1 2 3 5 7] [1 2 5 6 7 8] [1] [1 2] [1 2 3 5 7 8 11 15 19 32] [1 2 3 4 5] [1 2 32] [1 2 3 4 5 6 7 8 15] [1 2 15] [1 2 3 5 6 7] [1 2 3 5 8 15] [1 2 8] [1 2 3 4 5 8 19] [1 2 3 4 5 6 7 8 11] [1 2 5 7] [1 2 3 4 5 6 8] [1 4 36] [] [] [] [] [] [] [] [] [] [] [] [] [] [] [] [] [] [] [] [] [] [] [] [] [] [] [] [] [] [] [] [] [] [] [] [] [] [] [] [] [] [] [] [] [] [] [] [] [] [] [] [] [] [] [] [] [] [] [] [] [] [] [] [] [] [] [] [] [] [] [] [] [] [] [] [] [] [] [] [] [] [] [] [] [] [] [] [] [] [] [] [] [] [] [] [] [] [] [] [] [] [] [] [] [] [] [] [] [] []
263 [] [1 2 3 5] [1 2 3 5 7] [1 2 3 4 5 7] [1 2 5 6 7 8] [1] [1 2] [1 2 3 5 7 8 11 15 19 32] [1 2 3 4 5] [1 2 32] [1 2 3 4 5 6 7 8 15] [1 2 15] [1 2 3 5 6 7] [1 2 3 5 6 8] [1 2 3 5 8 15] [1 2 8] [1 2 3 4 5 8 19] [1 2 3 4 5 6 7 8 11] [1 2 5 7] [1 2 3 4 5 6 8] [1 4 36] [] [] [] [] [] [] [] [] [] [] [] [] [] [] [] [] [] [] [] [] [] [] [] [] [] [] [] [] [] [] [] [] [] [] [] [] [] [] [] [] [] [] [] [] [] [] [] [] [] [] [] [] [] [] [] [] [] [] [] [] [] [] [] [] [] [] [] [] [] [] [] [] [] [] [] [] [] [] [] [] [] [] [] [] [] [] [] [] [] [] [] [] [] [] [] [] [] [] [] [] [] [] [] [] [] [] [] [] [] []
264 [] [1 2 3 4 5 7] [1 2 3 5 7] [1 2 5 6 7 8] [1] [1 2] [1 2 3 5 7 8 11 15 19 32] [1 2 3 4 5] [1 2 32] [1 2 3 4 5 6 7 8 15] [1 2 15] [1 2 3 5 6 7] [1 2 3 5] [1 2 3 5 6 8] [1 2 3 5 8 15] [1 2 8] [1 2 3 4 5 8 19] [1 2 3 4 5 6 7 8 11] [1 2 5 7] [1 2 3 4 5 6 8] [1 4 36] [] [] [] [] [] [] [] [] [] [] [] [] [] [] [] [] [] [] [] [] [] [] [] [] [] [] [] [] [] [] [] [] [] [] [] [] [] [] [] [] [] [] [] [] [] [] [] [] [] [] [] [] [] [] [] [] [] [] [] [] [] [] [] [] [] [] [] [] [] [] [] [] [] [] [] [] [] [] [] [] [] [] [] [] [] [] [] [] [] [] [] [] [] [] [] [] [] [] [] [] [] [] [] [] [] [] [] [] [] []
265 [] [1 2 3 5 7] [1] [1 2] [1 2 3 5 7 8 11 15 19 32] [1 2 3 4 5] [1 2 32] [1 2 3 4 5 6 7 8 15] [1 2 15] [1 2 3 5 6 7] [1 2 3 5] [1 2 3 5 6 8] [1 2 3 5 8 15] [1 2 8] [1 2 3 4 5 8 19] [1 2 3 4 5 6 7 8 11] [1 2 5 7] [1 2 3 4 5 6 8] [1 4 36] [] [] [] [] [] [] [] [] [] [] [] [] [] [] [] [] [] [] [] [] [] [] [] [] [] [] [] [] [] [] [] [] [] [] [] [] [] [] [] [] [] [] [] [] [] [] [] [] [] [] [] [] [] [] [] [] [] [] [] [] [] [] [] [] [] [] [] [] [] [] [] [] [] [] [] [] [] [] [] [] [] [] [] [] [] [] [] [] [] [] [] [] [] [] [] [] [] [] [] [] [] [] [] [] [] [] [] [] [] [] [] []
266 [] [1 2 3 5 7] [1] [1 2] [1 2 3 5 7 8 11 15 19 32] [1 2 3 4 5] [1 2 32] [1 2 3 4 5 6 7 8 15] [1 2 15] [1 2 3 5 6 7] [1 2 3 5] [1 2 3 5 6 8] [1 2 3 5 8 15] [1 2 8] [1 2 3 4 5 8 19] [1 2 3 4 5 6 7 8 11] [1 2 5 7] [1 2 3 4 5 6 8] [1 4 36] [] [] [] [] [] [] [] [] [] [] [] [] [] [] [] [] [] [] [] [] [] [] [] [] [] [] [] [] [] [] [] [] [] [] [] [] [] [] [] [] [] [] [] [] [] [] [] [] [] [] [] [] [] [] [] [] [] [] [] [] [] [] [] [] [] [] [] [] [] [] [] [] [] [] [] [] [] [] [] [] [] [] [] [] [] [] [] [] [] [] [] [] [] [] [] [] [] [] [] [] [] [] [] [] [] [] [] [] [] [] [] []
267 [] [1] [1 2 3 4 5 7] [1 2 5 6] [1 2] [1 2 3 4 5 19] [1 2 3 5 7 8 11 15 19 32] [1 2 3 4 5] [1 2 32] [1 2 3 4 5 6 7 8 15] [1 2 15] [1 2 3 5 6 7] [1 2 3 5] [1 2 3 5 6 8] [1 2 3 5 8 15] [1 2 8] [1 2 3 4 5 8 19] [1 2 3 5 7] [1 2 3 4 5 6 7 8 11] [1 2 5 7] [1 2 3 4 5 6 8] [1 4 36] [] [] [] [] [] [] [] [] [] [] [] [] [] [] [] [] [] [] [] [] [] [] [] [] [] [] [] [] [] [] [] [] [] [] [] [] [] [] [] [] [] [] [] [] [] [] [] [] [] [] [] [] [] [] [] [] [] [] [] [] [] [] [] [] [] [] [] [] [] [] [] [] [] [] [] [] [] [] [] [] [] [] [] [] [] [] [] [] [] [] [] [] [] [] [] [] [] [] [] [] [] [] [] [] [] [] [] [] []
268 [] [1 2 5 6] [1 2 3 4 5 19] [1 2 3 5 7 8 11 15 19 32] [1 2 3 4 5] [1 2 32] [1 2 3 4 5 6 7 8 15] [1] [1 2 15] [1 2 3 5 6 7] [1 2 3 5] [1 2 3 5 6 8] [1 2 3 5 8 15] [1 2 8] [1 2 3 4 5 8 19] [1 2 3 5 7] [1 2 3 4 5 6 7 8 11] [1 2 5 7] [1 2 3 4 5 6 8] [1 4 36] [] [] [] [] [] [] [] [] [] [] [] [] [] [] [] [] [] [] [] [] [] [] [] [] [] [] [] [] [] [] [] [] [] [] [] [] [] [] [] [] [] [] [] [] [] [] [] [] [] [] [] [] [] [] [] [] [] [] [] [] [] [] [] [] [] [] [] [] [] [] [] [] [] [] [] [] [] [] [] [] [] [] [] [] [] [] [] [] [] [] [] [] [] [] [] [] [] [] [] [] [] [] [] [] [] [] [] [] [] [] []
269 [] [1 2 3 4 5 19] [1 2 3 4 5] [1 2 32] [1 2 3 4 5 6 7 8 15] [1] [1 2 15] [1 2 3 5 6 7] [1 2 3 5] [1 2 3 5 6 8] [1 2 3 5 8 15] [1 2 8] [1 2 3 4 5 8 19] [1 2 3 5 7] [1 2 3 4 5 6 7 8 11] [1 2 5 7] [1 2 3 4 5 6 8] [1 4 36] [] [] [] [] [] [] [] [] [] [] [] [] [] [] [] [] [] [] [] [] [] [] [] [] [] [] [] [] [] [] [] [] [] [] [] [] [] [] [] [] [] [] [] [] [] [] [] [] [] [] [] [] [] [] [] [] [] [] [] [] [] [] [] [] [] [] [] [] [] [] [] [] [] [] [] [] [] [] [] [] [] [] [] [] [] [] [] [] [] [] [] [] [] [] [] [] [] [] [] [] [] [] [] [] [] [] [] [] [] [] [] [] []
270 [] [1 2 3 4 5] [1 2 32] [1 2 3 4 5 6 7 8 15] [1] [1 2 15] [1 2 3 5 6 7] [1 2 3 5] [1 2 3 5 6 8] [1 2 3 5 8 15] [1 2 8] [1 2 3 4 5 8 19] [1 2 3 5 7] [1 2 3 4 5 6 7 8 11] [1 2 5 7] [1 2 3 4 5 6 8] [1 4 36] [] [] [] [] [] [] [] [] [] [] [] [] [] [] [] [] [] [] [] [] [] [] [] [] [] [] [] [] [] [] [] [] [] [] [] [] [] [] [] [] [] [] [] [] [] [] [] [] [] [] [] [] [] [] [] [] [] [] [] [] [] [] [] [] [] [] [] [] [] [] [] [] [] [] [] [] [] [] [] [] [] [] [] [] [] [] [] [] [] [] [] [] [] [] [] [] [] [] [] [] [] [] [] [] [] [] [] [] [] [] [] [] [] []
271 [] [1 2 32] [1 2 3 5 7 8] [1 2 3 4 5 6 7 8 15] [1] [1 2 3 5 7] [1 2 15] [1 2 3 5 6 7] [1 2 3 5] [1 2 3 5 6 8] [1 2 3 5 8 15] [1 2 8] [1 2 3 4 5] [1 2 3 4 5 8 19] [1 2 3 4 5 6 7 8 11] [1 2 5 7] [1 2 3 4 5 6 8] [1 4 36] [] [] [] [] [] [] [] [] [] [] [] [] [] [] [] [] [] [] [] [] [] [] [] [] [] [] [] [] [] [] [] [] [] [] [] [] [] [] [] [] [] [] [] [] [] [] [] [] [] [] [] [] [] [] [] [] [] [] [] [] [] [] [] [] [] [] [] [] [] [] [] [] [] [] [] [] [] [] [] [] [] [] [] [] [] [] [] [] [] [] [] [] [] [] [] [] [] [] [] [] [] [] [] [] [] [] [] [] [] [] [] [] []
272 [] [1 2 3 5 7 8] [1 2 3 4 5 8 15] [1 2 3 5 7] [1 2 3 4 5 6 7 8 15] [1 2 3 5 6 7] [1 2 3 5] [1 2 3 5 6 8] [1 2 3 5 8 15] [1 2 8] [1] [1 2 3 4 5] [1 2 3 4 5 8 19] [1 2 3 4 5 6 7 8 11] [1 2 5 7] [1 2 3 4 5 6 8] [1 4 36] [] [] [] [] [] [] [] [] [] [] [] [] [] [] [] [] [] [] [] [] [] [] [] [] [] [] [] [] [] [] [] [] [] [] [] [] [] [] [] [] [] [] [] [] [] [] [] [] [] [] [] [] [] [] [] [] [] [] [] [] [] [] [] [] [] [] [] [] [] [] [] [] [] [] [] [] [] [] [] [] [] [] [] [] [] [] [] [] [] [] [] [] [] [] [] [] [] [] [] [] [] [] [] [] [] [] [] [] [] [] [] [] [] []
273 [] [1 2 3 4 5 8 15] [1 2 3 5 7] [1 2 3 4 5 6 7 8 15] [1 2 3 5 6 7] [1 2 3 5] [1 2 3 5 6 8] [1 2 3 5 8 15] [1 2 8] [1] [1 2 3 4 5] [1 2 3 4 5 8 19] [1 2 3 4 5 6 7 8 11] [1 2 5 7] [1 2 3 4 5 6 8] [1 4 36] [] [] [] [] [] [] [] [] [] [] [] [] [] [] [] [] [] [] [] [] [] [] [] [] [] [] [] [] [] [] [] [] [] [] [] [] [] [] [] [] [] [] [] [] [] [] [] [] [] [] [] [] [] [] [] [] [] [] [] [] [] [] [] [] [] [] [] [] [] [] [] [] [] [] [] [] [] [] [] [] [] [] [] [] [] [] [] [] [] [] [] [] [] [] [] [] [] [] [] [] [] [] [] [] [] [] [] [] [] [] [] [] [] [] []
274 [] [1 2 3 4 5 8 15] [1 2 3 5 7] [1 2 3 4 5 6 7 8 15] [1 2 3 5 6 7] [1 2 3 5] [1 2 3 5 6 8] [1 2 3 5 8 15] [1 2 8] [1] [1 2 3 4 5] [1 2 3 4 5 8 19] [1 2 3 4 5 6 7 8 11] [1 2 5 7] [1 2 3 4 5 6 8] [1 4 36] [] [] [] [] [] [] [] [] [] [] [] [] [] [] [] [] [] [] [] [] [] [] [] [] [] [] [] [] [] [] [] [] [] [] [] [] [] [] [] [] [] [] [] [] [] [] [] [] [] [] [] [] [] [] [] [] [] [] [] [] [] [] [] [] [] [] [] [] [] [] [] [] [] [] [] [] [] [] [] [] [] [] [] [] [] [] [] [] [] [] [] [] [] [] [] [] [] [] [] [] [] [] [] [] [] [] [] [] [] [] [] [] [] [] []
275 [] [1 2 3 5 7] [1 2 3 4 5 8 15] [1 2 3 4 5 6 7 8 15] [1 2 3 5 6 7] [1 2 3 5] [1 2 3 5 6 8] [1 2 3 5 8 15] [1 2 8] [1] [1 2 3 4 5] [1 2 3 4 5 8 19] [1 2 3 4 5 6 7 8 11] [1 2 5 7] [1 2 3 4 5 6 8] [1 4 36] [] [] [] [] [] [] [] [] [] [] [] [] [] [] [] [] [] [] [] [] [] [] [] [] [] [] [] [] [] [] [] [] [] [] [] [] [] [] [] [] [] [] [] [] [] [] [] [] [] [] [] [] [] [] [] [] [] [] [] [] [] [] [] [] [] [] [] [] [] [] [] [] [] [] [] [] [] [] [] [] [] [] [] [] [] [] [] [] [] [] [] [] [] [] [] [] [] [] [] [] [] [] [] [] [] [] [] [] [] [] [] [] [] [] []
276 [] [1 2 3 4 5 8 15] [1 2 3 4 5 6 7 8 15] [1 2 3 5 6 7] [1 2 3 5] [1 2 3 5 6 8] [1 2 3 5 8 15] [1 2 8] [1] [1 2 3 4 5] [1 2 3 4 5 8 19] [1 2 3 5 7] [1 2 3 4 5 6 7 8 11] [1 2 5 7] [1 2 3 4 5 6 8] [1 4 36] [] [] [] [] [] [] [] [] [] [] [] [] [] [] [] [] [] [] [] [] [] [] [] [] [] [] [] [] [] [] [] [] [] [] [] [] [] [] [] [] [] [] [] [] [] [] [] [] [] [] [] [] [] [] [] [] [] [] [] [] [] [] [] [] [] [] [] [] [] [] [] [] [] [] [] [] [] [] [] [] [] [] [] [] [] [] [] [] [] [] [] [] [] [] [] [] [] [] [] [] [] [] [] [] [] [] [] [] [] [] [] [] [] [] []
277 [] [1 2 3 4 5 6 7 8 15] [1 2 5 7] [1 2 3 5 6 7] [1 2 3 5] [1 2 3 5 6 8] [1 2 3 5 8 15] [1 2 8] [1] [1 2 3 4 5] [1 2 3 4 5 8 19] [1 2 3 5 7] [1 2 3 4 5 6 7 8 11] [1 2 3 4 5 6 8] [1 4 36] [] [] [] [] [] [] [] [] [] [] [] [] [] [] [] [] [] [] [] [] [] [] [] [] [] [] [] [] [] [] [] [] [] [] [] [] [] [] [] [] [] [] [] [] [] [] [] [] [] [] [] [] [] [] [] [] [] [] [] [] [] [] [] [] [] [] [] [] [] [] [] [] [] [] [] [] [] [] [] [] [] [] [] [] [] [] [] [] [] [] [] [] [] [] [] [] [] [] [] [] [] [] [] [] [] [] [] [] [] [] [] [] [] [] [] []
278 [] [1 2 5 7] [1 2 3 5 7 8 15] [1 2 3 5 6 7] [1 2 3 5] [1 2 3 5 6 8] [1 2 3 5 8 15] [1 2 8] [1] [1 2 3 4 5] [1 2 3 4 5 8 19] [1 2 3 5 7] [1 2 3 4 5 6 7 8 11] [1 2 3 4 5 6 8] [1 4 36] [] [] [] [] [] [] [] [] [] [] [] [] [] [] [] [] [] [] [] [] [] [] [] [] [] [] [] [] [] [] [] [] [] [] [] [] [] [] [] [] [] [] [] [] [] [] [] [] [] [] [] [] [] [] [] [] [] [] [] [] [] [] [] [] [] [] [] [] [] [] [] [] [] [] [] [] [] [] [] [] [] [] [] [] [] [] [] [] [] [] [] [] [] [] [] [] [] [] [] [] [] [] [] [] [] [] [] [] [] [] [] [] [] [] [] []
279 [] [1 2 3 5 7 8 15] [1 2 3 5 6 7] [1 2 3 5] [1 2 3 5 6 8] [1 2 3 5 8 15] [1 2 8] [1] [1 2 3 4 5] [1 2 3 4 5 8 19] [1 2 3 5 7] [1 2 3 4 5 6 7 8 11] [1 2 5 7] [1 2 3 4 5 6 8] [1 4 36] [] [] [] [] [] [] [] [] [] [] [] [] [] [] [] [] [] [] [] [] [] [] [] [] [] [] [] [] [] [] [] [] [] [] [] [] [] [] [] [] [] [] [] [] [] [] [] [] [] [] [] [] [] [] [] [] [] [] [] [] [] [] [] [] [] [] [] [] [] [] [] [] [] [] [] [] [] [] [] [] [] [] [] [] [] [] [] [] [] [] [] [] [] [] [] [] [] [] [] [] [] [] [] [] [] [] [] [] [] [] [] [] [] [] [] []
280 [] [1 2 3 5 6 7] [1 2 3 5] [1 2 3 5 6 8] [1 2 3 5 8 15] [1 2 8] [1] [1 2 3 4 5] [1 2 3 4 5 8 19] [1 2 3 5 7] [1 2 3 4 5 6 7 8 11] [1 2 5 7] [1 2 3 4 5 6 8] [1 4 36] [] [] [] [] [] [] [] [] [] [] [] [] [] [] [] [] [] [] [] [] [] [] [] [] [] [] [] [] [] [] [] [] [] [] [] [] [] [] [] [] [] [] [] [] [] [] [] [] [] [] [] [] [] [] [] [] [] [] [] [] [] [] [] [] [] [] [] [] [] [] [] [] [] [] [] [] [] [] [] [] [] [] [] [] [] [] [] [] [] [] [] [] [] [] [] [] [] [] [] [] [] [] [] [] [] [] [] [] [] [] [] [] [] [] [] [] []
281 [] [1 2 3 5 6 7] [1 2 3 5] [1 2 3 5 6 8] [1 2 3 5 8 15] [1 2 8] [1] [1 2 3 4 5] [1 2 3 4 5 8 19] [1 2 3 5 7] [1 2 3 4 5 6 7 8 11] [1 2 5 7] [1 2 3 4 5 6 8] [1 4 36] [] [] [] [] [] [] [] [] [] [] [] [] [] [] [] [] [] [] [] [] [] [] [] [] [] [] [] [] [] [] [] [] [] [] [] [] [] [] [] [] [] [] [] [] [] [] [] [] [] [] [] [] [] [] [] [] [] [] [] [] [] [] [] [] [] [] [] [] [] [] [] [] [] [] [] [] [] [] [] [] [] [] [] [] [] [] [] [] [] [] [] [] [] [] [] [] [] [] [] [] [] [] [] [] [] [] [] [] [] [] [] [] [] [] [] [] []
282 [] [1 2 3 5] [1 2 3 5 6 8] [1 2 3 5 8 15] [1 2 8] [1] [1 2 3 4 5] [1 2 3 4 5 8 19] [1 2 3 5 6 7] [1 2 3 5 7] [1 2 3 4 5 6 7 8 11] [1 2 5 7] [1 2 3 4 5 6 8] [1 4 36] [] [] [] [] [] [] [] [] [] [] [] [] [] [] [] [] [] [] [] [] [] [] [] [] [] [] [] [] [] [] [] [] [] [] [] [] [] [] [] [] [] [] [] [] [] [] [] [] [] [] [] [] [] [] [] [] [] [] [] [] [] [] [] [] [] [] [] [] [] [] [] [] [] [] [] [] [] [] [] [] [] [] [] [] [] [] [] [] [] [] [] [] [] [] [] [] [] [] [] [] [] [] [] [] [] [] [] [] [] [] [] [] [] [] [] [] []
283 [] [1 2 3 5 8 15] [1 2 8] [1 2 3 5] [1] [1 2 3 4 5] [1 2 3 4 5 8 19] [1 2 3 5 6 7] [1 2 3 5 7] [1 2 3 4 5 6 7 8 11] [1 2 5 7] [1 2 3 4 5 6 8] [1 4 36] [1 2] [] [] [] [] [] [] [] [] [] [] [] [] [] [] [] [] [] [] [] [] [] [] [] [] [] [] [] [] [] [] [] [] [] [] [] [] [] [] [] [] [] [] [] [] [] [] [] [] [] [] [] [] [] [] [] [] [] [] [] [] [] [] [] [] [] [] [] [] [] [] [] [] [] [] [] [] [] [] [] [] [] [] [] [] [] [] [] [] [] [] [] [] [] [] [] [] [] [] [] [] [] [] [] [] [] [] [] [] [] [] [] [] [] [] [] [] []
284 [] [1 2 3 5] [1 2] [1 2 3 4 5] [1 2 3 5 8 15] [1 2 3 4 5 8 19] [1 2 3 5 6 7] [1 2 3 5 7] [1 2 3 4 5 6 7 8 11] [1 2 3 4 5 6 8] [] [] [] [] [] [] [] [] [] [] [] [] [] [] [] [] [] [] [] [] [] [] [] [] [] [] [] [] [] [] [] [] [] [] [] [] [] [] [] [] [] [] [] [] [] [] [] [] [] [] [] [] [] [] [] [] [] [] [] [] [] [] [] [] [] [] [] [] [] [] [] [] [] [] [] [] [] [] [] [] [] [] [] [] [] [] [] [] [] [] [] [] [] [] [] [] [] [] [] [] [] [] [] [] [] [] [] [] [] [] [] [] [] [] [] [] [] [] [] [] []
285 [] [1 2] [1 2 3 4 5] [1 2 3 5 8 15] [1 2 3 4 5 8 19] [1 2 3 5 6 7] [1 2 3 5 7] [1 2 3 4 5 6 7 8 11] [1 2 3 4 5 6 8] [] [] [] [] [] [] [] [] [] [] [] [] [] [] [] [] [] [] [] [] [] [] [] [] [] [] [] [] [] [] [] [] [] [] [] [] [] [] [] [] [] [] [] [] [] [] [] [] [] [] [] [] [] [] [] [] [] [] [] [] [] [] [] [] [] [] [] [] [] [] [] [] [] [] [] [] [] [] [] [] [] [] [] [] [] [] [] [] [] [] [] [] [] [] [] [] [] [] [] [] [] [] [] [] [] [] [] [] [] [] [] [] [] [] [] [] [] [] [] [] [] []
286 [] [1 2 3 5 8 15] [1 2 3 4 5 8 19] [1 2 3 5 6] [1 2 3 5 6 7] [1 2 3 5 7] [1 2 3 4 5 6 7 8 11] [1 2 3 4 5 6 8] [] [] [] [] [] [] [] [] [] [] [] [] [] [] [] [] [] [] [] [] [] [] [] [] [] [] [] [] [] [] [] [] [] [] [] [] [] [] [] [] [] [] [] [] [] [] [] [] [] [] [] [] [] [] [] [] [] [] [] [] [] [] [] [] [] [] [] [] [] [] [] [] [] [] [] [] [] [] [] [] [] [] [] [] [] [] [] [] [] [] [] [] [] [] [] [] [] [] [] [] [] [] [] [] [] [] [] [] [] [] [] [] [] [] [] [] [] [] [] [] [] [] []
287 [] [1 2 3 5 6] [1 2 3 5 6 7] [1 2 3 5 7] [1 2 3 4 5 6 7 8 11] [1 2 3 4 5 6 8] [] [] [] [] [] [] [] [] [] [] [] [] [] [] [] [] [] [] [] [] [] [] [] [] [] [] [] [] [] [] [] [] [] [] [] [] [] [] [] [] [] [] [] [] [] [] [] [] [] [] [] [] [] [] [] [] [] [] [] [] [] [] [] [] [] [] [] [] [] [] [] [] [] [] [] [] [] [] [] [] [] [] [] [] [] [] [] [] [] [] [] [] [] [] [] [] [] [] [] [] [] [] [] [] [] [] [] [] [] [] [] [] [] [] [] [] [] [] [] [] [] [] [] [] []
288 [] [1 2 3 5 6] [1 2 3 5 6 7] [1 2 3 5 7] [1 2 3 4 5 6 7 8 11] [1 2 3 4 5 6 8] [] [] [] [] [] [] [] [] [] [] [] [] [] [] [] [] [] [] [] [] [] [] [] [] [] [] [] [] [] [] [] [] [] [] [] [] [] [] [] [] [] [] [] [] [] [] [] [] [] [] [] [] [] [] [] [] [] [] [] [] [] [] [] [] [] [] [] [] [] [] [] [] [] [] [] [] [] [] [] [] [] [] [] [] [] [] [] [] [] [] [] [] [] [] [] [] [] [] [] [] [] [] [] [] [] [] [] [] [] [] [] [] [] [] [] [] [] [] [] [] [] [] [] [] []
289 [] [1 2 3 5 6 7] [1 2 3 5 7] [1 2 3 4 5 6 7 8 11] [1 2 3 4 5 6 8] [] [] [] [] [] [] [] [] [] [] [] [] [] [] [] [] [] [] [] [] [] [] [] [] [] [] [] [] [] [] [] [] [] [] [] [] [] [] [] [] [] [] [] [] [] [] [] [] [] [] [] [] [] [] [] [] [] [] [] [] [] [] [] [] [] [] [] [] [] [] [] [] [] [] [] [] [] [] [] [] [] [] [] [] [] [] [] [] [] [] [] [] [] [] [] [] [] [] [] [] [] [] [] [] [] [] [] [] [] [] [] [] [] [] [] [] [] [] [] [] [] [] [] [] [] []
290 [] [1 2 3 5 6 7] [1 2 3 5 7] [1 2 3 4 5 6 7 8 11] [1 2 3 4 5 6 8] [] [] [] [] [] [] [] [] [] [] [] [] [] [] [] [] [] [] [] [] [] [] [] [] [] [] [] [] [] [] [] [] [] [] [] [] [] [] [] [] [] [] [] [] [] [] [] [] [] [] [] [] [] [] [] [] [] [] [] [] [] [] [] [] [] [] [] [] [] [] [] [] [] [] [] [] [] [] [] [] [] [] [] [] [] [] [] [] [] [] [] [] [] [] [] [] [] [] [] [] [] [] [] [] [] [] [] [] [] [] [] [] [] [] [] [] [] [] [] [] [] [] [] [] [] []
291 [] [1 2 3 5 6 7] [1 2 3 5 7] [1 2 3 4 5 6 7 8 11] [1 2 3 4 5 6 8] [] [] [] [] [] [] [] [] [] [] [] [] [] [] [] [] [] [] [] [] [] [] [] [] [] [] [] [] [] [] [] [] [] [] [] [] [] [] [] [] [] [] [] [] [] [] [] [] [] [] [] [] [] [] [] [] [] [] [] [] [] [] [] [] [] [] [] [] [] [] [] [] [] [] [] [] [] [] [] [] [] [] [] [] [] [] [] [] [] [] [] [] [] [] [] [] [] [] [] [] [] [] [] [] [] [] [] [] [] [] [] [] [] [] [] [] [] [] [] [] [] [] [] [] [] []
292 [] [1 2 3 5 7] [1 2 3 4 5 7 8] [1 2 3 4 5 6 7 8 11] [1 2 3 5 6 7] [1 2 3 4 5 6 8] [] [] [] [] [] [] [] [] [] [] [] [] [] [] [] [] [] [] [] [] [] [] [] [] [] [] [] [] [] [] [] [] [] [] [] [] [] [] [] [] [] [] [] [] [] [] [] [] [] [] [] [] [] [] [] [] [] [] [] [] [] [] [] [] [] [] [] [] [] [] [] [] [] [] [] [] [] [] [] [] [] [] [] [] [] [] [] [] [] [] [] [] [] [] [] [] [] [] [] [] [] [] [] [] [] [] [] [] [] [] [] [] [] [] [] [] [] [] [] [] [] [] [] [] []
293 [] [1 2 3 4 5 7 8] [1 2 3 4 5 6 7 8 11] [1 2 3 5 7] [1 2 3 5 6 7] [1 2 3 4 5 6 8] [] [] [] [] [] [] [] [] [] [] [] [] [] [] [] [] [] [] [] [] [] [] [] [] [] [] [] [] [] [] [] [] [] [] [] [] [] [] [] [] [] [] [] [] [] [] [] [] [] [] [] [] [] [] [] [] [] [] [] [] [] [] [] [] [] [] [] [] [] [] [] [] [] [] [] [] [] [] [] [] [] [] [] [] [] [] [] [] [] [] [] [] [] [] [] [] [] [] [] [] [] [] [] [] [] [] [] [] [] [] [] [] [] [] [] [] [] [] [] [] [] [] [] [] []
294 [] [1 2 3 4 5 6 7 8 11] [1 2 3 5 6 7] [1 2 3 4 5 6 8] [] [] [] [] [] [] [] [] [] [] [] [] [] [] [] [] [] [] [] [] [] [] [] [] [] [] [] [] [] [] [] [] [] [] [] [] [] [] [] [] [] [] [] [] [] [] [] [] [] [] [] [] [] [] [] [] [] [] [] [] [] [] [] [] [] [] [] [] [] [] [] [] [] [] [] [] [] [] [] [] [] [] [] [] [] [] [] [] [] [] [] [] [] [] [] [] [] [] [] [] [] [] [] [] [] [] [] [] [] [] [] [] [] [] [] [] [] [] [] [] [] [] [] [] [] [] []
295 [] [1 2 3 5 6 7] [1 2 3 4 5 6 8] [] [] [] [] [] [] [] [] [] [] [] [] [] [] [] [] [] [] [] [] [] [] [] [] [] [] [] [] [] [] [] [] [] [] [] [] [] [] [] [] [] [] [] [] [] [] [] [] [] [] [] [] [] [] [] [] [] [] [] [] [] [] [] [] [] [] [] [] [] [] [] [] [] [] [] [] [] [] [] [] [] [] [] [] [] [] [] [] [] [] [] [] [] [] [] [] [] [] [] [] [] [] [] [] [] [] [] [] [] [] [] [] [] [] [] [] [] [] [] [] [] [] [] [] [] [] [] []
296 [] [1 2 3 4 5 6 8] [] [] [] [] [] [] [] [] [] [] [] [] [] [] [] [] [] [] [] [] [] [] [] [] [] [] [] [] [] [] [] [] [] [] [] [] [] [] [] [] [] [] [] [] [] [] [] [] [] [] [] [] [] [] [] [] [] [] [] [] [] [] [] [] [] [] [] [] [] [] [] [] [] [] [] [] [] [] [] [] [] [] [] [] [] [] [] [] [] [] [] [] [] [] [] [] [] [] [] [] [] [] [] [] [] [] [] [] [] [] [] [] [] [] [] [] [] [] [] [] [] [] [] [] [] [] [] [] []
