day not_working team1 team2 team3 team4 team5 team6 team7 team8 team9 team10 team11 team12 team13 team14 team15 team16 team17 team18 team19 team20 team21 team22 team23 team24 team25 team26 team27 team28 team29 team30 team31 team32 team33 team34 team35 team36 team37 team38 team39 team40 team41 team42 team43 team44 team45 team46 team47 team48 team49 team50 team51 team52 team53 team54 team55 team56 team57 team58 team59 team60
1 [10 24 25 30 42 43 46] [1 2 4] [1] [1 2 4 5 6] [1 5 7] [1 3] [1 2 4 6] [1 2 4 5 6 7 9] [1 2 5 6] [1 2 4 5 6 7] [1 2 4 5 6 15] [1 5 6] [1 2 6 23] [1 2 5] [1 6] [1 2 4 5] [1 2 5 6 7 23 36] [1 2] [1 2 4 6 15 16] [1 2 6] [1 2 4 5 6 7 15 16 23 34] [1 2 4 6 7] [1 2 4 5 6 7 13 23 36 49] [1 2 4 5 6 7 9 11 23 34] [1 5] [1 2 4 5 6 7 23 36] [1 2 5 6 23] [1 2 4 5 6 23] [1 2 4 5 6 8] [1 2 4 5 7] [1 2 4 5 6 7 23] [1 2 4 6 15 23] [1 2 4 6 8] [1 2 4 5 6 7 23 34] [1 2 4 5 6 7 19] [1 2 6 7 23] [1 2 4 5 6 19] [1 2 4 5 6 7 13 19 23 36 49] [1 2 4 5 6 7 9 23] [1 6 7] [1 3 6] [1 2 4 5 6 7 9 23 34] [1 2 5 6 7] [1 2 4 5 7 19] [] [] [] [] [] [] [] [] [] [] [] [] [] [] [] [] []
2 [5 6 24 31 35] [1] [1 2 4 7 8] [1 7] [1 3] [1 2 4 15] [1 2 4 7 8 9 12 19] [1 2 7 8 9] [1 2 4 7 9 12 19] [1 2 4 7 15 16] [1 2 4] [1 2 4 7 15 19] [1 2 7 23] [1 2 7 8 9 12] [1 2 19] [1 2 15 19] [1 2 4 7] [1 2 4 8 9 19] [1 2 7 9 19] [1 2 7 9 10 19 23 36] [1 2] [1 2 4 8 15 16 20] [1 2 15] [1 2 4 7 8 10 15 16 20 23 34] [1 2 7] [1 2 4 7 10 15] [1 2 4 7 8 9 15] [1 2 7 8] [1 2 4 7 9 10 13 23 36 43] [1 2 9] [1 2 4 7 8 9 11 12 19 23 34] [1 2 4 8 19] [1 2 4 7 10 19 23 36] [1 2 7 19 23] [1 2 4 9 15] [1 2 4 7 9 23] [1 2 4 7 8 10] [1 2 7 19] [1 2 4 7 9 10 15 19 23] [1 2 4 7 15 16 23] [1 2 4 7 8 10 15] [1 2 4 8 15] [1 2 4 7 10 23 34] [1 2 4 7 9 10 12 19 33] [1 2 7 10 15 23] [1 2 7 15] [1 2 4 8] [1 2 4 7 9 10 23 36] [1 2 4 8 9 19 33] [1 2 4 15 19] [1 2 4 7 9 10 13 19 23 33 36 43] [1 2 4 7 10 15 19] [1 2 4 7 9 12 15 23] [1 3 7] [1 2 4 7 8 9 23 34] [1 2 7 9 12 19] [1 2 9 19] [1 2 4 7 9 19 33] [1 2 4 7 10] [1 2 4 7 10 23] [1 2 4 7 15]
3 [8 9 20 29 31] [1 5 7] [1 3] [1 2 4 6] [1 2 4 5 6 7 11] [1 2 5 6] [1 2 4 5 6 7] [1 2 4 5 6 15] [1 2 4] [1 5 6] [1 2 4 5 6] [1 2 6 23] [1] [1 2 5] [1 6] [1 2 4 5] [1 2 5 6 7 23 36] [1 2] [1 2 4 6 15 16] [1 2 6] [1 2 4 5 6 7 15 16 23 34] [1 2 4 6 7] [1 2 4 5 6 7 10 23 36 43] [1 2 4 5 6 7 11 14 23 34] [1 5] [1 2 4 5 6 7 23 36] [1 2 5 6 23] [1 2 4 5 6 23] [1 2 4 5 6 10] [1 2 4 5 7] [1 2 4 5 6 7 23] [1 2 4 6 15 23] [1 2 4 6 10] [1 2 4 5 6 7 23 34] [1 2 4 5 6 7 19] [1 2 6 7 23] [1 2 4 5 6 19] [1 2 4 5 6 7 10 19 23 36 43] [1 2 4 5 6 7 11 23] [1 6 7] [1 3 6] [1 2 4 5 6 7 11 23 34] [1 2 5 6 7] [1 2 4 5 7 19] [] [] [] [] [] [] [] [] [] [] [] [] [] [] [] [] []
4 [26 41 42 49] [1 2 4 6] [1 2 4 5 6 7 9] [1 2 5 6] [1 2 4 5 6 7] [1 2 4 5 6 15] [1 2 4] [1 2 4 5 6] [1 2 6 23] [1] [1 2 5] [1 6] [1 2 4 5] [1 2 5 6 7 23 36] [1 2] [1 2 4 6 15 16] [1 2 6] [1 2 4 5 6 7 15 16 23 34] [1 2 4 6 7] [1 2 4 5 6 7 10 23 36 43] [1 2 4 5 6 7 9 11 23 34] [1 3] [1 5] [1 2 4 5 6 7 23 36] [1 2 5 6 23] [1 2 4 5 6 23] [1 2 4 5 6 8] [1 2 4 5 7] [1 2 4 5 6 7 23] [1 2 4 6 15 23] [1 2 4 6 8] [1 2 4 5 6 7 23 34] [1 2 4 5 6 7 19] [1 2 6 7 23] [1 2 4 5 6 19] [1 2 4 5 6 7 10 19 23 36 43] [1 2 4 5 6 7 9 23] [1 6 7] [1 3 6] [1 2 4 5 6 7 9 23 34] [1 2 5 6 7] [1 2 4 5 7 19] [] [] [] [] [] [] [] [] [] [] [] [] [] [] [] [] [] [] []
5 [10 31 47] [1 2 4 6] [1 2 4 5 6 7 9] [1 2 5 6] [1 2 4 5 6 7] [1 2 4 5 6 15] [1 2 4] [1 2 4 5 6] [1 2 6 23] [1] [1 2 5] [1 6] [1 2 4 5] [1 2 5 6 7 23 36] [1 2] [1 2 4 6 15 16] [1 2 6] [1 2 4 5 6 7 15 16 23 34] [1 2 4 6 7] [1 2 4 5 6 7 13 23 36 43] [1 2 4 5 6 7 9 11 23 34] [1 3] [1 5] [1 2 4 5 6 7 23 36] [1 2 5 6 23] [1 2 4 5 6 23] [1 2 4 5 6 8] [1 2 4 5 7] [1 2 4 5 6 7 23] [1 2 4 6 15 23] [1 2 4 6 8] [1 2 4 5 6 7 23 34] [1 2 4 5 6 7 19] [1 2 6 7 23] [1 2 4 5 6 19] [1 2 4 5 6 7 13 19 23 36 43] [1 2 4 5 6 7 9 23] [1 6 7] [1 3 6] [1 2 4 5 6 7 9 23 34] [1 2 5 6 7] [1 2 4 5 7 19] [] [] [] [] [] [] [] [] [] [] [] [] [] [] [] [] [] [] []
6 [49] [1 2 4 6] [1 2 4 5 6 7 9] [1 2 5 6] [1 2 4 5 6 7] [1 2 4 5 6 15] [1 2 4] [1 2 4 5 6] [1 2 6 23] [1] [1 2 5] [1 6] [1 2 4 5] [1 2 5 6 7 23 36] [1 2] [1 2 4 6 15 16] [1 2 6] [1 2 4 5 6 7 15 16 23 34] [1 2 4 6 7] [1 2 4 5 6 7 10 23 36 43] [1 2 4 5 6 7 9 11 23 34] [1 3] [1 5] [1 2 4 5 6 7 23 36] [1 2 5 6 23] [1 2 4 5 6 23] [1 2 4 5 6 8] [1 2 4 5 7] [1 2 4 5 6 7 23] [1 2 4 6 15 23] [1 2 4 6 8] [1 2 4 5 6 7 23 34] [1 2 4 5 6 7 19] [1 2 6 7 23] [1 2 4 5 6 19] [1 2 4 5 6 7 10 19 23 36 43] [1 2 4 5 6 7 9 23] [1 6 7] [1 3 6] [1 2 4 5 6 7 9 23 34] [1 2 5 6 7] [1 2 4 5 7 19] [] [] [] [] [] [] [] [] [] [] [] [] [] [] [] [] [] [] []
7 [1 14 20 31 45] [2 4 6] [2 4 5 6 7 9 11] [2 5 6 7] [2 4 5 6 7 9] [2 4 5 6 15] [2 4 5 6] [2 4 6 7 23] [5] [2 4 5 6 7] [2 5] [6 7] [2 5 6] [2 4 5 6 7 23 36] [2] [2 4 5 6 15 16] [2 4 5 6 7 9 15 16 23 34] [2 4 5 6 7 10 23 36 43] [2 4 5 6 7 9 11 16 23 34] [3 5] [5 6] [2 4 5 6 23] [2 4 5 6 7 8] [2 4 5 6 7 23] [2 4 5 6 7 15 23] [2 4 5] [2 4 5 6 7 9 23 34] [2 4 5 6 7 19] [2 4 6 15 23] [2 5 6 23] [2 4 6 7] [2 4 5 6 19] [2 4 5 6 7 10 19 23 36 43] [2 4] [2 4 5 6 7 9 11 23] [6 7 11] [2 6] [3 5 6 7] [2 4 5 6 7 9 11 23 34] [2 4 7] [2 4 5 6 7 9 19] [] [] [] [] [] [] [] [] [] [] [] [] [] [] [] [] [] [] [] []
8 [6 19 23 27 28 39 41 43] [1 2 4 15] [1 2 4 5 7 8 9] [1 2 5 7] [1 2 4 5 7 9] [1 2 4 5 15 16] [1 2 4] [1 2 4 5 7 15] [1 2 7 36] [1] [1 2 5 7 9] [1 2 5] [1 7] [1 2 5 15] [1 2 4 5] [1 2 4 5 8] [1 2 5 7 10 36 46] [1 2] [1 2 4 5 7] [1 2 4 8 15 16 20] [1 2 15] [1 2 4 5 7 8 10 15 16 20 34 40] [1 2 4 7 10 15] [1 2 4 5 7 10 13 36 46 49] [1 2 4 5 7 9 11 34 40] [1 3] [1 5] [1 2 4 5 7 10 36 46] [1 2 5 7 36] [1 2 4 5 15] [1 2 4 5 7 36] [1 2 4 5 7 8 10] [1 2 4 5 7 10 15 34] [1 2 4 7 15 16 34 36] [1 2 4 7 8 10 15] [1 2 4 8 15] [1 2 4 5 7 10 34 40] [1 2 4 5 7 9 10 33] [1 2 7 10 15 36] [1 2 4 7 15 16 36] [1 2 5 7 15] [1 2 4 8] [1 2 4 5 8 33] [1 2 4 5 9] [1 2 4 5 7 10 13 33 34 36 46 49] [1 2 4 7] [1 2 4 5 7 10 15] [1 2 4 5 7 9 15 34] [1 3 7] [1 2 4 5 7 9 34 36 40] [1 2 4 5 7 33] [1 2 4 7 10] [1 2 4 5 7 10 34 36] [1 2 4 5 7 10] [] [] [] [] [] [] []
9 [1 6 27 28 44] [2 4 7 15] [2 4 5 7 8 9 11] [2 5 7 8] [2 4 5 7 9] [2 4 5 7 15 16] [2 4 7] [2 4 5 7 15] [2 4 7 23] [5] [2 4 5 7 8 9] [2 5] [7 8] [2 5 15] [2 4 5 7] [2 4 5 7 8] [2 4 5 7 10 23 36] [2] [2 4 5 7 8 15 16 20] [2 4 5 7 8 9 10 15 16 20 23 34] [2 4 5 7 10 15] [2 4 5 7 8 15] [2 4 5 7 10 13 23 36 43] [2 4 5 7 8 9 11 14 23 34] [3 5] [5 7] [2 4 5 7 23] [2 4 5 15] [2 4 5 7 8 10] [2 5 7] [2 4 5 7 10 15 23] [2 4 5 7 15 16 23] [2 4 5 7 8 10 15] [2 4 5] [2 4 5 7 9 10 23 34] [2 4 5 7 9 10 19] [2 4 7 10 15 23] [2 5 7 15] [2 4 7 15 16 23] [2 5 7 23] [2 4 7 8] [2 4 5 7 8 19] [2 4 5 7 10 13 19 23 36 43] [2 4] [2 4 5 7 9 11 15 23] [7 8 11] [2 7] [3 5 7 8] [2 4 5 7 8 9 11 23 34] [2 4 5 7 9 19] [2 4 7 10] [2 4 5 7 10 23] [2 4 5 7 10] [] [] [] [] [] [] [] []
10 [4 7 17 34 36] [1 2 5 6 8 9 11] [1 2 5 6] [1 2 5 6 9] [1 2 5 6 15] [1 2 6] [1 2 6 23] [1] [1 2 5] [1 6] [1 2 5 6 8] [1 2 5 6 10 23 43] [1 2] [1 2 5 6 8 15 16] [1 2 5 6 8 9 10 15 16 23 40] [1 2 6 10] [1 2 5 6 10 13 23 43 46] [1 2 5 6 8 9 11 14 23 40] [1 3] [1 5] [1 2 5 6 23] [1 2 5 6 8 10] [1 2 5 6 10 23] [1 2 6 15 23] [1 2 6 8 10] [1 2 5 6 9 10 23 40] [1 2 5 6 10 19] [1 2 6 10 23] [1 2 6 8] [1 2 5 6 8 19] [1 2 5 6 10 13 19 23 43 46] [1 2 5 6 10] [1 2 5 6 9 11 23] [1 6 11] [1 3 6] [1 2 5 6 9 11 23 40] [1 2 5 6 9 19] [] [] [] [] [] [] [] [] [] [] [] [] [] [] [] [] [] [] [] [] [] [] [] []
11 [19 39 43 49] [1 2 5 6] [1 2 4 5 6 7] [1 2 4 5 6 15] [1 2 4] [1 2 4 5 6] [1 2 6 23] [1] [1 2 5] [1 6] [1 2 4 5] [1 2 5 6 7 23 36] [1 2] [1 2 4 6 15 16] [1 2 6] [1 2 4 5 6 7 15 16 23 34] [1 2 4 6 7] [1 2 4 5 6 7 10 23 36 46] [1 2 4 5 6 7 9 11 23 34] [1 3] [1 5] [1 2 4 5 6 7 23 36] [1 2 5 6 23] [1 2 4 5 6 23] [1 2 4 5 6 8] [1 2 4 5 7] [1 2 4 5 6 7 23] [1 2 4 6 15 23] [1 2 4 6 8] [1 2 4 6] [1 2 4 5 6 7 23 34] [1 2 4 5 6 7 33] [1 2 6 7 23] [1 2 4 5 6 33] [1 2 4 5 6 7 10 23 33 36 46] [1 2 4 5 6 7 9 23] [1 6 7] [1 3 6] [1 2 7] [1 2 4 5 6 7 9 23 34] [1 2 5 6 7] [1 2 4 5 7 33] [] [] [] [] [] [] [] [] [] [] [] [] [] [] [] [] [] [] []
12 [11 21 34] [1 2 4 5 6 15] [1 2 4] [1 2 4 5 6] [1 2 6 23] [1] [1 2 5 6] [1 2 5] [1 6] [1 2 4 5] [1 2 5 6 7 23 36] [1 2] [1 2 4 6 15 16] [1 2 6] [1 2 4 5 6 7 15 16 23 40] [1 2 4 6 7] [1 2 4 5 6 7 10 23 36 43] [1 2 4 5 6 7 9 14 23 40] [1 3] [1 5] [1 2 4 5 6 7 23 36] [1 2 5 6 23] [1 2 4 5 6 23] [1 2 4 5 6 8] [1 2 4 5 7] [1 2 4 5 6 7 23] [1 2 4 6 15 23] [1 2 4 6 8] [1 2 4 6] [1 2 4 5 6 7 23 40] [1 2 4 5 6 7 19] [1 2 6 7 23] [1 2 4 5 6 19] [1 2 4 5 6 7 10 19 23 36 43] [1 2 4 5 6 7] [1 2 4 5 6 7 9 23] [1 6 7] [1 3 6] [1 2 7] [1 2 4 5 6 7 9 23 40] [1 2 5 6 7] [1 2 4 5 7 19] [] [] [] [] [] [] [] [] [] [] [] [] [] [] [] [] [] [] []
13 [32 34 44] [1 2 4] [1 2 4 5 6] [1 2 6 23] [1] [1 2 5 6] [1 2 5] [1 6] [1 2 4 5] [1 2 5 6 7 23 36] [1 2] [1 2 4 6 15 16] [1 2 6] [1 2 4 5 6 7 15 16 23 40] [1 2 4 6 7] [1 2 4 5 6 7 10 23 36 43] [1 2 4 5 6 7 9 11 23 40] [1 3] [1 5] [1 2 4 5 6 7 23 36] [1 2 5 6 23] [1 2 4 5 6 23] [1 2 4 5 6 8] [1 2 4 5 7] [1 2 4 5 6 7 23] [1 2 4 6 15 23] [1 2 4 6 8] [1 2 4 6] [1 2 4 5 6 7 23 40] [1 2 4 5 6 7 19] [1 2 6 7 23] [1 2 4 5 6 19] [1 2 4 5 6 7 10 19 23 36 43] [1 2 4 5 6 7] [1 2 4 5 6 7 9 23] [1 6 7] [1 3 6] [1 2 4 5 6 15] [1 2 7] [1 2 4 5 6 7 9 23 40] [1 2 5 6 7] [1 2 4 5 7 19] [] [] [] [] [] [] [] [] [] [] [] [] [] [] [] [] [] [] []
14 [5 39 44] [1 2 4] [1 2 4 6 19] [1 2 6 23] [1] [1 2 6 7 9] [1 2 19] [1 6] [1 2 6 19] [1 2 4 6] [1 2 6 7 19 23 36] [1 2] [1 2 4 6 15 16] [1 2 4 6 7] [1 2 6] [1 2 4 6 7 15 16 23 34] [1 2 6 7] [1 2 4 6 7 10 23 36 43] [1 2 4 6 7 9 11 19 23 34] [1 3] [1 2 4 6 7 19 23 36] [1 2 6 19 23] [1 2 4 6 23] [1 2 4 6 7 8] [1 2 4 6 7 19 23] [1 2 4 6 15 23] [1 2 4 6 8] [1 2 4 6 7 23 34] [1 2 4 6 7 9 19 33] [1 2 6 7 23] [1 2 4 6 7 23 36] [1 2 4 6 19 33] [1 2 4 6 9 19] [1 2 4 6 7 10 19 23 33 36 43] [1 2 4 6 7 19] [1 2 4 6 7 9 23] [1 6 7] [1 3 6] [1 2 4 6 15] [1 2 7] [1 2 4 6 7 9 23 34] [1 2 6 7 9 19] [1 2 4 6 7 19 33] [1 2 4 6 7 23] [] [] [] [] [] [] [] [] [] [] [] [] [] [] [] [] []
15 [5 8 12 13 18 26 36 43 47] [1 2 4] [1 2 4 6 19] [1 2 6 23] [1] [1 2 6 7 9] [1 2 19] [1 6] [1 2 6 19] [1 2 4 6] [1 2 6 7 19 23 46] [1 2] [1 2 4 6 15 16] [1 2 4 6 7] [1 2 6] [1 2 4 6 7 15 16 23 34] [1 2 6 7] [1 2 4 6 7 10 23 46 49] [1 2 4 6 7 9 11 19 23 34] [1 3] [1 2 4 6 7 19 23 46] [1 2 6 19 23] [1 2 4 6 23] [1 2 4 6 7 10] [1 2 4 6 7 19 23] [1 2 4 6 15 23] [1 2 4 6 10] [1 2 4 6 7 23 34] [1 2 4 6 7 9 19 33] [1 2 6 7 23] [1 2 4 6 7 23 46] [1 2 4 6 19 33] [1 2 4 6 9 19] [1 2 4 6 7 10 19 23 33 46 49] [1 2 4 6 7 19] [1 2 4 6 7 9 23] [1 6 7] [1 3 6] [1 2 4 6 15] [1 2 7] [1 2 4 6 7 9 23 34] [1 2 6 7 9 19] [1 2 4 6 7 19 33] [1 2 4 6 7 23] [] [] [] [] [] [] [] [] [] [] [] [] [] [] [] [] []
16 [10 14 19 24 48] [1 2 4] [1 2 4 5 6] [1 2 6 23] [1] [1 2 5 6] [1 2 5] [1 6] [1 2 4 5] [1 2 5 6 7 23 36] [1 2] [1 2 4 6 15 16] [1 2 6] [1 2 4 5 6 7 15 16 23 34] [1 2 4 6 7] [1 2 4 5 6 7 13 23 36 43] [1 2 4 5 6 7 9 11 23 34] [1 3] [1 5] [1 2 4 5 6 7 23 36] [1 2 5 6 23] [1 2 4 5 6 23] [1 2 4 5 6 8] [1 2 4 5 7] [1 2 4 5 6 7 23] [1 2 4 6 15 23] [1 2 4 6 8] [1 2 4 6] [1 2 4 5 6 7 23 34] [1 2 4 5 6 7 33] [1 2 6 7 23] [1 2 4 5 6 33] [1 2 4 5 6 7 13 23 33 36 43] [1 2 4 5 6 7] [1 2 4 5 6 7 9 23] [1 6 7] [1 3 6] [1 2 4 5 6 15] [1 2 7] [1 2 4 5 6 7 9 23 34] [1 2 5 6 7] [1 2 4 5 7 33] [] [] [] [] [] [] [] [] [] [] [] [] [] [] [] [] [] [] []
17 [6 36] [1 2 4 5 7 15] [1 2 7 23] [1] [1 2 5 7 9] [1 2 5] [1 7] [1 2 5 15] [1 2 4 5] [1 2 4 5 8] [1 2 5 7 10 23 43] [1 2] [1 2 4 5 7] [1 2 4 8 15 16 20] [1 2 15] [1 2 4 5 7 8 10 15 16 20 23 34] [1 2 4 7 10 15] [1 2 5 7] [1 2 4 5 7 10 13 23 43 46] [1 2 4 5 7 9 11 23 34] [1 3] [1 5] [1 2 4 5 7 10 23 43] [1 2 5 7 23] [1 2 4 5 15] [1 2 4] [1 2 4 5 7 23] [1 2 4 5 7 8 10] [1 2 4 5 7 10 15 23] [1 2 4 7 15 16 23] [1 2 4 7 8 10 15] [1 2 4 8 15] [1 2 4 5 7 10 23 34] [1 2 4 5 7 9 10 19] [1 2 7 10 15 23] [1 2 5 7 15] [1 2 4 8] [1 2 4 5 8 19] [1 2 4 5 9] [1 2 4 5 7 10 13 19 23 43 46] [1 2 4 7] [1 2 4 5 7 10 15] [1 2 4 5 7 9 15 23] [1 3 7] [1 2 4 5 15 16] [1 2 7] [1 2 4 5 7 9 23 34] [1 2 4 5 7 19] [1 2 4 7 10] [1 2 4 5 7 10 23] [1 2 4 5 7 10] [] [] [] [] [] [] [] [] [] []
18 [1 8 10 11 16 17] [2 4 5 6] [5 6] [2 4 6 7 23] [5] [2 4 5 6 7] [2 5] [6 7] [2 5 6] [2 4 5 6 7 23 36] [2] [2 4 5 6 15 20] [2 4 5 6 7 9 15 20 23 34] [2 4 5 6 7 13 23 36 43] [2 4 5 6 7 9 14 23 34] [3 5] [2 4 5 6 23] [2 4 6] [2 4 5 6 7 14] [2 4 5 6 7 9] [2 4 5 6 7 23] [2 4 5 6 7 15 23] [2 4 5] [2 4 5 6 7 9 23 34] [2 4 5 6 7 19] [2 4 6 15 23] [2 5 6 23] [2 4 6 7] [2 4 5 6 19] [2 4 5 6 7 13 19 23 36 43] [2 4] [2 4 5 6 7 9 14 23] [6 7 12] [2 6] [3 5 6 7] [2 4 5 6 15] [2 4 7 9] [2 4 7] [2 4 5 6 7 9 19] [] [] [] [] [] [] [] [] [] [] [] [] [] [] [] [] [] [] [] [] [] []
19 [6 9 30 31 33 44] [1 5] [1 2 7 23] [1] [1 2 5 7 12] [1 2 5] [1 7] [1 2 5 15] [1 2 4 5] [1 2 4 5 8] [1 2 5 7 10 23 36] [1 2] [1 2 4 5 7] [1 2 4 8 15 16 20] [1 2 15] [1 2 4 5 7 8 10 15 16 20 23 34] [1 2 4 7 10 15] [1 2 4 5 7 15] [1 2 5 7] [1 2 4 5 7 10 13 23 36 43] [1 2 4 5 7 11 12 14 23 34] [1 3] [1 2 4 5 7 10 23 36] [1 2 5 7 23] [1 2 4 5 15] [1 2 4] [1 2 4 5 7 23] [1 2 4 5 7 8 10] [1 2 4 5 7 10 15 23] [1 2 4 7 15 16 23] [1 2 4 7 8 10 15] [1 2 4 8 15] [1 2 4 5 7 10 23 34] [1 2 4 5 7 10 12 19] [1 2 7 10 15 23] [1 2 5 7 15] [1 2 4 8] [1 2 4 5 8 19] [1 2 4 5 12] [1 2 4 5 7 10 13 19 23 36 43] [1 2 4 7] [1 2 4 5 7 10 15] [1 2 4 5 7 11 12 15 23] [1 3 7] [1 2 4 5 15 16] [1 2 7] [1 2 4 5 7 11 23 34] [1 2 4 5 7 19] [1 2 4 7 10] [1 2 4 5 7 10 23] [1 2 4 5 7 10] [] [] [] [] [] [] [] [] [] []
20 [36 39 42 44 45 50] [1 2 6 23] [1 2 5] [1 6] [1 2 5 6] [1 2 4 5] [1 2 4 5 6] [1 2 5 6 7 23 43] [1 2] [1] [1 2 4 6 15 16] [1 2 6] [1 2 4 5 6 7 15 16 23 34] [1 2 4 6 7] [1 2 4 5 6 7 10 23 43 46] [1 2 4 5 6 7 9 11 23 34] [1 3] [1 5] [1 2 4 5 6 7 23 43] [1 2 5 6 23] [1 2 4] [1 2 4 5 6 23] [1 2 4 5 6 8] [1 2 4 5 7] [1 2 4 5 6 7 23] [1 2 4 6 15 23] [1 2 4 6 8] [1 2 4 6] [1 2 4 5 6 7 23 34] [1 2 4 5 6 7 19] [1 2 6 7 23] [1 2 4 5 6 19] [1 2 4 5 6 7 10 19 23 43 46] [1 2 4 5 6 7] [1 2 4 5 6 7 9 23] [1 6 7] [1 3 6] [1 2 4 5 6 15] [1 2 7] [1 2 4 5 6 7 9 23 34] [1 2 5 6 7] [1 2 4 5 7 19] [] [] [] [] [] [] [] [] [] [] [] [] [] [] [] [] [] [] []
21 [7 9 19 25 28 34 40] [1 2 6 23] [1 2 5] [1 6] [1 2 5 6] [1 2 4 5] [1 2 4 5 6] [1 2 5 6 10 23 36] [1 2] [1] [1 2 4 6 15 16] [1 2 6] [1 2 4 5 6 10 11 15 16 23 43] [1 2 4 6 10] [1 2 4 5 6 10 13 23 36 43] [1 2 4 5 6 11 14 16 23 43] [1 3] [1 5] [1 2 4 5 6 10 23 36] [1 2 5 6 23] [1 2 4] [1 2 4 5 6 23] [1 2 4 5 6 8] [1 2 4 5 11] [1 2 4 5 6 10 23] [1 2 4 6 15 23] [1 2 4 6 8] [1 2 4 6] [1 2 4 5 6 10 11 23 43] [1 2 4 5 6 10 33] [1 2 6 10 23] [1 2 4 5 6 33] [1 2 4 5 6 10 13 23 33 36 43] [1 2 4 5 6 10] [1 2 4 5 6 11 14 23] [1 6 11] [1 3 6] [1 2 4 5 6 15] [1 2 11] [1 2 4 5 6 11 14 23 43] [1 2 5 6 11] [1 2 4 5 11 33] [] [] [] [] [] [] [] [] [] [] [] [] [] [] [] [] [] [] []
22 [17] [1 2 6 23] [1 2 5] [1 6] [1 2 5 6] [1 2 4 5] [1 2 4 5 6] [1 2 5 6 7 23 36] [1 2] [1] [1 2 4 6 15 16] [1 2 6] [1 2 4 5 6 7 15 16 23 34] [1 2 4 6 7] [1 2 4 5 6 7 10 23 36 43] [1 2 4 5 6 7 9 11 23 34] [1 3] [1 5] [1 2 4 5 6 7 23 36] [1 2 5 6 23] [1 2 4] [1 2 4 5 6 23] [1 2 4 5 6 8] [1 2 4 5 7] [1 2 4 5 6 7 23] [1 2 4 6 15 23] [1 2 4 6 8] [1 2 4 6] [1 2 4 5 6 7 23 34] [1 2 4 5 6 7 19] [1 2 6 7 23] [1 2 4 5 6 19] [1 2 4 5 6 7 10 19 23 36 43] [1 2 4 5 6 7] [1 2 4 5 6 7 9 23] [1 6 7] [1 3 6] [1 2 4 5 6 15] [1 2 7] [1 2 4 5 6 7 9 23 34] [1 2 5 6 7] [1 2 4 5 7 19] [] [] [] [] [] [] [] [] [] [] [] [] [] [] [] [] [] [] []
23 [3 13 22 33] [1 2 5] [1 6] [1 2 5 6] [1 2 4 5] [1 2 4 5 6] [1 2 5 6 7 23 36] [1 2] [1] [1 2 4 6 15 16] [1 2 6] [1 2 4 5 6 7 15 16 23 34] [1 2 4 6 7] [1 2 4 5 6 7 10 23 36 43] [1 2 4 5 6 7 9 11 23 34] [1 5] [1 2 4 5 6 7 23 36] [1 2 5 6 23] [1 2 4] [1 2 4 5 6 23] [1 2 4 5 6 8] [1 2 4 5 7] [1 2 4 5 6 7 23] [1 2 4 6 15 23] [1 2 4 6 8] [1 2 4 6] [1 2 4 5 6 7 23 34] [1 2 4 5 6 7 19] [1 2 6 7 23] [1 2 6 23] [1 2 4 5 6 19] [1 2 4 5 6 7 10 19 23 36 43] [1 2 4 5 6 7] [1 2 4 5 6 7 9 23] [1 6 7] [1 5 6] [1 2 4 5 6 15] [1 2 7] [1 2 4 5 6 7 9 23 34] [1 2 5 6 7] [1 2 4 5 7 19] [] [] [] [] [] [] [] [] [] [] [] [] [] [] [] [] [] [] [] []
24 [16 41] [1 6] [1 2 5 6] [1 2 4 5] [1 2 4 5 6] [1 2 5] [1 2 5 6 7 23 36] [1 2] [1] [1 2 4 6 15 20] [1 2 6] [1 2 4 5 6 7 15 20 23 34] [1 2 4 6 7] [1 2 4 5 6 7 10 23 36 43] [1 2 4 5 6 7 9 11 23 34] [1 3] [1 5] [1 2 4 5 6 7 23 36] [1 2 5 6 23] [1 2 4] [1 2 4 5 6 23] [1 2 4 5 6 8] [1 2 4 5 7] [1 2 4 5 6 7 23] [1 2 4 6 15 23] [1 2 4 6 8] [1 2 4 6] [1 2 4 5 6 7 23 34] [1 2 4 5 6 7 19] [1 2 6 7 23] [1 2 6 23] [1 2 4 5 6 19] [1 2 4 5 6 7 10 19 23 36 43] [1 2 4 5 6 7] [1 2 4 5 6 7 9 23] [1 6 7] [1 3 6] [1 2 4 5 6 15] [1 2 7] [1 2 4 5 6 7 9 23 34] [1 2 5 6 7] [1 2 4 5 7 19] [] [] [] [] [] [] [] [] [] [] [] [] [] [] [] [] [] [] []
25 [16 18 47 49] [1 2 5 6] [1 2 4 5] [1 2 4 5 6] [1 2 5] [1 2 5 6 7 23 36] [1 2] [1 2 4 6 15 20] [1 2 6] [1 2 4 5 6 7 15 20 23 34] [1 2 4 6 7] [1 2 4 5 6 7 10 23 36 43] [1 2 4 5 6 7 9 11 23 34] [1 3] [1 5] [1 2 4 5 6 7 23 36] [1 2 5 6 23] [1 2 4] [1 2 4 5 6 23] [1] [1 2 4 5 6 8] [1 2 4 5 7] [1 2 4 5 6 7 23] [1 2 4 6 15 23] [1 2 4 6 8] [1 2 4 6] [1 2 4 5 6 7 23 34] [1 2 4 5 6 7 19] [1 2 6 7 23] [1 2 6 23] [1 2 4 5 6 19] [1 2 4 5 6 7 10 19 23 36 43] [1 2 4 5 6 7] [1 2 4 5 6 7 9 23] [1 6 7] [1 6] [1 3 6] [1 2 4 5 6 15] [1 2 7] [1 2 4 5 6 7 9 23 34] [1 2 5 6 7] [1 2 4 5 7 19] [] [] [] [] [] [] [] [] [] [] [] [] [] [] [] [] [] [] []
26 [11 12 50] [1 2 5 6] [1 2 4 5] [1 2 4 5 6] [1 2 5] [1 2 5 6 7 23 36] [1 2] [1 2 4 6 15 16] [1 2 6] [1 2 4 5 6 7 15 16 23 34] [1 2 4 6 7] [1 2 4 5 6 7 10 23 36 43] [1 2 4 5 6 7 9 14 23 34] [1 3] [1 5] [1 2 4 5 6 7 23 36] [1 2 5 6 23] [1 2 4] [1 2 4 5 6 23] [1] [1 2 4 5 6 8] [1 2 4 5 7] [1 2 4 5 6 7 23] [1 2 4 6 15 23] [1 2 4 6 8] [1 2 4 6] [1 2 4 5 6 7 23 34] [1 2 4 5 6 7 19] [1 2 6 7 23] [1 2 6 23] [1 2 4 5 6 19] [1 2 4 5 6 7 10 19 23 36 43] [1 2 4 5 6 7] [1 2 4 5 6 7 9 23] [1 6 7] [1 6] [1 3 6] [1 2 4 5 6 15] [1 2 7] [1 2 4 5 6 7 9 23 34] [1 2 5 6 7] [1 2 4 5 7 19] [] [] [] [] [] [] [] [] [] [] [] [] [] [] [] [] [] [] []
27 [20 24 31] [1 2 5 6] [1 2 4 5] [1 2 4 5 6] [1 2 5] [1 2 5 6 7 23 36] [1 2] [1 2 4 6 15 16] [1 2 6] [1 2 4 5 6 7 15 16 23 34] [1 2 4 6 7] [1 2 4 5 6 7 10 23 36 43] [1 2 4 5 6 7 9 11 23 34] [1 3] [1 5] [1 2 4 5 6 7 23 36] [1 2 5 6 23] [1 2 4] [1 2 4 5 6 23] [1] [1 2 4 5 6 8] [1 2 4 5 7] [1 2 4 5 6 7 23] [1 2 4 6 15 23] [1 2 4 6 8] [1 2 4 6] [1 2 4 5 6 7 23 34] [1 2 4 5 6 7 19] [1 2 6 7 23] [1 2 6 23] [1 2 4 5 6 19] [1 2 4 5 6 7 10 19 23 36 43] [1 2 4 5 6 7] [1 2 4 5 6 7 9 23] [1 6 7] [1 6] [1 3 6] [1 2 4 5 6 15] [1 2 7] [1 2 4 5 6 7 9 23 34] [1 2 5 6 7] [1 2 4 5 7 19] [] [] [] [] [] [] [] [] [] [] [] [] [] [] [] [] [] [] []
28 [15 32 42 48 49] [1 2 5 6] [1 2 4 5] [1 2 4 5 6] [1 2 5] [1 2 5 6 7 23 36] [1 2] [1 2 4 6 16 20] [1 2 6] [1 2 4 5 6 7 16 20 23 34] [1 2 4 6 7] [1 2 4 5 6 7 10 23 36 43] [1 2 4 5 6 7 9 11 23 34] [1 3] [1 5] [1 2 4 5 6 7 23 36] [1 2 5 6 23] [1 2 4] [1 2 4 5 6 23] [1] [1 2 4 5 6 8] [1 2 4 5 7] [1 2 4 5 6 7 23] [1 2 4 6 16 23] [1 2 4 6 8] [1 2 4 6] [1 2 4 5 6 7 23 34] [1 2 4 5 6 7 19] [1 2 6 7 23] [1 2 6 23] [1 2 4 5 6 19] [1 2 4 5 6 7 10 19 23 36 43] [1 2 4 5 6 7] [1 2 4 5 6 7 9 23] [1 6 7] [1 6] [1 3 6] [1 2 4 5 6 16] [1 2 7] [1 2 4 5 6 7 9 23 34] [1 2 5 6 7] [1 2 4 5 7 19] [] [] [] [] [] [] [] [] [] [] [] [] [] [] [] [] [] [] []
29 [1 5 12 13 41 42] [2 6 19] [2 4 6 7] [2 4 6 19] [2 4 6 7 19] [2 4 6 7 19 23 36] [2] [2 4 6 15 16] [2 4 6 7 8] [2 6] [2 4 6 7 9 15 16 23 34] [2 4 6 7 10 23 36 43] [2 4 6 7 8 9 11 14 19 23 34] [3 7] [6 7] [2 4 6 19 23] [2 4 6] [2 4 6 7 23] [6] [2 4 6 7 9] [2 4 6 7 19 23] [2 4 6 7 15 23] [2 4 6 7 9 23 34] [2 4 6 7 9 19 33] [2 6 7] [2 4 6 15 23] [2 6 23] [2 6 7 19] [2 4 6 7 23 36] [2 4 6 19 33] [2 4 6 7 9 19] [2 19] [2 4 6 7 10 19 23 33 36 43] [2 4] [2 4 6 7 9 11 23] [6 7 11] [3 6 7] [2 4 6 7 15] [2 4 7 9] [2 4 6 7 8 9 11 23 34] [2 4 7] [] [] [] [] [] [] [] [] [] [] [] [] [] [] [] [] [] [] [] []
30 [6 8 9 22 33 39 49] [1 2 4 5] [1 2 4 5 10] [1 2 5] [1 2 5 7 10 23 36] [1 2] [1 2 4 10 15 16 20] [1 2 4 5 7] [1 2 15] [1 2 4 5 7 10 15 16 20 23 34] [1 2 4 7 10 15] [1 2 4 5 7 15] [1 2 5 7] [1 2 4 5 7 10 13 23 36 43] [1 2 4 5 7 11 12 14 23 34] [1 3] [1 5] [1 2 4 5 7 10 23 36] [1 2 5 7 23] [1 2 4 5 15] [1 2 4] [1 2 4 5 7 23] [1] [1 2 4 5 7 10 14] [1 2 4 5 7 10 15 23] [1 2 4 7 15 16 23] [1 2 4 7 10 14 15] [1 2 4 10 15] [1 2 4 5 7 10 23 34] [1 2 4 5 7 10 12 19] [1 2 7 10 15 23] [1 2 5 15] [1 2 5 7 15] [1 2 7 23] [1 2 4 10] [1 2 4 5 10 19] [1 2 4 5 12] [1 2 4 5 7 10 13 19 23 36 43] [1 2 4 7] [1 2 4 5 7 10 15] [1 2 4 5 7 11 12 15 23] [1 7] [1 3 7] [1 2 4 5 15 16] [1 2 7] [1 2 4 5 7 11 23 34] [1 2 5 7 12] [1 2 4 5 7 19] [1 2 4 7 10] [1 2 4 5 7 10 23] [1 2 4 5 7 10] [] [] [] [] [] [] [] [] [] []
31 [] [1 2 4 5] [1 2 4 5 6] [1 2 5] [1 2 5 6 7 23 36] [1 2] [1 2 4 6 15 16] [1 2 6] [1 2 4 5 6 7 15 16 23 34] [1 2 4 6 7] [1 2 5 6] [1 2 4 5 6 7 10 23 36 43] [1 2 4 5 6 7 9 11 23 34] [1 3] [1 5] [1 2 4 5 6 7 23 36] [1 2 5 6 23] [1 2 4] [1 2 4 5 6 23] [1] [1 2 4 5 6 8] [1 2 4 5 7] [1 2 4 5 6 7 23] [1 2 4 6 15 23] [1 2 4 6 8] [1 2 4 6] [1 2 4 5 6 7 23 34] [1 2 4 5 6 7 19] [1 2 6 7 23] [1 2 6 23] [1 2 4 5 6 19] [1 2 4 5 6 7 10 19 23 36 43] [1 2 4 5 6 7] [1 2 4 5 6 7 9 23] [1 6 7] [1 6] [1 3 6] [1 2 4 5 6 15] [1 2 7] [1 2 4 5 6 7 9 23 34] [1 2 5 6 7] [1 2 4 5 7 19] [] [] [] [] [] [] [] [] [] [] [] [] [] [] [] [] [] [] []
32 [] [1 2 4 5] [1 2 4 5 6] [1 2 5] [1 2 5 6 7 23 36] [1 2] [1 2 4 6 15 16] [1 2 6] [1 2 4 5 6 7 15 16 23 34] [1 2 4 6 7] [1 2 5 6] [1 2 4 5 6 7 10 23 36 43] [1 2 4 5 6 7 9 11 23 34] [1 3] [1 5] [1 2 4 5 6 7 23 36] [1 2 5 6 23] [1 2 4] [1 2 4 5 6 23] [1] [1 2 4 5 6 8] [1 2 4 5 7] [1 2 4 5 6 7 23] [1 2 4 6 15 23] [1 2 4 6 8] [1 2 4 6] [1 2 4 5 6 7 23 34] [1 2 4 5 6 7 19] [1 2 6 7 23] [1 2 6 23] [1 2 4 5 6 19] [1 2 4 5 6 7 10 19 23 36 43] [1 2 4 5 6 7] [1 2 4 5 6 7 9 23] [1 6 7] [1 6] [1 3 6] [1 2 4 5 6 15] [1 2 7] [1 2 4 5 6 7 9 23 34] [1 2 5 6 7] [1 2 4 5 7 19] [] [] [] [] [] [] [] [] [] [] [] [] [] [] [] [] [] [] []
33 [] [1 2 4 5 6] [1 2 5] [1 2 5 6 7 23 36] [1 2] [1 2 4 6 15 16] [1 2 6] [1 2 4 5 6 7 15 16 23 34] [1 2 4 6 7] [1 2 5 6] [1 2 4 5 6 7 10 23 36 43] [1 2 4 5 6 7 9 11 23 34] [1 3] [1 5] [1 2 4 5 6 7 23 36] [1 2 5 6 23] [1 2 4] [1 2 4 5 6 23] [1] [1 2 4 5 6 8] [1 2 4 5 7] [1 2 4 5 6 7 23] [1 2 4 6 15 23] [1 2 4 6 8] [1 2 4 6] [1 2 4 5 6 7 23 34] [1 2 4 5] [1 2 4 5 6 7 19] [1 2 6 7 23] [1 2 6 23] [1 2 4 5 6 19] [1 2 4 5 6 7 10 19 23 36 43] [1 2 4 5 6 7] [1 2 4 5 6 7 9 23] [1 6 7] [1 6] [1 3 6] [1 2 4 5 6 15] [1 2 7] [1 2 4 5 6 7 9 23 34] [1 2 5 6 7] [1 2 4 5 7 19] [] [] [] [] [] [] [] [] [] [] [] [] [] [] [] [] [] [] []
34 [] [1 2 4 5 6] [1 2 5] [1 2 5 6 7 23 36] [1 2] [1 2 4 6 15 16] [1 2 6] [1 2 4 5 6 7 15 16 23 34] [1 2 4 6 7] [1 2 5 6] [1 2 4 5 6 7 10 23 36 43] [1 2 4 5 6 7 9 11 23 34] [1 3] [1 5] [1 2 4 5 6 7 23 36] [1 2 5 6 23] [1 2 4] [1 2 4 5 6 23] [1] [1 2 4 5 6 8] [1 2 4 5 7] [1 2 4 5 6 7 23] [1 2 4 6 15 23] [1 2 4 6 8] [1 2 4 6] [1 2 4 5 6 7 23 34] [1 2 4 5] [1 2 4 5 6 7 19] [1 2 6 7 23] [1 2 6 23] [1 2 4 5 6 19] [1 2 4 5 6 7 10 19 23 36 43] [1 2 4 5 6 7] [1 2 4 5 6 7 9 23] [1 6 7] [1 6] [1 3 6] [1 2 4 5 6 15] [1 2 7] [1 2 4 5 6 7 9 23 34] [1 2 5 6 7] [1 2 4 5 7 19] [] [] [] [] [] [] [] [] [] [] [] [] [] [] [] [] [] [] []
35 [] [1 2 4 5 6] [1 2 5] [1 2 5 6 7 23 36] [1 2] [1 2 4 6 15 16] [1 2 6] [1 2 4 5 6 7 15 16 23 34] [1 2 4 6 7] [1 2 5 6] [1 2 4 5 6 7 10 23 36 43] [1 2 4 5 6 7 9 11 23 34] [1 3] [1 5] [1 2 4 5 6 7 23 36] [1 2 5 6 23] [1 2 4] [1 2 4 5 6 23] [1] [1 2 4 5 6 8] [1 2 4 5 7] [1 2 4 5 6 7 23] [1 2 4 6 15 23] [1 2 4 6 8] [1 2 4 6] [1 2 4 5 6 7 23 34] [1 2 4 5] [1 2 4 5 6 7 19] [1 2 6 7 23] [1 2 6 23] [1 2 4 5 6 19] [1 2 4 5 6 7 10 19 23 36 43] [1 2 4 5 6 7] [1 2 4 5 6 7 9 23] [1 6 7] [1 6] [1 3 6] [1 2 4 5 6 15] [1 2 7] [1 2 4 5 6 7 9 23 34] [1 2 5 6 7] [1 2 4 5 7 19] [] [] [] [] [] [] [] [] [] [] [] [] [] [] [] [] [] [] []
36 [] [1 2 4 5 6] [1 2 5] [1 2 5 6 7 23 36] [1 2] [1 2 4 6 15 16] [1 2 6] [1 2 4 5 6 7 15 16 23 34] [1 2 4 6 7] [1 2 5 6] [1 2 4 5 6 7 10 23 36 43] [1 2 4 5 6 7 9 11 23 34] [1 3] [1 5] [1 2 4 5 6 7 23 36] [1 2 5 6 23] [1 2 4] [1 2 4 5 6 23] [1] [1 2 4 5 6 8] [1 2 4 5 7] [1 2 4 5 6 7 23] [1 2 4 6 15 23] [1 2 4 6 8] [1 2 4 6] [1 2 4 5 6 7 23 34] [1 2 4 5] [1 2 4 5 6 7 19] [1 2 6 7 23] [1 2 6 23] [1 2 4 5 6 19] [1 2 4 5 6 7 10 19 23 36 43] [1 2 4 5 6 7] [1 2 4 5 6 7 9 23] [1 6 7] [1 6] [1 3 6] [1 2 4 5 6 15] [1 2 7] [1 2 4 5 6 7 9 23 34] [1 2 5 6 7] [1 2 4 5 7 19] [] [] [] [] [] [] [] [] [] [] [] [] [] [] [] [] [] [] []
37 [] [1 2 4 5 6] [1 2 5 6 23] [1 2 5] [1 2 5 6 7 23 36] [1 2] [1 2 4 6 15 16] [1 2 6] [1 2 4 5 6 7 15 16 23 34] [1 2 4 6 7] [1 2 5 6] [1 2 4 5 6 7 10 23 36 43] [1 2 4 5 6 7 9 11 23 34] [1 3] [1 5] [1 2 4 5 6 7 23 36] [1 2 4] [1 2 4 5 6 23] [1] [1 2 4 5 6 8] [1 2 4 5 7] [1 2 4 5 6 7 23] [1 2 4 6 15 23] [1 2 4 6 8] [1 2 4 6] [1 2 4 5 6 7 23 34] [1 2 4 5] [1 2 4 5 6 7 19] [1 2 6 7 23] [1 2 6 23] [1 2 4 5 6 19] [1 2 4 5 6 7 10 19 23 36 43] [1 2 4 5 6 7] [1 2 4 5 6 7 9 23] [1 6 7] [1 6] [1 3 6] [1 2 4 5 6 15] [1 2 7] [1 2 4 5 6 7 9 23 34] [1 2 5 6 7] [1 2 4 5 7 19] [] [] [] [] [] [] [] [] [] [] [] [] [] [] [] [] [] [] []
38 [] [1 2 5 6 23] [1 2 5] [1 2 5 6 7 23 36] [1 2] [1 2 4 6 15 16] [1 2 4 5 6] [1 2 6] [1 2 4 5 6 7 15 16 23 34] [1 2 4 6 7] [1 2 5 6] [1 2 4 5 6 7 10 23 36 43] [1 2 4 5 6 7 9 11 23 34] [1 3] [1 5] [1 2 4 5 6 7 23 36] [1 2 4] [1 2 4 5 6 23] [1] [1 2 4 5 6 8] [1 2 4 5 7] [1 2 4 5 6 7 23] [1 2 4 6 15 23] [1 2 4 6 8] [1 2 4 6] [1 2 4 5 6 7 23 34] [1 2 4 5] [1 2 4 5 6 7 19] [1 2 6 7 23] [1 2 6 23] [1 2 4 5 6 19] [1 2 4 5 6 7 10 19 23 36 43] [1 2 4 5 6 7] [1 2 4 5 6 7 9 23] [1 6 7] [1 6] [1 3 6] [1 2 4 5 6 15] [1 2 7] [1 2 4 5 6 7 9 23 34] [1 2 5 6 7] [1 2 4 5 7 19] [] [] [] [] [] [] [] [] [] [] [] [] [] [] [] [] [] [] []
39 [] [1 2 5] [1 2 5 6 7 23 36] [1 2] [1 2 4 6 15 16] [1 2 4 5 6] [1 2 6] [1 2 4 5 6 7 15 16 23 34] [1 2 4 6 7] [1 2 5 6] [1 2 4 5 6 7 10 23 36 43] [1 2 4 5 6 7 9 11 23 34] [1 3] [1 5] [1 2 4 5 6 7 23 36] [1 2 5 6 23] [1 2 4] [1 2 4 5 6 23] [1] [1 2 4 5 6 8] [1 2 4 5 7] [1 2 4 5 6 7 23] [1 2 4 6 15 23] [1 2 4 6 8] [1 2 4 6] [1 2 4 5 6 7 23 34] [1 2 4 5] [1 2 4 5 6 7 19] [1 2 6 7 23] [1 2 6 23] [1 2 4 5 6 19] [1 2 4 5 6 7 10 19 23 36 43] [1 2 4 5 6 7] [1 2 4 5 6 7 9 23] [1 6 7] [1 6] [1 3 6] [1 2 4 5 6 15] [1 2 7] [1 2 4 5 6 7 9 23 34] [1 2 5 6 7] [1 2 4 5 7 19] [] [] [] [] [] [] [] [] [] [] [] [] [] [] [] [] [] [] []
40 [] [1 2 5 6 7 23 36] [1 2] [1 2 4 6 15 16] [1 2 4 5 6] [1 2 6] [1 2 4 5 6 7 15 16 23 34] [1 2 5] [1 2 4 6 7] [1 2 5 6] [1 2 4 5 6 7 10 23 36 43] [1 2 4 5 6 7 9 11 23 34] [1 3] [1 5] [1 2 4 5 6 7 23 36] [1 2 5 6 23] [1 2 4] [1 2 4 5 6 23] [1] [1 2 4 5 6 8] [1 2 4 5 7] [1 2 4 5 6 7 23] [1 2 4 6 15 23] [1 2 4 6 8] [1 2 4 6] [1 2 4 5 6 7 23 34] [1 2 4 5] [1 2 4 5 6 7 19] [1 2 6 7 23] [1 2 6 23] [1 2 4 5 6 19] [1 2 4 5 6 7 10 19 23 36 43] [1 2 4 5 6 7] [1 2 4 5 6 7 9 23] [1 6 7] [1 6] [1 3 6] [1 2 4 5 6 15] [1 2 7] [1 2 4 5 6 7 9 23 34] [1 2 5 6 7] [1 2 4 5 7 19] [] [] [] [] [] [] [] [] [] [] [] [] [] [] [] [] [] [] []
41 [] [1 2] [1 2 4 6 15 16] [1 2 4 5 6] [1 2 6] [1 2 4 5 6 7 15 16 23 34] [1 2 5] [1 2 4 6 7] [1 2 5 6] [1 2 4 5 6 7 10 23 36 43] [1 2 4 5 6 7 9 11 23 34] [1 3] [1 5] [1 2 4 5 6 7 23 36] [1 2 5 6 23] [1 2 4] [1 2 4 5 6 23] [1] [1 2 4 5 6 8] [1 2 4 5 7] [1 2 4 5 6 7 23] [1 2 4 6 15 23] [1 2 4 6 8] [1 2 4 6] [1 2 4 5 6 7 23 34] [1 2 4 5] [1 2 4 5 6 7 19] [1 2 6 7 23] [1 2 6 23] [1 2 4 5 6 19] [1 2 4 5 6 7 10 19 23 36 43] [1 2 4 5 6 7] [1 2 4 5 6 7 9 23] [1 6 7] [1 6] [1 3 6] [1 2 4 5 6 15] [1 2 7] [1 2 4 5 6 7 9 23 34] [1 2 5 6 7] [1 2 4 5 7 19] [] [] [] [] [] [] [] [] [] [] [] [] [] [] [] [] [] [] [] []
42 [] [1 2] [1 2 4 6 15 16] [1 2 4 5 6] [1 2 6] [1 2 4 5 6 7 15 16 23 34] [1 2 5] [1 2 4 6 7] [1 2 5 6] [1 2 4 5 6 7 10 23 36 43] [1 2 4 5 6 7 9 11 23 34] [1 3] [1 5] [1 2 4 5 6 7 23 36] [1 2 5 6 23] [1 2 4] [1 2 4 5 6 23] [1] [1 2 4 5 6 8] [1 2 4 5 7] [1 2 4 5 6 7 23] [1 2 4 6 15 23] [1 2 4 6 8] [1 2 4 6] [1 2 4 5 6 7 23 34] [1 2 4 5] [1 2 4 5 6 7 19] [1 2 6 7 23] [1 2 6 23] [1 2 4 5 6 19] [1 2 4 5 6 7 10 19 23 36 43] [1 2 4 5 6 7] [1 2 4 5 6 7 9 23] [1 6 7] [1 6] [1 3 6] [1 2 4 5 6 15] [1 2 7] [1 2 4 5 6 7 9 23 34] [1 2 5 6 7] [1 2 4 5 7 19] [] [] [] [] [] [] [] [] [] [] [] [] [] [] [] [] [] [] [] []
43 [] [1 2 4 6 15 16] [1 2 4 5 6] [1 2 6] [1 2 4 5 6 7 15 16 23 34] [1 2 5] [1 2] [1 2 4 6 7] [1 2 5 6] [1 2 4 5 6 7 10 23 36 43] [1 2 4 5 6 7 9 11 23 34] [1 3] [1 5] [1 2 4 5 6 7 23 36] [1 2 5 6 23] [1 2 4] [1 2 4 5 6 23] [1] [1 2 4 5 6 8] [1 2 4 5 7] [1 2 4 5 6 7 23] [1 2 4 6 15 23] [1 2 4 6 8] [1 2 4 6] [1 2 4 5 6 7 23 34] [1 2 4 5] [1 2 4 5 6 7 19] [1 2 6 7 23] [1 2 6 23] [1 2 4 5 6 19] [1 2 4 5 6 7 10 19 23 36 43] [1 2 4 5 6 7] [1 2 4 5 6 7 9 23] [1 6 7] [1 6] [1 3 6] [1 2 4 5 6 15] [1 2 7] [1 2 4 5 6 7 9 23 34] [1 2 5 6 7] [1 2 4 5 7 19] [] [] [] [] [] [] [] [] [] [] [] [] [] [] [] [] [] [] [] []
44 [] [1 2 4 6 15 16] [1 2 4 5 6] [1 2 6] [1 2 4 5 6 7 15 16 23 34] [1 2 5] [1 2] [1 2 4 6 7] [1 2 5 6] [1 2 4 5 6 7 10 23 36 43] [1 2 4 5 6 7 9 11 23 34] [1 3] [1 5] [1 2 4 5 6 7 23 36] [1 2 5 6 23] [1 2 4] [1 2 4 5 6 23] [1] [1 2 4 5 6 8] [1 2 4 5 7] [1 2 4 5 6 7 23] [1 2 4 6 15 23] [1 2 4 6 8] [1 2 4 6] [1 2 4 5 6 7 23 34] [1 2 4 5] [1 2 4 5 6 7 19] [1 2 6 7 23] [1 2 6 23] [1 2 4 5 6 19] [1 2 4 5 6 7 10 19 23 36 43] [1 2 4 5 6 7] [1 2 4 5 6 7 9 23] [1 6 7] [1 6] [1 3 6] [1 2 4 5 6 15] [1 2 7] [1 2 4 5 6 7 9 23 34] [1 2 5 6 7] [1 2 4 5 7 19] [] [] [] [] [] [] [] [] [] [] [] [] [] [] [] [] [] [] [] []
45 [] [1 2 4 6 15 16] [1 2 4 5 6] [1 2 6] [1 2 4 5 6 7 15 16 23 34] [1 2 5] [1 2] [1 2 4 6 7] [1 2 5 6] [1 2 4 5 6 7 10 23 36 43] [1 2 4 5 6 7 9 11 23 34] [1 3] [1 5] [1 2 4 5 6 7 23 36] [1 2 5 6 23] [1 2 4] [1 2 4 5 6 23] [1] [1 2 4 5 6 8] [1 2 4 5 7] [1 2 4 5 6 7 23] [1 2 4 6 15 23] [1 2 4 6 8] [1 2 4 6] [1 2 4 5 6 7 23 34] [1 2 4 5] [1 2 4 5 6 7 19] [1 2 6 7 23] [1 2 6 23] [1 2 4 5 6 19] [1 2 4 5 6 7 10 19 23 36 43] [1 2 4 5 6 7] [1 2 4 5 6 7 9 23] [1 6 7] [1 6] [1 3 6] [1 2 4 5 6 15] [1 2 7] [1 2 4 5 6 7 9 23 34] [1 2 5 6 7] [1 2 4 5 7 19] [] [] [] [] [] [] [] [] [] [] [] [] [] [] [] [] [] [] [] []
46 [] [1 2 4 6 15 16] [1 2 4 5 6] [1 2 6] [1 2 4 5 6 7 15 16 23 34] [1 2 5] [1 2] [1 2 4 6 7] [1 2 5 6] [1 2 4 5 6 7 10 23 36 43] [1 2 4 5 6 7 9 11 23 34] [1 3] [1 5] [1 2 4 5 6 7 23 36] [1 2 5 6 23] [1 2 4] [1 2 4 5 6 23] [1] [1 2 4 5 6 8] [1 2 4 5 7] [1 2 4 5 6 7 23] [1 2 4 6 15 23] [1 2 4 6 8] [1 2 4 6] [1 2 4 5 6 7 23 34] [1 2 4 5] [1 2 4 5 6 7 19] [1 2 6 7 23] [1 2 6 23] [1 2 4 5 6 19] [1 2 4 5 6 7 10 19 23 36 43] [1 2 4 5 6 7] [1 2 4 5 6 7 9 23] [1 6 7] [1 6] [1 3 6] [1 2 4 5 6 15] [1 2 7] [1 2 4 5 6 7 9 23 34] [1 2 5 6 7] [1 2 4 5 7 19] [] [] [] [] [] [] [] [] [] [] [] [] [] [] [] [] [] [] [] []
47 [] [1 2 4 6 15 16] [1 2 4 5 6] [1 2 6] [1 2 4 5 6 7 15 16 23 34] [1 2 5] [1 2] [1 2 4 6 7] [1 2 5 6] [1 2 4 5 6 7 10 23 36 43] [1 2 4 5 6 7 9 11 23 34] [1 3] [1 5] [1 2 4 5 6 7 23 36] [1 2 5 6 23] [1 2 4] [1 2 4 5 6 23] [1] [1 2 4 5 6 8] [1 2 4 5 7] [1 2 4 5 6 7 23] [1 2 4 6 15 23] [1 2 4 6 8] [1 2 4 6] [1 2 4 5 6 7 23 34] [1 2 4 5] [1 2 4 5 6 7 19] [1 2 6 7 23] [1 2 6 23] [1 2 4 5 6 19] [1 2 4 5 6 7 10 19 23 36 43] [1 2 4 5 6 7] [1 2 4 5 6 7 9 23] [1 6 7] [1 6] [1 3 6] [1 2 4 5 6 15] [1 2 7] [1 2 4 5 6 7 9 23 34] [1 2 5 6 7] [1 2 4 5 7 19] [] [] [] [] [] [] [] [] [] [] [] [] [] [] [] [] [] [] [] []
48 [] [1 2 4 5 6] [1 2 6] [1 2 4 5 6 7 15 16 23 34] [1 2 5] [1 2] [1 2 4 6 7] [1 2 5 6] [1 2 4 5 6 7 10 23 36 43] [1 2 4 5 6 7 9 11 23 34] [1 3] [1 5] [1 2 4 5 6 7 23 36] [1 2 5 6 23] [1 2 4] [1 2 4 5 6 23] [1] [1 2 4 5 6 8] [1 2 4 5 7] [1 2 4 5 6 7 23] [1 2 4 6 15 23] [1 2 4 6 8] [1 2 4 6] [1 2 4 5 6 7 23 34] [1 2 4 5] [1 2 4 5 6 7 19] [1 2 6 7 23] [1 2 6 23] [1 2 4 5 6 19] [1 2 4 5 6 7 10 19 23 36 43] [1 2 4 5 6 7] [1 2 4 5 6 7 9 23] [1 6 7] [1 6] [1 3 6] [1 2 4 5 6 15] [1 2 7] [1 2 4 5 6 7 9 23 34] [1 2 5 6 7] [1 2 4 5 7 19] [] [] [] [] [] [] [] [] [] [] [] [] [] [] [] [] [] [] [] [] []
49 [] [1 2 6] [1 2 5] [1 2] [1 2 4 6 7] [1 2 4 5 6] [1 2 5 6] [1 2 4 5 6 7 10 23 36 43] [1 2 4 5 6 7 9 11 23 34] [1 3] [1 5] [1 2 4 5 6 7 23 36] [1 2 5 6 23] [1 2 4] [1 2 4 5 6 23] [1] [1 2 4 5 6 8] [1 2 4 5 7] [1 2 4 5 6 7 23] [1 2 4 6 15 23] [1 2 4 6 8] [1 2 4 6] [1 2 4 5 6 7 23 34] [1 2 4 5] [1 2 4 5 6 7 19] [1 2 6 7 23] [1 2 6 23] [1 2 4 5 6 19] [1 2 4 5 6 7 10 19 23 36 43] [1 2 4 5 6 7] [1 2 4 5 6 7 9 23] [1 6 7] [1 6] [1 3 6] [1 2 4 5 6 15] [1 2 7] [1 2 4 5 6 7 9 23 34] [1 2 5 6 7] [1 2 4 5 7 19] [] [] [] [] [] [] [] [] [] [] [] [] [] [] [] [] [] [] [] [] [] []
50 [] [1 2 6] [1 2 5] [1 2] [1 2 4 6 7] [1 2 4 5 6] [1 2 5 6] [1 2 4 5 6 7 10 23 36 43] [1 2 4 5 6 7 9 11 23 34] [1 3] [1 5] [1 2 4 5 6 7 23 36] [1 2 5 6 23] [1 2 4] [1 2 4 5 6 23] [1] [1 2 4 5 6 8] [1 2 4 5 7] [1 2 4 5 6 7 23] [1 2 4 6 15 23] [1 2 4 6 8] [1 2 4 6] [1 2 4 5 6 7 23 34] [1 2 4 5] [1 2 4 5 6 7 19] [1 2 6 7 23] [1 2 6 23] [1 2 4 5 6 19] [1 2 4 5 6 7 10 19 23 36 43] [1 2 4 5 6 7] [1 2 4 5 6 7 9 23] [1 6 7] [1 6] [1 3 6] [1 2 4 5 6 15] [1 2 7] [1 2 4 5 6 7 9 23 34] [1 2 5 6 7] [1 2 4 5 7 19] [] [] [] [] [] [] [] [] [] [] [] [] [] [] [] [] [] [] [] [] [] []
51 [] [1 2 6] [1 2 5] [1 2] [1 2 4 6 7] [1 2 4 5 6] [1 2 5 6] [1 2 4 5 6 7 10 23 36 43] [1 2 4 5 6 7 9 11 23 34] [1 3] [1 5] [1 2 4 5 6 7 23 36] [1 2 5 6 23] [1 2 4] [1 2 4 5 6 23] [1] [1 2 4 5 6 8] [1 2 4 5 7] [1 2 4 5 6 7 23] [1 2 4 6 15 23] [1 2 4 6 8] [1 2 4 6] [1 2 4 5 6 7 23 34] [1 2 4 5] [1 2 4 5 6 7 19] [1 2 6 7 23] [1 2 6 23] [1 2 4 5 6 19] [1 2 4 5 6 7 10 19 23 36 43] [1 2 4 5 6 7] [1 2 4 5 6 7 9 23] [1 6 7] [1 6] [1 3 6] [1 2 4 5 6 15] [1 2 7] [1 2 4 5 6 7 9 23 34] [1 2 5 6 7] [1 2 4 5 7 19] [] [] [] [] [] [] [] [] [] [] [] [] [] [] [] [] [] [] [] [] [] []
52 [] [1 2 6] [1 2 5] [1 2] [1 2 4 6 7] [1 2 4 5 6] [1 2 5 6] [1 2 4 5 6 7 10 23 36 43] [1 2 4 5 6 7 9 11 23 34] [1 3] [1 5] [1 2 4 5 6 7 23 36] [1 2 5 6 23] [1 2 4] [1 2 4 5 6 23] [1] [1 2 4 5 6 8] [1 2 4 5 7] [1 2 4 5 6 7 23] [1 2 4 6 15 23] [1 2 4 6 8] [1 2 4 6] [1 2 4 5 6 7 23 34] [1 2 4 5] [1 2 4 5 6 7 19] [1 2 6 7 23] [1 2 6 23] [1 2 4 5 6 19] [1 2 4 5 6 7 10 19 23 36 43] [1 2 4 5 6 7] [1 2 4 5 6 7 9 23] [1 6 7] [1 6] [1 3 6] [1 2 4 5 6 15] [1 2 7] [1 2 4 5 6 7 9 23 34] [1 2 5 6 7] [1 2 4 5 7 19] [] [] [] [] [] [] [] [] [] [] [] [] [] [] [] [] [] [] [] [] [] []
53 [] [1 2 6] [1 2 5] [1 2] [1 2 4 6 7] [1 2 4 5 6] [1 2 5 6] [1 2 4 5 6 7 10 23 36 43] [1 2 4 5 6 7 9 11 23 34] [1 3] [1 5] [1 2 4 5 6 7 23 36] [1 2 5 6 23] [1 2 4] [1 2 4 5 6 23] [1] [1 2 4 5 6 8] [1 2 4 5 7] [1 2 4 5 6 7 23] [1 2 4 6 15 23] [1 2 4 6 8] [1 2 4 6] [1 2 4 5 6 7 23 34] [1 2 4 5] [1 2 4 5 6 7 19] [1 2 6 7 23] [1 2 6 23] [1 2 4 5 6 19] [1 2 4 5 6 7 10 19 23 36 43] [1 2 4 5 6 7] [1 2 4 5 6 7 9 23] [1 6 7] [1 6] [1 3 6] [1 2 4 5 6 15] [1 2 7] [1 2 4 5 6 7 9 23 34] [1 2 5 6 7] [1 2 4 5 7 19] [] [] [] [] [] [] [] [] [] [] [] [] [] [] [] [] [] [] [] [] [] []
54 [] [1 2 5] [1 2] [1 2 4 6 7] [1 2 4 5 6] [1 2 5 6] [1 2 4 5 6 7 10 23 36 43] [1 2 4 5 6 7 9 11 23 34] [1 3] [1 5] [1 2 4 5 6 7 23 36] [1 2 5 6 23] [1 2 4] [1 2 4 5 6 23] [1] [1 2 4 5 6 8] [1 2 4 5 7] [1 2 4 5 6 7 23] [1 2 4 6 15 23] [1 2 4 6 8] [1 2 6] [1 2 4 6] [1 2 4 5 6 7 23 34] [1 2 4 5] [1 2 4 5 6 7 19] [1 2 6 7 23] [1 2 6 23] [1 2 4 5 6 19] [1 2 4 5 6 7 10 19 23 36 43] [1 2 4 5 6 7] [1 2 4 5 6 7 9 23] [1 6 7] [1 6] [1 3 6] [1 2 4 5 6 15] [1 2 7] [1 2 4 5 6 7 9 23 34] [1 2 5 6 7] [1 2 4 5 7 19] [] [] [] [] [] [] [] [] [] [] [] [] [] [] [] [] [] [] [] [] [] []
55 [] [1 2 5] [1 2] [1 2 4 6 7] [1 2 4 5 6] [1 2 5 6] [1 2 4 5 6 7 10 23 36 43] [1 2 4 5 6 7 9 11 23 34] [1 3] [1 5] [1 2 4 5 6 7 23 36] [1 2 5 6 23] [1 2 4] [1 2 4 5 6 23] [1] [1 2 4 5 6 8] [1 2 4 5 7] [1 2 4 5 6 7 23] [1 2 4 6 15 23] [1 2 4 6 8] [1 2 6] [1 2 4 6] [1 2 4 5 6 7 23 34] [1 2 4 5] [1 2 4 5 6 7 19] [1 2 6 7 23] [1 2 6 23] [1 2 4 5 6 19] [1 2 4 5 6 7 10 19 23 36 43] [1 2 4 5 6 7] [1 2 4 5 6 7 9 23] [1 6 7] [1 6] [1 3 6] [1 2 4 5 6 15] [1 2 7] [1 2 4 5 6 7 9 23 34] [1 2 5 6 7] [1 2 4 5 7 19] [] [] [] [] [] [] [] [] [] [] [] [] [] [] [] [] [] [] [] [] [] []
56 [] [1 2 5] [1 2] [1 2 4 6 7] [1 2 4 5 6] [1 2 5 6] [1 2 4 5 6 7 10 23 36 43] [1 2 4 5 6 7 9 11 23 34] [1 3] [1 5] [1 2 4 5 6 7 23 36] [1 2 5 6 23] [1 2 4] [1 2 4 5 6 23] [1] [1 2 4 5 6 8] [1 2 4 5 7] [1 2 4 5 6 7 23] [1 2 4 6 15 23] [1 2 4 6 8] [1 2 6] [1 2 4 6] [1 2 4 5 6 7 23 34] [1 2 4 5] [1 2 4 5 6 7 19] [1 2 6 7 23] [1 2 6 23] [1 2 4 5 6 19] [1 2 4 5 6 7 10 19 23 36 43] [1 2 4 5 6 7] [1 2 4 5 6 7 9 23] [1 6 7] [1 6] [1 3 6] [1 2 4 5 6 15] [1 2 7] [1 2 4 5 6 7 9 23 34] [1 2 5 6 7] [1 2 4 5 7 19] [] [] [] [] [] [] [] [] [] [] [] [] [] [] [] [] [] [] [] [] [] []
57 [] [1 2 5] [1 2] [1 2 4 6 7] [1 2 4 5 6] [1 2 5 6] [1 2 4 5 6 7 10 23 36 43] [1 2 4 5 6 7 9 11 23 34] [1 3] [1 5] [1 2 4 5 6 7 23 36] [1 2 5 6 23] [1 2 4] [1 2 4 5 6 23] [1] [1 2 4 5 6 8] [1 2 4 5 7] [1 2 4 5 6 7 23] [1 2 4 6 15 23] [1 2 4 6 8] [1 2 6] [1 2 4 6] [1 2 4 5 6 7 23 34] [1 2 4 5] [1 2 4 5 6 7 19] [1 2 6 7 23] [1 2 6 23] [1 2 4 5 6 19] [1 2 4 5 6 7 10 19 23 36 43] [1 2 4 5 6 7] [1 2 4 5 6 7 9 23] [1 6 7] [1 6] [1 3 6] [1 2 4 5 6 15] [1 2 7] [1 2 4 5 6 7 9 23 34] [1 2 5 6 7] [1 2 4 5 7 19] [] [] [] [] [] [] [] [] [] [] [] [] [] [] [] [] [] [] [] [] [] []
58 [] [1 2 5] [1 2] [1 2 4 6 7] [1 2 4 5 6] [1 2 5 6] [1 2 4 5 6 7 10 23 36 43] [1 2 4 5 6 7 9 11 23 34] [1 3] [1 5] [1 2 4 5 6 7 23 36] [1 2 5 6 23] [1 2 4] [1 2 4 5 6 23] [1] [1 2 4 5 6 8] [1 2 4 5 7] [1 2 4 5 6 7 23] [1 2 4 6 15 23] [1 2 4 6 8] [1 2 6] [1 2 4 6] [1 2 4 5 6 7 23 34] [1 2 4 5] [1 2 4 5 6 7 19] [1 2 6 7 23] [1 2 6 23] [1 2 4 5 6 19] [1 2 4 5 6 7 10 19 23 36 43] [1 2 4 5 6 7] [1 2 4 5 6 7 9 23] [1 6 7] [1 6] [1 3 6] [1 2 4 5 6 15] [1 2 7] [1 2 4 5 6 7 9 23 34] [1 2 5 6 7] [1 2 4 5 7 19] [] [] [] [] [] [] [] [] [] [] [] [] [] [] [] [] [] [] [] [] [] []
59 [] [1 2] [1 2 4 6 7] [1 2 4 5 6] [1 2 5 6] [1 2 4 5 6 7 10 23 36 43] [1 2 5] [1 2 4 5 6 7 9 11 23 34] [1 3] [1 5] [1 2 4 5 6 7 23 36] [1 2 5 6 23] [1 2 4] [1 2 4 5 6 23] [1] [1 2 4 5 6 8] [1 2 4 5 7] [1 2 4 5 6 7 23] [1 2 4 6 15 23] [1 2 4 6 8] [1 2 6] [1 2 4 6] [1 2 4 5 6 7 23 34] [1 2 4 5] [1 2 4 5 6 7 19] [1 2 6 7 23] [1 2 6 23] [1 2 4 5 6 19] [1 2 4 5 6 7 10 19 23 36 43] [1 2 4 5 6 7] [1 2 4 5 6 7 9 23] [1 6 7] [1 6] [1 3 6] [1 2 4 5 6 15] [1 2 7] [1 2 4 5 6 7 9 23 34] [1 2 5 6 7] [1 2 4 5 7 19] [] [] [] [] [] [] [] [] [] [] [] [] [] [] [] [] [] [] [] [] [] []
60 [] [1 2 4 5 6] [1 2 5 6] [1 2 4 5 6 7 10 23 36 43] [1 2] [1 2 5] [1 2 4 5 6 7 9 11 23 34] [1 5] [1 2 4 5 6 7 23 36] [1 2 5 6 23] [1 2 4] [1 2 4 5 6 23] [1] [1 2 4 5 6 8] [1 2 4 5 7] [1 3] [1 2 4 5 6 7 23] [1 2 4 6 15 23] [1 2 4 6 8] [1 2 6] [1 2 4 6] [1 2 4 5 6 7 23 34] [1 2 4 5] [1 2 4 5 6 7 19] [1 2 6 7 23] [1 2 6 23] [1 2 4 5 6 19] [1 2 4 5 6 7 10 19 23 36 43] [1 2 4 5 6 7] [1 2 4 5 6 7 9 23] [1 6 7] [1 6] [1 3 6] [1 2 4 5 6 15] [1 2 7] [1 2 4 5 6 7 9 23 34] [1 2 5 6 7] [1 2 4 5 7 19] [1 2 4 6 7] [] [] [] [] [] [] [] [] [] [] [] [] [] [] [] [] [] [] [] [] [] []
61 [] [1 2 4 5 6 7 10 23 36 43] [1 2] [1 2 5] [1 2 4 5 6 7 9 11 23 34] [1 5] [1 2 4 5 6] [1 2 4 5 6 7 23 36] [1 2 5 6 23] [1 2 4] [1 2 4 5 6 23] [1] [1 2 4 5 6 8] [1 2 4 5 7] [1 2 5 6] [1 3] [1 2 4 5 6 7 23] [1 2 4 6 15 23] [1 2 4 6 8] [1 2 6] [1 2 4 6] [1 2 4 5 6 7 23 34] [1 2 4 5] [1 2 4 5 6 7 19] [1 2 6 7 23] [1 2 6 23] [1 2 4 5 6 19] [1 2 4 5 6 7 10 19 23 36 43] [1 2 4 5 6 7] [1 2 4 5 6 7 9 23] [1 6 7] [1 6] [1 3 6] [1 2 4 5 6 15] [1 2 7] [1 2 4 5 6 7 9 23 34] [1 2 5 6 7] [1 2 4 5 7 19] [1 2 4 6 7] [] [] [] [] [] [] [] [] [] [] [] [] [] [] [] [] [] [] [] [] [] []
62 [] [1 2 4 5 6 7 10 23 36 43] [1 2] [1 2 5] [1 2 4 5 6 7 9 11 23 34] [1 5] [1 2 4 5 6] [1 2 4 5 6 7 23 36] [1 2 5 6 23] [1 2 4] [1 2 4 5 6 23] [1] [1 2 4 5 6 8] [1 2 4 5 7] [1 2 5 6] [1 3] [1 2 4 5 6 7 23] [1 2 4 6 15 23] [1 2 4 6 8] [1 2 6] [1 2 4 6] [1 2 4 5 6 7 23 34] [1 2 4 5] [1 2 4 5 6 7 19] [1 2 6 7 23] [1 2 6 23] [1 2 4 5 6 19] [1 2 4 5 6 7 10 19 23 36 43] [1 2 4 5 6 7] [1 2 4 5 6 7 9 23] [1 6 7] [1 6] [1 3 6] [1 2 4 5 6 15] [1 2 7] [1 2 4 5 6 7 9 23 34] [1 2 5 6 7] [1 2 4 5 7 19] [1 2 4 6 7] [] [] [] [] [] [] [] [] [] [] [] [] [] [] [] [] [] [] [] [] [] []
63 [] [1 2] [1 2 5] [1 2 4 5 6 7 9 11 23 34] [1 5] [1 2 4 5 6] [1 2 4 5 6 7 23 36] [1 2 5 6 23] [1 2 4] [1 2 4 5 6 23] [1] [1 2 4 5 6 8] [1 2 4 5 7] [1 2 5 6] [1 3] [1 2 4 5 6 7 23] [1 2 4 6 15 23] [1 2 4 6 8] [1 2 6] [1 2 4 6] [1 2 4 5 6 7 23 34] [1 2 4 5] [1 2 4 5 6 7 19] [1 2 6 7 23] [1 2 6 23] [1 2 4 5 6 19] [1 2 4 5 6 7 10 19 23 36 43] [1 2 4 5 6 7] [1 2 4 5 6 7 9 23] [1 6 7] [1 6] [1 3 6] [1 2 4 5 6 15] [1 2 7] [1 2 4 5 6 7 9 23 34] [1 2 5 6 7] [1 2 4 5 7 19] [1 2 4 6 7] [] [] [] [] [] [] [] [] [] [] [] [] [] [] [] [] [] [] [] [] [] [] []
64 [] [1 2] [1 2 5] [1 2 4 5 6 7 9 11 23 34] [1 5] [1 2 4 5 6] [1 2 4 5 6 7 23 36] [1 2 5 6 23] [1 2 4] [1 2 4 5 6 23] [1] [1 2 4 5 6 8] [1 2 4 5 7] [1 2 5 6] [1 3] [1 2 4 5 6 7 23] [1 2 4 6 15 23] [1 2 4 6 8] [1 2 6] [1 2 4 6] [1 2 4 5 6 7 23 34] [1 2 4 5] [1 2 4 5 6 7 19] [1 2 6 7 23] [1 2 6 23] [1 2 4 5 6 19] [1 2 4 5 6 7 10 19 23 36 43] [1 2 4 5 6 7] [1 2 4 5 6 7 9 23] [1 6 7] [1 6] [1 3 6] [1 2 4 5 6 15] [1 2 7] [1 2 4 5 6 7 9 23 34] [1 2 5 6 7] [1 2 4 5 7 19] [1 2 4 6 7] [] [] [] [] [] [] [] [] [] [] [] [] [] [] [] [] [] [] [] [] [] [] []
65 [] [1 2] [1 2 5] [1 2 4 5 6 7 9 11 23 34] [1 5] [1 2 4 5 6] [1 2 4 5 6 7 23 36] [1 2 5 6 23] [1 2 4] [1 2 4 5 6 23] [1] [1 2 4 5 6 8] [1 2 4 5 7] [1 2 5 6] [1 3] [1 2 4 5 6 7 23] [1 2 4 6 15 23] [1 2 4 6 8] [1 2 6] [1 2 4 6] [1 2 4 5 6 7 23 34] [1 2 4 5] [1 2 4 5 6 7 19] [1 2 6 7 23] [1 2 6 23] [1 2 4 5 6 19] [1 2 4 5 6 7 10 19 23 36 43] [1 2 4 5 6 7] [1 2 4 5 6 7 9 23] [1 6 7] [1 6] [1 3 6] [1 2 4 5 6 15] [1 2 7] [1 2 4 5 6 7 9 23 34] [1 2 5 6 7] [1 2 4 5 7 19] [1 2 4 6 7] [] [] [] [] [] [] [] [] [] [] [] [] [] [] [] [] [] [] [] [] [] [] []
66 [] [1 2] [1 2 5] [1 2 4 5 6 7 9 11 23 34] [1 5] [1 2 4 5 6] [1 2 4 5 6 7 23 36] [1 2 5 6 23] [1 2 4] [1 2 4 5 6 23] [1] [1 2 4 5 6 8] [1 2 4 5 7] [1 2 5 6] [1 3] [1 2 4 5 6 7 23] [1 2 4 6 15 23] [1 2 4 6 8] [1 2 6] [1 2 4 6] [1 2 4 5 6 7 23 34] [1 2 4 5] [1 2 4 5 6 7 19] [1 2 6 7 23] [1 2 6 23] [1 2 4 5 6 19] [1 2 4 5 6 7 10 19 23 36 43] [1 2 4 5 6 7] [1 2 4 5 6 7 9 23] [1 6 7] [1 6] [1 3 6] [1 2 4 5 6 15] [1 2 7] [1 2 4 5 6 7 9 23 34] [1 2 5 6 7] [1 2 4 5 7 19] [1 2 4 6 7] [] [] [] [] [] [] [] [] [] [] [] [] [] [] [] [] [] [] [] [] [] [] []
67 [] [1 2] [1 2 5] [1 2 4 5 6 7 9 11 23 34] [1 5] [1 2 4 5 6] [1 2 4 5 6 7 23 36] [1 2 5 6 23] [1 2 4] [1 2 4 5 6 23] [1] [1 2 4 5 6 8] [1 2 4 5 7] [1 2 5 6] [1 3] [1 2 4 5 6 7 23] [1 2 4 6 15 23] [1 2 4 6 8] [1 2 6] [1 2 4 6] [1 2 4 5 6 7 23 34] [1 2 4 5] [1 2 4 5 6 7 19] [1 2 6 7 23] [1 2 6 23] [1 2 4 5 6 19] [1 2 4 5 6 7 10 19 23 36 43] [1 2 4 5 6 7] [1 2 4 5 6 7 9 23] [1 6 7] [1 6] [1 3 6] [1 2 4 5 6 15] [1 2 7] [1 2 4 5 6 7 9 23 34] [1 2 5 6 7] [1 2 4 5 7 19] [1 2 4 6 7] [] [] [] [] [] [] [] [] [] [] [] [] [] [] [] [] [] [] [] [] [] [] []
68 [] [1 2 5] [1 2 4 5 6 7 9 11 23 34] [1 5] [1 2 4 5 6] [1 2 4 5 6 7 23 36] [1 2 5 6 23] [1 2 4] [1 2] [1 2 4 5 6 23] [1] [1 2 4 5 6 8] [1 2 4 5 7] [1 2 5 6] [1 3] [1 2 4 5 6 7 23] [1 2 4 6 15 23] [1 2 4 6 8] [1 2 6] [1 2 4 6] [1 2 4 5 6 7 23 34] [1 2 4 5] [1 2 4 5 6 7 19] [1 2 6 7 23] [1 2 6 23] [1 2 4 5 6 19] [1 2 4 5 6 7 10 19 23 36 43] [1 2 4 5 6 7] [1 2 4 5 6 7 9 23] [1 6 7] [1 6] [1 3 6] [1 2 4 5 6 15] [1 2 7] [1 2 4 5 6 7 9 23 34] [1 2 5 6 7] [1 2 4 5 7 19] [1 2 4 6 7] [] [] [] [] [] [] [] [] [] [] [] [] [] [] [] [] [] [] [] [] [] [] []
69 [] [1 2 4 5 6 7 9 11 23 34] [1 2 5] [1 5] [1 2 4 5 6] [1 2 4 5 6 7 23 36] [1 2 5 6 23] [1 2 4] [1 2] [1 2 4 5 6 23] [1] [1 2 4 5 6 8] [1 2 4 5 7] [1 2 5 6] [1 3] [1 2 4 5 6 7 23] [1 2 4 6 15 23] [1 2 4 6 8] [1 2 6] [1 2 4 6] [1 2 4 5 6 7 23 34] [1 2 4 5] [1 2 4 5 6 7 19] [1 2 6 7 23] [1 2 6 23] [1 2 4 5 6 19] [1 2 4 5 6 7 10 19 23 36 43] [1 2 4 5 6 7] [1 2 4 5 6 7 9 23] [1 6 7] [1 6] [1 3 6] [1 2 4 5 6 15] [1 2 7] [1 2 4 5 6 7 9 23 34] [1 2 5 6 7] [1 2 4 5 7 19] [1 2 4 6 7] [] [] [] [] [] [] [] [] [] [] [] [] [] [] [] [] [] [] [] [] [] [] []
70 [] [1 2 5] [1 2 4 5 6] [1 2 4 5 6 7 23 36] [1 2 5 6 23] [1 2 4] [1 2] [1 2 4 5 6 23] [1] [1 2 4 5 6 8] [1 2 4 5 7] [1 2 5 6] [1 3] [1 2 4 5 6 7 23] [1 2 4 6 15 23] [1 2 4 6 8] [1 2 6] [1 2 4 6] [1 2 4 5 6 7 23 34] [1 2 4 5] [1 2 4 5 6 7 19] [1 2 6 7 23] [1 2 6 23] [1 2 4 5 6 19] [1 2 4 5 6 7 10 19 23 36 43] [1 2 4 5 6 7] [1 2 4 5 6 7 9 23] [1 6 7] [1 6] [1 3 6] [1 2 4 5 6 15] [1 2 7] [1 5] [1 2 4 5 6 7 9 23 34] [1 2 5 6 7] [1 2 4 5 7 19] [1 2 4 6 7] [] [] [] [] [] [] [] [] [] [] [] [] [] [] [] [] [] [] [] [] [] [] [] []
71 [] [1 2 5] [1 2 4 5 6] [1 2 4 5 6 7 23 36] [1 2 5 6 23] [1 2 4] [1 2] [1 2 4 5 6 23] [1] [1 2 4 5 6 8] [1 2 4 5 7] [1 2 5 6] [1 3] [1 2 4 5 6 7 23] [1 2 4 5 6 7 10 13 23] [1 2 4 6 15 23] [1 2 4 6 8] [1 2 6] [1 2 4 6] [1 2 4 5 6 7 23 34] [1 2 4 5] [1 2 4 5 6 7 19] [1 2 6 7 23] [1 2 6 23] [1 2 4 5 6 19] [1 2 4 5 6 7 10 19 23 36 43] [1 2 4 5 6 7] [1 2 4 5 6 7 9 23] [1 6 7] [1 6] [1 3 6] [1 2 4 5 6 15] [1 2 7] [1 5] [1 2 4 5 6 7 9 23 34] [1 2 5 6 7] [1 2 4 5 7 19] [1 2 4 6 7] [] [] [] [] [] [] [] [] [] [] [] [] [] [] [] [] [] [] [] [] [] [] []
72 [] [1 2 5] [1 2 4 5 6] [1 2 4 5 6 7 23 36] [1 2 5 6 23] [1 2 4] [1 2] [1 2 4 5 6 23] [1] [1 2 4 5 6 8] [1 2 4 5 7] [1 2 5 6] [1 3] [1 2 4 5 6 7 23] [1 2 4 5 6 7 10 13 23] [1 2 4 6 15 23] [1 2 4 6 8] [1 2 6] [1 2 4 6] [1 2 4 5 6 7 23 34] [1 2 4 5] [1 2 4 5 6 7 19] [1 2 6 7 23] [1 2 6 23] [1 2 4 5 6 19] [1 2 4 5 6 7 10 19 23 36 43] [1 2 4 5 6 7] [1 2 4 5 6 7 9 23] [1 6 7] [1 6] [1 3 6] [1 2 4 5 6 15] [1 2 7] [1 5] [1 2 4 5 6 7 9 23 34] [1 2 5 6 7] [1 2 4 5 7 19] [1 2 4 6 7] [] [] [] [] [] [] [] [] [] [] [] [] [] [] [] [] [] [] [] [] [] [] []
73 [] [1 2 5] [1 2 4 5 6] [1 2 4 5 6 7 23 36] [1 2 5 6 23] [1 2 4] [1 2] [1 2 4 5 6 23] [1] [1 2 4 5 6 8] [1 2 4 5 7] [1 2 5 6] [1 3] [1 2 4 5 6 7 23] [1 2 4 5 6 7 10 13 23] [1 2 4 6 15 23] [1 2 4 6 8] [1 2 6] [1 2 4 6] [1 2 4 5 6 7 23 34] [1 2 4 5] [1 2 4 5 6 7 19] [1 2 6 7 23] [1 2 6 23] [1 2 4 5 6 19] [1 2 4 5 6 7 10 19 23 36 43] [1 2 4 5 6 7] [1 2 4 5 6 7 9 23] [1 6 7] [1 6] [1 3 6] [1 2 4 5 6 15] [1 2 7] [1 5] [1 2 4 5 6 7 9 23 34] [1 2 5 6 7] [1 2 4 5 7 19] [1 2 4 6 7] [] [] [] [] [] [] [] [] [] [] [] [] [] [] [] [] [] [] [] [] [] [] []
74 [] [1 2 4 5 6] [1 2 4 5 6 7 23 36] [1 2 5 6 23] [1 2 4] [1 2] [1 2 4 5 6 23] [1] [1 2 4 5 6 8] [1 2 4 5 7] [1 2 5 6] [1 3] [1 2 4 5 6 7 23] [1 2 4 5 6 7 10 13 23] [1 2 4 6 15 23] [1 2 4 6 8] [1 2 6] [1 2 4 6] [1 2 4 5 6 7 23 34] [1 2 4 5] [1 2 4 5 6 7 19] [1 2 6 7 23] [1 2 6 23] [1 2 5] [1 2 4 5 6 19] [1 2 4 5 6 7 10 19 23 36 43] [1 2 4 5 6 7] [1 2 4 5 6 7 9 23] [1 6 7] [1 6] [1 3 6] [1 2 4 5 6 15] [1 2 7] [1 5] [1 2 4 5 6 7 9 23 34] [1 2 5 6 7] [1 2 4 5 7 19] [1 2 4 6 7] [] [] [] [] [] [] [] [] [] [] [] [] [] [] [] [] [] [] [] [] [] [] []
75 [] [1 2 4 5 6] [1 2 4 5 6 7 23 36] [1 2 5 6 23] [1 2 4] [1 2] [1 2 4 5 6 23] [1] [1 2 4 5 6 8] [1 2 4 5 7] [1 2 5 6] [1 3] [1 2 4 5 6 7 23] [1 2 4 5 6 7 10 13 23] [1 2 4 6 15 23] [1 2 4 6 8] [1 2 6] [1 2 4 6] [1 2 4 5 6 7 23 34] [1 2 4 5] [1 2 4 5 6 7 19] [1 2 6 7 23] [1 2 6 23] [1 2 5] [1 2 4 5 6 19] [1 2 4 5 6 7 10 19 23 36 43] [1 2 4 5 6 7] [1 2 4 5 6 7 9 23] [1 6 7] [1 6] [1 3 6] [1 2 4 5 6 15] [1 2 7] [1 5] [1 2 4 5 6 7 9 23 34] [1 2 5 6 7] [1 2 4 5 7 19] [1 2 4 6 7] [] [] [] [] [] [] [] [] [] [] [] [] [] [] [] [] [] [] [] [] [] [] []
76 [] [1 2 4 5 6] [1 2 4 5 6 7 23 36] [1 2 5 6 23] [1 2 4] [1 2] [1 2 4 5 6 23] [1] [1 2 4 5 6 8] [1 2 4 5 7] [1 2 5 6] [1 3] [1 2 4 5 6 7 23] [1 2 4 5 6 7 10 13 23] [1 2 4 6 15 23] [1 2 4 6 8] [1 2 6] [1 2 4 6] [1 2 4 5 6 7 23 34] [1 2 4 5] [1 2 4 5 6 7 19] [1 2 6 7 23] [1 2 6 23] [1 2 5] [1 2 4 5 6 19] [1 2 4 5 6 7 10 19 23 36 43] [1 2 4 5 6 7] [1 2 4 5 6 7 9 23] [1 6 7] [1 6] [1 3 6] [1 2 4 5 6 15] [1 2 7] [1 5] [1 2 4 5 6 7 9 23 34] [1 2 5 6 7] [1 2 4 5 7 19] [1 2 4 6 7] [] [] [] [] [] [] [] [] [] [] [] [] [] [] [] [] [] [] [] [] [] [] []
77 [] [1 2 4 5 6] [1 2 4 5 6 7 23 36] [1 2 5 6 23] [1 2 4] [1 2] [1 2 4 5 6 23] [1] [1 2 4 5 6 8] [1 2 4 5 7] [1 2 5 6] [1 3] [1 2 4 5 6 7 23] [1 2 4 5 6 7 10 13 23] [1 2 4 6 15 23] [1 2 4 6 8] [1 2 6] [1 2 4 6] [1 2 4 5 6 7 23 34] [1 2 4 5] [1 2 4 5 6 7 19] [1 2 6 7 23] [1 2 6 23] [1 2 5] [1 2 4 5 6 19] [1 2 4 5 6 7 10 19 23 36 43] [1 2 4 5 6 7] [1 2 4 5 6 7 9 23] [1 6 7] [1 6] [1 3 6] [1 2 4 5 6 15] [1 2 7] [1 5] [1 2 4 5 6 7 9 23 34] [1 2 5 6 7] [1 2 4 5 7 19] [1 2 4 6 7] [] [] [] [] [] [] [] [] [] [] [] [] [] [] [] [] [] [] [] [] [] [] []
78 [] [1 2 4 5 6] [1 2 4 5 6 7 23 36] [1 2 5 6 23] [1 2 4] [1 2] [1 2 4 5 6 23] [1] [1 2 4 5 6 8] [1 2 4 5 7] [1 2 5 6] [1 3] [1 2 4 5 6 7 23] [1 2 4 5 6 7 10 13 23] [1 2 4 6 15 23] [1 2 4 6 8] [1 2 6] [1 2 4 6] [1 2 4 5 6 7 23 34] [1 2 4 5] [1 2 4 5 6 7 19] [1 2 6 7 23] [1 2 6 23] [1 2 5] [1 2 4 5 6 19] [1 2 4 5 6 7 10 19 23 36 43] [1 2 4 5 6 7] [1 2 4 5 6 7 9 23] [1 6 7] [1 6] [1 3 6] [1 2 4 5 6 15] [1 2 7] [1 5] [1 2 4 5 6 7 9 23 34] [1 2 5 6 7] [1 2 4 5 7 19] [1 2 4 6 7] [] [] [] [] [] [] [] [] [] [] [] [] [] [] [] [] [] [] [] [] [] [] []
79 [] [1 2 4 5 6] [1 2 4 5 6 7 23 36] [1 2 5 6 23] [1 2 4] [1 2] [1 2 4 5 6 23] [1] [1 2 4 5 6 8] [1 2 4 5 7] [1 2 5 6] [1 3] [1 2 4 5 6 7 23] [1 2 4 5 6 7 10 13 23] [1 2 4 6 15 23] [1 2 4 6 8] [1 2 6] [1 2 4 6] [1 2 4 5 6 7 23 34] [1 2 4 5] [1 2 4 5 6 7 19] [1 2 6 7 23] [1 2 6 23] [1 2 5] [1 2 4 5 6 19] [1 2 4 5 6 7 10 19 23 36 43] [1 2 4 5 6 7] [1 2 4 5 6 7 9 23] [1 6 7] [1 6] [1 3 6] [1 2 4 5 6 15] [1 2 7] [1 5] [1 2 4 5 6 7 9 23 34] [1 2 5 6 7] [1 2 4 5 7 19] [1 2 4 6 7] [] [] [] [] [] [] [] [] [] [] [] [] [] [] [] [] [] [] [] [] [] [] []
80 [] [1 2 4 5 6 7 23 36] [1 2 5 6 23] [1 2 4 5 6] [1 2 4] [1 2] [1 2 4 5 6 23] [1] [1 2 4 5 6 8] [1 2 4 5 7] [1 2 5 6] [1 3] [1 2 4 5 6 7 23] [1 2 4 5 6 7 10 13 23] [1 2 4 6 15 23] [1 2 4 6 8] [1 2 6] [1 2 4 6] [1 2 4 5 6 7 23 34] [1 2 4 5] [1 2 4 5 6 7 19] [1 2 6 7 23] [1 2 6 23] [1 2 5] [1 2 4 5 6 19] [1 2 4 5 6 7 10 19 23 36 43] [1 2 4 5 6 7] [1 2 4 5 6 7 9 23] [1 6 7] [1 6] [1 3 6] [1 2 4 5 6 15] [1 2 7] [1 5] [1 2 4 5 6 7 9 23 34] [1 2 5 6 7] [1 2 4 5 7 19] [1 2 4 6 7] [] [] [] [] [] [] [] [] [] [] [] [] [] [] [] [] [] [] [] [] [] [] []
81 [] [1 2 5 6 23] [1 2 4 5 6] [1 2 4] [1 2] [1 2 4 5 6 23] [1] [1 2 4 5 6 8] [1 2 4 5 7] [1 2 5 6] [1 3] [1 2 4 5 6 7 23] [1 2 4 5 6 7 10 13 23] [1 2 4 6 15 23] [1 2 4 6 8] [1 2 6] [1 2 4 6] [1 2 4 5 6 7 23 34] [1 2 4 5] [1 2 4 5 6 7 19] [1 2 6 7 23] [1 2 6 23] [1 2 5] [1 2 4 5 6 7 23 36] [1 2 4 5 6 19] [1 2 4 5 6 7 10 19 23 36 43] [1 2 4 5 6 7] [1 2 4 5 6 7 9 23] [1 6 7] [1 6] [1 3 6] [1 2 4 5 6 15] [1 2 7] [1 5] [1 2 4 5 6 7 9 23 34] [1 2 5 6 7] [1 2 4 5 7 19] [1 2 4 6 7] [] [] [] [] [] [] [] [] [] [] [] [] [] [] [] [] [] [] [] [] [] [] []
82 [] [1 2 4 5 6] [1 2 4] [1 2] [1 2 4 5 6 23] [1] [1 2 4 5 6 8] [1 2 4 5 7] [1 2 5 6] [1 3] [1 2 4 5 6 7 23] [1 2 4 5 6 7 10 13 23] [1 2 4 6 15 23] [1 2 4 6 8] [1 2 6] [1 2 4 6] [1 2 4 5 6 7 23 34] [1 2 4 5] [1 2 4 5 6 7 19] [1 2 6 7 23] [1 2 6 23] [1 2 5] [1 2 4 5 6 7 23 36] [1 2 4 5 6 19] [1 2 4 5 6 7 10 19 23 36 43] [1 2 4 5 6 7] [1 2 4 5 6 7 9 23] [1 6 7] [1 6] [1 3 6] [1 2 4 5 6 15] [1 2 7] [1 5] [1 2 4 5 6 7 9 23 34] [1 2 5 6 7] [1 2 4 5 7 19] [1 2 4 6 7] [] [] [] [] [] [] [] [] [] [] [] [] [] [] [] [] [] [] [] [] [] [] [] []
83 [] [1 2 4 5 6] [1 2 4] [1 2] [1 2 4 5 6 23] [1] [1 2 4 5 6 8] [1 2 4 5 7] [1 2 5 6] [1 3] [1 2 4 5 6 7 23] [1 2 4 5 6 7 10 13 23] [1 2 4 6 15 23] [1 2 4 6 8] [1 2 6] [1 2 4 6] [1 2 4 5 6 7 23 34] [1 2 4 5] [1 2 4 5 6 7 19] [1 2 6 7 23] [1 2 6 23] [1 2 5] [1 2 4 5 6 7 23 36] [1 2 4 5 6 19] [1 2 4 5 6 7 10 19 23 36 43] [1 2 4 5 6 7] [1 2 4 5 6 7 9 23] [1 6 7] [1 6] [1 3 6] [1 2 4 5 6 15] [1 2 7] [1 5] [1 2 4 5 6 7 9 23 34] [1 2 5 6 7] [1 2 4 5 7 19] [1 2 4 6 7] [] [] [] [] [] [] [] [] [] [] [] [] [] [] [] [] [] [] [] [] [] [] [] []
84 [] [1 2 4 5 6] [1 2 4] [1 2] [1 2 4 5 6 23] [1] [1 2 4 5 6 8] [1 2 4 5 7] [1 2 5 6] [1 3] [1 2 4 5 6 7 23] [1 2 4 5 6 7 10 13 23] [1 2 4 6 15 23] [1 2 4 6 8] [1 2 6] [1 2 4 6] [1 2 4 5 6 7 23 34] [1 2 4 5] [1 2 4 5 6 7 19] [1 2 6 7 23] [1 2 6 23] [1 2 5] [1 2 4 5 6 7 23 36] [1 2 4 5 6 19] [1 2 4 5 6 7 10 19 23 36 43] [1 2 4 5 6 7] [1 2 4 5 6 7 9 23] [1 6 7] [1 6] [1 3 6] [1 2 4 5 6 15] [1 2 7] [1 5] [1 2 4 5 6 7 9 23 34] [1 2 5 6 7] [1 2 4 5 7 19] [1 2 4 6 7] [] [] [] [] [] [] [] [] [] [] [] [] [] [] [] [] [] [] [] [] [] [] [] []
85 [] [1 2 4 5 6] [1 2 4] [1 2] [1 2 4 5 6 23] [1] [1 2 4 5 6 8] [1 2 4 5 7] [1 2 5 6] [1 3] [1 2 4 5 6 7 23] [1 2 4 5 6 7 10 13 23] [1 2 4 6 15 23] [1 2 4 6 8] [1 2 6] [1 2 4 6] [1 2 4 5 6 7 23 34] [1 2 4 5] [1 2 4 5 6 7 19] [1 2 6 7 23] [1 2 6 23] [1 2 5] [1 2 4 5 6 7 23 36] [1 2 4 5 6 19] [1 2 4 5 6 7 10 19 23 36 43] [1 2 4 5 6 7] [1 2 4 5 6 7 9 23] [1 6 7] [1 6] [1 3 6] [1 2 4 5 6 15] [1 2 7] [1 5] [1 2 4 5 6 7 9 23 34] [1 2 5 6 7] [1 2 4 5 7 19] [1 2 4 6 7] [] [] [] [] [] [] [] [] [] [] [] [] [] [] [] [] [] [] [] [] [] [] [] []
86 [] [1 2 4 5 6] [1 2 4] [1 2] [1 2 4 5 6 23] [1] [1 2 4 5 6 8] [1 2 4 5 7] [1 2 5 6] [1 3] [1 2 4 5 6 7 23] [1 2 4 5 6 7 10 13 23] [1 2 4 6 15 23] [1 2 4 6 8] [1 2 6] [1 2 4 6] [1 2 4 5 6 7 23 34] [1 2 4 5] [1 2 4 5 6 7 19] [1 2 6 7 23] [1 2 6 23] [1 2 5] [1 2 4 5 6 7 23 36] [1 2 4 5 6 19] [1 2 4 5 6 7 10 19 23 36 43] [1 2 4 5 6 7] [1 2 4 5 6 7 9 23] [1 6 7] [1 6] [1 3 6] [1 2 4 5 6 15] [1 2 7] [1 5] [1 2 4 5 6 7 9 23 34] [1 2 5 6 7] [1 2 4 5 7 19] [1 2 4 6 7] [] [] [] [] [] [] [] [] [] [] [] [] [] [] [] [] [] [] [] [] [] [] [] []
87 [] [1 2 4] [1 2 4 5 6] [1 2] [1 2 4 5 6 23] [1] [1 2 4 5 6 8] [1 2 4 5 7] [1 2 5 6] [1 3] [1 2 4 5 6 7 23] [1 2 4 5 6 7 10 13 23] [1 2 4 6 15 23] [1 2 4 6 8] [1 2 6] [1 2 4 6] [1 2 4 5 6 7 23 34] [1 2 4 5] [1 2 4 5 6 7 19] [1 2 6 7 23] [1 2 6 23] [1 2 5] [1 2 4 5 6 7 23 36] [1 2 4 5 6 19] [1 2 4 5 6 7 10 19 23 36 43] [1 2 4 5 6 7] [1 2 4 5 6 7 9 23] [1 6 7] [1 6] [1 3 6] [1 2 4 5 6 15] [1 2 7] [1 5] [1 2 4 5 6 7 9 23 34] [1 2 5 6 7] [1 2 4 5 7 19] [1 2 4 6 7] [] [] [] [] [] [] [] [] [] [] [] [] [] [] [] [] [] [] [] [] [] [] [] []
88 [] [1 2 4] [1 2 4 5 6] [1 2] [1 2 4 5 6 23] [1] [1 2 4 5 6 8] [1 2 4 5 7] [1 2 5 6] [1 3] [1 2 4 5 6 7 23] [1 2 4 5 6 7 10 13 23] [1 2 4 6 15 23] [1 2 4 6 8] [1 2 6] [1 2 4 6] [1 2 4 5 6 7 23 34] [1 2 4 5] [1 2 4 5 6 7 19] [1 2 6 7 23] [1 2 6 23] [1 2 5] [1 2 4 5 6 7 23 36] [1 2 4 5 6 19] [1 2 4 5 6 7 10 19 23 36 43] [1 2 4 5 6 7] [1 2 4 5 6 7 9 23] [1 6 7] [1 6] [1 3 6] [1 2 4 5 6 15] [1 2 7] [1 5] [1 2 4 5 6 7 9 23 34] [1 2 5 6 7] [1 2 4 5 7 19] [1 2 4 6 7] [] [] [] [] [] [] [] [] [] [] [] [] [] [] [] [] [] [] [] [] [] [] [] []
89 [] [1 2 4] [1 2 4 5 6] [1 2] [1 2 4 5 6 23] [1] [1 2 4 5 6 8] [1 2 4 5 7] [1 2 5 6] [1 3] [1 2 4 5 6 7 23] [1 2 4 5 6 7 10 13 23] [1 2 4 6 15 23] [1 2 4 6 8] [1 2 6] [1 2 4 6] [1 2 4 5 6 7 23 34] [1 2 4 5] [1 2 4 5 6 7 19] [1 2 6 7 23] [1 2 6 23] [1 2 5] [1 2 4 5 6 7 23 36] [1 2 4 5 6 19] [1 2 4 5 6 7 10 19 23 36 43] [1 2 4 5 6 7] [1 2 4 5 6 7 9 23] [1 6 7] [1 6] [1 3 6] [1 2 4 5 6 15] [1 2 7] [1 5] [1 2 4 5 6 7 9 23 34] [1 2 5 6 7] [1 2 4 5 7 19] [1 2 4 6 7] [] [] [] [] [] [] [] [] [] [] [] [] [] [] [] [] [] [] [] [] [] [] [] []
90 [] [1 2 4] [1 2 4 5 6] [1 2] [1 2 4 5 6 23] [1] [1 2 4 5 6 8] [1 2 4 5 7] [1 2 5 6] [1 3] [1 2 4 5 6 7 23] [1 2 4 5 6 7 10 13 23] [1 2 4 6 15 23] [1 2 4 6 8] [1 2 6] [1 2 4 6] [1 2 4 5 6 7 23 34] [1 2 4 5] [1 2 4 5 6 7 19] [1 2 6 7 23] [1 2 6 23] [1 2 5] [1 2 4 5 6 7 23 36] [1 2 4 5 6 19] [1 2 4 5 6 7 10 19 23 36 43] [1 2 4 5 6 7] [1 2 4 5 6 7 9 23] [1 6 7] [1 6] [1 3 6] [1 2 4 5 6 15] [1 2 7] [1 5] [1 2 4 5 6 7 9 23 34] [1 2 5 6 7] [1 2 4 5 7 19] [1 2 4 6 7] [] [] [] [] [] [] [] [] [] [] [] [] [] [] [] [] [] [] [] [] [] [] [] []
91 [] [1 2 4 5 6] [1 2] [1 2 4 5 6 23] [1] [1 2 4 5 6 8] [1 2 4 5 7] [1 2 5 6] [1 3] [1 2 4 5 6 7 23] [1 2 4 5 6 7 10 13 23] [1 2 4 6 15 23] [1 2 4 6 8] [1 2 6] [1 2 4 6] [1 2 4] [1 2 4 5 6 7 23 34] [1 2 4 5] [1 2 4 5 6 7 19] [1 2 6 7 23] [1 2 6 23] [1 2 5] [1 2 4 5 6 7 23 36] [1 2 4 5 6 19] [1 2 4 5 6 7 10 19 23 36 43] [1 2 4 5 6 7] [1 2 4 5 6 7 9 23] [1 6 7] [1 6] [1 3 6] [1 2 4 5 6 15] [1 2 7] [1 5] [1 2 4 5 6 7 9 23 34] [1 2 5 6 7] [1 2 4 5 7 19] [1 2 4 6 7] [] [] [] [] [] [] [] [] [] [] [] [] [] [] [] [] [] [] [] [] [] [] [] []
92 [] [1 2 4 5 6 23] [1 2] [1 2 4 5 6 8] [1 2 4 5 7] [1 2 5 6] [1 3] [1 2 4 5 6 7 23] [1 2 4 5 6 7 10 13 23] [1 2 4 6 15 23] [1 2 4 6 8] [1 2 4 5 6] [1 2 6] [1 2 4 6] [1 2 4] [1 2 4 5 6 7 23 34] [1 2 4 5] [1 2 4 5 6 7 19] [1 2 6 7 23] [1 2 6 23] [1 2 5] [1 2 4 5 6 7 23 36] [1 2 4 5 6 19] [1 2 4 5 6 7 10 19 23 36 43] [1 2 4 5 6 7] [1 2 4 5 6 7 9 23] [1] [1 6 7] [1 6] [1 3 6] [1 2 4 5 6 15] [1 2 7] [1 5] [1 2 4 5 6 7 9 23 34] [1 2 5 6 7] [1 2 4 5 7 19] [1 2 4 6 7] [] [] [] [] [] [] [] [] [] [] [] [] [] [] [] [] [] [] [] [] [] [] [] []
93 [] [1 2 4 5 6 23] [1 2] [1 2 4 5 6 8] [1 2 4 5 7] [1 2 5 6] [1 3] [1 2 4 5 6 7 23] [1 2 4 5 6 7 10 13 23] [1 2 4 6 15 23] [1 2 4 6 8] [1 2 4 5 6] [1 2 6] [1 2 4 6] [1 2 4] [1 2 4 5 6 7 23 34] [1 2 4 5] [1 2 4 5 6 7 19] [1 2 6 7 23] [1 2 6 23] [1 2 5] [1 2 4 5 6 7 23 36] [1 2 4 5 6 19] [1 2 4 5 6 7 10 19 23 36 43] [1 2 4 5 6 7] [1 2 4 5 6 7 9 23] [1] [1 6 7] [1 6] [1 3 6] [1 2 4 5 6 15] [1 2 7] [1 5] [1 2 4 5 6 7 9 23 34] [1 2 5 6 7] [1 2 4 5 7 19] [1 2 4 6 7] [] [] [] [] [] [] [] [] [] [] [] [] [] [] [] [] [] [] [] [] [] [] [] []
94 [] [1 2 4 5 6 23] [1 2] [1 2 4 5 6 8] [1 2 4 5 7] [1 2 5 6] [1 3] [1 2 4 5 6 7 23] [1 2 4 5 6 7 10 13 23] [1 2 4 6 15 23] [1 2 4 6 8] [1 2 4 5 6] [1 2 6] [1 2 4 6] [1 2 4] [1 2 4 5 6 7 23 34] [1 2 4 5] [1 2 4 5 6 7 19] [1 2 6 7 23] [1 2 6 23] [1 2 5] [1 2 4 5 6 7 23 36] [1 2 4 5 6 19] [1 2 4 5 6 7 10 19 23 36 43] [1 2 4 5 6 7] [1 2 4 5 6 7 9 23] [1] [1 6 7] [1 6] [1 3 6] [1 2 4 5 6 15] [1 2 7] [1 5] [1 2 4 5 6 7 9 23 34] [1 2 5 6 7] [1 2 4 5 7 19] [1 2 4 6 7] [] [] [] [] [] [] [] [] [] [] [] [] [] [] [] [] [] [] [] [] [] [] [] []
95 [] [1 2 4 5 6 23] [1 2 4 6 23] [1 2] [1 2 4 5 6 8] [1 2 4 5 7] [1 2 5 6] [1 3] [1 2 4 5 6 7 23] [1 2 4 5 6 7 10 13 23] [1 2 4 6 15 23] [1 2 4 6 8] [1 2 4 5 6] [1 2 6] [1 2 4 6] [1 2 4] [1 2 4 5 6 7 23 34] [1 2 4 5] [1 2 4 5 6 7 19] [1 2 6 7 23] [1 2 6 23] [1 2 5] [1 2 4 5 6 7 23 36] [1 2 4 5 6 19] [1 2 4 5 6 7 10 19 23 36 43] [1 2 4 5 6 7] [1 2 4 5 6 7 9 23] [1] [1 6 7] [1 6] [1 3 6] [1 2 4 5 6 15] [1 2 7] [1 5] [1 2 4 5 6 7 9 23 34] [1 2 5 6 7] [1 2 4 5 7 19] [1 2 4 6 7] [] [] [] [] [] [] [] [] [] [] [] [] [] [] [] [] [] [] [] [] [] [] []
96 [] [1 2 4 6 23] [1 2] [1 2 4 5 6 8] [1 2 4 5 7] [1 2 5 6] [1 3] [1 2 4 5 6 7 23] [1 2 4 5 6 7 10 13 23] [1 2 4 6 15 23] [1 2 4 6 8] [1 2 4 5 6] [1 2 6] [1 2 4 6] [1 2 4] [1 2 4 5 6 7 23 34] [1 2 4 5] [1 2 4 5 6 7 19] [1 2 6 7 23] [1 2 6 23] [1 2 5] [1 2 4 5 6 7 23 36] [1 2 4 5 6 19] [1 2 4 5 6 7 10 19 23 36 43] [1 2 5 6 7 23] [1 2 4 5 6 7] [1 2 4 5 6 7 9 23] [1] [1 6 7] [1 6] [1 3 6] [1 2 4 5 6 15] [1 2 7] [1 5] [1 2 4 5 6 7 9 23 34] [1 2 5 6 7] [1 2 4 5 7 19] [1 2 4 6 7] [] [] [] [] [] [] [] [] [] [] [] [] [] [] [] [] [] [] [] [] [] [] []
97 [] [1 2 4 5 6 8] [1 2 4 5 7] [1 2 5 6] [1 2 4 5 6 7 23] [1 2 4 5 6 7 10 13 23] [1 2 4 6 15 23] [1 2 4 6 8] [1 2 4 5 6] [1 2 6] [1 2 4 6] [1 2 4] [1 2 4 5 6 7 23 34] [1 2 4 5] [1 2 4 5 6 7 19] [1 2 6 7 23] [1 2] [1 2 6 23] [1 2 5] [1 2 4 5 6 7 23 36] [1 2 4 5 6 19] [1 2 4 5 6 7 10 19 23 36 43] [1 3] [1 2 5 6 7 23] [1 2 4 5 6 7] [1 2 4 5 6 7 9 23] [1] [1 6 7] [1 6] [1 3 6] [1 2 4 5 6 15] [1 2 7] [1 5] [1 2 4 5 6 7 9 23 34] [1 2 5 6 7] [1 2 4 5 7 19] [1 2 4 6 7] [] [] [] [] [] [] [] [] [] [] [] [] [] [] [] [] [] [] [] [] [] [] [] []
98 [] [1 2 5 6] [1 2 4 5 6 7 23] [1 2 4 5 6 7 10 13 23] [1 2 4 6 15 23] [1 2 4 6 8] [1 2 4 5 6] [1 2 6] [1 2 4 6] [1 2 4] [1 2 4 5 6 7 23 34] [1 2 4 5] [1 2 4 5 6 7 19] [1 2 6 7 23] [1 2] [1 2 6 23] [1 2 5] [1 2 4 5 6 7 23 36] [1 2 4 5 6 19] [1 2 4 5 6 7 10 19 23 36 43] [1 3] [1 2 5 6 7 23] [1 2 4 5 6 7] [1 2 4 5 6 7 9 23] [1] [1 6 7] [1 6] [1 3 6] [1 2 4 5 6 15] [1 2 7] [1 5] [1 2 4 5 6 7 9 23 34] [1 2 5 6 7] [1 2 4 5 7 19] [1 2 4 6 7] [] [] [] [] [] [] [] [] [] [] [] [] [] [] [] [] [] [] [] [] [] [] [] [] [] []
99 [] [1 2 4 5 6 7 23] [1 2 4 6 15 23] [1 2 4 6 8] [1 2 4 5 6] [1 2 6] [1 2 4 6] [1 2 4] [1 2 4 5 6 7 23 34] [1 2 4 5] [1 2 4 5 6 7 19] [1 2 6 7 23] [1 2 5 6] [1 2] [1 2 6 23] [1 2 5] [1 2 4 5 6 7 23 36] [1 2 4 5 6 19] [1 2 4 5 6 7 10 19 23 36 43] [1 3] [1 2 5 6 7 23] [1 2 4 5 6 7] [1 2 4 5 6 7 9 23] [1] [1 6 7] [1 6] [1 3 6] [1 2 4 5 6 15] [1 2 7] [1 5] [1 2 4 5 6 7 9 23 34] [1 2 5 6 7] [1 2 4 5 7 19] [1 2 4 6 7] [] [] [] [] [] [] [] [] [] [] [] [] [] [] [] [] [] [] [] [] [] [] [] [] [] [] []
100 [] [1 2 4 5 6 7 23] [1 2 4 6 15 23] [1 2 4 6 8] [1 2 4 5 6] [1 2 6] [1 2 4 6] [1 2 4] [1 2 4 5 6 7 23 34] [1 2 4 5] [1 2 4 5 6 7 19] [1 2 6 7 23] [1 2 5 6] [1 2] [1 2 6 23] [1 2 5] [1 2 4 5 6 7 23 36] [1 2 4 5 6 19] [1 2 4 5 6 7 10 19 23 36 43] [1 3] [1 2 5 6 7 23] [1 2 4 5 6 7] [1 2 4 5 6 7 9 23] [1] [1 6 7] [1 6] [1 3 6] [1 2 4 5 6 15] [1 2 7] [1 5] [1 2 4 5 6 7 9 23 34] [1 2 5 6 7] [1 2 4 5 7 19] [1 2 4 6 7] [] [] [] [] [] [] [] [] [] [] [] [] [] [] [] [] [] [] [] [] [] [] [] [] [] [] []
101 [] [1 2 4 6 15 23] [1 2 4 6 8] [1 2 4 5 6] [1 2 6] [1 2 4 6] [1 2 4] [1 2 4 5 6 7 23 34] [1 2 4 5] [1 2 4 5 6 7 19] [1 2 6 7 23] [1 2 5 6] [1 2] [1 2 6 23] [1 2 5] [1 2 4 5 6 7 23 36] [1 2 4 5 6 19] [1 2 4 5 6 7 10 19 23 36 43] [1 3] [1 2 5 6 7 23] [1 2 4 5 6 7] [1 2 4 5 6 7 9 23] [1] [1 6 7] [1 6] [1 3 6] [1 2 4 5 6 15] [1 2 7] [1 5] [1 2 4 5 6 7 9 23 34] [1 2 5 6 7] [1 2 4 5 7 19] [1 2 4 6 7] [1 2 4 5 6 7 23] [] [] [] [] [] [] [] [] [] [] [] [] [] [] [] [] [] [] [] [] [] [] [] [] [] [] []
102 [] [1 2 4 6 15 23] [1 2 4 6 8] [1 2 4 5 6] [1 2 6] [1 2 4 6] [1 2 4] [1 2 4 5 6 7 23 34] [1 2 4 5] [1 2 4 5 6 7 19] [1 2 6 7 23] [1 2 5 6] [1 2] [1 2 6 23] [1 2 5] [1 2 4 5 6 7 23 36] [1 2 4 5 6 19] [1 2 4 5 6 7 10 19 23 36 43] [1 3] [1 2 5 6 7 23] [1 2 4 5 6 7] [1 2 4 5 6 7 9 23] [1] [1 6 7] [1 6] [1 3 6] [1 2 4 5 6 15] [1 2 7] [1 5] [1 2 4 5 6 7 9 23 34] [1 2 5 6 7] [1 2 4 5 7 19] [1 2 4 6 7] [1 2 4 5 6 7 23] [] [] [] [] [] [] [] [] [] [] [] [] [] [] [] [] [] [] [] [] [] [] [] [] [] [] []
103 [] [1 2 4 6 15 23] [1 2 4 6 8] [1 2 4 5 6] [1 2 6] [1 2 4 6] [1 2 4] [1 2 4 5 6 7 23 34] [1 2 4 5] [1 2 4 5 6 7 19] [1 2 6 7 23] [1 2 5 6] [1 2] [1 2 6 23] [1 2 5] [1 2 4 5 6 7 23 36] [1 2 4 5 6 19] [1 2 4 5 6 7 10 19 23 36 43] [1 3] [1 2 5 6 7 23] [1 2 4 5 6 7] [1 2 4 5 6 7 9 23] [1] [1 6 7] [1 6] [1 3 6] [1 2 4 5 6 15] [1 2 7] [1 5] [1 2 4 5 6 7 9 23 34] [1 2 5 6 7] [1 2 4 5 7 19] [1 2 4 6 7] [1 2 4 5 6 7 23] [] [] [] [] [] [] [] [] [] [] [] [] [] [] [] [] [] [] [] [] [] [] [] [] [] [] []
104 [] [1 2 4 6 15 23] [1 2 4 6 8] [1 2 4 5 6] [1 2 6] [1 2 4 6] [1 2 4] [1 2 4 5 6 7 23 34] [1 2 4 5] [1 2 4 5 6 7 19] [1 2 6 7 23] [1 2 5 6] [1 2] [1 2 6 23] [1 2 5] [1 2 4 5 6 7 23 36] [1 2 4 5 6 19] [1 2 4 5 6 7 10 19 23 36 43] [1 3] [1 2 5 6 7 23] [1 2 4 5 6 7] [1 2 4 5 6 7 9 23] [1] [1 6 7] [1 6] [1 3 6] [1 2 4 5 6 15] [1 2 7] [1 5] [1 2 4 5 6 7 9 23 34] [1 2 5 6 7] [1 2 4 5 7 19] [1 2 4 6 7] [1 2 4 5 6 7 23] [] [] [] [] [] [] [] [] [] [] [] [] [] [] [] [] [] [] [] [] [] [] [] [] [] [] []
105 [] [1 2 4 6 8] [1 2 4 5 6] [1 2 6] [1 2 4 6] [1 2 4] [1 2 4 5 6 7 23 34] [1 2 4 5] [1 2 4 5 6 7 19] [1 2 6 7 23] [1 2 5 6] [1 2 4 6 15 23] [1 2] [1 2 6 23] [1 2 5] [1 2 4 5 6 7 23 36] [1 2 4 5 6 19] [1 2 4 5 6 7 10 19 23 36 43] [1 3] [1 2 5 6 7 23] [1 2 4 5 6 7] [1 2 4 5 6 7 9 23] [1] [1 6 7] [1 6] [1 3 6] [1 2 4 5 6 15] [1 2 7] [1 5] [1 2 4 5 6 7 9 23 34] [1 2 5 6 7] [1 2 4 5 7 19] [1 2 4 6 7] [1 2 4 5 6 7 23] [] [] [] [] [] [] [] [] [] [] [] [] [] [] [] [] [] [] [] [] [] [] [] [] [] [] []
106 [] [1 2 4 5 6] [1 2 6] [1 2 4 6] [1 2 4] [1 2 4 5 6 7 23 34] [1 2 4 5] [1 2 4 5 6 7 19] [1 2 6 7 23] [1 2 5 6] [1 2 4 6 15 23] [1 2] [1 2 6 23] [1 2 5] [1 2 4 5 6 7 23 36] [1 2 4 5 6 19] [1 2 4 5 6 7 10 19 23 36 43] [1 3] [1 2 5 6 7 23] [1 2 4 5 6 7] [1 2 4 5 6 7 9 23] [1] [1 6 7] [1 6] [1 3 6] [1 2 4 5 6 15] [1 2 7] [1 5] [1 2 4 5 6 7 9 23 34] [1 2 5 6 7] [1 2 4 5 7 19] [1 2 4 6 7] [1 2 4 5 6 7 23] [] [] [] [] [] [] [] [] [] [] [] [] [] [] [] [] [] [] [] [] [] [] [] [] [] [] [] []
107 [] [1 2 4 5 6] [1 2 6] [1 2 4 6] [1 2 4] [1 2 4 5 6 7 23 34] [1 2 4 5] [1 2 4 5 6 7 19] [1 2 6 7 23] [1 2 5 6] [1 2 4 6 15 23] [1 2] [1 2 6 23] [1 2 5] [1 2 4 5 6 7 23 36] [1 2 4 5 6 19] [1 2 4 5 6 7 10 19 23 36 43] [1 3] [1 2 5 6 7 23] [1 2 4 5 6 7] [1 2 4 5 6 7 9 23] [1] [1 6 7] [1 6] [1 3 6] [1 2 4 5 6 15] [1 2 7] [1 5] [1 2 4 5 6 7 9 23 34] [1 2 5 6 7] [1 2 4 5 7 19] [1 2 4 6 7] [1 2 4 5 6 7 23] [] [] [] [] [] [] [] [] [] [] [] [] [] [] [] [] [] [] [] [] [] [] [] [] [] [] [] []
108 [] [1 2 4 5 6] [1 2 6] [1 2 4 6] [1 2 4] [1 2 4 5 6 7 23 34] [1 2 4 5] [1 2 4 5 6 7 19] [1 2 6 7 23] [1 2 5 6] [1 2 4 6 15 23] [1 2] [1 2 6 23] [1 2 5] [1 2 4 5 6 7 23 36] [1 2 4 5 6 19] [1 2 4 5 6 7 10 19 23 36 43] [1 3] [1 2 5 6 7 23] [1 2 4 5 6 7] [1 2 4 5 6 7 9 23] [1] [1 6 7] [1 6] [1 3 6] [1 2 4 5 6 15] [1 2 7] [1 5] [1 2 4 5 6 7 9 23 34] [1 2 5 6 7] [1 2 4 5 7 19] [1 2 4 6 7] [1 2 4 5 6 7 23] [] [] [] [] [] [] [] [] [] [] [] [] [] [] [] [] [] [] [] [] [] [] [] [] [] [] [] []
109 [] [1 2 4 5 6] [1 2 6] [1 2 4 6] [1 2 4] [1 2 4 5 6 7 23 34] [1 2 4 5] [1 2 4 5 6 7 19] [1 2 6 7 23] [1 2 5 6] [1 2 4 6 15 23] [1 2] [1 2 6 23] [1 2 5] [1 2 4 5 6 7 23 36] [1 2 4 5 6 19] [1 2 4 5 6 7 10 19 23 36 43] [1 3] [1 2 5 6 7 23] [1 2 4 5 6 7] [1 2 4 5 6 7 9 23] [1] [1 6 7] [1 6] [1 3 6] [1 2 4 5 6 15] [1 2 7] [1 5] [1 2 4 5 6 7 9 23 34] [1 2 5 6 7] [1 2 4 5 7 19] [1 2 4 6 7] [1 2 4 5 6 7 23] [] [] [] [] [] [] [] [] [] [] [] [] [] [] [] [] [] [] [] [] [] [] [] [] [] [] [] []
110 [] [1 2 4 5 6] [1 2 6] [1 2 4 6] [1 2 4] [1 2 4 5 6 7 23 34] [1 2 4 5] [1 2 4 5 6 7 19] [1 2 6 7 23] [1 2 5 6] [1 2 4 6 15 23] [1 2] [1 2 6 23] [1 2 5] [1 2 4 5 6 7 23 36] [1 2 4 5 6 19] [1 2 4 5 6 7 10 19 23 36 43] [1 3] [1 2 5 6 7 23] [1 2 4 5 6 7] [1 2 4 5 6 7 9 23] [1] [1 6 7] [1 6] [1 3 6] [1 2 4 5 6 15] [1 2 7] [1 5] [1 2 4 5 6 7 9 23 34] [1 2 5 6 7] [1 2 4 5 7 19] [1 2 4 6 7] [1 2 4 5 6 7 23] [] [] [] [] [] [] [] [] [] [] [] [] [] [] [] [] [] [] [] [] [] [] [] [] [] [] [] []
111 [] [1 2 4 5 6] [1 2 6] [1 2 4 6] [1 2 4] [1 2 4 5 6 7 23 34] [1 2 4 5] [1 2 4 5 6 7 19] [1 2 6 7 23] [1 2 5 6] [1 2 4 6 15 23] [1 2] [1 2 6 23] [1 2 5] [1 2 4 5 6 7 23 36] [1 2 4 5 6 19] [1 2 4 5 6 7 10 19 23 36 43] [1 3] [1 2 5 6 7 23] [1 2 4 5 6 7] [1 2 4 5 6 7 9 23] [1] [1 6 7] [1 6] [1 3 6] [1 2 4 5 6 15] [1 2 7] [1 5] [1 2 4 5 6 7 9 23 34] [1 2 5 6 7] [1 2 4 5 7 19] [1 2 4 6 7] [1 2 4 5 6 7 23] [] [] [] [] [] [] [] [] [] [] [] [] [] [] [] [] [] [] [] [] [] [] [] [] [] [] [] []
112 [] [1 2 6] [1 2 4 6] [1 2 4] [1 2 4 5 6 7 23 34] [1 2 4 5] [1 2 4 5 6 7 19] [1 2 6 7 23] [1 2 5 6] [1 2 4 6 15 23] [1 2] [1 2 6 23] [1 2 5] [1 2 4 5 6 7 23 36] [1 2 4 5 6 19] [1 2 4 5 6] [1 2 4 5 6 7 10 19 23 36 43] [1 3] [1 2 5 6 7 23] [1 2 4 5 6 7] [1 2 4 5 6 7 9 23] [1] [1 6 7] [1 6] [1 3 6] [1 2 4 5 6 15] [1 2 7] [1 5] [1 2 4 5 6 7 9 23 34] [1 2 5 6 7] [1 2 4 5 7 19] [1 2 4 6 7] [1 2 4 5 6 7 23] [] [] [] [] [] [] [] [] [] [] [] [] [] [] [] [] [] [] [] [] [] [] [] [] [] [] [] []
113 [] [1 2 6] [1 2 4 6] [1 2 4] [1 2 4 5 6 7 23 34] [1 2 4 5] [1 2 4 5 6 7 19] [1 2 6 7 23] [1 2 5 6] [1 2 4 6 15 23] [1 2] [1 2 6 23] [1 2 5] [1 2 4 5 6 7 23 36] [1 2 4 5 6 19] [1 2 4 5 6] [1 2 4 5 6 7 10 19 23 36 43] [1 3] [1 2 5 6 7 23] [1 2 4 5 6 7] [1 2 4 5 6 7 9 23] [1] [1 6 7] [1 6] [1 3 6] [1 2 4 5 6 15] [1 2 7] [1 5] [1 2 4 5 6 7 9 23 34] [1 2 5 6 7] [1 2 4 5 7 19] [1 2 4 6 7] [1 2 4 5 6 7 23] [] [] [] [] [] [] [] [] [] [] [] [] [] [] [] [] [] [] [] [] [] [] [] [] [] [] [] []
114 [] [1 2 6] [1 2 4 6] [1 2 4] [1 2 4 5 6 7 23 34] [1 2 4 5] [1 2 4 5 6 7 19] [1 2 6 7 23] [1 2 5 6] [1 2 4 6 15 23] [1 2] [1 2 6 23] [1 2 5] [1 2 4 5 6 7 23 36] [1 2 4 5 6 19] [1 2 4 5 6] [1 2 4 5 6 7 10 19 23 36 43] [1 3] [1 2 5 6 7 23] [1 2 4 5 6 7] [1 2 4 5 6 7 9 23] [1] [1 6 7] [1 6] [1 3 6] [1 2 4 5 6 15] [1 2 7] [1 5] [1 2 4 5 6 7 9 23 34] [1 2 5 6 7] [1 2 4 5 7 19] [1 2 4 6 7] [1 2 4 5 6 7 23] [] [] [] [] [] [] [] [] [] [] [] [] [] [] [] [] [] [] [] [] [] [] [] [] [] [] [] []
115 [] [1 2 6] [1 2 4 6] [1 2 4] [1 2 4 5 6 7 23 34] [1 2 4 5] [1 2 4 5 6 7 19] [1 2 6 7 23] [1 2 5 6] [1 2 4 6 15 23] [1 2] [1 2 6 23] [1 2 5] [1 2 4 5 6 7 23 36] [1 2 4 5 6 19] [1 2 4 5 6] [1 2 4 5 6 7 10 19 23 36 43] [1 3] [1 2 5 6 7 23] [1 2 4 5 6 7] [1 2 4 5 6 7 9 23] [1] [1 6 7] [1 6] [1 3 6] [1 2 4 5 6 15] [1 2 7] [1 5] [1 2 4 5 6 7 9 23 34] [1 2 5 6 7] [1 2 4 5 7 19] [1 2 4 6 7] [1 2 4 5 6 7 23] [] [] [] [] [] [] [] [] [] [] [] [] [] [] [] [] [] [] [] [] [] [] [] [] [] [] [] []
116 [] [1 2 6] [1 2 4 6] [1 2 4] [1 2 4 5 6 7 23 34] [1 2 4 5] [1 2 4 5 6 7 19] [1 2 6 7 23] [1 2 5 6] [1 2 4 6 15 23] [1 2] [1 2 6 23] [1 2 5] [1 2 4 5 6 7 23 36] [1 2 4 5 6 19] [1 2 4 5 6] [1 2 4 5 6 7 10 19 23 36 43] [1 3] [1 2 5 6 7 23] [1 2 4 5 6 7] [1 2 4 5 6 7 9 23] [1] [1 6 7] [1 6] [1 3 6] [1 2 4 5 6 15] [1 2 7] [1 5] [1 2 4 5 6 7 9 23 34] [1 2 5 6 7] [1 2 4 5 7 19] [1 2 4 6 7] [1 2 4 5 6 7 23] [] [] [] [] [] [] [] [] [] [] [] [] [] [] [] [] [] [] [] [] [] [] [] [] [] [] [] []
117 [] [1 2 4 6] [1 2 4] [1 2 4 5 6 7 23 34] [1 2 4 5] [1 2 4 5 6 7 19] [1 2 6 7 23] [1 2 5 6] [1 2 4 6 15 23] [1 2] [1 2 6 23] [1 2 5] [1 2 4 5 6 7 23 36] [1 2 4 5 6 19] [1 2 4 5 6] [1 2 4 5 6 7 10 19 23 36 43] [1 3] [1 2 5 6 7 23] [1 2 4 5 6 7] [1 2 4 5 6 7 9 23] [1] [1 6 7] [1 6] [1 3 6] [1 2 4 5 6 15] [1 2 7] [1 5] [1 2 4 5 6 7 9 23 34] [1 2 5 6 7] [1 2 4 5 7 19] [1 2 4 6 7] [1 2 4 5 6 7 23] [] [] [] [] [] [] [] [] [] [] [] [] [] [] [] [] [] [] [] [] [] [] [] [] [] [] [] [] []
118 [] [1 2 4 6] [1 2 4] [1 2 4 5 6 7 23 34] [1 2 4 5] [1 2 4 5 6 7 19] [1 2 6 7 23] [1 2 5 6] [1 2 4 6 15 23] [1 2] [1 2 6 23] [1 2 5] [1 2 4 5 6 7 23 36] [1 2 4 5 6 19] [1 2 4 5 6] [1 2 4 5 6 7 10 19 23 36 43] [1 3] [1 2 5 6 7 23] [1 2 4 5 6 7] [1 2 4 5 6 7 9 23] [1] [1 6 7] [1 6] [1 3 6] [1 2 4 5 6 15] [1 2 7] [1 5] [1 2 4 5 6 7 9 23 34] [1 2 5 6 7] [1 2 4 5 7 19] [1 2 4 6 7] [1 2 4 5 6 7 23] [] [] [] [] [] [] [] [] [] [] [] [] [] [] [] [] [] [] [] [] [] [] [] [] [] [] [] [] []
119 [] [1 2 4 6] [1 2 4] [1 2 4 5 6 7 23 34] [1 2 4 5] [1 2 4 5 6 7 19] [1 2 6 7 23] [1 2 5 6] [1 2 4 6 15 23] [1 2] [1 2 6 23] [1 2 5] [1 2 4 5 6 7 23 36] [1 2 4 5 6 19] [1 2 4 5 6] [1 2 4 5 6 7 10 19 23 36 43] [1 3] [1 2 5 6 7 23] [1 2 4 5 6 7] [1 2 4 5 6 7 9 23] [1] [1 6 7] [1 6] [1 3 6] [1 2 4 5 6 15] [1 2 7] [1 5] [1 2 4 5 6 7 9 23 34] [1 2 5 6 7] [1 2 4 5 7 19] [1 2 4 6 7] [1 2 4 5 6 7 23] [] [] [] [] [] [] [] [] [] [] [] [] [] [] [] [] [] [] [] [] [] [] [] [] [] [] [] [] []
120 [] [1 2 4 6] [1 2 4] [1 2 4 5 6 7 23 34] [1 2 4 5] [1 2 4 5 6 7 19] [1 2 6 7 23] [1 2 5 6] [1 2 4 6 15 23] [1 2] [1 2 6 23] [1 2 5] [1 2 4 5 6 7 23 36] [1 2 4 5 6 19] [1 2 4 5 6] [1 2 4 5 6 7 10 19 23 36 43] [1 3] [1 2 5 6 7 23] [1 2 4 5 6 7] [1 2 4 5 6 7 9 23] [1] [1 6 7] [1 6] [1 3 6] [1 2 4 5 6 15] [1 2 7] [1 5] [1 2 4 5 6 7 9 23 34] [1 2 5 6 7] [1 2 4 5 7 19] [1 2 4 6 7] [1 2 4 5 6 7 23] [] [] [] [] [] [] [] [] [] [] [] [] [] [] [] [] [] [] [] [] [] [] [] [] [] [] [] [] []
121 [] [1 2 4 6] [1 2 5] [1 2 4] [1 2 4 5 6 7 23 34] [1 2 4 5] [1 2 4 5 6 7 19] [1 2 6 7 23] [1 2 5 6] [1 2 4 6 15 23] [1 2] [1 2 6 23] [1 2 4 5 6 7 23 36] [1 2 4 5 6 19] [1 2 4 5 6] [1 2 4 5 6 7 10 19 23 36 43] [1 3] [1 2 5 6 7 23] [1 2 4 5 6 7] [1 2 4 5 6 7 9 23] [1] [1 6 7] [1 6] [1 3 6] [1 2 4 5 6 15] [1 2 7] [1 5] [1 2 4 5 6 7 9 23 34] [1 2 5 6 7] [1 2 4 5 7 19] [1 2 4 6 7] [1 2 4 5 6 7 23] [] [] [] [] [] [] [] [] [] [] [] [] [] [] [] [] [] [] [] [] [] [] [] [] [] [] [] [] []
122 [] [1 2 5] [1 2 4] [1 2 4 5 6 7 23 34] [1 2 4 5] [1 2 4 5 6 7 19] [1 2 6 7 23] [1 2 5 6] [1 2 4 6 15 23] [1 2] [1 2 6 23] [1 2 4 6] [1 2 4 5 6 7 23 36] [1 2 4 5 6 19] [1 2 4 5 6] [1 2 4 5 6 7 10 19 23 36 43] [1 3] [1 2 5 6 7 23] [1 2 4 5 6 7] [1 2 4 5 6 7 9 23] [1] [1 6 7] [1 6] [1 3 6] [1 2 4 5 6 15] [1 2 7] [1 5] [1 2 4 5 6 7 9 23 34] [1 2 5 6 7] [1 2 4 5 7 19] [1 2 4 6 7] [1 2 4 5 6 7 23] [] [] [] [] [] [] [] [] [] [] [] [] [] [] [] [] [] [] [] [] [] [] [] [] [] [] [] [] []
123 [] [1 2 4] [1 2 4 5 6 7 23 34] [1 2 4 5] [1 2 4 5 6 7 19] [1 2 6 7 23] [1 2 5 6] [1 2 4 6 15 23] [1 2] [1 2 6 23] [1 2 4 6] [1 2 5] [1 2 4 5 6 7 23 36] [1 2 4 5 6 19] [1 2 4 5 6] [1 2 4 5 6 7 10 19 23 36 43] [1 3] [1 2 5 6 7 23] [1 2 4 5 6 7] [1 2 4 5 6 7 9 23] [1] [1 6 7] [1 6] [1 3 6] [1 2 4 5 6 15] [1 2 7] [1 5] [1 2 4 5 6 7 9 23 34] [1 2 5 6 7] [1 2 4 5 7 19] [1 2 4 6 7] [1 2 4 5 6 7 23] [] [] [] [] [] [] [] [] [] [] [] [] [] [] [] [] [] [] [] [] [] [] [] [] [] [] [] [] []
124 [] [1 2 4] [1 2 4 5 6 7 23 34] [1 2 4 5] [1 2 4 5 6 7 19] [1 2 6 7 23] [1 2 5 6] [1 2 4 6 15 23] [1 2] [1 2 6 23] [1 2 4 6] [1 2 5] [1 2 4 5 6 7 23 36] [1 2 4 5 6 19] [1 2 4 5 6] [1 2 4 5 6 7 10 19 23 36 43] [1 3] [1 2 5 6 7 23] [1 2 4 5 6 7] [1 2 4 5 6 7 9 23] [1] [1 6 7] [1 6] [1 3 6] [1 2 4 5 6 15] [1 2 7] [1 5] [1 2 4 5 6 7 9 23 34] [1 2 5 6 7] [1 2 4 5 7 19] [1 2 4 6 7] [1 2 4 5 6 7 23] [] [] [] [] [] [] [] [] [] [] [] [] [] [] [] [] [] [] [] [] [] [] [] [] [] [] [] [] []
125 [] [1 2 4] [1 2 4 5 6 7 23 34] [1 2 4 5] [1 2 4 5 6 7 19] [1 2 6 7 23] [1 2 5 6] [1 2 4 6 15 23] [1 2] [1 2 6 23] [1 2 4 6] [1 2 5] [1 2 4 5 6 7 23 36] [1 2 4 5 6 19] [1 2 4 5 6] [1 2 4 5 6 7 10 19 23 36 43] [1 3] [1 2 5 6 7 23] [1 2 4 5 6 7] [1 2 4 5 6 7 9 23] [1] [1 6 7] [1 6] [1 3 6] [1 2 4 5 6 15] [1 2 7] [1 5] [1 2 4 5 6 7 9 23 34] [1 2 5 6 7] [1 2 4 5 7 19] [1 2 4 6 7] [1 2 4 5 6 7 23] [] [] [] [] [] [] [] [] [] [] [] [] [] [] [] [] [] [] [] [] [] [] [] [] [] [] [] [] []
126 [] [1 2 4] [1 2 4 5 6 7 23 34] [1 2 4 5] [1 2 4 5 6 7 19] [1 2 6 7 23] [1 2 5 6] [1 2 4 6 15 23] [1 2] [1 2 6 23] [1 2 4 6] [1 2 5] [1 2 4 5 6 7 23 36] [1 2 4 5 6 19] [1 2 4 5 6] [1 2 4 5 6 7 10 19 23 36 43] [1 3] [1 2 5 6 7 23] [1 2 4 5 6 7] [1 2 4 5 6 7 9 23] [1] [1 6 7] [1 6] [1 3 6] [1 2 4 5 6 15] [1 2 7] [1 5] [1 2 4 5 6 7 9 23 34] [1 2 5 6 7] [1 2 4 5 7 19] [1 2 4 6 7] [1 2 4 5 6 7 23] [] [] [] [] [] [] [] [] [] [] [] [] [] [] [] [] [] [] [] [] [] [] [] [] [] [] [] [] []
127 [] [1 2 4] [1 2 4 5 6 7 23 34] [1 2 4 5] [1 2 4 5 6 7 19] [1 2 6 7 23] [1 2 5 6] [1 2 4 6 15 23] [1 2] [1 2 6 23] [1 2 4 6] [1 2 5] [1 2 4 5 6 7 23 36] [1 2 4 5 6 19] [1 2 4 5 6] [1 2 4 5 6 7 10 19 23 36 43] [1 3] [1 2 5 6 7 23] [1 2 4 5 6 7] [1 2 4 5 6 7 9 23] [1] [1 6 7] [1 6] [1 3 6] [1 2 4 5 6 15] [1 2 7] [1 5] [1 2 4 5 6 7 9 23 34] [1 2 5 6 7] [1 2 4 5 7 19] [1 2 4 6 7] [1 2 4 5 6 7 23] [] [] [] [] [] [] [] [] [] [] [] [] [] [] [] [] [] [] [] [] [] [] [] [] [] [] [] [] []
128 [] [1 2 4] [1 2 4 5 6 7 23 34] [1 2 4 5] [1 2 4 5 6 7 19] [1 2 6 7 23] [1 2 5 6] [1 2 4 6 15 23] [1 2] [1 2 6 23] [1 2 4 6] [1 2 5] [1 2 4 5 6 7 23 36] [1 2 4 5 6 19] [1 2 4 5 6] [1 2 4 5 6 7 10 19 23 36 43] [1 3] [1 2 5 6 7 23] [1 2 4 5 6 7] [1 2 4 5 6 7 9 23] [1] [1 6 7] [1 6] [1 3 6] [1 2 4 5 6 15] [1 2 7] [1 5] [1 2 4 5 6 7 9 23 34] [1 2 5 6 7] [1 2 4 5 7 19] [1 2 4 6 7] [1 2 4 5 6 7 23] [] [] [] [] [] [] [] [] [] [] [] [] [] [] [] [] [] [] [] [] [] [] [] [] [] [] [] [] []
129 [] [1 2 4 5 6 7 23 34] [1 2 4 5] [1 2 4 5 6 7 19] [1 2 6 7 23] [1 2 5 6] [1 2 4 6 15 23] [1 2] [1 2 6 23] [1 2 4 6] [1 2 5] [1 2 4 5 6 7 23 36] [1 2 4] [1 2 4 5 6 19] [1 2 4 5 6] [1 2 4 5 6 7 10 19 23 36 43] [1 3] [1 2 5 6 7 23] [1 2 4 5 6 7] [1 2 4 5 6 7 9 23] [1] [1 6 7] [1 6] [1 3 6] [1 2 4 5 6 15] [1 2 7] [1 5] [1 2 4 5 6 7 9 23 34] [1 2 5 6 7] [1 2 4 5 7 19] [1 2 4 6 7] [1 2 4 5 6 7 23] [] [] [] [] [] [] [] [] [] [] [] [] [] [] [] [] [] [] [] [] [] [] [] [] [] [] [] [] []
130 [] [1 2 4 5 6 7 23 34] [1 2 4 5] [1 2 4 5 6 7 19] [1 2 6 7 23] [1 2 5 6] [1 2 4 6 15 23] [1 2] [1 2 6 23] [1 2 4 6] [1 2 5] [1 2 4 5 6 7 23 36] [1 2 4] [1 2 4 5 6 19] [1 2 4 5 6] [1 2 4 5 6 7 10 19 23 36 43] [1 3] [1 2 5 6 7 23] [1 2 4 5 6 7] [1 2 4 5 6 7 9 23] [1] [1 6 7] [1 6] [1 3 6] [1 2 4 5 6 15] [1 2 7] [1 5] [1 2 4 5 6 7 9 23 34] [1 2 5 6 7] [1 2 4 5 7 19] [1 2 4 6 7] [1 2 4 5 6 7 23] [] [] [] [] [] [] [] [] [] [] [] [] [] [] [] [] [] [] [] [] [] [] [] [] [] [] [] [] []
131 [] [1 2 4 5] [1 2 4 5 6 7 19] [1 2 6 7 23] [1 2 5 6] [1 2 4 6 15 23] [1 2] [1 2 6 23] [1 2 4 6] [1 2 5] [1 2 4 5 6 7 23 36] [1 2 4] [1 2 4 5 6 19] [1 2 4 5 6] [1 2 4 5 6 7 10 19 23 36 43] [1 3] [1 2 5 6 7 23] [1 2 4 5 6 7] [1 2 4 5 6 7 9 23] [1] [1 6 7] [1 6] [1 3 6] [1 2 4 5 6 15] [1 2 7] [1 5] [1 2 4 5 6 7 9 23 34] [1 2 5 6 7] [1 2 4 5 7 19] [1 2 4 6 7] [1 2 4 5 6 7 23] [] [] [] [] [] [] [] [] [] [] [] [] [] [] [] [] [] [] [] [] [] [] [] [] [] [] [] [] [] []
132 [] [1 2 4 5] [1 2 4 5 6 7 19] [1 2 6 7 23] [1 2 5 6] [1 2 4 6 15 23] [1 2] [1 2 6 23] [1 2 4 6] [1 2 5] [1 2 4 5 6 7 23 36] [1 2 4] [1 2 4 5 6 19] [1 2 4 5 6] [1 2 4 5 6 7 10 19 23 36 43] [1 3] [1 2 5 6 7 23] [1 2 4 5 6 7] [1 2 4 5 6 7 9 23] [1] [1 6 7] [1 6] [1 3 6] [1 2 4 5 6 15] [1 2 7] [1 5] [1 2 4 5 6 7 9 23 34] [1 2 5 6 7] [1 2 4 5 7 19] [1 2 4 6 7] [1 2 4 5 6 7 23] [] [] [] [] [] [] [] [] [] [] [] [] [] [] [] [] [] [] [] [] [] [] [] [] [] [] [] [] [] []
133 [] [1 2 4 5] [1 2 4 5 6 7 19] [1 2 6 7 23] [1 2 5 6] [1 2 4 6 15 23] [1 2] [1 2 6 23] [1 2 4 6] [1 2 5] [1 2 4 5 6 7 23 36] [1 2 4] [1 2 4 5 6 19] [1 2 4 5 6] [1 2 4 5 6 7 10 19 23 36 43] [1 3] [1 2 5 6 7 23] [1 2 4 5 6 7] [1 2 4 5 6 7 9 23] [1] [1 6 7] [1 6] [1 3 6] [1 2 4 5 6 15] [1 2 7] [1 5] [1 2 4 5 6 7 9 23 34] [1 2 5 6 7] [1 2 4 5 7 19] [1 2 4 6 7] [1 2 4 5 6 7 23] [] [] [] [] [] [] [] [] [] [] [] [] [] [] [] [] [] [] [] [] [] [] [] [] [] [] [] [] [] []
134 [] [1 2 4 5] [1 2 4 5 6 7 19] [1 2 6 7 23] [1 2 5 6] [1 2 4 6 15 23] [1 2] [1 2 6 23] [1 2 4 6] [1 2 5] [1 2 4 5 6 7 23 36] [1 2 4] [1 2 4 5 6 19] [1 2 4 5 6] [1 2 4 5 6 7 10 19 23 36 43] [1 3] [1 2 5 6 7 23] [1 2 4 5 6 7] [1 2 4 5 6 7 9 23] [1] [1 6 7] [1 6] [1 3 6] [1 2 4 5 6 15] [1 2 7] [1 5] [1 2 4 5 6 7 9 23 34] [1 2 5 6 7] [1 2 4 5 7 19] [1 2 4 6 7] [1 2 4 5 6 7 23] [] [] [] [] [] [] [] [] [] [] [] [] [] [] [] [] [] [] [] [] [] [] [] [] [] [] [] [] [] []
135 [] [1 2 4 5] [1 2 4 5 6 7 19] [1 2 6 7 23] [1 2 5 6] [1 2 4 6 15 23] [1 2] [1 2 6 23] [1 2 4 6] [1 2 5] [1 2 4 5 6 7 23 36] [1 2 4] [1 2 4 5 6 19] [1 2 4 5 6] [1 2 4 5 6 7 10 19 23 36 43] [1 3] [1 2 5 6 7 23] [1 2 4 5 6 7] [1 2 4 5 6 7 9 23] [1] [1 6 7] [1 6] [1 3 6] [1 2 4 5 6 15] [1 2 7] [1 5] [1 2 4 5 6 7 9 23 34] [1 2 5 6 7] [1 2 4 5 7 19] [1 2 4 6 7] [1 2 4 5 6 7 23] [] [] [] [] [] [] [] [] [] [] [] [] [] [] [] [] [] [] [] [] [] [] [] [] [] [] [] [] [] []
136 [] [1 2 4 5] [1 2 4 5 6 7 19] [1 2 6 7 23] [1 2 5 6] [1 2 4 6 15 23] [1 2] [1 2 6 23] [1 2 4 6] [1 2 5] [1 2 4 5 6 7 23 36] [1 2 4] [1 2 4 5 6 19] [1 2 4 5 6] [1 2 4 5 6 7 10 19 23 36 43] [1 3] [1 2 5 6 7 23] [1 2 4 5 6 7] [1 2 4 5 6 7 9 23] [1] [1 6 7] [1 6] [1 3 6] [1 2 4 5 6 15] [1 2 7] [1 5] [1 2 4 5 6 7 9 23 34] [1 2 5 6 7] [1 2 4 5 7 19] [1 2 4 6 7] [1 2 4 5 6 7 23] [] [] [] [] [] [] [] [] [] [] [] [] [] [] [] [] [] [] [] [] [] [] [] [] [] [] [] [] [] []
137 [] [1 2 4 5 6 7 19] [1 2 6 7 23] [1 2 5 6] [1 2 4 6 15 23] [1 2] [1 2 6 23] [1 2 4 6] [1 2 5] [1 2 4 5 6 7 23 36] [1 2 4] [1 2 4 5 6 19] [1 2 4 5 6] [1 2 4 5 6 7 10 19 23 36 43] [1 2 4 5] [1 3] [1 2 5 6 7 23] [1 2 4 5 6 7] [1 2 4 5 6 7 9 23] [1] [1 6 7] [1 6] [1 3 6] [1 2 4 5 6 15] [1 2 7] [1 5] [1 2 4 5 6 7 9 23 34] [1 2 5 6 7] [1 2 4 5 7 19] [1 2 4 6 7] [1 2 4 5 6 7 23] [] [] [] [] [] [] [] [] [] [] [] [] [] [] [] [] [] [] [] [] [] [] [] [] [] [] [] [] [] []
138 [] [1 2 4 5 6 7 19] [1 2 6 7 23] [1 2 5 6] [1 2 4 6 15 23] [1 2] [1 2 6 23] [1 2 4 6] [1 2 5] [1 2 4 5 6 7 23 36] [1 2 4] [1 2 4 5 6 19] [1 2 4 5 6] [1 2 4 5 6 7 10 19 23 36 43] [1 2 4 5] [1 3] [1 2 5 6 7 23] [1 2 4 5 6 7] [1 2 4 5 6 7 9 23] [1] [1 6 7] [1 6] [1 3 6] [1 2 4 5 6 15] [1 2 7] [1 5] [1 2 4 5 6 7 9 23 34] [1 2 5 6 7] [1 2 4 5 7 19] [1 2 4 6 7] [1 2 4 5 6 7 23] [] [] [] [] [] [] [] [] [] [] [] [] [] [] [] [] [] [] [] [] [] [] [] [] [] [] [] [] [] []
139 [] [1 2 6 7 23] [1 2 5 6] [1 2 4 6 15 23] [1 2] [1 2 6 23] [1 2 4 6] [1 2 5] [1 2 4 5 6 7 23 36] [1 2 4] [1 2 4 5 6 19] [1 2 4 5 6] [1 2 4 5 6 7 10 19 23 36 43] [1 2 4 5] [1 3] [1 2 5 6 7 23] [1 2 4 5 6 7] [1 2 4 5 6 7 9 23] [1] [1 6 7] [1 6] [1 3 6] [1 2 4 5 6 15] [1 2 7] [1 5] [1 2 4 5 6 7 9 23 34] [1 2 5 6 7] [1 2 4 5 7 19] [1 2 4 6 7] [1 2 4 5 6 7 23] [] [] [] [] [] [] [] [] [] [] [] [] [] [] [] [] [] [] [] [] [] [] [] [] [] [] [] [] [] [] []
140 [] [1 2 6 7 23] [1 2 5 6] [1 2 4 6 15 23] [1 2] [1 2 6 23] [1 2 4 6] [1 2 5] [1 2 4 5 6 7 23 36] [1 2 4] [1 2 4 5 6 19] [1 2 4 5 6] [1 2 4 5 6 7 10 19 23 36 43] [1 2 4 5] [1 3] [1 2 5 6 7 23] [1 2 4 5 6 7] [1 2 4 5 6 7 9 23] [1] [1 6 7] [1 6] [1 3 6] [1 2 4 5 6 15] [1 2 7] [1 5] [1 2 4 5 6 7 9 23 34] [1 2 5 6 7] [1 2 4 5 7 19] [1 2 4 6 7] [1 2 4 5 6 7 23] [] [] [] [] [] [] [] [] [] [] [] [] [] [] [] [] [] [] [] [] [] [] [] [] [] [] [] [] [] [] []
141 [] [1 2 6 7 23] [1 2 5 6] [1 2 4 6 15 23] [1 2] [1 2 6 23] [1 2 4 6] [1 2 5] [1 2 4 5 6 7 23 36] [1 2 4] [1 2 4 5 6 19] [1 2 4 5 6] [1 2 4 5 6 7 10 19 23 36 43] [1 2 4 5] [1 3] [1 2 5 6 7 23] [1 2 4 5 6 7] [1 2 4 5 6 7 9 23] [1] [1 6 7] [1 6] [1 3 6] [1 2 4 5 6 15] [1 2 7] [1 5] [1 2 4 5 6 7 9 23 34] [1 2 5 6 7] [1 2 4 5 7 19] [1 2 4 6 7] [1 2 4 5 6 7 23] [] [] [] [] [] [] [] [] [] [] [] [] [] [] [] [] [] [] [] [] [] [] [] [] [] [] [] [] [] [] []
142 [] [1 2 6 7 23] [1 2 5 6] [1 2 4 6 15 23] [1 2] [1 2 6 23] [1 2 4 6] [1 2 5] [1 2 4 5 6 7 23 36] [1 2 4] [1 2 4 5 6 19] [1 2 4 5 6] [1 2 4 5 6 7 10 19 23 36 43] [1 2 4 5] [1 3] [1 2 5 6 7 23] [1 2 4 5 6 7] [1 2 4 5 6 7 9 23] [1] [1 6 7] [1 6] [1 3 6] [1 2 4 5 6 15] [1 2 7] [1 5] [1 2 4 5 6 7 9 23 34] [1 2 5 6 7] [1 2 4 5 7 19] [1 2 4 6 7] [1 2 4 5 6 7 23] [] [] [] [] [] [] [] [] [] [] [] [] [] [] [] [] [] [] [] [] [] [] [] [] [] [] [] [] [] [] []
143 [] [1 2 5 6] [1 2 4 6 15 23] [1 2] [1 2 6 23] [1 2 4 6] [1 2 5] [1 2 4 5 6 7 23 36] [1 2 4] [1 2 4 5 6 19] [1 2 4 5 6] [1 2 4 5 6 7 10 19 23 36 43] [1 2 4 5] [1 3] [1 2 5 6 7 23] [1 2 4 5 6 7] [1 2 4 5 6 7 9 23] [1] [1 6 7] [1 6] [1 3 6] [1 2 4 5 6 15] [1 2 7] [1 5] [1 2 4 5 6 7 9 23 34] [1 2 5 6 7] [1 2 4 5 7 19] [1 2 4 6 7] [1 2 4 5 6 7 23] [] [] [] [] [] [] [] [] [] [] [] [] [] [] [] [] [] [] [] [] [] [] [] [] [] [] [] [] [] [] [] []
144 [] [1 2 4 6 15 23] [1 2] [1 2 5 6] [1 2 6 23] [1 2 4 6] [1 2 5] [1 2 4 5 6 7 23 36] [1 2 4] [1 2 4 5 6 19] [1 2 4 5 6] [1 2 4 5 6 7 10 19 23 36 43] [1 2 4 5] [1 3] [1 2 5 6 7 23] [1 2 4 5 6 7] [1 2 4 5 6 7 9 23] [1] [1 6 7] [1 6] [1 3 6] [1 2 4 5 6 15] [1 2 7] [1 5] [1 2 4 5 6 7 9 23 34] [1 2 5 6 7] [1 2 4 5 7 19] [1 2 4 6 7] [1 2 4 5 6 7 23] [] [] [] [] [] [] [] [] [] [] [] [] [] [] [] [] [] [] [] [] [] [] [] [] [] [] [] [] [] [] [] []
145 [] [1 2 4 6 15 23] [1 2] [1 2 5 6] [1 2 6 23] [1 2 4 6] [1 2 5] [1 2 4 5 6 7 23 36] [1 2 4] [1 2 4 5 6 19] [1 2 4 5 6] [1 2 4 5 6 7 10 19 23 36 43] [1 2 4 5] [1 3] [1 2 5 6 7 23] [1 2 4 5 6 7] [1 2 4 5 6 7 9 23] [1] [1 6 7] [1 6] [1 3 6] [1 2 4 5 6 15] [1 2 7] [1 5] [1 2 4 5 6 7 9 23 34] [1 2 5 6 7] [1 2 4 5 7 19] [1 2 4 6 7] [1 2 4 5 6 7 23] [] [] [] [] [] [] [] [] [] [] [] [] [] [] [] [] [] [] [] [] [] [] [] [] [] [] [] [] [] [] [] []
146 [] [1 2 4 6 15 23] [1 2] [1 2 5 6] [1 2 6 23] [1 2 4 6] [1 2 5] [1 2 4 5 6 7 23 36] [1 2 4] [1 2 4 5 6 19] [1 2 4 5 6] [1 2 4 5 6 7 10 19 23 36 43] [1 2 4 5] [1 3] [1 2 5 6 7 23] [1 2 4 5 6 7] [1 2 4 5 6 7 9 23] [1] [1 6 7] [1 6] [1 3 6] [1 2 4 5 6 15] [1 2 7] [1 5] [1 2 4 5 6 7 9 23 34] [1 2 5 6 7] [1 2 4 5 7 19] [1 2 4 6 7] [1 2 4 5 6 7 23] [] [] [] [] [] [] [] [] [] [] [] [] [] [] [] [] [] [] [] [] [] [] [] [] [] [] [] [] [] [] [] []
147 [] [1 2 4 6 15 23] [1 2] [1 2 5 6] [1 2 6 23] [1 2 4 6] [1 2 5] [1 2 4 5 6 7 23 36] [1 2 4] [1 2 4 5 6 19] [1 2 4 5 6] [1 2 4 5 6 7 10 19 23 36 43] [1 2 4 5] [1 3] [1 2 5 6 7 23] [1 2 4 5 6 7] [1 2 4 5 6 7 9 23] [1] [1 6 7] [1 6] [1 3 6] [1 2 4 5 6 15] [1 2 7] [1 5] [1 2 4 5 6 7 9 23 34] [1 2 5 6 7] [1 2 4 5 7 19] [1 2 4 6 7] [1 2 4 5 6 7 23] [] [] [] [] [] [] [] [] [] [] [] [] [] [] [] [] [] [] [] [] [] [] [] [] [] [] [] [] [] [] [] []
148 [] [1 2] [1 2 5 6] [1 2 6 23] [1 2 4 6] [1 2 5] [1 2 4 5 6 7 23 36] [1 2 4] [1 2 4 5 6 19] [1 2 4 5 6] [1 2 4 5 6 7 10 19 23 36 43] [1 2 4 5] [1 3] [1 2 5 6 7 23] [1 2 4 5 6 7] [1 2 4 5 6 7 9 23] [1] [1 6 7] [1 6] [1 3 6] [1 2 4 5 6 15] [1 2 7] [1 5] [1 2 4 5 6 7 9 23 34] [1 2 5 6 7] [1 2 4 5 7 19] [1 2 4 6 7] [1 2 4 5 6 7 23] [] [] [] [] [] [] [] [] [] [] [] [] [] [] [] [] [] [] [] [] [] [] [] [] [] [] [] [] [] [] [] [] []
149 [] [1 2] [1 2 5 6] [1 2 6 23] [1 2 4 6] [1 2 5] [1 2 4 5 6 7 23 36] [1 2 4] [1 2 4 5 6 19] [1 2 4 5 6] [1 2 4 5 6 7 10 19 23 36 43] [1 2 4 5] [1 3] [1 2 5 6 7 23] [1 2 4 5 6 7] [1 2 4 5 6 7 9 23] [1] [1 6 7] [1 6] [1 3 6] [1 2 4 5 6 15] [1 2 7] [1 5] [1 2 4 5 6 7 9 23 34] [1 2 5 6 7] [1 2 4 5 7 19] [1 2 4 6 7] [1 2 4 5 6 7 23] [] [] [] [] [] [] [] [] [] [] [] [] [] [] [] [] [] [] [] [] [] [] [] [] [] [] [] [] [] [] [] [] []
150 [] [1 2] [1 2 5 6] [1 2 6 23] [1 2 4 6] [1 2 5] [1 2 4 5 6 7 23 36] [1 2 4] [1 2 4 5 6 19] [1 2 4 5 6] [1 2 4 5 6 7 10 19 23 36 43] [1 2 4 5] [1 3] [1 2 5 6 7 23] [1 2 4 5 6 7] [1 2 4 5 6 7 9 23] [1] [1 6 7] [1 6] [1 3 6] [1 2 4 5 6 15] [1 2 7] [1 5] [1 2 4 5 6 7 9 23 34] [1 2 5 6 7] [1 2 4 5 7 19] [1 2 4 6 7] [1 2 4 5 6 7 23] [] [] [] [] [] [] [] [] [] [] [] [] [] [] [] [] [] [] [] [] [] [] [] [] [] [] [] [] [] [] [] [] []
151 [] [1 2 5 6] [1 2 6 23] [1 2 4 6] [1 2 5] [1 2 4 5 6 7 23 36] [1 2 4] [1 2 4 5 6 19] [1 2 4 5 6] [1 2] [1 2 4 5 6 7 10 19 23 36 43] [1 2 4 5] [1 3] [1 2 5 6 7 23] [1 2 4 5 6 7] [1 2 4 5 6 7 9 23] [1] [1 6 7] [1 6] [1 3 6] [1 2 4 5 6 15] [1 2 7] [1 5] [1 2 4 5 6 7 9 23 34] [1 2 5 6 7] [1 2 4 5 7 19] [1 2 4 6 7] [1 2 4 5 6 7 23] [] [] [] [] [] [] [] [] [] [] [] [] [] [] [] [] [] [] [] [] [] [] [] [] [] [] [] [] [] [] [] [] []
152 [] [1 2 5 6] [1 2 6 23] [1 2 4 6] [1 2 5] [1 2 4 5 6 7 23 36] [1 2 4] [1 2 4 5 6 19] [1 2 4 5 6] [1 2] [1 2 4 5 6 7 10 19 23 36 43] [1 2 4 5] [1 3] [1 2 5 6 7 23] [1 2 4 5 6 7] [1 2 4 5 6 7 9 23] [1] [1 6 7] [1 6] [1 3 6] [1 2 4 5 6 15] [1 2 7] [1 5] [1 2 4 5 6 7 9 23 34] [1 2 5 6 7] [1 2 4 5 7 19] [1 2 4 6 7] [1 2 4 5 6 7 23] [] [] [] [] [] [] [] [] [] [] [] [] [] [] [] [] [] [] [] [] [] [] [] [] [] [] [] [] [] [] [] [] []
153 [] [1 2 5 6] [1 2 6 23] [1 2 4 6] [1 2 5] [1 2 4 5 6 7 23 36] [1 2 4] [1 2 4 5 6 19] [1 2 4 5 6] [1 2] [1 2 4 5 6 7 10 19 23 36 43] [1 2 4 5] [1 3] [1 2 5 6 7 23] [1 2 4 5 6 7] [1 2 4 5 6 7 9 23] [1] [1 6 7] [1 6] [1 3 6] [1 2 4 5 6 15] [1 2 7] [1 5] [1 2 4 5 6 7 9 23 34] [1 2 5 6 7] [1 2 4 5 7 19] [1 2 4 6 7] [1 2 4 5 6 7 23] [] [] [] [] [] [] [] [] [] [] [] [] [] [] [] [] [] [] [] [] [] [] [] [] [] [] [] [] [] [] [] [] []
154 [] [1 2 5 6] [1 2 6 23] [1 2 4 6] [1 2 5] [1 2 4 5 6 7 23 36] [1 2 4] [1 2 4 5 6 19] [1 2 4 5 6] [1 2] [1 2 4 5 6 7 10 19 23 36 43] [1 2 4 5] [1 3] [1 2 5 6 7 23] [1 2 4 5 6 7] [1 2 4 5 6 7 9 23] [1] [1 6 7] [1 6] [1 3 6] [1 2 4 5 6 15] [1 2 7] [1 5] [1 2 4 5 6 7 9 23 34] [1 2 5 6 7] [1 2 4 5 7 19] [1 2 4 6 7] [1 2 4 5 6 7 23] [] [] [] [] [] [] [] [] [] [] [] [] [] [] [] [] [] [] [] [] [] [] [] [] [] [] [] [] [] [] [] [] []
155 [] [1 2 5 6] [1 2 6 23] [1 2 4 6] [1 2 5] [1 2 4 5 6 7 23 36] [1 2 4] [1 2 4 5 6 19] [1 2 4 5 6] [1 2] [1 2 4 5 6 7 10 19 23 36 43] [1 2 4 5] [1 3] [1 2 5 6 7 23] [1 2 4 5 6 7] [1 2 4 5 6 7 9 23] [1] [1 6 7] [1 6] [1 3 6] [1 2 4 5 6 15] [1 2 7] [1 5] [1 2 4 5 6 7 9 23 34] [1 2 5 6 7] [1 2 4 5 7 19] [1 2 4 6 7] [1 2 4 5 6 7 23] [] [] [] [] [] [] [] [] [] [] [] [] [] [] [] [] [] [] [] [] [] [] [] [] [] [] [] [] [] [] [] [] []
156 [] [1 2 6 23] [1 2 4 6] [1 2 5] [1 2 4 5 6 7 23 36] [1 2 5 6] [1 2 4] [1 2 4 5 6 19] [1 2 4 5 6] [1 2] [1 2 4 5 6 7 10 19 23 36 43] [1 2 4 5] [1 3] [1 2 5 6 7 23] [1 2 4 5 6 7] [1 2 4 5 6 7 9 23] [1] [1 6 7] [1 6] [1 3 6] [1 2 4 5 6 15] [1 2 7] [1 5] [1 2 4 5 6 7 9 23 34] [1 2 5 6 7] [1 2 4 5 7 19] [1 2 4 6 7] [1 2 4 5 6 7 23] [] [] [] [] [] [] [] [] [] [] [] [] [] [] [] [] [] [] [] [] [] [] [] [] [] [] [] [] [] [] [] [] []
157 [] [1 2 6 23] [1 2 4 6] [1 2 5] [1 2 4 5 6 7 23 36] [1 2 5 6] [1 2 4] [1 2 4 5 6 19] [1 2 4 5 6] [1 2] [1 2 4 5 6 7 10 19 23 36 43] [1 2 4 5] [1 3] [1 2 5 6 7 23] [1 2 4 5 6 7] [1 2 4 5 6 7 9 23] [1] [1 6 7] [1 6] [1 3 6] [1 2 4 5 6 15] [1 2 7] [1 5] [1 2 4 5 6 7 9 23 34] [1 2 5 6 7] [1 2 4 5 7 19] [1 2 4 6 7] [1 2 4 5 6 7 23] [] [] [] [] [] [] [] [] [] [] [] [] [] [] [] [] [] [] [] [] [] [] [] [] [] [] [] [] [] [] [] [] []
158 [] [1 2 4 6] [1 2 5] [1 2 4 5 6 7 23 36] [1 2 5 6] [1 2 4] [1 2 4 5 6 19] [1 2 4 5 6] [1 2] [1 2 4 5 6 7 10 19 23 36 43] [1 2 4 5] [1 3] [1 2 5 6 7 23] [1 2 4 5 6 7] [1 2 4 5 6 7 9 23] [1] [1 6 7] [1 6] [1 3 6] [1 2 4 5 6 15] [1 2 7] [1 5] [1 2 4 5 6 7 9 23 34] [1 2 5 6 7] [1 2 4 5 7 19] [1 2 4 6 7] [1 2 4 5 6 7 23] [] [] [] [] [] [] [] [] [] [] [] [] [] [] [] [] [] [] [] [] [] [] [] [] [] [] [] [] [] [] [] [] [] []
159 [] [1 2 4 6] [1 2 5] [1 2 4 5 6 7 23 36] [1 2 5 6] [1 2 4] [1 2 4 5 6 19] [1 2 4 5 6] [1 2] [1 2 4 5 6 7 10 19 23 36 43] [1 2 4 5] [1 3] [1 2 5 6 7 23] [1 2 4 5 6 7] [1 2 4 5 6 7 9 23] [1] [1 6 7] [1 6] [1 3 6] [1 2 4 5 6 15] [1 2 7] [1 5] [1 2 4 5 6 7 9 23 34] [1 2 5 6 7] [1 2 4 5 7 19] [1 2 4 6 7] [1 2 4 5 6 7 23] [] [] [] [] [] [] [] [] [] [] [] [] [] [] [] [] [] [] [] [] [] [] [] [] [] [] [] [] [] [] [] [] [] []
160 [] [1 2 4 6] [1 2 5] [1 2 4 5 6 7 23 36] [1 2 5 6] [1 2 4] [1 2 4 5 6 19] [1 2 4 5 6] [1 2] [1 2 4 5 6 7 10 19 23 36 43] [1 2 4 5] [1 3] [1 2 5 6 7 23] [1 2 4 5 6 7] [1 2 4 5 6 7 9 23] [1] [1 6 7] [1 6] [1 3 6] [1 2 4 5 6 15] [1 2 7] [1 5] [1 2 4 5 6 7 9 23 34] [1 2 5 6 7] [1 2 4 5 7 19] [1 2 4 6 7] [1 2 4 5 6 7 23] [] [] [] [] [] [] [] [] [] [] [] [] [] [] [] [] [] [] [] [] [] [] [] [] [] [] [] [] [] [] [] [] [] []
161 [] [1 2 4 6] [1 2 5] [1 2 4 5 6 7 23 36] [1 2 5 6] [1 2 4] [1 2 4 5 6 19] [1 2 4 5 6] [1 2] [1 2 4 5 6 7 10 19 23 36 43] [1 2 4 5] [1 3] [1 2 5 6 7 23] [1 2 4 5 6 7] [1 2 4 5 6 7 9 23] [1] [1 6 7] [1 6] [1 3 6] [1 2 4 5 6 15] [1 2 7] [1 5] [1 2 4 5 6 7 9 23 34] [1 2 5 6 7] [1 2 4 5 7 19] [1 2 4 6 7] [1 2 4 5 6 7 23] [] [] [] [] [] [] [] [] [] [] [] [] [] [] [] [] [] [] [] [] [] [] [] [] [] [] [] [] [] [] [] [] [] []
162 [] [1 2 4 6] [1 2 5] [1 2 4 5 6 7 23 36] [1 2 5 6] [1 2 4] [1 2 4 5 6 19] [1 2 4 5 6] [1 2] [1 2 4 5 6 7 10 19 23 36 43] [1 2 4 5] [1 3] [1 2 5 6 7 23] [1 2 4 5 6 7] [1 2 4 5 6 7 9 23] [1] [1 6 7] [1 6] [1 3 6] [1 2 4 5 6 15] [1 2 7] [1 5] [1 2 4 5 6 7 9 23 34] [1 2 5 6 7] [1 2 4 5 7 19] [1 2 4 6 7] [1 2 4 5 6 7 23] [] [] [] [] [] [] [] [] [] [] [] [] [] [] [] [] [] [] [] [] [] [] [] [] [] [] [] [] [] [] [] [] [] []
163 [] [1 2 5] [1 2 4 5 6 7 23 36] [1 2 5 6] [1 2 4] [1 2 4 5 6 19] [1 2 4 5 6] [1 2] [1 2 4 5 6 7 10 19 23 36 43] [1 2 4 5] [1 2 4 6] [1 3] [1 2 5 6 7 23] [1 2 4 5 6 7] [1 2 4 5 6 7 9 23] [1] [1 6 7] [1 6] [1 3 6] [1 2 4 5 6 15] [1 2 7] [1 5] [1 2 4 5 6 7 9 23 34] [1 2 5 6 7] [1 2 4 5 7 19] [1 2 4 6 7] [1 2 4 5 6 7 23] [] [] [] [] [] [] [] [] [] [] [] [] [] [] [] [] [] [] [] [] [] [] [] [] [] [] [] [] [] [] [] [] [] []
164 [] [1 2 4 5 6 7 23 36] [1 2 5 6] [1 2 4] [1 2 4 5 6 19] [1 2 4 5 6] [1 2] [1 2 5] [1 2 4 5 6 7 10 19 23 36 43] [1 2 4 5] [1 2 4 6] [1 3] [1 2 5 6 7 23] [1 2 4 5 6 7] [1 2 4 5 6 7 9 23] [1] [1 6 7] [1 6] [1 3 6] [1 2 4 5 6 15] [1 2 7] [1 5] [1 2 4 5 6 7 9 23 34] [1 2 5 6 7] [1 2 4 5 7 19] [1 2 4 6 7] [1 2 4 5 6 7 23] [] [] [] [] [] [] [] [] [] [] [] [] [] [] [] [] [] [] [] [] [] [] [] [] [] [] [] [] [] [] [] [] [] []
165 [] [1 2 4 5 6 7 23 36] [1 2 5 6] [1 2 4] [1 2 4 5 6 19] [1 2 4 5 6] [1 2] [1 2 5] [1 2 4 5 6 7 10 19 23 36 43] [1 2 4 5] [1 2 4 6] [1 3] [1 2 5 6 7 23] [1 2 4 5 6 7] [1 2 4 5 6 7 9 23] [1] [1 6 7] [1 6] [1 3 6] [1 2 4 5 6 15] [1 2 7] [1 5] [1 2 4 5 6 7 9 23 34] [1 2 5 6 7] [1 2 4 5 7 19] [1 2 4 6 7] [1 2 4 5 6 7 23] [] [] [] [] [] [] [] [] [] [] [] [] [] [] [] [] [] [] [] [] [] [] [] [] [] [] [] [] [] [] [] [] [] []
166 [] [1 2 4 5 6 7 23 36] [1 2 5 6] [1 2 4] [1 2 4 5 6 19] [1 2 4 5 6] [1 2] [1 2 5] [1 2 4 5 6 7 10 19 23 36 43] [1 2 4 5] [1 2 4 6] [1 3] [1 2 5 6 7 23] [1 2 4 5 6 7] [1 2 4 5 6 7 9 23] [1] [1 6 7] [1 6] [1 3 6] [1 2 4 5 6 15] [1 2 7] [1 5] [1 2 4 5 6 7 9 23 34] [1 2 5 6 7] [1 2 4 5 7 19] [1 2 4 6 7] [1 2 4 5 6 7 23] [] [] [] [] [] [] [] [] [] [] [] [] [] [] [] [] [] [] [] [] [] [] [] [] [] [] [] [] [] [] [] [] [] []
167 [] [1 2 4 5 6 7 23 36] [1 2 5 6] [1 2 4] [1 2 4 5 6 19] [1 2 4 5 6] [1 2] [1 2 5] [1 2 4 5 6 7 10 19 23 36 43] [1 2 4 5] [1 2 4 6] [1 3] [1 2 5 6 7 23] [1 2 4 5 6 7] [1 2 4 5 6 7 9 23] [1] [1 6 7] [1 6] [1 3 6] [1 2 4 5 6 15] [1 2 7] [1 5] [1 2 4 5 6 7 9 23 34] [1 2 5 6 7] [1 2 4 5 7 19] [1 2 4 6 7] [1 2 4 5 6 7 23] [] [] [] [] [] [] [] [] [] [] [] [] [] [] [] [] [] [] [] [] [] [] [] [] [] [] [] [] [] [] [] [] [] []
168 [] [1 2 4 5 6 7 23 36] [1 2 5 6] [1 2 4] [1 2 4 5 6 19] [1 2 4 5 6] [1 2] [1 2 5] [1 2 4 5 6 7 10 19 23 36 43] [1 2 4 5] [1 2 4 6] [1 3] [1 2 5 6 7 23] [1 2 4 5 6 7] [1 2 4 5 6 7 9 23] [1] [1 6 7] [1 6] [1 3 6] [1 2 4 5 6 15] [1 2 7] [1 5] [1 2 4 5 6 7 9 23 34] [1 2 5 6 7] [1 2 4 5 7 19] [1 2 4 6 7] [1 2 4 5 6 7 23] [] [] [] [] [] [] [] [] [] [] [] [] [] [] [] [] [] [] [] [] [] [] [] [] [] [] [] [] [] [] [] [] [] []
169 [] [1 2 5 6] [1 2 4] [1 2 4 5 6 19] [1 2 4 5 6] [1 2] [1 2 5] [1 2 4 5 6 7 10 19 23 36 43] [1 2 4 5] [1 2 4 6] [1 3] [1 2 5 6 7 23] [1 2 4 5 6 7] [1 2 4 5 6 7 9 23] [1] [1 6 7] [1 6] [1 3 6] [1 2 4 5 6 15] [1 2 7] [1 5] [1 2 4 5 6 7 9 23 34] [1 2 5 6 7] [1 2 4 5 7 19] [1 2 4 6 7] [1 2 4 5 6 7 23] [] [] [] [] [] [] [] [] [] [] [] [] [] [] [] [] [] [] [] [] [] [] [] [] [] [] [] [] [] [] [] [] [] [] []
170 [] [1 2 5 6] [1 2 4] [1 2 4 5 6 19] [1 2 4 5 6] [1 2] [1 2 5] [1 2 4 5 6 7 10 19 23 36 43] [1 2 4 5] [1 2 4 6] [1 3] [1 2 5 6 7 23] [1 2 4 5 6 7] [1 2 4 5 6 7 9 23] [1] [1 6 7] [1 6] [1 3 6] [1 2 4 5 6 15] [1 2 7] [1 5] [1 2 4 5 6 7 9 23 34] [1 2 5 6 7] [1 2 4 5 7 19] [1 2 4 6 7] [1 2 4 5 6 7 23] [] [] [] [] [] [] [] [] [] [] [] [] [] [] [] [] [] [] [] [] [] [] [] [] [] [] [] [] [] [] [] [] [] [] []
171 [] [1 2 5 6] [1 2 4] [1 2 4 5 6 19] [1 2 4 5 6] [1 2] [1 2 5] [1 2 4 5 6 7 10 19 23 36 43] [1 2 4 5] [1 2 4 6] [1 3] [1 2 5 6 7 23] [1 2 4 5 6 7] [1 2 4 5 6 7 9 23] [1] [1 6 7] [1 6] [1 3 6] [1 2 4 5 6 15] [1 2 7] [1 5] [1 2 4 5 6 7 9 23 34] [1 2 5 6 7] [1 2 4 5 7 19] [1 2 4 6 7] [1 2 4 5 6 7 23] [] [] [] [] [] [] [] [] [] [] [] [] [] [] [] [] [] [] [] [] [] [] [] [] [] [] [] [] [] [] [] [] [] [] []
172 [] [1 2 5 6] [1 2 4 5 6 23] [1 2 4] [1 2 4 5 6 19] [1 2 4 5 6] [1 2] [1 2 5] [1 2 4 5 6 7 10 19 23 36 43] [1 2 4 5] [1 2 4 6] [1 3] [1 2 5 6 7 23] [1 2 4 5 6 7] [1 2 4 5 6 7 9 23] [1] [1 6 7] [1 6] [1 3 6] [1 2 4 5 6 15] [1 2 7] [1 5] [1 2 4 5 6 7 9 23 34] [1 2 5 6 7] [1 2 4 5 7 19] [1 2 4 6 7] [1 2 4 5 6 7 23] [] [] [] [] [] [] [] [] [] [] [] [] [] [] [] [] [] [] [] [] [] [] [] [] [] [] [] [] [] [] [] [] [] []
173 [] [1 2 4 5 6 23] [1 2 4] [1 2 4 5 6 19] [1 2 4 5 6] [1 2] [1 2 5] [1 2 4 5 6 7 10 19 23 36 43] [1 2 4 5] [1 2 4 6] [1 3] [1 2 5 6 7 23] [1 2 4 5 6 7] [1 2 4 5 6 7 9 23] [1] [1 6 7] [1 6] [1 2 5 6] [1 3 6] [1 2 4 5 6 15] [1 2 7] [1 5] [1 2 4 5 6 7 9 23 34] [1 2 5 6 7] [1 2 4 5 7 19] [1 2 4 6 7] [1 2 4 5 6 7 23] [] [] [] [] [] [] [] [] [] [] [] [] [] [] [] [] [] [] [] [] [] [] [] [] [] [] [] [] [] [] [] [] [] []
174 [] [1 2 4 5 6 23] [1 2 4] [1 2 4 5 6 19] [1 2 4 5 6] [1 2] [1 2 5] [1 2 4 5 6 7 10 19 23 36 43] [1 2 4 5] [1 2 4 6] [1 3] [1 2 5 6 7 23] [1 2 4 5 6 7] [1 2 4 5 6 7 9 23] [1] [1 6 7] [1 6] [1 2 5 6] [1 3 6] [1 2 4 5 6 15] [1 2 7] [1 5] [1 2 4 5 6 7 9 23 34] [1 2 5 6 7] [1 2 4 5 7 19] [1 2 4 6 7] [1 2 4 5 6 7 23] [] [] [] [] [] [] [] [] [] [] [] [] [] [] [] [] [] [] [] [] [] [] [] [] [] [] [] [] [] [] [] [] [] []
175 [] [1 2 4 5 6 23] [1 2 4] [1 2 4 5 6 19] [1 2 4 5 6] [1 2] [1 2 5] [1 2 4 5 6 7 10 19 23 36 43] [1 2 4 5] [1 2 4 6] [1 3] [1 2 5 6 7 23] [1 2 4 5 6 7] [1 2 4 5 6 7 9 23] [1] [1 6 7] [1 6] [1 2 5 6] [1 3 6] [1 2 4 5 6 15] [1 2 7] [1 5] [1 2 4 5 6 7 9 23 34] [1 2 5 6 7] [1 2 4 5 7 19] [1 2 4 6 7] [1 2 4 5 6 7 23] [] [] [] [] [] [] [] [] [] [] [] [] [] [] [] [] [] [] [] [] [] [] [] [] [] [] [] [] [] [] [] [] [] []
176 [] [1 2 4 5 6 23] [1 2 4] [1 2 4 5 6 19] [1 2 4 5 6] [1 2] [1 2 5] [1 2 4 5 6 7 10 19 23 36 43] [1 2 4 5] [1 2 4 6] [1 3] [1 2 5 6 7 23] [1 2 4 5 6 7] [1 2 4 5 6 7 9 23] [1] [1 6 7] [1 6] [1 2 5 6] [1 3 6] [1 2 4 5 6 15] [1 2 7] [1 5] [1 2 4 5 6 7 9 23 34] [1 2 5 6 7] [1 2 4 5 7 19] [1 2 4 6 7] [1 2 4 5 6 7 23] [] [] [] [] [] [] [] [] [] [] [] [] [] [] [] [] [] [] [] [] [] [] [] [] [] [] [] [] [] [] [] [] [] []
177 [] [1 2 4 5 6 23] [1 2 4] [1 2 4 5 6 19] [1 2 4 5 6] [1 2] [1 2 5] [1 2 4 5 6 7 10 19 23 36 43] [1 2 4 5] [1 2 4 6] [1 3] [1 2 5 6 7 23] [1 2 4 5 6 7] [1 2 4 5 6 7 9 23] [1] [1 6 7] [1 6] [1 2 5 6] [1 3 6] [1 2 4 5 6 15] [1 2 7] [1 5] [1 2 4 5 6 7 9 23 34] [1 2 5 6 7] [1 2 4 5 7 19] [1 2 4 6 7] [1 2 4 5 6 7 23] [] [] [] [] [] [] [] [] [] [] [] [] [] [] [] [] [] [] [] [] [] [] [] [] [] [] [] [] [] [] [] [] [] []
178 [] [1 2 4] [1 2 4 5 6 19] [1 2 4 5 6] [1 2] [1 2 5] [1 2 4 5 6 7 10 19 23 36 43] [1 2 4 5] [1 2 4 6] [1 3] [1 2 5 6 7 23] [1 2 4 5 6 7] [1 2 4 5 6 7 9 23] [1] [1 6 7] [1 6] [1 2 5 6] [1 3 6] [1 2 4 5 6 15] [1 2 7] [1 5] [1 2 4 5 6 7 9 23 34] [1 2 5 6 7] [1 2 4 5 7 19] [1 2 4 6 7] [1 2 4 5 6 7 23] [] [] [] [] [] [] [] [] [] [] [] [] [] [] [] [] [] [] [] [] [] [] [] [] [] [] [] [] [] [] [] [] [] [] []
179 [] [1 2 4] [1 2 4 5 6 19] [1 2 4 5 6] [1 2] [1 2 5] [1 2 4 5 6 7 10 19 23 36 43] [1 2 4 5] [1 2 4 6] [1 3] [1 2 5 6 7 23] [1 2 4 5 6 7] [1 2 4 5 6 7 9 23] [1] [1 6 7] [1 6] [1 2 5 6] [1 3 6] [1 2 4 5 6 15] [1 2 7] [1 5] [1 2 4 5 6 7 9 23 34] [1 2 5 6 7] [1 2 4 5 7 19] [1 2 4 6 7] [1 2 4 5 6 7 23] [] [] [] [] [] [] [] [] [] [] [] [] [] [] [] [] [] [] [] [] [] [] [] [] [] [] [] [] [] [] [] [] [] [] []
180 [] [1 2 4] [1 2 4 5 6 19] [1 2 4 5 6] [1 2] [1 2 5] [1 2 4 5 6 7 10 19 23 36 43] [1 2 4 5] [1 2 4 6] [1 3] [1 2 5 6 7 23] [1 2 4 5 6 7] [1 2 4 5 6 7 9 23] [1] [1 6 7] [1 6] [1 2 5 6] [1 3 6] [1 2 4 5 6 15] [1 2 7] [1 5] [1 2 4 5 6 7 9 23 34] [1 2 5 6 7] [1 2 4 5 7 19] [1 2 4 6 7] [1 2 4 5 6 7 23] [] [] [] [] [] [] [] [] [] [] [] [] [] [] [] [] [] [] [] [] [] [] [] [] [] [] [] [] [] [] [] [] [] [] []
181 [] [1 2 4 5 6 19] [1 2 4 5 6] [1 2] [1 2 5] [1 2 4 5 6 7 10 19 23 36 43] [1 2 4 5] [1 2 4 6] [1 3] [1 2 5 6 7 23] [1 2 4 5 6 7] [1 2 4 5 6 7 9 23] [1 2 4] [1] [1 6 7] [1 6] [1 2 5 6] [1 3 6] [1 2 4 5 6 15] [1 2 7] [1 5] [1 2 4 5 6 7 9 23 34] [1 2 5 6 7] [1 2 4 5 7 19] [1 2 4 6 7] [1 2 4 5 6 7 23] [] [] [] [] [] [] [] [] [] [] [] [] [] [] [] [] [] [] [] [] [] [] [] [] [] [] [] [] [] [] [] [] [] [] []
182 [] [1 2 4 5 6 19] [1 2 4 5 6] [1 2] [1 2 5] [1 2 4 5 6 7 10 19 23 36 43] [1 2 4 5] [1 2 4 6] [1 3] [1 2 5 6 7 23] [1 2 4 5 6 7] [1 2 4 5 6 7 9 23] [1 2 4] [1] [1 6 7] [1 6] [1 2 5 6] [1 3 6] [1 2 4 5 6 15] [1 2 7] [1 5] [1 2 4 5 6 7 9 23 34] [1 2 5 6 7] [1 2 4 5 7 19] [1 2 4 6 7] [1 2 4 5 6 7 23] [] [] [] [] [] [] [] [] [] [] [] [] [] [] [] [] [] [] [] [] [] [] [] [] [] [] [] [] [] [] [] [] [] [] []
183 [] [1 2 4 5 6 19] [1 2 4 5 6] [1 2] [1 2 5] [1 2 4 5 6 7 10 19 23 36 43] [1 2 4 5] [1 2 4 6] [1 3] [1 2 5 6 7 23] [1 2 4 5 6 7] [1 2 4 5 6 7 9 23] [1 2 4] [1] [1 6 7] [1 6] [1 2 5 6] [1 3 6] [1 2 4 5 6 15] [1 2 7] [1 5] [1 2 4 5 6 7 9 23 34] [1 2 5 6 7] [1 2 4 5 7 19] [1 2 4 6 7] [1 2 4 5 6 7 23] [] [] [] [] [] [] [] [] [] [] [] [] [] [] [] [] [] [] [] [] [] [] [] [] [] [] [] [] [] [] [] [] [] [] []
184 [] [1 2 4 5 6 19] [1 2 4 5 6] [1 2] [1 2 5] [1 2 4 5 6 7 10 19 23 36 43] [1 2 4 5] [1 2 4 6] [1 3] [1 2 5 6 7 23] [1 2 4 5 6 7] [1 2 4 5 6 7 9 23] [1 2 4] [1] [1 6 7] [1 6] [1 2 5 6] [1 3 6] [1 2 4 5 6 15] [1 2 7] [1 5] [1 2 4 5 6 7 9 23 34] [1 2 5 6 7] [1 2 4 5 7 19] [1 2 4 6 7] [1 2 4 5 6 7 23] [] [] [] [] [] [] [] [] [] [] [] [] [] [] [] [] [] [] [] [] [] [] [] [] [] [] [] [] [] [] [] [] [] [] []
185 [] [1 2 4 5 6] [1 2] [1 2 5] [1 2 4 5 6 7 10 19 23 36 43] [1 2 4 5] [1 2 4 6] [1 3] [1 2 5 6 7 23] [1 2 4 5 6 7] [1 2 4 5 6 7 9 23] [1 2 4] [1] [1 6 7] [1 6] [1 2 5 6] [1 3 6] [1 2 4 5 6 15] [1 2 7] [1 5] [1 2 4 5 6 7 9 23 34] [1 2 5 6 7] [1 2 4 5 7 19] [1 2 4 6 7] [1 2 4 5 6 7 23] [] [] [] [] [] [] [] [] [] [] [] [] [] [] [] [] [] [] [] [] [] [] [] [] [] [] [] [] [] [] [] [] [] [] [] []
186 [] [1 2 4 5 6] [1 2] [1 2 5] [1 2 4 5 6 7 10 19 23 36 43] [1 2 4 5] [1 2 4 6] [1 3] [1 2 5 6 7 23] [1 2 4 5 6 7] [1 2 4 5 6 7 9 23] [1 2 4] [1] [1 6 7] [1 6] [1 2 5 6] [1 3 6] [1 2 4 5 6 15] [1 2 7] [1 5] [1 2 4 5 6 7 9 23 34] [1 2 5 6 7] [1 2 4 5 7 19] [1 2 4 6 7] [1 2 4 5 6 7 23] [] [] [] [] [] [] [] [] [] [] [] [] [] [] [] [] [] [] [] [] [] [] [] [] [] [] [] [] [] [] [] [] [] [] [] []
187 [] [1 2 4 5 6] [1 2] [1 2 5] [1 2 4 5 6 7 10 19 23 36 43] [1 2 4 5] [1 2 4 6] [1 3] [1 2 5 6 7 23] [1 2 4 5 6 7] [1 2 4 5 6 7 9 23] [1 2 4] [1] [1 6 7] [1 6] [1 2 5 6] [1 3 6] [1 2 4 5 6 15] [1 2 7] [1 5] [1 2 4 5 6 7 9 23 34] [1 2 5 6 7] [1 2 4 5 7 19] [1 2 4 6 7] [1 2 4 5 6 7 23] [] [] [] [] [] [] [] [] [] [] [] [] [] [] [] [] [] [] [] [] [] [] [] [] [] [] [] [] [] [] [] [] [] [] [] []
188 [] [1 2 4 5 6] [1 2] [1 2 5] [1 2 4 5 6 7 10 19 23 36 43] [1 2 4 5] [1 2 4 6] [1 3] [1 2 5 6 7 23] [1 2 4 5 6 7] [1 2 4 5 6 7 9 23] [1 2 4] [1] [1 6 7] [1 6] [1 2 5 6] [1 3 6] [1 2 4 5 6 15] [1 2 7] [1 5] [1 2 4 5 6 7 9 23 34] [1 2 5 6 7] [1 2 4 5 7 19] [1 2 4 6 7] [1 2 4 5 6 7 23] [] [] [] [] [] [] [] [] [] [] [] [] [] [] [] [] [] [] [] [] [] [] [] [] [] [] [] [] [] [] [] [] [] [] [] []
189 [] [1 2 4 5 6] [1 2] [1 2 5] [1 2 4 5 6 7 10 19 23 36 43] [1 2 4 5] [1 2 4 6] [1 3] [1 2 5 6 7 23] [1 2 4 5 6 7] [1 2 4 5 6 7 9 23] [1 2 4] [1] [1 6 7] [1 6] [1 2 5 6] [1 3 6] [1 2 4 5 6 15] [1 2 7] [1 5] [1 2 4 5 6 7 9 23 34] [1 2 5 6 7] [1 2 4 5 7 19] [1 2 4 6 7] [1 2 4 5 6 7 23] [] [] [] [] [] [] [] [] [] [] [] [] [] [] [] [] [] [] [] [] [] [] [] [] [] [] [] [] [] [] [] [] [] [] [] []
190 [] [1 2] [1 2 5] [1 2 4 5 6] [1 2 4 5 6 7 10 19 23 36 43] [1 2 4 5] [1 2 4 6] [1 3] [1 2 5 6 7 23] [1 2 4 5 6 7] [1 2 4 5 6 7 9 23] [1 2 4] [1] [1 6 7] [1 6] [1 2 5 6] [1 3 6] [1 2 4 5 6 15] [1 2 7] [1 5] [1 2 4 5 6 7 9 23 34] [1 2 5 6 7] [1 2 4 5 7 19] [1 2 4 6 7] [1 2 4 5 6 7 23] [] [] [] [] [] [] [] [] [] [] [] [] [] [] [] [] [] [] [] [] [] [] [] [] [] [] [] [] [] [] [] [] [] [] [] []
191 [] [1 2 5] [1 2 4 5 6] [1 2 4 5 6 7 10 19 23 36 43] [1 2 4 5] [1 2 4 6] [1 3] [1 2 5 6 7 23] [1 2 4 5 6 7] [1 2 4 5 6 7 9 23] [1 2 4] [1] [1 6 7] [1 6] [1 2 5 6] [1 3 6] [1 2 4 5 6 15] [1 2 7] [1 5] [1 2 4 5 6 7 9 23 34] [1 2] [1 2 5 6 7] [1 2 4 5 7 19] [1 2 4 6 7] [1 2 4 5 6 7 23] [] [] [] [] [] [] [] [] [] [] [] [] [] [] [] [] [] [] [] [] [] [] [] [] [] [] [] [] [] [] [] [] [] [] [] []
192 [] [1 2 5] [1 2 4 5 6] [1 2 4 5 6 7 10 19 23 36 43] [1 2 4 5] [1 2 4 6] [1 3] [1 2 5 6 7 23] [1 2 4 5 6 7] [1 2 4 5 6 7 9 23] [1 2 4] [1] [1 6 7] [1 6] [1 2 5 6] [1 3 6] [1 2 4 5 6 15] [1 2 7] [1 5] [1 2 4 5 6 7 9 23 34] [1 2] [1 2 5 6 7] [1 2 4 5 7 19] [1 2 4 6 7] [1 2 4 5 6 7 23] [] [] [] [] [] [] [] [] [] [] [] [] [] [] [] [] [] [] [] [] [] [] [] [] [] [] [] [] [] [] [] [] [] [] [] []
193 [] [1 2 5] [1 2 4 5 6] [1 2 4 5 6 7 10 19 23 36 43] [1 2 4 5] [1 2 4 6] [1 3] [1 2 5 6 7 23] [1 2 4 5 6 7] [1 2 4 5 6 7 9 23] [1 2 4] [1] [1 6 7] [1 6] [1 2 5 6] [1 3 6] [1 2 4 5 6 15] [1 2 7] [1 5] [1 2 4 5 6 7 9 23 34] [1 2] [1 2 5 6 7] [1 2 4 5 7 19] [1 2 4 6 7] [1 2 4 5 6 7 23] [] [] [] [] [] [] [] [] [] [] [] [] [] [] [] [] [] [] [] [] [] [] [] [] [] [] [] [] [] [] [] [] [] [] [] []
194 [] [1 2 5] [1 2 4 5 6] [1 2 4 5 6 7 10 19 23 36 43] [1 2 4 5] [1 2 4 6] [1 3] [1 2 5 6 7 23] [1 2 4 5 6 7] [1 2 4 5 6 7 9 23] [1 2 4] [1] [1 6 7] [1 6] [1 2 5 6] [1 3 6] [1 2 4 5 6 15] [1 2 7] [1 5] [1 2 4 5 6 7 9 23 34] [1 2] [1 2 5 6 7] [1 2 4 5 7 19] [1 2 4 6 7] [1 2 4 5 6 7 23] [] [] [] [] [] [] [] [] [] [] [] [] [] [] [] [] [] [] [] [] [] [] [] [] [] [] [] [] [] [] [] [] [] [] [] []
195 [] [1 2 5] [1 2 4 5 6] [1 2 4 5 6 7 10 19 23 36 43] [1 2 4 5] [1 2 4 6] [1 3] [1 2 5 6 7 23] [1 2 4 5 6 7] [1 2 4 5 6 7 9 23] [1 2 4] [1] [1 6 7] [1 6] [1 2 5 6] [1 3 6] [1 2 4 5 6 15] [1 2 7] [1 5] [1 2 4 5 6 7 9 23 34] [1 2] [1 2 5 6 7] [1 2 4 5 7 19] [1 2 4 6 7] [1 2 4 5 6 7 23] [] [] [] [] [] [] [] [] [] [] [] [] [] [] [] [] [] [] [] [] [] [] [] [] [] [] [] [] [] [] [] [] [] [] [] []
196 [] [1 2 4 5 6] [1 2 4 5 6 7 10 19 23 36 43] [1 2 4 5] [1 2 4 6] [1 3] [1 2 5 6 7 23] [1 2 4 5 6 7] [1 2 4 5 6 7 9 23] [1 2 4] [1] [1 6 7] [1 6] [1 2 5 6] [1 3 6] [1 2 4 5 6 15] [1 2 7] [1 5] [1 2 4 5 6 7 9 23 34] [1 2] [1 2 5 6 7] [1 2 5] [1 2 4 5 7 19] [1 2 4 6 7] [1 2 4 5 6 7 23] [] [] [] [] [] [] [] [] [] [] [] [] [] [] [] [] [] [] [] [] [] [] [] [] [] [] [] [] [] [] [] [] [] [] [] []
197 [] [1 2 4 5 6 7 10 19 23 36 43] [1 2 4 5] [1 2 4 6] [1 3] [1 2 5 6 7 23] [1 2 4 5 6 7] [1 2 4 5 6 7 9 23] [1 2 4] [1] [1 6 7] [1 6] [1 2 5 6] [1 3 6] [1 2 4 5 6 15] [1 2 7] [1 5] [1 2 4 5 6 7 9 23 34] [1 2] [1 2 4 5 6] [1 2 5 6 7] [1 2 5] [1 2 4 5 7 19] [1 2 4 6 7] [1 2 4 5 6 7 23] [] [] [] [] [] [] [] [] [] [] [] [] [] [] [] [] [] [] [] [] [] [] [] [] [] [] [] [] [] [] [] [] [] [] [] []
198 [] [1 2 4 5] [1 2 4 6] [1 3] [1 2 5 6 7 23] [1 2 4 5 6 7] [1 2 4 5 6 7 9 23] [1 2 4] [1] [1 6 7] [1 6] [1 2 5 6] [1 3 6] [1 2 4 5 6 15] [1 2 7] [1 5] [1 2 4 5 6 7 9 23 34] [1 2] [1 2 4 5 6] [1 2 5 6 7] [1 2 5] [1 2 4 5 7 19] [1 2 4 6 7] [1 2 4 5 6 7 23] [] [] [] [] [] [] [] [] [] [] [] [] [] [] [] [] [] [] [] [] [] [] [] [] [] [] [] [] [] [] [] [] [] [] [] [] []
199 [] [1 2 4 5] [1] [1 2 4 6] [1 3] [1 2 5 6 7 23] [1 2 4 5 6 7] [1 2 4 5 6 7 9 23] [1 2 4] [1 6 7] [1 6] [1 2 5 6] [1 3 6] [1 2 4 5 6 15] [1 2 7] [1 5] [1 2 4 5 6 7 9 23 34] [1 2] [1 2 4 5 6] [1 2 5 6 7] [1 2 5] [1 2 4 5 7 19] [1 2 4 6 7] [1 2 4 5 6 7 23] [] [] [] [] [] [] [] [] [] [] [] [] [] [] [] [] [] [] [] [] [] [] [] [] [] [] [] [] [] [] [] [] [] [] [] [] []
200 [] [1] [1 2 4 6] [1 3] [1 2 5 6 7 23] [1 2 4 5 6 7] [1 2 4 5 6 7 9 23] [1 2 4] [1 6 7] [1 6] [1 2 5 6] [1 3 6] [1 2 4 5 6 15] [1 2 7] [1 5] [1 2 4 5 6 7 9 23 34] [1 2] [1 2 4 5 6] [1 2 5 6 7] [1 2 5] [1 2 4 5 7 19] [1 2 4 6 7] [1 2 4 5 6 7 23] [] [] [] [] [] [] [] [] [] [] [] [] [] [] [] [] [] [] [] [] [] [] [] [] [] [] [] [] [] [] [] [] [] [] [] [] [] []
201 [] [1 2 4 6] [1 2 5 6 7 23] [1 2 4 5 6 7 9 23] [1 2 4] [1] [1 6 7] [1 6] [1 2 5 6] [1 3 6] [1 2 4 5 6 15] [1 2 7] [1 5] [1 2 4 5 6 7 9 23 34] [1 2] [1 2 4 5 6] [1 2 5 6 7] [1 2 5] [1 2 4 5 7 19] [1 2 4 6 7] [1 2 4 5 6 7 23] [1 2 4 5 6 7] [] [] [] [] [] [] [] [] [] [] [] [] [] [] [] [] [] [] [] [] [] [] [] [] [] [] [] [] [] [] [] [] [] [] [] [] [] [] []
202 [] [1 2 4 6] [1 2 5 6 7 23] [1 2 4 5 6 7 9 23] [1 2 4] [1] [1 6 7] [1 6] [1 2 5 6] [1 3 6] [1 2 4 5 6 15] [1 2 7] [1 5] [1 2 4 5 6 7 9 23 34] [1 2] [1 2 4 5 6] [1 2 5 6 7] [1 2 5] [1 2 4 5 7 19] [1 2 4 6 7] [1 2 4 5 6 7 23] [1 2 4 5 6 7] [] [] [] [] [] [] [] [] [] [] [] [] [] [] [] [] [] [] [] [] [] [] [] [] [] [] [] [] [] [] [] [] [] [] [] [] [] [] []
203 [] [1 2 5 6 7 23] [1 2 4 5 6 7 9 23] [1 2 4] [1] [1 6 7] [1 6] [1 2 5 6] [1 3 6] [1 2 4 5 6 15] [1 2 7] [1 5] [1 2 4 5 6 7 9 23 34] [1 2] [1 2 4 5 6] [1 2 5 6 7] [1 2 5] [1 2 4 5 7 19] [1 2 4 6 7] [1 2 4 5 6 7 23] [1 2 4 5 6 7] [] [] [] [] [] [] [] [] [] [] [] [] [] [] [] [] [] [] [] [] [] [] [] [] [] [] [] [] [] [] [] [] [] [] [] [] [] [] [] []
204 [] [1 2 5 6 7 23] [1 2 4 5 6 7 9 23] [1 2 4] [1] [1 6 7] [1 6] [1 2 5 6] [1 3 6] [1 2 4 5 6 15] [1 2 7] [1 5] [1 2 4 5 6 7 9 23 34] [1 2] [1 2 4 5 6] [1 2 5 6 7] [1 2 5] [1 2 4 5 7 19] [1 2 4 6 7] [1 2 4 5 6 7 23] [1 2 4 5 6 7] [] [] [] [] [] [] [] [] [] [] [] [] [] [] [] [] [] [] [] [] [] [] [] [] [] [] [] [] [] [] [] [] [] [] [] [] [] [] [] []
205 [] [1 2 4 5 6 7 9 23] [1 2 4] [1] [1 6 7] [1 5] [1 6] [1 2 5 6] [1 3 6] [1 2 4 5 6 15] [1 2 7] [1 2 4 5 6 7 9 23 34] [1 2] [1 2 4 5 6] [1 2 5 6 7] [1 2 5] [1 2 4 5 7 19] [1 2 4 6 7] [1 2 4 5 6 7 23] [1 2 4 5 6 7] [] [] [] [] [] [] [] [] [] [] [] [] [] [] [] [] [] [] [] [] [] [] [] [] [] [] [] [] [] [] [] [] [] [] [] [] [] [] [] [] []
206 [] [1 2 4] [1 6] [1 5] [1 2 5 6] [1 3 6] [1 2 4 5 6 15] [1 2 7] [1 2 4 5 6 7 9 23 34] [1 2] [1 2 4 5 6] [1 2 5 6 7] [1 2 5] [1 2 4 5 7 19] [1 2 4 6 7] [1 2 4 5 6 7 23] [1 2 4 5 6 7] [] [] [] [] [] [] [] [] [] [] [] [] [] [] [] [] [] [] [] [] [] [] [] [] [] [] [] [] [] [] [] [] [] [] [] [] [] [] [] [] [] [] [] []
207 [] [1 6] [1 5] [1 2 4] [1 2 5 6] [1 3 6] [1 2 4 5 6 15] [1 2 7] [1 2 4 5 6 7 9 23 34] [1 2] [1 2 4 5 6] [1 2 5 6 7] [1 2 5] [1 2 4 5 7 19] [1 2 4 6 7] [1 2 4 5 6 7 23] [1 2 4 5 6 7] [] [] [] [] [] [] [] [] [] [] [] [] [] [] [] [] [] [] [] [] [] [] [] [] [] [] [] [] [] [] [] [] [] [] [] [] [] [] [] [] [] [] [] []
208 [] [1 2 4] [1 2 5 6] [1 2 4 5 6 15] [1 2 7] [1 5] [1 2 4 5 6 7 9 23 34] [1 2] [1 2 4 5 6] [1 2 5 6 7] [1 2 5] [1 2 4 5 7 19] [1 2 4 6 7] [1 2 4 5 6 7 23] [1 2 4 5 6 7] [] [] [] [] [] [] [] [] [] [] [] [] [] [] [] [] [] [] [] [] [] [] [] [] [] [] [] [] [] [] [] [] [] [] [] [] [] [] [] [] [] [] [] [] [] []
209 [] [1 2 4] [1 2 5 6] [1 2 4 5 6 15] [1 2 7] [1 5] [1 2 4 5 6 7 9 23 34] [1 2] [1 2 4 5 6] [1 2 5 6 7] [1 2 5] [1 2 4 5 7 19] [1 2 4 6 7] [1 2 4 5 6 7 23] [1 2 4 5 6 7] [] [] [] [] [] [] [] [] [] [] [] [] [] [] [] [] [] [] [] [] [] [] [] [] [] [] [] [] [] [] [] [] [] [] [] [] [] [] [] [] [] [] [] [] [] []
210 [] [1 2 4] [1 2 5 6] [1 2 4 5 6 15] [1 2 7] [1 5] [1 2 4 5 6 7 9 23 34] [1 2] [1 2 4 5 6] [1 2 5 6 7] [1 2 5] [1 2 4 5 7 19] [1 2 4 6 7] [1 2 4 5 6 7 23] [1 2 4 5 6 7] [] [] [] [] [] [] [] [] [] [] [] [] [] [] [] [] [] [] [] [] [] [] [] [] [] [] [] [] [] [] [] [] [] [] [] [] [] [] [] [] [] [] [] [] [] []
211 [] [1 2 4] [1 2 5 6] [1 2 4 5 6 15] [1 2 7] [1 5] [1 2 4 5 6 7 9 23 34] [1 2] [1 2 4 5 6] [1 2 5 6 7] [1 2 5] [1 2 4 5 7 19] [1 2 4 6 7] [1 2 4 5 6 7 23] [1 2 4 5 6 7] [] [] [] [] [] [] [] [] [] [] [] [] [] [] [] [] [] [] [] [] [] [] [] [] [] [] [] [] [] [] [] [] [] [] [] [] [] [] [] [] [] [] [] [] [] []
212 [] [1 2 5 6] [1 2 4 5 6 15] [1 2 7] [1 5] [1 2 4 5 6 7 9 23 34] [1 2] [1 2 4 5 6] [1 2 5 6 7] [1 2 5] [1 2 4 5 7 19] [1 2 4 6 7] [1 2 4 5 6 7 23] [1 2 4 5 6 7] [] [] [] [] [] [] [] [] [] [] [] [] [] [] [] [] [] [] [] [] [] [] [] [] [] [] [] [] [] [] [] [] [] [] [] [] [] [] [] [] [] [] [] [] [] [] []
213 [] [1 2 4 5 6 15] [1 2 7] [1 5] [1 2 4 5 6 7 9 23 34] [1 2] [1 2 4 5 6] [1 2 5 6 7] [1 2 5] [1 2 4 5 7 19] [1 2 4 6 7] [1 2 4 5 6 7 23] [1 2 4 5 6 7] [] [] [] [] [] [] [] [] [] [] [] [] [] [] [] [] [] [] [] [] [] [] [] [] [] [] [] [] [] [] [] [] [] [] [] [] [] [] [] [] [] [] [] [] [] [] [] []
214 [] [1 2 4 5 6 15] [1 2 7] [1 5] [1 2 4 5 6 7 9 23 34] [1 2] [1 2 4 5 6] [1 2 5 6 7] [1 2 5] [1 2 4 5 7 19] [1 2 4 6 7] [1 2 4 5 6 7 23] [1 2 4 5 6 7] [] [] [] [] [] [] [] [] [] [] [] [] [] [] [] [] [] [] [] [] [] [] [] [] [] [] [] [] [] [] [] [] [] [] [] [] [] [] [] [] [] [] [] [] [] [] [] []
215 [] [1 2 4 5 6 15] [1 2 7] [1 5] [1 2 4 5 6 7 9 23 34] [1 2] [1 2 4 5 6] [1 2 5 6 7] [1 2 5] [1 2 4 5 7 19] [1 2 4 6 7] [1 2 4 5 6 7 23] [1 2 4 5 6 7] [] [] [] [] [] [] [] [] [] [] [] [] [] [] [] [] [] [] [] [] [] [] [] [] [] [] [] [] [] [] [] [] [] [] [] [] [] [] [] [] [] [] [] [] [] [] [] []
216 [] [1 2 4 5 6 15] [1 2 7] [1 5] [1 2 4 5 6 7 9 23 34] [1 2] [1 2 4 5 6] [1 2 5 6 7] [1 2 5] [1 2 4 5 7 19] [1 2 4 6 7] [1 2 4 5 6 7 23] [1 2 4 5 6 7] [] [] [] [] [] [] [] [] [] [] [] [] [] [] [] [] [] [] [] [] [] [] [] [] [] [] [] [] [] [] [] [] [] [] [] [] [] [] [] [] [] [] [] [] [] [] [] []
217 [] [1 2 4 5 6 15] [1 2 7] [1 5] [1 2 4 5 6 7 9 23 34] [1 2] [1 2 4 5 6] [1 2 5 6 7] [1 2 5] [1 2 4 5 7 19] [1 2 4 6 7] [1 2 4 5 6 7 23] [1 2 4 5 6 7] [] [] [] [] [] [] [] [] [] [] [] [] [] [] [] [] [] [] [] [] [] [] [] [] [] [] [] [] [] [] [] [] [] [] [] [] [] [] [] [] [] [] [] [] [] [] [] []
218 [] [1 2 4 5 6 15] [1 2 7] [1 5] [1 2 4 5 6 7 9 23 34] [1 2] [1 2 4 5 6] [1 2 5 6 7] [1 2 5] [1 2 4 5 7 19] [1 2 4 6 7] [1 2 4 5 6 7 23] [1 2 4 5 6 7] [] [] [] [] [] [] [] [] [] [] [] [] [] [] [] [] [] [] [] [] [] [] [] [] [] [] [] [] [] [] [] [] [] [] [] [] [] [] [] [] [] [] [] [] [] [] [] []
219 [] [1 2 7] [1 5] [1 2 4 5 6 7 9 23 34] [1 2 4] [1 2] [1 2 4 5 6] [1 2 5 6 7] [1 2 5] [1 2 4 5 7 19] [1 2 4 6 7] [1 2 4 5 6 7 23] [1 2 4 5 6 7] [] [] [] [] [] [] [] [] [] [] [] [] [] [] [] [] [] [] [] [] [] [] [] [] [] [] [] [] [] [] [] [] [] [] [] [] [] [] [] [] [] [] [] [] [] [] [] []
220 [] [1 2 4] [1 2] [1 2 4 5 6] [1 2 5 6 7] [1 2 5] [1 2 4 5 7 19] [1 2 4 6 7] [1 2 4 5 6 7 23] [1 2 4 5 6 7] [] [] [] [] [] [] [] [] [] [] [] [] [] [] [] [] [] [] [] [] [] [] [] [] [] [] [] [] [] [] [] [] [] [] [] [] [] [] [] [] [] [] [] [] [] [] [] [] [] [] []
221 [] [1 2 4] [1 2] [1 2 4 5 6] [1 2 5 6 7] [1 2 5] [1 2 4 5 7 19] [1 2 4 6 7] [1 2 4 5 6 7 23] [1 2 4 5 6 7] [] [] [] [] [] [] [] [] [] [] [] [] [] [] [] [] [] [] [] [] [] [] [] [] [] [] [] [] [] [] [] [] [] [] [] [] [] [] [] [] [] [] [] [] [] [] [] [] [] [] []
222 [] [1 2] [1] [1 2 4 6 23] [1 2 4 5 6] [1 2 5 6 7] [1 2 5] [1 2 4 5 7 19] [1 2 4 6 7] [1 2 4 5 6 7 23] [1 2 4 5 6 7] [] [] [] [] [] [] [] [] [] [] [] [] [] [] [] [] [] [] [] [] [] [] [] [] [] [] [] [] [] [] [] [] [] [] [] [] [] [] [] [] [] [] [] [] [] [] [] [] [] []
223 [] [1 2 4 6 23] [1 2 4 5 6] [1 2 5 6 7] [1 2 5] [1 2 4 5 7 19] [1 2 4 6 7] [1 2 4 5 6 7 23] [1 2 4 5 6 7] [1 2] [] [] [] [] [] [] [] [] [] [] [] [] [] [] [] [] [] [] [] [] [] [] [] [] [] [] [] [] [] [] [] [] [] [] [] [] [] [] [] [] [] [] [] [] [] [] [] [] [] [] []
224 [] [1 2 4 6 23] [1 2 4 5 6] [1 2 5 6 7] [1 2 5] [1 2 4 5 7 19] [1 2 4 6 7] [1 2 4 5 6 7 23] [1 2 4 5 6 7] [1 2] [] [] [] [] [] [] [] [] [] [] [] [] [] [] [] [] [] [] [] [] [] [] [] [] [] [] [] [] [] [] [] [] [] [] [] [] [] [] [] [] [] [] [] [] [] [] [] [] [] [] []
225 [] [1 2 4 6 23] [1 2 4 5 6] [1 2 5 6 7] [1 2 5] [1 2 4 5 7 19] [1 2 4 6 7] [1 2 4 5 6 7 23] [1 2 4 5 6 7] [1 2] [] [] [] [] [] [] [] [] [] [] [] [] [] [] [] [] [] [] [] [] [] [] [] [] [] [] [] [] [] [] [] [] [] [] [] [] [] [] [] [] [] [] [] [] [] [] [] [] [] [] []
226 [] [1 2 4 6 23] [1 2 6] [1 2 4 5 6] [1 2 5 6 7] [1 2 5] [1 2 4 5 7 19] [1 2 4 6 7] [1 2 4 5 6 7 23] [1 2 4 5 6 7] [1 2] [] [] [] [] [] [] [] [] [] [] [] [] [] [] [] [] [] [] [] [] [] [] [] [] [] [] [] [] [] [] [] [] [] [] [] [] [] [] [] [] [] [] [] [] [] [] [] [] [] []
227 [] [1 2 6] [1 2 4 5 6] [1 2 5 6 7] [1 2 5] [1 2 4 5 7 19] [1 2 4 6 7] [1 2 4 5 6 7 23] [1 2 4 5 6 7] [1 2] [] [] [] [] [] [] [] [] [] [] [] [] [] [] [] [] [] [] [] [] [] [] [] [] [] [] [] [] [] [] [] [] [] [] [] [] [] [] [] [] [] [] [] [] [] [] [] [] [] [] []
228 [] [1 2 4 5 6] [1 2 5 6 7] [1 2 5] [1 2 4 5 7 19] [1 2 4 6 7] [1 2 4 5 6 7 23] [1 2 4 5 6 7] [1 2] [] [] [] [] [] [] [] [] [] [] [] [] [] [] [] [] [] [] [] [] [] [] [] [] [] [] [] [] [] [] [] [] [] [] [] [] [] [] [] [] [] [] [] [] [] [] [] [] [] [] [] []
229 [] [1 2 4 5 6] [1 2 5 6 7] [1 2 5] [1 2 4 5 7 19] [1 2 4 6 7] [1 2 4 5 6 7 23] [1 2 4 5 6 7] [1 2] [] [] [] [] [] [] [] [] [] [] [] [] [] [] [] [] [] [] [] [] [] [] [] [] [] [] [] [] [] [] [] [] [] [] [] [] [] [] [] [] [] [] [] [] [] [] [] [] [] [] [] []
230 [] [1 2 4 5 6] [1 2 5 6 7] [1 2 5] [1 2 4 5 7 19] [1 2 4 6 7] [1 2 4 5 6 7 23] [1 2 4 5 6 7] [1 2] [] [] [] [] [] [] [] [] [] [] [] [] [] [] [] [] [] [] [] [] [] [] [] [] [] [] [] [] [] [] [] [] [] [] [] [] [] [] [] [] [] [] [] [] [] [] [] [] [] [] [] []
231 [] [1 2 5 6 7] [1 2 5] [1 2 4 5 7 19] [1 2 4 6 7] [1 2 4 5 6 7 23] [1 2 4 5 6 7] [1 2] [1 2 4 5 6] [] [] [] [] [] [] [] [] [] [] [] [] [] [] [] [] [] [] [] [] [] [] [] [] [] [] [] [] [] [] [] [] [] [] [] [] [] [] [] [] [] [] [] [] [] [] [] [] [] [] [] []
232 [] [1 2 5 6 7] [1 2 5] [1 2 4 5 7 19] [1 2 4 6 7] [1 2 4 5 6 7 23] [1 2 4 5 6 7] [1 2] [1 2 4 5 6] [] [] [] [] [] [] [] [] [] [] [] [] [] [] [] [] [] [] [] [] [] [] [] [] [] [] [] [] [] [] [] [] [] [] [] [] [] [] [] [] [] [] [] [] [] [] [] [] [] [] [] []
233 [] [1 2 5 6 7] [1 2 5] [1 2 4 5 7 19] [1 2 4 6 7] [1 2 4 5 6 7 23] [1 2 4 5 6 7] [1 2] [1 2 4 5 6] [] [] [] [] [] [] [] [] [] [] [] [] [] [] [] [] [] [] [] [] [] [] [] [] [] [] [] [] [] [] [] [] [] [] [] [] [] [] [] [] [] [] [] [] [] [] [] [] [] [] [] []
234 [] [1 2 5 6 7] [1 2 5] [1 2 4 5 7 19] [1 2 4 6 7] [1 2 4 5 6 7 23] [1 2 4 5 6 7] [1 2] [1 2 4 5 6] [] [] [] [] [] [] [] [] [] [] [] [] [] [] [] [] [] [] [] [] [] [] [] [] [] [] [] [] [] [] [] [] [] [] [] [] [] [] [] [] [] [] [] [] [] [] [] [] [] [] [] []
235 [] [1 2 5 6 7] [1 2 5] [1 2 4 5 7 19] [1 2 4 6 7] [1 2 4 5 6 7 23] [1 2 4 5 6 7] [1 2] [1 2 4 5 6] [] [] [] [] [] [] [] [] [] [] [] [] [] [] [] [] [] [] [] [] [] [] [] [] [] [] [] [] [] [] [] [] [] [] [] [] [] [] [] [] [] [] [] [] [] [] [] [] [] [] [] []
236 [] [1 2 5 6 7] [1 2 5] [1 2 4 5 7 19] [1 2 4 6 7] [1 2 4 5 6 7 23] [1 2 4 5 6 7] [1 2] [1 2 4 5 6] [] [] [] [] [] [] [] [] [] [] [] [] [] [] [] [] [] [] [] [] [] [] [] [] [] [] [] [] [] [] [] [] [] [] [] [] [] [] [] [] [] [] [] [] [] [] [] [] [] [] [] []
237 [] [1 2 5] [1 2 4 5 6 15 16] [1 2 4 5 7 19] [1 2 4 6 7] [1 2 4 5 6 7 23] [1 2 4 5 6 7] [1 2] [1 2 4 5 6] [] [] [] [] [] [] [] [] [] [] [] [] [] [] [] [] [] [] [] [] [] [] [] [] [] [] [] [] [] [] [] [] [] [] [] [] [] [] [] [] [] [] [] [] [] [] [] [] [] [] [] []
238 [] [1 2 4 5 6 15 16] [1 2 4 5 7 19] [1 2 4 6 7] [1 2 4 5 6 7 23] [1 2 4 5 6 7] [1 2] [1 2 4 5 6] [] [] [] [] [] [] [] [] [] [] [] [] [] [] [] [] [] [] [] [] [] [] [] [] [] [] [] [] [] [] [] [] [] [] [] [] [] [] [] [] [] [] [] [] [] [] [] [] [] [] [] [] []
239 [] [1 2 4 5 6 15 16] [1 2 4 5 6 7 23] [1 2 4 5 7 19] [1 2 4 6 7] [1 2 4 5 6 7] [1 2] [1 2 4 5 6] [] [] [] [] [] [] [] [] [] [] [] [] [] [] [] [] [] [] [] [] [] [] [] [] [] [] [] [] [] [] [] [] [] [] [] [] [] [] [] [] [] [] [] [] [] [] [] [] [] [] [] [] []
240 [] [1 2 4 5 6 7 23] [1 2 4 5 7 19] [1 2 4 6 7] [1 2 4 5 6 7] [1 2] [1 2 4 5 6] [] [] [] [] [] [] [] [] [] [] [] [] [] [] [] [] [] [] [] [] [] [] [] [] [] [] [] [] [] [] [] [] [] [] [] [] [] [] [] [] [] [] [] [] [] [] [] [] [] [] [] [] [] []
241 [] [1 2 4 5 6 7 23] [1 2 4 6 7 23] [1 2 4 5 7 19] [1 2 4 6 7] [1 2 4 5 6 7] [1 2] [1 2 4 5 6] [] [] [] [] [] [] [] [] [] [] [] [] [] [] [] [] [] [] [] [] [] [] [] [] [] [] [] [] [] [] [] [] [] [] [] [] [] [] [] [] [] [] [] [] [] [] [] [] [] [] [] [] []
242 [] [1 2 4 6 7 23] [1 2 4 5 7 19] [1 2 4 6 7] [1 2 4 5 6 7 23] [1 2 4 5 6 7] [1 2] [1 2 4 5 6] [] [] [] [] [] [] [] [] [] [] [] [] [] [] [] [] [] [] [] [] [] [] [] [] [] [] [] [] [] [] [] [] [] [] [] [] [] [] [] [] [] [] [] [] [] [] [] [] [] [] [] [] []
243 [] [1 2 4 5 7 19] [1 2 4 6 7] [1 2 4 5 6 7 23] [1 2 4 5 6 7] [1 2] [1 2 4 5 6] [] [] [] [] [] [] [] [] [] [] [] [] [] [] [] [] [] [] [] [] [] [] [] [] [] [] [] [] [] [] [] [] [] [] [] [] [] [] [] [] [] [] [] [] [] [] [] [] [] [] [] [] [] []
244 [] [1 2 4 5 7 19] [1 2 4 6 7] [1 2 4 5 6 7 23] [1 2 4 5 6 7] [1 2] [1 2 4 5 6] [] [] [] [] [] [] [] [] [] [] [] [] [] [] [] [] [] [] [] [] [] [] [] [] [] [] [] [] [] [] [] [] [] [] [] [] [] [] [] [] [] [] [] [] [] [] [] [] [] [] [] [] [] []
245 [] [1 2 4 6 7] [1 2 4 5 6 7 23] [1 2 4 5 6 7] [1 2] [1 2 4 5 6] [] [] [] [] [] [] [] [] [] [] [] [] [] [] [] [] [] [] [] [] [] [] [] [] [] [] [] [] [] [] [] [] [] [] [] [] [] [] [] [] [] [] [] [] [] [] [] [] [] [] [] [] [] [] []
246 [] [1 2 4 6 7] [1 2 4 5 6 7 23] [1 2 4 5 6 7] [1 2] [1 2 4 5 6] [] [] [] [] [] [] [] [] [] [] [] [] [] [] [] [] [] [] [] [] [] [] [] [] [] [] [] [] [] [] [] [] [] [] [] [] [] [] [] [] [] [] [] [] [] [] [] [] [] [] [] [] [] [] []
247 [] [1 2 4 5 6 7 23] [1 2 4 5 6 7] [1 2] [1 2 4 5 6] [] [] [] [] [] [] [] [] [] [] [] [] [] [] [] [] [] [] [] [] [] [] [] [] [] [] [] [] [] [] [] [] [] [] [] [] [] [] [] [] [] [] [] [] [] [] [] [] [] [] [] [] [] [] [] []
248 [] [1 2 4 5 6 7 23] [1 2 4 5 6 7] [1 2] [1 2 4 5 6] [] [] [] [] [] [] [] [] [] [] [] [] [] [] [] [] [] [] [] [] [] [] [] [] [] [] [] [] [] [] [] [] [] [] [] [] [] [] [] [] [] [] [] [] [] [] [] [] [] [] [] [] [] [] [] []
249 [] [1 2 4 5 6 7 23] [1 2 4 5 6] [1 2 4 5 6 7] [1 2] [] [] [] [] [] [] [] [] [] [] [] [] [] [] [] [] [] [] [] [] [] [] [] [] [] [] [] [] [] [] [] [] [] [] [] [] [] [] [] [] [] [] [] [] [] [] [] [] [] [] [] [] [] [] [] []
250 [] [1 2 4 5 6] [1 2 4 5] [1 2 4 5 6 7] [1 2] [] [] [] [] [] [] [] [] [] [] [] [] [] [] [] [] [] [] [] [] [] [] [] [] [] [] [] [] [] [] [] [] [] [] [] [] [] [] [] [] [] [] [] [] [] [] [] [] [] [] [] [] [] [] [] []
251 [] [1 2 4 5] [1 2 4 5 6 7] [1 2] [1 2 4 5 6] [] [] [] [] [] [] [] [] [] [] [] [] [] [] [] [] [] [] [] [] [] [] [] [] [] [] [] [] [] [] [] [] [] [] [] [] [] [] [] [] [] [] [] [] [] [] [] [] [] [] [] [] [] [] [] []
252 [] [1 2 4 5 6 7] [1 2] [1 2 4 5 6] [] [] [] [] [] [] [] [] [] [] [] [] [] [] [] [] [] [] [] [] [] [] [] [] [] [] [] [] [] [] [] [] [] [] [] [] [] [] [] [] [] [] [] [] [] [] [] [] [] [] [] [] [] [] [] [] []
253 [] [1 2 4 5 6 7] [1 2] [1 2 4 5 6] [] [] [] [] [] [] [] [] [] [] [] [] [] [] [] [] [] [] [] [] [] [] [] [] [] [] [] [] [] [] [] [] [] [] [] [] [] [] [] [] [] [] [] [] [] [] [] [] [] [] [] [] [] [] [] [] []
254 [] [1 2 4 5 6 7] [1 2] [1 2 4 5 6] [] [] [] [] [] [] [] [] [] [] [] [] [] [] [] [] [] [] [] [] [] [] [] [] [] [] [] [] [] [] [] [] [] [] [] [] [] [] [] [] [] [] [] [] [] [] [] [] [] [] [] [] [] [] [] [] []
255 [] [1 2 4 5 6 7] [1 2] [1 2 4 5 6] [] [] [] [] [] [] [] [] [] [] [] [] [] [] [] [] [] [] [] [] [] [] [] [] [] [] [] [] [] [] [] [] [] [] [] [] [] [] [] [] [] [] [] [] [] [] [] [] [] [] [] [] [] [] [] [] []
256 [] [1 2 4 5 6 7] [1 2] [1 2 4 5 6] [] [] [] [] [] [] [] [] [] [] [] [] [] [] [] [] [] [] [] [] [] [] [] [] [] [] [] [] [] [] [] [] [] [] [] [] [] [] [] [] [] [] [] [] [] [] [] [] [] [] [] [] [] [] [] [] []
257 [] [1 2 4 5 6 7] [1 2] [1 2 4 5 6] [] [] [] [] [] [] [] [] [] [] [] [] [] [] [] [] [] [] [] [] [] [] [] [] [] [] [] [] [] [] [] [] [] [] [] [] [] [] [] [] [] [] [] [] [] [] [] [] [] [] [] [] [] [] [] [] []
258 [] [1 2] [1 2 4 5 6] [] [] [] [] [] [] [] [] [] [] [] [] [] [] [] [] [] [] [] [] [] [] [] [] [] [] [] [] [] [] [] [] [] [] [] [] [] [] [] [] [] [] [] [] [] [] [] [] [] [] [] [] [] [] [] [] [] []
259 [] [1 2] [1 2 4 5 6] [] [] [] [] [] [] [] [] [] [] [] [] [] [] [] [] [] [] [] [] [] [] [] [] [] [] [] [] [] [] [] [] [] [] [] [] [] [] [] [] [] [] [] [] [] [] [] [] [] [] [] [] [] [] [] [] [] []
260 [] [1 2] [1 2 4 5 6] [] [] [] [] [] [] [] [] [] [] [] [] [] [] [] [] [] [] [] [] [] [] [] [] [] [] [] [] [] [] [] [] [] [] [] [] [] [] [] [] [] [] [] [] [] [] [] [] [] [] [] [] [] [] [] [] [] []
261 [] [1 2] [1 2 4 5 6] [] [] [] [] [] [] [] [] [] [] [] [] [] [] [] [] [] [] [] [] [] [] [] [] [] [] [] [] [] [] [] [] [] [] [] [] [] [] [] [] [] [] [] [] [] [] [] [] [] [] [] [] [] [] [] [] [] []
262 [] [1 2 4 5 6] [] [] [] [] [] [] [] [] [] [] [] [] [] [] [] [] [] [] [] [] [] [] [] [] [] [] [] [] [] [] [] [] [] [] [] [] [] [] [] [] [] [] [] [] [] [] [] [] [] [] [] [] [] [] [] [] [] [] []
263 [] [1 2 4 5 6] [] [] [] [] [] [] [] [] [] [] [] [] [] [] [] [] [] [] [] [] [] [] [] [] [] [] [] [] [] [] [] [] [] [] [] [] [] [] [] [] [] [] [] [] [] [] [] [] [] [] [] [] [] [] [] [] [] [] []
264 [] [1 2 4 5 6] [] [] [] [] [] [] [] [] [] [] [] [] [] [] [] [] [] [] [] [] [] [] [] [] [] [] [] [] [] [] [] [] [] [] [] [] [] [] [] [] [] [] [] [] [] [] [] [] [] [] [] [] [] [] [] [] [] [] []
265 [] [1 2 4 5 6] [] [] [] [] [] [] [] [] [] [] [] [] [] [] [] [] [] [] [] [] [] [] [] [] [] [] [] [] [] [] [] [] [] [] [] [] [] [] [] [] [] [] [] [] [] [] [] [] [] [] [] [] [] [] [] [] [] [] []
266 [] [1 2 4 5 6] [] [] [] [] [] [] [] [] [] [] [] [] [] [] [] [] [] [] [] [] [] [] [] [] [] [] [] [] [] [] [] [] [] [] [] [] [] [] [] [] [] [] [] [] [] [] [] [] [] [] [] [] [] [] [] [] [] [] []
