day not_working team1 team2 team3 team4 team5 team6 team7 team8 team9 team10 team11 team12 team13 team14 team15 team16 team17 team18 team19 team20 team21 team22 team23 team24 team25 team26 team27 team28 team29 team30 team31 team32 team33 team34 team35 team36 team37 team38 team39 team40 team41 team42 team43 team44 team45 team46 team47 team48 team49 team50 team51 team52 team53 team54 team55 team56 team57 team58 team59 team60 team61 team62 team63 team64 team65 team66 team67 team68 team69
1 [1 6 10 17 31 38 40 45 46 47 59 66 70 73 85 86 92 96 100] [2 4] [2 3 4] [2 3 4 5 7 8 9] [2] [2 3 4 9] [2 3 4 5 7 8 12 14 16 20 21] [2 3] [2 3 4 5 7] [2 3 4 7 9] [2 3 4 5 7 8 12 20] [2 3 5] [2 3 4 7 8] [2 4 5] [2 3 4 5] [2 3 4 5 7 8 9 11 12] [2 3 4 7] [2 3 4 5 7 20] [2 3 4 5 7 8 9 11] [2 3 5 7 12 14 20] [2 3 5 7 11] [2 3 4 5 7 9] [2 3 4 5 7 8] [2 5] [2 3 5 7 11 12 14] [2 3 5 7 8] [2 3 4 5 7 9 11] [2 3 4 5 7 8 11 12] [2 3 4 7 9 11] [2 3 4 5 7 8 12 19] [2 3 4 5 7 11] [2 3 5 7] [2 3 4 7 8 9] [2 3 4 5 8] [2 3 4 5 7 8 9 11 19] [2 4 5 7 12 20] [2 3 5 7 9] [2 3 4 7 8 9 11 12] [2 3 4 5 7 11 12 14 20] [2 3 4 5 7 8 9 11 14 20] [2 3 4 5 7 12 20] [2 3 5 7 11 14 20] [2 3 5 7 9 11 12] [2 3 4 5 7 9 20] [2 3 4 5 7 9 12] [2 3 4 5 7 8 19 20] [] [] [] [] [] [] [] [] [] [] [] [] [] [] [] [] [] [] [] [] [] [] [] []
2 [7 32 35 39 51 52 60 65 69 81 84 85 88 98 99] [1 2 3 4 5 6] [1] [1 2 3 4 6] [2 3 4] [1 2 3] [1 2 3 4 5 8 10] [1 2 3 4 5] [1 2] [1 2 3 4] [1 4] [1 2 3 4 5 6 9 10] [2] [1 2 4] [1 2 3 4 6 9] [1 2 3 5] [1 2 3 4 5 8] [2 3] [1 2 3 5 10] [1 2 3 5 6] [1 2 3 4 5 6 10] [1 2 3 4 5 6 8 9] [1 2 3 4 9] [1 2 3 4 5 8 11 12 19] [1 2 3 4 5 10] [1 2 3 4 5 6 9] [1 2 3 4 5 6 8] [1 2 3 4 5 6 8 10 19] [1 2 4 5] [2 3 4 5] [1 2 3 4 6 9 10] [1 2 3 5 6 10 11] [2 3 4 5 8] [1 2 3 4 5 6 9 12] [1 2 3 4 5 8 11 19] [] [] [] [] [] [] [] [] [] [] [] [] [] [] [] [] [] [] [] [] [] [] [] [] [] [] [] [] [] [] [] [] [] [] []
3 [1 12 14 26 27 34 43 46 54 65 67 68 69 76 85 90 95 99] [2 3 4 6] [2 3 4] [2 3 4 5 7 8 10 16 20] [2 3] [2 3 4 5 6] [2 4] [2 3 4 5 6 7] [2 3 5] [2] [2 3 4 6 7] [2 4 5] [2 3 4 5] [2 3 4 5 6 7 10] [2 3 4 5 6 7 9] [2 3 5 7 10] [2 3 4 5 7] [2 3 4 6 9] [2 5] [2 3 5 7 10 16] [2 3 5 6 7] [2 3 4 5 6 7 11] [2 3 4 5 6 9] [2 3 4 9] [2 3 4 5 7 8 13 19] [2 3 4 5 7 10] [2 3 5 6] [2 3 4 5 6 7 8] [2 3 4 5 7 8] [2 3 4 5 8] [2 3 4 5 6 7 8 10 19] [2 3 5 7] [2 4 5 6] [2 3 4 6 7 9 10] [2 3 4 5 7 10 16] [2 3 4 5 6 7 9 10] [2 3 5 6 7 10 11 13] [2 3 4 5 6 10] [2 3 4 5 6 7 9 15] [2 3 4 5 6 7 8 19] [] [] [] [] [] [] [] [] [] [] [] [] [] [] [] [] [] [] [] [] [] [] [] [] [] [] [] [] [] []
4 [5 19 20 21 25 32 35 52 54 56 62 69 80 84 88 94 95] [2 3 4] [1 2 3 4] [1 2 3 4 7 8 10] [1 2 3] [1 2 3 4 6] [1 2] [1] [1 4] [1 2 3 4 6 7 10] [2] [1 2 3 4 7] [1 2 4] [1 2 3 4 6 9] [1 2 3 7 10] [1 2 3 4 7 8] [2 3] [1 2 3 4 6 7] [1 2 3 7 10 12] [1 2 3 6 7] [1 2 3 4 6 7 8] [1 2 3 4 6 7 11] [1 2 3 4 6 7 8 9] [1 2 3 4 9] [1 2 3 4 7 8 11 12 24] [1 2 3 4 7 10] [1 2 3 6] [1 2 3 4 6 7 8 10 24] [1 2 3 7] [1 2 4 6] [2 3 4 7] [1 2 3 4 6 9 10] [1 2 3 4 7 10 12] [1 2 3 4 6 7 9] [1 2 3 6 7 10 11 12] [2 3 4 7 8] [1 2 3 4 6 7 9 12] [1 2 3 4 6 7 8 11 24] [] [] [] [] [] [] [] [] [] [] [] [] [] [] [] [] [] [] [] [] [] [] [] [] [] [] [] [] [] [] [] []
5 [4 5 7 8 14 16 19 20 22 28 31 33 42 53 58 62 66 75 80 86] [1 2 3 6] [1 2 3 6 9 10 11 12 24] [1 2 3] [1 2 3 6 9] [1 2] [1] [1 2 3 9] [1 6] [1 2 3 6 9 10 11 13] [2] [1 2 3 9 11] [1 2 6] [1 2 3 6 9 10] [1 2 3 10] [1 2 3 9 10 11] [2 3] [1 2 3 10 11] [1 2 3 6 9 12] [1 2 3 10 11 12] [1 2 3 6 9 10 11 12] [1 2 9] [1 2 3 6 9 10 11] [1 2 6 9] [1 2 3 9 10 11 12 13 24 25] [1 2 3 6 9 10 12] [1 2 3 6 10 11] [1 2 3 9 10 11 12] [1 2 3 9 11 12] [1 2 3 6 9 10 11 12 24 25] [2 3 9 11] [1 2 3 6 10 11 12] [1 2 3 6 9 11] [2 3 9 10 11 12] [1 2 3 6 9 10 12 15] [1 2 3 6 9 10 11 12 13 24 25] [] [] [] [] [] [] [] [] [] [] [] [] [] [] [] [] [] [] [] [] [] [] [] [] [] [] [] [] [] [] [] [] [] []
6 [5 7 8 30 39 41 44 45 50 55 65 88 89 99 100] [1 2 3 4] [1 2 3 4 9 10 11 12 19] [1 2 3] [1 2 3 4 6] [1 2] [1] [1 4] [1 2 3 4 6 9 10 11] [2] [1 2 3 4 11] [1 2 4] [1 2 3 4 6 9] [1 2 3 10] [1 2 3 4 9 10 11] [2 3] [1 2 3 10 11] [1 2 3 10 11 12] [1 2 3 6 9] [1 2 3 4 6 9 11 12] [1 2 3 4 9 11] [1 2 3 4 6 10 11] [1 2 3 4 6 9 10] [1 2 3 4 10] [1 2 3 4 9] [1 2 3 4 9 10 11 12 13 19 24] [1 2 3 4 10 11] [1 2 3 6] [1 2 3 4 6 9 10 11 12] [1 2 3 4 9 10 11 12] [1 2 3 4 11 12] [1 2 3 4 6 9 10 11 12 19 24] [1 2 3 4 6 9 11] [1 2 4 6] [1 2 3 6 9 10] [2 3 4 11] [1 2 3 4 10 11 12] [1 2 3 6 9 10 11 12] [2 3 4 9 10 11 12] [1 2 3 4 6 9 10 12] [1 2 3 4 6 9 10 11 12 13 19 24] [] [] [] [] [] [] [] [] [] [] [] [] [] [] [] [] [] [] [] [] [] [] [] [] [] [] [] [] []
7 [1 3 11 16 17 20 28 30 34 44 53 54 57 60 61 65 66 67 71 74 76 77 92 99 100] [2 4 5] [2 4 5 6 7 8 10 12 14 18 19 21] [2 4 8] [2 4 5 6 7] [2 4 5 6 7 8] [2 4 6 7] [2] [2 4] [2 4 5 9] [2 4 6] [2 4 5 6 7 10 12] [2 4 5 8] [2 5] [2 4 5 7 8] [2 4 6 7 8] [2 4 5 6 8] [2 4 5 6 7 9] [2 5 7 10 12 14] [2 8] [2 4 5 7 10 12] [2 4 5 6] [2 4 5 6 9] [2 4 5 7] [2 5 7 10] [2 4 5 6 7 8 9 10 12 13] [2 5 8] [2 4 5 6 7 8 9 10 12] [2 4 6 7 9] [2 4 5 6 7 8 9] [2 4 5 7 10] [2 4 5 6 7 8 9 12] [2 4 5 6 9 12] [2 4 6 9] [2 5 6 7 8] [2 4 6 9 12] [2 4 5 6 7 12] [2 4 5 7 8 12 13 19 24] [2 4 5 7 8 10 12] [2 5 6 7] [2 4 5 6 7 8 10 12] [2 4 5 7 8 12] [2 4 5 6 7 8 10 12 19 24] [2 4 5 7 8 10] [2 5 6 7 9 10] [2 5 6 8] [2 4 6 7 8 9 10] [2 4 5 6 7 10 12 14] [2 4 5 6 7 8 9 10 14] [2 5 6 7 9] [2 4 5 6 7 8 9 10] [2 5 6 7 9 10 12 13 15] [2 4 5 6 7 10] [2 4 5 6 7 9 10 12] [2 4 5 6 7 8 12 19 24] [] [] [] [] [] [] [] [] [] [] [] [] [] [] []
8 [2 12 13 15 19 21 31 34 36 48 50 56 67 77 79 83 86 87 96] [1 3 4 5 7 8 10 14 17 20] [1 3 4] [1 3 4 5 6] [1 3 4 6 9] [1 3] [1] [1 3 4 5 6 7 8] [1 4 5] [1 3 4 9] [1 4] [1 3 5] [1 3 4 5 6 7 10] [1 3 4 5] [3] [1 3 4 6 7] [1 3 4 5 7 8] [1 3 4 6] [1 3 4 5 6 9 10] [1 3 5 7 10] [3 4 5 8] [1 3 4 5 6 9] [1 3 4 5 6 7] [1 3 5 7 10 14] [1 3 5 6 7] [1 3 4 5 7] [1 3 4 5 6 7 11] [1 3 4 5 6 7 9 10] [1 3 4 6 9 10] [1 3 4 5 6 7 8 9 10] [1 3 4 5 6 8 9 14] [1 3 4 5 6 9 14] [1 3 4 6 9 14] [1 3 4 5 7 8 11 17 18 24] [1 3 4 5 7 10] [1 3 5 6] [1 3 4 6 7 9] [1 3 4 5 6 7 8 17] [1 3 4 5 7 8 17] [1 3 4 5 6 7 9] [1 3 4 5 6 7 8 9 10 17 24] [1 3 5 7] [1 3 4 5 6 7 8 9] [1 4 5 6] [3 4 5 7] [1 3 4 6 7 9 10 11] [1 3 4 5 6 7 10 14] [1 3 5 6 7 10 11 18] [3 4 5 7 8 17] [1 3 4 5 6 7 9 10 16] [1 3 4 5 6 7 8 11 17 24] [] [] [] [] [] [] [] [] [] [] [] [] [] [] [] [] [] [] []
9 [8 15 18 24 29 30 39 41 44 51 62 64 66 74 85 96] [1 2 3 4 5] [1 2] [1 2 3 4 6] [1 2 3 4 5 6] [1 2 3] [1] [1 2 3 4] [1 4] [1 2 3 4 5 6 7] [2] [1 2 4] [1 2 3 4 6 9] [1 2 3 5] [1 2 3 4 5 7] [2 3] [1 2 3 5 7] [1 2 3 5 7 10] [1 2 3 5 6] [1 2 3 4 5 6 7 9] [1 2 3 4 9] [1 2 3 4 5 7 11 12 13 19 25] [1 2 3 4 5 6 9] [1 2 3 4 5 6 7 12] [1 2 3 4 5 7 12] [1 2 3 4 5 12] [1 2 3 4 5 6 7 12 19 25] [1 2 4 5] [2 3 4 5] [1 2 3 4 6 9 10] [1 2 3 4 5 7 10] [1 2 3 5 6 7 11] [2 3 4 5 7 12] [1 2 3 4 5 6 9 12] [1 2 3 4 5 7 11 12 19 25] [] [] [] [] [] [] [] [] [] [] [] [] [] [] [] [] [] [] [] [] [] [] [] [] [] [] [] [] [] [] [] [] [] [] []
10 [14 22 26 32 36 48 54 56 67 73 82 87 93 94 100] [1 2 3 4 5] [1 2 3 4 6] [1 2 3 4 5 6] [1 2 3] [1] [1 2 3 4] [1 2] [1 4] [1 2 3 4 5 6 7] [2] [1 2 4] [1 2 3 4 6 9] [1 2 3 5] [1 2 3 4 5 7] [2 3] [1 2 3 5 7] [1 2 3 5 7 10] [1 2 3 5 6] [1 2 3 4 5 6 7 9] [1 2 3 4 9] [1 2 3 4 5 7 8 12 19] [1 2 3 4 5 6 9] [1 2 3 4 5 6 7 8] [1 2 3 4 5 7 8] [1 2 3 4 5 8] [1 2 3 4 5 6 7 8 19] [1 2 4 5] [2 3 4 5] [1 2 3 4 6 9 10] [1 2 3 4 5 7 10] [1 2 3 5 6 7 11] [2 3 4 5 7 8] [1 2 3 4 5 6 9 12] [1 2 3 4 5 7 8 19] [] [] [] [] [] [] [] [] [] [] [] [] [] [] [] [] [] [] [] [] [] [] [] [] [] [] [] [] [] [] [] [] [] [] []
11 [1 5 16 18 21 22 26 41 46 48 51 52 62 69 74 80 96] [2 3 4 6 7 10] [2 3 6] [2 3 4] [2] [2 3 4 6 7 8] [2 3 4 6 7] [2 3] [2 4 6] [2 3 4 6] [2 4] [2 3 4 6 7 10 11] [2 3 4 7] [2 3 4 6 7 9] [2 3 7 10 12] [2 3 4 7 8] [2 3 7 10 11] [2 3 4 6 9] [2 6] [2 3 7 10 11 12 14] [2 3 6 7 8] [2 3 7 10] [2 3 4 6 7 9 10 11 12] [2 3 4 6 7 10 11 12] [2 3 4 6 7 8 9] [2 3 4 7 10] [2 3 4 9] [2 3 4 6 7 11] [2 3 4 7 8 11 12 19] [2 3 4 7 10 11] [2 3 6 7] [2 3 4 6 7 8 10] [2 3 4 7 8 9] [2 3 4 6 7 8 10 11 19] [2 4 6 7 10] [2 3 6 7 9 10] [2 3 4 6 7 9 10] [2 3 4 7 10 11 12 14] [2 3 4 6 7 9 10 11] [2 3 6 7 9] [2 3 6 7 9 10 11 12 13] [2 3 4 6 10] [2 3 4 6 7 9 10 12] [] [] [] [] [] [] [] [] [] [] [] [] [] [] [] [] [] [] [] [] [] [] [] [] [] [] []
12 [1 6 9 10 12 37 38 47 48 49 50 52 53 54 61 63 64 71 77 78 81 88 93] [2 3 4] [2 4] [2 3 4 5 7 8] [2 3 4 7 8] [2 3] [2 4 5] [2 3 4 5] [2 3 4 5 7 8 11 13 16] [2] [2 3 4 5 7] [2 3 4 7] [2 3 4 5 7 20] [2 3 4 5 7 8 11 13] [2 3 5 7 14 20] [2 3 5 7 11] [2 3 4 5 7 11] [2 3 4 11 15] [2 5] [2 3 5 7 11 14 16] [2 3 5 7 8] [2 3 5] [2 3 4 5 7 8 11 14] [2 3 4 5 7 11 15] [2 3 4 7 11 13] [2 3 4 5 7 11 13] [2 3 4 7 14] [2 3 4 14] [2 3 4 7 11] [2 3 4 5 7 8 13 19] [2 3 4 11] [2 3 5 7] [2 3 4 7 8 11] [2 3 4 5 8] [2 3 4 5 7 8 11 15] [2 3 4 5 7 8 11 19] [2 4 5 7 16 20] [2 3 4 5 14 20] [2 3 4 5 7 8 16 20] [2 3 4 7 8 11 13 14] [2 3 4 5 7 11 14 16 20] [2 3 4 5 7 8 11 13 15] [2 3 4 5 7 8 11 13 14 15 20] [2 3 4 5 7 16 20] [2 3 4 5 7 8 11] [2 3 5 7 11 14 20] [2 3 5 7 11 13] [2 3 4 15] [2 3 4 5 7 11 20] [2 3 4 5 7 11 15 16] [2 3 4 5 7 8 19 20] [] [] [] [] [] [] [] [] [] [] [] [] [] [] [] [] [] [] []
13 [4 12 30 44 50 54 60 61 67 68 70 71 77 84 91] [1 2 3 5 6 8 9] [1 2 3 6] [1 2 3 9] [1 2 3] [1 2] [1 2 3 6 9] [1 6] [1 2 3 5 6 7 9] [1 2 3 5] [1 2 3 5 6] [2] [1 2 3 6 7] [1 2 6] [1 2 3 5 6 9] [1 2 3 5 6 7 9 10] [1 2 3 5 7 8] [1] [2 3] [1 2 3 5 7] [1 2 3 6 9 15] [1 2 3 5 7 10] [1 2 3 5 6 7] [1 2 9] [1 2 3 5 9] [1 2 3 6 9 10] [1 2 3 5 6 7 8 9 10] [1 2 6 9] [1 2 3 5 7 8 9 13 19] [1 2 3 5 7 9] [1 2 3 5 6 7 9 10 15] [1 2 3 6 7 9] [1 2 3 5 6 7 8 9] [1 2 3 5 8] [1 2 3 5 6 7 9 15] [1 2 3 5 6 7 8 9 19] [1 2 5 6] [2 3 5] [1 2 3 6 7 9 10 11] [1 2 3 5 6 7 10] [1 2 3 6 7 9 10 15] [1 2 3 5 7 8 9] [1 2 3 5 6 7 11] [2 3 5 7 8] [1 2 3 5 6 9 10 15 16] [1 2 3 5 6 7 8 19] [] [] [] [] [] [] [] [] [] [] [] [] [] [] [] [] [] [] [] [] [] [] [] []
14 [8 11 13 28 42 47 50 51 54 55 60 61 62 65 67 71 75 76 83 86 87 90 91] [1 2 3 4] [1 2 3] [1 2] [1 4] [1 2 3 4 5 6 7] [1 2 3 4 5] [2] [1 2 3 4 6] [1 2 4] [1 2 3 4 6 9] [1 2 3 5] [1 2 3 4 5 7] [1] [2 3] [1 2 3 5 7] [1 2 3 4 5 6] [1 2 3 5 7 10] [1 2 3 5 6] [1 2 3 4 5 6 7 9] [1 2 3 4 9] [1 2 3 4 5 7 12 15 19 24] [1 2 3 4 5 6 9] [1 2 3 4 5 6 7 12] [1 2 3 4 5 7 12] [1 2 3 4 5 12] [1 2 3 4 5 6 7 12 19 24] [1 2 4 5] [2 3 4 5] [1 2 3 4 6 9 10] [1 2 3 4 5 7 10] [1 2 3 5 6 7 12] [2 3 4 5 7 12] [1 2 3 4 5 6 9 12] [1 2 3 4 5 7 12 19 24] [] [] [] [] [] [] [] [] [] [] [] [] [] [] [] [] [] [] [] [] [] [] [] [] [] [] [] [] [] [] [] [] [] [] []
15 [2 13 16 22 25 26 27 33 37 39 46 52 71 74 79 81 89] [1 3] [1 3 4 9] [1 3 4 6 9] [1 3 4] [1 4] [1 3 5] [1 3 4 5 6 7 10] [1 3 4 5] [1 3 4 5 6] [3] [1 3 4 6 7] [1 3 4 5 7 8] [1 3 4 6] [1 3 4 5 6 9 10] [1 3 5 7 10] [1] [3 4 5 8] [1 3 4 5 6 9] [1 3 4 5 6 7] [1 4 5] [1 3 5 7 10 12] [1 3 5 6 7] [1 3 4 5 6 7 8] [1 3 4 5 7] [1 3 4 5 6 7 11] [1 3 4 5 6 7 9 10] [1 3 4 6 9 10] [1 3 4 5 6 7 8 9 10] [1 3 4 5 6 8 9 12] [1 3 4 5 6 9 12] [1 3 4 6 9 12] [1 3 4 5 7 8 11 12 15 19] [1 3 4 5 7 10] [1 3 5 6] [1 3 4 6 7 9] [1 3 4 5 6 7 8 12] [1 3 4 5 7 8 12] [1 3 4 5 6 7 9] [1 3 4 5 6 7 8 9 10 12 19] [1 3 5 7] [1 3 4 5 6 7 8 9] [1 4 5 6] [3 4 5 7] [1 3 4 6 7 9 10 11] [1 3 4 5 6 7 10 12] [1 3 5 6 7 10 11 12] [3 4 5 7 8 12] [1 3 4 5 6 7 9 10 12] [1 3 4 5 6 7 8 11 12 19] [] [] [] [] [] [] [] [] [] [] [] [] [] [] [] [] [] [] [] []
16 [2 3 9 20 24 25 28 45 46 47 54 68 86 87 88 89] [1 4 5 6 8 12 14] [1 4 6 10] [1 4 5] [1 4 5 6 7 8] [1 4] [1 4 5 6 7 10 11] [1 4 5 8] [1 4 5 6 7] [4] [1 4 5 6 7 8 11] [1 4 5 7 8 12] [1 4 12] [1 4 5 6 8 10 12] [1 4 5 6 8 12] [1 4 5 6 7 10 11 12] [1 4 5 7 10 12 14] [1 4 5 7 8 10 12] [1] [4 5 7 8 12] [1 4 5 7 10 11] [1 4 5 6 10] [1 4 5 6 7 12] [1 4 5 6 8] [1 5 7 10 11 12 14] [1 4 5 6 7 8 10] [1 4 5 6 7 8 11 12] [1 4 5 7 8] [4 5] [1 4 5 6 7 10] [1 4 5 7 10] [1 4 5 6 7 8 10 11 12] [1 4 5 6 7 8 10 11 12 14] [1 4 5 6] [1 4 5 6 7 8 10 12] [1 4 6 7 10 11] [1 4 5 6 7 8 10 11] [1 4 5 7 10 12] [1 4 5 6 12] [1 4 5 6 7 8 12 14 17] [1 4 5 8 12] [1 4 5 6 7 8 12 14] [1 5 6 7 8] [1 4 6 7 12 14 17] [1 4 5 6 7 11] [1 4 5 7 8 10 11 12 13 15 19 29] [1 4 5 6 8 10] [1 4 5 7 8 10 11] [1 4 6 7 8 10] [1 4 5 6 7 8 10 11 12 13] [1 4 5 7 8 10 11 12 13] [1 4 5 7 8 12 13] [1 4 5 6 7 8 10 11 12 13 19 29] [1 4 5 6 7 8 12] [1 5 6 7 10] [1 4 5 6 7 8 10 14] [1 4 5 7 8 10] [4 5 7 8] [1 4 6 7 8 10 11 12] [1 4 5 6 7 10 11 12 14] [1 5] [4 5 8] [1 4 6 7 12] [1 5 7 10 11 14] [1 4 5 6 7 10 11 12 13] [1 4 6 10 12] [4 5 7 8 10 11 12 13] [1 4 5 6 7 10 12] [1 4 5 6 7 10 11 12 15] [1 4 6 7 8]
17 [3 8 19 28 33 34 50 52 53 56 58 63 64 73 76 80 86] [1 2 4] [1 2 4 5 6 7] [1 4] [1 2 5] [1 2 4 5 6 7 10] [1 2] [1 2 4 24] [1 2 4 5 6 24] [1 2 4 5 6] [2] [1 2 4 6 7] [1 2 4 5 7 12 24] [1 2 4 6 24] [1 2 4 5 24] [1 2 4 5 6 9] [1 2 5 7 10] [1 2 4 5 7 9 12] [1] [2 4 5 12 24] [1 2 24] [1 2 4 6 9] [1 2 5 7 10 12] [1 2 4 5 6 7 11 12] [1 2 4 5 7] [1 2 5 6 7] [1 2 4 5 6 7 11 24] [1 2 4 5] [1 2 4 5 6 7 9 10] [1 2 4 5 6 7 24] [1 2 4 5 6 7 9] [1 2 4 5 6 9 12] [1 2 4 6] [1 2 4 6 9 12] [1 2 4 5 7 9 11 12 13 15 24 25 29] [1 2 4 5 7 10 24] [1 2 5 6] [1 2 4 5 6 7 11 12 13 24] [1 2 4 5 7 9 11 12 13] [1 2 4 5 7 12 13 24] [1 2 4 5 6 7 9 10 11 12 13 24 25 29] [1 2 4 5 6 7 9 11] [1 2 5 7] [1 2 4 5 7 24] [1 2 4 5 6 7 9 12] [1 2 5 24] [2 4 5 7 24] [1 2 4 6 7 9 10] [1 2 4 5 6 7 10 12] [1 2 4 5 6 11] [1 2 4 5 6 7 9 10 24] [1 2 4 5 7 9] [2 24] [1 2 5 6 7 10 11 12] [1 2 4 6 7 24] [1 2 4 9] [2 4 5 7 9 11 12 13 24] [1 2 5 6 24] [1 2 4 5 6 7 9 11 12 13 24 25 29] [] [] [] [] [] [] [] [] [] [] []
18 [6 11 12 25 31 37 58 59 62 63 78 87 90 91 95] [1 2 3 4 5 7 8] [1 4] [1 2 3] [1 2 3 4 5 7 9] [1 2] [1 2 3 4] [1 2 3 4 5] [2] [1 2 3 4 7] [1 2 4] [1 2 3 4 7 9 10] [1 2 3 5] [1 2 3 4 5 7] [1] [2 3] [1 2 3 5 7] [1 2 3 4 7 9] [1 2 3 4 9] [1 2 3 5 7 10] [1 2 3 4 9 10] [1 2 3 4 5 7 9 10] [1 2 3 4 5 7 8 13 19] [1 2 3 4 5 8] [1 2 3 4 5 7 8 9 19] [1 2 3 4 5 7 8 9 10] [1 2 4 5] [2 3 4 5] [1 2 3 4 7 9 10 13] [1 2 3 4 5 7 10] [1 2 3 5 7 13] [2 3 4 5 7 8] [1 2 3 4 5 9 15] [1 2 3 4 5 7 8 19] [] [] [] [] [] [] [] [] [] [] [] [] [] [] [] [] [] [] [] [] [] [] [] [] [] [] [] [] [] [] [] [] [] [] [] []
19 [8 13 17 19 25 29 35 40 41 44 47 51 54 55 72 99 100] [1 4] [1 2 3 4 5] [1 2 3] [1 2 3 4 5 6 7] [1 2] [1 2 3 4] [2] [1 2 3 4 6] [1 2 4] [1 2 3 4 6 9] [1 2 3 5] [1 2 3 4 5 7] [1] [2 3] [1 2 3 5 7] [1 2 3 4 5 6] [1 2 3 5 7 10] [1 2 3 5 6] [1 2 3 4 5 6 7 9] [1 2 3 4 9] [1 2 3 4 5 7 11 12 15 24 28] [1 2 3 4 5 6 9] [1 2 3 4 5 6 7 12] [1 2 3 4 5 7 12] [1 2 3 4 5 12] [1 2 3 4 5 6 7 12 24 28] [1 2 4 5] [2 3 4 5] [1 2 3 4 6 9 10] [1 2 3 4 5 7 10] [1 2 3 5 6 7 11] [2 3 4 5 7 12] [1 2 3 4 5 6 9 12] [1 2 3 4 5 7 11 12 24 28] [] [] [] [] [] [] [] [] [] [] [] [] [] [] [] [] [] [] [] [] [] [] [] [] [] [] [] [] [] [] [] [] [] [] []
20 [2 3 6 10 16 17 31 32 34 38 55 56 57 65 68 82 86 88 89 91 93] [1 4 5 7 8] [1 4 5 7 8 9 11 12] [1 4] [1 4 5 8] [1 4 5 7 8 9] [4] [1 4 5 7 8 9 11] [1 4 5] [1 4 5 7 8 12] [1 4 9] [1 4 5 8 9] [1 4 5 7 11 12 14 18 20] [1 4 5 7 8 9 12] [1] [4 5 7 8 12] [1 4 5 7 11 12 14] [1 4 5 7 9 11] [1 5 7 11 12 14 18] [4 5] [1 4 7 9] [1 4 5 7 12] [1 4 5 7 8 9 11 12 14] [1 4 7 8 9 11 12] [1 4 5 7 9 11 12 14] [1 4 5 7] [1 4 5 7 9] [1 4 5 7 8 9 12 14] [1 5 7 8 9] [1 4 7 9 12 14] [1 4 5 7 8 11] [1 4 5 7 8 9 11 12 13 15 19 24] [1 4 5 7 8 11 12] [1 4 7 8 9 11] [1 4 5 7 8 9 11 12 13 14] [1 4 5 7 8 11 12 14] [1 4 5 7 8 9 11 12 13] [1 4 5 7 8 12 13] [1 4 5 7 8 9 11 12 13 19 24] [1 4 5 7 12 14] [1 4 5 7 11] [1 5 7 9 11] [1 4 5 7 8 12 14 18 20] [1 4 5 7 8 14] [4 5 7 8] [1 4 7 8 9 11 12 13] [1 4 5 7 9 11 12 14 18 20] [1 5] [1 4 5 7 8 9 11 12 14 18 20] [4 5 8] [1 4 7 8 9] [1 5 7 11 12 14 18 20] [1 4 5 7 9 11 12 13] [4 5 7 8 9 11 12 13] [1 4 5 7 8 9 11 14 20] [1 4 5 7 9 11 12] [] [] [] [] [] [] [] [] [] [] [] [] [] []
21 [15 23 25 30 43 45 46 52 55 57 64 68 83 84 86 88 90 91 92 93 97] [1 2 3] [1 2 3 4 5 6] [1 2 3 4 5 6 7] [1 2] [1 2 3 4] [1 2 3 4 5] [2] [1 2 3 4 6] [1 2 4] [1 2 3 4 6 9] [1 2 3 5] [1 2 3 4 5 7] [1] [2 3] [1 2 3 5 7] [1 2 3 5 7 10] [1 2 3 5 6] [1 2 3 4 5 6 7 9] [1 2 3 4 9] [1 2 3 4 5 7 8 12 19] [1 2 3 4 5 6 9] [1 2 3 4 5 6 7 8] [1 2 3 4 5 7 8] [1 2 3 4 5 8] [1 2 3 4 5 6 7 8 19] [1 2 4 5] [1 4] [2 3 4 5] [1 2 3 4 6 9 10] [1 2 3 4 5 7 10] [1 2 3 5 6 7 11] [2 3 4 5 7 8] [1 2 3 4 5 6 9 12] [1 2 3 4 5 7 8 19] [] [] [] [] [] [] [] [] [] [] [] [] [] [] [] [] [] [] [] [] [] [] [] [] [] [] [] [] [] [] [] [] [] [] []
22 [4 8 9 12 13 17 18 22 30 33 36 48 51 57 64 68 77 87 93 97 98 100] [1 2 3 5 6] [1 2] [2] [1 2 3 6 7] [1 2 3 5] [1 2 6] [1 2 3 6 10] [1 2 3 6] [1 2 3] [1 2 3 5 6 15] [1 2 3 5 6 7 10 11] [1 2 3 5 7 10] [1] [2 3] [1 2 3 5 7] [1 2 3 5 6 7 10] [1 2 3 6 10 15 16] [1 2 3 5 6 7 15] [1 2 3 5 6 7] [1 2 15] [1 2 3 6 15] [1 2 3 15] [1 2 3 5 15] [1 2 3 6 10 11 15] [1 2 3 5 6 7 10 11 15] [1 2 3 6 14] [1 2 6 15] [1 2 3 6 14 15] [1 2 3 5 7 10 11 15 19 24] [1 2 3 5 6 10 15] [1 2 3 5 7 15] [1 2 3 5 6 7 10 11 15 16] [1 2 3 6 7 10] [1 2 3 5 7 10 15] [1 2 3 5 6 7 10 15 16] [1 2 3 5 6 7 10 15 19 24] [1 2 5 6] [1 6] [2 3 5] [1 2 3 6 7 10 11 14] [1 2 3 5 6 10 11 15] [1 2 3 6 7 10 11 15 16] [1 2 3 5 6 7 11] [2 3 5 7 10 15] [1 2 3 6 10 15] [1 2 3 5 6 10 11 15 16 23] [1 2 3 5 6 7 10 11 15 19 24] [] [] [] [] [] [] [] [] [] [] [] [] [] [] [] [] [] [] [] [] [] []
23 [2 4 5 10 14 22 27 32 39 41 45 47 50 51 52 61 64 67 68 70 90 93 99] [1 6 9] [1 3 6 7 9] [1 3 6] [1 3 6 7 8] [3] [1 3] [1 3 6 9] [1 3 6 7 8 9] [1 3 6 9 11] [1 3 6 7 8 9 11 12] [1 3 7 11 12 16 20] [1 3 7 8 9 11] [1] [3 7 8] [1 3 7 11 12] [1 3 6 7 9 11] [1 3 6 9 11 12] [1 6] [1 3 7 11 12 16 18] [1 3 6 7 8 9 11] [1 3 7 8 9] [1 3 7 12] [1 3 6 7 9 11 12] [1 3 6 7 8 9 11 12 16] [1 3 6 7] [1 3 6 7 8 9 12] [1 3 6 7 9 12] [1 3 7] [1 3 6 7 8 9 11 12 13 19] [1 3 6 7 11 12] [1 3 7 8 9 11 12] [1 3 6 7 8 9 11 12 19] [1 3 7 11] [1 6 7 8 12] [1 3 6 7 8 9 12 16 20] [1 3 6 7 8 9 11 12 13] [1 3 6 7 9 11 12 16 18 20] [1 3 6 7 8 9 11 12 16 20] [1 3 6 7 9 11 12 13] [3 7 8 9 11 12] [1 3 6 7 9 11 20] [1 3 6 7 9 11 12 15] [] [] [] [] [] [] [] [] [] [] [] [] [] [] [] [] [] [] [] [] [] [] [] [] [] [] []
24 [12 15 25 31 48 51 54 63 65 70 76 79 90 91] [1 2 3 4] [1 2 3 4 5] [2] [1 2 3 4 6] [1 2] [1 2 4] [1 2 3] [1 2 3 4 6 9] [1 2 3 5] [1 2 3 4 5 7] [1] [2 3] [1 2 3 5 7] [1 2 3 4 5 6] [1 2 3 5 7 10] [1 2 3 5 6] [1 2 3 4 5 6 7] [1 2 3 4 5 6 7 9] [1 2 3 4 9] [1 2 3 4 5 7 8 13 19] [1 2 3 4 5 6 9] [1 2 3 4 5 6 7 8] [1 2 3 4 5 7 8] [1 2 3 4 5 8] [1 2 3 4 5 6 7 8 19] [1 2 4 5] [1 4] [2 3 4 5] [1 2 3 4 6 9 10] [1 2 3 4 5 7 10] [1 2 3 5 6 7 11] [2 3 4 5 7 8] [1 2 3 4 5 6 9 16] [1 2 3 4 5 7 8 19] [] [] [] [] [] [] [] [] [] [] [] [] [] [] [] [] [] [] [] [] [] [] [] [] [] [] [] [] [] [] [] [] [] [] []
25 [3 6 23 27 34 39 45 52 59 60 83 88 93 98 100] [1 2 4 8] [1 2 4 5 7] [2] [1 2 4 7 9] [1 2] [1 2 4 5 7 8] [1 2 4] [1 2 4 7 8] [1 2 4 5 8] [1 2 4 5 7 9 10] [1 2 5 7 10] [1] [2 4 5 8] [1 2 8] [1 2 4 5 7 9] [1 2 4 9] [1 2 5 7 10 12] [1 2 5 7 9] [1 2 5] [1 2 4 5 7 8 9 11] [1 2 4 5] [1 2 4 5 7 8 9 10] [1 2 4 7 9 10] [1 2 4 5 7 8 9 12] [1 2 4 5 7 9 12] [1 2 5 7 8] [1 2 4 7 9 12] [1 2 4 5 7 8 11 12 13 19 24] [1 2 4 5 7 8 10] [1 2 5 7] [1 2 4 7 8 9] [1 2 4 5 7 8 12] [1 2 4 5 7 10] [1 2 4 5 7 8 9] [1 2 4 5 7 8 9 10 12 19 24] [1 2 4 5 7 8 9 10 11] [1 4] [1 2 4 7] [1 2 5 8] [2 4 5 7 8] [1 2 4 7 8 9 10 11] [1 2 4 5 7 10 12] [1 2 4 5 7 8 11] [2 8] [1 2 5 7 9 10 11 12] [2 4 5 7 8 12] [1 2 4 5 7 8 11 12 19 24] [] [] [] [] [] [] [] [] [] [] [] [] [] [] [] [] [] [] [] [] [] []
26 [2 11 12 13 17 30 31 40 55 60 61 62 65 67 69 70 73 79 100] [3] [1 3] [1 3 4] [1 3 4 5 7 8] [1 3 4 6 9] [1 3 4 6] [1 3 4 5 6] [1 3 4 5 6 9 10] [1 3 5 7 10] [1] [3 4 5 8] [1 3 4 5 6 9] [1 3 4 5 6 7] [1 4 5] [1 3 5 7 10 14] [1 3 5 6 7] [1 3 4 5 6 7 8] [1 3 4 5 7] [1 4] [1 3 4 5] [1 3 5] [1 3 4 5 6 7 15] [1 3 4 5 6 7 9 10] [1 3 4 6 9 10] [1 3 4 5 6 7 8 9 10] [1 3 4 5 6 8 9 14] [1 3 4 5 6 9 14] [1 3 4 6 9 14] [1 3 4 5 7 8 15 18 19] [1 3 4 5 7 10] [1 3 5 6] [1 3 4 6 7 9] [1 3 4 5 6 7 8 15] [1 3 4 5 6 7 10] [1 3 4 5 7 8 15] [1 3 4 5 6 7 9] [1 3 4 5 6 7 8 9 10 15 19] [1 3 5 7] [1 3 4 5 6 7 8 9] [1 4 5 6] [3 4 5 7] [1 3 4 6 7 9 10 14] [1 3 4 5 6 7 10 14] [1 3 5 6 7 10 15 18] [3 4 5 7 8 15] [1 3 4 5 6 7 9 10 15] [1 3 4 5 6 7 8 15 19] [1 3 4 6 7] [] [] [] [] [] [] [] [] [] [] [] [] [] [] [] [] [] [] [] [] []
27 [7 13 15 22 23 25 31 42 49 56 61 85 99 100] [1 2] [1 2 3 4 5] [1 2 4] [1 2 3 4] [1 2 3] [1 2 3 4 6 9] [1 2 3 5] [1 2 3 4 5 8] [1] [2 3] [1 2 3 5 10] [1 2 3 4 6] [1 2 3 4 5 6] [1 2 3 5 6] [2] [1 2 3 4 5 6 10] [1 2 3 4 5 6 8 9] [1 2 3 4 9] [1 2 3 4 5 8 11 12 19] [1 2 3 4 5 10] [1 2 3 4 5 6 9] [1 2 3 4 5 6 8] [1 2 3 4 5 6 8 10 19] [1 2 4 5] [1 4] [2 3 4 5] [1 2 3 4 6 9 10] [1 2 3 5 6 10 11] [2 3 4 5 8] [1 2 3 4 5 6 9 12] [1 2 3 4 5 8 11 19] [] [] [] [] [] [] [] [] [] [] [] [] [] [] [] [] [] [] [] [] [] [] [] [] [] [] [] [] [] [] [] [] [] [] [] [] [] []
28 [5 7 10 20 33 34 48 52 57 63 69 77 78 79 80 81 84 85 95 98] [1 2] [1 2 4] [1 2 3 4] [1 2 3] [1 2 3 4 6] [1 2 3 4 6 9] [1 2 3 11 12] [1 2 3 4 8 9] [1] [2 3] [1 2 3 4 6 8] [1 2 3 11 12 14] [1 2 3 6 8] [1 2 3 4 6 8 11] [1 2 3 4 8] [2] [1 2 3 6 9] [1 2 3 4 6 9 11] [1 2 3 4 6 11 12] [1 2 3 4 6 8 9] [1 2 3 4 11] [1 2 3 4 9] [1 2 3 4 8 9 11 12 19] [1 2 3 4 11 12] [1 2 3 6] [1 2 3 4 8 9 11] [1 2 3 4 6 8 9 11 12 19] [1 2 3 11] [1 2 4 6] [1 2 3 6 9 11] [1 4] [2 3 4 8] [1 2 3 4 11 12 14] [1 2 3 6 9 11 12] [2 3 4 8 9 11] [1 2 3 4 6 9 11 12] [] [] [] [] [] [] [] [] [] [] [] [] [] [] [] [] [] [] [] [] [] [] [] [] [] [] [] [] [] [] [] [] []
29 [19 30 32 33 44 61 80 86 92] [1 2 3 4] [1 2 4] [1 2] [1 2 3] [1 2 3 4 5] [1 2 3 4 6 9] [1 2 3 5] [1 2 3 4 5 7] [1] [2 3] [1 2 3 5 7] [1 2 3 4 6] [1 2 3 4 5 6] [1 2 3 5 7 10] [1 2 3 5 6] [2] [1 2 3 4 5 6 7] [1 2 3 4 5 6 7 9] [1 2 3 4 9] [1 2 3 4 5 7 8 12 24] [1 2 3 4 5 6 9] [1 2 3 4 5 6 7 8] [1 2 3 4 5 7 8] [1 2 3 4 5 8] [1 2 3 4 5 6 7 8 24] [1 2 4 5] [1 4] [2 3 4 5] [1 2 3 4 6 9 10] [1 2 3 4 5 7 10] [1 2 3 5 6 7 11] [2 3 4 5 7 8] [1 2 3 4 5 6 9 12] [1 2 3 4 5 7 8 24] [] [] [] [] [] [] [] [] [] [] [] [] [] [] [] [] [] [] [] [] [] [] [] [] [] [] [] [] [] [] [] [] [] [] []
30 [2 4 8 10 21 24 28 32 36 39 40 53 77 84 87 99] [1 3 6] [1 3 6 7 9] [1 3 5 6] [1 3 5 6 7 9] [1 3] [1 3 5 6 7 9 11 12] [1 3 5 6 7] [1 3 5 7 12 14 20] [1 3 5 7 9 11 12] [1] [3 5 12] [1 3 5 7 11] [1 3 5 6 7 9 11] [1 3 6 9 11 12] [1 5] [1 3 5 7 11 12 14] [1 3 5 7 9] [1 6 9] [1 3 5] [3] [1 3 6 9] [1 3 6 9 11] [1 3 5 6 7 11] [1 3 5 6 9] [1 3 6 7 9 11 12] [1 3 5 6 7 9 12] [1 3 6 7 9 11] [1 3 6 7 9 12] [1 3 5 6 7 9 11 12 13 15 19 25] [1 3 5 6 7 9 11 12 13] [1 3 5 7 9 11 12 13] [1 3 5 7 12 13] [1 3 5 6 7 9 11 12 13 19 25] [1 3 5 7] [1 5 6 7] [1 6] [1 3 6 7] [1 3 5 7 9 14 20] [3 5 7] [1 3 6 7 9 11 12 13] [1 3 5 6 7 9 11 12 14 20] [1 3 5 7 11 14 20] [1 3 5 6 7 11 12] [3 5 7 9 11 12 13] [1 3 5 6 7 9 11 20] [1 3 5 6 7 9 11 12 15] [] [] [] [] [] [] [] [] [] [] [] [] [] [] [] [] [] [] [] [] [] [] []
31 [9 14 18 26 33 37 39 40 48 53 56 62 65 66 82 84 85 86 89 98] [1 2 4] [1 2 3 4] [1 2 3] [1 2 3 4 5] [1 2 3 4 6 10] [1 2 3 5] [1 2 3 4 5 7] [1] [2 3] [1 2 3 5 7] [1 2 3 4 6] [1 2 3 4 6 12] [1 2 3 4 5 6] [1 2] [1 2 3 5 7 10] [1 2 3 5 6] [2] [1 2 3 4 5 6 7] [1 2 3 4 5 6 7 10] [1 2 3 4 12] [1 2 3 4 5 7 8 12 19] [1 2 3 4 5 6 10 12] [1 2 3 4 5 6 7 8] [1 2 3 4 5 7 8] [1 2 3 4 5 8] [1 2 3 4 5 6 12] [1 2 3 4 5 6 7 8 19] [1 2 3 4 5 6 10] [1 2 4 5] [1 4] [2 3 4 5] [1 2 3 4 6 10 11] [1 2 3 4 5 7 10] [1 2 3 4 6 10 12] [1 2 3 5 6 7 11] [2 3 4 5 7 8] [1 2 3 4 5 6 10 12 15] [1 2 3 4 5 7 8 19] [] [] [] [] [] [] [] [] [] [] [] [] [] [] [] [] [] [] [] [] [] [] [] [] [] [] [] [] [] [] []
32 [7 12 16 18 23 26 29 30 32 47 53 55 59 62 65 66 72 76 78 80 81 84 89 99] [1 2 3 4] [1 2 3] [1 2 3 4 5] [1 2 3 4 6 9] [1 2 3 5] [1 2 3 4 5 8] [1] [2 3] [1 2 3 5 10] [1 2 3 4 6] [1 2 3 4 5 6] [1 2] [1 2 3 5 6] [1 2 4] [2] [1 2 3 4 5 6 10] [1 2 3 4 5 6 8 9] [1 2 3 4 9] [1 2 3 4 5 8 11 13 19] [1 2 3 4 5 10] [1 2 3 4 5 6 9] [1 2 3 4 5 6 8] [1 2 3 4 5 6 8 10 19] [1 2 4 5] [1 4] [2 3 4 5] [1 2 3 4 6 9 10] [1 2 3 5 6 10 11] [2 3 4 5 8] [1 2 3 4 5 6 9 15] [1 2 3 4 5 8 11 19] [] [] [] [] [] [] [] [] [] [] [] [] [] [] [] [] [] [] [] [] [] [] [] [] [] [] [] [] [] [] [] [] [] [] [] [] [] []
33 [2 3 20 22 27 28 31 38 40 45 54 59 61 62 74 76 83 84 86 93 100] [1 4 5 8] [1 4 5 6 8 9] [1 4 5 6 7 9 10] [1 4 5 6 7] [1 4 5 7 10 12 14] [1 4 5 7 8 9 12] [1] [4 5 7 8 12] [1 4] [1 4 5 7 10 11] [1 4 5 6 9] [1 4 5 6 7 8] [1 4 5 6 7 9] [1 4 5 6 8] [1 4 5] [1 5 7 10 11 12 14] [1 4 5 6 7 8 9] [1 4 5 6 7 8 9 11 12] [1 4 5 6 8 9 12] [1 4 5 7 8] [1 4 9] [4 5] [1 4 6 9] [1 4 5 7 10] [1 4 5 6 7 8 9 10 11 12] [4] [1 4 5 6] [1 4 6 7 9 10] [1 4 5 6 7 8 9 10] [1 4 5 7 9 10] [1 4 5 6 7 8 9 12 14] [1 4 5 8 9] [1 4 5 6 7 8 9 12] [1 5 6 7 8] [1 4 6 7 9 12 14] [1 4 5 6 7 11] [1 4 5 7 8 9 11 12 13 15 19 24] [1 4 5 7 8 10 11] [1 4 6 7 8 9] [1 4 5 9 10] [1 4 5 6 7 8 9 10 11 12 13] [1 4 5 6 7 10 11] [1 4 5 7 8 9 11 12 13] [1 4 5 7 8 12 13] [1 4 5 6 7 8 9 10 11 12 13 19 24] [1 4 5 6 7 8 9 10 11] [1 4 5 7 8 9 10] [1 5 6 7 9 10] [1 4 5 6 7 8 10 14] [1 4 5 7 8 10] [4 5 7 8] [1 4 6 7 8 9 10 11] [1 4 5 6 7 9 10 11 12 14] [1 5] [1 4 5 6 7 8 9 10 14] [1 5 6 7 9] [4 5 8] [1 4 6 7 9] [1 5 7 10 11 14] [1 4 5 6 7 9 10 11 12 13] [4 5 7 8 9 11 12 13] [1 4 5 6 7 9 10 12] [1 4 5 6 7 8 9 11 12 13 19 24] [1 4 6 7 8] [] [] [] [] []
34 [4 7 17 22 27 32 41 46 47 55 58 64 72 74 77 80 81 85 95 98 100] [1 2 3 5 6 8 9 10] [1 2 3 5 6] [1 2 3 5] [1 2 3 5 8 9] [1] [2 3] [1 2 3] [1 2 3 5 10] [1 2 3 5 6 9] [1 2 3 6 9 12] [1 2 3 5 6 8 9] [1 2] [1 2 3 5 6 8] [1 2 3 6 9] [1 2 3 5 8] [1 2 9] [1 2 6] [2] [1 2 3 6] [1 2 3 9] [1 2 3 5 9] [1 2 3 6 9 10] [1 2 6 9] [1 2 3 5 8 9 11 12 19] [1 2 3 5 9 10] [1 2 3 5 6 9 10 12] [1 2 3 6 8 9] [1 2 3 5 6 8 9 12] [1 2 3 5 6 8 9 10 19] [1 2 5 6] [1 6] [2 3 5] [1 2 3 6 8 9 10 11] [1 2 3 5 6 10] [1 2 3 5 6 8 9 10 12] [1 2 3 6 8 9 10 12] [1 2 3 5 6 10 11] [2 3 5 8 9] [1 2 3 5 6 9 10 12 15] [1 2 3 5 6 8 9 11 19] [1 2 3 6 8] [] [] [] [] [] [] [] [] [] [] [] [] [] [] [] [] [] [] [] [] [] [] [] [] [] [] [] []
35 [7 10 12 14 15 16 17 35 37 49 76 87 88 89] [1 2 3 5] [1 2 3 4 5 8] [1] [2 3] [1 2 3] [1 2 3 5 11] [1 2 3 4 6] [1 2 3 4 6 9] [1 2 3 4 5 6] [1 2 3 4 5] [1 2] [1 2 3 5 11 18] [1 2 3 5 6] [1 2 4] [1 2 3 4] [2] [1 2 3 4 5 6 11] [1 2 3 4 5 6 8 9] [1 2 3 4 9] [1 2 3 4 5 8 11 13 19] [1 2 3 4 5 11] [1 2 3 4 5 6 9] [1 2 3 4 5 6 8] [1 2 3 4 5 6 8 11 19] [1 2 4 5] [1 4] [2 3 4 5] [1 2 3 4 6 9 11] [1 2 3 4 5 11 18] [1 2 3 5 6 11] [2 3 4 5 8] [1 2 3 4 5 6 9 22] [1 2 3 4 5 8 11 19] [] [] [] [] [] [] [] [] [] [] [] [] [] [] [] [] [] [] [] [] [] [] [] [] [] [] [] [] [] [] [] [] [] [] [] []
36 [6 27 28 29 33 48 50 53 63 66 76 80] [2 3] [1 2 3] [1 2 3 5 7] [1] [1 2 3 4 7 9] [1 2 3 4 9] [1 2 3 4 5 7] [1 2 3 4 5] [1 2] [1 2 3 5 7 10] [1 2 3 4 7] [1 2 4] [1 2 3 4] [2] [1 2 3 4 9 10] [1 2 3 4 5 7 9 10] [1 2 3 4 5 7 8 12 19] [1 2 3 5] [1 2 3 4 5 7 9] [1 2 3 4 5 7 8] [1 2 3 4 5 8] [1 2 3 4 5 7 8 9 19] [1 2 3 4 5 7 8 9 10] [1 2 4 5] [1 4] [2 3 4 5] [1 2 3 4 7 9 10 11] [1 2 3 4 5 7 10] [1 2 3 4 7 9 10] [1 2 3 5 7 11] [2 3 4 5 7 8] [1 2 3 4 5 9 12] [1 2 3 4 5 7 8 19] [] [] [] [] [] [] [] [] [] [] [] [] [] [] [] [] [] [] [] [] [] [] [] [] [] [] [] [] [] [] [] [] [] [] [] []
37 [4 6 7 8 11 15 16 20 21 29 31 32 33 44 46 47 49 50 51 59 62 71 74] [1 2 3] [1 2 3 5 10] [1] [1 2 3 5 9 10 13] [1 2 3 9 10 12] [1 2 3 5 9] [1 2] [1 2 3 5 9 12] [1 2 3 9 13] [1 2 9] [2] [1 2 3 9] [1 2 3 5 9 13] [1 2 3 5 9 10 12] [1 2 3 5 13] [1 2 3 5] [1 2 3 9 10] [1 2 3 5 9 10 12 13 19 24] [1 2 3 5 9 10] [1 2 3 5 9 10 12 13] [1 2 3 5 12] [1 2 3 5 9 10 12 19 24] [1 2 5 9] [1 2 3 13] [1 9] [2 3 5] [1 2 3 9 10 12 13] [1 2 3 5 9 12 13 14] [2 3] [1 2 3 9 12] [2 3 5 9 10 12] [1 2 3 5 9 10 12 17] [] [] [] [] [] [] [] [] [] [] [] [] [] [] [] [] [] [] [] [] [] [] [] [] [] [] [] [] [] [] [] [] [] [] [] [] []
38 [5 7 8 9 13 17 20 31 39 40 43 55 62 73 77 81 88 91 93 95 96] [1 2 3 10 11] [1] [1 2 3 4 6] [1 2 3 4 6 12] [1 2 3] [1 2] [1 2 3 10 11 12] [1 2 3 4 6 10] [1 2 3 6 10] [1 2 3 4 6 10 11 12] [1 2 3 4 10 11] [1 2 4] [1 2 3 4] [2] [1 2 3 4 6 10 11] [1 2 3 4 10] [1 2 3 4 12] [1 2 3 4 10 11 12 15 19 24] [1 2 3 6] [1 2 3 4 6 10 12] [1 2 3 4 10 11 12] [1 2 3 4 11 12] [1 2 3 4 6 10 11 12 19 24] [1 2 3 10] [1 2 4 6] [1 2 3 4 11] [1 4] [2 3 4 11] [2 3] [1 2 3 6 10 11 12] [2 3 4 10 11 12] [1 2 3 4 6 10 12 15] [1 2 3 4 6 10 11 12 15 19 24] [] [] [] [] [] [] [] [] [] [] [] [] [] [] [] [] [] [] [] [] [] [] [] [] [] [] [] [] [] [] [] [] [] [] [] []
39 [4 8 10 35 56 57 64 70 83 97] [1] [1 2 3 5 6 7 9] [1 2 3 5 6 9] [1 2 3] [1 2] [1 2 3 5 7 12] [1 2 3 5 6] [1 2 3 5 6 7] [1 2 3 6 7] [1 2 3 5 7] [1 2 9] [1 2 6] [2] [1 2 3 6 9] [1 2 3 6] [1 2 3 9] [1 2 3 6 9 12] [1 2 3 5 9] [1 2 3 6 9 11] [1 2 3 5 6 7 9 11] [1 2 3 5] [1 2 6 9] [1 2 3 5 7 9 11 12 13 19 24] [1 2 3 5 7 9] [1 2 3 5 6 7 9 11 12] [1 2 3 6 7 9] [1 2 3 5 6 7 9 12] [1 2 3 5 7 9 12] [1 2 3 5 12] [1 2 3 5 6 7 9 12 19 24] [1 2 5 6] [1 6] [2 3 5] [1 2 3 6 7 9 11 12] [1 2 3 5 6 7 12] [1 2 3 5 6 9 11] [2 3] [1 2 3 5 6 7 11] [2 3 5 7 9 12] [1 2 3 5 6 9 11 12 15] [1 2 3 5 6 7 9 11 12 19 24] [] [] [] [] [] [] [] [] [] [] [] [] [] [] [] [] [] [] [] [] [] [] [] [] [] [] [] []
40 [2 5 7 13 19 26 31 33 40 44 48 56 58 59 62 66 76 81 82 84] [1 3 4 6 9] [1 3 4 6 8 9] [1 3 4] [1] [1 3] [1 4 6] [1 3 10 11 12 14] [1 3 4 6 9 10] [1 3 6 8 9] [1 3 4 6 8 9 11 12] [1 3 4 8 9 11] [1 4] [1 3 4 6] [3] [1 3 6 9 10] [1 3 10] [1 3 4 6 9 10 11 12] [1 3 4 6 8] [1 3 4 6 8 9 10 11 12] [1 3 4 6 8 9 10] [1 3 4 10 11] [1 3 4 6 8 10] [1 3 4 6 8 9 12] [1 3 4 6 9 12] [1 3 4 6 10 11] [1 3 4 8 9 10 11 12 15 24] [1 3 4 10 11 12] [1 3 4 6 8 10 11 12] [1 3 4 8 9 10 11 12] [1 3 4 8 11 12] [1 3 4 6 8 9 10 11 12 24] [1 3 4 6 8 9 10 11] [1 3 4 6 10] [1 3 10 11] [1 3 4 6 8 9 11] [1 4 6 8 10] [1 3 4 8 11] [1 3 6 8] [1 3 6 9 10 11] [1 3 6] [1 3 4 10] [3 4 8 11] [1 3 4 6 10 11 12 14] [1 3 10 11 12] [1 3 6 9 10 11 12 15] [3 4 8 9 10 11 12] [1 3 6 8 10] [1 3 4 6 8 9 10 11 12 15 24] [] [] [] [] [] [] [] [] [] [] [] [] [] [] [] [] [] [] [] [] []
41 [] [1 2 3 4 6] [1 2 3 4 5] [1 2 3] [1] [1 2] [1 2 3 5 7 10] [1 2 3 4 5 6] [1 2 3 5 6] [1 2 3 4 5 7] [1 2 4] [1 2 3 4] [2] [1 2 3 4 5 6 7] [1 2 3 4 6 9] [1 2 3 4 5 6 7 9] [1 2 3 4 9] [1 2 3 4 5 7 8 12 19] [1 2 3 5] [1 2 3 4 5 6 9] [1 2 3 4 5 6 7 8] [1 2 3 4 5 7 8] [1 2 3 4 5 8] [1 2 3 4 5 6 7 8 19] [1 2 4 5] [1 4] [2 3 4 5] [1 2 3 4 6 9 10] [1 2 3 4 5 7 10] [2 3] [1 2 3 5 7] [1 2 3 5 6 7 11] [2 3 4 5 7 8] [1 2 3 4 5 6 9 12] [1 2 3 4 5 7 8 19] [] [] [] [] [] [] [] [] [] [] [] [] [] [] [] [] [] [] [] [] [] [] [] [] [] [] [] [] [] [] [] [] [] [] []
42 [] [1 2 3 4 6] [1 2 3 4 5 7 8] [1 2 3 4 5] [1 2 3] [1] [1 2] [1 2 3 5 7 10] [1 2 3 4 5 6] [1 2 3 5 6] [1 2 3 4 5 7] [1 2 4] [1 2 3 4] [2] [1 2 3 4 5 6 7] [1 2 3 4 6 9] [1 2 3 4 5 6 7 9] [1 2 3 4 9] [1 2 3 4 5 7 8 12 19] [1 2 3 5] [1 2 3 4 5 6 9] [1 2 3 4 5 6 7 8] [1 2 3 4 5 8] [1 2 3 4 5 6 7 8 19] [1 2 4 5] [1 4] [2 3 4 5] [1 2 3 4 6 9 10] [1 2 3 4 5 7 10] [2 3] [1 2 3 5 7] [1 2 3 5 6 7 11] [2 3 4 5 7 8] [1 2 3 4 5 6 9 12] [1 2 3 4 5 7 8 19] [] [] [] [] [] [] [] [] [] [] [] [] [] [] [] [] [] [] [] [] [] [] [] [] [] [] [] [] [] [] [] [] [] [] []
43 [] [1 2 3 4 5 7 8] [1 2 3 4 5] [1 2 3] [1] [1 2] [1 2 3 5 7 10] [1 2 3 4 5 6] [1 2 3 5 6] [1 2 3 4 5 7] [1 2 3 4 6] [1 2 4] [1 2 3 4] [2] [1 2 3 4 5 6 7] [1 2 3 4 6 9] [1 2 3 4 5 6 7 9] [1 2 3 4 9] [1 2 3 4 5 7 8 12 19] [1 2 3 5] [1 2 3 4 5 6 9] [1 2 3 4 5 6 7 8] [1 2 3 4 5 8] [1 2 3 4 5 6 7 8 19] [1 2 4 5] [1 4] [2 3 4 5] [1 2 3 4 6 9 10] [1 2 3 4 5 7 10] [2 3] [1 2 3 5 7] [1 2 3 5 6 7 11] [2 3 4 5 7 8] [1 2 3 4 5 6 9 12] [1 2 3 4 5 7 8 19] [] [] [] [] [] [] [] [] [] [] [] [] [] [] [] [] [] [] [] [] [] [] [] [] [] [] [] [] [] [] [] [] [] [] []
44 [] [1 2 3 4 5] [1] [1 2] [1 2 3 5 7 10] [1 2 3 4 5 6] [1 2 3 5 6] [1 2 3 4 5 7] [1 2 3 4 6] [1 2 4] [1 2 3] [1 2 3 4] [2] [1 2 3 4 5 6 7] [1 2 3 4 6 9] [1 2 3 4 5 6 7 9] [1 2 3 4 9] [1 2 3 4 5 7 8 12 19] [1 2 3 5] [1 2 3 4 5 6 9] [1 2 3 4 5 6 7 8] [1 2 3 4 5 7 8] [1 2 3 4 5 8] [1 2 3 4 5 6 7 8 19] [1 2 4 5] [1 4] [2 3 4 5] [1 2 3 4 6 9 10] [1 2 3 4 5 7 10] [2 3] [1 2 3 5 7] [1 2 3 5 6 7 11] [2 3 4 5 7 8] [1 2 3 4 5 6 9 12] [1 2 3 4 5 7 8 19] [] [] [] [] [] [] [] [] [] [] [] [] [] [] [] [] [] [] [] [] [] [] [] [] [] [] [] [] [] [] [] [] [] [] []
45 [] [1 2 3 4 5] [1] [1 2] [1 2 3 5 7 10] [1 2 3 4 5 6] [1 2 3 5 6] [1 2 3 4 5 7] [1 2 3 4 6] [1 2 4] [1 2 3] [1 2 3 4] [2] [1 2 3 4 5 6 7] [1 2 3 4 6 9] [1 2 3 4 5 6 7 9] [1 2 3 4 9] [1 2 3 4 5 7 8 12 19] [1 2 3 5] [1 2 3 4 5 6 9] [1 2 3 4 5 6 7 8] [1 2 3 4 5 7 8] [1 2 3 4 5 8] [1 2 3 4 5 6 7 8 19] [1 2 4 5] [1 4] [2 3 4 5] [1 2 3 4 6 9 10] [1 2 3 4 5 7 10] [2 3] [1 2 3 5 7] [1 2 3 5 6 7 11] [2 3 4 5 7 8] [1 2 3 4 5 6 9 12] [1 2 3 4 5 7 8 19] [] [] [] [] [] [] [] [] [] [] [] [] [] [] [] [] [] [] [] [] [] [] [] [] [] [] [] [] [] [] [] [] [] [] []
46 [] [1 2 3 4 5] [1] [1 2] [1 2 3 5 7 10] [1 2 3 4 5 6] [1 2 3 5 6] [1 2 3 4 5 7] [1 2 3 4 6] [1 2 4] [1 2 3] [1 2 3 4] [2] [1 2 3 4 5 6 7] [1 2 3 4 6 9] [1 2 3 4 5 6 7 9] [1 2 3 4 9] [1 2 3 4 5 7 8 12 19] [1 2 3 5] [1 2 3 4 5 6 9] [1 2 3 4 5 6 7 8] [1 2 3 4 5 7 8] [1 2 3 4 5 8] [1 2 3 4 5 6 7 8 19] [1 2 4 5] [1 4] [2 3 4 5] [1 2 3 4 6 9 10] [1 2 3 4 5 7 10] [2 3] [1 2 3 5 7] [1 2 3 5 6 7 11] [2 3 4 5 7 8] [1 2 3 4 5 6 9 12] [1 2 3 4 5 7 8 19] [] [] [] [] [] [] [] [] [] [] [] [] [] [] [] [] [] [] [] [] [] [] [] [] [] [] [] [] [] [] [] [] [] [] []
47 [] [1 2 3 4 5] [1 2 3 4] [1] [1 2] [1 2 3 5 7 10] [1 2 3 4 5 6] [1 2 3 5 6] [1 2 3 4 5 7] [1 2 3 4 6] [1 2 4] [1 2 3] [2] [1 2 3 4 5 6 7] [1 2 3 4 6 9] [1 2 3 4 5 6 7 9] [1 2 3 4 9] [1 2 3 4 5 7 8 12 19] [1 2 3 5] [1 2 3 4 5 6 9] [1 2 3 4 5 6 7 8] [1 2 3 4 5 7 8] [1 2 3 4 5 8] [1 2 3 4 5 6 7 8 19] [1 2 4 5] [1 4] [2 3 4 5] [1 2 3 4 6 9 10] [1 2 3 4 5 7 10] [2 3] [1 2 3 5 7] [1 2 3 5 6 7 11] [2 3 4 5 7 8] [1 2 3 4 5 6 9 12] [1 2 3 4 5 7 8 19] [] [] [] [] [] [] [] [] [] [] [] [] [] [] [] [] [] [] [] [] [] [] [] [] [] [] [] [] [] [] [] [] [] [] []
48 [] [1 2 3 4] [1] [1 2] [1 2 3 5 7 10] [1 2 3 4 5 6] [1 2 3 5 6] [1 2 3 4 5 7] [1 2 3 4 6] [1 2 3 4 5] [1 2 4] [1 2 3] [2] [1 2 3 4 5 6 7] [1 2 3 4 6 9] [1 2 3 4 5 6 7 9] [1 2 3 4 9] [1 2 3 4 5 7 8 12 19] [1 2 3 5] [1 2 3 4 5 6 9] [1 2 3 4 5 6 7 8] [1 2 3 4 5 7 8] [1 2 3 4 5 8] [1 2 3 4 5 6 7 8 19] [1 2 4 5] [1 4] [2 3 4 5] [1 2 3 4 6 9 10] [1 2 3 4 5 7 10] [2 3] [1 2 3 5 7] [1 2 3 5 6 7 11] [2 3 4 5 7 8] [1 2 3 4 5 6 9 12] [1 2 3 4 5 7 8 19] [] [] [] [] [] [] [] [] [] [] [] [] [] [] [] [] [] [] [] [] [] [] [] [] [] [] [] [] [] [] [] [] [] [] []
49 [] [1] [1 2] [1 4] [1 2 3 5 7 10] [1 2 3 4 5 6] [1 2 3 5 6] [1 2 3 4 5 7] [1 2 3 4 6] [1 2 3 4 5] [1 2 4] [1 2 3] [1 2 3 4] [2] [1 2 3 4 5 6 7] [1 2 3 4 6 9] [1 2 3 4 5 6 7 9] [1 2 3 4 9] [1 2 3 4 5 7 8 12 19] [1 2 3 5] [1 2 3 4 5 6 9] [1 2 3 4 5 6 7 8] [1 2 3 4 5 7 8] [1 2 3 4 5 8] [1 2 3 4 5 6 7 8 19] [1 2 4 5] [2 3 4 5] [1 2 3 4 6 9 10] [1 2 3 4 5 7 10] [2 3] [1 2 3 5 7] [1 2 3 5 6 7 11] [2 3 4 5 7 8] [1 2 3 4 5 6 9 12] [1 2 3 4 5 7 8 19] [] [] [] [] [] [] [] [] [] [] [] [] [] [] [] [] [] [] [] [] [] [] [] [] [] [] [] [] [] [] [] [] [] [] []
50 [] [1 4] [1] [1 2] [1 2 3 5 7 10] [1 2 3 4 5 6] [1 2 3 5 6] [1 2 3 4 5 7] [1 2 3 4 6] [1 2 3 4 5] [1 2 4] [1 2 3] [1 2 3 4] [2] [1 2 3 4 5 6 7] [1 2 3 4 6 9] [1 2 3 4 5 6 7 9] [1 2 3 4 9] [1 2 3 4 5 7 8 12 19] [1 2 3 5] [1 2 3 4 5 6 9] [1 2 3 4 5 6 7 8] [1 2 3 4 5 7 8] [1 2 3 4 5 8] [1 2 3 4 5 6 7 8 19] [1 2 4 5] [2 3 4 5] [1 2 3 4 6 9 10] [1 2 3 4 5 7 10] [2 3] [1 2 3 5 7] [1 2 3 5 6 7 11] [2 3 4 5 7 8] [1 2 3 4 5 6 9 12] [1 2 3 4 5 7 8 19] [] [] [] [] [] [] [] [] [] [] [] [] [] [] [] [] [] [] [] [] [] [] [] [] [] [] [] [] [] [] [] [] [] [] []
51 [] [1 4] [1] [1 2] [1 2 3 5 7 10] [1 2 3 4 5 6] [1 2 3 5 6] [1 2 3 4 5 7] [1 2 3 4 6] [1 2 3 4 5] [1 2 4] [1 2 3] [1 2 3 4] [2] [1 2 3 4 5 6 7] [1 2 3 4 6 9] [1 2 3 4 5 6 7 9] [1 2 3 4 9] [1 2 3 4 5 7 8 12 19] [1 2 3 5] [1 2 3 4 5 6 9] [1 2 3 4 5 6 7 8] [1 2 3 4 5 7 8] [1 2 3 4 5 8] [1 2 3 4 5 6 7 8 19] [1 2 4 5] [2 3 4 5] [1 2 3 4 6 9 10] [1 2 3 4 5 7 10] [2 3] [1 2 3 5 7] [1 2 3 5 6 7 11] [2 3 4 5 7 8] [1 2 3 4 5 6 9 12] [1 2 3 4 5 7 8 19] [] [] [] [] [] [] [] [] [] [] [] [] [] [] [] [] [] [] [] [] [] [] [] [] [] [] [] [] [] [] [] [] [] [] []
52 [] [1] [1 2] [1 2 3 5 7 10] [1 2 3 4 5 6] [1 2 3 5 6] [1 2 3 4 5 7] [1 2 3 4 6] [1 2 3 4 5] [1 2 4] [1 2 3] [1 2 3 4] [2] [1 2 3 4 5 6 7] [1 2 3 4 6 9] [1 2 3 4 5 6 7 9] [1 2 3 4 9] [1 2 3 4 5 7 8 12 19] [1 2 3 5] [1 2 3 4 5 6 9] [1 2 3 4 5 6 7 8] [1 2 3 4 5 7 8] [1 2 3 4 5 8] [1 2 3 4 5 6 7 8 19] [1 2 4 5] [1 4] [2 3 4 5] [1 2 3 4 6 9 10] [1 2 3 4 5 7 10] [2 3] [1 2 3 5 7] [1 2 3 5 6 7 11] [2 3 4 5 7 8] [1 2 3 4 5 6 9 12] [1 2 3 4 5 7 8 19] [] [] [] [] [] [] [] [] [] [] [] [] [] [] [] [] [] [] [] [] [] [] [] [] [] [] [] [] [] [] [] [] [] [] []
53 [] [1] [1 2] [1 2 3 5 7 10] [1 2 3 4 5 6] [1 2 3 5 6] [1 2 3 4 5 7] [1 2 3 4 6] [1 2 3 4 5] [1 2 4] [1 2 3] [1 2 3 4] [2] [1 2 3 4 5 6 7] [1 2 3 4 6 9] [1 2 3 4 5 6 7 9] [1 2 3 4 9] [1 2 3 4 5 7 8 12 19] [1 2 3 5] [1 2 3 4 5 6 9] [1 2 3 4 5 6 7 8] [1 2 3 4 5 7 8] [1 2 3 4 5 8] [1 2 3 4 5 6 7 8 19] [1 2 4 5] [1 4] [2 3 4 5] [1 2 3 4 6 9 10] [1 2 3 4 5 7 10] [2 3] [1 2 3 5 7] [1 2 3 5 6 7 11] [2 3 4 5 7 8] [1 2 3 4 5 6 9 12] [1 2 3 4 5 7 8 19] [] [] [] [] [] [] [] [] [] [] [] [] [] [] [] [] [] [] [] [] [] [] [] [] [] [] [] [] [] [] [] [] [] [] []
54 [] [1 2 3 5 7 10] [1 2 3 5 6] [1 2 3 4 5 7] [1 2 3 4 5 6] [1 2 3 4 6] [1 2 3 4 5] [1] [1 2 4] [1 2] [1 2 3] [1 2 3 4] [2] [1 2 3 4 5 6 7] [1 2 3 4 6 9] [1 2 3 4 5 6 7 9] [1 2 3 4 9] [1 2 3 4 5 7 8 12 19] [1 2 3 5] [1 2 3 4 5 6 9] [1 2 3 4 5 6 7 8] [1 2 3 4 5 7 8] [1 2 3 4 5 8] [1 2 3 4 5 6 7 8 19] [1 2 4 5] [1 4] [2 3 4 5] [1 2 3 4 6 9 10] [1 2 3 4 5 7 10] [2 3] [1 2 3 5 7] [1 2 3 5 6 7 11] [2 3 4 5 7 8] [1 2 3 4 5 6 9 12] [1 2 3 4 5 7 8 19] [] [] [] [] [] [] [] [] [] [] [] [] [] [] [] [] [] [] [] [] [] [] [] [] [] [] [] [] [] [] [] [] [] [] []
55 [] [1 2 3 5 6] [1 2 3 4 5 6] [1 2 3 4 6] [1 2 3 4 5] [1] [1 2 4] [1 2] [1 2 3] [1 2 3 4] [2] [1 2 3 4 5 6 7] [1 2 3 4 6 9] [1 2 3 4 5 6 7 9] [1 2 3 4 9] [1 2 3 4 5 7 8 12 19] [1 2 3 4 5 7] [1 2 3 5] [1 2 3 4 5 6 9] [1 2 3 4 5 6 7 8] [1 2 3 4 5 7 8] [1 2 3 4 5 8] [1 2 3 4 5 6 7 8 19] [1 2 4 5] [1 4] [2 3 4 5] [1 2 3 4 6 9 10] [1 2 3 4 5 7 10] [2 3] [1 2 3 5 7] [1 2 3 5 6 7 11] [2 3 4 5 7 8] [1 2 3 4 5 6 9 12] [1 2 3 4 5 7 8 19] [] [] [] [] [] [] [] [] [] [] [] [] [] [] [] [] [] [] [] [] [] [] [] [] [] [] [] [] [] [] [] [] [] [] [] []
56 [] [1 2 3 4 5 6] [1] [1 2 3 4 6] [1 2 3 4 5] [1 2 4] [1 2] [1 2 3] [1 2 3 4] [2] [1 2 3 5 6] [1 2 3 4 5 6 7] [1 2 3 4 6 9] [1 2 3 4 5 6 7 9] [1 2 3 4 9] [1 2 3 4 5 7 8 12 19] [1 2 3 4 5 7] [1 2 3 5] [1 2 3 4 5 6 9] [1 2 3 4 5 6 7 8] [1 2 3 4 5 7 8] [1 2 3 4 5 8] [1 2 3 4 5 6 7 8 19] [1 2 4 5] [1 4] [2 3 4 5] [1 2 3 4 6 9 10] [1 2 3 4 5 7 10] [2 3] [1 2 3 5 7] [1 2 3 5 6 7 11] [2 3 4 5 7 8] [1 2 3 4 5 6 9 12] [1 2 3 4 5 7 8 19] [] [] [] [] [] [] [] [] [] [] [] [] [] [] [] [] [] [] [] [] [] [] [] [] [] [] [] [] [] [] [] [] [] [] [] []
57 [] [1 2 3 4 6] [1 2 3 4 5] [1] [1 2 4] [1 2] [1 2 3] [1 2 3 4] [2] [1 2 3 5 6] [1 2 3 4 5 6] [1 2 3 4 5 6 7] [1 2 3 4 6 9] [1 2 3 4 5 6 7 9] [1 2 3 4 9] [1 2 3 4 5 7 8 12 19] [1 2 3 4 5 7] [1 2 3 5] [1 2 3 4 5 6 9] [1 2 3 4 5 6 7 8] [1 2 3 4 5 7 8] [1 2 3 4 5 8] [1 2 3 4 5 6 7 8 19] [1 2 4 5] [1 4] [2 3 4 5] [1 2 3 4 6 9 10] [1 2 3 4 5 7 10] [2 3] [1 2 3 5 7] [1 2 3 5 6 7 11] [2 3 4 5 7 8] [1 2 3 4 5 6 9 12] [1 2 3 4 5 7 8 19] [] [] [] [] [] [] [] [] [] [] [] [] [] [] [] [] [] [] [] [] [] [] [] [] [] [] [] [] [] [] [] [] [] [] [] []
58 [] [1 2 3 4 5] [1] [1 2] [1 2 3] [1 2 3 4] [1 2 4] [2] [1 2 3 5 6] [1 2 3 4 5 6] [1 2 3 4 5 6 7] [1 2 3 4 6 9] [1 2 3 4 5 6 7 9] [1 2 3 4 9] [1 2 3 4 6] [1 2 3 4 5 7 8 12 19] [1 2 3 4 5 7] [1 2 3 5] [1 2 3 4 5 6 9] [1 2 3 4 5 6 7 8] [1 2 3 4 5 7 8] [1 2 3 4 5 8] [1 2 3 4 5 6 7 8 19] [1 2 4 5] [1 4] [2 3 4 5] [1 2 3 4 6 9 10] [1 2 3 4 5 7 10] [2 3] [1 2 3 5 7] [1 2 3 5 6 7 11] [2 3 4 5 7 8] [1 2 3 4 5 6 9 12] [1 2 3 4 5 7 8 19] [] [] [] [] [] [] [] [] [] [] [] [] [] [] [] [] [] [] [] [] [] [] [] [] [] [] [] [] [] [] [] [] [] [] [] []
59 [] [1] [1 2] [1 2 3] [1 2 3 4] [1 2 4] [2] [1 2 3 5 6] [1 2 3 4 5 6] [1 2 3 4 5 6 7] [1 2 3 4 6 9] [1 2 3 4 5] [1 2 3 4 5 6 7 9] [1 2 3 4 9] [1 2 3 4 6] [1 2 3 4 5 7 8 12 19] [1 2 3 4 5 7] [1 2 3 5] [1 2 3 4 5 6 9] [1 2 3 4 5 6 7 8] [1 2 3 4 5 7 8] [1 2 3 4 5 8] [1 2 3 4 5 6 7 8 19] [1 2 4 5] [1 4] [2 3 4 5] [1 2 3 4 6 9 10] [1 2 3 4 5 7 10] [2 3] [1 2 3 5 7] [1 2 3 5 6 7 11] [2 3 4 5 7 8] [1 2 3 4 5 6 9 12] [1 2 3 4 5 7 8 19] [] [] [] [] [] [] [] [] [] [] [] [] [] [] [] [] [] [] [] [] [] [] [] [] [] [] [] [] [] [] [] [] [] [] [] []
60 [] [1] [1 2] [1 2 3] [1 2 3 4] [1 2 4] [2] [1 2 3 5 6] [1 2 3 4 5 6] [1 2 3 4 5 6 7] [1 2 3 4 6 9] [1 2 3 4 5] [1 2 3 4 5 6 7 9] [1 2 3 4 9] [1 2 3 4 6] [1 2 3 4 5 7 8 12 19] [1 2 3 4 5 7] [1 2 3 5] [1 2 3 4 5 6 9] [1 2 3 4 5 6 7 8] [1 2 3 4 5 7 8] [1 2 3 4 5 8] [1 2 3 4 5 6 7 8 19] [1 2 4 5] [1 4] [2 3 4 5] [1 2 3 4 6 9 10] [1 2 3 4 5 7 10] [2 3] [1 2 3 5 7] [1 2 3 5 6 7 11] [2 3 4 5 7 8] [1 2 3 4 5 6 9 12] [1 2 3 4 5 7 8 19] [] [] [] [] [] [] [] [] [] [] [] [] [] [] [] [] [] [] [] [] [] [] [] [] [] [] [] [] [] [] [] [] [] [] [] []
61 [] [1] [1 2] [1 2 3] [1 2 3 4] [1 2 4] [2] [1 2 3 5 6] [1 2 3 4 5 6] [1 2 3 4 5 6 7] [1 2 3 4 6 9] [1 2 3 4 5] [1 2 3 4 5 6 7 9] [1 2 3 4 9] [1 2 3 4 6] [1 2 3 4 5 7 8 12 19] [1 2 3 4 5 7] [1 2 3 5] [1 2 3 4 5 6 9] [1 2 3 4 5 6 7 8] [1 2 3 4 5 7 8] [1 2 3 4 5 8] [1 2 3 4 5 6 7 8 19] [1 2 4 5] [1 4] [2 3 4 5] [1 2 3 4 6 9 10] [1 2 3 4 5 7 10] [2 3] [1 2 3 5 7] [1 2 3 5 6 7 11] [2 3 4 5 7 8] [1 2 3 4 5 6 9 12] [1 2 3 4 5 7 8 19] [] [] [] [] [] [] [] [] [] [] [] [] [] [] [] [] [] [] [] [] [] [] [] [] [] [] [] [] [] [] [] [] [] [] [] []
62 [] [1] [1 2] [1 2 3] [1 2 3 4] [1 2 4] [2] [1 2 3 5 6] [1 2 3 4 5 6] [1 2 3 4 5 6 7] [1 2 3 4 6 9] [1 2 3 4 5] [1 2 3 4 5 6 7 9] [1 2 3 4 9] [1 2 3 4 6] [1 2 3 4 5 7 8 12 19] [1 2 3 4 5 7] [1 2 3 5] [1 2 3 4 5 6 9] [1 2 3 4 5 6 7 8] [1 2 3 4 5 7 8] [1 2 3 4 5 8] [1 2 3 4 5 6 7 8 19] [1 2 4 5] [1 4] [2 3 4 5] [1 2 3 4 6 9 10] [1 2 3 4 5 7 10] [2 3] [1 2 3 5 7] [1 2 3 5 6 7 11] [2 3 4 5 7 8] [1 2 3 4 5 6 9 12] [1 2 3 4 5 7 8 19] [] [] [] [] [] [] [] [] [] [] [] [] [] [] [] [] [] [] [] [] [] [] [] [] [] [] [] [] [] [] [] [] [] [] [] []
63 [] [1] [1 2 3 4 5 6 7 10] [1 2] [1 2 3] [1 2 3 4] [1 2 4] [2] [1 2 3 5 6] [1 2 3 4 5 6] [1 2 3 4 5 6 7] [1 2 3 4 6 9] [1 2 3 4 5] [1 2 3 4 5 6 7 9] [1 2 3 4 9] [1 2 3 4 6] [1 2 3 4 5 7 8 12 19] [1 2 3 4 5 7] [1 2 3 5] [1 2 3 4 5 6 9] [1 2 3 4 5 6 7 8] [1 2 3 4 5 7 8] [1 2 3 4 5 8] [1 2 3 4 5 6 7 8 19] [1 2 4 5] [1 4] [2 3 4 5] [1 2 3 4 6 9 10] [1 2 3 4 5 7 10] [2 3] [1 2 3 5 7] [1 2 3 5 6 7 11] [2 3 4 5 7 8] [1 2 3 4 5 6 9 12] [1 2 3 4 5 7 8 19] [] [] [] [] [] [] [] [] [] [] [] [] [] [] [] [] [] [] [] [] [] [] [] [] [] [] [] [] [] [] [] [] [] [] []
64 [] [1 2 3 4 5 6 7 10] [1 2 4 5 6] [1 2] [1 2 3] [1] [1 2 3 4] [1 2 4] [2] [1 2 3 5 6] [1 2 3 4 5 6] [1 2 3 4 5 6 7] [1 2 3 4 6 9] [1 2 3 4 5] [1 2 3 4 5 6 7 9] [1 2 3 4 9] [1 2 3 4 6] [1 2 3 4 5 7 8 12 19] [1 2 3 4 5 7] [1 2 3 5] [1 2 3 4 5 6 9] [1 2 3 4 5 6 7 8] [1 2 3 4 5 7 8] [1 2 3 4 5 8] [1 2 3 4 5 6 7 8 19] [1 2 4 5] [1 4] [2 3 4 5] [1 2 3 4 6 9 10] [1 2 3 4 5 7 10] [2 3] [1 2 3 5 7] [1 2 3 5 6 7 11] [2 3 4 5 7 8] [1 2 3 4 5 6 9 12] [1 2 3 4 5 7 8 19] [] [] [] [] [] [] [] [] [] [] [] [] [] [] [] [] [] [] [] [] [] [] [] [] [] [] [] [] [] [] [] [] [] []
65 [] [1 2 4 5 6] [1 2] [1 2 3] [1] [1 2 3 4] [1 2 4] [2] [1 2 3 5 6] [1 2 3 4 5 6] [1 2 3 4 5 6 7] [1 2 3 4 6 9] [1 2 3 4 5] [1 2 3 4 5 6 7 9] [1 2 3 4 9] [1 2 3 4 6] [1 2 3 4 5 7 8 12 19] [1 2 3 4 5 7] [1 2 3 5] [1 2 3 4 5 6 9] [1 2 3 4 5 6 7 8] [1 2 3 4 5 7 8] [1 2 3 4 5 8] [1 2 3 4 5 6 7 8 19] [1 2 3 4 5 7 10] [1 2 4 5] [1 4] [2 3 4 5] [1 2 3 4 6 9 10] [2 3] [1 2 3 5 7] [1 2 3 5 6 7 11] [2 3 4 5 7 8] [1 2 3 4 5 6 9 12] [1 2 3 4 5 7 8 19] [] [] [] [] [] [] [] [] [] [] [] [] [] [] [] [] [] [] [] [] [] [] [] [] [] [] [] [] [] [] [] [] [] [] []
66 [] [1 2 3] [1] [1 2 3 4] [1 2 4] [2] [1 2 3 5 6] [1 2] [1 2 3 4 5 6] [1 2 3 4 5 6 7] [1 2 3 4 6 9] [1 2 3 4 5] [1 2 3 4 5 6 7 9] [1 2 3 4 9] [1 2 3 4 6] [1 2 3 4 5 7 8 12 19] [1 2 3 4 5 7] [1 2 3 5] [1 2 3 4 5 6 9] [1 2 3 4 5 6 7 8] [1 2 3 4 5 7 8] [1 2 3 4 5 8] [1 2 3 4 5 6 7 8 19] [1 2 3 4 5 7 10] [1 2 4 5] [1 4] [2 3 4 5] [1 2 3 4 6 9 10] [2 3] [1 2 3 5 7] [1 2 3 5 6 7 11] [2 3 4 5 7 8] [1 2 3 4 5 6 9 12] [1 2 3 4 5 7 8 19] [] [] [] [] [] [] [] [] [] [] [] [] [] [] [] [] [] [] [] [] [] [] [] [] [] [] [] [] [] [] [] [] [] [] [] []
67 [] [1 2 3 4] [2] [1 2 3] [1 2 3 5 6] [1] [1 2] [1 2 3 4 5 6] [1 2 4] [1 2 3 4 5 6 7] [1 2 3 4 6 9] [1 2 3 4 5] [1 2 3 4 5 6 7 9] [1 2 3 4 9] [1 2 3 4 6] [1 2 3 4 5 7 8 12 19] [1 2 3 4 5 7] [1 2 3 5] [1 2 3 4 5 6 9] [1 2 3 4 5 6 7 8] [1 2 3 4 5 7 8] [1 2 3 4 5 8] [1 2 3 4 5 6 7 8 19] [1 2 3 4 5 7 10] [1 2 4 5] [1 4] [2 3 4 5] [1 2 3 4 6 9 10] [2 3] [1 2 3 5 7] [1 2 3 5 6 7 11] [2 3 4 5 7 8] [1 2 3 4 5 6 9 12] [1 2 3 4 5 7 8 19] [] [] [] [] [] [] [] [] [] [] [] [] [] [] [] [] [] [] [] [] [] [] [] [] [] [] [] [] [] [] [] [] [] [] [] []
68 [] [1 2 3 4] [1 2 3] [1 2 3 5 6] [1] [1 2] [1 2 3 4 5 6] [1 2 4] [2] [1 2 3 4 5 6 7] [1 2 3 4 6 9] [1 2 3 4 5] [1 2 3 4 5 6 7 9] [1 2 3 4 9] [1 2 3 4 6] [1 2 3 4 5 7 8 12 19] [1 2 3 4 5 7] [1 2 3 5] [1 2 3 4 5 6 9] [1 2 3 4 5 6 7 8] [1 2 3 4 5 7 8] [1 2 3 4 5 8] [1 2 3 4 5 6 7 8 19] [1 2 3 4 5 7 10] [1 2 4 5] [1 4] [2 3 4 5] [1 2 3 4 6 9 10] [2 3] [1 2 3 5 7] [1 2 3 5 6 7 11] [2 3 4 5 7 8] [1 2 3 4 5 6 9 12] [1 2 3 4 5 7 8 19] [] [] [] [] [] [] [] [] [] [] [] [] [] [] [] [] [] [] [] [] [] [] [] [] [] [] [] [] [] [] [] [] [] [] [] []
69 [] [1 2 3 5 6] [1 2 3 4] [1 2 3] [1] [1 2] [1 2 3 4 5 6] [1 2 4] [2] [1 2 3 4 5 6 7] [1 2 3 4 6 9] [1 2 3 4 5] [1 2 3 4 5 6 7 9] [1 2 3 4 9] [1 2 3 4 6] [1 2 3 4 5 7 8 12 19] [1 2 3 4 5 7] [1 2 3 5] [1 2 3 4 5 6 9] [1 2 3 4 5 6 7 8] [1 2 3 4 5 7 8] [1 2 3 4 5 8] [1 2 3 4 5 6 7 8 19] [1 2 3 4 5 7 10] [1 2 4 5] [1 4] [2 3 4 5] [1 2 3 4 6 9 10] [2 3] [1 2 3 5 7] [1 2 3 5 6 7 11] [2 3 4 5 7 8] [1 2 3 4 5 6 9 12] [1 2 3 4 5 7 8 19] [] [] [] [] [] [] [] [] [] [] [] [] [] [] [] [] [] [] [] [] [] [] [] [] [] [] [] [] [] [] [] [] [] [] [] []
70 [] [1 2 3] [1] [1 2] [1 2 3 4 5 6] [1 2 4] [1 2 3 4] [2] [1 2 3 4 5 6 7] [1 2 3 4 6 9] [1 2 3 4 5] [1 2 3 4 5 6 7 9] [1 2 3 5 6] [1 2 3 4 9] [1 2 3 4 6] [1 2 3 4 5 7 8 12 19] [1 2 3 4 5 7] [1 2 3 5] [1 2 3 4 5 6 9] [1 2 3 4 5 6 7 8] [1 2 3 4 5 7 8] [1 2 3 4 5 8] [1 2 3 4 5 6 7 8 19] [1 2 3 4 5 7 10] [1 2 4 5] [1 4] [2 3 4 5] [1 2 3 4 6 9 10] [2 3] [1 2 3 5 7] [1 2 3 5 6 7 11] [2 3 4 5 7 8] [1 2 3 4 5 6 9 12] [1 2 3 4 5 7 8 19] [] [] [] [] [] [] [] [] [] [] [] [] [] [] [] [] [] [] [] [] [] [] [] [] [] [] [] [] [] [] [] [] [] [] [] []
71 [] [1 2] [1 2 3 4 5 6] [1 2 4] [1 2 3 4] [2] [1] [1 2 3] [1 2 3 4 5 6 7] [1 2 3 4 6 9] [1 2 3 4 5] [1 2 3 4 5 6 7 9] [1 2 3 5 6] [1 2 3 4 9] [1 2 3 4 6] [1 2 3 4 5 7 8 12 19] [1 2 3 4 5 7] [1 2 3 5] [1 2 3 4 5 6 9] [1 2 3 4 5 6 7 8] [1 2 3 4 5 7 8] [1 2 3 4 5 8] [1 2 3 4 5 6 7 8 19] [1 2 3 4 5 7 10] [1 2 4 5] [1 4] [2 3 4 5] [1 2 3 4 6 9 10] [2 3] [1 2 3 5 7] [1 2 3 5 6 7 11] [2 3 4 5 7 8] [1 2 3 4 5 6 9 12] [1 2 3 4 5 7 8 19] [] [] [] [] [] [] [] [] [] [] [] [] [] [] [] [] [] [] [] [] [] [] [] [] [] [] [] [] [] [] [] [] [] [] [] []
72 [] [1 2 3 4 5 6] [1 2 4] [1 2 3 4] [2] [1] [1 2 3] [1 2 3 4 5 6 7] [1 2] [1 2 3 4 6 9] [1 2 3 4 5] [1 2 3 4 5 6 7 9] [1 2 3 5 6] [1 2 3 4 9] [1 2 3 4 6] [1 2 3 4 5 7 8 12 19] [1 2 3 4 5 7] [1 2 3 5] [1 2 3 4 5 6 9] [1 2 3 4 5 6 7 8] [1 2 3 4 5 7 8] [1 2 3 4 5 8] [1 2 3 4 5 6 7 8 19] [1 2 3 4 5 7 10] [1 2 4 5] [1 4] [2 3 4 5] [1 2 3 4 6 9 10] [2 3] [1 2 3 5 7] [1 2 3 5 6 7 11] [2 3 4 5 7 8] [1 2 3 4 5 6 9 12] [1 2 3 4 5 7 8 19] [] [] [] [] [] [] [] [] [] [] [] [] [] [] [] [] [] [] [] [] [] [] [] [] [] [] [] [] [] [] [] [] [] [] [] []
73 [] [1 2 3 4] [2] [1] [1 2 3] [1 2 3 4 5 6 7] [1 2] [1 2 3 4 5 6] [1 2 3 4 6 9] [1 2 3 4 5] [1 2 3 4 5 6 7 9] [1 2 3 5 6] [1 2 4] [1 2 3 4 9] [1 2 3 4 6] [1 2 3 4 5 7 8 12 19] [1 2 3 4 5 7] [1 2 3 5] [1 2 3 4 5 6 9] [1 2 3 4 5 6 7 8] [1 2 3 4 5 7 8] [1 2 3 4 5 8] [1 2 3 4 5 6 7 8 19] [1 2 3 4 5 7 10] [1 2 4 5] [1 4] [2 3 4 5] [1 2 3 4 6 9 10] [2 3] [1 2 3 5 7] [1 2 3 5 6 7 11] [2 3 4 5 7 8] [1 2 3 4 5 6 9 12] [1 2 3 4 5 7 8 19] [] [] [] [] [] [] [] [] [] [] [] [] [] [] [] [] [] [] [] [] [] [] [] [] [] [] [] [] [] [] [] [] [] [] [] []
74 [] [1] [1 2] [1 2 3] [1 2 3 4] [1 2 3 4 5 6 7] [1 2 3 4 5 6] [1 2 3 4 6 9] [1 2 3 4 5] [1 2 3 4 5 6 7 9] [1 2 3 5 6] [1 2 4] [1 2 3 4 9] [1 2 3 4 6] [1 2 3 4 5 7 8 12 19] [1 2 3 4 5 7] [1 2 3 5] [1 2 3 4 5 6 9] [1 2 3 4 5 6 7 8] [1 2 3 4 5 7 8] [1 2 3 4 5 8] [1 2 3 4 5 6 7 8 19] [1 2 3 4 5 7 10] [2] [1 2 4 5] [1 4] [2 3 4 5] [1 2 3 4 6 9 10] [2 3] [1 2 3 5 7] [1 2 3 5 6 7 11] [2 3 4 5 7 8] [1 2 3 4 5 6 9 12] [1 2 3 4 5 7 8 19] [] [] [] [] [] [] [] [] [] [] [] [] [] [] [] [] [] [] [] [] [] [] [] [] [] [] [] [] [] [] [] [] [] [] [] []
75 [] [1 2] [1 2 3] [1 2 3 4] [1 2 3 4 5 6] [1] [1 2 3 4 6 9] [1 2 3 4 5] [1 2 3 4 5 6 7 9] [1 2 3 5 6] [1 2 4] [1 2 3 4 9] [1 2 3 4 6] [1 2 3 4 5 7 8 12 19] [1 2 3 4 5 7] [1 2 3 5] [1 2 3 4 5 6 9] [1 2 3 4 5 6 7 8] [1 2 3 4 5 7 8] [1 2 3 4 5 8] [1 2 3 4 5 6 7 8 19] [1 2 3 4 5 7 10] [2] [1 2 4 5] [1 4] [2 3 4 5] [1 2 3 4 6 9 10] [2 3] [1 2 3 5 7] [1 2 3 5 6 7 11] [2 3 4 5 7 8] [1 2 3 4 5 6 9 12] [1 2 3 4 5 7 8 19] [] [] [] [] [] [] [] [] [] [] [] [] [] [] [] [] [] [] [] [] [] [] [] [] [] [] [] [] [] [] [] [] [] [] [] [] []
76 [] [1 2] [1 2 3] [1 2 3 4] [1 2 3 4 5 6] [1] [1 2 3 4 6 9] [1 2 3 4 5] [1 2 3 4 5 6 7 9] [1 2 3 5 6] [1 2 4] [1 2 3 4 9] [1 2 3 4 6] [1 2 3 4 5 7 8 12 19] [1 2 3 4 5 7] [1 2 3 5] [1 2 3 4 5 6 9] [1 2 3 4 5 6 7 8] [1 2 3 4 5 7 8] [1 2 3 4 5 8] [1 2 3 4 5 6 7 8 19] [1 2 3 4 5 7 10] [2] [1 2 4 5] [1 4] [2 3 4 5] [1 2 3 4 6 9 10] [2 3] [1 2 3 5 7] [1 2 3 5 6 7 11] [2 3 4 5 7 8] [1 2 3 4 5 6 9 12] [1 2 3 4 5 7 8 19] [] [] [] [] [] [] [] [] [] [] [] [] [] [] [] [] [] [] [] [] [] [] [] [] [] [] [] [] [] [] [] [] [] [] [] [] []
77 [] [1 2 3] [1 2 3 4] [1 2] [1 2 3 4 5 6] [1] [1 2 3 4 6 9] [1 2 3 4 5] [1 2 3 4 5 6 7 9] [1 2 3 5 6] [1 2 4] [1 2 3 4 9] [1 2 3 4 6] [1 2 3 4 5 7 8 12 19] [1 2 3 4 5 7] [1 2 3 5] [1 2 3 4 5 6 9] [1 2 3 4 5 6 7 8] [1 2 3 4 5 7 8] [1 2 3 4 5 8] [1 2 3 4 5 6 7 8 19] [1 2 3 4 5 7 10] [2] [1 2 4 5] [1 4] [2 3 4 5] [1 2 3 4 6 9 10] [2 3] [1 2 3 5 7] [1 2 3 5 6 7 11] [2 3 4 5 7 8] [1 2 3 4 5 6 9 12] [1 2 3 4 5 7 8 19] [] [] [] [] [] [] [] [] [] [] [] [] [] [] [] [] [] [] [] [] [] [] [] [] [] [] [] [] [] [] [] [] [] [] [] [] []
78 [] [1 2 3 4] [1 2] [1 2 3 4 5 6] [1] [1 2 3 4 6 9] [1 2 3 4 5] [1 2 3 4 5 6 7 9] [1 2 3 5 6] [1 2 3] [1 2 4] [1 2 3 4 9] [1 2 3 4 6] [1 2 3 4 5 7 8 12 19] [1 2 3 4 5 7] [1 2 3 5] [1 2 3 4 5 6 9] [1 2 3 4 5 6 7 8] [1 2 3 4 5 7 8] [1 2 3 4 5 8] [1 2 3 4 5 6 7 8 19] [1 2 3 4 5 7 10] [2] [1 2 4 5] [1 4] [2 3 4 5] [1 2 3 4 6 9 10] [2 3] [1 2 3 5 7] [1 2 3 5 6 7 11] [2 3 4 5 7 8] [1 2 3 4 5 6 9 12] [1 2 3 4 5 7 8 19] [] [] [] [] [] [] [] [] [] [] [] [] [] [] [] [] [] [] [] [] [] [] [] [] [] [] [] [] [] [] [] [] [] [] [] [] []
79 [] [1 2 3 4] [1 2] [1 2 3 4 5 6] [1] [1 2 3 4 6 9] [1 2 3 4 5] [1 2 3 4 5 6 7 9] [1 2 3 5 6] [1 2 3] [1 2 4] [1 2 3 4 9] [1 2 3 4 6] [1 2 3 4 5 7 8 12 19] [1 2 3 4 5 7] [1 2 3 5] [1 2 3 4 5 6 9] [1 2 3 4 5 6 7 8] [1 2 3 4 5 7 8] [1 2 3 4 5 8] [1 2 3 4 5 6 7 8 19] [1 2 3 4 5 7 10] [2] [1 2 4 5] [1 4] [2 3 4 5] [1 2 3 4 6 9 10] [2 3] [1 2 3 5 7] [1 2 3 5 6 7 11] [2 3 4 5 7 8] [1 2 3 4 5 6 9 12] [1 2 3 4 5 7 8 19] [] [] [] [] [] [] [] [] [] [] [] [] [] [] [] [] [] [] [] [] [] [] [] [] [] [] [] [] [] [] [] [] [] [] [] [] []
80 [] [1 2] [1 2 3 4 5 6] [1] [1 2 3 4] [1 2 3 4 6 9] [1 2 3 4 5] [1 2 3 4 5 6 7 9] [1 2 3 5 6] [1 2 3] [1 2 4] [1 2 3 4 9] [1 2 3 4 6] [1 2 3 4 5 7 8 12 19] [1 2 3 4 5 7] [1 2 3 5] [1 2 3 4 5 6 9] [1 2 3 4 5 6 7 8] [1 2 3 4 5 7 8] [1 2 3 4 5 8] [1 2 3 4 5 6 7 8 19] [1 2 3 4 5 7 10] [2] [1 2 4 5] [1 4] [2 3 4 5] [1 2 3 4 6 9 10] [2 3] [1 2 3 5 7] [1 2 3 5 6 7 11] [2 3 4 5 7 8] [1 2 3 4 5 6 9 12] [1 2 3 4 5 7 8 19] [] [] [] [] [] [] [] [] [] [] [] [] [] [] [] [] [] [] [] [] [] [] [] [] [] [] [] [] [] [] [] [] [] [] [] [] []
81 [] [1] [1 2 3 4] [1 2] [1 2 3 4 6 9] [1 2 3 4 5] [1 2 3 4 5 6 7 9] [1 2 3 5 6] [1 2 3] [1 2 3 4 5 6] [1 2 4] [1 2 3 4 9] [1 2 3 4 6] [1 2 3 4 5 7 8 12 19] [1 2 3 4 5 7] [1 2 3 5] [1 2 3 4 5 6 9] [1 2 3 4 5 6 7 8] [1 2 3 4 5 7 8] [1 2 3 4 5 8] [1 2 3 4 5 6 7 8 19] [1 2 3 4 5 7 10] [2] [1 2 4 5] [1 4] [2 3 4 5] [1 2 3 4 6 9 10] [2 3] [1 2 3 5 7] [1 2 3 5 6 7 11] [2 3 4 5 7 8] [1 2 3 4 5 6 9 12] [1 2 3 4 5 7 8 19] [] [] [] [] [] [] [] [] [] [] [] [] [] [] [] [] [] [] [] [] [] [] [] [] [] [] [] [] [] [] [] [] [] [] [] [] []
82 [] [1 2] [1 2 3 4] [1] [1 2 3 4 6 9] [1 2 3 4 5] [1 2 3 4 5 6 7 9] [1 2 3 5 6] [1 2 3] [1 2 3 4 5 6] [1 2 4] [1 2 3 4 9] [1 2 3 4 6] [1 2 3 4 5 7 8 12 19] [1 2 3 4 5 7] [1 2 3 5] [1 2 3 4 5 6 9] [1 2 3 4 5 6 7 8] [1 2 3 4 5 7 8] [1 2 3 4 5 8] [1 2 3 4 5 6 7 8 19] [1 2 3 4 5 7 10] [2] [1 2 4 5] [1 4] [2 3 4 5] [1 2 3 4 6 9 10] [2 3] [1 2 3 5 7] [1 2 3 5 6 7 11] [2 3 4 5 7 8] [1 2 3 4 5 6 9 12] [1 2 3 4 5 7 8 19] [] [] [] [] [] [] [] [] [] [] [] [] [] [] [] [] [] [] [] [] [] [] [] [] [] [] [] [] [] [] [] [] [] [] [] [] []
83 [] [1 2 3 4] [1 2 3 4 6 9] [1 2 3 4 5] [1 2 3 4 5 6 7 9] [1 2 3 5 6] [1 2 3] [1 2 3 4 5 6] [1] [1 2 4] [1 2 3 4 9] [1 2] [1 2 3 4 6] [1 2 3 4 5 7 8 12 19] [1 2 3 4 5 7] [1 2 3 5] [1 2 3 4 5 6 9] [1 2 3 4 5 6 7 8] [1 2 3 4 5 7 8] [1 2 3 4 5 8] [1 2 3 4 5 6 7 8 19] [1 2 3 4 5 7 10] [2] [1 2 4 5] [1 4] [2 3 4 5] [1 2 3 4 6 9 10] [2 3] [1 2 3 5 7] [1 2 3 5 6 7 11] [2 3 4 5 7 8] [1 2 3 4 5 6 9 12] [1 2 3 4 5 7 8 19] [] [] [] [] [] [] [] [] [] [] [] [] [] [] [] [] [] [] [] [] [] [] [] [] [] [] [] [] [] [] [] [] [] [] [] [] []
84 [] [1 2 3 4 5] [1 2] [1 2 3 4 6 9] [1 2 3 4 5 6 7 9] [1 2 3 5 6] [1 2 3] [1 2 3 4 5 6] [1 2 3 4] [1] [1 2 4] [1 2 3 4 9] [1 2 3 4 6] [1 2 3 4 5 7 8 12 19] [1 2 3 4 5 7] [1 2 3 5] [1 2 3 4 5 6 9] [1 2 3 4 5 6 7 8] [1 2 3 4 5 7 8] [1 2 3 4 5 8] [1 2 3 4 5 6 7 8 19] [1 2 3 4 5 7 10] [2] [1 2 4 5] [1 4] [2 3 4 5] [1 2 3 4 6 9 10] [2 3] [1 2 3 5 7] [1 2 3 5 6 7 11] [2 3 4 5 7 8] [1 2 3 4 5 6 9 12] [1 2 3 4 5 7 8 19] [] [] [] [] [] [] [] [] [] [] [] [] [] [] [] [] [] [] [] [] [] [] [] [] [] [] [] [] [] [] [] [] [] [] [] [] []
85 [] [1 2] [1 2 3 4 6 9] [1 2 3 4 5 6 7 9] [1 2 3 5 6] [1 2 3] [1 2 3 4 5] [1 2 3 4 5 6] [1 2 3 4] [1] [1 2 4] [1 2 3 4 9] [1 2 3 4 6] [1 2 3 4 5 7 8 12 19] [1 2 3 4 5 7] [1 2 3 5] [1 2 3 4 5 6 9] [1 2 3 4 5 6 7 8] [1 2 3 4 5 7 8] [1 2 3 4 5 8] [1 2 3 4 5 6 7 8 19] [1 2 3 4 5 7 10] [2] [1 2 4 5] [1 4] [2 3 4 5] [1 2 3 4 6 9 10] [2 3] [1 2 3 5 7] [1 2 3 5 6 7 11] [2 3 4 5 7 8] [1 2 3 4 5 6 9 12] [1 2 3 4 5 7 8 19] [] [] [] [] [] [] [] [] [] [] [] [] [] [] [] [] [] [] [] [] [] [] [] [] [] [] [] [] [] [] [] [] [] [] [] [] []
86 [] [1 2 3 4 5 6 7 9] [1 2] [1 2 3 5 6] [1 2 3] [1 2 3 4 5] [1 2 3 4 5 6] [1 2 3 4] [1] [1 2 4] [1 2 3 4 9] [1 2 3 4 6] [1 2 3 4 5 7 8 12 19] [1 2 3 4 5 7] [1 2 3 5] [1 2 3 4 5 6 9] [1 2 3 4 5 6 7 8] [1 2 3 4 5 7 8] [1 2 3 4 5 8] [1 2 3 4 5 6 7 8 19] [1 2 3 4 5 7 10] [2] [1 2 4 5] [1 4] [2 3 4 5] [1 2 3 4 6 9 10] [1 2 3 4 6 9] [2 3] [1 2 3 5 7] [1 2 3 5 6 7 11] [2 3 4 5 7 8] [1 2 3 4 5 6 9 12] [1 2 3 4 5 7 8 19] [] [] [] [] [] [] [] [] [] [] [] [] [] [] [] [] [] [] [] [] [] [] [] [] [] [] [] [] [] [] [] [] [] [] [] [] []
87 [] [1 2 3 5 6] [1 2 3] [1 2 3 4 5] [1 2 3 4] [1] [1 2 4] [1 2 3 4 9] [1 2] [1 2 3 4 6] [1 2 3 4 5 7 8 12 19] [1 2 3 4 5 7] [1 2 3 5] [1 2 3 4 5 6 9] [1 2 3 4 5 6 7 8] [1 2 3 4 5 7 8] [1 2 3 4 5 8] [1 2 3 4 5 6 7 8 19] [1 2 3 4 5 7 10] [2] [1 2 3 4 5 6] [1 2 4 5] [1 4] [2 3 4 5] [1 2 3 4 6 9 10] [1 2 3 4 6 9] [2 3] [1 2 3 5 7] [1 2 3 5 6 7 11] [2 3 4 5 7 8] [1 2 3 4 5 6 9 12] [1 2 3 4 5 7 8 19] [] [] [] [] [] [] [] [] [] [] [] [] [] [] [] [] [] [] [] [] [] [] [] [] [] [] [] [] [] [] [] [] [] [] [] [] [] []
88 [] [1 2 3 4 5] [1 2 3 4] [1 2] [1] [1 2 4] [1 2 3 4 9] [1 2 3 4 6] [1 2 3] [1 2 3 5 6] [1 2 3 4 5 7 8 12 19] [1 2 3 4 5 7] [1 2 3 5] [1 2 3 4 5 6 9] [1 2 3 4 5 6 7 8] [1 2 3 4 5 7 8] [1 2 3 4 5 8] [1 2 3 4 5 6 7 8 19] [1 2 3 4 5 7 10] [2] [1 2 3 4 5 6] [1 2 4 5] [1 4] [2 3 4 5] [1 2 3 4 6 9 10] [1 2 3 4 6 9] [2 3] [1 2 3 5 7] [1 2 3 5 6 7 11] [2 3 4 5 7 8] [1 2 3 4 5 6 9 12] [1 2 3 4 5 7 8 19] [] [] [] [] [] [] [] [] [] [] [] [] [] [] [] [] [] [] [] [] [] [] [] [] [] [] [] [] [] [] [] [] [] [] [] [] [] []
89 [] [1 2] [1 2 3 4] [1] [1 2 3 4 5] [1 2 4] [1 2 3 4 9] [1 2 3 4 6] [1 2 3] [1 2 3 5 6] [1 2 3 4 5 7 8 12 19] [1 2 3 4 5 7] [1 2 3 5] [1 2 3 4 5 6 9] [1 2 3 4 5 6 7 8] [1 2 3 4 5 7 8] [1 2 3 4 5 8] [1 2 3 4 5 6 7 8 19] [1 2 3 4 5 7 10] [2] [1 2 3 4 5 6] [1 2 4 5] [1 4] [2 3 4 5] [1 2 3 4 6 9 10] [1 2 3 4 6 9] [2 3] [1 2 3 5 7] [1 2 3 5 6 7 11] [2 3 4 5 7 8] [1 2 3 4 5 6 9 12] [1 2 3 4 5 7 8 19] [] [] [] [] [] [] [] [] [] [] [] [] [] [] [] [] [] [] [] [] [] [] [] [] [] [] [] [] [] [] [] [] [] [] [] [] [] []
90 [] [1] [1 2 3 4 5] [1 2 4] [1 2 3 4] [1 2 3 4 9] [1 2] [1 2 3 4 6] [1 2 3] [1 2 3 5 6] [1 2 3 4 5 7 8 12 19] [1 2 3 4 5 7] [1 2 3 5] [1 2 3 4 5 6 9] [1 2 3 4 5 6 7 8] [1 2 3 4 5 7 8] [1 2 3 4 5 8] [1 2 3 4 5 6 7 8 19] [1 2 3 4 5 7 10] [2] [1 2 3 4 5 6] [1 2 4 5] [1 4] [2 3 4 5] [1 2 3 4 6 9 10] [1 2 3 4 6 9] [2 3] [1 2 3 5 7] [1 2 3 5 6 7 11] [2 3 4 5 7 8] [1 2 3 4 5 6 9 12] [1 2 3 4 5 7 8 19] [] [] [] [] [] [] [] [] [] [] [] [] [] [] [] [] [] [] [] [] [] [] [] [] [] [] [] [] [] [] [] [] [] [] [] [] [] []
91 [] [1 2 4] [1 2 3 4] [1 2 3 4 9] [1 2] [1 2 3 4 6] [1 2 3] [1 2 3 5 6] [1 2 3 4 5] [1 2 3 4 5 7 8 12 19] [1] [1 2 3 4 5 7] [1 2 3 5] [1 2 3 4 5 6 9] [1 2 3 4 5 6 7 8] [1 2 3 4 5 7 8] [1 2 3 4 5 8] [1 2 3 4 5 6 7 8 19] [1 2 3 4 5 7 10] [2] [1 2 3 4 5 6] [1 2 4 5] [1 4] [2 3 4 5] [1 2 3 4 6 9 10] [1 2 3 4 6 9] [2 3] [1 2 3 5 7] [1 2 3 5 6 7 11] [2 3 4 5 7 8] [1 2 3 4 5 6 9 12] [1 2 3 4 5 7 8 19] [] [] [] [] [] [] [] [] [] [] [] [] [] [] [] [] [] [] [] [] [] [] [] [] [] [] [] [] [] [] [] [] [] [] [] [] [] []
92 [] [1 2 3 4] [1 2 4] [1 2 3 4 9] [1 2] [1 2 3 4 6] [1 2 3] [1 2 3 5 6] [1 2 3 4 5] [1 2 3 4 5 7 8 12 19] [1] [1 2 3 4 5 7] [1 2 3 5] [1 2 3 4 5 6 9] [1 2 3 4 5 6 7 8] [1 2 3 4 5 7 8] [1 2 3 4 5 8] [1 2 3 4 5 6 7 8 19] [1 2 3 4 5 7 10] [2] [1 2 3 4 5 6] [1 2 4 5] [1 4] [2 3 4 5] [1 2 3 4 6 9 10] [1 2 3 4 6 9] [2 3] [1 2 3 5 7] [1 2 3 5 6 7 11] [2 3 4 5 7 8] [1 2 3 4 5 6 9 12] [1 2 3 4 5 7 8 19] [] [] [] [] [] [] [] [] [] [] [] [] [] [] [] [] [] [] [] [] [] [] [] [] [] [] [] [] [] [] [] [] [] [] [] [] [] []
93 [] [1 2 4] [1 2 3 4 9] [1 2] [1 2 3 4] [1 2 3 4 6] [1 2 3] [1 2 3 5 6] [1 2 3 4 5] [1 2 3 4 5 7 8 12 19] [1] [1 2 3 4 5 7] [1 2 3 5] [1 2 3 4 5 6 9] [1 2 3 4 5 6 7 8] [1 2 3 4 5 7 8] [1 2 3 4 5 8] [1 2 3 4 5 6 7 8 19] [1 2 3 4 5 7 10] [2] [1 2 3 4 5 6] [1 2 4 5] [1 4] [2 3 4 5] [1 2 3 4 6 9 10] [1 2 3 4 6 9] [2 3] [1 2 3 5 7] [1 2 3 5 6 7 11] [2 3 4 5 7 8] [1 2 3 4 5 6 9 12] [1 2 3 4 5 7 8 19] [] [] [] [] [] [] [] [] [] [] [] [] [] [] [] [] [] [] [] [] [] [] [] [] [] [] [] [] [] [] [] [] [] [] [] [] [] []
94 [] [1 2 4] [1 2] [1 2 3 4] [1 2 3 4 6] [1 2 3] [1 2 3 5 6] [1 2 3 4 9] [1 2 3 4 5] [1 2 3 4 5 7 8 12 19] [1] [1 2 3 4 5 7] [1 2 3 5] [1 2 3 4 5 6 9] [1 2 3 4 5 6 7 8] [1 2 3 4 5 7 8] [1 2 3 4 5 8] [1 2 3 4 5 6 7 8 19] [1 2 3 4 5 7 10] [2] [1 2 3 4 5 6] [1 2 4 5] [1 4] [2 3 4 5] [1 2 3 4 6 9 10] [1 2 3 4 6 9] [1 2 3 4 5 6 7] [2 3] [1 2 3 5 7] [1 2 3 5 6 7 11] [2 3 4 5 7 8] [1 2 3 4 5 6 9 12] [1 2 3 4 5 7 8 19] [] [] [] [] [] [] [] [] [] [] [] [] [] [] [] [] [] [] [] [] [] [] [] [] [] [] [] [] [] [] [] [] [] [] [] [] []
95 [] [1 2] [1 2 3] [1 2 3 5 6 7] [1 2 4] [1 2 3 4] [1 2 3 4 6] [1 2 3 5 6] [1 2 3 4 9] [1 2 3 4 5] [1 2 3 4 5 7 8 12 19] [1] [1 2 3 4 5 7] [1 2 3 5] [1 2 3 4 5 6 9] [1 2 3 4 5 6 7 8] [1 2 3 4 5 7 8] [1 2 3 4 5 8] [1 2 3 4 5 6 7 8 19] [1 2 3 4 5 7 10] [2] [1 2 3 4 5 6] [1 2 4 5] [1 4] [2 3 4 5] [1 2 3 4 6 9 10] [1 2 3 4 6 9] [1 2 3 4 5 6 7] [2 3] [1 2 3 5 7] [1 2 3 5 6 7 11] [2 3 4 5 7 8] [1 2 3 4 5 6 9 12] [1 2 3 4 5 7 8 19] [] [] [] [] [] [] [] [] [] [] [] [] [] [] [] [] [] [] [] [] [] [] [] [] [] [] [] [] [] [] [] [] [] [] [] []
96 [] [1 2 3 5 6 7] [1 2] [1 2 3 4 5 6] [1 2 4] [1 2 3 4] [1 2 3 4 6] [1 2 3] [1 2 3 5 6] [1 2 3 4 9] [1 2 3 4 5] [1 2 3 4 5 7 8 12 19] [1] [1 2 3 4 5 7] [1 2 3 5] [1 2 3 4 5 6 9] [1 2 3 4 5 6 7 8] [1 2 3 4 5 7 8] [1 2 3 4 5 8] [1 2 3 4 5 6 7 8 19] [1 2 3 4 5 7 10] [2] [1 2 4 5] [1 4] [2 3 4 5] [1 2 3 4 6 9 10] [1 2 3 4 6 9] [1 2 3 4 5 6 7] [2 3] [1 2 3 5 7] [1 2 3 5 6 7 11] [2 3 4 5 7 8] [1 2 3 4 5 6 9 12] [1 2 3 4 5 7 8 19] [] [] [] [] [] [] [] [] [] [] [] [] [] [] [] [] [] [] [] [] [] [] [] [] [] [] [] [] [] [] [] [] [] [] [] []
97 [] [1 2 3 4 5 6] [1 2 4] [1 2 3 4] [1 2 3 4 6] [1 2 3] [1 2 3 5 6] [1 2 3 4 9] [1 2 3 4 5] [1 2 3 4 5 7 8 12 19] [1] [1 2] [1 2 3 4 5 7] [1 2 3 5] [1 2 3 4 5 6 9] [1 2 3 4 5 6 7 8] [1 2 3 4 5 7 8] [1 2 3 4 5 8] [1 2 3 4 5 6 7 8 19] [1 2 3 4 5 7 10] [2] [1 2 4 5] [1 4] [2 3 4 5] [1 2 3 4 6 9 10] [1 2 3 4 6 9] [1 2 3 4 5 6 7] [2 3] [1 2 3 5 7] [1 2 3 5 6 7 11] [2 3 4 5 7 8] [1 2 3 4 5 6 9 12] [1 2 3 4 5 7 8 19] [] [] [] [] [] [] [] [] [] [] [] [] [] [] [] [] [] [] [] [] [] [] [] [] [] [] [] [] [] [] [] [] [] [] [] [] []
98 [] [1 2 4] [1 2 3 4] [1 2 3 4 6] [1] [1 2 3] [1 2 3 5 6] [1 2 3 4 9] [1 2 3 4 5] [1 2 3 4 5 7 8 12 19] [1 2] [1 2 3 4 5 7] [1 2 3 5] [1 2 3 4 5 6 9] [1 2 3 4 5 6 7 8] [1 2 3 4 5 7 8] [1 2 3 4 5 8] [1 2 3 4 5 6 7 8 19] [1 2 3 4 5 7 10] [2] [1 2 3 4 5 6] [1 2 4 5] [1 4] [2 3 4 5] [1 2 3 4 6 9 10] [1 2 3 4 6 9] [1 2 3 4 5 6 7] [2 3] [1 2 3 5 7] [1 2 3 5 6 7 11] [2 3 4 5 7 8] [1 2 3 4 5 6 9 12] [1 2 3 4 5 7 8 19] [] [] [] [] [] [] [] [] [] [] [] [] [] [] [] [] [] [] [] [] [] [] [] [] [] [] [] [] [] [] [] [] [] [] [] [] []
99 [] [1 2 4] [1 2 3 4] [1] [1 2 3] [1 2 3 5 6] [1 2 3 4 9] [1 2 3 4 5] [1 2 3 4 5 7 8 12 19] [1 2 3 4 6] [1 2] [1 2 3 4 5 7] [1 2 3 5] [1 2 3 4 5 6 9] [1 2 3 4 5 6 7 8] [1 2 3 4 5 7 8] [1 2 3 4 5 8] [1 2 3 4 5 6 7 8 19] [1 2 3 4 5 7 10] [2] [1 2 3 4 5 6] [1 2 4 5] [1 4] [2 3 4 5] [1 2 3 4 6 9 10] [1 2 3 4 6 9] [1 2 3 4 5 6 7] [2 3] [1 2 3 5 7] [1 2 3 5 6 7 11] [2 3 4 5 7 8] [1 2 3 4 5 6 9 12] [1 2 3 4 5 7 8 19] [] [] [] [] [] [] [] [] [] [] [] [] [] [] [] [] [] [] [] [] [] [] [] [] [] [] [] [] [] [] [] [] [] [] [] [] []
100 [] [1 2 4] [1 2 3 4] [1] [1 2 3] [1 2 3 5 6] [1 2 3 4 9] [1 2 3 4 5] [1 2 3 4 5 7 8 12 19] [1 2 3 4 6] [1 2] [1 2 3 4 5 7] [1 2 3 5] [1 2 3 4 5 6 9] [1 2 3 4 5 6 7 8] [1 2 3 4 5 7 8] [1 2 3 4 5 8] [1 2 3 4 5 6 7 8 19] [1 2 3 4 5 7 10] [2] [1 2 3 4 5 6] [1 2 4 5] [1 4] [2 3 4 5] [1 2 3 4 6 9 10] [1 2 3 4 6 9] [1 2 3 4 5 6 7] [2 3] [1 2 3 5 7] [1 2 3 5 6 7 11] [2 3 4 5 7 8] [1 2 3 4 5 6 9 12] [1 2 3 4 5 7 8 19] [] [] [] [] [] [] [] [] [] [] [] [] [] [] [] [] [] [] [] [] [] [] [] [] [] [] [] [] [] [] [] [] [] [] [] [] []
101 [] [1 2 4] [1 2 3 4] [1] [1 2 3] [1 2 3 5 6] [1 2 3 4 9] [1 2 3 4 5] [1 2 3 4 5 7 8 12 19] [1 2 3 4 6] [1 2] [1 2 3 4 5 7] [1 2 3 5] [1 2 3 4 5 6 9] [1 2 3 4 5 6 7 8] [1 2 3 4 5 7 8] [1 2 3 4 5 8] [1 2 3 4 5 6 7 8 19] [1 2 3 4 5 7 10] [2] [1 2 3 4 5 6] [1 2 4 5] [1 4] [2 3 4 5] [1 2 3 4 6 9 10] [1 2 3 4 6 9] [1 2 3 4 5 6 7] [2 3] [1 2 3 5 7] [1 2 3 5 6 7 11] [2 3 4 5 7 8] [1 2 3 4 5 6 9 12] [1 2 3 4 5 7 8 19] [] [] [] [] [] [] [] [] [] [] [] [] [] [] [] [] [] [] [] [] [] [] [] [] [] [] [] [] [] [] [] [] [] [] [] [] []
102 [] [1 2 3 4] [1] [1 2 3] [1 2 3 5 6] [1 2 3 4 9] [1 2 3 4 5] [1 2 3 4 5 7 8 12 19] [1 2 4] [1 2 3 4 6] [1 2] [1 2 3 4 5 7] [1 2 3 5] [1 2 3 4 5 6 9] [1 2 3 4 5 6 7 8] [1 2 3 4 5 7 8] [1 2 3 4 5 8] [1 2 3 4 5 6 7 8 19] [1 2 3 4 5 7 10] [2] [1 2 3 4 5 6] [1 2 4 5] [1 4] [2 3 4 5] [1 2 3 4 6 9 10] [1 2 3 4 6 9] [1 2 3 4 5 6 7] [2 3] [1 2 3 5 7] [1 2 3 5 6 7 11] [2 3 4 5 7 8] [1 2 3 4 5 6 9 12] [1 2 3 4 5 7 8 19] [] [] [] [] [] [] [] [] [] [] [] [] [] [] [] [] [] [] [] [] [] [] [] [] [] [] [] [] [] [] [] [] [] [] [] [] []
103 [] [1] [1 2 3] [1 2 3 5 6] [1 2 3 4 9] [1 2 3 4 5] [1 2 3 4] [1 2 3 4 5 7 8 12 19] [1 2 4] [1 2 3 4 6] [1 2] [1 2 3 4 5 7] [1 2 3 5] [1 2 3 4 5 6 9] [1 2 3 4 5 6 7 8] [1 2 3 4 5 7 8] [1 2 3 4 5 8] [1 2 3 4 5 6 7 8 19] [1 2 3 4 5 7 10] [2] [1 2 3 4 5 6] [1 2 4 5] [1 4] [2 3 4 5] [1 2 3 4 6 9 10] [1 2 3 4 6 9] [1 2 3 4 5 6 7] [2 3] [1 2 3 5 7] [1 2 3 5 6 7 11] [2 3 4 5 7 8] [1 2 3 4 5 6 9 12] [1 2 3 4 5 7 8 19] [] [] [] [] [] [] [] [] [] [] [] [] [] [] [] [] [] [] [] [] [] [] [] [] [] [] [] [] [] [] [] [] [] [] [] [] []
104 [] [1] [1 2 3] [1 2 3 5 6] [1 2 3 4 9] [1 2 3 4 5] [1 2 3 4] [1 2 3 4 5 7 8 12 19] [1 2 4] [1 2 3 4 6] [1 2] [1 2 3 4 5 7] [1 2 3 5] [1 2 3 4 5 6 9] [1 2 3 4 5 6 7 8] [1 2 3 4 5 7 8] [1 2 3 4 5 8] [1 2 3 4 5 6 7 8 19] [1 2 3 4 5 7 10] [2] [1 2 3 4 5 6] [1 2 4 5] [1 4] [2 3 4 5] [1 2 3 4 6 9 10] [1 2 3 4 6 9] [1 2 3 4 5 6 7] [2 3] [1 2 3 5 7] [1 2 3 5 6 7 11] [2 3 4 5 7 8] [1 2 3 4 5 6 9 12] [1 2 3 4 5 7 8 19] [] [] [] [] [] [] [] [] [] [] [] [] [] [] [] [] [] [] [] [] [] [] [] [] [] [] [] [] [] [] [] [] [] [] [] [] []
105 [] [1] [1 2 3] [1 2 3 5 6] [1 2 3 4 9] [1 2 3 4 5] [1 2 3 4] [1 2 3 4 5 7 8 12 19] [1 2 4] [1 2 3 4 6] [1 2] [1 2 3 4 5 7] [1 2 3 5] [1 2 3 4 5 6 9] [1 2 3 4 5 6 7 8] [1 2 3 4 5 7 8] [1 2 3 4 5 8] [1 2 3 4 5 6 7 8 19] [1 2 3 4 5 7 10] [2] [1 2 3 4 5 6] [1 2 4 5] [1 4] [2 3 4 5] [1 2 3 4 6 9 10] [1 2 3 4 6 9] [1 2 3 4 5 6 7] [2 3] [1 2 3 5 7] [1 2 3 5 6 7 11] [2 3 4 5 7 8] [1 2 3 4 5 6 9 12] [1 2 3 4 5 7 8 19] [] [] [] [] [] [] [] [] [] [] [] [] [] [] [] [] [] [] [] [] [] [] [] [] [] [] [] [] [] [] [] [] [] [] [] [] []
106 [] [1 2 3] [1 2 3 5 6] [1 2 3 4 9] [1 2 3 4 5] [1 2 3 4] [1 2 3 4 5 7 8 12 19] [1] [1 2 4] [1 2 3 4 6] [1 2] [1 2 3 4 5 7] [1 2 3 5] [1 2 3 4 5 6 9] [1 2 3 4 5 6 7 8] [1 2 3 4 5 7 8] [1 2 3 4 5 8] [1 2 3 4 5 6 7 8 19] [1 2 3 4 5 7 10] [2] [1 2 3 4 5 6] [1 2 4 5] [1 4] [2 3 4 5] [1 2 3 4 6 9 10] [1 2 3 4 6 9] [1 2 3 4 5 6 7] [2 3] [1 2 3 5 7] [1 2 3 5 6 7 11] [2 3 4 5 7 8] [1 2 3 4 5 6 9 12] [1 2 3 4 5 7 8 19] [] [] [] [] [] [] [] [] [] [] [] [] [] [] [] [] [] [] [] [] [] [] [] [] [] [] [] [] [] [] [] [] [] [] [] [] []
107 [] [1 2 3 5 6] [1 2 3 4 9] [1 2 3 4 5] [1 2 3 4] [1 2 3 4 5 7 8 12 19] [1 2 3] [1] [1 2 4] [1 2 3 4 6] [1 2] [1 2 3 4 5 7] [1 2 3 5] [1 2 3 4 5 6 9] [1 2 3 4 5 6 7 8] [1 2 3 4 5 7 8] [1 2 3 4 5 8] [1 2 3 4 5 6 7 8 19] [1 2 3 4 5 7 10] [2] [1 2 3 4 5 6] [1 2 4 5] [1 4] [2 3 4 5] [1 2 3 4 6 9 10] [1 2 3 4 6 9] [1 2 3 4 5 6 7] [2 3] [1 2 3 5 7] [1 2 3 5 6 7 11] [2 3 4 5 7 8] [1 2 3 4 5 6 9 12] [1 2 3 4 5 7 8 19] [] [] [] [] [] [] [] [] [] [] [] [] [] [] [] [] [] [] [] [] [] [] [] [] [] [] [] [] [] [] [] [] [] [] [] [] []
108 [] [1 2 3 4 9] [1 2 3 4 5] [1 2 3 4] [1 2 3 4 5 7 8 12 19] [1 2 3] [1] [1 2 4] [1 2 3 4 6] [1 2] [1 2 3 4 5 7] [1 2 3 5] [1 2 3 4 5 6 9] [1 2 3 4 5 6 7 8] [1 2 3 4 5 7 8] [1 2 3 4 5 8] [1 2 3 4 5 6 7 8 19] [1 2 3 4 5 7 10] [2] [1 2 3 4 5 6] [1 2 3 5 6] [1 2 4 5] [1 4] [2 3 4 5] [1 2 3 4 6 9 10] [1 2 3 4 6 9] [1 2 3 4 5 6 7] [2 3] [1 2 3 5 7] [1 2 3 5 6 7 11] [2 3 4 5 7 8] [1 2 3 4 5 6 9 12] [1 2 3 4 5 7 8 19] [] [] [] [] [] [] [] [] [] [] [] [] [] [] [] [] [] [] [] [] [] [] [] [] [] [] [] [] [] [] [] [] [] [] [] [] []
109 [] [1 2 3 4] [1 2 3 4 5 7 8 12 19] [1 2 3] [1] [1 2 4] [1 2 3 4 6] [1 2] [1 2 3 4 5] [1 2 3 4 5 7] [1 2 3 5] [1 2 3 4 5 6 9] [1 2 3 4 5 6 7 8] [1 2 3 4 5 7 8] [1 2 3 4 5 8] [1 2 3 4 5 6 7 8 19] [1 2 3 4 5 7 10] [2] [1 2 3 4 5 6] [1 2 3 5 6] [1 2 4 5] [1 4] [2 3 4 5] [1 2 3 4 6 9 10] [1 2 3 4 6 9] [1 2 3 4 5 6 7] [2 3] [1 2 3 5 7] [1 2 3 5 6 7 11] [1 2 3 4 9] [2 3 4 5 7 8] [1 2 3 4 5 6 9 12] [1 2 3 4 5 7 8 19] [] [] [] [] [] [] [] [] [] [] [] [] [] [] [] [] [] [] [] [] [] [] [] [] [] [] [] [] [] [] [] [] [] [] [] [] []
110 [] [1 2 3] [1] [1 2 4] [1 2 3 4 6] [1 2] [1 2 3 4 5] [1 2 3 4 5 7] [1 2 3 5] [1 2 3 4] [1 2 3 4 5 6 9] [1 2 3 4 5 6 7 8] [1 2 3 4 5 7 8] [1 2 3 4 5 8] [1 2 3 4 5 6 7 8 19] [1 2 3 4 5 7 10] [2] [1 2 3 4 5 6] [1 2 3 5 6] [1 2 4 5] [1 4] [2 3 4 5] [1 2 3 4 6 9 10] [1 2 3 4 6 9] [1 2 3 4 5 6 7] [2 3] [1 2 3 5 7] [1 2 3 5 6 7 11] [1 2 3 4 9] [2 3 4 5 7 8] [1 2 3 4 5 6 9 12] [1 2 3 4 5 7 8 19] [] [] [] [] [] [] [] [] [] [] [] [] [] [] [] [] [] [] [] [] [] [] [] [] [] [] [] [] [] [] [] [] [] [] [] [] [] []
111 [] [1 2 3] [1] [1 2 4] [1 2 3 4 6] [1 2] [1 2 3 4 5] [1 2 3 4 5 7] [1 2 3 5] [1 2 3 4] [1 2 3 4 5 6 9] [1 2 3 4 5 6 7 8] [1 2 3 4 5 7 8] [1 2 3 4 5 8] [1 2 3 4 5 6 7 8 19] [1 2 3 4 5 7 10] [2] [1 2 3 4 5 6] [1 2 3 5 6] [1 2 4 5] [1 4] [2 3 4 5] [1 2 3 4 6 9 10] [1 2 3 4 6 9] [1 2 3 4 5 6 7] [2 3] [1 2 3 5 7] [1 2 3 5 6 7 11] [1 2 3 4 9] [2 3 4 5 7 8] [1 2 3 4 5 6 9 12] [1 2 3 4 5 7 8 19] [] [] [] [] [] [] [] [] [] [] [] [] [] [] [] [] [] [] [] [] [] [] [] [] [] [] [] [] [] [] [] [] [] [] [] [] [] []
112 [] [1] [1 2 4] [1 2 3 4 6] [1 2] [1 2 3 4 5] [1 2 3] [1 2 3 4 5 7] [1 2 3 5] [1 2 3 4] [1 2 3 4 5 6 9] [1 2 3 4 5 6 7 8] [1 2 3 4 5 7 8] [1 2 3 4 5 8] [1 2 3 4 5 6 7 8 19] [1 2 3 4 5 7 10] [2] [1 2 3 4 5 6] [1 2 3 5 6] [1 2 4 5] [1 4] [2 3 4 5] [1 2 3 4 6 9 10] [1 2 3 4 6 9] [1 2 3 4 5 6 7] [2 3] [1 2 3 5 7] [1 2 3 5 6 7 11] [1 2 3 4 9] [2 3 4 5 7 8] [1 2 3 4 5 6 9 12] [1 2 3 4 5 7 8 19] [] [] [] [] [] [] [] [] [] [] [] [] [] [] [] [] [] [] [] [] [] [] [] [] [] [] [] [] [] [] [] [] [] [] [] [] [] []
113 [] [1] [1 2 4] [1 2 3 4 6] [1 2] [1 2 3 4 5] [1 2 3] [1 2 3 4 5 7] [1 2 3 5] [1 2 3 4] [1 2 3 4 5 6 9] [1 2 3 4 5 6 7 8] [1 2 3 4 5 7 8] [1 2 3 4 5 8] [1 2 3 4 5 6 7 8 19] [1 2 3 4 5 7 10] [2] [1 2 3 4 5 6] [1 2 3 5 6] [1 2 4 5] [1 4] [2 3 4 5] [1 2 3 4 6 9 10] [1 2 3 4 6 9] [1 2 3 4 5 6 7] [2 3] [1 2 3 5 7] [1 2 3 5 6 7 11] [1 2 3 4 9] [2 3 4 5 7 8] [1 2 3 4 5 6 9 12] [1 2 3 4 5 7 8 19] [] [] [] [] [] [] [] [] [] [] [] [] [] [] [] [] [] [] [] [] [] [] [] [] [] [] [] [] [] [] [] [] [] [] [] [] [] []
114 [] [1 2 4] [1 2 3 4 6] [1] [1 2] [1 2 3 4 5] [1 2 3] [1 2 3 4 5 7] [1 2 3 5] [1 2 3 4] [1 2 3 4 5 6 9] [1 2 3 4 5 6 7 8] [1 2 3 4 5 7 8] [1 2 3 4 5 8] [1 2 3 4 5 6 7 8 19] [1 2 3 4 5 7 10] [2] [1 2 3 4 5 6] [1 2 3 5 6] [1 2 4 5] [1 4] [2 3 4 5] [1 2 3 4 6 9 10] [1 2 3 4 6 9] [1 2 3 4 5 6 7] [2 3] [1 2 3 5 7] [1 2 3 5 6 7 11] [1 2 3 4 9] [2 3 4 5 7 8] [1 2 3 4 5 6 9 12] [1 2 3 4 5 7 8 19] [] [] [] [] [] [] [] [] [] [] [] [] [] [] [] [] [] [] [] [] [] [] [] [] [] [] [] [] [] [] [] [] [] [] [] [] [] []
115 [] [1] [1 2] [1 2 3 4 5] [1 2 3] [1 2 3 4 6] [1 2 3 4 5 7] [1 2 3 5] [1 2 3 4] [1 2 3 4 5 6 9] [1 2 3 4 5 6 7 8] [1 2 3 4 5 7 8] [1 2 3 4 5 8] [1 2 4] [1 2 3 4 5 6 7 8 19] [1 2 3 4 5 7 10] [2] [1 2 3 4 5 6] [1 2 3 5 6] [1 2 4 5] [1 4] [2 3 4 5] [1 2 3 4 6 9 10] [1 2 3 4 6 9] [1 2 3 4 5 6 7] [2 3] [1 2 3 5 7] [1 2 3 5 6 7 11] [1 2 3 4 9] [2 3 4 5 7 8] [1 2 3 4 5 6 9 12] [1 2 3 4 5 7 8 19] [] [] [] [] [] [] [] [] [] [] [] [] [] [] [] [] [] [] [] [] [] [] [] [] [] [] [] [] [] [] [] [] [] [] [] [] [] []
116 [] [1 2 3 4 5] [1 2 3] [1 2 3 4 6] [1 2 3 4 5 7] [1 2 3 5] [1] [1 2] [1 2 3 4] [1 2 3 4 5 6 9] [1 2 3 4 5 6 7 8] [1 2 3 4 5 7 8] [1 2 3 4 5 8] [1 2 4] [1 2 3 4 5 6 7 8 19] [1 2 3 4 5 7 10] [2] [1 2 3 4 5 6] [1 2 3 5 6] [1 2 4 5] [1 4] [2 3 4 5] [1 2 3 4 6 9 10] [1 2 3 4 6 9] [1 2 3 4 5 6 7] [2 3] [1 2 3 5 7] [1 2 3 5 6 7 11] [1 2 3 4 9] [2 3 4 5 7 8] [1 2 3 4 5 6 9 12] [1 2 3 4 5 7 8 19] [] [] [] [] [] [] [] [] [] [] [] [] [] [] [] [] [] [] [] [] [] [] [] [] [] [] [] [] [] [] [] [] [] [] [] [] [] []
117 [] [1 2 3 4 6] [1 2 3 4 5 7] [1 2 3 5] [1] [1 2 3] [1 2] [1 2 3 4] [1 2 3 4 5 6 9] [1 2 3 4 5 6 7 8] [1 2 3 4 5 7 8] [1 2 3 4 5 8] [1 2 4] [1 2 3 4 5 6 7 8 19] [1 2 3 4 5 7 10] [2] [1 2 3 4 5] [1 2 3 4 5 6] [1 2 3 5 6] [1 2 4 5] [1 4] [2 3 4 5] [1 2 3 4 6 9 10] [1 2 3 4 6 9] [1 2 3 4 5 6 7] [2 3] [1 2 3 5 7] [1 2 3 5 6 7 11] [1 2 3 4 9] [2 3 4 5 7 8] [1 2 3 4 5 6 9 12] [1 2 3 4 5 7 8 19] [] [] [] [] [] [] [] [] [] [] [] [] [] [] [] [] [] [] [] [] [] [] [] [] [] [] [] [] [] [] [] [] [] [] [] [] [] []
118 [] [1 2 3 4 5 7] [1] [1 2 3] [1 2] [1 2 3 4] [1 2 3 4 5 6 9] [1 2 3 4 6] [1 2 3 4 5 6 7 8] [1 2 3 4 5 7 8] [1 2 3 4 5 8] [1 2 4] [1 2 3 4 5 6 7 8 19] [1 2 3 4 5 7 10] [2] [1 2 3 4 5] [1 2 3 5] [1 2 3 4 5 6] [1 2 3 5 6] [1 2 4 5] [1 4] [2 3 4 5] [1 2 3 4 6 9 10] [1 2 3 4 6 9] [1 2 3 4 5 6 7] [2 3] [1 2 3 5 7] [1 2 3 5 6 7 11] [1 2 3 4 9] [2 3 4 5 7 8] [1 2 3 4 5 6 9 12] [1 2 3 4 5 7 8 19] [] [] [] [] [] [] [] [] [] [] [] [] [] [] [] [] [] [] [] [] [] [] [] [] [] [] [] [] [] [] [] [] [] [] [] [] [] []
119 [] [1] [1 2 3] [1 2 3 4 5] [1 2] [1 2 3 4] [1 2 3 4 5 6 9] [1 2 3 4 6] [1 2 3 4 5 6 7 8] [1 2 3 4 5 7] [1 2 3 4 5 7 8] [1 2 3 4 5 8] [1 2 4] [1 2 3 4 5 6 7 8 19] [1 2 3 4 5 7 10] [2] [1 2 3 5] [1 2 3 4 5 6] [1 2 3 5 6] [1 2 4 5] [1 4] [2 3 4 5] [1 2 3 4 6 9 10] [1 2 3 4 6 9] [1 2 3 4 5 6 7] [2 3] [1 2 3 5 7] [1 2 3 5 6 7 11] [1 2 3 4 9] [2 3 4 5 7 8] [1 2 3 4 5 6 9 12] [1 2 3 4 5 7 8 19] [] [] [] [] [] [] [] [] [] [] [] [] [] [] [] [] [] [] [] [] [] [] [] [] [] [] [] [] [] [] [] [] [] [] [] [] [] []
120 [] [1 2 3 4 5] [1 2 3 4] [1 2] [1 2 3 4 5 6 9] [1 2 3 4 6] [1 2 3] [1 2 3 4 5 6 7 8] [1] [1 2 3 4 5 7] [1 2 3 4 5 7 8] [1 2 3 4 5 8] [1 2 4] [1 2 3 4 5 6 7 8 19] [1 2 3 4 5 7 10] [2] [1 2 3 5] [1 2 3 4 5 6] [1 2 3 5 6] [1 2 4 5] [1 4] [2 3 4 5] [1 2 3 4 6 9 10] [1 2 3 4 6 9] [1 2 3 4 5 6 7] [2 3] [1 2 3 5 7] [1 2 3 5 6 7 11] [1 2 3 4 9] [2 3 4 5 7 8] [1 2 3 4 5 6 9 12] [1 2 3 4 5 7 8 19] [] [] [] [] [] [] [] [] [] [] [] [] [] [] [] [] [] [] [] [] [] [] [] [] [] [] [] [] [] [] [] [] [] [] [] [] [] []
121 [] [1 2] [1 2 3 4] [1 2 3 4 5 6 9] [1 2 3 4 6] [1 2 3] [1 2 3 4 5 6 7 8] [1] [1 2 3 4 5 7] [1 2 3 4 5 7 8] [1 2 3 4 5 8] [1 2 4] [1 2 3 4 5 6 7 8 19] [1 2 3 4 5 7 10] [2] [1 2 3 4 5] [1 2 3 5] [1 2 3 4 5 6] [1 2 3 5 6] [1 2 4 5] [1 4] [2 3 4 5] [1 2 3 4 6 9 10] [1 2 3 4 6 9] [1 2 3 4 5 6 7] [2 3] [1 2 3 5 7] [1 2 3 5 6 7 11] [1 2 3 4 9] [2 3 4 5 7 8] [1 2 3 4 5 6 9 12] [1 2 3 4 5 7 8 19] [] [] [] [] [] [] [] [] [] [] [] [] [] [] [] [] [] [] [] [] [] [] [] [] [] [] [] [] [] [] [] [] [] [] [] [] [] []
122 [] [1 2] [1 2 3 4 5 6 9] [1 2 3 4 6] [1 2 3 4] [1 2 3] [1 2 3 4 5 6 7 8] [1] [1 2 3 4 5 7] [1 2 3 4 5 7 8] [1 2 3 4 5 8] [1 2 4] [1 2 3 4 5 6 7 8 19] [1 2 3 4 5 7 10] [2] [1 2 3 4 5] [1 2 3 5] [1 2 3 4 5 6] [1 2 3 5 6] [1 2 4 5] [1 4] [2 3 4 5] [1 2 3 4 6 9 10] [1 2 3 4 6 9] [1 2 3 4 5 6 7] [2 3] [1 2 3 5 7] [1 2 3 5 6 7 11] [1 2 3 4 9] [2 3 4 5 7 8] [1 2 3 4 5 6 9 12] [1 2 3 4 5 7 8 19] [] [] [] [] [] [] [] [] [] [] [] [] [] [] [] [] [] [] [] [] [] [] [] [] [] [] [] [] [] [] [] [] [] [] [] [] [] []
123 [] [1 2 3 4 6] [1 2 3 4] [1 2 3] [1 2 3 4 5 6 7 8] [1] [1 2 3 4 5 7] [1 2 3 4 5 7 8] [1 2 3 4 5 8] [1 2 3 4 5 6 9] [1 2 4] [1 2 3 4 5 6 7 8 19] [1 2 3 4 5 7 10] [2] [1 2 3 4 5] [1 2 3 5] [1 2 3 4 5 6] [1 2 3 5 6] [1 2 4 5] [1 2] [1 4] [2 3 4 5] [1 2 3 4 6 9 10] [1 2 3 4 6 9] [1 2 3 4 5 6 7] [2 3] [1 2 3 5 7] [1 2 3 5 6 7 11] [1 2 3 4 9] [2 3 4 5 7 8] [1 2 3 4 5 6 9 12] [1 2 3 4 5 7 8 19] [] [] [] [] [] [] [] [] [] [] [] [] [] [] [] [] [] [] [] [] [] [] [] [] [] [] [] [] [] [] [] [] [] [] [] [] [] []
124 [] [1 2 3 4] [1 2 3] [1 2 3 4 5 6 7 8] [1] [1 2 3 4 5 7] [1 2 3 4 5 7 8] [1 2 3 4 5 8] [1 2 3 4 5 6 9] [1 2 4] [1 2 3 4 5 6 7 8 19] [1 2 3 4 5 7 10] [2] [1 2 3 4 5] [1 2 3 5] [1 2 3 4 5 6] [1 2 3 5 6] [1 2 4 5] [1 2] [1 4] [1 2 3 4 6] [2 3 4 5] [1 2 3 4 6 9 10] [1 2 3 4 6 9] [1 2 3 4 5 6 7] [2 3] [1 2 3 5 7] [1 2 3 5 6 7 11] [1 2 3 4 9] [2 3 4 5 7 8] [1 2 3 4 5 6 9 12] [1 2 3 4 5 7 8 19] [] [] [] [] [] [] [] [] [] [] [] [] [] [] [] [] [] [] [] [] [] [] [] [] [] [] [] [] [] [] [] [] [] [] [] [] [] []
125 [] [1 2 3 4] [1 2 3] [1 2 3 4 5 6 7 8] [1] [1 2 3 4 5 7] [1 2 3 4 5 7 8] [1 2 3 4 5 8] [1 2 3 4 5 6 9] [1 2 4] [1 2 3 4 5 6 7 8 19] [1 2 3 4 5 7 10] [2] [1 2 3 4 5] [1 2 3 5] [1 2 3 4 5 6] [1 2 3 5 6] [1 2 4 5] [1 2] [1 4] [1 2 3 4 6] [2 3 4 5] [1 2 3 4 6 9 10] [1 2 3 4 6 9] [1 2 3 4 5 6 7] [2 3] [1 2 3 5 7] [1 2 3 5 6 7 11] [1 2 3 4 9] [2 3 4 5 7 8] [1 2 3 4 5 6 9 12] [1 2 3 4 5 7 8 19] [] [] [] [] [] [] [] [] [] [] [] [] [] [] [] [] [] [] [] [] [] [] [] [] [] [] [] [] [] [] [] [] [] [] [] [] [] []
126 [] [1 2 3 4] [1 2] [1 2 3] [1 2 3 4 5 6 7 8] [1] [1 2 3 4 5 7] [1 2 3 4 5 7 8] [1 2 3 4 5 8] [1 2 3 4 5 6 9] [1 2 4] [1 2 3 4 5 6 7 8 19] [1 2 3 4 5 7 10] [2] [1 2 3 4 5] [1 2 3 5] [1 2 3 4 5 6] [1 2 3 5 6] [1 2 4 5] [1 4] [1 2 3 4 6] [2 3 4 5] [1 2 3 4 6 9 10] [1 2 3 4 6 9] [1 2 3 4 5 6 7] [2 3] [1 2 3 5 7] [1 2 3 5 6 7 11] [1 2 3 4 9] [2 3 4 5 7 8] [1 2 3 4 5 6 9 12] [1 2 3 4 5 7 8 19] [] [] [] [] [] [] [] [] [] [] [] [] [] [] [] [] [] [] [] [] [] [] [] [] [] [] [] [] [] [] [] [] [] [] [] [] [] []
127 [] [1 2] [1 2 3] [1 2 3 4 5 6 7 8] [1] [1 2 3 4 5 7] [1 2 3 4 5 7 8] [1 2 3 4] [1 2 3 4 5 8] [1 2 3 4 5 6 9] [1 2 4] [1 2 3 4 5 6 7 8 19] [1 2 3 4 5 7 10] [2] [1 2 3 4 5] [1 2 3 5] [1 2 3 4 5 6] [1 2 3 5 6] [1 2 4 5] [1 4] [1 2 3 4 6] [2 3 4 5] [1 2 3 4 6 9 10] [1 2 3 4 6 9] [1 2 3 4 5 6 7] [2 3] [1 2 3 5 7] [1 2 3 5 6 7 11] [1 2 3 4 9] [2 3 4 5 7 8] [1 2 3 4 5 6 9 12] [1 2 3 4 5 7 8 19] [] [] [] [] [] [] [] [] [] [] [] [] [] [] [] [] [] [] [] [] [] [] [] [] [] [] [] [] [] [] [] [] [] [] [] [] [] []
128 [] [1 2 3] [1 2 3 4 5 6 7 8] [1] [1 2 3 4 5 7] [1 2 3 4 5 7 8] [1 2 3 4] [1 2 3 4 5 8] [1 2 3 4 5 6 9] [1 2 4] [1 2 3 4 5 6 7 8 19] [1 2 3 4 5 7 10] [2] [1 2 3 4 5] [1 2 3 5] [1 2 3 4 5 6] [1 2 3 5 6] [1 2 4 5] [1 2] [1 4] [1 2 3 4 6] [2 3 4 5] [1 2 3 4 6 9 10] [1 2 3 4 6 9] [1 2 3 4 5 6 7] [2 3] [1 2 3 5 7] [1 2 3 5 6 7 11] [1 2 3 4 9] [2 3 4 5 7 8] [1 2 3 4 5 6 9 12] [1 2 3 4 5 7 8 19] [] [] [] [] [] [] [] [] [] [] [] [] [] [] [] [] [] [] [] [] [] [] [] [] [] [] [] [] [] [] [] [] [] [] [] [] [] []
129 [] [1 2 3 4 5 6 7 8] [1] [1 2 3] [1 2 3 4 5 7] [1 2 3 4 5 7 8] [1 2 3 4] [1 2 3 4 5 8] [1 2 3 4 5 6 9] [1 2 4] [1 2 3 4 5 6 7 8 19] [1 2 3 4 5 7 10] [2] [1 2 3 4 5] [1 2 3 5] [1 2 3 4 5 6] [1 2 3 5 6] [1 2 4 5] [1 2] [1 4] [1 2 3 4 6] [2 3 4 5] [1 2 3 4 6 9 10] [1 2 3 4 6 9] [1 2 3 4 5 6 7] [2 3] [1 2 3 5 7] [1 2 3 5 6 7 11] [1 2 3 4 9] [2 3 4 5 7 8] [1 2 3 4 5 6 9 12] [1 2 3 4 5 7 8 19] [] [] [] [] [] [] [] [] [] [] [] [] [] [] [] [] [] [] [] [] [] [] [] [] [] [] [] [] [] [] [] [] [] [] [] [] [] []
130 [] [1] [1 2 3 4 5 7] [1 2 3 4 5 7 8] [1 2 3 4] [1 2 3 4 5 8] [1 2 3] [1 2 3 4 5 6 9] [1 2 4] [1 2 3 4 5 6 7 8 19] [1 2 3 4 5 7 10] [2] [1 2 3 4 5] [1 2 3 5] [1 2 3 4 5 6] [1 2 3 5 6] [1 2 4 5] [1 2] [1 4] [1 2 3 4 6] [2 3 4 5] [1 2 3 4 6 9 10] [1 2 3 4 6 9] [1 2 3 4 5 6 7] [2 3] [1 2 3 5 7] [1 2 3 5 6 7 11] [1 2 3 4 9] [2 3 4 5 7 8] [1 2 3 4 5 6 9 12] [1 2 3 4 5 7 8 19] [] [] [] [] [] [] [] [] [] [] [] [] [] [] [] [] [] [] [] [] [] [] [] [] [] [] [] [] [] [] [] [] [] [] [] [] [] [] []
131 [] [1] [1 2 3 4 5 7] [1 2 3 4 5 7 8] [1 2 3 4] [1 2 3 4 5 8] [1 2 3] [1 2 3 4 5 6 9] [1 2 4] [1 2 3 4 5 6 7 8 19] [1 2 3 4 5 7 10] [2] [1 2 3 4 5] [1 2 3 5] [1 2 3 4 5 6] [1 2 3 5 6] [1 2 4 5] [1 2] [1 4] [1 2 3 4 6] [2 3 4 5] [1 2 3 4 6 9 10] [1 2 3 4 6 9] [1 2 3 4 5 6 7] [2 3] [1 2 3 5 7] [1 2 3 5 6 7 11] [1 2 3 4 9] [2 3 4 5 7 8] [1 2 3 4 5 6 9 12] [1 2 3 4 5 7 8 19] [] [] [] [] [] [] [] [] [] [] [] [] [] [] [] [] [] [] [] [] [] [] [] [] [] [] [] [] [] [] [] [] [] [] [] [] [] [] []
132 [] [1 2 3 4 5 7] [1 2 3 4 5 7 8] [1 2 3 4] [1 2 3 4 5 8] [1] [1 2 3] [1 2 3 4 5 6 9] [1 2 4] [1 2 3 4 5 6 7 8 19] [1 2 3 4 5 7 10] [2] [1 2 3 4 5] [1 2 3 5] [1 2 3 4 5 6] [1 2 3 5 6] [1 2 4 5] [1 2] [1 4] [1 2 3 4 6] [2 3 4 5] [1 2 3 4 6 9 10] [1 2 3 4 6 9] [1 2 3 4 5 6 7] [2 3] [1 2 3 5 7] [1 2 3 5 6 7 11] [1 2 3 4 9] [2 3 4 5 7 8] [1 2 3 4 5 6 9 12] [1 2 3 4 5 7 8 19] [] [] [] [] [] [] [] [] [] [] [] [] [] [] [] [] [] [] [] [] [] [] [] [] [] [] [] [] [] [] [] [] [] [] [] [] [] [] []
133 [] [1 2 3 4] [1 2 3 4 5 8] [1] [1 2 3] [1 2 3 4 5 6 9] [1 2 4] [1 2 3 4 5 6 7 8 19] [1 2 3 4 5 7 10] [2] [1 2 3 4 5] [1 2 3 5] [1 2 3 4 5 6] [1 2 3 5 6] [1 2 4 5] [1 2] [1 4] [1 2 3 4 6] [2 3 4 5] [1 2 3 4 6 9 10] [1 2 3 4 6 9] [1 2 3 4 5 7] [1 2 3 4 5 6 7] [2 3] [1 2 3 5 7] [1 2 3 5 6 7 11] [1 2 3 4 9] [2 3 4 5 7 8] [1 2 3 4 5 6 9 12] [1 2 3 4 5 7 8 19] [] [] [] [] [] [] [] [] [] [] [] [] [] [] [] [] [] [] [] [] [] [] [] [] [] [] [] [] [] [] [] [] [] [] [] [] [] [] [] []
134 [] [1 2 3 4] [1] [1 2 3] [1 2 3 4 5 6 10] [1 2 3 4 5] [1 2 3 4 5 6 9] [1 2 4] [1 2 3 4 5 6 7 8 19] [1 2 3 4 5 7 10] [2] [1 2 3 5] [1 2 3 4 5 6] [1 2 3 5 6] [1 2 4 5] [1 2] [1 4] [1 2 3 4 6] [2 3 4 5] [1 2 3 4 6 9 10] [1 2 3 4 6 9] [1 2 3 4 5 7] [1 2 3 4 5 6 7] [2 3] [1 2 3 5 7] [1 2 3 5 6 7 11] [1 2 3 4 9] [2 3 4 5 7 8] [1 2 3 4 5 6 9 12] [1 2 3 4 5 7 8 19] [] [] [] [] [] [] [] [] [] [] [] [] [] [] [] [] [] [] [] [] [] [] [] [] [] [] [] [] [] [] [] [] [] [] [] [] [] [] [] []
135 [] [1] [1 2 3 4 5] [1 2 3 4 5 6 9] [1 2 4] [1 2 3 4 5 6 7 8 19] [1 2 3 4 5 7 10] [2] [1 2 3 4] [1 2 3 5] [1 2 3] [1 2 3 4 5 6] [1 2 3 5 6] [1 2 4 5] [1 2] [1 4] [1 2 3 4 6] [2 3 4 5] [1 2 3 4 6 9 10] [1 2 3 4 6 9] [1 2 3 4 5 7] [1 2 3 4 5 6 7] [2 3] [1 2 3 5 7] [1 2 3 5 6 7 11] [1 2 3 4 9] [2 3 4 5 7 8] [1 2 3 4 5 6 9 12] [1 2 3 4 5 7 8 19] [] [] [] [] [] [] [] [] [] [] [] [] [] [] [] [] [] [] [] [] [] [] [] [] [] [] [] [] [] [] [] [] [] [] [] [] [] [] [] [] []
136 [] [1] [1 2 3 4 5] [1 2 3 4 5 6 9] [1 2 4] [1 2 3 4 5 6 7 8 19] [1 2 3 4 5 7 10] [2] [1 2 3 4] [1 2 3 5] [1 2 3] [1 2 3 4 5 6] [1 2 3 5 6] [1 2 4 5] [1 2] [1 4] [1 2 3 4 6] [2 3 4 5] [1 2 3 4 6 9 10] [1 2 3 4 6 9] [1 2 3 4 5 7] [1 2 3 4 5 6 7] [2 3] [1 2 3 5 7] [1 2 3 5 6 7 11] [1 2 3 4 9] [2 3 4 5 7 8] [1 2 3 4 5 6 9 12] [1 2 3 4 5 7 8 19] [] [] [] [] [] [] [] [] [] [] [] [] [] [] [] [] [] [] [] [] [] [] [] [] [] [] [] [] [] [] [] [] [] [] [] [] [] [] [] [] []
137 [] [1] [1 2 3 4 5] [1 2 3 4 5 6 9] [1 2 4] [1 2 3 4 5 6 7 8 19] [1 2 3 4 5 7 10] [2] [1 2 3 4] [1 2 3 5] [1 2 3] [1 2 3 4 5 6] [1 2 3 5 6] [1 2 4 5] [1 2] [1 4] [1 2 3 4 6] [2 3 4 5] [1 2 3 4 6 9 10] [1 2 3 4 6 9] [1 2 3 4 5 7] [1 2 3 4 5 6 7] [2 3] [1 2 3 5 7] [1 2 3 5 6 7 11] [1 2 3 4 9] [2 3 4 5 7 8] [1 2 3 4 5 6 9 12] [1 2 3 4 5 7 8 19] [] [] [] [] [] [] [] [] [] [] [] [] [] [] [] [] [] [] [] [] [] [] [] [] [] [] [] [] [] [] [] [] [] [] [] [] [] [] [] [] []
138 [] [1] [1 2 3 4 5] [1 2 3 4 5 6 9] [1 2 4] [1 2 3 4 5 6 7 8 19] [1 2 3 4 5 7 10] [2] [1 2 3 4] [1 2 3 5] [1 2 3] [1 2 3 4 5 6] [1 2 3 5 6] [1 2 4 5] [1 2] [1 4] [1 2 3 4 6] [2 3 4 5] [1 2 3 4 6 9 10] [1 2 3 4 6 9] [1 2 3 4 5 7] [1 2 3 4 5 6 7] [2 3] [1 2 3 5 7] [1 2 3 5 6 7 11] [1 2 3 4 9] [2 3 4 5 7 8] [1 2 3 4 5 6 9 12] [1 2 3 4 5 7 8 19] [] [] [] [] [] [] [] [] [] [] [] [] [] [] [] [] [] [] [] [] [] [] [] [] [] [] [] [] [] [] [] [] [] [] [] [] [] [] [] [] []
139 [] [1] [1 2 3 4 5] [1 2 3 4 5 6 9] [1 2 4] [1 2 3 4 5 6 7 8 19] [1 2 3 4 5 7 10] [2] [1 2 3 4] [1 2 3 5] [1 2 3] [1 2 3 4 5 6] [1 2 3 5 6] [1 2 4 5] [1 2] [1 4] [1 2 3 4 6] [2 3 4 5] [1 2 3 4 6 9 10] [1 2 3 4 6 9] [1 2 3 4 5 7] [1 2 3 4 5 6 7] [2 3] [1 2 3 5 7] [1 2 3 5 6 7 11] [1 2 3 4 9] [2 3 4 5 7 8] [1 2 3 4 5 6 9 12] [1 2 3 4 5 7 8 19] [] [] [] [] [] [] [] [] [] [] [] [] [] [] [] [] [] [] [] [] [] [] [] [] [] [] [] [] [] [] [] [] [] [] [] [] [] [] [] [] []
140 [] [1 2 3 4 5] [1 2 3 4 5 6 9] [1 2 4] [1 2 3 4 5 6 7 8 19] [1 2 3 4 5 7 10] [2] [1 2 3 4] [1] [1 2 3 5] [1 2 3] [1 2 3 4 5 6] [1 2 3 5 6] [1 2 4 5] [1 2] [1 4] [1 2 3 4 6] [2 3 4 5] [1 2 3 4 6 9 10] [1 2 3 4 6 9] [1 2 3 4 5 7] [1 2 3 4 5 6 7] [2 3] [1 2 3 5 7] [1 2 3 5 6 7 11] [1 2 3 4 9] [2 3 4 5 7 8] [1 2 3 4 5 6 9 12] [1 2 3 4 5 7 8 19] [] [] [] [] [] [] [] [] [] [] [] [] [] [] [] [] [] [] [] [] [] [] [] [] [] [] [] [] [] [] [] [] [] [] [] [] [] [] [] [] []
141 [] [1 2 4] [1 2 3 4 5 6 7 8 19] [1 2 3 4 5 7 10] [1 2 3 4 5 6 9] [2] [1 2 3 4 5] [1 2 3 4] [1] [1 2 3 5] [1 2 3] [1 2 3 4 5 6] [1 2 3 5 6] [1 2 4 5] [1 2] [1 4] [1 2 3 4 6] [2 3 4 5] [1 2 3 4 6 9 10] [1 2 3 4 6 9] [1 2 3 4 5 7] [1 2 3 4 5 6 7] [2 3] [1 2 3 5 7] [1 2 3 5 6 7 11] [1 2 3 4 9] [2 3 4 5 7 8] [1 2 3 4 5 6 9 12] [1 2 3 4 5 7 8 19] [] [] [] [] [] [] [] [] [] [] [] [] [] [] [] [] [] [] [] [] [] [] [] [] [] [] [] [] [] [] [] [] [] [] [] [] [] [] [] [] []
142 [] [1 2 3 4 5 7 10] [1 2 3 4 5 6 9] [2] [1 2 3 4 5] [1 2 3 4] [1] [1 2 3 5] [1 2 3] [1 2 3 4 5 6] [1 2 3 5 6] [1 2 4 5] [1 2] [1 2 4] [1 4] [1 2 3 4 6] [2 3 4 5] [1 2 3 4 6 9 10] [1 2 3 4 6 9] [1 2 3 4 5 7] [1 2 3 4 5 6 7] [2 3] [1 2 3 5 7] [1 2 3 5 6 7 11] [1 2 3 4 9] [2 3 4 5 7 8] [1 2 3 4 5 6 9 12] [1 2 3 4 5 7 8 19] [] [] [] [] [] [] [] [] [] [] [] [] [] [] [] [] [] [] [] [] [] [] [] [] [] [] [] [] [] [] [] [] [] [] [] [] [] [] [] [] [] []
143 [] [1 2 3 4 5 6 9] [1 2 3 4 5] [1 2 3 4] [1] [1 2 3 5] [1 2 3] [1 2 3 4 5 6] [1 2 3 5 6] [1 2 4 5] [1 2] [1 2 4] [1 4] [1 2 3 4 6] [2 3 4 5] [1 2 3 4 6 9 10] [1 2 3 4 5 7 10] [1 2 3 4 6 9] [1 2 3 4 5 7] [1 2 3 4 5 6 7] [2 3] [1 2 3 5 7] [1 2 3 5 6 7 11] [1 2 3 4 9] [2 3 4 5 7 8] [1 2 3 4 5 6 9 12] [1 2 3 4 5 7 8 19] [] [] [] [] [] [] [] [] [] [] [] [] [] [] [] [] [] [] [] [] [] [] [] [] [] [] [] [] [] [] [] [] [] [] [] [] [] [] [] [] [] [] []
144 [] [1 2 3 4 5 6 9] [1 2 3 4 5] [1 2 3 4] [1] [1 2 3 5] [1 2 3] [1 2 3 4 5 6] [1 2 3 5 6] [1 2 4 5] [1 2] [1 2 4] [1 4] [1 2 3 4 6] [2 3 4 5] [1 2 3 4 6 9 10] [1 2 3 4 5 7 10] [1 2 3 4 6 9] [1 2 3 4 5 7] [1 2 3 4 5 6 7] [2 3] [1 2 3 5 7] [1 2 3 5 6 7 11] [1 2 3 4 9] [2 3 4 5 7 8] [1 2 3 4 5 6 9 12] [1 2 3 4 5 7 8 19] [] [] [] [] [] [] [] [] [] [] [] [] [] [] [] [] [] [] [] [] [] [] [] [] [] [] [] [] [] [] [] [] [] [] [] [] [] [] [] [] [] [] []
145 [] [1 2 3 4 5 6 9] [1 2 3 4 5] [1 2 3 4] [1] [1 2 3 5] [1 2 3] [1 2 3 4 5 6] [1 2 3 5 6] [1 2 4 5] [1 2] [1 2 4] [1 4] [1 2 3 4 6] [2 3 4 5] [1 2 3 4 6 9 10] [1 2 3 4 5 7 10] [1 2 3 4 6 9] [1 2 3 4 5 7] [1 2 3 4 5 6 7] [2 3] [1 2 3 5 7] [1 2 3 5 6 7 11] [1 2 3 4 9] [2 3 4 5 7 8] [1 2 3 4 5 6 9 12] [1 2 3 4 5 7 8 19] [] [] [] [] [] [] [] [] [] [] [] [] [] [] [] [] [] [] [] [] [] [] [] [] [] [] [] [] [] [] [] [] [] [] [] [] [] [] [] [] [] [] []
146 [] [1 2 3 4 5] [1 2 3 4] [1] [1 2 3 5] [1 2 3] [1 2 3 4 5 6] [1 2 3 5 6] [1 2 4 5] [1 2] [1 2 4] [1 4] [1 2 3 4 6] [2 3 4 5] [1 2 3 4 6 9 10] [1 2 3 4 5 7 10] [1 2 3 4 5 6 9] [1 2 3 4 6 9] [1 2 3 4 5 7] [1 2 3 4 5 6 7] [2 3] [1 2 3 5 7] [1 2 3 5 6 7 11] [1 2 3 4 9] [2 3 4 5 7 8] [1 2 3 4 5 6 9 12] [1 2 3 4 5 7 8 19] [] [] [] [] [] [] [] [] [] [] [] [] [] [] [] [] [] [] [] [] [] [] [] [] [] [] [] [] [] [] [] [] [] [] [] [] [] [] [] [] [] [] []
147 [] [1 2 3 4] [1 4] [1] [1 2 3 5] [1 2 3] [1 2 3 4 5 6] [1 2 3 5 6] [1 2 4 5] [1 2 3 4 5] [1 2] [1 2 4] [1 2 3 4 6] [2 3 4 5] [1 2 3 4 6 9 10] [1 2 3 4 5 7 10] [1 2 3 4 5 6 9] [1 2 3 4 6 9] [1 2 3 4 5 7] [1 2 3 4 5 6 7] [2 3] [1 2 3 5 7] [1 2 3 5 6 7 11] [1 2 3 4 9] [2 3 4 5 7 8] [1 2 3 4 5 6 9 12] [1 2 3 4 5 7 8 19] [] [] [] [] [] [] [] [] [] [] [] [] [] [] [] [] [] [] [] [] [] [] [] [] [] [] [] [] [] [] [] [] [] [] [] [] [] [] [] [] [] [] []
148 [] [1] [1 2 3 5] [1 2 3] [1 2 3 4 5 6] [1 2 3 5 6] [1 2 4 5] [1 2 3 4 5] [1 2 3 4] [1 2] [1 2 4] [1 4] [1 2 3 4 6] [2 3 4 5] [1 2 3 4 6 9 10] [1 2 3 4 5 7 10] [1 2 3 4 5 6 9] [1 2 3 4 6 9] [1 2 3 4 5 7] [1 2 3 4 5 6 7] [2 3] [1 2 3 5 7] [1 2 3 5 6 7 11] [1 2 3 4 9] [2 3 4 5 7 8] [1 2 3 4 5 6 9 12] [1 2 3 4 5 7 8 19] [] [] [] [] [] [] [] [] [] [] [] [] [] [] [] [] [] [] [] [] [] [] [] [] [] [] [] [] [] [] [] [] [] [] [] [] [] [] [] [] [] [] []
149 [] [1 2 3 5] [1 2 3] [1 2 3 4 5 6] [1 2 3 5 6] [1 2 4 5] [1 2 3 4 5] [1 2 3 4] [1] [1 2] [1 2 4] [1 4] [1 2 3 4 6] [2 3 4 5] [1 2 3 4 6 9 10] [1 2 3 4 5 7 10] [1 2 3 4 5 6 9] [1 2 3 4 6 9] [1 2 3 4 5 7] [1 2 3 4 5 6 7] [2 3] [1 2 3 5 7] [1 2 3 5 6 7 11] [1 2 3 4 9] [2 3 4 5 7 8] [1 2 3 4 5 6 9 12] [1 2 3 4 5 7 8 19] [] [] [] [] [] [] [] [] [] [] [] [] [] [] [] [] [] [] [] [] [] [] [] [] [] [] [] [] [] [] [] [] [] [] [] [] [] [] [] [] [] [] []
150 [] [1 2 3 5] [1 2] [1 2 3] [1 2 3 4 5 6] [1 2 3 5 6] [1 2 4 5] [1 2 3 4 5] [1 2 3 4] [1] [1 2 4] [1 4] [1 2 3 4 6] [2 3 4 5] [1 2 3 4 6 9 10] [1 2 3 4 5 7 10] [1 2 3 4 5 6 9] [1 2 3 4 6 9] [1 2 3 4 5 7] [1 2 3 4 5 6 7] [2 3] [1 2 3 5 7] [1 2 3 5 6 7 11] [1 2 3 4 9] [2 3 4 5 7 8] [1 2 3 4 5 6 9 12] [1 2 3 4 5 7 8 19] [] [] [] [] [] [] [] [] [] [] [] [] [] [] [] [] [] [] [] [] [] [] [] [] [] [] [] [] [] [] [] [] [] [] [] [] [] [] [] [] [] [] []
151 [] [1 2] [1 2 3] [1 2 3 4 5 6] [1 2 3 5 6] [1 2 4 5] [1 2 3 4 5] [1 2 3 4] [1] [1 2 3 5] [1 2 4] [1 4] [1 2 3 4 6] [2 3 4 5] [1 2 3 4 6 9 10] [1 2 3 4 5 7 10] [1 2 3 4 5 6 9] [1 2 3 4 6 9] [1 2 3 4 5 7] [1 2 3 4 5 6 7] [2 3] [1 2 3 5 7] [1 2 3 5 6 7 11] [1 2 3 4 9] [2 3 4 5 7 8] [1 2 3 4 5 6 9 12] [1 2 3 4 5 7 8 19] [] [] [] [] [] [] [] [] [] [] [] [] [] [] [] [] [] [] [] [] [] [] [] [] [] [] [] [] [] [] [] [] [] [] [] [] [] [] [] [] [] [] []
152 [] [1 2 3 4 5 6] [1 2 3 5 6] [1 2 4 5] [1 2 3 4 5] [1 2 3 4] [1] [1 2] [1 2 3 5] [1 2 4] [1 2 3] [1 4] [1 2 3 4 6] [2 3 4 5] [1 2 3 4 6 9 10] [1 2 3 4 5 7 10] [1 2 3 4 5 6 9] [1 2 3 4 6 9] [1 2 3 4 5 7] [1 2 3 4 5 6 7] [2 3] [1 2 3 5 7] [1 2 3 5 6 7 11] [1 2 3 4 9] [2 3 4 5 7 8] [1 2 3 4 5 6 9 12] [1 2 3 4 5 7 8 19] [] [] [] [] [] [] [] [] [] [] [] [] [] [] [] [] [] [] [] [] [] [] [] [] [] [] [] [] [] [] [] [] [] [] [] [] [] [] [] [] [] [] []
153 [] [1 2 3 5 6] [1 2 3 4 5] [1 2 3 4] [1] [1 2] [1 2 3 5] [1 2 4] [1 2 3] [1 2 3 4 5 6] [1 4] [1 2 3 4 6] [2 3 4 5] [1 2 3 4 6 9 10] [1 2 3 4 5 7 10] [1 2 3 4 5 6 9] [1 2 3 4 6 9] [1 2 3 4 5 7] [1 2 3 4 5 6 7] [2 3] [1 2 3 5 7] [1 2 3 5 6 7 11] [1 2 3 4 9] [2 3 4 5 7 8] [1 2 3 4 5 6 9 12] [1 2 3 4 5 7 8 19] [] [] [] [] [] [] [] [] [] [] [] [] [] [] [] [] [] [] [] [] [] [] [] [] [] [] [] [] [] [] [] [] [] [] [] [] [] [] [] [] [] [] [] []
154 [] [1 2 3 5 6] [1 2 3 4 5] [1 2 3 4] [1] [1 2] [1 2 3 5] [1 2 4] [1 2 3] [1 2 3 4 5 6] [1 4] [1 2 3 4 6] [2 3 4 5] [1 2 3 4 6 9 10] [1 2 3 4 5 7 10] [1 2 3 4 5 6 9] [1 2 3 4 6 9] [1 2 3 4 5 7] [1 2 3 4 5 6 7] [2 3] [1 2 3 5 7] [1 2 3 5 6 7 11] [1 2 3 4 9] [2 3 4 5 7 8] [1 2 3 4 5 6 9 12] [1 2 3 4 5 7 8 19] [] [] [] [] [] [] [] [] [] [] [] [] [] [] [] [] [] [] [] [] [] [] [] [] [] [] [] [] [] [] [] [] [] [] [] [] [] [] [] [] [] [] [] []
155 [] [1 2 3 4 5] [1 2 3 4] [1] [1 2] [1 2 3 5] [1 2 4] [1 2 3] [1 2 3 5 6] [1 2 3 4 5 6] [1 4] [1 2 3 4 6] [2 3 4 5] [1 2 3 4 6 9 10] [1 2 3 4 5 7 10] [1 2 3 4 5 6 9] [1 2 3 4 6 9] [1 2 3 4 5 7] [1 2 3 4 5 6 7] [2 3] [1 2 3 5 7] [1 2 3 5 6 7 11] [1 2 3 4 9] [2 3 4 5 7 8] [1 2 3 4 5 6 9 12] [1 2 3 4 5 7 8 19] [] [] [] [] [] [] [] [] [] [] [] [] [] [] [] [] [] [] [] [] [] [] [] [] [] [] [] [] [] [] [] [] [] [] [] [] [] [] [] [] [] [] [] []
156 [] [1] [1 2] [1 2 3 5] [1 2 3 4 5] [1 2 4] [1 2 3] [1 2 3 5 6] [1 2 3 4 5 6] [1 4] [1 2 3 4] [1 2 3 4 6] [2 3 4 5] [1 2 3 4 6 9 10] [1 2 3 4 5 7 10] [1 2 3 4 5 6 9] [1 2 3 4 6 9] [1 2 3 4 5 7] [1 2 3 4 5 6 7] [2 3] [1 2 3 5 7] [1 2 3 5 6 7 11] [1 2 3 4 9] [2 3 4 5 7 8] [1 2 3 4 5 6 9 12] [1 2 3 4 5 7 8 19] [] [] [] [] [] [] [] [] [] [] [] [] [] [] [] [] [] [] [] [] [] [] [] [] [] [] [] [] [] [] [] [] [] [] [] [] [] [] [] [] [] [] [] []
157 [] [1 2 3 5] [1 2 3 4 5] [1 2 4] [1 2] [1 2 3] [1 2 3 5 6] [1 2 3 4 5 6] [1] [1 4] [1 2 3 4] [1 2 3 4 6] [2 3 4 5] [1 2 3 4 6 9 10] [1 2 3 4 5 7 10] [1 2 3 4 5 6 9] [1 2 3 4 6 9] [1 2 3 4 5 7] [1 2 3 4 5 6 7] [2 3] [1 2 3 5 7] [1 2 3 5 6 7 11] [1 2 3 4 9] [2 3 4 5 7 8] [1 2 3 4 5 6 9 12] [1 2 3 4 5 7 8 19] [] [] [] [] [] [] [] [] [] [] [] [] [] [] [] [] [] [] [] [] [] [] [] [] [] [] [] [] [] [] [] [] [] [] [] [] [] [] [] [] [] [] [] []
158 [] [1 2 3 5] [1 2 3 4 5] [1 2 4] [1 2] [1 2 3] [1 2 3 5 6] [1 2 3 4 5 6] [1] [1 4] [1 2 3 4] [1 2 3 4 6] [2 3 4 5] [1 2 3 4 6 9 10] [1 2 3 4 5 7 10] [1 2 3 4 5 6 9] [1 2 3 4 6 9] [1 2 3 4 5 7] [1 2 3 4 5 6 7] [2 3] [1 2 3 5 7] [1 2 3 5 6 7 11] [1 2 3 4 9] [2 3 4 5 7 8] [1 2 3 4 5 6 9 12] [1 2 3 4 5 7 8 19] [] [] [] [] [] [] [] [] [] [] [] [] [] [] [] [] [] [] [] [] [] [] [] [] [] [] [] [] [] [] [] [] [] [] [] [] [] [] [] [] [] [] [] []
159 [] [1 2 3 5] [1 2 3 4 5] [1 2 4] [1 2] [1 2 3] [1 2 3 5 6] [1 2 3 4 5 6] [1] [1 4] [1 2 3 4] [1 2 3 4 6] [2 3 4 5] [1 2 3 4 6 9 10] [1 2 3 4 5 7 10] [1 2 3 4 5 6 9] [1 2 3 4 6 9] [1 2 3 4 5 7] [1 2 3 4 5 6 7] [2 3] [1 2 3 5 7] [1 2 3 5 6 7 11] [1 2 3 4 9] [2 3 4 5 7 8] [1 2 3 4 5 6 9 12] [1 2 3 4 5 7 8 19] [] [] [] [] [] [] [] [] [] [] [] [] [] [] [] [] [] [] [] [] [] [] [] [] [] [] [] [] [] [] [] [] [] [] [] [] [] [] [] [] [] [] [] []
160 [] [1 2 3 4 5] [1 2 4] [1 2] [1 2 3] [1 2 3 5 6] [1 2 3 4 5 6] [1] [1 4] [1 2 3 4] [1 2 3 5] [1 2 3 4 6] [2 3 4 5] [1 2 3 4 6 9 10] [1 2 3 4 5 7 10] [1 2 3 4 5 6 9] [1 2 3 4 6 9] [1 2 4 5] [1 2 3 4 5 7] [1 2 3 4 5 6 7] [2 3] [1 2 3 5 7] [1 2 3 5 6 7 11] [1 2 3 4 9] [2 3 4 5 7 8] [1 2 3 4 5 6 9 12] [1 2 3 4 5 7 8 19] [] [] [] [] [] [] [] [] [] [] [] [] [] [] [] [] [] [] [] [] [] [] [] [] [] [] [] [] [] [] [] [] [] [] [] [] [] [] [] [] [] [] []
161 [] [1 2 3 4 5] [1 2 3] [1 2 3 5 6] [1 2] [1 2 3 4 5 6] [1] [1 4] [1 2 3 4] [1 2 3 5] [1 2 3 4 6] [2 3 4 5] [1 2 3 4 6 9 10] [1 2 3 4 5 7 10] [1 2 3 4 5 6 9] [1 2 3 4 6 9] [1 2 4 5] [1 2 3 4 5 7] [1 2 3 4 5 6 7] [2 3] [1 2 4] [1 2 3 5 7] [1 2 3 5 6 7 11] [1 2 3 4 9] [2 3 4 5 7 8] [1 2 3 4 5 6 9 12] [1 2 3 4 5 7 8 19] [] [] [] [] [] [] [] [] [] [] [] [] [] [] [] [] [] [] [] [] [] [] [] [] [] [] [] [] [] [] [] [] [] [] [] [] [] [] [] [] [] [] []
162 [] [1 2 3 4 5] [1 2 3] [1 2] [1 2 3 5 6] [1 2 3 4 5 6] [1] [1 4] [1 2 3 4] [1 2 3 5] [1 2 3 4 6] [2 3 4 5] [1 2 3 4 6 9 10] [1 2 3 4 5 7 10] [1 2 3 4 5 6 9] [1 2 3 4 6 9] [1 2 4 5] [1 2 3 4 5 7] [1 2 3 4 5 6 7] [2 3] [1 2 4] [1 2 3 5 7] [1 2 3 5 6 7 11] [1 2 3 4 9] [2 3 4 5 7 8] [1 2 3 4 5 6 9 12] [1 2 3 4 5 7 8 19] [] [] [] [] [] [] [] [] [] [] [] [] [] [] [] [] [] [] [] [] [] [] [] [] [] [] [] [] [] [] [] [] [] [] [] [] [] [] [] [] [] [] []
163 [] [1 2 3 5 6] [1 2 3] [1 2] [1 2 3 4 5 6] [1] [1 4] [1 2 3 4] [1 2 3 4 5] [1 2 3 5] [1 2 3 4 6] [2 3 4 5] [1 2 3 4 6 9 10] [1 2 3 4 5 7 10] [1 2 3 4 5 6 9] [1 2 3 4 6 9] [1 2 4 5] [1 2 3 4 5 7] [1 2 3 4 5 6 7] [2 3] [1 2 4] [1 2 3 5 7] [1 2 3 5 6 7 11] [1 2 3 4 9] [2 3 4 5 7 8] [1 2 3 4 5 6 9 12] [1 2 3 4 5 7 8 19] [] [] [] [] [] [] [] [] [] [] [] [] [] [] [] [] [] [] [] [] [] [] [] [] [] [] [] [] [] [] [] [] [] [] [] [] [] [] [] [] [] [] []
164 [] [1 2 3] [1 2 3 4 5] [1 2 3 4 5 6] [1] [1 4] [1 2 3 4] [1 2 3 5] [1 2 3 4 6] [1 2] [2 3 4 5] [1 2 3 4 6 9 10] [1 2 3 4 5 7 10] [1 2 3 4 5 6 9] [1 2 3 4 6 9] [1 2 4 5] [1 2 3 5 6] [1 2 3 4 5 7] [1 2 3 4 5 6 7] [2 3] [1 2 4] [1 2 3 5 7] [1 2 3 5 6 7 11] [1 2 3 4 9] [2 3 4 5 7 8] [1 2 3 4 5 6 9 12] [1 2 3 4 5 7 8 19] [] [] [] [] [] [] [] [] [] [] [] [] [] [] [] [] [] [] [] [] [] [] [] [] [] [] [] [] [] [] [] [] [] [] [] [] [] [] [] [] [] [] []
165 [] [1 2 3 4 5] [1] [1 2 3] [1 2 3 4 5 6] [1 4] [1 2 3 4] [1 2 3 5] [1 2 3 4 6] [1 2] [2 3 4 5] [1 2 3 4 6 9 10] [1 2 3 4 5 7 10] [1 2 3 4 5 6 9] [1 2 3 4 6 9] [1 2 4 5] [1 2 3 5 6] [1 2 3 4 5 7] [1 2 3 4 5 6 7] [2 3] [1 2 4] [1 2 3 5 7] [1 2 3 5 6 7 11] [1 2 3 4 9] [2 3 4 5 7 8] [1 2 3 4 5 6 9 12] [1 2 3 4 5 7 8 19] [] [] [] [] [] [] [] [] [] [] [] [] [] [] [] [] [] [] [] [] [] [] [] [] [] [] [] [] [] [] [] [] [] [] [] [] [] [] [] [] [] [] []
166 [] [1 2 3] [1 2 3 4 5 6] [1] [1 2 4] [1 4] [1 2 3 4] [1 2 3 4 5] [1 2 3 5] [1 2 3 4 6] [1 2] [2 3 4 5] [1 2 3 4 6 9 10] [1 2 3 4 5 7 10] [1 2 3 4 5 6 9] [1 2 3 4 6 9] [1 2 4 5] [1 2 3 5 6] [1 2 3 4 5 7] [1 2 3 4 5 6 7] [2 3] [1 2 3 5 7] [1 2 3 5 6 7 11] [1 2 3 4 9] [2 3 4 5 7 8] [1 2 3 4 5 6 9 12] [1 2 3 4 5 7 8 19] [] [] [] [] [] [] [] [] [] [] [] [] [] [] [] [] [] [] [] [] [] [] [] [] [] [] [] [] [] [] [] [] [] [] [] [] [] [] [] [] [] [] []
167 [] [1 2 3 4 5 6] [1 2 4] [1 4] [1 2 3] [1 2 3 4] [1] [1 2 3 4 5] [1 2 3 5] [1 2 3 4 6] [1 2] [2 3 4 5] [1 2 3 4 6 9 10] [1 2 3 4 5 7 10] [1 2 3 4 5 6 9] [1 2 3 4 6 9] [1 2 4 5] [1 2 3 5 6] [1 2 3 4 5 7] [1 2 3 4 5 6 7] [2 3] [1 2 3 5 7] [1 2 3 5 6 7 11] [1 2 3 4 9] [2 3 4 5 7 8] [1 2 3 4 5 6 9 12] [1 2 3 4 5 7 8 19] [] [] [] [] [] [] [] [] [] [] [] [] [] [] [] [] [] [] [] [] [] [] [] [] [] [] [] [] [] [] [] [] [] [] [] [] [] [] [] [] [] [] []
168 [] [1 2 3 4 5 6] [1 2 4] [1 4] [1 2 3] [1 2 3 4] [1] [1 2 3 4 5] [1 2 3 5] [1 2 3 4 6] [1 2] [2 3 4 5] [1 2 3 4 6 9 10] [1 2 3 4 5 7 10] [1 2 3 4 5 6 9] [1 2 3 4 6 9] [1 2 4 5] [1 2 3 5 6] [1 2 3 4 5 7] [1 2 3 4 5 6 7] [2 3] [1 2 3 5 7] [1 2 3 5 6 7 11] [1 2 3 4 9] [2 3 4 5 7 8] [1 2 3 4 5 6 9 12] [1 2 3 4 5 7 8 19] [] [] [] [] [] [] [] [] [] [] [] [] [] [] [] [] [] [] [] [] [] [] [] [] [] [] [] [] [] [] [] [] [] [] [] [] [] [] [] [] [] [] []
169 [] [1 2 4] [1 4] [1 2 3] [1 2 3 4] [1] [1 2 3 4 5] [1 2 3 5] [1 2 3 4 6] [1 2 3 4 5 6] [1 2] [2 3 4 5] [1 2 3 4 6 9 10] [1 2 3 4 5 7 10] [1 2 3 4 5 6 9] [1 2 3 4 6 9] [1 2 4 5] [1 2 3 5 6] [1 2 3 4 5 7] [1 2 3 4 5 6 7] [2 3] [1 2 3 5 7] [1 2 3 5 6 7 11] [1 2 3 4 9] [2 3 4 5 7 8] [1 2 3 4 5 6 9 12] [1 2 3 4 5 7 8 19] [] [] [] [] [] [] [] [] [] [] [] [] [] [] [] [] [] [] [] [] [] [] [] [] [] [] [] [] [] [] [] [] [] [] [] [] [] [] [] [] [] [] []
170 [] [1 2 3] [1 2 3 4] [1] [1 2 3 4 5] [1 2 3 5] [1 2 3 4 6] [1 2 3 4 5 6] [1 2] [2 3 4 5] [1 2 3 4 6 9 10] [1 2 3 4 5 7 10] [1 2 3 4 5 6 9] [1 2 3 4 6 9] [1 2 4 5] [1 2 3 5 6] [1 2 3 4 5 7] [1 2 3 4 5 6 7] [2 3] [1 2 4] [1 2 3 5 7] [1 2 3 5 6 7 11] [1 4] [1 2 3 4 9] [2 3 4 5 7 8] [1 2 3 4 5 6 9 12] [1 2 3 4 5 7 8 19] [] [] [] [] [] [] [] [] [] [] [] [] [] [] [] [] [] [] [] [] [] [] [] [] [] [] [] [] [] [] [] [] [] [] [] [] [] [] [] [] [] [] []
171 [] [1 2 3] [1 2 3 4] [1] [1 2 3 4 5] [1 2 3 5] [1 2 3 4 6] [1 2 3 4 5 6] [1 2] [2 3 4 5] [1 2 3 4 6 9 10] [1 2 3 4 5 7 10] [1 2 3 4 5 6 9] [1 2 3 4 6 9] [1 2 4 5] [1 2 3 5 6] [1 2 3 4 5 7] [1 2 3 4 5 6 7] [2 3] [1 2 4] [1 2 3 5 7] [1 2 3 5 6 7 11] [1 4] [1 2 3 4 9] [2 3 4 5 7 8] [1 2 3 4 5 6 9 12] [1 2 3 4 5 7 8 19] [] [] [] [] [] [] [] [] [] [] [] [] [] [] [] [] [] [] [] [] [] [] [] [] [] [] [] [] [] [] [] [] [] [] [] [] [] [] [] [] [] [] []
172 [] [1 2 3 4] [1] [1 2 3 4 5] [1 2 3] [1 2 3 5] [1 2 3 4 6] [1 2 3 4 5 6] [1 2] [2 3 4 5] [1 2 3 4 6 9 10] [1 2 3 4 5 7 10] [1 2 3 4 5 6 9] [1 2 3 4 6 9] [1 2 4 5] [1 2 3 5 6] [1 2 3 4 5 7] [1 2 3 4 5 6 7] [2 3] [1 2 4] [1 2 3 5 7] [1 2 3 5 6 7 11] [1 4] [1 2 3 4 9] [2 3 4 5 7 8] [1 2 3 4 5 6 9 12] [1 2 3 4 5 7 8 19] [] [] [] [] [] [] [] [] [] [] [] [] [] [] [] [] [] [] [] [] [] [] [] [] [] [] [] [] [] [] [] [] [] [] [] [] [] [] [] [] [] [] []
173 [] [1 2 3 4] [1 2 3] [1] [1 2 3 4 5] [1 2 3 5] [1 2 3 4 6] [1 2 3 4 5 6] [1 2] [2 3 4 5] [1 2 3 4 6 9 10] [1 2 3 4 5 7 10] [1 2 3 4 5 6 9] [1 2 3 4 6 9] [1 2 4 5] [1 2 3 5 6] [1 2 3 4 5 7] [1 2 3 4 5 6 7] [2 3] [1 2 4] [1 2 3 5 7] [1 2 3 5 6 7 11] [1 4] [1 2 3 4 9] [2 3 4 5 7 8] [1 2 3 4 5 6 9 12] [1 2 3 4 5 7 8 19] [] [] [] [] [] [] [] [] [] [] [] [] [] [] [] [] [] [] [] [] [] [] [] [] [] [] [] [] [] [] [] [] [] [] [] [] [] [] [] [] [] [] []
174 [] [1] [1 2 3 4 5] [1 2 3 4] [1 2 3] [1 2 3 5] [1 2 3 4 6] [1 2 3 4 5 6] [1 2] [2 3 4 5] [1 2 3 4 6 9 10] [1 2 3 4 5 7 10] [1 2 3 4 5 6 9] [1 2 3 4 6 9] [1 2 4 5] [1 2 3 5 6] [1 2 3 4 5 7] [1 2 3 4 5 6 7] [2 3] [1 2 4] [1 2 3 5 7] [1 2 3 5 6 7 11] [1 4] [1 2 3 4 9] [2 3 4 5 7 8] [1 2 3 4 5 6 9 12] [1 2 3 4 5 7 8 19] [] [] [] [] [] [] [] [] [] [] [] [] [] [] [] [] [] [] [] [] [] [] [] [] [] [] [] [] [] [] [] [] [] [] [] [] [] [] [] [] [] [] []
175 [] [1] [1 2 3 4 5] [1 2 3 4] [1 2 3] [1 2 3 5] [1 2 3 4 6] [1 2 3 4 5 6] [1 2] [2 3 4 5] [1 2 3 4 6 9 10] [1 2 3 4 5 7 10] [1 2 3 4 5 6 9] [1 2 3 4 6 9] [1 2 4 5] [1 2 3 5 6] [1 2 3 4 5 7] [1 2 3 4 5 6 7] [2 3] [1 2 4] [1 2 3 5 7] [1 2 3 5 6 7 11] [1 4] [1 2 3 4 9] [2 3 4 5 7 8] [1 2 3 4 5 6 9 12] [1 2 3 4 5 7 8 19] [] [] [] [] [] [] [] [] [] [] [] [] [] [] [] [] [] [] [] [] [] [] [] [] [] [] [] [] [] [] [] [] [] [] [] [] [] [] [] [] [] [] []
176 [] [1] [1 2 3 5] [1 2 3 4 5] [1 2 3 4] [1 2 3] [1 2 3 4 6] [1 2 3 4 5 6] [1 2] [2 3 4 5] [1 2 3 4 6 9 10] [1 2 3 4 5 7 10] [1 2 3 4 5 6 9] [1 2 3 4 6 9] [1 2 4 5] [1 2 3 5 6] [1 2 3 4 5 7] [1 2 3 4 5 6 7] [2 3] [1 2 4] [1 2 3 5 7] [1 2 3 5 6 7 11] [1 4] [1 2 3 4 9] [2 3 4 5 7 8] [1 2 3 4 5 6 9 12] [1 2 3 4 5 7 8 19] [] [] [] [] [] [] [] [] [] [] [] [] [] [] [] [] [] [] [] [] [] [] [] [] [] [] [] [] [] [] [] [] [] [] [] [] [] [] [] [] [] [] []
177 [] [1 2 3 5] [1 2 3 4 5] [1 2 3 4] [1 2 3] [1 2 3 4 6] [1 2 3 4 5 6] [1] [1 2] [2 3 4 5] [1 2 3 4 6 9 10] [1 2 3 4 5 7 10] [1 2 3 4 5 6 9] [1 2 3 4 6 9] [1 2 4 5] [1 2 3 5 6] [1 2 3 4 5 7] [1 2 3 4 5 6 7] [2 3] [1 2 4] [1 2 3 5 7] [1 2 3 5 6 7 11] [1 4] [1 2 3 4 9] [2 3 4 5 7 8] [1 2 3 4 5 6 9 12] [1 2 3 4 5 7 8 19] [] [] [] [] [] [] [] [] [] [] [] [] [] [] [] [] [] [] [] [] [] [] [] [] [] [] [] [] [] [] [] [] [] [] [] [] [] [] [] [] [] [] []
178 [] [1 2 3 4] [1 2 3] [1 2 3 5] [1 2 3 4 6] [1 2 3 4 5 6] [1] [1 2] [2 3 4 5] [1 2 3 4 6 9 10] [1 2 3 4 5] [1 2 3 4 5 7 10] [1 2 3 4 5 6 9] [1 2 3 4 6 9] [1 2 4 5] [1 2 3 5 6] [1 2 3 4 5 7] [1 2 3 4 5 6 7] [2 3] [1 2 4] [1 2 3 5 7] [1 2 3 5 6 7 11] [1 4] [1 2 3 4 9] [2 3 4 5 7 8] [1 2 3 4 5 6 9 12] [1 2 3 4 5 7 8 19] [] [] [] [] [] [] [] [] [] [] [] [] [] [] [] [] [] [] [] [] [] [] [] [] [] [] [] [] [] [] [] [] [] [] [] [] [] [] [] [] [] [] []
179 [] [1 2 3 4] [1 2 3] [1 2 3 5] [1 2 3 4 6] [1 2 3 4 5 6] [1] [1 2] [2 3 4 5] [1 2 3 4 6 9 10] [1 2 3 4 5] [1 2 3 4 5 7 10] [1 2 3 4 5 6 9] [1 2 3 4 6 9] [1 2 4 5] [1 2 3 5 6] [1 2 3 4 5 7] [1 2 3 4 5 6 7] [2 3] [1 2 4] [1 2 3 5 7] [1 2 3 5 6 7 11] [1 4] [1 2 3 4 9] [2 3 4 5 7 8] [1 2 3 4 5 6 9 12] [1 2 3 4 5 7 8 19] [] [] [] [] [] [] [] [] [] [] [] [] [] [] [] [] [] [] [] [] [] [] [] [] [] [] [] [] [] [] [] [] [] [] [] [] [] [] [] [] [] [] []
180 [] [1 2 3 4] [1 2 3 4 6] [1] [1 2 3] [1 2 3 5] [1 2 3 4 5 6] [1 2] [2 3 4 5] [1 2 3 4 6 9 10] [1 2 3 4 5] [1 2 3 4 5 7 10] [1 2 3 4 5 6 9] [1 2 3 4 6 9] [1 2 4 5] [1 2 3 5 6] [1 2 3 4 5 7] [1 2 3 4 5 6 7] [2 3] [1 2 4] [1 2 3 5 7] [1 2 3 5 6 7 11] [1 4] [1 2 3 4 9] [2 3 4 5 7 8] [1 2 3 4 5 6 9 12] [1 2 3 4 5 7 8 19] [] [] [] [] [] [] [] [] [] [] [] [] [] [] [] [] [] [] [] [] [] [] [] [] [] [] [] [] [] [] [] [] [] [] [] [] [] [] [] [] [] [] []
181 [] [1] [1 2 3] [1 2 3 4] [1 2 3 5] [1 2 3 4 6] [1 2 3 4 5 6] [1 2] [2 3 4 5] [1 2 3 4 6 9 10] [1 2 3 4 5] [1 2 3 4 5 7 10] [1 2 3 4 5 6 9] [1 2 3 4 6 9] [1 2 4 5] [1 2 3 5 6] [1 2 3 4 5 7] [1 2 3 4 5 6 7] [2 3] [1 2 4] [1 2 3 5 7] [1 2 3 5 6 7 11] [1 4] [1 2 3 4 9] [2 3 4 5 7 8] [1 2 3 4 5 6 9 12] [1 2 3 4 5 7 8 19] [] [] [] [] [] [] [] [] [] [] [] [] [] [] [] [] [] [] [] [] [] [] [] [] [] [] [] [] [] [] [] [] [] [] [] [] [] [] [] [] [] [] []
182 [] [1 2 3] [1 2 3 4] [1 2 3 5] [1 2 3 4 6] [1 2 3 4 5 6] [1] [1 2] [2 3 4 5] [1 2 3 4 6 9 10] [1 2 3 4 5] [1 2 3 4 5 7 10] [1 2 3 4 5 6 9] [1 2 3 4 6 9] [1 2 4 5] [1 2 3 5 6] [1 2 3 4 5 7] [1 2 3 4 5 6 7] [2 3] [1 2 4] [1 2 3 5 7] [1 2 3 5 6 7 11] [1 4] [1 2 3 4 9] [2 3 4 5 7 8] [1 2 3 4 5 6 9 12] [1 2 3 4 5 7 8 19] [] [] [] [] [] [] [] [] [] [] [] [] [] [] [] [] [] [] [] [] [] [] [] [] [] [] [] [] [] [] [] [] [] [] [] [] [] [] [] [] [] [] []
183 [] [1 2 3 4] [1 2 3 5] [1 2 3 4 6] [1 2 3 4 5 6] [1] [1 2 3] [1 2] [2 3 4 5] [1 2 3 4 6 9 10] [1 2 3 4 5] [1 2 3 4 5 7 10] [1 2 3 4 5 6 9] [1 2 3 4 6 9] [1 2 4 5] [1 2 3 5 6] [1 2 3 4 5 7] [1 2 3 4 5 6 7] [2 3] [1 2 4] [1 2 3 5 7] [1 2 3 5 6 7 11] [1 4] [1 2 3 4 9] [2 3 4 5 7 8] [1 2 3 4 5 6 9 12] [1 2 3 4 5 7 8 19] [] [] [] [] [] [] [] [] [] [] [] [] [] [] [] [] [] [] [] [] [] [] [] [] [] [] [] [] [] [] [] [] [] [] [] [] [] [] [] [] [] [] []
184 [] [1 2 3 4 6] [1 2 3 4] [1 2 3 4 5 6] [1] [1 2 3] [1 2] [2 3 4 5] [1 2 3 4 6 9 10] [1 2 3 4 5] [1 2 3 5] [1 2 3 4 5 7 10] [1 2 3 4 5 6 9] [1 2 3 4 6 9] [1 2 4 5] [1 2 3 5 6] [1 2 3 4 5 7] [1 2 3 4 5 6 7] [2 3] [1 2 4] [1 2 3 5 7] [1 2 3 5 6 7 11] [1 4] [1 2 3 4 9] [2 3 4 5 7 8] [1 2 3 4 5 6 9 12] [1 2 3 4 5 7 8 19] [] [] [] [] [] [] [] [] [] [] [] [] [] [] [] [] [] [] [] [] [] [] [] [] [] [] [] [] [] [] [] [] [] [] [] [] [] [] [] [] [] [] []
185 [] [1 2 3 4 6] [1 2 3 4 5 6] [1] [1 2 3] [1 2] [2 3 4 5] [1 2 3 4 6 9 10] [1 2 3 4] [1 2 3 4 5] [1 2 3 5] [1 2 3 4 5 7 10] [1 2 3 4 5 6 9] [1 2 3 4 6 9] [1 2 4 5] [1 2 3 5 6] [1 2 3 4 5 7] [1 2 3 4 5 6 7] [2 3] [1 2 4] [1 2 3 5 7] [1 2 3 5 6 7 11] [1 4] [1 2 3 4 9] [2 3 4 5 7 8] [1 2 3 4 5 6 9 12] [1 2 3 4 5 7 8 19] [] [] [] [] [] [] [] [] [] [] [] [] [] [] [] [] [] [] [] [] [] [] [] [] [] [] [] [] [] [] [] [] [] [] [] [] [] [] [] [] [] [] []
186 [] [1] [1 2 3 4] [1 2] [1 2 3] [2 3 4 5] [1 2 3 4 6 9 10] [1 2 3 4 5] [1 2 3 5] [1 2 3 4 5 6] [1 2 3 4 5 7 10] [1 2 3 4 5 6 9] [1 2 3 4 6 9] [1 2 4 5] [1 2 3 5 6] [1 2 3 4 5 7] [1 2 3 4 5 6 7] [2 3] [1 2 4] [1 2 3 5 7] [1 2 3 5 6 7 11] [1 2 3 4 6] [1 4] [1 2 3 4 9] [2 3 4 5 7 8] [1 2 3 4 5 6 9 12] [1 2 3 4 5 7 8 19] [] [] [] [] [] [] [] [] [] [] [] [] [] [] [] [] [] [] [] [] [] [] [] [] [] [] [] [] [] [] [] [] [] [] [] [] [] [] [] [] [] [] []
187 [] [1 2] [1 2 3] [2 3 4 5] [1 2 3 4 6 9 10] [1 2 3 4] [1] [1 2 3 4 5] [1 2 3 5] [1 2 3 4 5 6] [1 2 3 4 5 7 10] [1 2 3 4 5 6 9] [1 2 3 4 6 9] [1 2 4 5] [1 2 3 5 6] [1 2 3 4 5 7] [1 2 3 4 5 6 7] [2 3] [1 2 4] [1 2 3 5 7] [1 2 3 5 6 7 11] [1 2 3 4 6] [1 4] [1 2 3 4 9] [2 3 4 5 7 8] [1 2 3 4 5 7 8] [1 2 3 4 5 6 9 12] [1 2 3 4 5 7 8 19] [] [] [] [] [] [] [] [] [] [] [] [] [] [] [] [] [] [] [] [] [] [] [] [] [] [] [] [] [] [] [] [] [] [] [] [] [] [] [] [] [] []
188 [] [1 2] [1 2 4 5 6] [2 3 4 5] [1 2 3 4 6 9 10] [1 2 3 4 5 6] [1 2 3 4] [1] [1 2 3 4 5] [1 2 3 5] [1 2 3 4 5 7 10] [1 2 3] [1 2 3 4 5 6 9] [1 2 3 4 6 9] [1 2 4 5] [1 2 3 5 6] [1 2 3 4 5 7] [1 2 3 4 5 6 7] [2 3] [1 2 4] [1 2 3 5 7] [1 2 3 5 6 7 11] [1 2 3 4 6] [1 4] [1 2 3 4 9] [2 3 4 5 7 8] [1 2 3 4 5 7 8] [1 2 3 4 5 6 9 12] [1 2 3 4 5 7 8 19] [] [] [] [] [] [] [] [] [] [] [] [] [] [] [] [] [] [] [] [] [] [] [] [] [] [] [] [] [] [] [] [] [] [] [] [] [] [] [] [] []
189 [] [1 2 4 5 6] [2 3 4 5] [1 2 3 4] [1] [1 2 3 4 5] [1 2 3 5] [1 2 3 4 5 6] [1 2] [1 2 3 4 5 7 10] [1 2 3] [1 2 3 4 5 6 9] [1 2 3 4 6 9] [1 2 4 5] [1 2 3 5 6] [1 2 3 4 5 7] [1 2 3 4 5 6 7] [2 3] [1 2 4] [1 2 3 5 7] [1 2 3 5 6 7 11] [1 2 3 4 6] [1 4] [1 2 3 4 9] [2 3 4 5 7 8] [1 2 3 4 5 7 8] [1 2 3 4 5 6 9 12] [1 2 3 4 5 7 8 19] [] [] [] [] [] [] [] [] [] [] [] [] [] [] [] [] [] [] [] [] [] [] [] [] [] [] [] [] [] [] [] [] [] [] [] [] [] [] [] [] [] []
190 [] [1 2 4 5 6] [2 3 4 5] [1 2 3 4] [1] [1 2 3 4 5] [1 2 3 5] [1 2 3 4 5 6] [1 2] [1 2 3 4 5 7 10] [1 2 3] [1 2 3 4 5 6 9] [1 2 3 4 6 9] [1 2 4 5] [1 2 3 5 6] [1 2 3 4 5 7] [1 2 3 4 5 6 7] [2 3] [1 2 4] [1 2 3 5 7] [1 2 3 5 6 7 11] [1 2 3 4 6] [1 4] [1 2 3 4 9] [2 3 4 5 7 8] [1 2 3 4 5 7 8] [1 2 3 4 5 6 9 12] [1 2 3 4 5 7 8 19] [] [] [] [] [] [] [] [] [] [] [] [] [] [] [] [] [] [] [] [] [] [] [] [] [] [] [] [] [] [] [] [] [] [] [] [] [] [] [] [] [] []
191 [] [2 3 4 5] [1 2 3 4] [1] [1 2 3 4 5] [1 2 3 5] [1 2 3 4 5 6] [1 2] [1 2 3 4 5 7 10] [1 2 3] [1 2 3 4 5 6 9] [1 2 3 4 6 9] [1 2 4 5] [1 2 3 5 6] [1 2 3 4 5 7] [1 2 3 4 5 6 7] [2 3] [1 2 4] [1 2 3 5 7] [1 2 3 5 6 7 11] [1 2 3 4 6] [1 4] [1 2 3 4 9] [2 3 4 5 7 8] [1 2 3 4 5 7 8] [1 2 3 4 5 6 9 12] [1 2 3 4 5 7 8 19] [] [] [] [] [] [] [] [] [] [] [] [] [] [] [] [] [] [] [] [] [] [] [] [] [] [] [] [] [] [] [] [] [] [] [] [] [] [] [] [] [] [] []
192 [] [1 2 3 4] [1] [1 2 3 4 5] [1 2 3 5] [1 2 3 4 5 6] [1 2] [1 2 3 4 5 7 10] [1 2 3] [1 2 3 4 5 6 9] [1 2 3 4 6 9] [1 2 4 5] [1 2 3 5 6] [1 2 3 4 5 7] [1 2 3 4 5 6 7] [2 3] [1 2 4] [1 2 3 5 7] [1 2 3 5 6 7 11] [1 2 3 4 6] [1 4] [1 2 3 4 9] [2 3 4 5 7 8] [1 2 3 4 5 7 8] [1 2 3 4 5 6 9 12] [1 2 3 4 5 7 8 19] [] [] [] [] [] [] [] [] [] [] [] [] [] [] [] [] [] [] [] [] [] [] [] [] [] [] [] [] [] [] [] [] [] [] [] [] [] [] [] [] [] [] [] []
193 [] [1 2 3 4 5] [1 2 3 5] [1 2 3 4 5 6] [1 2 3 4 5 7 10] [1 2 3] [1 2 3 4 5 6 9] [1 2] [1 2 3 4 6 9] [1 2 4 5] [1 2 3 5 6] [1] [1 2 3 4 5 7] [1 2 3 4 5 6 7] [2 3] [1 2 3 4] [1 2 4] [1 2 3 5 7] [1 2 3 5 6 7 11] [1 2 3 4 6] [1 4] [1 2 3 4 9] [2 3 4 5 7 8] [1 2 3 4 5 7 8] [1 2 3 4 5 6 9 12] [1 2 3 4 5 7 8 19] [] [] [] [] [] [] [] [] [] [] [] [] [] [] [] [] [] [] [] [] [] [] [] [] [] [] [] [] [] [] [] [] [] [] [] [] [] [] [] [] [] [] [] []
194 [] [1 2 3 4 5 6] [1 2 3 4 5 7 10] [1 2 3] [1 2 3 4 5 6 9] [1 2 3 4 5] [1 2] [1 2 3 4 6 9] [1 2 4 5] [1 2 3 5 6] [1] [1 2 3 4 5 7] [1 2 3 4 5 6 7] [2 3] [1 2 3 4] [1 2 4] [1 2 3 5 7] [1 2 3 5 6 7 11] [1 2 3 4 6] [1 4] [1 2 3 4 9] [2 3 4 5 7 8] [1 2 3 4 5 7 8] [1 2 3 5] [1 2 3 4 5 6 9 12] [1 2 3 4 5 7 8 19] [] [] [] [] [] [] [] [] [] [] [] [] [] [] [] [] [] [] [] [] [] [] [] [] [] [] [] [] [] [] [] [] [] [] [] [] [] [] [] [] [] [] [] []
195 [] [1 2 3 4 5 6] [1 2 3 4 5 7 10] [1 2 3] [1 2 3 4 5 6 9] [1 2 3 4 5] [1 2] [1 2 3 4 6 9] [1 2 4 5] [1 2 3 5 6] [1] [1 2 3 4 5 7] [1 2 3 4 5 6 7] [2 3] [1 2 3 4] [1 2 4] [1 2 3 5 7] [1 2 3 5 6 7 11] [1 2 3 4 6] [1 4] [1 2 3 4 9] [2 3 4 5 7 8] [1 2 3 4 5 7 8] [1 2 3 5] [1 2 3 4 5 6 9 12] [1 2 3 4 5 7 8 19] [] [] [] [] [] [] [] [] [] [] [] [] [] [] [] [] [] [] [] [] [] [] [] [] [] [] [] [] [] [] [] [] [] [] [] [] [] [] [] [] [] [] [] []
196 [] [1 2 3 4 5 6] [1 2 3 4 5 7 10] [1 2 3] [1 2 3 4 5 6 9] [1 2 3 4 5] [1 2] [1 2 3 4 6 9] [1 2 4 5] [1 2 3 5 6] [1] [1 2 3 4 5 7] [1 2 3 4 5 6 7] [2 3] [1 2 3 4] [1 2 4] [1 2 3 5 7] [1 2 3 5 6 7 11] [1 2 3 4 6] [1 4] [1 2 3 4 9] [2 3 4 5 7 8] [1 2 3 4 5 7 8] [1 2 3 5] [1 2 3 4 5 6 9 12] [1 2 3 4 5 7 8 19] [] [] [] [] [] [] [] [] [] [] [] [] [] [] [] [] [] [] [] [] [] [] [] [] [] [] [] [] [] [] [] [] [] [] [] [] [] [] [] [] [] [] [] []
197 [] [1 2 3 4 5 7 10] [1 2 3 4 5 6] [1 2 3] [1 2 3 4 5 6 9] [1 2 3 4 5] [1 2] [1 2 3 4 6 9] [1 2 4 5] [1 2 3 5 6] [1] [1 2 3 4 5 7] [1 2 3 4 5 6 7] [2 3] [1 2 3 4] [1 2 4] [1 2 3 5 7] [1 2 3 5 6 7 11] [1 2 3 4 6] [1 4] [1 2 3 4 9] [2 3 4 5 7 8] [1 2 3 4 5 7 8] [1 2 3 5] [1 2 3 4 5 6 9 12] [1 2 3 4 5 7 8 19] [] [] [] [] [] [] [] [] [] [] [] [] [] [] [] [] [] [] [] [] [] [] [] [] [] [] [] [] [] [] [] [] [] [] [] [] [] [] [] [] [] [] [] []
198 [] [1 2 3 4 5 6 9] [1 2 3 4 5] [1 2] [1 2 3 4 6 9] [1 2 4 5] [1 2 3 5 6] [1] [1 2 3 4 5 7] [1 2 3 4 5 6] [1 2 3 4 5 6 7] [2 3] [1 2 3 4] [1 2 4] [1 2 3] [1 2 3 5 7] [1 2 3 5 6 7 11] [1 2 3 4 6] [1 4] [1 2 3 4 9] [2 3 4 5 7 8] [1 2 3 4 5 7 8] [1 2 3 5] [1 2 3 4 5 6 9 12] [1 2 3 4 5 7 8 19] [] [] [] [] [] [] [] [] [] [] [] [] [] [] [] [] [] [] [] [] [] [] [] [] [] [] [] [] [] [] [] [] [] [] [] [] [] [] [] [] [] [] [] [] []
199 [] [1 2] [1 2 3 4 6 9] [1 2 4 5] [1 2 3 5 6] [1] [1 2 3 4 5 7] [1 2 3 4 5 6] [1 2 3 4 5 6 7] [1 2 3 4 5] [2 3] [1 2 3 4] [1 2 4] [1 2 3] [1 2 3 5 7] [1 2 3 5 6 7 11] [1 2 3 4 6] [1 4] [1 2 3 4 9] [2 3 4 5 7 8] [1 2 3 4 5 7 8] [1 2 3 5] [1 2 3 4 5 6 9 12] [1 2 3 4 5 7 8 19] [] [] [] [] [] [] [] [] [] [] [] [] [] [] [] [] [] [] [] [] [] [] [] [] [] [] [] [] [] [] [] [] [] [] [] [] [] [] [] [] [] [] [] [] [] []
200 [] [1 2 3 5 6] [1 2 3 4 6] [1] [1 2 3 4 5 7] [1 2 3 4 5 6] [1 2] [1 2 3 4 6 9] [1 2 3 4 5 6 7] [1 2 3 4 5] [2 3] [1 2 3 4] [1 2 4] [1 2 3] [1 2 3 5 7] [1 2 3 5 6 7 11] [1 4] [1 2 3 4 9] [2 3 4 5 7 8] [1 2 3 4 5 7 8] [1 2 3 5] [1 2 3 4 5 6 9 12] [1 2 3 4 5 7 8 19] [] [] [] [] [] [] [] [] [] [] [] [] [] [] [] [] [] [] [] [] [] [] [] [] [] [] [] [] [] [] [] [] [] [] [] [] [] [] [] [] [] [] [] [] [] [] []
201 [] [1] [1 2 3 4 5 7] [1 2 3 4 5 6] [1 2 3 4 5 7 8 19] [1 2] [1 2 3 4 6 9] [1 2 3 4 5 6 7] [1 2 3 4 5] [2 3] [1 2 3 4] [1 2 4] [1 2 3] [1 2 3 5 7] [1 2 3 5 6 7 11] [1 2 3 4 6] [1 4] [1 2 3 4 9] [2 3 4 5 7 8] [1 2 3 4 5 7 8] [1 2 3 5] [1 2 3 5 6] [1 2 3 4 5 6 9 12] [] [] [] [] [] [] [] [] [] [] [] [] [] [] [] [] [] [] [] [] [] [] [] [] [] [] [] [] [] [] [] [] [] [] [] [] [] [] [] [] [] [] [] [] [] [] []
202 [] [1 2 3 4 5 7 8 19] [1 2 4] [1 2] [1 2 3 4 6 9] [1 2 3 4 5 6 7] [1 2 3 4 5 6] [1 2 3 4 5] [2 3] [1 2 3 4] [1] [1 2 3] [1 2 3 5 7] [1 2 3 5 6 7 11] [1 2 3 4 6] [1 4] [1 2 3 4 9] [2 3 4 5 7 8] [1 2 3 4 5 7 8] [1 2 3 5] [1 2 3 5 6] [1 2 3 4 5 6 9 12] [] [] [] [] [] [] [] [] [] [] [] [] [] [] [] [] [] [] [] [] [] [] [] [] [] [] [] [] [] [] [] [] [] [] [] [] [] [] [] [] [] [] [] [] [] [] [] []
203 [] [1 2] [1 2 3 4 6 9] [1 2 3 4 5 6] [1 2 3 4 5 6 7] [1 2 3 4 5] [2 3] [1 2 3 4] [1 2 4] [1] [1 2 3] [1 2 3 5 7] [1 2 3 5 6 7 11] [1 2 3 4 6] [1 4] [1 2 3 4 9] [2 3 4 5 7 8] [1 2 3 4 5 7 8] [1 2 3 5] [1 2 3 5 6] [1 2 3 4 5 6 9 12] [1 2 3 4 5 7 8 19] [] [] [] [] [] [] [] [] [] [] [] [] [] [] [] [] [] [] [] [] [] [] [] [] [] [] [] [] [] [] [] [] [] [] [] [] [] [] [] [] [] [] [] [] [] [] [] []
204 [] [1 2 3 4 5 6] [1 2 3 4 5 6 7] [1 2 3 5] [1 2 3 4 5] [1 2 3 4] [1 2 4] [1] [1 2] [1 2 3] [1 2 3 5 7] [1 2 3 5 6 7 11] [1 2 3 4 6] [1 4] [1 2 3 4 9] [2 3 4 5 7 8] [1 2 3 4 5 7 8] [1 2 3 4 6 9] [1 2 3 5 6] [1 2 3 4 5 6 9 12] [1 2 3 4 5 7 8 19] [] [] [] [] [] [] [] [] [] [] [] [] [] [] [] [] [] [] [] [] [] [] [] [] [] [] [] [] [] [] [] [] [] [] [] [] [] [] [] [] [] [] [] [] [] [] [] [] []
205 [] [1 2 3 4 5 6 7] [1 2 3 5] [1 2 3 4 5] [1 2 3 4] [1 2 4] [1] [1 2] [1 2 3] [1 2 3 5 7] [1 2 3 5 6 7 11] [1 2 3 4 6] [1 4] [1 2 3 4 5 6] [1 2 3 4 9] [2 3 4 5 7 8] [1 2 3 4 5 7 8] [1 2 3 4 6 9] [1 2 3 5 6] [1 2 3 4 5 6 9 12] [1 2 3 4 5 7 8 19] [] [] [] [] [] [] [] [] [] [] [] [] [] [] [] [] [] [] [] [] [] [] [] [] [] [] [] [] [] [] [] [] [] [] [] [] [] [] [] [] [] [] [] [] [] [] [] [] []
206 [] [1 2 3 4 5 6 7] [1 2 3 5] [1 2 3 4 5] [1 2 3 4] [1 2 4] [1] [1 2] [1 2 3] [1 2 3 5 7] [1 2 3 5 6 7 11] [1 2 3 4 6] [1 4] [1 2 3 4 5 6] [1 2 3 4 9] [2 3 4 5 7 8] [1 2 3 4 5 7 8] [1 2 3 4 6 9] [1 2 3 5 6] [1 2 3 4 5 6 9 12] [1 2 3 4 5 7 8 19] [] [] [] [] [] [] [] [] [] [] [] [] [] [] [] [] [] [] [] [] [] [] [] [] [] [] [] [] [] [] [] [] [] [] [] [] [] [] [] [] [] [] [] [] [] [] [] [] []
207 [] [1 2 3 4 5 6 7] [1 2] [1 2 3 5] [1 2 3 4 5] [1 2 3 4] [1 2 4] [1] [1 2 3] [1 2 3 5 7] [1 2 3 5 6 7 11] [1 2 3 4 6] [1 4] [1 2 3 4 5 6] [1 2 3 4 9] [2 3 4 5 7 8] [1 2 3 4 5 7 8] [1 2 3 4 6 9] [1 2 3 5 6] [1 2 3 4 5 6 9 12] [1 2 3 4 5 7 8 19] [] [] [] [] [] [] [] [] [] [] [] [] [] [] [] [] [] [] [] [] [] [] [] [] [] [] [] [] [] [] [] [] [] [] [] [] [] [] [] [] [] [] [] [] [] [] [] [] []
208 [] [1 2] [1 2 3 5] [1 2 3 4 5] [1 2 3 4] [1 2 4] [1] [1 2 3] [1 2 3 5 7] [1 2 3 5 6 7 11] [1 2 3 4 6] [1 4] [1 2 3 4 5 6] [1 2 3 4 9] [2 3 4 5 7 8] [1 2 3 4 5 7 8] [1 2 3 4 6 9] [1 2 3 5 6] [1 2 3 4 5 6 9 12] [1 2 3 4 5 7 8 19] [] [] [] [] [] [] [] [] [] [] [] [] [] [] [] [] [] [] [] [] [] [] [] [] [] [] [] [] [] [] [] [] [] [] [] [] [] [] [] [] [] [] [] [] [] [] [] [] [] []
209 [] [1 2 3 4 5] [1 2 3 4] [1 2 4] [1] [1 2] [1 2 3] [1 2 3 5 7] [1 2 3 5 6 7 11] [1 2 3 4 6] [1 4] [1 2 3 4 5 6] [1 2 3 4 9] [2 3 4 5 7 8] [1 2 3 4 5 7 8] [1 2 3 5] [1 2 3 4 6 9] [1 2 3 5 6] [1 2 3 4 5 6 9 12] [1 2 3 4 5 7 8 19] [] [] [] [] [] [] [] [] [] [] [] [] [] [] [] [] [] [] [] [] [] [] [] [] [] [] [] [] [] [] [] [] [] [] [] [] [] [] [] [] [] [] [] [] [] [] [] [] [] []
210 [] [1 2 3 4] [1 2 4] [1] [1 2] [1 2 3] [1 2 3 5 7] [1 2 3 5 6 7 11] [1 2 3 4 6] [1 4] [1 2 3 4 5 6] [1 2 3 4 9] [2 3 4 5 7 8] [1 2 3 4 5 7 8] [1 2 3 5] [1 2 3 4 6 9] [1 2 3 5 6] [1 2 3 4 5 6 9 12] [1 2 3 4 5 7 8 19] [] [] [] [] [] [] [] [] [] [] [] [] [] [] [] [] [] [] [] [] [] [] [] [] [] [] [] [] [] [] [] [] [] [] [] [] [] [] [] [] [] [] [] [] [] [] [] [] [] [] []
211 [] [1] [1 2] [1 2 3 4] [1 2 3] [1 2 3 5 7] [1 2 3 5 6 7 11] [1 2 3 4 6] [1 4] [1 2 4] [1 2 3 4 5 6] [1 2 3 4 9] [2 3 4 5 7 8] [1 2 3 4 5 7 8] [1 2 3 5] [1 2 3 4 6 9] [1 2 3 5 6] [1 2 3 4 5 6 9 12] [1 2 3 4 5 7 8 19] [] [] [] [] [] [] [] [] [] [] [] [] [] [] [] [] [] [] [] [] [] [] [] [] [] [] [] [] [] [] [] [] [] [] [] [] [] [] [] [] [] [] [] [] [] [] [] [] [] [] []
212 [] [1 2] [1 2 3] [1 2 3 4] [1 2 3 5 7] [1 2 3 5 6 7 11] [1 2 3 4 6] [1 4] [1 2 4] [1 2 3 4 5 6] [1] [1 2 3 4 9] [2 3 4 5 7 8] [1 2 3 4 5 7 8] [1 2 3 5] [1 2 3 4 6 9] [1 2 3 5 6] [1 2 3 4 5 6 9 12] [1 2 3 4 5 7 8 19] [] [] [] [] [] [] [] [] [] [] [] [] [] [] [] [] [] [] [] [] [] [] [] [] [] [] [] [] [] [] [] [] [] [] [] [] [] [] [] [] [] [] [] [] [] [] [] [] [] [] []
213 [] [1 2 3] [1] [1 2 3 4] [1 2 3 5 7] [1 2 3 5 6 7 11] [1 2 3 4 6] [1 4] [1 2] [1 2 4] [1 2 3 4 5 6] [1 2 3 4 9] [2 3 4 5 7 8] [1 2 3 4 5 7 8] [1 2 3 5] [1 2 3 4 6 9] [1 2 3 5 6] [1 2 3 4 5 6 9 12] [1 2 3 4 5 7 8 19] [] [] [] [] [] [] [] [] [] [] [] [] [] [] [] [] [] [] [] [] [] [] [] [] [] [] [] [] [] [] [] [] [] [] [] [] [] [] [] [] [] [] [] [] [] [] [] [] [] [] []
214 [] [1 2 3 4] [1 2 3 5 7] [1 2 3] [1 2 3 4 6] [1 4] [1 2] [1 2 4] [1 2 3 4 5 6] [1] [1 2 3 4 9] [2 3 4 5 7 8] [1 2 3 4 5 7 8] [1 2 3 5] [1 2 3 4 6 9] [1 2 3 5 6] [1 2 3 4 5 6 9 12] [1 2 3 4 5 7 8 19] [] [] [] [] [] [] [] [] [] [] [] [] [] [] [] [] [] [] [] [] [] [] [] [] [] [] [] [] [] [] [] [] [] [] [] [] [] [] [] [] [] [] [] [] [] [] [] [] [] [] [] []
215 [] [1 2 3 4] [1 2 3 5 7] [1 2 3] [1 2 3 4 6] [1 4] [1 2] [1 2 4] [1 2 3 4 5 6] [1] [1 2 3 4 9] [2 3 4 5 7 8] [1 2 3 4 5 7 8] [1 2 3 5] [1 2 3 4 6 9] [1 2 3 5 6] [1 2 3 4 5 6 9 12] [1 2 3 4 5 7 8 19] [] [] [] [] [] [] [] [] [] [] [] [] [] [] [] [] [] [] [] [] [] [] [] [] [] [] [] [] [] [] [] [] [] [] [] [] [] [] [] [] [] [] [] [] [] [] [] [] [] [] [] []
216 [] [1 2 3 4] [1 2 3 5 7] [1 2 3] [1 2 3 4 6] [1 4] [1 2] [1 2 4] [1 2 3 4 5 6] [1] [1 2 3 4 9] [2 3 4 5 7 8] [1 2 3 4 5 7 8] [1 2 3 5] [1 2 3 4 6 9] [1 2 3 5 6] [1 2 3 4 5 6 9 12] [1 2 3 4 5 7 8 19] [] [] [] [] [] [] [] [] [] [] [] [] [] [] [] [] [] [] [] [] [] [] [] [] [] [] [] [] [] [] [] [] [] [] [] [] [] [] [] [] [] [] [] [] [] [] [] [] [] [] [] []
217 [] [1 2 3 5 7] [1 2 3 4] [1 2 3] [1 2 3 4 5] [1 2 3 4 6] [1 4] [1 2] [1 2 4] [1 2 3 4 5 6] [1] [1 2 3 4 9] [2 3 4 5 7 8] [1 2 3 4 5 7 8] [1 2 3 5] [1 2 3 4 6 9] [1 2 3 5 6] [1 2 3 4 5 6 9 12] [1 2 3 4 5 7 8 19] [] [] [] [] [] [] [] [] [] [] [] [] [] [] [] [] [] [] [] [] [] [] [] [] [] [] [] [] [] [] [] [] [] [] [] [] [] [] [] [] [] [] [] [] [] [] [] [] [] [] []
218 [] [1 2 3 4] [1 2 3 4 5] [1 2 3 4 6] [1 4] [1 2] [1 2 4] [1 2 3 4 5 6] [1] [1 2 3] [1 2 3 4 9] [2 3 4 5 7 8] [1 2 3 4 5 7 8] [1 2 3 5] [1 2 3 4 6 9] [1 2 3 5 6] [1 2 3 4 5 6 9 12] [1 2 3 4 5 7 8 19] [] [] [] [] [] [] [] [] [] [] [] [] [] [] [] [] [] [] [] [] [] [] [] [] [] [] [] [] [] [] [] [] [] [] [] [] [] [] [] [] [] [] [] [] [] [] [] [] [] [] [] []
219 [] [1 2 3 4] [1 4] [1 2 3 4 5] [1 2 3 4 6] [1 2] [1 2 4] [1 2 3 4 5 6] [1] [1 2 3] [1 2 3 4 9] [2 3 4 5 7 8] [1 2 3 4 5 7 8] [1 2 3 5] [1 2 3 4 6 9] [1 2 3 5 6] [1 2 3 4 5 6 9 12] [1 2 3 4 5 7 8 19] [] [] [] [] [] [] [] [] [] [] [] [] [] [] [] [] [] [] [] [] [] [] [] [] [] [] [] [] [] [] [] [] [] [] [] [] [] [] [] [] [] [] [] [] [] [] [] [] [] [] [] []
220 [] [1 4] [1 2 3 4 5] [1 2 3 4 6] [1 2] [1 2 4] [1 2 3 4 5 6] [1] [1 2 3 4] [1 2 3] [1 2 3 4 9] [2 3 4 5 7 8] [1 2 3 4 5 7 8] [1 2 3 5] [1 2 3 4 6 9] [1 2 3 5 6] [1 2 3 4 5 6 9 12] [1 2 3 4 5 7 8 19] [] [] [] [] [] [] [] [] [] [] [] [] [] [] [] [] [] [] [] [] [] [] [] [] [] [] [] [] [] [] [] [] [] [] [] [] [] [] [] [] [] [] [] [] [] [] [] [] [] [] [] []
221 [] [1 2 3 4 5] [1 4] [1 2] [1 2 3 4] [1 2 4] [1 2 3 4 5 6] [1] [1 2 3] [1 2 3 4 9] [2 3 4 5 7 8] [1 2 3 4 5 7 8] [1 2 3 4 6] [1 2 3 5] [1 2 3 4 6 9] [1 2 3 5 6] [1 2 3 4 5 6 9 12] [1 2 3 4 5 7 8 19] [] [] [] [] [] [] [] [] [] [] [] [] [] [] [] [] [] [] [] [] [] [] [] [] [] [] [] [] [] [] [] [] [] [] [] [] [] [] [] [] [] [] [] [] [] [] [] [] [] [] [] []
222 [] [1 4] [1 2 3 4] [1 2 4] [1 2 3 4 5 6] [1] [1 2 3] [1 2] [1 2 3 4 9] [2 3 4 5 7 8] [1 2 3 4 5 7 8] [1 2 3 4 6] [1 2 3 5] [1 2 3 4 6 9] [1 2 3 5 6] [1 2 3 4 5 6 9 12] [1 2 3 4 5 7 8 19] [] [] [] [] [] [] [] [] [] [] [] [] [] [] [] [] [] [] [] [] [] [] [] [] [] [] [] [] [] [] [] [] [] [] [] [] [] [] [] [] [] [] [] [] [] [] [] [] [] [] [] [] []
223 [] [1 2 3 4] [1 2 4] [1 2 3 4 5 6] [1] [1 2 3] [1 2] [1 2 3 4 9] [2 3 4 5 7 8] [1 2 3 4 5 7 8] [1 2 3 4 6] [1 2 3 5] [1 2 3 4 6 9] [1 2 3 5 6] [1 2 3 4 5 6 9 12] [1 2 3 4 5 7 8 19] [] [] [] [] [] [] [] [] [] [] [] [] [] [] [] [] [] [] [] [] [] [] [] [] [] [] [] [] [] [] [] [] [] [] [] [] [] [] [] [] [] [] [] [] [] [] [] [] [] [] [] [] [] []
224 [] [1 2 3 4] [1 2 4] [1 2 3 4 5 6] [1] [1 2 3] [1 2] [1 2 3 4 9] [2 3 4 5 7 8] [1 2 3 4 5 7 8] [1 2 3 4 6] [1 2 3 5] [1 2 3 4 6 9] [1 2 3 5 6] [1 2 3 4 5 6 9 12] [1 2 3 4 5 7 8 19] [] [] [] [] [] [] [] [] [] [] [] [] [] [] [] [] [] [] [] [] [] [] [] [] [] [] [] [] [] [] [] [] [] [] [] [] [] [] [] [] [] [] [] [] [] [] [] [] [] [] [] [] [] []
225 [] [1 2 3 4] [1 2 4] [1 2 3 4 5 6] [1 2] [1] [1 2 3] [1 2 3 4 9] [2 3 4 5 7 8] [1 2 3 4 5 7 8] [1 2 3 4 6] [1 2 3 5] [1 2 3 4 6 9] [1 2 3 5 6] [1 2 3 4 5 6 9 12] [1 2 3 4 5 7 8 19] [] [] [] [] [] [] [] [] [] [] [] [] [] [] [] [] [] [] [] [] [] [] [] [] [] [] [] [] [] [] [] [] [] [] [] [] [] [] [] [] [] [] [] [] [] [] [] [] [] [] [] [] [] []
226 [] [1 2 4] [1] [1 2 3 4] [1 2 3] [1 2] [1 2 3 4 9] [2 3 4 5 7 8] [1 2 3 4 5 6] [1 2 3 4 5 7 8] [1 2 3 4 6] [1 2 3 5] [1 2 3 4 6 9] [1 2 3 5 6] [1 2 3 4 5 6 9 12] [1 2 3 4 5 7 8 19] [] [] [] [] [] [] [] [] [] [] [] [] [] [] [] [] [] [] [] [] [] [] [] [] [] [] [] [] [] [] [] [] [] [] [] [] [] [] [] [] [] [] [] [] [] [] [] [] [] [] [] [] [] []
227 [] [1 2 4] [1 2 3 4 5 6] [1] [1 2 3 4] [1 2 3] [1 2] [1 2 3 4 9] [2 3 4 5 7 8] [1 2 3 4 5 7 8] [1 2 3 4 6] [1 2 3 5] [1 2 3 4 6 9] [1 2 3 5 6] [1 2 3 4 5 6 9 12] [1 2 3 4 5 7 8 19] [] [] [] [] [] [] [] [] [] [] [] [] [] [] [] [] [] [] [] [] [] [] [] [] [] [] [] [] [] [] [] [] [] [] [] [] [] [] [] [] [] [] [] [] [] [] [] [] [] [] [] [] [] []
228 [] [1 2 3 4 5 6] [1] [1 2 3 4 5] [1 2 3 4] [1 2 4] [1 2 3] [1 2] [1 2 3 4 9] [2 3 4 5 7 8] [1 2 3 4 5 7 8] [1 2 3 4 6] [1 2 3 5] [1 2 3 4 6 9] [1 2 3 5 6] [1 2 3 4 5 6 9 12] [1 2 3 4 5 7 8 19] [] [] [] [] [] [] [] [] [] [] [] [] [] [] [] [] [] [] [] [] [] [] [] [] [] [] [] [] [] [] [] [] [] [] [] [] [] [] [] [] [] [] [] [] [] [] [] [] [] [] [] [] []
229 [] [1 2 3 4 5] [1 2 3 4] [1 2 3 4 6 9] [1 2 4] [1] [1 2 3] [1 2] [1 2 3 4 9] [2 3 4 5 7 8] [1 2 3 4 5 6] [1 2 3 4 5 7 8] [1 2 3 4 6] [1 2 3 5] [1 2 3 5 6] [1 2 3 4 5 6 9 12] [1 2 3 4 5 7 8 19] [] [] [] [] [] [] [] [] [] [] [] [] [] [] [] [] [] [] [] [] [] [] [] [] [] [] [] [] [] [] [] [] [] [] [] [] [] [] [] [] [] [] [] [] [] [] [] [] [] [] [] [] []
230 [] [1 2 3 4 6 9] [1 2 3] [1 2 4] [1] [1 2 3 4 5] [1 2] [1 2 3 4 9] [1 2 3 4] [2 3 4 5 7 8] [1 2 3 4 5 6] [1 2 3 4 5 7 8] [1 2 3 4 6] [1 2 3 5] [1 2 3 5 6] [1 2 3 4 5 6 9 12] [1 2 3 4 5 7 8 19] [] [] [] [] [] [] [] [] [] [] [] [] [] [] [] [] [] [] [] [] [] [] [] [] [] [] [] [] [] [] [] [] [] [] [] [] [] [] [] [] [] [] [] [] [] [] [] [] [] [] [] [] []
231 [] [1 2 3] [1 2 3 5 7] [1 2 4] [1 2 3 4 5] [1] [1 2] [1 2 3 4 9] [1 2 3 4] [2 3 4 5 7 8] [1 2 3 4 5 6] [1 2 3 4 5 7 8] [1 2 3 4 6] [1 2 3 5] [1 2 3 4 6 9] [1 2 3 5 6] [1 2 3 4 5 6 9 12] [1 2 3 4 5 7 8 19] [] [] [] [] [] [] [] [] [] [] [] [] [] [] [] [] [] [] [] [] [] [] [] [] [] [] [] [] [] [] [] [] [] [] [] [] [] [] [] [] [] [] [] [] [] [] [] [] [] [] [] []
232 [] [1 2 3 5 7] [1 2 4] [1 2 3 4 5] [1] [1 2] [1 2 3 4 9] [1 2 3 4] [2 3 4 5 7 8] [1 2 3 4 5 6] [1 2 3 4 5 7 8] [1 2 3 4 6] [1 2 3 5] [1 2 3] [1 2 3 4 6 9] [1 2 3 5 6] [1 2 3 4 5 6 9 12] [1 2 3 4 5 7 8 19] [] [] [] [] [] [] [] [] [] [] [] [] [] [] [] [] [] [] [] [] [] [] [] [] [] [] [] [] [] [] [] [] [] [] [] [] [] [] [] [] [] [] [] [] [] [] [] [] [] [] [] []
233 [] [1 2 4] [1 2 3 4 5] [1] [1 2] [1 2 3 4 9] [1 2 3 4] [2 3 4 5 7 8] [1 2 3 4 5 6] [1 2 3 4 5 7 8] [1 2 3 4 6] [1 2 3 5] [1 2 3] [1 2 3 4 6 9] [1 2 3 5 6] [1 2 3 4 5 6 9 12] [1 2 3 4 5 7 8 19] [] [] [] [] [] [] [] [] [] [] [] [] [] [] [] [] [] [] [] [] [] [] [] [] [] [] [] [] [] [] [] [] [] [] [] [] [] [] [] [] [] [] [] [] [] [] [] [] [] [] [] [] []
234 [] [1 2 4] [1 2 3 4 5] [1] [1 2] [1 2 3 4 9] [1 2 3 4] [2 3 4 5 7 8] [1 2 3 4 5 6] [1 2 3 4 5 7 8] [1 2 3 4 6] [1 2 3 5] [1 2 3] [1 2 3 4 6 9] [1 2 3 5 6] [1 2 3 4 5 6 9 12] [1 2 3 4 5 7 8 19] [] [] [] [] [] [] [] [] [] [] [] [] [] [] [] [] [] [] [] [] [] [] [] [] [] [] [] [] [] [] [] [] [] [] [] [] [] [] [] [] [] [] [] [] [] [] [] [] [] [] [] [] []
235 [] [1 2 3 4 5] [2] [1 2 3 5 6] [1] [1 2] [1 2 3 4 9] [1 2 3 4] [2 3 4 5 7 8] [1 2 3 4 5 6] [1 2 3 4 5 7 8] [1 2 3 4 6] [1 2 3 5] [1 2 4] [1 2 3] [1 2 3 4 6 9] [1 2 3 4 5 6 9 12] [1 2 3 4 5 7 8 19] [] [] [] [] [] [] [] [] [] [] [] [] [] [] [] [] [] [] [] [] [] [] [] [] [] [] [] [] [] [] [] [] [] [] [] [] [] [] [] [] [] [] [] [] [] [] [] [] [] [] [] []
236 [] [1 2 3 5 6] [1 2 3 4 6] [1] [1 2] [1 2 3 4 9] [1 2 3 4] [2 3 4 5 7 8] [1 2 3 4 5 6] [1 2 3 4 5 7 8] [1 2 3 5] [1 2 4] [1 2 3] [1 2 3 4 6 9] [1 2 3 4 5 6 9 12] [1 2 3 4 5 7 8 19] [] [] [] [] [] [] [] [] [] [] [] [] [] [] [] [] [] [] [] [] [] [] [] [] [] [] [] [] [] [] [] [] [] [] [] [] [] [] [] [] [] [] [] [] [] [] [] [] [] [] [] [] [] []
237 [] [1 2 3 4 6] [1 2 3 4 5 6] [1 2] [1 2 3 4 9] [1] [1 2 3 4] [2 3 4 5 7 8] [1 2 3 4 5 7 8] [1 2 3 5] [1 2 4] [1 2 3] [1 2 3 4 6 9] [1 2 3 5 6] [1 2 3 4 5 6 9 12] [1 2 3 4 5 7 8 19] [] [] [] [] [] [] [] [] [] [] [] [] [] [] [] [] [] [] [] [] [] [] [] [] [] [] [] [] [] [] [] [] [] [] [] [] [] [] [] [] [] [] [] [] [] [] [] [] [] [] [] [] [] []
238 [] [1 2 3 4 5 6] [1 2] [1 2 3 4 9] [1] [1 2 3 4] [2 3 4 5 7 8] [1 2 3 4 5 7 8] [1 2 3 4 6] [1 2 3 5] [1 2 4] [1 2 3] [1 2 3 4 6 9] [1 2 3 5 6] [1 2 3 4 5 6 9 12] [1 2 3 4 5 7 8 19] [] [] [] [] [] [] [] [] [] [] [] [] [] [] [] [] [] [] [] [] [] [] [] [] [] [] [] [] [] [] [] [] [] [] [] [] [] [] [] [] [] [] [] [] [] [] [] [] [] [] [] [] [] []
239 [] [1 2 3 4 5 6] [1 2] [1 2 3 4 9] [1] [1 2 3 4] [2 3 4 5 7 8] [1 2 3 4 5 7 8] [1 2 3 4 6] [1 2 3 5] [1 2 4] [1 2 3] [1 2 3 4 6 9] [1 2 3 5 6] [1 2 3 4 5 6 9 12] [1 2 3 4 5 7 8 19] [] [] [] [] [] [] [] [] [] [] [] [] [] [] [] [] [] [] [] [] [] [] [] [] [] [] [] [] [] [] [] [] [] [] [] [] [] [] [] [] [] [] [] [] [] [] [] [] [] [] [] [] [] []
240 [] [1 2] [1 2 3 4 9] [1] [1 2 3 4] [2 3 4 5 7 8] [1 2 3 4 5 6] [1 2 3 4 5 7 8] [1 2 3 4 6] [1 2 3 5] [1 2 4] [1 2 3] [1 2 3 4 6 9] [1 2 3 5 6] [1 2 3 4 5 6 9 12] [1 2 3 4 5 7 8 19] [] [] [] [] [] [] [] [] [] [] [] [] [] [] [] [] [] [] [] [] [] [] [] [] [] [] [] [] [] [] [] [] [] [] [] [] [] [] [] [] [] [] [] [] [] [] [] [] [] [] [] [] [] []
241 [] [1 2 3 4 9] [1 2] [1] [1 2 3 4] [2 3 4 5 7 8] [1 2 3 4 5 6] [1 2 3 4 5 7 8] [1 2 3 4 6] [1 2 3 5] [1 2 4] [1 2 3] [1 2 3 4 6 9] [1 2 3 5 6] [1 2 3 4 5 6 9 12] [1 2 3 4 5 7 8 19] [] [] [] [] [] [] [] [] [] [] [] [] [] [] [] [] [] [] [] [] [] [] [] [] [] [] [] [] [] [] [] [] [] [] [] [] [] [] [] [] [] [] [] [] [] [] [] [] [] [] [] [] [] []
242 [] [1 2] [1 2 3 4 5] [1] [1 2 3 4] [2 3 4 5 7 8] [1 2 3 4 5 6] [1 2 3 4 5 7 8] [1 2 3 4 6] [1 2 3 5] [1 2 4] [1 2 3] [1 2 3 4 6 9] [1 2 3 5 6] [1 2 3 4 5 6 9 12] [1 2 3 4 5 7 8 19] [] [] [] [] [] [] [] [] [] [] [] [] [] [] [] [] [] [] [] [] [] [] [] [] [] [] [] [] [] [] [] [] [] [] [] [] [] [] [] [] [] [] [] [] [] [] [] [] [] [] [] [] [] []
243 [] [1 2 3 4 5] [1] [1 2 3 4] [2 3 4 5 7 8] [1 2 3 4 5 6] [1 2] [1 2 3 4 5 7 8] [1 2 3 4 6] [1 2 3 5] [1 2 4] [1 2 3] [1 2 3 4 6 9] [1 2 3 5 6] [1 2 3 4 5 6 9 12] [1 2 3 4 5 7 8 19] [] [] [] [] [] [] [] [] [] [] [] [] [] [] [] [] [] [] [] [] [] [] [] [] [] [] [] [] [] [] [] [] [] [] [] [] [] [] [] [] [] [] [] [] [] [] [] [] [] [] [] [] [] []
244 [] [1 2 3 4 5] [1 2 3 4 6 9 10] [1] [1 2 3 4] [2 3 4 5 7 8] [1 2 3 4 5 6] [1 2] [1 2 3 4 5 7 8] [1 2 3 4 6] [1 2 3 5] [1 2 4] [1 2 3] [1 2 3 4 6 9] [1 2 3 5 6] [1 2 3 4 5 6 9 12] [1 2 3 4 5 7 8 19] [] [] [] [] [] [] [] [] [] [] [] [] [] [] [] [] [] [] [] [] [] [] [] [] [] [] [] [] [] [] [] [] [] [] [] [] [] [] [] [] [] [] [] [] [] [] [] [] [] [] [] [] []
245 [] [1 2 3 4 6 9 10] [1] [1 2 3 4] [2 3 4 5 7 8] [1 2 3 4 5 6] [1 2] [1 2 3 4 5 7 8] [1 2 3 4 6] [1 2 3 5] [1 2 4] [1 2 3] [1 2 3 4 6 9] [1 2 3 5 6] [1 2 3 4 5 6 9 12] [1 2 3 4 5 7 8 19] [] [] [] [] [] [] [] [] [] [] [] [] [] [] [] [] [] [] [] [] [] [] [] [] [] [] [] [] [] [] [] [] [] [] [] [] [] [] [] [] [] [] [] [] [] [] [] [] [] [] [] [] [] []
246 [] [1 2 3 4] [2 3 4 5 7 8] [1 2] [1 2 3 4 5 7 8] [1 2 3 4 6] [1 2 3 5] [1 2 4] [1 2 3] [1 2 3 4 5 6] [1] [1 2 3 4 6 9] [1 2 3 5 6] [1 2 3 4 5 6 9 12] [1 2 3 4 5 7 8 19] [] [] [] [] [] [] [] [] [] [] [] [] [] [] [] [] [] [] [] [] [] [] [] [] [] [] [] [] [] [] [] [] [] [] [] [] [] [] [] [] [] [] [] [] [] [] [] [] [] [] [] [] [] [] []
247 [] [1 2 3 4] [2 3 4 5 7 8] [1 2] [1 2 3 4 5 7 8] [1 2 3 4 6] [1 2 3 5] [1 2 4] [1 2 3] [1 2 3 4 5 6] [1] [1 2 3 4 6 9] [1 2 3 5 6] [1 2 3 4 5 6 9 12] [1 2 3 4 5 7 8 19] [] [] [] [] [] [] [] [] [] [] [] [] [] [] [] [] [] [] [] [] [] [] [] [] [] [] [] [] [] [] [] [] [] [] [] [] [] [] [] [] [] [] [] [] [] [] [] [] [] [] [] [] [] [] []
248 [] [2 3 4 5 7 8] [1 2] [1 2 3 4 5 7 8] [1 2 3 4 6] [1 2 3 4] [1 2 3 5] [1 2 4] [1 2 3] [1 2 3 4 5 6] [1] [1 2 3 4 6 9] [1 2 3 5 6] [1 2 3 4 5 6 9 12] [1 2 3 4 5 7 8 19] [] [] [] [] [] [] [] [] [] [] [] [] [] [] [] [] [] [] [] [] [] [] [] [] [] [] [] [] [] [] [] [] [] [] [] [] [] [] [] [] [] [] [] [] [] [] [] [] [] [] [] [] [] [] []
249 [] [2 3 4 5 7 8] [1 2] [1 2 3 4 5 7 8] [1 2 3 4 6] [1 2 3 4] [1 2 3 5] [1 2 4] [1 2 3] [1 2 3 4 5 6] [1] [1 2 3 4 6 9] [1 2 3 5 6] [1 2 3 4 5 6 9 12] [1 2 3 4 5 7 8 19] [] [] [] [] [] [] [] [] [] [] [] [] [] [] [] [] [] [] [] [] [] [] [] [] [] [] [] [] [] [] [] [] [] [] [] [] [] [] [] [] [] [] [] [] [] [] [] [] [] [] [] [] [] [] []
250 [] [1 2] [1] [1 2 3] [1 2 3 4 5 7 8] [1 2 3 4 6] [1 2 3 4] [1 2 3 5] [1 2 4] [1 2 3 4 5 6] [1 2 3 4 6 9] [1 2 3 5 6] [1 2 3 4 5 6 9 12] [1 2 3 4 5 7 8 19] [] [] [] [] [] [] [] [] [] [] [] [] [] [] [] [] [] [] [] [] [] [] [] [] [] [] [] [] [] [] [] [] [] [] [] [] [] [] [] [] [] [] [] [] [] [] [] [] [] [] [] [] [] [] [] []
251 [] [1 2 3] [1 2 3 4 5 7 8] [1 2 3 4 6] [1 2 3 4] [1 2 3 5] [1 2 4] [1 2 3 4 5 6] [1] [1 2] [1 2 3 4 6 9] [1 2 3 5 6] [1 2 3 4 5 6 9 12] [1 2 3 4 5 7 8 19] [] [] [] [] [] [] [] [] [] [] [] [] [] [] [] [] [] [] [] [] [] [] [] [] [] [] [] [] [] [] [] [] [] [] [] [] [] [] [] [] [] [] [] [] [] [] [] [] [] [] [] [] [] [] [] []
252 [] [1 2 3] [1 2 3 4 5 7 8] [1 2 3 4 6] [1 2 3 4] [1 2 3 5] [1 2 4] [1 2 3 4 5 6] [1] [1 2] [1 2 3 4 6 9] [1 2 3 5 6] [1 2 3 4 5 6 9 12] [1 2 3 4 5 7 8 19] [] [] [] [] [] [] [] [] [] [] [] [] [] [] [] [] [] [] [] [] [] [] [] [] [] [] [] [] [] [] [] [] [] [] [] [] [] [] [] [] [] [] [] [] [] [] [] [] [] [] [] [] [] [] [] []
253 [] [1 2 3 4 5 7 8] [1 2 3 4 6] [1 4] [1 2 4] [1 2 3 4] [1 2] [1 2 3 5] [1 2 3] [1 2 3 4 5 6] [1] [1 2 3 4 6 9] [1 2 3 5 6] [1 2 3 4 5 6 9 12] [1 2 3 4 5 7 8 19] [] [] [] [] [] [] [] [] [] [] [] [] [] [] [] [] [] [] [] [] [] [] [] [] [] [] [] [] [] [] [] [] [] [] [] [] [] [] [] [] [] [] [] [] [] [] [] [] [] [] [] [] [] [] []
254 [] [1 2 4] [1 2 4 5 6] [1 2 3 4 6] [1 2] [1 2 3 4] [1 2 3 5] [1 2 3] [1 2 3 4 5 6] [1] [1 2 3 4 6 9] [1 2 3 4 5 7] [1 2 3 5 6] [1 2 3 4 5 6 9 12] [1 2 3 4 5 7 8 19] [] [] [] [] [] [] [] [] [] [] [] [] [] [] [] [] [] [] [] [] [] [] [] [] [] [] [] [] [] [] [] [] [] [] [] [] [] [] [] [] [] [] [] [] [] [] [] [] [] [] [] [] [] [] []
255 [] [1 2 3 4 6] [1 2] [1 2 3 4] [1 2 3 5] [1 2 4] [1 2 3] [1 2 3 4 5 6] [1] [1 2 3 4 6 9] [1 2 3 4 5 7] [1 2 3 5 6] [1 2 3 4 5 6 9 12] [1 2 3 4 5 7 8 19] [] [] [] [] [] [] [] [] [] [] [] [] [] [] [] [] [] [] [] [] [] [] [] [] [] [] [] [] [] [] [] [] [] [] [] [] [] [] [] [] [] [] [] [] [] [] [] [] [] [] [] [] [] [] [] []
256 [] [1 2 3 4 6] [1 2] [1 2 3] [1 2 3 4] [1 2 3 5] [1 2 4] [1 2 3 4 5 6] [1] [1 2 3 4 6 9] [1 2 3 4 5 7] [1 2 3 5 6] [1 2 3 4 5 6 9 12] [1 2 3 4 5 7 8 19] [] [] [] [] [] [] [] [] [] [] [] [] [] [] [] [] [] [] [] [] [] [] [] [] [] [] [] [] [] [] [] [] [] [] [] [] [] [] [] [] [] [] [] [] [] [] [] [] [] [] [] [] [] [] [] []
257 [] [1 2 3] [1 2 3 5 6] [1 2 3 4] [1 2 3 5] [1 2 4] [1 2 3 4 5 6] [1] [1 2] [1 2 3 4 6 9] [1 2 3 4 5 7] [1 2 3 4 5 6 9 12] [1 2 3 4 6] [] [] [] [] [] [] [] [] [] [] [] [] [] [] [] [] [] [] [] [] [] [] [] [] [] [] [] [] [] [] [] [] [] [] [] [] [] [] [] [] [] [] [] [] [] [] [] [] [] [] [] [] [] [] [] [] []
258 [] [1 2 3 5 6] [1 2 3 5] [1 2 4] [1 2 3] [1 2 3 4 5 6] [1] [1 2] [1 2 3 4 6 9] [1 2 3 4 5 7] [1 2 3 4] [1 2 3 4 5 6 9 12] [1 2 3 4 6] [] [] [] [] [] [] [] [] [] [] [] [] [] [] [] [] [] [] [] [] [] [] [] [] [] [] [] [] [] [] [] [] [] [] [] [] [] [] [] [] [] [] [] [] [] [] [] [] [] [] [] [] [] [] [] [] []
259 [] [1 2 3 5] [1 2 4] [1 2 3] [1 2 3 4 5 6] [1] [1 2] [1 2 3 4 6 9] [1 2 3 4 5 7] [1 2 3 5 6] [1 2 3 4] [1 2 3 4 5 6 9 12] [1 2 3 4 6] [] [] [] [] [] [] [] [] [] [] [] [] [] [] [] [] [] [] [] [] [] [] [] [] [] [] [] [] [] [] [] [] [] [] [] [] [] [] [] [] [] [] [] [] [] [] [] [] [] [] [] [] [] [] [] [] []
260 [] [1 2 4] [1 2 3 4 5 6] [1 2 3 5] [1] [1 2] [1 2 3 4 6 9] [1 2 3 4 5 7] [1 2 3 5 6] [1 2 3 4] [1 2 3] [1 2 3 4 5 6 9 12] [1 2 3 4 6] [] [] [] [] [] [] [] [] [] [] [] [] [] [] [] [] [] [] [] [] [] [] [] [] [] [] [] [] [] [] [] [] [] [] [] [] [] [] [] [] [] [] [] [] [] [] [] [] [] [] [] [] [] [] [] [] []
261 [] [1 2 4] [1 2 3 4 5 6] [1 2 3 5] [1] [1 2] [1 2 3 4 6 9] [1 2 3 4 5 7] [1 2 3 5 6] [1 2 3 4] [1 2 3] [1 2 3 4 5 6 9 12] [1 2 3 4 6] [] [] [] [] [] [] [] [] [] [] [] [] [] [] [] [] [] [] [] [] [] [] [] [] [] [] [] [] [] [] [] [] [] [] [] [] [] [] [] [] [] [] [] [] [] [] [] [] [] [] [] [] [] [] [] [] []
262 [] [1 2 4] [1 2 3 4 5 6] [1 2 3 5] [1] [1 2] [1 2 3 4 6 9] [1 2 3 4 5 7] [1 2 3 5 6] [1 2 3 4] [1 2 3] [1 2 3 4 5 6 9 12] [1 2 3 4 6] [] [] [] [] [] [] [] [] [] [] [] [] [] [] [] [] [] [] [] [] [] [] [] [] [] [] [] [] [] [] [] [] [] [] [] [] [] [] [] [] [] [] [] [] [] [] [] [] [] [] [] [] [] [] [] [] []
263 [] [1 2 3 4 5 6] [1 2 3 4] [1 2 3 5] [1 2 4] [1 2 3] [1] [1 2] [1 2 3 4 6 9] [1 2 3 4 5 7] [1 2 3 5 6] [1 2 3 4 5 6 9 12] [1 2 3 4 6] [] [] [] [] [] [] [] [] [] [] [] [] [] [] [] [] [] [] [] [] [] [] [] [] [] [] [] [] [] [] [] [] [] [] [] [] [] [] [] [] [] [] [] [] [] [] [] [] [] [] [] [] [] [] [] [] []
264 [] [1 2 3 4] [1 2 3 5] [1 2 3] [1] [1 2] [1 2 3 4 6 9] [1 2 3 4 5 7] [1 2 3 4 5 6] [1 2 3 5 6] [1 2 3 4 5 6 9 12] [1 2 4] [1 2 3 4 6] [] [] [] [] [] [] [] [] [] [] [] [] [] [] [] [] [] [] [] [] [] [] [] [] [] [] [] [] [] [] [] [] [] [] [] [] [] [] [] [] [] [] [] [] [] [] [] [] [] [] [] [] [] [] [] [] []
265 [] [1 2 3 4] [1 2 3 5] [1 2 3] [1] [1 2] [1 2 3 4 6 9] [1 2 3 4 5 7] [1 2 3 4 5 6] [1 2 3 5 6] [1 2 3 4 5 6 9 12] [1 2 4] [1 2 3 4 6] [] [] [] [] [] [] [] [] [] [] [] [] [] [] [] [] [] [] [] [] [] [] [] [] [] [] [] [] [] [] [] [] [] [] [] [] [] [] [] [] [] [] [] [] [] [] [] [] [] [] [] [] [] [] [] [] []
266 [] [1 2 3 4] [1 2 3 4 5] [1 2 3 5] [1 2 3] [1] [1 2] [1 2 3 4 6 9] [1 2 3 4 5 7] [1 2 3 4 5 6] [1 2 3 5 6] [1 2 3 4 5 6 9 12] [1 2 4] [1 2 3 4 6] [] [] [] [] [] [] [] [] [] [] [] [] [] [] [] [] [] [] [] [] [] [] [] [] [] [] [] [] [] [] [] [] [] [] [] [] [] [] [] [] [] [] [] [] [] [] [] [] [] [] [] [] [] [] [] []
267 [] [1 2 3 4 5] [1 2] [1] [1 2 3 5] [1 2 3] [1 2 3 4 6 9] [1 2 3 4 5 7] [1 2 3 4 5 6] [1 2 3 5 6] [1 2 3 4] [1 2 3 4 5 6 9 12] [1 2 4] [1 2 3 4 6] [] [] [] [] [] [] [] [] [] [] [] [] [] [] [] [] [] [] [] [] [] [] [] [] [] [] [] [] [] [] [] [] [] [] [] [] [] [] [] [] [] [] [] [] [] [] [] [] [] [] [] [] [] [] [] []
268 [] [1] [1 4] [1 2 3 5] [1 2 3] [1 2] [1 2 3 4 6 9] [1 2 3 4 5 7] [1 2 3 4 5 6] [1 2 3 5 6] [1 2 3 4] [1 2 3 4 5 6 9 12] [1 2 4] [1 2 3 4 6] [] [] [] [] [] [] [] [] [] [] [] [] [] [] [] [] [] [] [] [] [] [] [] [] [] [] [] [] [] [] [] [] [] [] [] [] [] [] [] [] [] [] [] [] [] [] [] [] [] [] [] [] [] [] [] []
269 [] [1 4] [1 2 3 5] [1 2 3] [1 2] [1] [1 2 3 4 6 9] [1 2 3 4 5 7] [1 2 3 4 5 6] [1 2 3 5 6] [1 2 3 4] [1 2 3 4 5 6 9 12] [1 2 4] [1 2 3 4 6] [] [] [] [] [] [] [] [] [] [] [] [] [] [] [] [] [] [] [] [] [] [] [] [] [] [] [] [] [] [] [] [] [] [] [] [] [] [] [] [] [] [] [] [] [] [] [] [] [] [] [] [] [] [] [] []
270 [] [1 2 3 5] [1 2 3 4 6] [1 2] [1] [1 2 3 4 6 9] [1 2 3 4 5 7] [1 2 3 4 5 6] [1 2 3 5 6] [1 2 3 4] [1 2 3] [1 2 3 4 5 6 9 12] [1 2 4] [] [] [] [] [] [] [] [] [] [] [] [] [] [] [] [] [] [] [] [] [] [] [] [] [] [] [] [] [] [] [] [] [] [] [] [] [] [] [] [] [] [] [] [] [] [] [] [] [] [] [] [] [] [] [] [] []
271 [] [1 2 3 4 6] [1 2] [1] [1 2 3 4 6 9] [1 2 3 4 5 7] [1 2 3 4 5 6] [1 2 3 5 6] [1 2 3 4] [1 2 3] [1 2 3 4 5 6 9 12] [1 2 4] [] [] [] [] [] [] [] [] [] [] [] [] [] [] [] [] [] [] [] [] [] [] [] [] [] [] [] [] [] [] [] [] [] [] [] [] [] [] [] [] [] [] [] [] [] [] [] [] [] [] [] [] [] [] [] [] [] []
272 [] [1 2] [1 2 3 4 5 6] [1] [1 2 3 5] [1 2 3 4 6 9] [1 2 3 4 5 7] [1 2 3 5 6] [1 2 3 4] [1 2 3] [1 2 3 4 5 6 9 12] [1 2 4] [1 2 3 4 6] [] [] [] [] [] [] [] [] [] [] [] [] [] [] [] [] [] [] [] [] [] [] [] [] [] [] [] [] [] [] [] [] [] [] [] [] [] [] [] [] [] [] [] [] [] [] [] [] [] [] [] [] [] [] [] [] []
273 [] [1 2 3 4 5 6] [1 2 3 5] [1 2] [1] [1 2 3 4 6 9] [1 2 3 4 5 7] [1 2 3 5 6] [1 2 3 4] [1 2 3] [1 2 3 4 5 6 9 12] [1 2 4] [] [] [] [] [] [] [] [] [] [] [] [] [] [] [] [] [] [] [] [] [] [] [] [] [] [] [] [] [] [] [] [] [] [] [] [] [] [] [] [] [] [] [] [] [] [] [] [] [] [] [] [] [] [] [] [] [] []
274 [] [1 2 3 5] [1 2] [1 2 3 4 5] [1] [1 2 3 4 6 9] [1 2 3 4 5 7] [1 2 3 4 5 6] [1 2 3 5 6] [1 2 3 4] [1 2 3] [1 2 3 4 5 6 9 12] [1 2 4] [] [] [] [] [] [] [] [] [] [] [] [] [] [] [] [] [] [] [] [] [] [] [] [] [] [] [] [] [] [] [] [] [] [] [] [] [] [] [] [] [] [] [] [] [] [] [] [] [] [] [] [] [] [] [] [] []
275 [] [1 2 3 4 5] [1] [1 2 3 4 6 9] [1 2 3 4 5 7] [1 2 3 4 5 6] [1 2 3 5 6] [1 2 3 4] [1 2 3] [1 2 3 4 5 6 9 12] [1 2 4] [] [] [] [] [] [] [] [] [] [] [] [] [] [] [] [] [] [] [] [] [] [] [] [] [] [] [] [] [] [] [] [] [] [] [] [] [] [] [] [] [] [] [] [] [] [] [] [] [] [] [] [] [] [] [] [] [] [] []
276 [] [1 2 3 4 5] [1 2 3 4 5 6] [1] [1 2 3 4 6 9] [1 2 3 4 5 7] [1 2 3 5 6] [1 2 3 4] [1 2 3] [1 2 3 4 5 6 9 12] [1 2 4] [] [] [] [] [] [] [] [] [] [] [] [] [] [] [] [] [] [] [] [] [] [] [] [] [] [] [] [] [] [] [] [] [] [] [] [] [] [] [] [] [] [] [] [] [] [] [] [] [] [] [] [] [] [] [] [] [] [] []
277 [] [1 2 3 4 5 6] [1] [1 2 3 4] [1 2 3 4 6 9] [1 2 3 4 5 7] [1 2 3 5 6] [1 2 3] [1 2 3 4 5 6 9 12] [1 2 4] [] [] [] [] [] [] [] [] [] [] [] [] [] [] [] [] [] [] [] [] [] [] [] [] [] [] [] [] [] [] [] [] [] [] [] [] [] [] [] [] [] [] [] [] [] [] [] [] [] [] [] [] [] [] [] [] [] [] [] []
278 [] [1 2 3 4] [1 2 3] [1 2] [1] [1 2 3 4 6 9] [1 2 3 4 5 7] [1 2 3 4 5 6] [1 2 3 5 6] [1 2 3 4 5 6 9 12] [1 2 4] [] [] [] [] [] [] [] [] [] [] [] [] [] [] [] [] [] [] [] [] [] [] [] [] [] [] [] [] [] [] [] [] [] [] [] [] [] [] [] [] [] [] [] [] [] [] [] [] [] [] [] [] [] [] [] [] [] [] []
279 [] [1] [1 2 4] [1 2 3 4] [1 2 3 4 6 9] [1 2 3 4 5 7] [1 2 3 4 5 6] [1 2 3 5 6] [1 2 3] [1 2 3 4 5 6 9 12] [] [] [] [] [] [] [] [] [] [] [] [] [] [] [] [] [] [] [] [] [] [] [] [] [] [] [] [] [] [] [] [] [] [] [] [] [] [] [] [] [] [] [] [] [] [] [] [] [] [] [] [] [] [] [] [] [] [] [] []
280 [] [1 2 3 4] [1 2 3] [1 2 3 4 6 9] [1 2 3 4 5 7] [1 2 3 4 5 6] [1 2 3 5 6] [1 2 3 4 5 6 9 12] [1] [1 2 4] [] [] [] [] [] [] [] [] [] [] [] [] [] [] [] [] [] [] [] [] [] [] [] [] [] [] [] [] [] [] [] [] [] [] [] [] [] [] [] [] [] [] [] [] [] [] [] [] [] [] [] [] [] [] [] [] [] [] [] []
281 [] [1 2 3 4 6 9] [1 2 3] [1 2] [1 2 3 4 5 7] [1 2 3 4 5 6] [1 2 3 5 6] [1 2 3 4] [1 2 3 4 5 6 9 12] [1] [1 2 4] [] [] [] [] [] [] [] [] [] [] [] [] [] [] [] [] [] [] [] [] [] [] [] [] [] [] [] [] [] [] [] [] [] [] [] [] [] [] [] [] [] [] [] [] [] [] [] [] [] [] [] [] [] [] [] [] [] [] []
282 [] [1 2] [1 2 3 4 5 7] [1 2 3 4 5 6] [1 2 3 5 6] [1 2 3 4] [1 2 3] [1 2 3 4 5 6 9 12] [1] [1 2 4] [] [] [] [] [] [] [] [] [] [] [] [] [] [] [] [] [] [] [] [] [] [] [] [] [] [] [] [] [] [] [] [] [] [] [] [] [] [] [] [] [] [] [] [] [] [] [] [] [] [] [] [] [] [] [] [] [] [] [] []
283 [] [1 2 3 4 5 7] [1 2 3 4 5 6] [1 2 3 4] [1 2 3] [1 2 3 4 5 6 9 12] [1] [1 2 4] [] [] [] [] [] [] [] [] [] [] [] [] [] [] [] [] [] [] [] [] [] [] [] [] [] [] [] [] [] [] [] [] [] [] [] [] [] [] [] [] [] [] [] [] [] [] [] [] [] [] [] [] [] [] [] [] [] [] [] [] [] []
284 [] [1 2 3 4 5 7] [1 2 3 4 5 6] [1 2 3 4] [1 2 3] [1 2 3 4 5 6 9 12] [1] [1 2 4] [] [] [] [] [] [] [] [] [] [] [] [] [] [] [] [] [] [] [] [] [] [] [] [] [] [] [] [] [] [] [] [] [] [] [] [] [] [] [] [] [] [] [] [] [] [] [] [] [] [] [] [] [] [] [] [] [] [] [] [] [] []
285 [] [1 2 3 4 5 7] [1] [1 2 3 4 5 6] [1 2 3 4] [1 2 3] [1 2 3 4 5 6 9 12] [1 2 4] [] [] [] [] [] [] [] [] [] [] [] [] [] [] [] [] [] [] [] [] [] [] [] [] [] [] [] [] [] [] [] [] [] [] [] [] [] [] [] [] [] [] [] [] [] [] [] [] [] [] [] [] [] [] [] [] [] [] [] [] [] []
286 [] [1] [1 2 3 4 5] [1 2 3 4] [1 2 3 4 5 6] [1 2 3] [1 2 3 4 5 6 9 12] [1 2 4] [] [] [] [] [] [] [] [] [] [] [] [] [] [] [] [] [] [] [] [] [] [] [] [] [] [] [] [] [] [] [] [] [] [] [] [] [] [] [] [] [] [] [] [] [] [] [] [] [] [] [] [] [] [] [] [] [] [] [] [] [] []
287 [] [1 2 3 4] [1 2 3 4 5 6] [1 2 3] [1 2 3 4 5 6 9 12] [1] [1 2 4] [] [] [] [] [] [] [] [] [] [] [] [] [] [] [] [] [] [] [] [] [] [] [] [] [] [] [] [] [] [] [] [] [] [] [] [] [] [] [] [] [] [] [] [] [] [] [] [] [] [] [] [] [] [] [] [] [] [] [] [] [] [] []
288 [] [1 2 3 4] [1 2 4] [1 2 3 4 5 6] [1 2 3] [1 2 3 4 5 6 9 12] [1] [] [] [] [] [] [] [] [] [] [] [] [] [] [] [] [] [] [] [] [] [] [] [] [] [] [] [] [] [] [] [] [] [] [] [] [] [] [] [] [] [] [] [] [] [] [] [] [] [] [] [] [] [] [] [] [] [] [] [] [] [] [] []
289 [] [1 2 4] [1 2 3 4 5] [1 2 3 4 6] [1 2 3 4 5 6] [1 2 3 4] [1 2 3] [1 2 3 4 5 6 9 12] [1] [] [] [] [] [] [] [] [] [] [] [] [] [] [] [] [] [] [] [] [] [] [] [] [] [] [] [] [] [] [] [] [] [] [] [] [] [] [] [] [] [] [] [] [] [] [] [] [] [] [] [] [] [] [] [] [] [] [] [] [] []
290 [] [1 2 3 4 6] [1 2 3 4 5 6] [1 2 3 4] [1 2 3] [1 2 3 4 5 6 9 12] [1] [1 2 4] [] [] [] [] [] [] [] [] [] [] [] [] [] [] [] [] [] [] [] [] [] [] [] [] [] [] [] [] [] [] [] [] [] [] [] [] [] [] [] [] [] [] [] [] [] [] [] [] [] [] [] [] [] [] [] [] [] [] [] [] [] []
291 [] [1 2 3 4 5 6] [1 2 3] [1 2 3 4 5 6 9 12] [1 2 3 4] [1] [1 2 4] [] [] [] [] [] [] [] [] [] [] [] [] [] [] [] [] [] [] [] [] [] [] [] [] [] [] [] [] [] [] [] [] [] [] [] [] [] [] [] [] [] [] [] [] [] [] [] [] [] [] [] [] [] [] [] [] [] [] [] [] [] [] []
292 [] [1 2 3] [1] [1 2 3 4 5 6 9 12] [1 2 3 4] [1 2 4] [] [] [] [] [] [] [] [] [] [] [] [] [] [] [] [] [] [] [] [] [] [] [] [] [] [] [] [] [] [] [] [] [] [] [] [] [] [] [] [] [] [] [] [] [] [] [] [] [] [] [] [] [] [] [] [] [] [] [] [] [] [] [] []
293 [] [1 2 3 4 5 6 9 12] [1 2 3 4] [1 2] [1] [1 2 4] [1 2 3] [] [] [] [] [] [] [] [] [] [] [] [] [] [] [] [] [] [] [] [] [] [] [] [] [] [] [] [] [] [] [] [] [] [] [] [] [] [] [] [] [] [] [] [] [] [] [] [] [] [] [] [] [] [] [] [] [] [] [] [] [] [] []
294 [] [1 2] [1 2 3 4 6] [1 2 4 5] [1] [1 2 4] [1 2 3] [] [] [] [] [] [] [] [] [] [] [] [] [] [] [] [] [] [] [] [] [] [] [] [] [] [] [] [] [] [] [] [] [] [] [] [] [] [] [] [] [] [] [] [] [] [] [] [] [] [] [] [] [] [] [] [] [] [] [] [] [] [] []
295 [] [1 2 4 5] [1] [1 2 3 4 6] [1 2 4] [1 2 3] [] [] [] [] [] [] [] [] [] [] [] [] [] [] [] [] [] [] [] [] [] [] [] [] [] [] [] [] [] [] [] [] [] [] [] [] [] [] [] [] [] [] [] [] [] [] [] [] [] [] [] [] [] [] [] [] [] [] [] [] [] [] [] []
296 [] [1 2 3 4 6] [1 2] [1] [1 2 4] [1 2 3] [] [] [] [] [] [] [] [] [] [] [] [] [] [] [] [] [] [] [] [] [] [] [] [] [] [] [] [] [] [] [] [] [] [] [] [] [] [] [] [] [] [] [] [] [] [] [] [] [] [] [] [] [] [] [] [] [] [] [] [] [] [] [] []
297 [] [1] [1 2] [1 2 3 4 5] [1 2 4] [1 2 3] [] [] [] [] [] [] [] [] [] [] [] [] [] [] [] [] [] [] [] [] [] [] [] [] [] [] [] [] [] [] [] [] [] [] [] [] [] [] [] [] [] [] [] [] [] [] [] [] [] [] [] [] [] [] [] [] [] [] [] [] [] [] [] []
298 [] [1 2 3 4 5] [1 2 4] [1 2 3] [] [] [] [] [] [] [] [] [] [] [] [] [] [] [] [] [] [] [] [] [] [] [] [] [] [] [] [] [] [] [] [] [] [] [] [] [] [] [] [] [] [] [] [] [] [] [] [] [] [] [] [] [] [] [] [] [] [] [] [] [] [] [] [] [] []
299 [] [1 2 4] [1 2 3] [] [] [] [] [] [] [] [] [] [] [] [] [] [] [] [] [] [] [] [] [] [] [] [] [] [] [] [] [] [] [] [] [] [] [] [] [] [] [] [] [] [] [] [] [] [] [] [] [] [] [] [] [] [] [] [] [] [] [] [] [] [] [] [] [] [] []
