day not_working team1 team2 team3 team4 team5 team6 team7 team8 team9 team10 team11 team12 team13 team14 team15 team16 team17 team18 team19 team20 team21 team22 team23 team24 team25 team26 team27 team28 team29 team30 team31 team32 team33 team34 team35 team36 team37 team38 team39 team40 team41 team42 team43 team44 team45 team46 team47 team48 team49 team50 team51 team52 team53 team54 team55 team56 team57 team58 team59 team60 team61 team62 team63 team64 team65 team66 team67 team68 team69 team70 team71 team72 team73 team74 team75 team76 team77
1 [16 24 28 48] [1 2 3 37] [1 2 3 4 6 7 12] [1] [1 2] [1 37] [1 2 3 7 8] [1 2 3 4] [1 2 5 6] [1 2 5] [1 2 12] [1 2 3 7 12] [37] [2] [37 45] [1 2 12 20] [2 3 7 8] [2 3 7] [1 2 3 12 20 37] [1 2 3 4 5 6 12 20] [2 3 4 7] [2 4 6 7] [1 2 3 4 7 8 9 37] [2 3 4 7 8] [1 2 3 4 7 8 9] [1 2 3 7 8 37] [1 2 12 37 45] [1 2 3 4 5 7 12 37] [1 2 3 12 37] [1 2 3 4 7] [1 2 3 4 5] [2 20] [1 2 4 6 37] [1 2 3 4 5 6 7 8 20] [1 2 3 7 8 12 20 37] [1 2 20] [1 2 4 6 7 13 20 23 37] [1 2 3 4 5 7 8 37] [1 2 37] [1 2 3 4 5 6 12 17 19] [1 2 3 4 5 6 7 12 37] [1 2 3 4 12 17] [1 2 3] [1 2 37 45] [1 2 4 5 6 37] [1 2 3 5 7 8 37] [1 2 3 4 7 8 9 12 20 37] [1 2 3 4 5 12 17] [1 2 4 6 7 9 20 37] [1 2 3 5 12] [1 2 3 4 5 12 17 19 20] [1 2 5 6 7] [2 4 6 7 9] [1 2 3 7 37 45] [1 2 3 4 5 6 7 12 17 20] [1 2 3 7 12 37] [2 3] [1 2 4 6 7 13 20] [1 2 3 4 7 8 20 37] [1 2 3 4 6 12 17 37] [1 2 3 4 6 7 8 12 37] [1 2 3 7 8 20 37] [1 2 3 4 6 7 8 9 11 37 45] [1 2 3 4 5 6 7 8 9] [2 3 4] [1 2 3 4 5 6 7 8 13] [1 2 3 4 6 7 12 20] [] [] [] [] [] [] [] [] [] [] []
2 [16 32 45] [1 2 3 4 6 7 12] [1] [1 2] [1 2 3 7 8] [1 2 3 4] [1 2 3 24 37] [1 2 5 6] [1 2 5] [1 2 12] [1 2 3 7 12] [24] [2] [24 37] [1 2 12 20] [2 3 7 8] [2 3 7] [1 2 3 12 20 24 37] [1 2 3 4 5 6 12 20] [2 3 4 7] [2 4 6 7] [1 2 3 4 7 8 9 24 37] [2 3 4 7 8] [1 2 3 4 7 8 9] [1 2 3 7 8 24 37] [1 2 3 4 5 7 12 24 37] [1 2 3 12 24 37] [1 2 3 4 7] [1 2 3 4 5] [2 20] [1 2 4 6 24 37] [1 2 3 4 5 6 7 8 20] [1 2 3 7 8 12 20 24 37] [1 2 20] [1 2 4 6 7 13 20 23 24] [1 2 3 4 5 7 8 24 37] [1 2 24 37] [1 2 3 4 5 6 12 17 19] [1 2 3 4 5 6 7 12 24 37] [1 2 3 4 12 17] [1 2 3] [1 2 4 5 6 24 37] [1 2 3 5 7 8 24 37] [1 2 3 4 7 8 9 12 20 24 37] [1 2 3 4 5 12 17] [1 2 4 6 7 9 20 24] [1 2 3 5 12] [1 2 3 4 5 12 17 19 20] [1 2 5 6 7] [2 4 6 7 9] [1 2 3 7 24 37] [1 2 3 4 5 6 7 12 17 20] [1 2 24] [1 2 3 7 12 24] [2 3] [1 2 4 6 7 13 20] [1 2 3 4 7 8 20 24] [1 2 3 4 6 12 17 24 37] [1 2 3 4 6 7 8 12 24 37] [1 2 3 7 8 20 24] [1 2 3 4 6 7 8 9 11 24 37] [1 2 3 4 5 6 7 8 9] [2 3 4] [1 2 3 4 5 6 7 8 13] [1 2 3 4 6 7 12 20] [] [] [] [] [] [] [] [] [] [] [] [] []
3 [16 33] [1] [1 2 3 5 6 7 8] [1 2] [1 2 3 7 8] [1 2 3 4] [1 2 3 24 37] [1 2 5 6] [1 2 5] [1 2 12] [1 2 3 7 12] [24] [2] [24 37] [1 2 12 20] [2 3 7 8] [2 3 7] [1 2 3 12 20 24 37] [1 2 3 4 5 6 12 20] [2 3 4 7] [2 4 6 7] [1 2 3 4 7 8 9 24 37] [2 3 4 7 8] [1 2 3 4 7 8 9] [1 2 3 7 8 24 37] [1 2 12 24 37 45] [1 2 3 4 5 7 12 24 37] [1 2 3 12 24 37] [1 2 3 4 7] [1 2 3 4 5] [2 20] [1 2 4 6 24 37] [1 2 3 4 5 6 7 8 20] [1 2 3 7 8 12 20 24 37] [1 2 20] [1 2 4 6 7 13 20 23 24] [1 2 3 4 5 7 8 24 37] [1 2 24 37] [1 2 3 4 5 6 12 17 19] [1 2 3 4 5 6 7 12 24 37] [1 2 3 4 12 17] [1 2 3] [1 2 24 37 45] [1 2 4 5 6 24 37] [1 2 3 5 7 8 24 37] [1 2 3 4 7 8 9 12 20 24 37] [1 2 3 4 5 12 17] [1 2 4 6 7 9 20 24] [1 2 3 5 12] [1 2 3 4 5 12 17 19 20] [1 2 5 6 7] [2 4 6 7 9] [1 2 3 7 24 37] [1 2 3 4 5 6 7 12 17 20] [1 2 24] [1 2 3 7 12 24] [2 3] [1 2 4 6 7 13 20] [1 2 3 4 7 8 20 24] [1 2 3 4 6 12 17 24 37] [1 2 3 4 6 7 8 12 24 37] [1 2 3 7 8 20 24] [1 2 3 4 6 7 8 9 11 24 37] [1 2 3 4 5 6 7 8 9] [2 3 4] [1 2 3 4 5 6 7 8 13] [1 2 3 4 6 7 12 20] [] [] [] [] [] [] [] [] [] [] []
4 [] [1 2 3 5 6 7 8] [1 2] [1 2 3 7 8] [1] [1 2 3 4] [1 2 3 16] [1 2 5 6] [1 2 5] [1 2 12] [1 2 3 7 12] [16] [2] [16 24] [1 2 12 20] [16 24 37 45] [2 3 7 8] [2 3 7] [1 2 3 12 16 20] [1 2 3 4 5 6 12 20] [2 3 4 7] [2 4 6 7] [1 2 3 4 7 8 9 16] [1 2 3 4 5 6 7 8 12 16 24 37 45] [2 3 4 7 8] [1 2 3 4 7 8 9] [1 2 3 7 8 16] [1 2 12 16 24 37] [1 2 3 4 5 7 12 16] [1 2 3 12 16] [1 2 3 4 7] [1 2 3 4 5] [2 20] [1 2 4 6 16] [1 2 3 4 5 6 7 8 20] [1 2 3 7 8 12 16 20] [1 2 20] [1 2 4 6 7 13 16 20 23] [1 2 3 4 5 7 8 16] [1 2 16] [1 2 3 4 5 6 12 16 17] [1 2 3 4 5 6 7 12 16] [1 2 3 4 12 16] [1 2 3] [1 2 16 24 37] [1 2 4 5 6 16] [16 24 37] [1 2 3 5 7 8 16] [1 2 3 4 7 8 9 12 16 20] [1 2 3 4 5 12 16] [1 2 4 6 7 9 16 20] [1 2 3 5 12] [1 2 3 4 5 12 16 17 19] [1 2 5 6 7] [1 2 3 4 7 8 12 16 24 37 45] [2 4 6 7 9] [1 2 3 7 16 24] [1 2 3 4 5 6 7 12 16 20] [1 2 3 7 12 16] [2 3] [1 2 4 6 7 13 20] [1 2 3 4 7 8 16 20] [1 2 3 4 6 12 16] [1 2 3 4 6 7 8 12 16] [1 2 3 7 8 16 20] [1 2 3 4 6 7 8 9 11 16 24] [1 2 3 4 5 6 7 8 9] [2 3 4] [1 2 3 4 5 6 7 8 13] [1 2 3 4 6 7 12 20] [] [] [] [] [] [] [] []
5 [24] [1 2] [2 3 4 7 8 9] [1 2 3 7 8] [1] [1 2 3 4] [1 2 3 16] [1 2 5 6] [1 2 5] [1 2 12] [1 2 3 7 12] [16] [2] [16 37] [1 2 12 20] [2 3 7 8] [2 3 7] [1 2 3 12 16 20] [1 2 3 4 5 6 12 20] [2 3 4 7] [2 4 6 7] [1 2 3 4 7 8 9 16] [1 2 3 4 5 6 7 8 12 16 37 45] [2 3 4 7 8] [1 2 3 4 7 8 9] [1 2 3 7 8 16] [1 2 12 16 37] [1 2 3 4 5 7 12 16] [1 2 3 12 16] [1 2 3 4 7] [1 2 3 4 5] [2 20] [1 2 4 6 16] [1 2 3 4 5 6 7 8 20] [1 2 3 7 8 12 16 20] [1 2 20] [1 2 4 6 7 13 16 20 23] [1 2 3 4 5 7 8 16] [1 2 16] [1 2 3 4 5 6 12 16 17] [1 2 3 4 5 6 7 12 16] [1 2 3 4 12 16] [1 2 3] [1 2 16 37] [1 2 4 5 6 16] [1 2 3 5 7 8 16] [1 2 3 4 7 8 9 12 16 20] [1 2 3 4 5 12 16] [1 2 4 6 7 9 16 20] [1 2 3 5 12] [1 2 3 4 5 12 16 17 19] [1 2 5 6 7] [2 4 6 7 9] [1 2 3 7 16 37] [1 2 3 4 5 6 7 12 16 20] [1 2 3 5 6 7 8] [1 2 3 7 12 16] [2 3] [1 2 4 6 7 13 20] [1 2 3 4 7 8 16 20] [1 2 3 4 6 12 16] [1 2 3 4 6 7 8 12 16] [1 2 3 7 8 16 20] [1 2 3 4 6 7 8 9 11 16 37] [1 2 3 4 5 6 7 8 9] [2 3 4] [1 2 3 4 5 6 7 8 13] [1 2 3 4 6 7 12 20] [] [] [] [] [] [] [] [] [] []
6 [24] [2 3 4 7 8 9] [1 2 3 7 8] [1] [1 2 3 4] [1 2 3 16] [1 2] [1 2 5 6] [1 2 5] [1 2 12] [1 2 3 7 12] [16] [2] [16 37] [1 2 12 20] [2 3 7 8] [2 3 7] [1 2 3 12 16 20] [1 2 3 4 5 6 12 20] [2 3 4 7] [2 4 6 7] [1 2 3 4 7 8 9 16] [1 2 3 4 5 6 7 8 12 16 37 45] [2 3 4 7 8] [1 2 3 4 7 8 9] [1 2 3 7 8 16] [1 2 12 16 37] [1 2 3 4 5 7 12 16] [1 2 3 12 16] [1 2 3 4 7] [1 2 3 4 5] [2 20] [1 2 4 6 16] [1 2 3 4 5 6 7 8 20] [1 2 3 7 8 12 16 20] [1 2 20] [1 2 4 6 7 13 16 20 23] [1 2 3 4 5 7 8 16] [1 2 16] [1 2 3 4 5 6 12 16 17] [1 2 3 4 5 6 7 12 16] [1 2 3 4 12 16] [1 2 3] [1 2 16 37] [1 2 4 5 6 16] [1 2 3 5 7 8 16] [1 2 3 4 7 8 9 12 16 20] [1 2 3 4 5 12 16] [1 2 4 6 7 9 16 20] [1 2 3 5 12] [1 2 3 4 5 12 16 17 19] [1 2 5 6 7] [2 4 6 7 9] [1 2 3 7 16 37] [1 2 3 4 5 6 7 12 16 20] [1 2 3 5 6 7 8] [1 2 3 7 12 16] [2 3] [1 2 4 6 7 13 20] [1 2 3 4 7 8 16 20] [1 2 3 4 6 12 16] [1 2 3 4 6 7 8 12 16] [1 2 3 7 8 16 20] [1 2 3 4 6 7 8 9 11 16 37] [1 2 3 4 5 6 7 8 9] [2 3 4] [1 2 3 4 5 6 7 8 13] [1 2 3 4 6 7 12 20] [] [] [] [] [] [] [] [] [] []
7 [24 45] [2 3 4 7 8 9] [1 2 3 7 8] [1] [1 2 3 4] [1 2 3 16] [1 2] [1 2 5 6] [1 2 5] [1 2 12] [1 2 3 7 12] [16] [2] [16 37] [1 2 12 20] [2 3 7 8] [2 3 7] [1 2 3 12 16 20] [1 2 3 4 5 6 12 20] [2 3 4 7] [2 4 6 7] [1 2 3 4 7 8 9 16] [2 3 4 7 8] [1 2 3 4 7 8 9] [1 2 3 7 8 16] [1 2 12 16 37] [1 2 3 4 5 7 12 16] [1 2 3 12 16] [1 2 3 4 7] [1 2 3 4 5] [2 20] [1 2 4 6 16] [1 2 3 4 5 6 7 8 20] [1 2 3 7 8 12 16 20] [1 2 20] [1 2 4 6 7 13 16 20 23] [1 2 3 4 5 7 8 16] [1 2 16] [1 2 3 4 5 6 12 16 17] [1 2 3 4 5 6 7 12 16] [1 2 3 4 12 16] [1 2 3] [1 2 16 37] [1 2 4 5 6 16] [1 2 3 5 7 8 16] [1 2 3 4 7 8 9 12 16 20] [1 2 3 4 5 12 16] [1 2 4 6 7 9 16 20] [1 2 3 5 12] [1 2 3 4 5 12 16 17 19] [1 2 5 6 7] [2 4 6 7 9] [1 2 3 7 16 37] [1 2 3 4 5 6 7 12 16 20] [1 2 3 5 6 7 8] [1 2 3 7 12 16] [2 3] [1 2 4 6 7 13 20] [1 2 3 4 7 8 16 20] [1 2 3 4 6 12 16] [1 2 3 4 6 7 8 12 16] [1 2 3 7 8 16 20] [1 2 3 4 6 7 8 9 11 16 37] [1 2 3 4 5 6 7 8 9] [2 3 4] [1 2 3 4 5 6 7 8 13] [1 2 3 4 6 7 12 20] [] [] [] [] [] [] [] [] [] [] []
8 [29 30] [2 3 4 7 8 9] [1 2] [1 2 3 7 8] [1] [1 2 3 4] [1 2 3 16] [1 2 5 6] [1 2 5] [1 2 12] [1 2 3 7 12] [16] [2] [16 24] [1 2 12 20] [16 24 37 45] [2 3 7 8] [2 3 7] [1 2 3 12 16 20] [1 2 3 4 5 6 12 20] [2 3 4 7] [2 4 6 7] [1 2 3 4 7 8 9 16] [1 2 3 4 5 6 7 8 12 16 24 37 45] [2 3 4 7 8] [1 2 3 4 7 8 9] [1 2 3 7 8 16] [1 2 12 16 24 37] [1 2 3 4 5 7 12 16] [1 2 3 12 16] [1 2 3 4 7] [1 2 3 4 5] [2 20] [1 2 4 6 16] [1 2 3 4 5 6 7 8 20] [1 2 3 7 8 12 16 20] [1 2 20] [1 2 4 6 7 13 16 20 23] [1 2 3 4 5 7 8 16] [1 2 16] [1 2 3 4 5 6 12 16 17] [1 2 3 4 5 6 7 12 16] [1 2 3 4 12 16] [1 2 3] [1 2 16 24 37] [1 2 4 5 6 16] [16 24 37] [1 2 3 5 7 8 16] [1 2 3 4 7 8 9 12 16 20] [1 2 3 4 5 12 16] [1 2 4 6 7 9 16 20] [1 2 3 5 12] [1 2 3 4 5 12 16 17 19] [1 2 5 6 7] [1 2 3 4 7 8 12 16 24 37 45] [2 4 6 7 9] [1 2 3 7 16 24] [1 2 3 4 5 6 7 12 16 20] [1 2 3 5 6 7 8] [1 2 3 7 12 16] [2 3] [1 2 4 6 7 13 20] [1 2 3 4 7 8 16 20] [1 2 3 4 6 12 16] [1 2 3 4 6 7 8 12 16] [1 2 3 7 8 16 20] [1 2 3 4 6 7 8 9 11 16 24] [1 2 3 4 5 6 7 8 9] [2 3 4] [1 2 3 4 5 6 7 8 13] [1 2 3 4 6 7 12 20] [] [] [] [] [] [] []
9 [41 45 49] [1 2] [1 2 3 7 8] [1] [1 2 3 4] [1 2 3 16] [1 2 5 6] [1 2 5] [1 2 12] [1 2 3 7 12] [16] [2] [16 24] [1 2 12 20] [2 3 7 8] [2 3 7] [1 2 3 12 16 20] [1 2 3 4 5 6 12 20] [2 3 4 7] [2 4 6 7] [1 2 3 4 7 8 9 16] [2 3 4 7 8] [1 2 3 4 7 8 9] [1 2 3 7 8 16] [1 2 12 16 24 37] [1 2 3 4 5 7 12 16] [1 2 3 12 16] [1 2 3 4 7] [1 2 3 4 5] [2 20] [1 2 4 6 16] [1 2 3 4 5 6 7 8 20] [1 2 3 7 8 12 16 20] [1 2 20] [1 2 4 6 7 13 16 20 23] [1 2 3 4 5 7 8 16] [1 2 16] [1 2 3 4 5 6 12 16 17] [1 2 3 4 5 6 7 12 16] [1 2 3 4 12 16] [1 2 3] [1 2 16 24 37] [1 2 4 5 6 16] [16 24 37] [1 2 3 5 7 8 16] [1 2 3 4 7 8 9 12 16 20] [1 2 3 4 5 12 16] [1 2 4 6 7 9 16 20] [1 2 3 5 12] [1 2 3 4 5 12 16 17 19] [1 2 5 6 7] [2 4 6 7 9] [1 2 3 7 16 24] [1 2 3 4 5 6 7 12 16 20] [1 2 3 5 6 7 8] [1 2 3 7 12 16] [2 3] [1 2 4 6 7 13 20] [1 2 3 4 7 8 16 20] [1 2 3 4 6 12 16] [1 2 3 4 6 7 8 12 16] [1 2 3 7 8 16 20] [1 2 3 4 6 7 8 9 11 16 24] [1 2 3 4 5 6 7 8 9] [2 3 4] [1 2 3 4 5 6 7 8 13] [1 2 3 4 6 7 12 20] [] [] [] [] [] [] [] [] [] [] []
10 [4 35 38 45] [1 2] [1 2 3 7 8] [1] [1 2 3 6] [1 2 3 16] [1 2 5 6] [1 2 5] [1 2 12] [1 2 3 7 12] [16] [2] [16 24] [1 2 12 20] [2 3 7 8] [2 3 7] [1 2 3 12 16 20] [1 2 3 5 6 12 20] [2 6 7 9] [1 2 3 7 8 9 16] [2 3 7 8 9] [1 2 3 6 7 8 9] [1 2 3 7 8 16] [1 2 12 16 24 37] [1 2 3 5 6 7 12 16] [1 2 3 12 16] [1 2 3 5] [2 20] [1 2 6 16] [1 2 3 5 6 7 8 12 20] [1 2 3 7 8 12 16 20] [1 2 20] [1 2 6 7 13 16 20 23] [1 2 3 5 6 7 8 16] [1 2 16] [1 2 3 5 6 7 12 16 17] [1 2 3 7 12 16] [1 2 3] [1 2 16 24 37] [1 2 5 6 7 16] [16 24 37] [1 2 3 5 7 8 16] [1 2 3 7 8 9 12 16 20] [1 2 3 5 6] [1 2 3 5 12 16] [1 2 3 5 7 12 16] [1 2 6 7 9 12 16 20] [1 2 3 5 12] [1 2 3 5 12 16 17 19] [1 2 5 6 7] [2 6 7 9 12] [1 2 3 7 16 24] [1 2 3 5 6 7 9 12 16 20] [1 2 3 5 6 7 8] [1 2 3 5 7] [2 3] [1 2 6 7 9 13 20] [1 2 3 7 8 9 16 20] [1 2 3 6 7 12 16] [1 2 3 6 7 8 12 16] [1 2 3 7 8 16 20] [1 2 3 6 7 8 9 11 16 24] [1 2 3 5 6 7 8 9] [1 2 3 5 6 7 8 13] [1 2 3 5 6 7 12 20] [] [] [] [] [] [] [] [] [] [] [] [] []
11 [26 44] [1 2] [1 2 3 7 8] [1] [1 2 3 4] [1 2 3 16] [1 2 5 6] [1 2 5] [1 2 12] [1 2 3 7 12] [16] [2] [16 24] [1 2 12 20] [16 24 37 45] [2 3 7 8] [2 3 7] [1 2 3 12 16 20] [1 2 3 4 5 6 12 20] [2 3 4 7] [2 4 6 7] [1 2 3 4 7 8 9 16] [1 2 3 4 5 6 7 8 12 16 24 37 45] [2 3 4 7 8] [1 2 3 4 7 8 9] [1 2 3 7 8 16] [1 2 12 16 24 37] [1 2 3 4 5 7 12 16] [1 2 3 12 16] [1 2 3 4 7] [1 2 3 4 5] [2 20] [1 2 4 6 16] [1 2 3 4 5 6 7 8 20] [1 2 3 7 8 12 16 20] [1 2 20] [1 2 4 6 7 13 16 20 23] [1 2 3 4 5 7 8 16] [1 2 16] [1 2 3 4 5 6 12 16 17] [1 2 3 4 5 6 7 12 16] [1 2 3 4 12 16] [1 2 3] [1 2 16 24 37] [1 2 4 5 6 16] [16 24 37] [1 2 3 5 7 8 16] [1 2 3 4 7 8 9 12 16 20] [1 2 3 4 5 12 16] [1 2 4 6 7 9 16 20] [1 2 3 5 12] [1 2 3 4 5 12 16 17 19] [1 2 5 6 7] [1 2 3 4 7 8 12 16 24 37 45] [2 4 6 7 9] [1 2 3 7 16 24] [1 2 3 4 5 6 7 12 16 20] [1 2 3 5 6 7 8] [1 2 3 7 12 16] [2 3] [1 2 4 6 7 13 20] [1 2 3 4 7 8 16 20] [1 2 3 4 6 12 16] [1 2 3 4 6 7 8 12 16] [1 2 3 7 8 16 20] [1 2 3 4 6 7 8 9 11 16 24] [1 2 3 4 5 6 7 8 9] [2 3 4] [1 2 3 4 5 6 7 8 13] [1 2 3 4 6 7 12 20] [] [] [] [] [] [] [] []
12 [] [1 2] [1 2 3 7 8] [1] [1 2 3 4] [1 2 3 16] [1 2 5 6] [1 2 5] [1 2 12] [1 2 3 7 12] [16] [2] [16 24] [1 2 12 20] [16 24 37 45] [2 3 7 8] [2 3 7] [1 2 3 12 16 20] [1 2 3 4 5 6 12 20] [2 3 4 7] [2 4 6 7] [1 2 3 4 7 8 9 16] [1 2 3 4 5 6 7 8 12 16 24 37 45] [2 3 4 7 8] [1 2 3 4 7 8 9] [1 2 3 7 8 16] [1 2 12 16 24 37] [1 2 3 4 5 7 12 16] [1 2 3 12 16] [1 2 3 4 7] [1 2 3 4 5] [2 20] [1 2 4 6 16] [1 2 3 4 5 6 7 8 20] [1 2 3 7 8 12 16 20] [1 2 20] [1 2 4 6 7 13 16 20 23] [1 2 3 4 5 7 8 16] [1 2 16] [1 2 3 4 5 6 12 16 17] [1 2 3 4 5 6 7 12 16] [1 2 3 4 12 16] [1 2 3] [1 2 16 24 37] [1 2 4 5 6 16] [16 24 37] [1 2 3 5 7 8 16] [1 2 3 4 7 8 9 12 16 20] [1 2 3 4 5 12 16] [1 2 4 6 7 9 16 20] [1 2 3 5 12] [1 2 3 4 5 12 16 17 19] [1 2 5 6 7] [1 2 3 4 7 8 12 16 24 37 45] [2 4 6 7 9] [1 2 3 7 16 24] [1 2 3 4 5 6 7 12 16 20] [1 2 3 5 6 7 8] [1 2 3 7 12 16] [2 3] [1 2 4 6 7 13 20] [1 2 3 4 7 8 16 20] [1 2 3 4 6 12 16] [1 2 3 4 6 7 8 12 16] [1 2 3 7 8 16 20] [1 2 3 4 6 7 8 9 11 16 24] [1 2 3 4 5 6 7 8 9] [2 3 4] [1 2 3 4 5 6 7 8 13] [1 2 3 4 6 7 12 20] [] [] [] [] [] [] [] []
13 [] [1 2 3 7 8] [1] [1 2 3 4] [1 2 3 16] [1 2] [1 2 5 6] [1 2 5] [1 2 12] [1 2 3 7 12] [16] [2] [16 24] [1 2 12 20] [16 24 37 45] [2 3 7 8] [2 3 7] [1 2 3 12 16 20] [1 2 3 4 5 6 12 20] [2 3 4 7] [2 4 6 7] [1 2 3 4 7 8 9 16] [1 2 3 4 5 6 7 8 12 16 24 37 45] [2 3 4 7 8] [1 2 3 4 7 8 9] [1 2 3 7 8 16] [1 2 12 16 24 37] [1 2 3 4 5 7 12 16] [1 2 3 12 16] [1 2 3 4 7] [1 2 3 4 5] [2 20] [1 2 4 6 16] [1 2 3 4 5 6 7 8 20] [1 2 3 7 8 12 16 20] [1 2 20] [1 2 4 6 7 13 16 20 23] [1 2 3 4 5 7 8 16] [1 2 16] [1 2 3 4 5 6 12 16 17] [1 2 3 4 5 6 7 12 16] [1 2 3 4 12 16] [1 2 3] [1 2 16 24 37] [1 2 4 5 6 16] [16 24 37] [1 2 3 5 7 8 16] [1 2 3 4 7 8 9 12 16 20] [1 2 3 4 5 12 16] [1 2 4 6 7 9 16 20] [1 2 3 5 12] [1 2 3 4 5 12 16 17 19] [1 2 5 6 7] [1 2 3 4 7 8 12 16 24 37 45] [2 4 6 7 9] [1 2 3 7 16 24] [1 2 3 4 5 6 7 12 16 20] [1 2 3 5 6 7 8] [1 2 3 7 12 16] [2 3] [1 2 4 6 7 13 20] [1 2 3 4 7 8 16 20] [1 2 3 4 6 12 16] [1 2 3 4 6 7 8 12 16] [1 2 3 7 8 16 20] [1 2 3 4 6 7 8 9 11 16 24] [1 2 3 4 5 6 7 8 9] [2 3 4] [1 2 3 4 5 6 7 8 13] [1 2 3 4 6 7 12 20] [] [] [] [] [] [] [] []
14 [19 24] [1 2 3 4] [1 2 3 7 8] [1] [1 2 3 16] [1 2] [1 2 5 6] [1 2 5] [1 2 12] [1 2 3 7 12] [16] [2] [16 37] [1 2 12 20] [2 3 7 8] [2 3 7] [1 2 3 12 16 20] [1 2 3 4 5 6 12 20] [2 3 4 7] [2 4 6 7] [1 2 3 4 7 8 9 16] [1 2 3 4 5 6 7 8 12 16 37 45] [2 3 4 7 8] [1 2 3 4 7 8 9] [1 2 3 7 8 16] [1 2 12 16 37] [1 2 3 4 5 7 12 16] [1 2 3 12 16] [1 2 3 4 7] [1 2 3 4 5] [2 20] [1 2 4 6 16] [1 2 3 4 5 6 7 8 20] [1 2 3 7 8 12 16 20] [1 2 20] [1 2 4 6 7 13 16 20 23] [1 2 3 4 5 7 8 16] [1 2 16] [1 2 3 4 5 6 12 16 17] [1 2 3 4 5 6 7 12 16] [1 2 3 4 12 16] [1 2 3] [1 2 16 37] [1 2 4 5 6 16] [1 2 3 5 7 8 16] [1 2 3 4 7 8 9 12 16 20] [1 2 3 4 5 12 16] [1 2 4 6 7 9 16 20] [1 2 3 5 12] [1 2 3 4 5 12 16 17 20] [1 2 5 6 7] [2 4 6 7 9] [1 2 3 7 16 37] [1 2 3 4 5 6 7 12 16 20] [1 2 3 5 6 7 8] [1 2 3 7 12 16] [2 3] [1 2 4 6 7 13 20] [1 2 3 4 7 8 16 20] [1 2 3 4 6 12 16] [1 2 3 4 6 7 8 12 16] [1 2 3 7 8 16 20] [1 2 3 4 6 7 8 9 11 16 37] [1 2 3 4 5 6 7 8 9] [2 3 4] [1 2 3 4 5 6 7 8 13] [1 2 3 4 6 7 12 20] [] [] [] [] [] [] [] [] [] [] []
15 [24 28] [1 2 3 7 8] [1 2 3 16] [1 2] [1 2 5 6] [1 2 5] [1] [1 2 12] [1 2 3 7 12] [16] [2] [16 37] [1 2 12 20] [2 3 7 8] [2 3 7] [1 2 3 12 16 20] [1 2 3 4 5 6 12 20] [2 3 4 7] [1 2 3 4] [2 4 6 7] [1 2 3 4 7 8 9 16] [1 2 3 4 5 6 7 8 12 16 37 45] [2 3 4 7 8] [1 2 3 4 7 8 9] [1 2 3 7 8 16] [1 2 12 16 37] [1 2 3 4 5 7 12 16] [1 2 3 12 16] [1 2 3 4 7] [1 2 3 4 5] [2 20] [1 2 4 6 16] [1 2 3 4 5 6 7 8 20] [1 2 3 7 8 12 16 20] [1 2 20] [1 2 4 6 7 13 16 20 23] [1 2 3 4 5 7 8 16] [1 2 16] [1 2 3 4 5 6 12 16 17] [1 2 3 4 5 6 7 12 16] [1 2 3 4 12 16] [1 2 3] [1 2 16 37] [1 2 4 5 6 16] [1 2 3 5 7 8 16] [1 2 3 4 7 8 9 12 16 20] [1 2 3 4 5 12 16] [1 2 4 6 7 9 16 20] [1 2 3 5 12] [1 2 3 4 5 12 16 17 19] [1 2 5 6 7] [2 4 6 7 9] [1 2 3 7 16 37] [1 2 3 4 5 6 7 12 16 20] [1 2 3 5 6 7 8] [1 2 3 7 12 16] [2 3] [1 2 4 6 7 13 20] [1 2 3 4 7 8 16 20] [1 2 3 4 6 12 16] [1 2 3 4 6 7 8 12 16] [1 2 3 7 8 16 20] [1 2 3 4 6 7 8 9 11 16 37] [1 2 3 4 5 6 7 8 9] [2 3 4] [1 2 3 4 5 6 7 8 13] [1 2 3 4 6 7 12 20] [] [] [] [] [] [] [] [] [] [] []
16 [33] [1 2 3 7 8] [1 2 3 16] [1 2] [1 2 5 6] [1 2 5] [1] [1 2 12] [1 2 3 7 12] [16] [2] [16 24] [1 2 12 20] [16 24 37 45] [2 3 7 8] [2 3 7] [1 2 3 12 16 20] [1 2 3 4 5 6 12 20] [2 3 4 7] [1 2 3 4] [2 4 6 7] [1 2 3 4 7 8 9 16] [1 2 3 4 5 6 7 8 12 16 24 37 45] [2 3 4 7 8] [1 2 3 4 7 8 9] [1 2 3 7 8 16] [1 2 12 16 24 37] [1 2 3 4 5 7 12 16] [1 2 3 12 16] [1 2 3 4 7] [1 2 3 4 5] [2 20] [1 2 4 6 16] [1 2 3 4 5 6 7 8 20] [1 2 3 7 8 12 16 20] [1 2 20] [1 2 4 6 7 13 16 20 23] [1 2 3 4 5 7 8 16] [1 2 16] [1 2 3 4 5 6 12 16 17] [1 2 3 4 5 6 7 12 16] [1 2 3 4 12 16] [1 2 3] [1 2 16 24 37] [1 2 4 5 6 16] [16 24 37] [1 2 3 5 7 8 16] [1 2 3 4 7 8 9 12 16 20] [1 2 3 4 5 12 16] [1 2 4 6 7 9 16 20] [1 2 3 5 12] [1 2 3 4 5 12 16 17 19] [1 2 5 6 7] [1 2 3 4 7 8 12 16 24 37 45] [2 4 6 7 9] [1 2 3 7 16 24] [1 2 3 4 5 6 7 12 16 20] [1 2 3 5 6 7 8] [1 2 3 7 12 16] [2 3] [1 2 4 6 7 13 20] [1 2 3 4 7 8 16 20] [1 2 3 4 6 12 16] [1 2 3 4 6 7 8 12 16] [1 2 3 7 8 16 20] [1 2 3 4 6 7 8 9 11 16 24] [1 2 3 4 5 6 7 8 9] [2 3 4] [1 2 3 4 5 6 7 8 13] [1 2 3 4 6 7 12 20] [] [] [] [] [] [] [] []
17 [29] [1 2 3 7 8] [1 2 3 16] [1 2] [1 2 5 6] [1 2 5] [1] [1 2 12] [1 2 3 7 12] [16] [2] [16 24] [1 2 12 20] [16 24 37 45] [2 3 7 8] [2 3 7] [1 2 3 12 16 20] [1 2 3 4 5 6 12 20] [2 3 4 7] [1 2 3 4] [2 4 6 7] [1 2 3 4 7 8 9 16] [1 2 3 4 5 6 7 8 12 16 24 37 45] [2 3 4 7 8] [1 2 3 4 7 8 9] [1 2 3 7 8 16] [1 2 12 16 24 37] [1 2 3 4 5 7 12 16] [1 2 3 12 16] [1 2 3 4 7] [1 2 3 4 5] [2 20] [1 2 4 6 16] [1 2 3 4 5 6 7 8 20] [1 2 3 7 8 12 16 20] [1 2 20] [1 2 4 6 7 13 16 20 23] [1 2 3 4 5 7 8 16] [1 2 16] [1 2 3 4 5 6 12 16 17] [1 2 3 4 5 6 7 12 16] [1 2 3 4 12 16] [1 2 3] [1 2 16 24 37] [1 2 4 5 6 16] [16 24 37] [1 2 3 5 7 8 16] [1 2 3 4 7 8 9 12 16 20] [1 2 3 4 5 12 16] [1 2 4 6 7 9 16 20] [1 2 3 5 12] [1 2 3 4 5 12 16 17 19] [1 2 5 6 7] [1 2 3 4 7 8 12 16 24 37 45] [2 4 6 7 9] [1 2 3 7 16 24] [1 2 3 4 5 6 7 12 16 20] [1 2 3 5 6 7 8] [1 2 3 7 12 16] [2 3] [1 2 4 6 7 13 20] [1 2 3 4 7 8 16 20] [1 2 3 4 6 12 16] [1 2 3 4 6 7 8 12 16] [1 2 3 7 8 16 20] [1 2 3 4 6 7 8 9 11 16 24] [1 2 3 4 5 6 7 8 9] [2 3 4] [1 2 3 4 5 6 7 8 13] [1 2 3 4 6 7 12 20] [] [] [] [] [] [] [] []
18 [] [1 2 3 16] [1 2 3] [1 2] [1 2 5 6] [1 2 5] [1] [1 2 12] [1 2 3 7 12] [16] [2] [16 24] [1 2 12 20] [16 24 37 45] [2 3 7 8] [2 3 7] [1 2 3 12 16 20] [1 2 3 4 5 6 12 20] [2 3 4 7] [1 2 3 4] [2 4 6 7] [1 2 3 4 7 8 9 16] [1 2 3 4 5 6 7 8 12 16 24 37 45] [2 3 4 7 8] [1 2 3 4 7 8 9] [1 2 3 7 8 16] [1 2 12 16 24 37] [1 2 3 4 5 7 12 16] [1 2 3 12 16] [1 2 3 4 7] [1 2 3 4 5] [2 20] [1 2 4 6 16] [1 2 3 4 5 6 7 8 20] [1 2 3 7 8 12 16 20] [1 2 20] [1 2 4 6 7 13 16 20 23] [1 2 3 4 5 7 8 16] [1 2 16] [1 2 3 4 5 6 12 16 17] [1 2 3 4 5 6 7 12 16] [1 2 3 4 12 16] [1 2 16 24 37] [1 2 4 5 6 16] [16 24 37] [1 2 3 5 7 8 16] [1 2 3 4 7 8 9 12 16 20] [1 2 3 4 5 12 16] [1 2 4 6 7 9 16 20] [1 2 3 5 12] [1 2 3 4 5 12 16 17 19] [1 2 5 6 7] [1 2 3 4 7 8 12 16 24 37 45] [2 4 6 7 9] [1 2 3 7 16 24] [1 2 3 4 5 6 7 12 16 20] [1 2 3 5 6 7 8] [1 2 3 7 12 16] [2 3] [1 2 4 6 7 13 20] [1 2 3 4 7 8 16 20] [1 2 3 4 6 12 16] [1 2 3 4 6 7 8 12 16] [1 2 3 7 8 16 20] [1 2 3 4 6 7 8 9 11 16 24] [1 2 3 4 5 6 7 8 9] [2 3 4] [1 2 3 4 5 6 7 8 13] [1 2 3 4 6 7 12 20] [] [] [] [] [] [] [] [] []
19 [21] [1 2 3] [1 2] [1 2 5 6] [1 2 5] [1] [1 2 12] [1 2 3 7 12] [16] [2] [16 24] [1 2 12 20] [16 24 37 45] [2 3 7 8] [2 3 7] [1 2 3 12 16 20] [1 2 3 4 5 6 12 20] [2 3 4 7] [1 2 3 4] [2 4 6 7] [1 2 3 4 7 8 9 16] [1 2 3 4 5 6 7 8 12 16 24 37 45] [2 3 4 7 8] [1 2 3 4 7 8 9] [1 2 3 7 8 16] [1 2 12 16 24 37] [1 2 3 4 5 7 12 16] [1 2 3 12 16] [1 2 3 16] [1 2 3 4 7] [1 2 3 4 5] [2 20] [1 2 4 6 16] [1 2 3 4 5 6 7 8 20] [1 2 3 7 8 12 16 20] [1 2 20] [1 2 4 6 7 13 16 20 23] [1 2 3 4 5 7 8 16] [1 2 16] [1 2 3 4 5 6 12 16 17] [1 2 3 4 5 6 7 12 16] [1 2 3 4 12 16] [1 2 16 24 37] [1 2 4 5 6 16] [16 24 37] [1 2 3 5 7 8 16] [1 2 3 4 7 8 9 12 16 20] [1 2 3 4 5 12 16] [1 2 4 6 7 9 16 20] [1 2 3 5 12] [1 2 3 4 5 12 16 17 19] [1 2 5 6 7] [1 2 3 4 7 8 12 16 24 37 45] [2 4 6 7 9] [1 2 3 7 16 24] [1 2 3 4 5 6 7 12 16 20] [1 2 3 5 6 7 8] [1 2 3 7 12 16] [2 3] [1 2 4 6 7 13 20] [1 2 3 4 7 8 16 20] [1 2 3 4 6 12 16] [1 2 3 4 6 7 8 12 16] [1 2 3 7 8 16 20] [1 2 3 4 6 7 8 9 11 16 24] [1 2 3 4 5 6 7 8 9] [2 3 4] [1 2 3 4 5 6 7 8 13] [1 2 3 4 6 7 12 20] [] [] [] [] [] [] [] [] []
20 [3] [1 2 4] [1 2] [1 2 5 6] [1 2 5] [1] [1 2 12] [1 2 4 7 12] [16] [2] [16 24] [1 2 12 20] [16 24 37 45] [2 4 7 8] [2 4 7] [1 2 4 12 16 20] [1 2 4 5 6 12 20] [1 2 4 6 7] [2 4 6 7] [1 2 4 7 8 9 16] [1 2 4 5 6 7 8 9 12 16 24 37 45] [2 4 7 8 9] [1 2 4 6 7 8 9] [1 2 4 7 8 16] [1 2 12 16 24 37] [1 2 4 5 6 7 8 12 16] [1 2 4 12 16] [1 2 4 16] [1 2 4 7 8] [1 2 4 5] [2 20] [1 2 4 6 16] [1 2 4 5 6 7 8 12 20] [1 2 4 7 8 12 16 20] [1 2 20] [1 2 4 6 7 13 16 20 23] [1 2 4 5 6 7 8 16] [1 2 16] [1 2 4 5 6 7 12 16 17] [1 2 4 7 12 16] [1 2 16 24 37] [1 2 4 5 6 16] [16 24 37] [1 2 4 7 8 9 12 16 20] [1 2 4 5 6] [1 2 4 5 12 16] [1 2 4 5 7 12 16] [1 2 4 6 7 9 16 20] [1 2 4 5 12] [1 2 4 5 12 16 17 19] [1 2 5 6 7] [1 2 4 7 8 9 12 16 24 37 45] [2 4 6 7 9] [1 2 4 7 16 24] [1 2 4 5 6 7 12 16 20] [1 2 4 5 7 16] [1 2 4 5 6 7 8] [1 2 4 5 7] [2 4] [1 2 4 6 7 13 20] [1 2 4 7 8 9 16 20] [1 2 4 6 7 12 16] [1 2 4 7 8 16 20] [1 2 4 6 7 8 9 11 14 16 24] [1 2 4 5 6 7 8 9] [1 2 4 5 6 7 8 13 16] [] [] [] [] [] [] [] [] [] [] [] []
21 [] [1 2 3] [1 2] [1 2 5 6] [1 2 5] [1] [1 2 12] [1 2 3 7 12] [16] [2] [16 24] [1 2 12 20] [16 24 37 45] [2 3 7 8] [2 3 7] [1 2 3 12 16 20] [1 2 3 4 5 6 12 20] [2 3 4 7] [1 2 3 4] [2 4 6 7] [1 2 3 4 7 8 9 16] [1 2 3 4 5 6 7 8 12 16 24 37 45] [2 3 4 7 8] [1 2 3 4 7 8 9] [1 2 3 7 8 16] [1 2 12 16 24 37] [1 2 3 4 5 7 12 16] [1 2 3 12 16] [1 2 3 16] [1 2 3 4 7] [1 2 3 4 5] [2 20] [1 2 4 6 16] [1 2 3 4 5 6 7 8 20] [1 2 3 7 8 12 16 20] [1 2 20] [1 2 4 6 7 13 16 20 23] [1 2 3 4 5 7 8 16] [1 2 16] [1 2 3 4 5 6 12 16 17] [1 2 3 4 5 6 7 12 16] [1 2 3 4 12 16] [1 2 16 24 37] [1 2 4 5 6 16] [16 24 37] [1 2 3 5 7 8 16] [1 2 3 4 7 8 9 12 16 20] [1 2 3 4 5 12 16] [1 2 4 6 7 9 16 20] [1 2 3 5 12] [1 2 3 4 5 12 16 17 19] [1 2 5 6 7] [1 2 3 4 7 8 12 16 24 37 45] [2 4 6 7 9] [1 2 3 7 16 24] [1 2 3 4 5 6 7 12 16 20] [1 2 3 5 6 7 8] [1 2 3 7 12 16] [2 3] [1 2 4 6 7 13 20] [1 2 3 4 7 8 16 20] [1 2 3 4 6 12 16] [1 2 3 4 6 7 8 12 16] [1 2 3 7 8 16 20] [1 2 3 4 6 7 8 9 11 16 24] [1 2 3 4 5 6 7 8 9] [2 3 4] [1 2 3 4 5 6 7 8 13] [1 2 3 4 6 7 12 20] [] [] [] [] [] [] [] [] []
22 [14 30] [1 2 3] [1 2 12] [1 2] [1 2 5 6] [1 2 5] [1] [1 2 3 7 12] [16] [2] [16 24] [1 2 12 20] [16 24 37 45] [2 3 7 8] [2 3 7] [1 2 3 12 16 20] [1 2 3 4 5 6 12 20] [2 3 4 7] [1 2 3 4] [2 4 6 7] [1 2 3 4 7 8 9 16] [1 2 3 4 5 6 7 8 12 16 24 37 45] [2 3 4 7 8] [1 2 3 4 7 8 9] [1 2 3 7 8 16] [1 2 12 16 24 37] [1 2 3 4 5 7 12 16] [1 2 3 12 16] [1 2 3 16] [1 2 3 4 7] [1 2 3 4 5] [2 20] [1 2 4 6 16] [1 2 3 4 5 6 7 8 20] [1 2 3 7 8 12 16 20] [1 2 20] [1 2 4 6 7 13 16 20 23] [1 2 3 4 5 7 8 16] [1 2 16] [1 2 3 4 5 6 12 16 17] [1 2 3 4 5 6 7 12 16] [1 2 3 4 12 16] [1 2 16 24 37] [1 2 4 5 6 16] [16 24 37] [1 2 3 5 7 8 16] [1 2 3 4 7 8 9 12 16 20] [1 2 3 4 5 12 16] [1 2 4 6 7 9 16 20] [1 2 3 5 12] [1 2 3 4 5 12 16 17 19] [1 2 5 6 7] [1 2 3 4 7 8 12 16 24 37 45] [2 4 6 7 9] [1 2 3 7 16 24] [1 2 3 4 5 6 7 12 16 20] [1 2 3 5 6 7 8] [1 2 3 7 12 16] [2 3] [1 2 4 6 7 13 20] [1 2 3 4 7 8 16 20] [1 2 3 4 6 12 16] [1 2 3 4 6 7 8 12 16] [1 2 3 7 8 16 20] [1 2 3 4 6 7 8 9 11 16 24] [1 2 3 4 5 6 7 8 9] [2 3 4] [1 2 3 4 5 6 7 8 13] [1 2 3 4 6 7 12 20] [] [] [] [] [] [] [] [] []
23 [] [1 2 12] [1 2] [1 2 5 6] [1 2 5] [1] [1 2 3 7 12] [16] [2] [16 24] [1 2 12 20] [16 24 37 45] [2 3 7 8] [2 3 7] [1 2 3 12 16 20] [1 2 3 4 5 6 12 20] [2 3 4 7] [1 2 3 4] [2 4 6 7] [1 2 3 4 7 8 9 16] [1 2 3 4 5 6 7 8 12 16 24 37 45] [2 3 4 7 8] [1 2 3 4 7 8 9] [1 2 3 7 8 16] [1 2 12 16 24 37] [1 2 3 4 5 7 12 16] [1 2 3 12 16] [1 2 3 16] [1 2 3 4 7] [1 2 3 4 5] [2 20] [1 2 4 6 16] [1 2 3 4 5 6 7 8 20] [1 2 3 7 8 12 16 20] [1 2 20] [1 2 4 6 7 13 16 20 23] [1 2 3 4 5 7 8 16] [1 2 16] [1 2 3 4 5 6 12 16 17] [1 2 3 4 5 6 7 12 16] [1 2 3 4 12 16] [1 2 3] [1 2 16 24 37] [1 2 4 5 6 16] [16 24 37] [1 2 3 5 7 8 16] [1 2 3 4 7 8 9 12 16 20] [1 2 3 4 5 12 16] [1 2 4 6 7 9 16 20] [1 2 3 5 12] [1 2 3 4 5 12 16 17 19] [1 2 5 6 7] [1 2 3 4 7 8 12 16 24 37 45] [2 4 6 7 9] [1 2 3 7 16 24] [1 2 3 4 5 6 7 12 16 20] [1 2 3 5 6 7 8] [1 2 3 7 12 16] [2 3] [1 2 4 6 7 13 20] [1 2 3 4 7 8 16 20] [1 2 3 4 6 12 16] [1 2 3 4 6 7 8 12 16] [1 2 3 7 8 16 20] [1 2 3 4 6 7 8 9 11 16 24] [1 2 3 4 5 6 7 8 9] [2 3 4] [1 2 3 4 5 6 7 8 13] [1 2 3 4 6 7 12 20] [] [] [] [] [] [] [] [] []
24 [10 26 27] [1 2 12] [1 2 3] [1 2] [1 2 5 6] [1 2 5] [1] [1 2 3 7 12] [16] [2] [16 24] [1 2 12 20] [16 24 37 45] [2 3 7 8] [2 3 7] [1 2 3 12 16 20] [1 2 3 4 5 6 12 20] [2 3 4 7] [1 2 3 4] [2 4 6 7] [1 2 3 4 7 8 9 16] [1 2 3 4 5 6 7 8 12 16 24 37 45] [2 3 4 7 8] [1 2 3 4 7 8 9] [1 2 3 7 8 16] [1 2 12 16 24 37] [1 2 3 4 5 7 12 16] [1 2 3 12 16] [1 2 3 16] [1 2 3 4 7] [1 2 3 4 5] [2 20] [1 2 4 6 16] [1 2 3 4 5 6 7 8 20] [1 2 3 7 8 12 16 20] [1 2 20] [1 2 4 6 7 13 16 20 23] [1 2 3 4 5 7 8 16] [1 2 16] [1 2 3 4 5 6 12 16 17] [1 2 3 4 5 6 7 12 16] [1 2 3 4 12 16] [1 2 16 24 37] [1 2 4 5 6 16] [16 24 37] [1 2 3 5 7 8 16] [1 2 3 4 7 8 9 12 16 20] [1 2 3 4 5 12 16] [1 2 4 6 7 9 16 20] [1 2 3 5 12] [1 2 3 4 5 12 16 17 19] [1 2 5 6 7] [1 2 3 4 7 8 12 16 24 37 45] [2 4 6 7 9] [1 2 3 7 16 24] [1 2 3 4 5 6 7 12 16 20] [1 2 3 5 6 7 8] [1 2 3 7 12 16] [2 3] [1 2 4 6 7 13 20] [1 2 3 4 7 8 16 20] [1 2 3 4 6 12 16] [1 2 3 4 6 7 8 12 16] [1 2 3 7 8 16 20] [1 2 3 4 6 7 8 9 11 16 24] [1 2 3 4 5 6 7 8 9] [2 3 4] [1 2 3 4 5 6 7 8 13] [1 2 3 4 6 7 12 20] [] [] [] [] [] [] [] [] []
25 [2] [1 3 4] [1 5] [1 5 6 7] [1 5 6] [1] [1 3 12] [1 3] [1 3 7 12] [16] [4 6] [1 3 4 6] [16 24] [3] [1 3 4 6 12 20] [16 24 37 45] [3 7 8] [3 7] [1 4 6] [1 3 4 6 12 16 20] [1 3 4 5 6 7 12 20] [3 4 7 8] [1 3 4 6 7] [4 6 7 9 13] [1 3 4 7 8 9 16] [1 3 4 5 6 7 8 9 12 16 24 37 45] [3 4 7 8 9] [1 3 4 6 12] [1 3 4 6 7 8 9] [1 3 4 6 7 8 16] [1 3 12 16 24 37] [1 3 4 5 6 7 8 12 16] [1 3 12 16] [1 3 4 16] [1 3 4 7 8] [1 3 4 5 6] [4 6 20] [1 4 5 6 7 16] [1 3 4 5 6 7 8 9 12 20] [1 3 4 6 7 8 12 16 20] [1 4 6 20] [1 3 4 6 7 13 16 20 23] [1 3 4 5 6 7 8 16] [1 4 6 16] [1 3 4 5 6 7 12 16 17] [1 3 4 6 12 16] [1 3 16] [1 3 5 6 7 16 24 37] [1 3 4 5 6 7 16] [16 24 37] [1 3 4 6 16] [1 3 4 6 7 8 9 12 16 20] [1 3 4 5 12 16] [1 3 4 5 7 12 16] [1 4 6 7 9 12 13 16 20] [1 3 5 6 12] [1 3 4 5 12 16 17 19] [1 5 6 7 8] [1 3 4 6 7 8 9 12 16 24 37 45] [1 3 4 5] [4 6 7 9 12 13] [1 3 7 16 24] [4] [1 3 4 5 6 7 9 12 13 16 20] [1 3 4 5 7 16] [1 3 5 6 7 8] [1 3 4 5 7] [1 3 4 6 7 12 16] [1 3 4 6 7 9 13 15 20] [1 3 4 6 7 8 9 16 20] [1 3 4 5 6 7 8 12 13 16] [1 3 4 6 7 8 16 20] [1 3 4 6 7 8 9 11 14 16 24] [1 3 4 5 6 7 8 9] [3 4 7] [1 3 4 5 6 7 8 13 16] [1 3 4 5 6 7 8 12 20] [1 3 5]
26 [17] [1 2 3] [1 2 3 12 16] [1 2] [1 2 5 6] [1 2 5] [1] [1 2 12] [1 2 3 7 12] [16] [2] [16 24] [1 2 12 20] [16 24 37 45] [2 3 7 8] [2 3 7] [1 2 3 12 16 20] [1 2 3 4 5 6 12 20] [2 3 4 7] [1 2 3 4] [2 4 6 7] [1 2 3 4 7 8 9 16] [1 2 3 4 5 6 7 8 12 16 24 37 45] [2 3 4 7 8] [1 2 3 4 7 8 9] [1 2 3 7 8 16] [1 2 12 16 24 37] [1 2 3 4 5 7 12 16] [1 2 3 16] [1 2 3 4 7] [1 2 3 4 5] [2 20] [1 2 4 6 16] [1 2 3 4 5 6 7 8 20] [1 2 3 7 8 12 16 20] [1 2 20] [1 2 4 6 7 13 16 20 23] [1 2 3 4 5 7 8 16] [1 2 16] [1 2 3 4 5 6 12 16 19 20] [1 2 3 4 5 6 7 12 16] [1 2 3 4 12 16] [1 2 16 24 37] [1 2 4 5 6 16] [16 24 37] [1 2 3 5 7 8 16] [1 2 3 4 7 8 9 12 16 20] [1 2 3 4 5 12 16] [1 2 4 6 7 9 16 20] [1 2 3 5 12] [1 2 3 4 5 12 16 19 20] [1 2 5 6 7] [1 2 3 4 7 8 12 16 24 37 45] [2 4 6 7 9] [1 2 3 7 16 24] [1 2 3 4 5 6 7 12 16 20] [1 2 3 5 6 7 8] [1 2 3 7 12 16] [2 3] [1 2 4 6 7 13 20] [1 2 3 4 7 8 16 20] [1 2 3 4 6 12 16] [1 2 3 4 6 7 8 12 16] [1 2 3 7 8 16 20] [1 2 3 4 6 7 8 9 11 16 24] [1 2 3 4 5 6 7 8 9] [2 3 4] [1 2 3 4 5 6 7 8 13] [1 2 3 4 6 7 12 20] [] [] [] [] [] [] [] [] []
27 [] [1 2 3 12 16] [1 2] [1 2 5 6] [1 2 5] [1] [1 2 12] [1 2 3 7 12] [16] [2] [16 24] [1 2 12 20] [16 24 37 45] [2 3 7 8] [2 3 7] [1 2 3 12 16 20] [1 2 3 4 5 6 12 20] [2 3 4 7] [1 2 3 4] [2 4 6 7] [1 2 3 4 7 8 9 16] [1 2 3 4 5 6 7 8 12 16 24 37 45] [2 3 4 7 8] [1 2 3 4 7 8 9] [1 2 3 7 8 16] [1 2 12 16 24 37] [1 2 3 4 5 7 12 16] [1 2 3 16] [1 2 3 4 7] [1 2 3 4 5] [2 20] [1 2 4 6 16] [1 2 3 4 5 6 7 8 20] [1 2 3 7 8 12 16 20] [1 2 20] [1 2 4 6 7 13 16 20 23] [1 2 3 4 5 7 8 16] [1 2 16] [1 2 3 4 5 6 12 16 17] [1 2 3 4 5 6 7 12 16] [1 2 3 4 12 16] [1 2 3] [1 2 16 24 37] [1 2 4 5 6 16] [16 24 37] [1 2 3 5 7 8 16] [1 2 3 4 7 8 9 12 16 20] [1 2 3 4 5 12 16] [1 2 4 6 7 9 16 20] [1 2 3 5 12] [1 2 3 4 5 12 16 17 19] [1 2 5 6 7] [1 2 3 4 7 8 12 16 24 37 45] [2 4 6 7 9] [1 2 3 7 16 24] [1 2 3 4 5 6 7 12 16 20] [1 2 3 5 6 7 8] [1 2 3 7 12 16] [2 3] [1 2 4 6 7 13 20] [1 2 3 4 7 8 16 20] [1 2 3 4 6 12 16] [1 2 3 4 6 7 8 12 16] [1 2 3 7 8 16 20] [1 2 3 4 6 7 8 9 11 16 24] [1 2 3 4 5 6 7 8 9] [2 3 4] [1 2 3 4 5 6 7 8 13] [1 2 3 4 6 7 12 20] [] [] [] [] [] [] [] [] []
28 [8] [1 2] [1 2 5 6] [1 2 5] [1] [1 2 12] [1 2 3 7 12] [16] [2] [16 24] [1 2 12 20] [16 24 37 45] [2 3 7 9] [2 3 7] [1 2 3 12 16 20] [1 2 3 4 5 6 12 20] [2 3 4 7] [1 2 3 4] [2 4 6 7] [1 2 3 4 7 9 12 16] [1 2 3 4 5 6 7 9 12 16 24 37 45] [2 3 4 7 9] [1 2 3 4 7 9 12] [1 2 3 7 9 16] [1 2 12 16 24 37] [1 2 3 4 5 7 12 16] [1 2 3 12 16] [1 2 3 16] [1 2 3 4 7] [1 2 3 4 5] [2 20] [1 2 4 6 16] [1 2 3 4 5 6 7 9 20] [1 2 3 7 9 12 16 20] [1 2 20] [1 2 4 6 7 13 16 20 23] [1 2 3 4 5 7 9 16] [1 2 16] [1 2 3 4 5 6 12 16 17] [1 2 3 4 5 6 7 12 16] [1 2 3 4 12 16] [1 2 3] [1 2 16 24 37] [1 2 4 5 6 16] [16 24 37] [1 2 3 5 7 9 16] [1 2 3 4 7 9 12 16 20] [1 2 3 4 5 12 16] [1 2 4 6 7 9 16 20] [1 2 3 5 12] [1 2 3 4 5 12 16 17 19] [1 2 5 6 7] [1 2 3 4 7 9 12 16 24 37 45] [2 4 6 7 9] [1 2 3 7 16 24] [1 2 3 4 5 6 7 12 16 20] [1 2 3 5 6 7 9] [1 2 3 7 12 16] [2 3] [1 2 4 6 7 13 20] [1 2 3 4 7 9 16 20] [1 2 3 4 6 12 16] [1 2 3 4 6 7 9 12 16] [1 2 3 7 9 16 20] [1 2 3 4 6 7 9 11 16 24] [1 2 3 4 5 6 7 9 12] [2 3 4] [1 2 3 4 5 6 7 13 16] [1 2 3 4 6 7 12 20] [] [] [] [] [] [] [] [] []
29 [38 42] [1 2 5 6] [1 2 5] [1] [1 2] [1 2 12] [1 2 3 7 12] [16] [2] [16 24] [1 2 12 20] [16 24 37 45] [2 3 7 8] [2 3 7] [1 2 3 12 16 20] [1 2 3 4 5 6 12 20] [2 3 4 7] [1 2 3 4] [2 4 6 7] [1 2 3 4 7 8 9 16] [1 2 3 4 5 6 7 8 12 16 24 37 45] [2 3 4 7 8] [1 2 3 4 7 8 9] [1 2 3 7 8 16] [1 2 12 16 24 37] [1 2 3 4 5 7 12 16] [1 2 3 12 16] [1 2 3 16] [1 2 3 4 7] [1 2 3 4 5] [2 20] [1 2 4 6 16] [1 2 3 4 5 6 7 8 20] [1 2 3 7 8 12 16 20] [1 2 20] [1 2 4 6 7 13 16 20 23] [1 2 3 4 5 7 8 16] [1 2 16] [1 2 3 4 5 6 12 16 17] [1 2 3 4 5 6 7 12 16] [1 2 3 4 12 16] [1 2 3] [1 2 16 24 37] [1 2 4 5 6 16] [16 24 37] [1 2 3 5 7 8 16] [1 2 3 4 7 8 9 12 16 20] [1 2 3 4 5 12 16] [1 2 4 6 7 9 16 20] [1 2 3 5 12] [1 2 3 4 5 12 16 17 19] [1 2 5 6 7] [1 2 3 4 7 8 12 16 24 37 45] [2 4 6 7 9] [1 2 3 7 16 24] [1 2 3 4 5 6 7 12 16 20] [1 2 3 5 6 7 8] [1 2 3 7 12 16] [2 3] [1 2 4 6 7 13 20] [1 2 3 4 7 8 16 20] [1 2 3 4 6 12 16] [1 2 3 4 6 7 8 12 16] [1 2 3 7 8 16 20] [1 2 3 4 6 7 8 9 11 16 24] [1 2 3 4 5 6 7 8 9] [2 3 4] [1 2 3 4 5 6 7 8 13] [1 2 3 4 6 7 12 20] [] [] [] [] [] [] [] [] []
30 [] [1 2 5] [1] [1 2] [1 2 12] [1 2 3 7 12] [16] [2] [16 24] [1 2 12 20] [16 24 37 45] [2 3 7 8] [2 3 7] [1 2 3 12 16 20] [1 2 3 4 5 6 12 20] [2 3 4 7] [1 2 3 4] [2 4 6 7] [1 2 3 4 7 8 9 16] [1 2 3 4 5 6 7 8 12 16 24 37 45] [2 3 4 7 8] [1 2 3 4 7 8 9] [1 2 3 7 8 16] [1 2 12 16 24 37] [1 2 3 4 5 7 12 16] [1 2 3 12 16] [1 2 3 16] [1 2 3 4 7] [1 2 3 4 5] [2 20] [1 2 4 6 16] [1 2 3 4 5 6 7 8 20] [1 2 5 6] [1 2 3 7 8 12 16 20] [1 2 20] [1 2 4 6 7 13 16 20 23] [1 2 3 4 5 7 8 16] [1 2 16] [1 2 3 4 5 6 12 16 17] [1 2 3 4 5 6 7 12 16] [1 2 3 4 12 16] [1 2 3] [1 2 16 24 37] [1 2 4 5 6 16] [16 24 37] [1 2 3 5 7 8 16] [1 2 3 4 7 8 9 12 16 20] [1 2 3 4 5 12 16] [1 2 4 6 7 9 16 20] [1 2 3 5 12] [1 2 3 4 5 12 16 17 19] [1 2 5 6 7] [1 2 3 4 7 8 12 16 24 37 45] [2 4 6 7 9] [1 2 3 7 16 24] [1 2 3 4 5 6 7 12 16 20] [1 2 3 5 6 7 8] [1 2 3 7 12 16] [2 3] [1 2 4 6 7 13 20] [1 2 3 4 7 8 16 20] [1 2 3 4 6 12 16] [1 2 3 4 6 7 8 12 16] [1 2 3 7 8 16 20] [1 2 3 4 6 7 8 9 11 16 24] [1 2 3 4 5 6 7 8 9] [2 3 4] [1 2 3 4 5 6 7 8 13] [1 2 3 4 6 7 12 20] [] [] [] [] [] [] [] [] []
31 [34] [1 2 5] [1] [1 2] [1 2 12] [1 2 3 7 12] [16] [2] [16 24] [1 2 12 20] [16 24 37 45] [2 3 7 8] [2 3 7] [1 2 3 12 16 20] [1 2 3 4 5 6 12 20] [2 3 4 7] [1 2 3 4] [2 4 6 7] [1 2 3 4 7 8 9 16] [1 2 3 4 5 6 7 8 12 16 24 37 45] [2 3 4 7 8] [1 2 3 4 7 8 9] [1 2 3 7 8 16] [1 2 12 16 24 37] [1 2 3 4 5 7 12 16] [1 2 3 12 16] [1 2 3 16] [1 2 3 4 7] [1 2 3 4 5] [2 20] [1 2 4 6 16] [1 2 3 4 5 6 7 8 20] [1 2 5 6] [1 2 3 7 8 12 16 20] [1 2 20] [1 2 4 6 7 13 16 20 23] [1 2 3 4 5 7 8 16] [1 2 16] [1 2 3 4 5 6 12 16 17] [1 2 3 4 5 6 7 12 16] [1 2 3 4 12 16] [1 2 3] [1 2 16 24 37] [1 2 4 5 6 16] [16 24 37] [1 2 3 5 7 8 16] [1 2 3 4 7 8 9 12 16 20] [1 2 3 4 5 12 16] [1 2 4 6 7 9 16 20] [1 2 3 5 12] [1 2 3 4 5 12 16 17 19] [1 2 5 6 7] [1 2 3 4 7 8 12 16 24 37 45] [2 4 6 7 9] [1 2 3 7 16 24] [1 2 3 4 5 6 7 12 16 20] [1 2 3 5 6 7 8] [1 2 3 7 12 16] [2 3] [1 2 4 6 7 13 20] [1 2 3 4 7 8 16 20] [1 2 3 4 6 12 16] [1 2 3 4 6 7 8 12 16] [1 2 3 7 8 16 20] [1 2 3 4 6 7 8 9 11 16 24] [1 2 3 4 5 6 7 8 9] [2 3 4] [1 2 3 4 5 6 7 8 13] [1 2 3 4 6 7 12 20] [] [] [] [] [] [] [] [] []
32 [17] [1 2 5] [1] [1 2] [1 2 12] [1 2 3 7 12] [16] [2] [16 24] [1 2 12 20] [16 24 37 45] [2 3 7 8] [2 3 7] [1 2 3 12 16 20] [1 2 3 4 5 6 12 20] [2 3 4 7] [1 2 3 4] [2 4 6 7] [1 2 3 4 7 8 9 16] [1 2 3 4 5 6 7 8 12 16 24 37 45] [2 3 4 7 8] [1 2 3 4 7 8 9] [1 2 3 7 8 16] [1 2 12 16 24 37] [1 2 3 4 5 7 12 16] [1 2 3 12 16] [1 2 3 16] [1 2 3 4 7] [1 2 3 4 5] [2 20] [1 2 4 6 16] [1 2 3 4 5 6 7 8 20] [1 2 5 6] [1 2 3 7 8 12 16 20] [1 2 20] [1 2 4 6 7 13 16 20 23] [1 2 3 4 5 7 8 16] [1 2 16] [1 2 3 4 5 6 12 16 19 20] [1 2 3 4 5 6 7 12 16] [1 2 3 4 12 16] [1 2 3] [1 2 16 24 37] [1 2 4 5 6 16] [16 24 37] [1 2 3 5 7 8 16] [1 2 3 4 7 8 9 12 16 20] [1 2 3 4 5 12 16] [1 2 4 6 7 9 16 20] [1 2 3 5 12] [1 2 3 4 5 12 16 19 20] [1 2 5 6 7] [1 2 3 4 7 8 12 16 24 37 45] [2 4 6 7 9] [1 2 3 7 16 24] [1 2 3 4 5 6 7 12 16 20] [1 2 3 5 6 7 8] [1 2 3 7 12 16] [2 3] [1 2 4 6 7 13 20] [1 2 3 4 7 8 16 20] [1 2 3 4 6 12 16] [1 2 3 4 6 7 8 12 16] [1 2 3 7 8 16 20] [1 2 3 4 6 7 8 9 11 16 24] [1 2 3 4 5 6 7 8 9] [2 3 4] [1 2 3 4 5 6 7 8 13] [1 2 3 4 6 7 12 20] [] [] [] [] [] [] [] [] []
33 [14] [1 2 5] [1] [1 2] [1 2 12] [1 2 3 7 12] [16] [2] [16 24] [1 2 12 20] [16 24 37 45] [2 3 7 8] [2 3 7] [1 2 3 12 16 20] [1 2 3 4 5 6 12 20] [2 3 4 7] [1 2 3 4] [2 4 6 7] [1 2 3 4 7 8 9 16] [1 2 3 4 5 6 7 8 12 16 24 37 45] [2 3 4 7 8] [1 2 3 4 7 8 9] [1 2 3 7 8 16] [1 2 12 16 24 37] [1 2 3 4 5 7 12 16] [1 2 3 12 16] [1 2 3 16] [1 2 3 4 7] [1 2 3 4 5] [2 20] [1 2 4 6 16] [1 2 3 4 5 6 7 8 20] [1 2 5 6] [1 2 3 7 8 12 16 20] [1 2 20] [1 2 4 6 7 13 16 20 23] [1 2 3 4 5 7 8 16] [1 2 16] [1 2 3 4 5 6 12 16 17] [1 2 3 4 5 6 7 12 16] [1 2 3 4 12 16] [1 2 3] [1 2 16 24 37] [1 2 4 5 6 16] [16 24 37] [1 2 3 5 7 8 16] [1 2 3 4 7 8 9 12 16 20] [1 2 3 4 5 12 16] [1 2 4 6 7 9 16 20] [1 2 3 5 12] [1 2 3 4 5 12 16 17 19] [1 2 5 6 7] [1 2 3 4 7 8 12 16 24 37 45] [2 4 6 7 9] [1 2 3 7 16 24] [1 2 3 4 5 6 7 12 16 20] [1 2 3 5 6 7 8] [1 2 3 7 12 16] [2 3] [1 2 4 6 7 13 20] [1 2 3 4 7 8 16 20] [1 2 3 4 6 12 16] [1 2 3 4 6 7 8 12 16] [1 2 3 7 8 16 20] [1 2 3 4 6 7 8 9 11 16 24] [1 2 3 4 5 6 7 8 9] [2 3 4] [1 2 3 4 5 6 7 8 13] [1 2 3 4 6 7 12 20] [] [] [] [] [] [] [] [] []
34 [] [1 2 5] [1] [1 2] [1 2 12] [1 2 3 7 12] [16] [2] [16 24] [1 2 12 20] [16 24 37 45] [2 3 7 8] [2 3 7] [1 2 3 12 16 20] [1 2 3 4 5 6 12 20] [2 3 4 7] [1 2 3 4] [2 4 6 7] [1 2 3 4 7 8 9 16] [1 2 3 4 5 6 7 8 12 16 24 37 45] [2 3 4 7 8] [1 2 3 4 7 8 9] [1 2 3 7 8 16] [1 2 12 16 24 37] [1 2 3 4 5 7 12 16] [1 2 3 12 16] [1 2 3 16] [1 2 3 4 7] [1 2 3 4 5] [2 20] [1 2 4 6 16] [1 2 3 4 5 6 7 8 20] [1 2 5 6] [1 2 3 7 8 12 16 20] [1 2 20] [1 2 4 6 7 13 16 20 23] [1 2 3 4 5 7 8 16] [1 2 16] [1 2 3 4 5 6 12 16 17] [1 2 3 4 5 6 7 12 16] [1 2 3 4 12 16] [1 2 3] [1 2 16 24 37] [1 2 4 5 6 16] [16 24 37] [1 2 3 5 7 8 16] [1 2 3 4 7 8 9 12 16 20] [1 2 3 4 5 12 16] [1 2 4 6 7 9 16 20] [1 2 3 5 12] [1 2 3 4 5 12 16 17 19] [1 2 5 6 7] [1 2 3 4 7 8 12 16 24 37 45] [2 4 6 7 9] [1 2 3 7 16 24] [1 2 3 4 5 6 7 12 16 20] [1 2 3 5 6 7 8] [1 2 3 7 12 16] [2 3] [1 2 4 6 7 13 20] [1 2 3 4 7 8 16 20] [1 2 3 4 6 12 16] [1 2 3 4 6 7 8 12 16] [1 2 3 7 8 16 20] [1 2 3 4 6 7 8 9 11 16 24] [1 2 3 4 5 6 7 8 9] [2 3 4] [1 2 3 4 5 6 7 8 13] [1 2 3 4 6 7 12 20] [] [] [] [] [] [] [] [] []
35 [28] [1] [1 2] [1 2 12] [1 2 3 7 12] [16] [2] [16 24] [1 2 12 20] [16 24 37 45] [2 3 7 8] [2 3 7] [1 2 3 12 16 20] [1 2 3 4 5 6 12 20] [2 3 4 7] [1 2 3 4] [2 4 6 7] [1 2 3 4 7 8 9 16] [1 2 3 4 5 6 7 8 12 16 24 37 45] [2 3 4 7 8] [1 2 3 4 7 8 9] [1 2 3 7 8 16] [1 2 12 16 24 37] [1 2 3 4 5 7 12 16] [1 2 3 12 16] [1 2 3 16] [1 2 3 4 7] [1 2 3 4 5] [2 20] [1 2 4 6 16] [1 2 3 4 5 6 7 8 20] [1 2 5 6] [1 2 3 7 8 12 16 20] [1 2 20] [1 2 4 6 7 13 16 20 23] [1 2 3 4 5 7 8 16] [1 2 16] [1 2 3 4 5 6 12 16 17] [1 2 3 4 5 6 7 12 16] [1 2 3 4 12 16] [1 2 3] [1 2 16 24 37] [1 2 4 5 6 16] [16 24 37] [1 2 3 5 7 8 16] [1 2 3 4 7 8 9 12 16 20] [1 2 3 4 5 12 16] [1 2 4 6 7 9 16 20] [1 2 3 5 12] [1 2 3 4 5 12 16 17 19] [1 2 5 6 7] [1 2 3 4 7 8 12 16 24 37 45] [2 4 6 7 9] [1 2 3 7 16 24] [1 2 3 4 5 6 7 12 16 20] [1 2 5] [1 2 3 5 6 7 8] [1 2 3 7 12 16] [2 3] [1 2 4 6 7 13 20] [1 2 3 4 7 8 16 20] [1 2 3 4 6 12 16] [1 2 3 4 6 7 8 12 16] [1 2 3 7 8 16 20] [1 2 3 4 6 7 8 9 11 16 24] [1 2 3 4 5 6 7 8 9] [2 3 4] [1 2 3 4 5 6 7 8 13] [1 2 3 4 6 7 12 20] [] [] [] [] [] [] [] [] []
36 [] [1] [1 2] [1 2 12] [1 2 3 7 12] [16] [2] [16 24] [1 2 12 20] [16 24 37 45] [2 3 7 8] [2 3 7] [1 2 3 12 16 20] [1 2 3 4 5 6 12 20] [2 3 4 7] [1 2 3 4] [2 4 6 7] [1 2 3 4 7 8 9 16] [1 2 3 4 5 6 7 8 12 16 24 37 45] [2 3 4 7 8] [1 2 3 4 7 8 9] [1 2 3 7 8 16] [1 2 12 16 24 37] [1 2 3 4 5 7 12 16] [1 2 3 12 16] [1 2 3 16] [1 2 3 4 7] [1 2 3 4 5] [2 20] [1 2 4 6 16] [1 2 3 4 5 6 7 8 20] [1 2 5 6] [1 2 3 7 8 12 16 20] [1 2 20] [1 2 4 6 7 13 16 20 23] [1 2 3 4 5 7 8 16] [1 2 16] [1 2 3 4 5 6 12 16 17] [1 2 3 4 5 6 7 12 16] [1 2 3 4 12 16] [1 2 3] [1 2 16 24 37] [1 2 4 5 6 16] [16 24 37] [1 2 3 5 7 8 16] [1 2 3 4 7 8 9 12 16 20] [1 2 3 4 5 12 16] [1 2 4 6 7 9 16 20] [1 2 3 5 12] [1 2 3 4 5 12 16 17 19] [1 2 5 6 7] [1 2 3 4 7 8 12 16 24 37 45] [2 4 6 7 9] [1 2 3 7 16 24] [1 2 3 4 5 6 7 12 16 20] [1 2 5] [1 2 3 5 6 7 8] [1 2 3 7 12 16] [2 3] [1 2 4 6 7 13 20] [1 2 3 4 7 8 16 20] [1 2 3 4 6 12 16] [1 2 3 4 6 7 8 12 16] [1 2 3 7 8 16 20] [1 2 3 4 6 7 8 9 11 16 24] [1 2 3 4 5 6 7 8 9] [2 3 4] [1 2 3 4 5 6 7 8 13] [1 2 3 4 6 7 12 20] [] [] [] [] [] [] [] [] []
37 [] [1] [1 2] [1 2 12] [1 2 3 7 12] [16] [2] [16 24] [1 2 12 20] [16 24 37 45] [2 3 7 8] [2 3 7] [1 2 3 12 16 20] [1 2 3 4 5 6 12 20] [2 3 4 7] [1 2 3 4] [2 4 6 7] [1 2 3 4 7 8 9 16] [1 2 3 4 5 6 7 8 12 16 24 37 45] [2 3 4 7 8] [1 2 3 4 7 8 9] [1 2 3 7 8 16] [1 2 12 16 24 37] [1 2 3 4 5 7 12 16] [1 2 3 12 16] [1 2 3 16] [1 2 3 4 7] [1 2 3 4 5] [2 20] [1 2 4 6 16] [1 2 3 4 5 6 7 8 20] [1 2 5 6] [1 2 3 7 8 12 16 20] [1 2 20] [1 2 4 6 7 13 16 20 23] [1 2 3 4 5 7 8 16] [1 2 16] [1 2 3 4 5 6 12 16 17] [1 2 3 4 5 6 7 12 16] [1 2 3 4 12 16] [1 2 3] [1 2 16 24 37] [1 2 4 5 6 16] [16 24 37] [1 2 3 5 7 8 16] [1 2 3 4 7 8 9 12 16 20] [1 2 3 4 5 12 16] [1 2 4 6 7 9 16 20] [1 2 3 5 12] [1 2 3 4 5 12 16 17 19] [1 2 5 6 7] [1 2 3 4 7 8 12 16 24 37 45] [2 4 6 7 9] [1 2 3 7 16 24] [1 2 3 4 5 6 7 12 16 20] [1 2 5] [1 2 3 5 6 7 8] [1 2 3 7 12 16] [2 3] [1 2 4 6 7 13 20] [1 2 3 4 7 8 16 20] [1 2 3 4 6 12 16] [1 2 3 4 6 7 8 12 16] [1 2 3 7 8 16 20] [1 2 3 4 6 7 8 9 11 16 24] [1 2 3 4 5 6 7 8 9] [2 3 4] [1 2 3 4 5 6 7 8 13] [1 2 3 4 6 7 12 20] [] [] [] [] [] [] [] [] []
38 [23] [1] [1 2] [1 2 12] [1 2 3 7 12] [16] [2] [16 24] [1 2 12 20] [16 24 37 45] [2 3 7 8] [2 3 7] [1 2 3 12 16 20] [1 2 3 4 5 6 12 20] [2 3 4 7] [1 2 3 4] [2 4 6 7] [1 2 3 4 7 8 9 16] [1 2 3 4 5 6 7 8 12 16 24 37 45] [2 3 4 7 8] [1 2 3 4 7 8 9] [1 2 3 7 8 16] [1 2 12 16 24 37] [1 2 3 4 5 7 12 16] [1 2 3 12 16] [1 2 3 16] [1 2 3 4 7] [1 2 3 4 5] [2 20] [1 2 4 6 16] [1 2 3 4 5 6 7 8 20] [1 2 5 6] [1 2 3 7 8 12 16 20] [1 2 20] [1 2 4 6 7 13 16 20 27] [1 2 3 4 5 7 8 16] [1 2 16] [1 2 3 4 5 6 12 16 17] [1 2 3 4 5 6 7 12 16] [1 2 3 4 12 16] [1 2 3] [1 2 16 24 37] [1 2 4 5 6 16] [16 24 37] [1 2 3 5 7 8 16] [1 2 3 4 7 8 9 12 16 20] [1 2 3 4 5 12 16] [1 2 4 6 7 9 16 20] [1 2 3 5 12] [1 2 3 4 5 12 16 17 19] [1 2 5 6 7] [1 2 3 4 7 8 12 16 24 37 45] [2 4 6 7 9] [1 2 3 7 16 24] [1 2 3 4 5 6 7 12 16 20] [1 2 5] [1 2 3 5 6 7 8] [1 2 3 7 12 16] [2 3] [1 2 4 6 7 13 20] [1 2 3 4 7 8 16 20] [1 2 3 4 6 12 16] [1 2 3 4 6 7 8 12 16] [1 2 3 7 8 16 20] [1 2 3 4 6 7 8 9 11 16 24] [1 2 3 4 5 6 7 8 9] [2 3 4] [1 2 3 4 5 6 7 8 13] [1 2 3 4 6 7 12 20] [] [] [] [] [] [] [] [] []
39 [] [1] [1 2] [1 2 12] [1 2 3 7 12] [16] [2] [16 24] [1 2 12 20] [16 24 37 45] [2 3 7 8] [2 3 7] [1 2 3 12 16 20] [1 2 3 4 5 6 12 20] [2 3 4 7] [1 2 3 4] [2 4 6 7] [1 2 3 4 7 8 9 16] [1 2 3 4 5 6 7 8 12 16 24 37 45] [2 3 4 7 8] [1 2 3 4 7 8 9] [1 2 3 7 8 16] [1 2 12 16 24 37] [1 2 3 4 5 7 12 16] [1 2 3 12 16] [1 2 3 16] [1 2 3 4 7] [1 2 3 4 5] [2 20] [1 2 4 6 16] [1 2 3 4 5 6 7 8 20] [1 2 5 6] [1 2 3 7 8 12 16 20] [1 2 20] [1 2 4 6 7 13 16 20 23] [1 2 3 4 5 7 8 16] [1 2 16] [1 2 3 4 5 6 12 16 17] [1 2 3 4 5 6 7 12 16] [1 2 3 4 12 16] [1 2 3] [1 2 16 24 37] [1 2 4 5 6 16] [16 24 37] [1 2 3 5 7 8 16] [1 2 3 4 7 8 9 12 16 20] [1 2 3 4 5 12 16] [1 2 4 6 7 9 16 20] [1 2 3 5 12] [1 2 3 4 5 12 16 17 19] [1 2 5 6 7] [1 2 3 4 7 8 12 16 24 37 45] [2 4 6 7 9] [1 2 3 7 16 24] [1 2 3 4 5 6 7 12 16 20] [1 2 5] [1 2 3 5 6 7 8] [1 2 3 7 12 16] [2 3] [1 2 4 6 7 13 20] [1 2 3 4 7 8 16 20] [1 2 3 4 6 12 16] [1 2 3 4 6 7 8 12 16] [1 2 3 7 8 16 20] [1 2 3 4 6 7 8 9 11 16 24] [1 2 3 4 5 6 7 8 9] [2 3 4] [1 2 3 4 5 6 7 8 13] [1 2 3 4 6 7 12 20] [] [] [] [] [] [] [] [] []
40 [14] [1] [1 2] [1 2 12] [1 2 3 7 12] [16] [2] [16 24] [1 2 12 20] [16 24 37 45] [2 3 7 8] [2 3 7] [1 2 3 12 16 20] [1 2 3 4 5 6 12 20] [2 3 4 7] [1 2 3 4] [2 4 6 7] [1 2 3 4 7 8 9 16] [1 2 3 4 5 6 7 8 12 16 24 37 45] [2 3 4 7 8] [1 2 3 4 7 8 9] [1 2 3 7 8 16] [1 2 12 16 24 37] [1 2 3 4 5 7 12 16] [1 2 3 12 16] [1 2 3 16] [1 2 3 4 7] [1 2 3 4 5] [2 20] [1 2 4 6 16] [1 2 3 4 5 6 7 8 20] [1 2 5 6] [1 2 3 7 8 12 16 20] [1 2 20] [1 2 4 6 7 13 16 20 23] [1 2 3 4 5 7 8 16] [1 2 16] [1 2 3 4 5 6 12 16 17] [1 2 3 4 5 6 7 12 16] [1 2 3 4 12 16] [1 2 3] [1 2 16 24 37] [1 2 4 5 6 16] [16 24 37] [1 2 3 5 7 8 16] [1 2 3 4 7 8 9 12 16 20] [1 2 3 4 5 12 16] [1 2 4 6 7 9 16 20] [1 2 3 5 12] [1 2 3 4 5 12 16 17 19] [1 2 5 6 7] [1 2 3 4 7 8 12 16 24 37 45] [2 4 6 7 9] [1 2 3 7 16 24] [1 2 3 4 5 6 7 12 16 20] [1 2 5] [1 2 3 5 6 7 8] [1 2 3 7 12 16] [2 3] [1 2 4 6 7 13 20] [1 2 3 4 7 8 16 20] [1 2 3 4 6 12 16] [1 2 3 4 6 7 8 12 16] [1 2 3 7 8 16 20] [1 2 3 4 6 7 8 9 11 16 24] [1 2 3 4 5 6 7 8 9] [2 3 4] [1 2 3 4 5 6 7 8 13] [1 2 3 4 6 7 12 20] [] [] [] [] [] [] [] [] []
41 [] [1] [1 2 4 6 7] [1 2] [1 2 12] [1 2 3 7 12] [16] [2] [16 24] [1 2 12 20] [16 24 37 45] [2 3 7 8] [2 3 7] [1 2 3 12 16 20] [1 2 3 4 5 6 12 20] [2 3 4 7] [1 2 3 4] [2 4 6 7] [1 2 3 4 7 8 9 16] [1 2 3 4 5 6 7 8 12 16 24 37 45] [2 3 4 7 8] [1 2 3 4 7 8 9] [1 2 3 7 8 16] [1 2 12 16 24 37] [1 2 3 4 5 7 12 16] [1 2 3 12 16] [1 2 3 16] [1 2 3 4 7] [1 2 3 4 5] [2 20] [1 2 4 6 16] [1 2 3 4 5 6 7 8 20] [1 2 5 6] [1 2 3 7 8 12 16 20] [1 2 20] [1 2 4 6 7 13 16 20 23] [1 2 3 4 5 7 8 16] [1 2 16] [1 2 3 4 5 6 12 16 17] [1 2 3 4 5 6 7 12 16] [1 2 3 4 12 16] [1 2 3] [1 2 16 24 37] [1 2 4 5 6 16] [16 24 37] [1 2 3 5 7 8 16] [1 2 3 4 7 8 9 12 16 20] [1 2 3 4 5 12 16] [1 2 4 6 7 9 16 20] [1 2 3 5 12] [1 2 3 4 5 12 16 17 19] [1 2 5 6 7] [1 2 3 4 7 8 12 16 24 37 45] [2 4 6 7 9] [1 2 3 7 16 24] [1 2 3 4 5 6 7 12 16 20] [1 2 5] [1 2 3 5 6 7 8] [1 2 3 7 12 16] [2 3] [1 2 4 6 7 13 20] [1 2 3 4 7 8 16 20] [1 2 3 4 6 12 16] [1 2 3 4 6 7 8 12 16] [1 2 3 7 8 16 20] [1 2 3 4 6 7 8 9 11 16 24] [1 2 3 4 5 6 7 8 9] [2 3 4] [1 2 3 4 5 6 7 8 13] [1 2 3 4 6 7 12 20] [] [] [] [] [] [] [] []
42 [] [1 2 4 6 7] [1] [1 2] [1 2 12] [1 2 3 7 12] [16] [2] [16 24] [1 2 12 20] [16 24 37 45] [2 3 7 8] [2 3 7] [1 2 3 12 16 20] [1 2 3 4 5 6 12 20] [2 3 4 7] [1 2 3 4] [2 4 6 7] [1 2 3 4 7 8 9 16] [1 2 3 4 5 6 7 8 12 16 24 37 45] [2 3 4 7 8] [1 2 3 4 7 8 9] [1 2 3 7 8 16] [1 2 12 16 24 37] [1 2 3 4 5 7 12 16] [1 2 3 12 16] [1 2 3 16] [1 2 3 4 7] [1 2 3 4 5] [2 20] [1 2 4 6 16] [1 2 3 4 5 6 7 8 20] [1 2 5 6] [1 2 3 7 8 12 16 20] [1 2 20] [1 2 4 6 7 13 16 20 23] [1 2 3 4 5 7 8 16] [1 2 16] [1 2 3 4 5 6 12 16 17] [1 2 3 4 5 6 7 12 16] [1 2 3 4 12 16] [1 2 3] [1 2 16 24 37] [1 2 4 5 6 16] [16 24 37] [1 2 3 5 7 8 16] [1 2 3 4 7 8 9 12 16 20] [1 2 3 4 5 12 16] [1 2 4 6 7 9 16 20] [1 2 3 5 12] [1 2 3 4 5 12 16 17 19] [1 2 5 6 7] [1 2 3 4 7 8 12 16 24 37 45] [2 4 6 7 9] [1 2 3 7 16 24] [1 2 3 4 5 6 7 12 16 20] [1 2 5] [1 2 3 5 6 7 8] [1 2 3 7 12 16] [2 3] [1 2 4 6 7 13 20] [1 2 3 4 7 8 16 20] [1 2 3 4 6 12 16] [1 2 3 4 6 7 8 12 16] [1 2 3 7 8 16 20] [1 2 3 4 6 7 8 9 11 16 24] [1 2 3 4 5 6 7 8 9] [2 3 4] [1 2 3 4 5 6 7 8 13] [1 2 3 4 6 7 12 20] [] [] [] [] [] [] [] []
43 [] [1 2 4 6 7] [1] [1 2] [1 2 12] [1 2 3 7 12] [16] [2] [16 24] [1 2 12 20] [16 24 37 45] [2 3 7 8] [2 3 7] [1 2 3 12 16 20] [1 2 3 4 5 6 12 20] [2 3 4 7] [1 2 3 4] [2 4 6 7] [1 2 3 4 7 8 9 16] [1 2 3 4 5 6 7 8 12 16 24 37 45] [2 3 4 7 8] [1 2 3 4 7 8 9] [1 2 3 7 8 16] [1 2 12 16 24 37] [1 2 3 4 5 7 12 16] [1 2 3 12 16] [1 2 3 16] [1 2 3 4 7] [1 2 3 4 5] [2 20] [1 2 4 6 16] [1 2 3 4 5 6 7 8 20] [1 2 5 6] [1 2 3 7 8 12 16 20] [1 2 20] [1 2 4 6 7 13 16 20 23] [1 2 3 4 5 7 8 16] [1 2 16] [1 2 3 4 5 6 12 16 17] [1 2 3 4 5 6 7 12 16] [1 2 3 4 12 16] [1 2 3] [1 2 16 24 37] [1 2 4 5 6 16] [16 24 37] [1 2 3 5 7 8 16] [1 2 3 4 7 8 9 12 16 20] [1 2 3 4 5 12 16] [1 2 4 6 7 9 16 20] [1 2 3 5 12] [1 2 3 4 5 12 16 17 19] [1 2 5 6 7] [1 2 3 4 7 8 12 16 24 37 45] [2 4 6 7 9] [1 2 3 7 16 24] [1 2 3 4 5 6 7 12 16 20] [1 2 5] [1 2 3 5 6 7 8] [1 2 3 7 12 16] [2 3] [1 2 4 6 7 13 20] [1 2 3 4 7 8 16 20] [1 2 3 4 6 12 16] [1 2 3 4 6 7 8 12 16] [1 2 3 7 8 16 20] [1 2 3 4 6 7 8 9 11 16 24] [1 2 3 4 5 6 7 8 9] [2 3 4] [1 2 3 4 5 6 7 8 13] [1 2 3 4 6 7 12 20] [] [] [] [] [] [] [] []
44 [] [1 2 4 6 7] [1] [1 2] [1 2 12] [1 2 3 7 12] [16] [2] [16 24] [1 2 12 20] [16 24 37 45] [2 3 7 8] [2 3 7] [1 2 3 12 16 20] [1 2 3 4 5 6 12 20] [2 3 4 7] [1 2 3 4] [2 4 6 7] [1 2 3 4 7 8 9 16] [1 2 3 4 5 6 7 8 12 16 24 37 45] [2 3 4 7 8] [1 2 3 4 7 8 9] [1 2 3 7 8 16] [1 2 12 16 24 37] [1 2 3 4 5 7 12 16] [1 2 3 12 16] [1 2 3 16] [1 2 3 4 7] [1 2 3 4 5] [2 20] [1 2 4 6 16] [1 2 3 4 5 6 7 8 20] [1 2 5 6] [1 2 3 7 8 12 16 20] [1 2 20] [1 2 4 6 7 13 16 20 23] [1 2 3 4 5 7 8 16] [1 2 16] [1 2 3 4 5 6 12 16 17] [1 2 3 4 5 6 7 12 16] [1 2 3 4 12 16] [1 2 3] [1 2 16 24 37] [1 2 4 5 6 16] [16 24 37] [1 2 3 5 7 8 16] [1 2 3 4 7 8 9 12 16 20] [1 2 3 4 5 12 16] [1 2 4 6 7 9 16 20] [1 2 3 5 12] [1 2 3 4 5 12 16 17 19] [1 2 5 6 7] [1 2 3 4 7 8 12 16 24 37 45] [2 4 6 7 9] [1 2 3 7 16 24] [1 2 3 4 5 6 7 12 16 20] [1 2 5] [1 2 3 5 6 7 8] [1 2 3 7 12 16] [2 3] [1 2 4 6 7 13 20] [1 2 3 4 7 8 16 20] [1 2 3 4 6 12 16] [1 2 3 4 6 7 8 12 16] [1 2 3 7 8 16 20] [1 2 3 4 6 7 8 9 11 16 24] [1 2 3 4 5 6 7 8 9] [2 3 4] [1 2 3 4 5 6 7 8 13] [1 2 3 4 6 7 12 20] [] [] [] [] [] [] [] []
45 [] [1 2 4 6 7] [1] [1 2] [1 2 12] [1 2 3 7 12] [16] [2] [16 24] [1 2 12 20] [16 24 37 45] [2 3 7 8] [2 3 7] [1 2 3 12 16 20] [1 2 3 4 5 6 12 20] [2 3 4 7] [1 2 3 4] [2 4 6 7] [1 2 3 4 7 8 9 16] [1 2 3 4 5 6 7 8 12 16 24 37 45] [2 3 4 7 8] [1 2 3 4 7 8 9] [1 2 3 7 8 16] [1 2 12 16 24 37] [1 2 3 4 5 7 12 16] [1 2 3 12 16] [1 2 3 16] [1 2 3 4 7] [1 2 3 4 5] [2 20] [1 2 4 6 16] [1 2 3 4 5 6 7 8 20] [1 2 5 6] [1 2 3 7 8 12 16 20] [1 2 20] [1 2 4 6 7 13 16 20 23] [1 2 3 4 5 7 8 16] [1 2 16] [1 2 3 4 5 6 12 16 17] [1 2 3 4 5 6 7 12 16] [1 2 3 4 12 16] [1 2 3] [1 2 16 24 37] [1 2 4 5 6 16] [16 24 37] [1 2 3 5 7 8 16] [1 2 3 4 7 8 9 12 16 20] [1 2 3 4 5 12 16] [1 2 4 6 7 9 16 20] [1 2 3 5 12] [1 2 3 4 5 12 16 17 19] [1 2 5 6 7] [1 2 3 4 7 8 12 16 24 37 45] [2 4 6 7 9] [1 2 3 7 16 24] [1 2 3 4 5 6 7 12 16 20] [1 2 5] [1 2 3 5 6 7 8] [1 2 3 7 12 16] [2 3] [1 2 4 6 7 13 20] [1 2 3 4 7 8 16 20] [1 2 3 4 6 12 16] [1 2 3 4 6 7 8 12 16] [1 2 3 7 8 16 20] [1 2 3 4 6 7 8 9 11 16 24] [1 2 3 4 5 6 7 8 9] [2 3 4] [1 2 3 4 5 6 7 8 13] [1 2 3 4 6 7 12 20] [] [] [] [] [] [] [] []
46 [] [1 2 4 6 7] [1] [1 2] [1 2 12] [1 2 3 7 12] [16] [2] [16 24] [1 2 12 20] [16 24 37 45] [2 3 7 8] [2 3 7] [1 2 3 12 16 20] [1 2 3 4 5 6 12 20] [2 3 4 7] [1 2 3 4] [2 4 6 7] [1 2 3 4 7 8 9 16] [1 2 3 4 5 6 7 8 12 16 24 37 45] [2 3 4 7 8] [1 2 3 4 7 8 9] [1 2 3 7 8 16] [1 2 12 16 24 37] [1 2 3 4 5 7 12 16] [1 2 3 12 16] [1 2 3 16] [1 2 3 4 7] [1 2 3 4 5] [2 20] [1 2 4 6 16] [1 2 3 4 5 6 7 8 20] [1 2 5 6] [1 2 3 7 8 12 16 20] [1 2 20] [1 2 4 6 7 13 16 20 23] [1 2 3 4 5 7 8 16] [1 2 16] [1 2 3 4 5 6 12 16 17] [1 2 3 4 5 6 7 12 16] [1 2 3 4 12 16] [1 2 3] [1 2 16 24 37] [1 2 4 5 6 16] [16 24 37] [1 2 3 5 7 8 16] [1 2 3 4 7 8 9 12 16 20] [1 2 3 4 5 12 16] [1 2 4 6 7 9 16 20] [1 2 3 5 12] [1 2 3 4 5 12 16 17 19] [1 2 5 6 7] [1 2 3 4 7 8 12 16 24 37 45] [2 4 6 7 9] [1 2 3 7 16 24] [1 2 3 4 5 6 7 12 16 20] [1 2 5] [1 2 3 5 6 7 8] [1 2 3 7 12 16] [2 3] [1 2 4 6 7 13 20] [1 2 3 4 7 8 16 20] [1 2 3 4 6 12 16] [1 2 3 4 6 7 8 12 16] [1 2 3 7 8 16 20] [1 2 3 4 6 7 8 9 11 16 24] [1 2 3 4 5 6 7 8 9] [2 3 4] [1 2 3 4 5 6 7 8 13] [1 2 3 4 6 7 12 20] [] [] [] [] [] [] [] []
47 [] [1] [1 2] [1 2 12] [1 2 3 7 12] [16] [2] [16 24] [1 2 12 20] [16 24 37 45] [2 3 7 8] [2 3 7] [1 2 3 12 16 20] [1 2 3 4 5 6 12 20] [2 3 4 7] [1 2 3 4] [2 4 6 7] [1 2 3 4 7 8 9 16] [1 2 3 4 5 6 7 8 12 16 24 37 45] [2 3 4 7 8] [1 2 3 4 7 8 9] [1 2 3 7 8 16] [1 2 12 16 24 37] [1 2 3 4 5 7 12 16] [1 2 3 12 16] [1 2 3 16] [1 2 3 4 7] [1 2 3 4 5] [2 20] [1 2 4 6 16] [1 2 3 4 5 6 7 8 20] [1 2 5 6] [1 2 3 7 8 12 16 20] [1 2 20] [1 2 4 6 7 13 16 20 23] [1 2 3 4 5 7 8 16] [1 2 16] [1 2 3 4 5 6 12 16 17] [1 2 3 4 5 6 7 12 16] [1 2 3 4 12 16] [1 2 3] [1 2 16 24 37] [1 2 4 5 6 16] [16 24 37] [1 2 3 5 7 8 16] [1 2 3 4 7 8 9 12 16 20] [1 2 3 4 5 12 16] [1 2 4 6 7 9 16 20] [1 2 3 5 12] [1 2 3 4 5 12 16 17 19] [1 2 5 6 7] [1 2 3 4 7 8 12 16 24 37 45] [2 4 6 7 9] [1 2 3 7 16 24] [1 2 3 4 5 6 7 12 16 20] [1 2 5] [1 2 3 5 6 7 8] [1 2 3 7 12 16] [2 3] [1 2 4 6 7 13 20] [1 2 3 4 7 8 16 20] [1 2 3 4 6 12 16] [1 2 3 4 6 7 8 12 16] [1 2 3 7 8 16 20] [1 2 3 4 6 7 8 9 11 16 24] [1 2 3 4 5 6 7 8 9] [2 3 4] [1 2 3 4 5 6 7 8 13] [1 2 3 4 6 7 12 20] [] [] [] [] [] [] [] [] []
48 [] [1] [1 2] [1 2 12] [1 2 3 7 12] [16] [2] [16 24] [1 2 12 20] [16 24 37 45] [2 3 7 8] [2 3 7] [1 2 3 12 16 20] [1 2 3 4 5 6 12 20] [2 3 4 7] [1 2 3 4] [2 4 6 7] [1 2 3 4 7 8 9 16] [1 2 3 4 5 6 7 8 12 16 24 37 45] [2 3 4 7 8] [1 2 3 4 7 8 9] [1 2 3 7 8 16] [1 2 12 16 24 37] [1 2 3 4 5 7 12 16] [1 2 3 12 16] [1 2 3 16] [1 2 3 4 7] [1 2 3 4 5] [2 20] [1 2 4 6 16] [1 2 3 4 5 6 7 8 20] [1 2 5 6] [1 2 3 7 8 12 16 20] [1 2 20] [1 2 4 6 7 13 16 20 23] [1 2 3 4 5 7 8 16] [1 2 16] [1 2 3 4 5 6 12 16 17] [1 2 3 4 5 6 7 12 16] [1 2 3 4 12 16] [1 2 3] [1 2 16 24 37] [1 2 4 5 6 16] [16 24 37] [1 2 3 5 7 8 16] [1 2 3 4 7 8 9 12 16 20] [1 2 3 4 5 12 16] [1 2 4 6 7 9 16 20] [1 2 3 5 12] [1 2 3 4 5 12 16 17 19] [1 2 5 6 7] [1 2 3 4 7 8 12 16 24 37 45] [2 4 6 7 9] [1 2 3 7 16 24] [1 2 3 4 5 6 7 12 16 20] [1 2 5] [1 2 3 5 6 7 8] [1 2 3 7 12 16] [2 3] [1 2 4 6 7 13 20] [1 2 3 4 7 8 16 20] [1 2 3 4 6 12 16] [1 2 3 4 6 7 8 12 16] [1 2 3 7 8 16 20] [1 2 3 4 6 7 8 9 11 16 24] [1 2 3 4 5 6 7 8 9] [2 3 4] [1 2 3 4 5 6 7 8 13] [1 2 3 4 6 7 12 20] [] [] [] [] [] [] [] [] []
49 [] [1] [1 2] [1 2 12] [1 2 3 7 12] [16] [2] [16 24] [1 2 12 20] [16 24 37 45] [2 3 7 8] [2 3 7] [1 2 3 12 16 20] [1 2 3 4 5 6 12 20] [2 3 4 7] [1 2 3 4] [2 4 6 7] [1 2 3 4 7 8 9 16] [1 2 3 4 5 6 7 8 12 16 24 37 45] [2 3 4 7 8] [1 2 3 4 7 8 9] [1 2 3 7 8 16] [1 2 12 16 24 37] [1 2 3 4 5 7 12 16] [1 2 3 12 16] [1 2 3 16] [1 2 3 4 7] [1 2 3 4 5] [2 20] [1 2 4 6 16] [1 2 3 4 5 6 7 8 20] [1 2 5 6] [1 2 3 7 8 12 16 20] [1 2 20] [1 2 4 6 7 13 16 20 23] [1 2 3 4 5 7 8 16] [1 2 16] [1 2 3 4 5 6 12 16 17] [1 2 3 4 5 6 7 12 16] [1 2 3 4 12 16] [1 2 3] [1 2 16 24 37] [1 2 4 5 6 16] [16 24 37] [1 2 3 5 7 8 16] [1 2 3 4 7 8 9 12 16 20] [1 2 3 4 5 12 16] [1 2 4 6 7 9 16 20] [1 2 3 5 12] [1 2 3 4 5 12 16 17 19] [1 2 5 6 7] [1 2 3 4 7 8 12 16 24 37 45] [2 4 6 7 9] [1 2 3 7 16 24] [1 2 3 4 5 6 7 12 16 20] [1 2 5] [1 2 3 5 6 7 8] [1 2 3 7 12 16] [2 3] [1 2 4 6 7 13 20] [1 2 3 4 7 8 16 20] [1 2 3 4 6 12 16] [1 2 3 4 6 7 8 12 16] [1 2 3 7 8 16 20] [1 2 3 4 6 7 8 9 11 16 24] [1 2 3 4 5 6 7 8 9] [2 3 4] [1 2 3 4 5 6 7 8 13] [1 2 3 4 6 7 12 20] [] [] [] [] [] [] [] [] []
50 [] [1] [1 2] [1 2 12] [1 2 3 7 12] [16] [2] [16 24] [1 2 12 20] [16 24 37 45] [2 3 7 8] [2 3 7] [1 2 3 12 16 20] [1 2 3 4 5 6 12 20] [2 3 4 7] [1 2 3 4] [2 4 6 7] [1 2 3 4 7 8 9 16] [1 2 3 4 5 6 7 8 12 16 24 37 45] [2 3 4 7 8] [1 2 3 4 7 8 9] [1 2 3 7 8 16] [1 2 12 16 24 37] [1 2 3 4 5 7 12 16] [1 2 3 12 16] [1 2 3 16] [1 2 3 4 7] [1 2 3 4 5] [2 20] [1 2 4 6 16] [1 2 3 4 5 6 7 8 20] [1 2 5 6] [1 2 3 7 8 12 16 20] [1 2 20] [1 2 4 6 7 13 16 20 23] [1 2 3 4 5 7 8 16] [1 2 16] [1 2 3 4 5 6 12 16 17] [1 2 3 4 5 6 7 12 16] [1 2 3 4 12 16] [1 2 3] [1 2 16 24 37] [1 2 4 5 6 16] [16 24 37] [1 2 3 5 7 8 16] [1 2 3 4 7 8 9 12 16 20] [1 2 3 4 5 12 16] [1 2 4 6 7 9 16 20] [1 2 3 5 12] [1 2 3 4 5 12 16 17 19] [1 2 5 6 7] [1 2 3 4 7 8 12 16 24 37 45] [2 4 6 7 9] [1 2 3 7 16 24] [1 2 3 4 5 6 7 12 16 20] [1 2 5] [1 2 3 5 6 7 8] [1 2 3 7 12 16] [2 3] [1 2 4 6 7 13 20] [1 2 3 4 7 8 16 20] [1 2 3 4 6 12 16] [1 2 3 4 6 7 8 12 16] [1 2 3 7 8 16 20] [1 2 3 4 6 7 8 9 11 16 24] [1 2 3 4 5 6 7 8 9] [2 3 4] [1 2 3 4 5 6 7 8 13] [1 2 3 4 6 7 12 20] [] [] [] [] [] [] [] [] []
51 [] [1] [1 2] [1 2 12] [1 2 3 7 12] [16] [2] [16 24] [1 2 12 20] [16 24 37 45] [2 3 7 8] [2 3 7] [1 2 3 12 16 20] [1 2 3 4 5 6 12 20] [2 3 4 7] [1 2 3 4] [2 4 6 7] [1 2 3 4 7 8 9 16] [1 2 3 4 5 6 7 8 12 16 24 37 45] [2 3 4 7 8] [1 2 3 4 7 8 9] [1 2 3 7 8 16] [1 2 12 16 24 37] [1 2 3 4 5 7 12 16] [1 2 3 12 16] [1 2 3 16] [1 2 3 4 7] [1 2 3 4 5] [2 20] [1 2 4 6 16] [1 2 3 4 5 6 7 8 20] [1 2 5 6] [1 2 3 7 8 12 16 20] [1 2 20] [1 2 4 6 7 13 16 20 23] [1 2 3 4 5 7 8 16] [1 2 16] [1 2 3 4 5 6 12 16 17] [1 2 3 4 5 6 7 12 16] [1 2 3 4 12 16] [1 2 3] [1 2 16 24 37] [1 2 4 5 6 16] [16 24 37] [1 2 3 5 7 8 16] [1 2 3 4 7 8 9 12 16 20] [1 2 3 4 5 12 16] [1 2 4 6 7 9 16 20] [1 2 3 5 12] [1 2 3 4 5 12 16 17 19] [1 2 5 6 7] [1 2 3 4 7 8 12 16 24 37 45] [2 4 6 7 9] [1 2 3 7 16 24] [1 2 3 4 5 6 7 12 16 20] [1 2 5] [1 2 3 5 6 7 8] [1 2 3 7 12 16] [2 3] [1 2 4 6 7 13 20] [1 2 3 4 7 8 16 20] [1 2 3 4 6 12 16] [1 2 3 4 6 7 8 12 16] [1 2 3 7 8 16 20] [1 2 3 4 6 7 8 9 11 16 24] [1 2 3 4 5 6 7 8 9] [2 3 4] [1 2 3 4 5 6 7 8 13] [1 2 3 4 6 7 12 20] [] [] [] [] [] [] [] [] []
52 [] [1] [1 2] [1 2 12] [1 2 3 7 12] [16] [2] [16 24] [1 2 12 20] [16 24 37 45] [2 3 7 8] [2 3 7] [1 2 3 12 16 20] [1 2 3 4 5 6 12 20] [2 3 4 7] [1 2 3 4] [2 4 6 7] [1 2 3 4 7 8 9 16] [1 2 3 4 5 6 7 8 12 16 24 37 45] [2 3 4 7 8] [1 2 3 4 7 8 9] [1 2 3 7 8 16] [1 2 12 16 24 37] [1 2 3 4 5 7 12 16] [1 2 3 12 16] [1 2 3 16] [1 2 3 4 7] [1 2 3 4 5] [2 20] [1 2 4 6 16] [1 2 3 4 5 6 7 8 20] [1 2 5 6] [1 2 3 7 8 12 16 20] [1 2 20] [1 2 4 6 7 13 16 20 23] [1 2 3 4 5 7 8 16] [1 2 16] [1 2 3 4 5 6 12 16 17] [1 2 3 4 5 6 7 12 16] [1 2 3 4 12 16] [1 2 3] [1 2 16 24 37] [1 2 4 5 6 16] [16 24 37] [1 2 3 5 7 8 16] [1 2 3 4 7 8 9 12 16 20] [1 2 3 4 5 12 16] [1 2 4 6 7 9 16 20] [1 2 3 5 12] [1 2 3 4 5 12 16 17 19] [1 2 5 6 7] [1 2 3 4 7 8 12 16 24 37 45] [2 4 6 7 9] [1 2 3 7 16 24] [1 2 3 4 5 6 7 12 16 20] [1 2 5] [1 2 3 5 6 7 8] [1 2 3 7 12 16] [2 3] [1 2 4 6 7 13 20] [1 2 3 4 7 8 16 20] [1 2 3 4 6 12 16] [1 2 3 4 6 7 8 12 16] [1 2 3 7 8 16 20] [1 2 3 4 6 7 8 9 11 16 24] [1 2 3 4 5 6 7 8 9] [2 3 4] [1 2 3 4 5 6 7 8 13] [1 2 3 4 6 7 12 20] [] [] [] [] [] [] [] [] []
53 [] [1] [1 2] [1 2 12] [1 2 3 7 12] [16] [2] [16 24] [1 2 12 20] [16 24 37 45] [2 3 7 8] [2 3 7] [1 2 3 12 16 20] [1 2 3 4 5 6 12 20] [2 3 4 7] [1 2 3 4] [2 4 6 7] [1 2 3 4 7 8 9 16] [1 2 3 4 5 6 7 8 12 16 24 37 45] [2 3 4 7 8] [1 2 3 4 7 8 9] [1 2 3 7 8 16] [1 2 12 16 24 37] [1 2 3 4 5 7 12 16] [1 2 3 12 16] [1 2 3 16] [1 2 3 4 7] [1 2 3 4 5] [2 20] [1 2 4 6 16] [1 2 3 4 5 6 7 8 20] [1 2 5 6] [1 2 3 7 8 12 16 20] [1 2 20] [1 2 4 6 7 13 16 20 23] [1 2 3 4 5 7 8 16] [1 2 16] [1 2 3 4 5 6 12 16 17] [1 2 3 4 5 6 7 12 16] [1 2 3 4 12 16] [1 2 3] [1 2 16 24 37] [1 2 4 5 6 16] [16 24 37] [1 2 3 5 7 8 16] [1 2 3 4 7 8 9 12 16 20] [1 2 3 4 5 12 16] [1 2 4 6 7 9 16 20] [1 2 3 5 12] [1 2 3 4 5 12 16 17 19] [1 2 5 6 7] [1 2 3 4 7 8 12 16 24 37 45] [2 4 6 7 9] [1 2 3 7 16 24] [1 2 3 4 5 6 7 12 16 20] [1 2 5] [1 2 3 5 6 7 8] [1 2 3 7 12 16] [2 3] [1 2 4 6 7 13 20] [1 2 3 4 7 8 16 20] [1 2 3 4 6 12 16] [1 2 3 4 6 7 8 12 16] [1 2 3 7 8 16 20] [1 2 3 4 6 7 8 9 11 16 24] [1 2 3 4 5 6 7 8 9] [2 3 4] [1 2 3 4 5 6 7 8 13] [1 2 3 4 6 7 12 20] [] [] [] [] [] [] [] [] []
54 [] [1 2] [1 2 12] [1 2 3 7 12] [16] [2] [1] [16 24] [1 2 12 20] [16 24 37 45] [2 3 7 8] [2 3 7] [1 2 3 12 16 20] [1 2 3 4 5 6 12 20] [2 3 4 7] [1 2 3 4] [2 4 6 7] [1 2 3 4 7 8 9 16] [1 2 3 4 5 6 7 8 12 16 24 37 45] [2 3 4 7 8] [1 2 3 4 7 8 9] [1 2 3 7 8 16] [1 2 12 16 24 37] [1 2 3 4 5 7 12 16] [1 2 3 12 16] [1 2 3 16] [1 2 3 4 7] [1 2 3 4 5] [2 20] [1 2 4 6 16] [1 2 3 4 5 6 7 8 20] [1 2 5 6] [1 2 3 7 8 12 16 20] [1 2 20] [1 2 4 6 7 13 16 20 23] [1 2 3 4 5 7 8 16] [1 2 16] [1 2 3 4 5 6 12 16 17] [1 2 3 4 5 6 7 12 16] [1 2 3 4 12 16] [1 2 3] [1 2 16 24 37] [1 2 4 5 6 16] [16 24 37] [1 2 3 5 7 8 16] [1 2 3 4 7 8 9 12 16 20] [1 2 3 4 5 12 16] [1 2 4 6 7 9 16 20] [1 2 3 5 12] [1 2 3 4 5 12 16 17 19] [1 2 5 6 7] [1 2 3 4 7 8 12 16 24 37 45] [2 4 6 7 9] [1 2 3 7 16 24] [1 2 3 4 5 6 7 12 16 20] [1 2 5] [1 2 3 5 6 7 8] [2 3] [1 2 3 7 12 16] [1 2 4 6 7 13 20] [1 2 3 4 7 8 16 20] [1 2 3 4 6 12 16] [1 2 3 4 6 7 8 12 16] [1 2 3 7 8 16 20] [1 2 3 4 6 7 8 9 11 16 24] [1 2 3 4 5 6 7 8 9] [2 3 4] [1 2 3 4 5 6 7 8 13] [1 2 3 4 6 7 12 20] [] [] [] [] [] [] [] [] []
55 [] [1 2 3 7 12] [16] [2] [1 2] [1] [1 2 12] [16 24] [1 2 12 20] [16 24 37 45] [2 3 7 8] [2 3 7] [1 2 3 12 16 20] [1 2 3 4 5 6 12 20] [2 3 4 7] [1 2 3 4] [2 4 6 7] [1 2 3 4 7 8 9 16] [1 2 3 4 5 6 7 8 12 16 24 37 45] [2 3 4 7 8] [1 2 3 4 7 8 9] [1 2 3 7 8 16] [1 2 12 16 24 37] [1 2 3 4 5 7 12 16] [1 2 3 12 16] [1 2 3 16] [1 2 3 4 7] [1 2 3 4 5] [2 20] [1 2 4 6 16] [1 2 3 4 5 6 7 8 20] [1 2 5 6] [1 2 3 7 8 12 16 20] [1 2 20] [1 2 4 6 7 13 16 20 23] [1 2 3 4 5 7 8 16] [1 2 16] [1 2 3 4 5 6 12 16 17] [1 2 3 4 5 6 7 12 16] [1 2 3 4 12 16] [1 2 3] [1 2 16 24 37] [1 2 4 5 6 16] [16 24 37] [1 2 3 5 7 8 16] [1 2 3 4 7 8 9 12 16 20] [1 2 3 4 5 12 16] [1 2 4 6 7 9 16 20] [1 2 3 5 12] [1 2 3 4 5 12 16 17 19] [1 2 5 6 7] [1 2 3 4 7 8 12 16 24 37 45] [2 4 6 7 9] [1 2 3 7 16 24] [1 2 3 4 5 6 7 12 16 20] [1 2 5] [1 2 3 5 6 7 8] [2 3] [1 2 3 7 12 16] [1 2 4 6 7 13 20] [1 2 3 4 7 8 16 20] [1 2 3 4 6 12 16] [1 2 3 4 6 7 8 12 16] [1 2 3 7 8 16 20] [1 2 3 4 6 7 8 9 11 16 24] [1 2 3 4 5 6 7 8 9] [2 3 4] [1 2 3 4 5 6 7 8 13] [1 2 3 4 6 7 12 20] [] [] [] [] [] [] [] [] []
56 [] [16] [2] [1 2] [1] [1 2 12] [16 24] [1 2 12 20] [16 24 37 45] [2 3 7 8] [2 3 7] [1 2 3 12 16 20] [1 2 3 4 5 6 12 20] [2 3 4 7] [1 2 3 4] [2 4 6 7] [1 2 3 4 7 8 9 16] [1 2 3 4 5 6 7 8 12 16 24 37 45] [2 3 4 7 8] [1 2 3 4 7 8 9] [1 2 3 7 8 16] [1 2 12 16 24 37] [1 2 3 4 5 7 12 16] [1 2 3 12 16] [1 2 3 16] [1 2 3 4 7] [1 2 3 4 5] [2 20] [1 2 4 6 16] [1 2 3 4 5 6 7 8 20] [1 2 5 6] [1 2 3 7 8 12 16 20] [1 2 20] [1 2 4 6 7 13 16 20 23] [1 2 3 4 5 7 8 16] [1 2 16] [1 2 3 4 5 6 12 16 17] [1 2 3 4 5 6 7 12 16] [1 2 3 4 12 16] [1 2 3] [1 2 16 24 37] [1 2 4 5 6 16] [16 24 37] [1 2 3 5 7 8 16] [1 2 3 4 7 8 9 12 16 20] [1 2 3 4 5 12 16] [1 2 4 6 7 9 16 20] [1 2 3 5 12] [1 2 3 4 5 12 16 17 19] [1 2 5 6 7] [1 2 3 4 7 8 12 16 24 37 45] [2 4 6 7 9] [1 2 3 7 16 24] [1 2 3 4 5 6 7 12 16 20] [1 2 5] [1 2 3 5 6 7 8] [2 3] [1 2 3 7 12 16] [1 2 4 6 7 13 20] [1 2 3 4 7 8 16 20] [1 2 3 4 6 12 16] [1 2 3 4 6 7 8 12 16] [1 2 3 7 8 16 20] [1 2 3 4 6 7 8 9 11 16 24] [1 2 3 4 5 6 7 8 9] [2 3 4] [1 2 3 4 5 6 7 8 13] [1 2 3 4 6 7 12 20] [] [] [] [] [] [] [] [] [] []
57 [] [1 2] [1] [1 2 12] [16 24] [2] [16 24 37 45] [2 3 7 8] [2 3 7] [16] [1 2 3 12 16 20] [1 2 3 4 5 6 12 20] [2 3 4 7] [1 2 3 4] [2 4 6 7] [1 2 3 4 7 8 9 16] [1 2 3 4 5 6 7 8 12 16 24 37 45] [2 3 4 7 8] [1 2 3 4 7 8 9] [1 2 3 7 8 16] [1 2 12 16 24 37] [1 2 3 4 5 7 12 16] [1 2 3 12 16] [1 2 3 16] [1 2 3 4 7] [1 2 3 4 5] [2 20] [1 2 4 6 16] [1 2 3 4 5 6 7 8 20] [1 2 5 6] [1 2 3 7 8 12 16 20] [1 2 20] [1 2 4 6 7 13 16 20 23] [1 2 3 4 5 7 8 16] [1 2 16] [1 2 3 4 5 6 12 16 17] [1 2 3 4 5 6 7 12 16] [1 2 3 4 12 16] [1 2 3] [1 2 16 24 37] [1 2 4 5 6 16] [16 24 37] [1 2 3 5 7 8 16] [1 2 3 4 7 8 9 12 16 20] [1 2 3 4 5 12 16] [1 2 4 6 7 9 16 20] [1 2 3 5 12] [1 2 3 4 5 12 16 17 19] [1 2 5 6 7] [1 2 3 4 7 8 12 16 24 37 45] [2 4 6 7 9] [1 2 3 7 16 24] [1 2 3 4 5 6 7 12 16 20] [1 2 5] [1 2 3 5 6 7 8] [2 3] [1 2 3 7 12 16] [1 2 4 6 7 13 20] [1 2 3 4 7 8 16 20] [1 2 3 4 6 12 16] [1 2 3 4 6 7 8 12 16] [1 2 3 7 8 16 20] [1 2 3 4 6 7 8 9 11 16 24] [1 2 3 4 5 6 7 8 9] [2 3 4] [1 2 3 4 5 6 7 8 13] [1 2 3 4 6 7 12 20] [] [] [] [] [] [] [] [] [] [] []
58 [] [1 2] [1 2 12] [16 24] [2] [16 24 37 45] [2 3 7 8] [1] [2 3 7] [16] [1 2 3 12 16 20] [1 2 3 4 5 6 12 20] [2 3 4 7] [1 2 3 4] [2 4 6 7] [1 2 3 4 7 8 9 16] [1 2 3 4 5 6 7 8 12 16 24 37 45] [2 3 4 7 8] [1 2 3 4 7 8 9] [1 2 3 7 8 16] [1 2 12 16 24 37] [1 2 3 4 5 7 12 16] [1 2 3 12 16] [1 2 3 16] [1 2 3 4 7] [1 2 3 4 5] [2 20] [1 2 4 6 16] [1 2 3 4 5 6 7 8 20] [1 2 5 6] [1 2 3 7 8 12 16 20] [1 2 20] [1 2 4 6 7 13 16 20 23] [1 2 3 4 5 7 8 16] [1 2 16] [1 2 3 4 5 6 12 16 17] [1 2 3 4 5 6 7 12 16] [1 2 3 4 12 16] [1 2 3] [1 2 16 24 37] [1 2 4 5 6 16] [16 24 37] [1 2 3 5 7 8 16] [1 2 3 4 7 8 9 12 16 20] [1 2 3 4 5 12 16] [1 2 4 6 7 9 16 20] [1 2 3 5 12] [1 2 3 4 5 12 16 17 19] [1 2 5 6 7] [1 2 3 4 7 8 12 16 24 37 45] [2 4 6 7 9] [1 2 3 7 16 24] [1 2 3 4 5 6 7 12 16 20] [1 2 5] [1 2 3 5 6 7 8] [2 3] [1 2 3 7 12 16] [1 2 4 6 7 13 20] [1 2 3 4 7 8 16 20] [1 2 3 4 6 12 16] [1 2 3 4 6 7 8 12 16] [1 2 3 7 8 16 20] [1 2 3 4 6 7 8 9 11 16 24] [1 2 3 4 5 6 7 8 9] [2 3 4] [1 2 3 4 5 6 7 8 13] [1 2 3 4 6 7 12 20] [] [] [] [] [] [] [] [] [] [] []
59 [] [1 2] [1 2 12] [16 24] [2] [16 24 37 45] [2 3 7 8] [1] [2 3 7] [16] [1 2 3 12 16 20] [1 2 3 4 5 6 12 20] [2 3 4 7] [1 2 3 4] [2 4 6 7] [1 2 3 4 7 8 9 16] [1 2 3 4 5 6 7 8 12 16 24 37 45] [2 3 4 7 8] [1 2 3 4 7 8 9] [1 2 3 7 8 16] [1 2 12 16 24 37] [1 2 3 4 5 7 12 16] [1 2 3 12 16] [1 2 3 16] [1 2 3 4 7] [1 2 3 4 5] [2 20] [1 2 4 6 16] [1 2 3 4 5 6 7 8 20] [1 2 5 6] [1 2 3 7 8 12 16 20] [1 2 20] [1 2 4 6 7 13 16 20 23] [1 2 3 4 5 7 8 16] [1 2 16] [1 2 3 4 5 6 12 16 17] [1 2 3 4 5 6 7 12 16] [1 2 3 4 12 16] [1 2 3] [1 2 16 24 37] [1 2 4 5 6 16] [16 24 37] [1 2 3 5 7 8 16] [1 2 3 4 7 8 9 12 16 20] [1 2 3 4 5 12 16] [1 2 4 6 7 9 16 20] [1 2 3 5 12] [1 2 3 4 5 12 16 17 19] [1 2 5 6 7] [1 2 3 4 7 8 12 16 24 37 45] [2 4 6 7 9] [1 2 3 7 16 24] [1 2 3 4 5 6 7 12 16 20] [1 2 5] [1 2 3 5 6 7 8] [2 3] [1 2 3 7 12 16] [1 2 4 6 7 13 20] [1 2 3 4 7 8 16 20] [1 2 3 4 6 12 16] [1 2 3 4 6 7 8 12 16] [1 2 3 7 8 16 20] [1 2 3 4 6 7 8 9 11 16 24] [1 2 3 4 5 6 7 8 9] [2 3 4] [1 2 3 4 5 6 7 8 13] [1 2 3 4 6 7 12 20] [] [] [] [] [] [] [] [] [] [] []
60 [] [1 2] [1 2 12] [16 24] [2] [16 24 37 45] [2 3 7 8] [1] [2 3 7] [16] [1 2 3 12 16 20] [1 2 3 4 5 6 12 20] [2 3 4 7] [1 2 3 4] [2 4 6 7] [1 2 3 4 7 8 9 16] [1 2 3 4 5 6 7 8 12 16 24 37 45] [2 3 4 7 8] [1 2 3 4 7 8 9] [1 2 3 7 8 16] [1 2 12 16 24 37] [1 2 3 4 5 7 12 16] [1 2 3 12 16] [1 2 3 16] [1 2 3 4 7] [1 2 3 4 5] [2 20] [1 2 4 6 16] [1 2 3 4 5 6 7 8 20] [1 2 5 6] [1 2 3 7 8 12 16 20] [1 2 20] [1 2 4 6 7 13 16 20 23] [1 2 3 4 5 7 8 16] [1 2 16] [1 2 3 4 5 6 12 16 17] [1 2 3 4 5 6 7 12 16] [1 2 3 4 12 16] [1 2 3] [1 2 16 24 37] [1 2 4 5 6 16] [16 24 37] [1 2 3 5 7 8 16] [1 2 3 4 7 8 9 12 16 20] [1 2 3 4 5 12 16] [1 2 4 6 7 9 16 20] [1 2 3 5 12] [1 2 3 4 5 12 16 17 19] [1 2 5 6 7] [1 2 3 4 7 8 12 16 24 37 45] [2 4 6 7 9] [1 2 3 7 16 24] [1 2 3 4 5 6 7 12 16 20] [1 2 5] [1 2 3 5 6 7 8] [2 3] [1 2 3 7 12 16] [1 2 4 6 7 13 20] [1 2 3 4 7 8 16 20] [1 2 3 4 6 12 16] [1 2 3 4 6 7 8 12 16] [1 2 3 7 8 16 20] [1 2 3 4 6 7 8 9 11 16 24] [1 2 3 4 5 6 7 8 9] [2 3 4] [1 2 3 4 5 6 7 8 13] [1 2 3 4 6 7 12 20] [] [] [] [] [] [] [] [] [] [] []
61 [] [1 2 12] [16 24] [2] [1 2] [16 24 37 45] [2 3 7 8] [1] [2 3 7] [16] [1 2 3 12 16 20] [1 2 3 4 5 6 12 20] [2 3 4 7] [1 2 3 4] [2 4 6 7] [1 2 3 4 7 8 9 16] [1 2 3 4 5 6 7 8 12 16 24 37 45] [2 3 4 7 8] [1 2 3 4 7 8 9] [1 2 3 7 8 16] [1 2 12 16 24 37] [1 2 3 4 5 7 12 16] [1 2 3 12 16] [1 2 3 16] [1 2 3 4 7] [1 2 3 4 5] [2 20] [1 2 4 6 16] [1 2 3 4 5 6 7 8 20] [1 2 5 6] [1 2 3 7 8 12 16 20] [1 2 20] [1 2 4 6 7 13 16 20 23] [1 2 3 4 5 7 8 16] [1 2 16] [1 2 3 4 5 6 12 16 17] [1 2 3 4 5 6 7 12 16] [1 2 3 4 12 16] [1 2 3] [1 2 16 24 37] [1 2 4 5 6 16] [16 24 37] [1 2 3 5 7 8 16] [1 2 3 4 7 8 9 12 16 20] [1 2 3 4 5 12 16] [1 2 4 6 7 9 16 20] [1 2 3 5 12] [1 2 3 4 5 12 16 17 19] [1 2 5 6 7] [1 2 3 4 7 8 12 16 24 37 45] [2 4 6 7 9] [1 2 3 7 16 24] [1 2 3 4 5 6 7 12 16 20] [1 2 5] [1 2 3 5 6 7 8] [2 3] [1 2 3 7 12 16] [1 2 4 6 7 13 20] [1 2 3 4 7 8 16 20] [1 2 3 4 6 12 16] [1 2 3 4 6 7 8 12 16] [1 2 3 7 8 16 20] [1 2 3 4 6 7 8 9 11 16 24] [1 2 3 4 5 6 7 8 9] [2 3 4] [1 2 3 4 5 6 7 8 13] [1 2 3 4 6 7 12 20] [] [] [] [] [] [] [] [] [] [] []
62 [] [16 24] [2] [1 2] [16 24 37 45] [2 3 7 8] [1] [2 3 7] [16] [1 2 3 12 16 20] [1 2 3 4 5 6 12 20] [2 3 4 7] [1 2 3 4] [2 4 6 7] [1 2 3 4 7 8 9 16] [1 2 3 4 5 6 7 8 12 16 24 37 45] [1 2 12] [2 3 4 7 8] [1 2 3 4 7 8 9] [1 2 3 7 8 16] [1 2 12 16 24 37] [1 2 3 4 5 7 12 16] [1 2 3 12 16] [1 2 3 16] [1 2 3 4 7] [1 2 3 4 5] [2 20] [1 2 4 6 16] [1 2 3 4 5 6 7 8 20] [1 2 5 6] [1 2 3 7 8 12 16 20] [1 2 20] [1 2 4 6 7 13 16 20 23] [1 2 3 4 5 7 8 16] [1 2 16] [1 2 3 4 5 6 12 16 17] [1 2 3 4 5 6 7 12 16] [1 2 3 4 12 16] [1 2 3] [1 2 16 24 37] [1 2 4 5 6 16] [16 24 37] [1 2 3 5 7 8 16] [1 2 3 4 7 8 9 12 16 20] [1 2 3 4 5 12 16] [1 2 4 6 7 9 16 20] [1 2 3 5 12] [1 2 3 4 5 12 16 17 19] [1 2 5 6 7] [1 2 3 4 7 8 12 16 24 37 45] [2 4 6 7 9] [1 2 3 7 16 24] [1 2 3 4 5 6 7 12 16 20] [1 2 5] [1 2 3 5 6 7 8] [2 3] [1 2 3 7 12 16] [1 2 4 6 7 13 20] [1 2 3 4 7 8 16 20] [1 2 3 4 6 12 16] [1 2 3 4 6 7 8 12 16] [1 2 3 7 8 16 20] [1 2 3 4 6 7 8 9 11 16 24] [1 2 3 4 5 6 7 8 9] [2 3 4] [1 2 3 4 5 6 7 8 13] [1 2 3 4 6 7 12 20] [] [] [] [] [] [] [] [] [] [] []
63 [] [16 24] [2] [1 2] [16 24 37 45] [2 3 7 8] [1] [2 3 7] [16] [1 2 3 12 16 20] [1 2 3 4 5 6 12 20] [2 3 4 7] [1 2 3 4] [2 4 6 7] [1 2 3 4 7 8 9 16] [1 2 3 4 5 6 7 8 12 16 24 37 45] [1 2 12] [2 3 4 7 8] [1 2 3 4 7 8 9] [1 2 3 7 8 16] [1 2 12 16 24 37] [1 2 3 4 5 7 12 16] [1 2 3 12 16] [1 2 3 16] [1 2 3 4 7] [1 2 3 4 5] [2 20] [1 2 4 6 16] [1 2 3 4 5 6 7 8 20] [1 2 5 6] [1 2 3 7 8 12 16 20] [1 2 20] [1 2 4 6 7 13 16 20 23] [1 2 3 4 5 7 8 16] [1 2 16] [1 2 3 4 5 6 12 16 17] [1 2 3 4 5 6 7 12 16] [1 2 3 4 12 16] [1 2 3] [1 2 16 24 37] [1 2 4 5 6 16] [16 24 37] [1 2 3 5 7 8 16] [1 2 3 4 7 8 9 12 16 20] [1 2 3 4 5 12 16] [1 2 4 6 7 9 16 20] [1 2 3 5 12] [1 2 3 4 5 12 16 17 19] [1 2 5 6 7] [1 2 3 4 7 8 12 16 24 37 45] [2 4 6 7 9] [1 2 3 7 16 24] [1 2 3 4 5 6 7 12 16 20] [1 2 5] [1 2 3 5 6 7 8] [2 3] [1 2 3 7 12 16] [1 2 4 6 7 13 20] [1 2 3 4 7 8 16 20] [1 2 3 4 6 12 16] [1 2 3 4 6 7 8 12 16] [1 2 3 7 8 16 20] [1 2 3 4 6 7 8 9 11 16 24] [1 2 3 4 5 6 7 8 9] [2 3 4] [1 2 3 4 5 6 7 8 13] [1 2 3 4 6 7 12 20] [] [] [] [] [] [] [] [] [] [] []
64 [] [16 24] [2] [1 2] [16 24 37 45] [2 3 7 8] [1] [2 3 7] [16] [1 2 3 12 16 20] [1 2 3 4 5 6 12 20] [2 3 4 7] [1 2 3 4] [2 4 6 7] [1 2 3 4 7 8 9 16] [1 2 3 4 5 6 7 8 12 16 24 37 45] [1 2 12] [2 3 4 7 8] [1 2 3 4 7 8 9] [1 2 3 7 8 16] [1 2 12 16 24 37] [1 2 3 4 5 7 12 16] [1 2 3 12 16] [1 2 3 16] [1 2 3 4 7] [1 2 3 4 5] [2 20] [1 2 4 6 16] [1 2 3 4 5 6 7 8 20] [1 2 5 6] [1 2 3 7 8 12 16 20] [1 2 20] [1 2 4 6 7 13 16 20 23] [1 2 3 4 5 7 8 16] [1 2 16] [1 2 3 4 5 6 12 16 17] [1 2 3 4 5 6 7 12 16] [1 2 3 4 12 16] [1 2 3] [1 2 16 24 37] [1 2 4 5 6 16] [16 24 37] [1 2 3 5 7 8 16] [1 2 3 4 7 8 9 12 16 20] [1 2 3 4 5 12 16] [1 2 4 6 7 9 16 20] [1 2 3 5 12] [1 2 3 4 5 12 16 17 19] [1 2 5 6 7] [1 2 3 4 7 8 12 16 24 37 45] [2 4 6 7 9] [1 2 3 7 16 24] [1 2 3 4 5 6 7 12 16 20] [1 2 5] [1 2 3 5 6 7 8] [2 3] [1 2 3 7 12 16] [1 2 4 6 7 13 20] [1 2 3 4 7 8 16 20] [1 2 3 4 6 12 16] [1 2 3 4 6 7 8 12 16] [1 2 3 7 8 16 20] [1 2 3 4 6 7 8 9 11 16 24] [1 2 3 4 5 6 7 8 9] [2 3 4] [1 2 3 4 5 6 7 8 13] [1 2 3 4 6 7 12 20] [] [] [] [] [] [] [] [] [] [] []
65 [] [16 24] [2] [1 2] [16 24 37 45] [2 3 7 8] [1] [2 3 7] [16] [1 2 3 12 16 20] [1 2 3 4 5 6 12 20] [2 3 4 7] [1 2 3 4] [2 4 6 7] [1 2 3 4 7 8 9 16] [1 2 3 4 5 6 7 8 12 16 24 37 45] [1 2 12] [2 3 4 7 8] [1 2 3 4 7 8 9] [1 2 3 7 8 16] [1 2 12 16 24 37] [1 2 3 4 5 7 12 16] [1 2 3 12 16] [1 2 3 16] [1 2 3 4 7] [1 2 3 4 5] [2 20] [1 2 4 6 16] [1 2 3 4 5 6 7 8 20] [1 2 5 6] [1 2 3 7 8 12 16 20] [1 2 20] [1 2 4 6 7 13 16 20 23] [1 2 3 4 5 7 8 16] [1 2 16] [1 2 3 4 5 6 12 16 17] [1 2 3 4 5 6 7 12 16] [1 2 3 4 12 16] [1 2 3] [1 2 16 24 37] [1 2 4 5 6 16] [16 24 37] [1 2 3 5 7 8 16] [1 2 3 4 7 8 9 12 16 20] [1 2 3 4 5 12 16] [1 2 4 6 7 9 16 20] [1 2 3 5 12] [1 2 3 4 5 12 16 17 19] [1 2 5 6 7] [1 2 3 4 7 8 12 16 24 37 45] [2 4 6 7 9] [1 2 3 7 16 24] [1 2 3 4 5 6 7 12 16 20] [1 2 5] [1 2 3 5 6 7 8] [2 3] [1 2 3 7 12 16] [1 2 4 6 7 13 20] [1 2 3 4 7 8 16 20] [1 2 3 4 6 12 16] [1 2 3 4 6 7 8 12 16] [1 2 3 7 8 16 20] [1 2 3 4 6 7 8 9 11 16 24] [1 2 3 4 5 6 7 8 9] [2 3 4] [1 2 3 4 5 6 7 8 13] [1 2 3 4 6 7 12 20] [] [] [] [] [] [] [] [] [] [] []
66 [] [16 24] [2] [1 2] [16 24 37 45] [2 3 7 8] [1] [2 3 7] [16] [1 2 3 12 16 20] [1 2 3 4 5 6 12 20] [2 3 4 7] [1 2 3 4] [2 4 6 7] [1 2 3 4 7 8 9 16] [1 2 3 4 5 6 7 8 12 16 24 37 45] [1 2 12] [2 3 4 7 8] [1 2 3 4 7 8 9] [1 2 3 7 8 16] [1 2 12 16 24 37] [1 2 3 4 5 7 12 16] [1 2 3 12 16] [1 2 3 16] [1 2 3 4 7] [1 2 3 4 5] [2 20] [1 2 4 6 16] [1 2 3 4 5 6 7 8 20] [1 2 5 6] [1 2 3 7 8 12 16 20] [16 24 37] [1 2 20] [1 2 4 6 7 13 16 20 23] [1 2 3 4 5 7 8 16] [1 2 16] [1 2 3 4 5 6 12 16 17] [1 2 3 4 5 6 7 12 16] [1 2 3 4 12 16] [1 2 3] [1 2 16 24 37] [1 2 4 5 6 16] [1 2 3 5 7 8 16] [1 2 3 4 7 8 9 12 16 20] [1 2 3 4 5 12 16] [1 2 4 6 7 9 16 20] [1 2 3 5 12] [1 2 3 4 5 12 16 17 19] [1 2 5 6 7] [1 2 3 4 7 8 12 16 24 37 45] [2 4 6 7 9] [1 2 3 7 16 24] [1 2 3 4 5 6 7 12 16 20] [1 2 5] [1 2 3 5 6 7 8] [2 3] [1 2 3 7 12 16] [1 2 4 6 7 13 20] [1 2 3 4 7 8 16 20] [1 2 3 4 6 12 16] [1 2 3 4 6 7 8 12 16] [1 2 3 7 8 16 20] [1 2 3 4 6 7 8 9 11 16 24] [1 2 3 4 5 6 7 8 9] [2 3 4] [1 2 3 4 5 6 7 8 13] [1 2 3 4 6 7 12 20] [] [] [] [] [] [] [] [] [] [] []
67 [] [2] [1 2] [16 24 37 45] [2 3 7 8] [1] [16 24] [2 3 7] [16] [1 2 3 12 16 20] [1 2 3 4 5 6 12 20] [2 3 4 7] [1 2 3 4] [2 4 6 7] [1 2 3 4 7 8 9 16] [1 2 3 4 5 6 7 8 12 16 24 37 45] [1 2 12] [2 3 4 7 8] [1 2 3 4 7 8 9] [1 2 3 7 8 16] [1 2 12 16 24 37] [1 2 3 4 5 7 12 16] [1 2 3 12 16] [1 2 3 16] [1 2 3 4 7] [1 2 3 4 5] [2 20] [1 2 4 6 16] [1 2 3 4 5 6 7 8 20] [1 2 5 6] [1 2 3 7 8 12 16 20] [16 24 37] [1 2 20] [1 2 4 6 7 13 16 20 23] [1 2 3 4 5 7 8 16] [1 2 16] [1 2 3 4 5 6 12 16 17] [1 2 3 4 5 6 7 12 16] [1 2 3 4 12 16] [1 2 3] [1 2 16 24 37] [1 2 4 5 6 16] [1 2 3 5 7 8 16] [1 2 3 4 7 8 9 12 16 20] [1 2 3 4 5 12 16] [1 2 4 6 7 9 16 20] [1 2 3 5 12] [1 2 3 4 5 12 16 17 19] [1 2 5 6 7] [1 2 3 4 7 8 12 16 24 37 45] [2 4 6 7 9] [1 2 3 7 16 24] [1 2 3 4 5 6 7 12 16 20] [1 2 5] [1 2 3 5 6 7 8] [2 3] [1 2 3 7 12 16] [1 2 4 6 7 13 20] [1 2 3 4 7 8 16 20] [1 2 3 4 6 12 16] [1 2 3 4 6 7 8 12 16] [1 2 3 7 8 16 20] [1 2 3 4 6 7 8 9 11 16 24] [1 2 3 4 5 6 7 8 9] [2 3 4] [1 2 3 4 5 6 7 8 13] [1 2 3 4 6 7 12 20] [] [] [] [] [] [] [] [] [] [] []
68 [] [1 2] [16 24 37 45] [2 3 7 8] [1] [16 24] [2] [2 3 7] [16] [1 2 3 12 16 20] [1 2 3 4 5 6 12 20] [2 3 4 7] [1 2 3 4] [2 4 6 7] [1 2 3 4 7 8 9 16] [1 2 3 4 5 6 7 8 12 16 24 37 45] [1 2 12] [2 3 4 7 8] [1 2 3 4 7 8 9] [1 2 3 7 8 16] [1 2 12 16 24 37] [1 2 3 4 5 7 12 16] [1 2 3 12 16] [1 2 3 16] [1 2 3 4 7] [1 2 3 4 5] [2 20] [1 2 4 6 16] [1 2 3 4 5 6 7 8 20] [1 2 5 6] [1 2 3 7 8 12 16 20] [16 24 37] [1 2 20] [1 2 4 6 7 13 16 20 23] [1 2 3 4 5 7 8 16] [1 2 16] [1 2 3 4 5 6 12 16 17] [1 2 3 4 5 6 7 12 16] [1 2 3 4 12 16] [1 2 3] [1 2 16 24 37] [1 2 4 5 6 16] [1 2 3 5 7 8 16] [1 2 3 4 7 8 9 12 16 20] [1 2 3 4 5 12 16] [1 2 4 6 7 9 16 20] [1 2 3 5 12] [1 2 3 4 5 12 16 17 19] [1 2 5 6 7] [1 2 3 4 7 8 12 16 24 37 45] [2 4 6 7 9] [1 2 3 7 16 24] [1 2 3 4 5 6 7 12 16 20] [1 2 5] [1 2 3 5 6 7 8] [2 3] [1 2 3 7 12 16] [1 2 4 6 7 13 20] [1 2 3 4 7 8 16 20] [1 2 3 4 6 12 16] [1 2 3 4 6 7 8 12 16] [1 2 3 7 8 16 20] [1 2 3 4 6 7 8 9 11 16 24] [1 2 3 4 5 6 7 8 9] [2 3 4] [1 2 3 4 5 6 7 8 13] [1 2 3 4 6 7 12 20] [] [] [] [] [] [] [] [] [] [] []
69 [] [16 24 37 45] [2 3 7 8] [16 24] [2] [2 3 7] [1 2] [1] [16] [1 2 3 12 16 20] [1 2 3 4 5 6 12 20] [2 3 4 7] [1 2 3 4] [2 4 6 7] [1 2 3 4 7 8 9 16] [1 2 3 4 5 6 7 8 12 16 24 37 45] [1 2 12] [2 3 4 7 8] [1 2 3 4 7 8 9] [1 2 3 7 8 16] [1 2 12 16 24 37] [1 2 3 4 5 7 12 16] [1 2 3 12 16] [1 2 3 16] [1 2 3 4 7] [1 2 3 4 5] [2 20] [1 2 4 6 16] [1 2 3 4 5 6 7 8 20] [1 2 5 6] [1 2 3 7 8 12 16 20] [16 24 37] [1 2 20] [1 2 4 6 7 13 16 20 23] [1 2 3 4 5 7 8 16] [1 2 16] [1 2 3 4 5 6 12 16 17] [1 2 3 4 5 6 7 12 16] [1 2 3 4 12 16] [1 2 3] [1 2 16 24 37] [1 2 4 5 6 16] [1 2 3 5 7 8 16] [1 2 3 4 7 8 9 12 16 20] [1 2 3 4 5 12 16] [1 2 4 6 7 9 16 20] [1 2 3 5 12] [1 2 3 4 5 12 16 17 19] [1 2 5 6 7] [1 2 3 4 7 8 12 16 24 37 45] [2 4 6 7 9] [1 2 3 7 16 24] [1 2 3 4 5 6 7 12 16 20] [1 2 5] [1 2 3 5 6 7 8] [2 3] [1 2 3 7 12 16] [1 2 4 6 7 13 20] [1 2 3 4 7 8 16 20] [1 2 3 4 6 12 16] [1 2 3 4 6 7 8 12 16] [1 2 3 7 8 16 20] [1 2 3 4 6 7 8 9 11 16 24] [1 2 3 4 5 6 7 8 9] [2 3 4] [1 2 3 4 5 6 7 8 13] [1 2 3 4 6 7 12 20] [] [] [] [] [] [] [] [] [] [] []
70 [] [16 24 37 45] [2 3 7 8] [16 24] [2] [2 3 7] [1 2] [1] [16] [1 2 3 12 16 20] [1 2 3 4 5 6 12 20] [2 3 4 7] [1 2 3 4] [2 4 6 7] [1 2 3 4 7 8 9 16] [1 2 3 4 5 6 7 8 12 16 24 37 45] [1 2 12] [2 3 4 7 8] [1 2 3 4 7 8 9] [1 2 3 7 8 16] [1 2 12 16 24 37] [1 2 3 4 5 7 12 16] [1 2 3 12 16] [1 2 3 16] [1 2 3 4 7] [1 2 3 4 5] [2 20] [1 2 4 6 16] [1 2 3 4 5 6 7 8 20] [1 2 5 6] [1 2 3 7 8 12 16 20] [16 24 37] [1 2 20] [1 2 4 6 7 13 16 20 23] [1 2 3 4 5 7 8 16] [1 2 16] [1 2 3 4 5 6 12 16 17] [1 2 3 4 5 6 7 12 16] [1 2 3 4 12 16] [1 2 3] [1 2 16 24 37] [1 2 4 5 6 16] [1 2 3 5 7 8 16] [1 2 3 4 7 8 9 12 16 20] [1 2 3 4 5 12 16] [1 2 4 6 7 9 16 20] [1 2 3 5 12] [1 2 3 4 5 12 16 17 19] [1 2 5 6 7] [1 2 3 4 7 8 12 16 24 37 45] [2 4 6 7 9] [1 2 3 7 16 24] [1 2 3 4 5 6 7 12 16 20] [1 2 5] [1 2 3 5 6 7 8] [2 3] [1 2 3 7 12 16] [1 2 4 6 7 13 20] [1 2 3 4 7 8 16 20] [1 2 3 4 6 12 16] [1 2 3 4 6 7 8 12 16] [1 2 3 7 8 16 20] [1 2 3 4 6 7 8 9 11 16 24] [1 2 3 4 5 6 7 8 9] [2 3 4] [1 2 3 4 5 6 7 8 13] [1 2 3 4 6 7 12 20] [] [] [] [] [] [] [] [] [] [] []
71 [] [2 3 7 8] [16 24] [2] [2 3 7] [1 2] [1] [16] [1 2 3 12 16 20] [16 24 37 45] [1 2 3 4 5 6 12 20] [2 3 4 7] [1 2 3 4] [2 4 6 7] [1 2 3 4 7 8 9 16] [1 2 3 4 5 6 7 8 12 16 24 37 45] [1 2 12] [2 3 4 7 8] [1 2 3 4 7 8 9] [1 2 3 7 8 16] [1 2 12 16 24 37] [1 2 3 4 5 7 12 16] [1 2 3 12 16] [1 2 3 16] [1 2 3 4 7] [1 2 3 4 5] [2 20] [1 2 4 6 16] [1 2 3 4 5 6 7 8 20] [1 2 5 6] [1 2 3 7 8 12 16 20] [16 24 37] [1 2 20] [1 2 4 6 7 13 16 20 23] [1 2 3 4 5 7 8 16] [1 2 16] [1 2 3 4 5 6 12 16 17] [1 2 3 4 5 6 7 12 16] [1 2 3 4 12 16] [1 2 3] [1 2 16 24 37] [1 2 4 5 6 16] [1 2 3 5 7 8 16] [1 2 3 4 7 8 9 12 16 20] [1 2 3 4 5 12 16] [1 2 4 6 7 9 16 20] [1 2 3 5 12] [1 2 3 4 5 12 16 17 19] [1 2 5 6 7] [1 2 3 4 7 8 12 16 24 37 45] [2 4 6 7 9] [1 2 3 7 16 24] [1 2 3 4 5 6 7 12 16 20] [1 2 5] [1 2 3 5 6 7 8] [2 3] [1 2 3 7 12 16] [1 2 4 6 7 13 20] [1 2 3 4 7 8 16 20] [1 2 3 4 6 12 16] [1 2 3 4 6 7 8 12 16] [1 2 3 7 8 16 20] [1 2 3 4 6 7 8 9 11 16 24] [1 2 3 4 5 6 7 8 9] [2 3 4] [1 2 3 4 5 6 7 8 13] [1 2 3 4 6 7 12 20] [] [] [] [] [] [] [] [] [] [] []
72 [] [16 24] [2] [2 3 7] [1 2] [1] [16] [1 2 3 12 16 20] [2 3 7 8] [16 24 37 45] [1 2 3 4 5 6 12 20] [2 3 4 7] [1 2 3 4] [2 4 6 7] [1 2 3 4 7 8 9 16] [1 2 3 4 5 6 7 8 12 16 24 37 45] [1 2 12] [2 3 4 7 8] [1 2 3 4 7 8 9] [1 2 3 7 8 16] [1 2 12 16 24 37] [1 2 3 4 5 7 12 16] [1 2 3 12 16] [1 2 3 16] [1 2 3 4 7] [1 2 3 4 5] [2 20] [1 2 4 6 16] [1 2 3 4 5 6 7 8 20] [1 2 5 6] [1 2 3 7 8 12 16 20] [16 24 37] [1 2 20] [1 2 4 6 7 13 16 20 23] [1 2 3 4 5 7 8 16] [1 2 16] [1 2 3 4 5 6 12 16 17] [1 2 3 4 5 6 7 12 16] [1 2 3 4 12 16] [1 2 3] [1 2 16 24 37] [1 2 4 5 6 16] [1 2 3 5 7 8 16] [1 2 3 4 7 8 9 12 16 20] [1 2 3 4 5 12 16] [1 2 4 6 7 9 16 20] [1 2 3 5 12] [1 2 3 4 5 12 16 17 19] [1 2 5 6 7] [1 2 3 4 7 8 12 16 24 37 45] [2 4 6 7 9] [1 2 3 7 16 24] [1 2 3 4 5 6 7 12 16 20] [1 2 5] [1 2 3 5 6 7 8] [2 3] [1 2 3 7 12 16] [1 2 4 6 7 13 20] [1 2 3 4 7 8 16 20] [1 2 3 4 6 12 16] [1 2 3 4 6 7 8 12 16] [1 2 3 7 8 16 20] [1 2 3 4 6 7 8 9 11 16 24] [1 2 3 4 5 6 7 8 9] [2 3 4] [1 2 3 4 5 6 7 8 13] [1 2 3 4 6 7 12 20] [] [] [] [] [] [] [] [] [] [] []
73 [] [16 24] [2] [2 3 7] [1 2] [1] [16] [1 2 3 12 16 20] [2 3 7 8] [16 24 37 45] [1 2 3 4 5 6 12 20] [2 3 4 7] [1 2 3 4] [2 4 6 7] [1 2 3 4 7 8 9 16] [1 2 3 4 5 6 7 8 12 16 24 37 45] [1 2 12] [2 3 4 7 8] [1 2 3 4 7 8 9] [1 2 3 7 8 16] [1 2 12 16 24 37] [1 2 3 4 5 7 12 16] [1 2 3 12 16] [1 2 3 16] [1 2 3 4 7] [1 2 3 4 5] [2 20] [1 2 4 6 16] [1 2 3 4 5 6 7 8 20] [1 2 5 6] [1 2 3 7 8 12 16 20] [16 24 37] [1 2 20] [1 2 4 6 7 13 16 20 23] [1 2 3 4 5 7 8 16] [1 2 16] [1 2 3 4 5 6 12 16 17] [1 2 3 4 5 6 7 12 16] [1 2 3 4 12 16] [1 2 3] [1 2 16 24 37] [1 2 4 5 6 16] [1 2 3 5 7 8 16] [1 2 3 4 7 8 9 12 16 20] [1 2 3 4 5 12 16] [1 2 4 6 7 9 16 20] [1 2 3 5 12] [1 2 3 4 5 12 16 17 19] [1 2 5 6 7] [1 2 3 4 7 8 12 16 24 37 45] [2 4 6 7 9] [1 2 3 7 16 24] [1 2 3 4 5 6 7 12 16 20] [1 2 5] [1 2 3 5 6 7 8] [2 3] [1 2 3 7 12 16] [1 2 4 6 7 13 20] [1 2 3 4 7 8 16 20] [1 2 3 4 6 12 16] [1 2 3 4 6 7 8 12 16] [1 2 3 7 8 16 20] [1 2 3 4 6 7 8 9 11 16 24] [1 2 3 4 5 6 7 8 9] [2 3 4] [1 2 3 4 5 6 7 8 13] [1 2 3 4 6 7 12 20] [] [] [] [] [] [] [] [] [] [] []
74 [] [16 24] [2] [2 3 7] [1 2] [1] [16] [1 2 3 12 16 20] [2 3 7 8] [16 24 37 45] [1 2 3 4 5 6 12 20] [2 3 4 7] [1 2 3 4] [2 4 6 7] [1 2 3 4 7 8 9 16] [1 2 3 4 5 6 7 8 12 16 24 37 45] [1 2 12] [2 3 4 7 8] [1 2 3 4 7 8 9] [1 2 3 7 8 16] [1 2 12 16 24 37] [1 2 3 4 5 7 12 16] [1 2 3 12 16] [1 2 3 16] [1 2 3 4 7] [1 2 3 4 5] [2 20] [1 2 4 6 16] [1 2 3 4 5 6 7 8 20] [1 2 5 6] [1 2 3 7 8 12 16 20] [16 24 37] [1 2 20] [1 2 4 6 7 13 16 20 23] [1 2 3 4 5 7 8 16] [1 2 16] [1 2 3 4 5 6 12 16 17] [1 2 3 4 5 6 7 12 16] [1 2 3 4 12 16] [1 2 3] [1 2 16 24 37] [1 2 4 5 6 16] [1 2 3 5 7 8 16] [1 2 3 4 7 8 9 12 16 20] [1 2 3 4 5 12 16] [1 2 4 6 7 9 16 20] [1 2 3 5 12] [1 2 3 4 5 12 16 17 19] [1 2 5 6 7] [1 2 3 4 7 8 12 16 24 37 45] [2 4 6 7 9] [1 2 3 7 16 24] [1 2 3 4 5 6 7 12 16 20] [1 2 5] [1 2 3 5 6 7 8] [2 3] [1 2 3 7 12 16] [1 2 4 6 7 13 20] [1 2 3 4 7 8 16 20] [1 2 3 4 6 12 16] [1 2 3 4 6 7 8 12 16] [1 2 3 7 8 16 20] [1 2 3 4 6 7 8 9 11 16 24] [1 2 3 4 5 6 7 8 9] [2 3 4] [1 2 3 4 5 6 7 8 13] [1 2 3 4 6 7 12 20] [] [] [] [] [] [] [] [] [] [] []
75 [] [16 24] [1] [2] [2 3 7] [1 2] [16] [1 2 3 12 16 20] [2 3 7 8] [16 24 37 45] [1 2 3 4 5 6 12 20] [2 3 4 7] [1 2 3 4] [2 4 6 7] [1 2 3 4 7 8 9 16] [1 2 3 4 5 6 7 8 12 16 24 37 45] [1 2 12] [2 3 4 7 8] [1 2 3 4 7 8 9] [1 2 3 7 8 16] [1 2 12 16 24 37] [1 2 3 4 5 7 12 16] [1 2 3 12 16] [1 2 3 16] [1 2 3 4 7] [1 2 3 4 5] [2 20] [1 2 4 6 16] [1 2 3 4 5 6 7 8 20] [1 2 5 6] [1 2 3 7 8 12 16 20] [16 24 37] [1 2 20] [1 2 4 6 7 13 16 20 23] [1 2 3 4 5 7 8 16] [1 2 16] [1 2 3 4 5 6 12 16 17] [1 2 3 4 5 6 7 12 16] [1 2 3 4 12 16] [1 2 3] [1 2 16 24 37] [1 2 4 5 6 16] [1 2 3 5 7 8 16] [1 2 3 4 7 8 9 12 16 20] [1 2 3 4 5 12 16] [1 2 4 6 7 9 16 20] [1 2 3 5 12] [1 2 3 4 5 12 16 17 19] [1 2 5 6 7] [1 2 3 4 7 8 12 16 24 37 45] [2 4 6 7 9] [1 2 3 7 16 24] [1 2 3 4 5 6 7 12 16 20] [1 2 5] [1 2 3 5 6 7 8] [2 3] [1 2 3 7 12 16] [1 2 4 6 7 13 20] [1 2 3 4 7 8 16 20] [1 2 3 4 6 12 16] [1 2 3 4 6 7 8 12 16] [1 2 3 7 8 16 20] [1 2 3 4 6 7 8 9 11 16 24] [1 2 3 4 5 6 7 8 9] [2 3 4] [1 2 3 4 5 6 7 8 13] [1 2 3 4 6 7 12 20] [] [] [] [] [] [] [] [] [] [] []
76 [] [1] [2] [2 3 7] [1 2] [16] [1 2 3 12 16 20] [2 3 7 8] [16 24 37 45] [1 2 3 4 5 6 12 20] [2 3 4 7] [1 2 3 4] [2 4 6 7] [1 2 3 4 7 8 9 16] [1 2 3 4 5 6 7 8 12 16 24 37 45] [1 2 12] [2 3 4 7 8] [1 2 3 4 7 8 9] [1 2 3 7 8 16] [1 2 12 16 24 37] [1 2 3 4 5 7 12 16] [1 2 3 12 16] [1 2 3 16] [1 2 3 4 7] [1 2 3 4 5] [2 20] [1 2 4 6 16] [1 2 3 4 5 6 7 8 20] [1 2 5 6] [16 24] [1 2 3 7 8 12 16 20] [16 24 37] [1 2 20] [1 2 4 6 7 13 16 20 23] [1 2 3 4 5 7 8 16] [1 2 16] [1 2 3 4 5 6 12 16 17] [1 2 3 4 5 6 7 12 16] [1 2 3 4 12 16] [1 2 3] [1 2 16 24 37] [1 2 4 5 6 16] [1 2 3 5 7 8 16] [1 2 3 4 7 8 9 12 16 20] [1 2 3 4 5 12 16] [1 2 4 6 7 9 16 20] [1 2 3 5 12] [1 2 3 4 5 12 16 17 19] [1 2 5 6 7] [1 2 3 4 7 8 12 16 24 37 45] [2 4 6 7 9] [1 2 3 7 16 24] [1 2 3 4 5 6 7 12 16 20] [1 2 5] [1 2 3 5 6 7 8] [2 3] [1 2 3 7 12 16] [1 2 4 6 7 13 20] [1 2 3 4 7 8 16 20] [1 2 3 4 6 12 16] [1 2 3 4 6 7 8 12 16] [1 2 3 7 8 16 20] [1 2 3 4 6 7 8 9 11 16 24] [1 2 3 4 5 6 7 8 9] [2 3 4] [1 2 3 4 5 6 7 8 13] [1 2 3 4 6 7 12 20] [] [] [] [] [] [] [] [] [] [] []
77 [] [1] [2] [2 3 7] [1 2] [16] [1 2 3 12 16 20] [2 3 7 8] [16 24 37 45] [1 2 3 4 5 6 12 20] [2 3 4 7] [1 2 3 4] [2 4 6 7] [1 2 3 4 7 8 9 16] [1 2 3 4 5 6 7 8 12 16 24 37 45] [1 2 12] [2 3 4 7 8] [1 2 3 4 7 8 9] [1 2 3 7 8 16] [1 2 12 16 24 37] [1 2 3 4 5 7 12 16] [1 2 3 12 16] [1 2 3 16] [1 2 3 4 7] [1 2 3 4 5] [2 20] [1 2 4 6 16] [1 2 3 4 5 6 7 8 20] [1 2 5 6] [16 24] [1 2 3 7 8 12 16 20] [16 24 37] [1 2 20] [1 2 4 6 7 13 16 20 23] [1 2 3 4 5 7 8 16] [1 2 16] [1 2 3 4 5 6 12 16 17] [1 2 3 4 5 6 7 12 16] [1 2 3 4 12 16] [1 2 3] [1 2 16 24 37] [1 2 4 5 6 16] [1 2 3 5 7 8 16] [1 2 3 4 7 8 9 12 16 20] [1 2 3 4 5 12 16] [1 2 4 6 7 9 16 20] [1 2 3 5 12] [1 2 3 4 5 12 16 17 19] [1 2 5 6 7] [1 2 3 4 7 8 12 16 24 37 45] [2 4 6 7 9] [1 2 3 7 16 24] [1 2 3 4 5 6 7 12 16 20] [1 2 5] [1 2 3 5 6 7 8] [2 3] [1 2 3 7 12 16] [1 2 4 6 7 13 20] [1 2 3 4 7 8 16 20] [1 2 3 4 6 12 16] [1 2 3 4 6 7 8 12 16] [1 2 3 7 8 16 20] [1 2 3 4 6 7 8 9 11 16 24] [1 2 3 4 5 6 7 8 9] [2 3 4] [1 2 3 4 5 6 7 8 13] [1 2 3 4 6 7 12 20] [] [] [] [] [] [] [] [] [] [] []
78 [] [1] [16] [2] [2 3 7] [1 2] [1 2 3 12 16 20] [2 3 7 8] [16 24 37 45] [1 2 3 4 5 6 12 20] [2 3 4 7] [1 2 3 4] [2 4 6 7] [1 2 3 4 7 8 9 16] [1 2 3 4 5 6 7 8 12 16 24 37 45] [1 2 12] [2 3 4 7 8] [1 2 3 4 7 8 9] [1 2 3 7 8 16] [1 2 12 16 24 37] [1 2 3 4 5 7 12 16] [1 2 3 12 16] [1 2 3 16] [1 2 3 4 7] [1 2 3 4 5] [2 20] [1 2 4 6 16] [1 2 3 4 5 6 7 8 20] [1 2 5 6] [16 24] [1 2 3 7 8 12 16 20] [16 24 37] [1 2 20] [1 2 4 6 7 13 16 20 23] [1 2 3 4 5 7 8 16] [1 2 16] [1 2 3 4 5 6 12 16 17] [1 2 3 4 5 6 7 12 16] [1 2 3 4 12 16] [1 2 3] [1 2 16 24 37] [1 2 4 5 6 16] [1 2 3 5 7 8 16] [1 2 3 4 7 8 9 12 16 20] [1 2 3 4 5 12 16] [1 2 4 6 7 9 16 20] [1 2 3 5 12] [1 2 3 4 5 12 16 17 19] [1 2 5 6 7] [1 2 3 4 7 8 12 16 24 37 45] [2 4 6 7 9] [1 2 3 7 16 24] [1 2 3 4 5 6 7 12 16 20] [1 2 5] [1 2 3 5 6 7 8] [2 3] [1 2 3 7 12 16] [1 2 4 6 7 13 20] [1 2 3 4 7 8 16 20] [1 2 3 4 6 12 16] [1 2 3 4 6 7 8 12 16] [1 2 3 7 8 16 20] [1 2 3 4 6 7 8 9 11 16 24] [1 2 3 4 5 6 7 8 9] [2 3 4] [1 2 3 4 5 6 7 8 13] [1 2 3 4 6 7 12 20] [] [] [] [] [] [] [] [] [] [] []
79 [] [16] [2] [2 3 7] [1 2] [1] [1 2 3 12 16 20] [2 3 7 8] [16 24 37 45] [1 2 3 4 5 6 12 20] [2 3 4 7] [1 2 3 4] [2 4 6 7] [1 2 3 4 7 8 9 16] [1 2 3 4 5 6 7 8 12 16 24 37 45] [1 2 12] [2 3 4 7 8] [1 2 3 4 7 8 9] [1 2 3 7 8 16] [1 2 12 16 24 37] [1 2 3 4 5 7 12 16] [1 2 3 12 16] [1 2 3 16] [1 2 3 4 7] [1 2 3 4 5] [2 20] [1 2 4 6 16] [1 2 3 4 5 6 7 8 20] [1 2 5 6] [16 24] [1 2 3 7 8 12 16 20] [16 24 37] [1 2 20] [1 2 4 6 7 13 16 20 23] [1 2 3 4 5 7 8 16] [1 2 16] [1 2 3 4 5 6 12 16 17] [1 2 3 4 5 6 7 12 16] [1 2 3 4 12 16] [1 2 3] [1 2 16 24 37] [1 2 4 5 6 16] [1 2 3 5 7 8 16] [1 2 3 4 7 8 9 12 16 20] [1 2 3 4 5 12 16] [1 2 4 6 7 9 16 20] [1 2 3 5 12] [1 2 3 4 5 12 16 17 19] [1 2 5 6 7] [1 2 3 4 7 8 12 16 24 37 45] [2 4 6 7 9] [1 2 3 7 16 24] [1 2 3 4 5 6 7 12 16 20] [1 2 5] [1 2 3 5 6 7 8] [2 3] [1 2 3 7 12 16] [1 2 4 6 7 13 20] [1 2 3 4 7 8 16 20] [1 2 3 4 6 12 16] [1 2 3 4 6 7 8 12 16] [1 2 3 7 8 16 20] [1 2 3 4 6 7 8 9 11 16 24] [1 2 3 4 5 6 7 8 9] [2 3 4] [1 2 3 4 5 6 7 8 13] [1 2 3 4 6 7 12 20] [] [] [] [] [] [] [] [] [] [] []
80 [] [2] [1 2] [1] [16] [1 2 3 12 16 20] [2 3 7 8] [16 24 37 45] [1 2 3 4 5 6 12 20] [2 3 4 7] [1 2 3 4] [2 4 6 7] [1 2 3 4 7 8 9 16] [1 2 3 4 5 6 7 8 12 16 24 37 45] [1 2 12] [2 3 4 7 8] [1 2 3 4 7 8 9] [1 2 3 7 8 16] [1 2 12 16 24 37] [1 2 3 4 5 7 12 16] [1 2 3 12 16] [1 2 3 16] [1 2 3 4 7] [1 2 3 4 5] [2 20] [2 3 7] [1 2 4 6 16] [1 2 3 4 5 6 7 8 20] [1 2 5 6] [16 24] [1 2 3 7 8 12 16 20] [16 24 37] [1 2 20] [1 2 4 6 7 13 16 20 23] [1 2 3 4 5 7 8 16] [1 2 16] [1 2 3 4 5 6 12 16 17] [1 2 3 4 5 6 7 12 16] [1 2 3 4 12 16] [1 2 3] [1 2 16 24 37] [1 2 4 5 6 16] [1 2 3 5 7 8 16] [1 2 3 4 7 8 9 12 16 20] [1 2 3 4 5 12 16] [1 2 4 6 7 9 16 20] [1 2 3 5 12] [1 2 3 4 5 12 16 17 19] [1 2 5 6 7] [1 2 3 4 7 8 12 16 24 37 45] [2 4 6 7 9] [1 2 3 7 16 24] [1 2 3 4 5 6 7 12 16 20] [1 2 5] [1 2 3 5 6 7 8] [2 3] [1 2 3 7 12 16] [1 2 4 6 7 13 20] [1 2 3 4 7 8 16 20] [1 2 3 4 6 12 16] [1 2 3 4 6 7 8 12 16] [1 2 3 7 8 16 20] [1 2 3 4 6 7 8 9 11 16 24] [1 2 3 4 5 6 7 8 9] [2 3 4] [1 2 3 4 5 6 7 8 13] [1 2 3 4 6 7 12 20] [] [] [] [] [] [] [] [] [] [] []
81 [] [1 2] [1] [16] [1 2 3 12 16 20] [2 3 7 8] [16 24 37 45] [1 2 3 4 5 6 12 20] [2 3 4 7] [2] [1 2 3 4] [2 4 6 7] [1 2 3 4 7 8 9 16] [1 2 3 4 5 6 7 8 12 16 24 37 45] [1 2 12] [2 3 4 7 8] [1 2 3 4 7 8 9] [1 2 3 7 8 16] [1 2 12 16 24 37] [1 2 3 4 5 7 12 16] [1 2 3 12 16] [1 2 3 16] [1 2 3 4 7] [1 2 3 4 5] [2 20] [2 3 7] [1 2 4 6 16] [1 2 3 4 5 6 7 8 20] [1 2 5 6] [16 24] [1 2 3 7 8 12 16 20] [16 24 37] [1 2 20] [1 2 4 6 7 13 16 20 23] [1 2 3 4 5 7 8 16] [1 2 16] [1 2 3 4 5 6 12 16 17] [1 2 3 4 5 6 7 12 16] [1 2 3 4 12 16] [1 2 3] [1 2 16 24 37] [1 2 4 5 6 16] [1 2 3 5 7 8 16] [1 2 3 4 7 8 9 12 16 20] [1 2 3 4 5 12 16] [1 2 4 6 7 9 16 20] [1 2 3 5 12] [1 2 3 4 5 12 16 17 19] [1 2 5 6 7] [1 2 3 4 7 8 12 16 24 37 45] [2 4 6 7 9] [1 2 3 7 16 24] [1 2 3 4 5 6 7 12 16 20] [1 2 5] [1 2 3 5 6 7 8] [2 3] [1 2 3 7 12 16] [1 2 4 6 7 13 20] [1 2 3 4 7 8 16 20] [1 2 3 4 6 12 16] [1 2 3 4 6 7 8 12 16] [1 2 3 7 8 16 20] [1 2 3 4 6 7 8 9 11 16 24] [1 2 3 4 5 6 7 8 9] [2 3 4] [1 2 3 4 5 6 7 8 13] [1 2 3 4 6 7 12 20] [] [] [] [] [] [] [] [] [] [] []
82 [] [16] [1 2] [1 2 3 12 16 20] [2 3 7 8] [16 24 37 45] [1] [1 2 3 4 5 6 12 20] [2 3 4 7] [2] [1 2 3 4] [2 4 6 7] [1 2 3 4 7 8 9 16] [1 2 3 4 5 6 7 8 12 16 24 37 45] [1 2 12] [2 3 4 7 8] [1 2 3 4 7 8 9] [1 2 3 7 8 16] [1 2 12 16 24 37] [1 2 3 4 5 7 12 16] [1 2 3 12 16] [1 2 3 16] [1 2 3 4 7] [1 2 3 4 5] [2 20] [2 3 7] [1 2 4 6 16] [1 2 3 4 5 6 7 8 20] [1 2 5 6] [16 24] [1 2 3 7 8 12 16 20] [16 24 37] [1 2 20] [1 2 4 6 7 13 16 20 23] [1 2 3 4 5 7 8 16] [1 2 16] [1 2 3 4 5 6 12 16 17] [1 2 3 4 5 6 7 12 16] [1 2 3 4 12 16] [1 2 3] [1 2 16 24 37] [1 2 4 5 6 16] [1 2 3 5 7 8 16] [1 2 3 4 7 8 9 12 16 20] [1 2 3 4 5 12 16] [1 2 4 6 7 9 16 20] [1 2 3 5 12] [1 2 3 4 5 12 16 17 19] [1 2 5 6 7] [1 2 3 4 7 8 12 16 24 37 45] [2 4 6 7 9] [1 2 3 7 16 24] [1 2 3 4 5 6 7 12 16 20] [1 2 5] [1 2 3 5 6 7 8] [2 3] [1 2 3 7 12 16] [1 2 4 6 7 13 20] [1 2 3 4 7 8 16 20] [1 2 3 4 6 12 16] [1 2 3 4 6 7 8 12 16] [1 2 3 7 8 16 20] [1 2 3 4 6 7 8 9 11 16 24] [1 2 3 4 5 6 7 8 9] [2 3 4] [1 2 3 4 5 6 7 8 13] [1 2 3 4 6 7 12 20] [] [] [] [] [] [] [] [] [] [] []
83 [] [16] [1 2] [1 2 3 12 16 20] [2 3 7 8] [16 24 37 45] [1] [1 2 3 4 5 6 12 20] [2 3 4 7] [2] [1 2 3 4] [2 4 6 7] [1 2 3 4 7 8 9 16] [1 2 3 4 5 6 7 8 12 16 24 37 45] [1 2 12] [2 3 4 7 8] [1 2 3 4 7 8 9] [1 2 3 7 8 16] [1 2 12 16 24 37] [1 2 3 4 5 7 12 16] [1 2 3 12 16] [1 2 3 16] [1 2 3 4 7] [1 2 3 4 5] [2 20] [2 3 7] [1 2 4 6 16] [1 2 3 4 5 6 7 8 20] [1 2 5 6] [16 24] [1 2 3 7 8 12 16 20] [16 24 37] [1 2 20] [1 2 4 6 7 13 16 20 23] [1 2 3 4 5 7 8 16] [1 2 16] [1 2 3 4 5 6 12 16 17] [1 2 3 4 5 6 7 12 16] [1 2 3 4 12 16] [1 2 3] [1 2 16 24 37] [1 2 4 5 6 16] [1 2 3 5 7 8 16] [1 2 3 4 7 8 9 12 16 20] [1 2 3 4 5 12 16] [1 2 4 6 7 9 16 20] [1 2 3 5 12] [1 2 3 4 5 12 16 17 19] [1 2 5 6 7] [1 2 3 4 7 8 12 16 24 37 45] [2 4 6 7 9] [1 2 3 7 16 24] [1 2 3 4 5 6 7 12 16 20] [1 2 5] [1 2 3 5 6 7 8] [2 3] [1 2 3 7 12 16] [1 2 4 6 7 13 20] [1 2 3 4 7 8 16 20] [1 2 3 4 6 12 16] [1 2 3 4 6 7 8 12 16] [1 2 3 7 8 16 20] [1 2 3 4 6 7 8 9 11 16 24] [1 2 3 4 5 6 7 8 9] [2 3 4] [1 2 3 4 5 6 7 8 13] [1 2 3 4 6 7 12 20] [] [] [] [] [] [] [] [] [] [] []
84 [] [16] [1 2] [1 2 3 12 16 20] [2 3 7 8] [16 24 37 45] [1] [1 2 3 4 5 6 12 20] [2 3 4 7] [2] [1 2 3 4] [2 4 6 7] [1 2 3 4 7 8 9 16] [1 2 3 4 5 6 7 8 12 16 24 37 45] [1 2 12] [2 3 4 7 8] [1 2 3 4 7 8 9] [1 2 3 7 8 16] [1 2 12 16 24 37] [1 2 3 4 5 7 12 16] [1 2 3 12 16] [1 2 3 16] [1 2 3 4 7] [1 2 3 4 5] [2 20] [2 3 7] [1 2 4 6 16] [1 2 3 4 5 6 7 8 20] [1 2 5 6] [16 24] [1 2 3 7 8 12 16 20] [16 24 37] [1 2 20] [1 2 4 6 7 13 16 20 23] [1 2 3 4 5 7 8 16] [1 2 16] [1 2 3 4 5 6 12 16 17] [1 2 3 4 5 6 7 12 16] [1 2 3 4 12 16] [1 2 3] [1 2 16 24 37] [1 2 4 5 6 16] [1 2 3 5 7 8 16] [1 2 3 4 7 8 9 12 16 20] [1 2 3 4 5 12 16] [1 2 4 6 7 9 16 20] [1 2 3 5 12] [1 2 3 4 5 12 16 17 19] [1 2 5 6 7] [1 2 3 4 7 8 12 16 24 37 45] [2 4 6 7 9] [1 2 3 7 16 24] [1 2 3 4 5 6 7 12 16 20] [1 2 5] [1 2 3 5 6 7 8] [2 3] [1 2 3 7 12 16] [1 2 4 6 7 13 20] [1 2 3 4 7 8 16 20] [1 2 3 4 6 12 16] [1 2 3 4 6 7 8 12 16] [1 2 3 7 8 16 20] [1 2 3 4 6 7 8 9 11 16 24] [1 2 3 4 5 6 7 8 9] [2 3 4] [1 2 3 4 5 6 7 8 13] [1 2 3 4 6 7 12 20] [] [] [] [] [] [] [] [] [] [] []
85 [] [1 2] [1 2 3 12 16 20] [2 3 7 8] [16 24 37 45] [1] [16] [1 2 3 4 5 6 12 20] [2 3 4 7] [2] [1 2 3 4] [2 4 6 7] [1 2 3 4 7 8 9 16] [1 2 3 4 5 6 7 8 12 16 24 37 45] [1 2 12] [2 3 4 7 8] [1 2 3 4 7 8 9] [1 2 3 7 8 16] [1 2 12 16 24 37] [1 2 3 4 5 7 12 16] [1 2 3 12 16] [1 2 3 16] [1 2 3 4 7] [1 2 3 4 5] [2 20] [2 3 7] [1 2 4 6 16] [1 2 3 4 5 6 7 8 20] [1 2 5 6] [16 24] [1 2 3 7 8 12 16 20] [16 24 37] [1 2 20] [1 2 4 6 7 13 16 20 23] [1 2 3 4 5 7 8 16] [1 2 16] [1 2 3 4 5 6 12 16 17] [1 2 3 4 5 6 7 12 16] [1 2 3 4 12 16] [1 2 3] [1 2 16 24 37] [1 2 4 5 6 16] [1 2 3 5 7 8 16] [1 2 3 4 7 8 9 12 16 20] [1 2 3 4 5 12 16] [1 2 4 6 7 9 16 20] [1 2 3 5 12] [1 2 3 4 5 12 16 17 19] [1 2 5 6 7] [1 2 3 4 7 8 12 16 24 37 45] [2 4 6 7 9] [1 2 3 7 16 24] [1 2 3 4 5 6 7 12 16 20] [1 2 5] [1 2 3 5 6 7 8] [2 3] [1 2 3 7 12 16] [1 2 4 6 7 13 20] [1 2 3 4 7 8 16 20] [1 2 3 4 6 12 16] [1 2 3 4 6 7 8 12 16] [1 2 3 7 8 16 20] [1 2 3 4 6 7 8 9 11 16 24] [1 2 3 4 5 6 7 8 9] [2 3 4] [1 2 3 4 5 6 7 8 13] [1 2 3 4 6 7 12 20] [] [] [] [] [] [] [] [] [] [] []
86 [] [1 2 3 12 16 20] [16 24 37 45] [1 2] [1] [16] [1 2 3 4 5 6 12 20] [2 3 4 7] [2] [1 2 3 4] [2 4 6 7] [1 2 3 4 7 8 9 16] [1 2 3 4 5 6 7 8 12 16 24 37 45] [1 2 12] [2 3 4 7 8] [1 2 3 4 7 8 9] [1 2 3 7 8 16] [1 2 12 16 24 37] [1 2 3 4 5 7 12 16] [1 2 3 12 16] [1 2 3 16] [1 2 3 4 7] [1 2 3 4 5] [2 20] [2 3 7] [1 2 4 6 16] [1 2 3 4 5 6 7 8 20] [1 2 5 6] [16 24] [1 2 3 7 8 12 16 20] [16 24 37] [1 2 20] [1 2 4 6 7 13 16 20 23] [1 2 3 4 5 7 8 16] [1 2 16] [1 2 3 4 5 6 12 16 17] [1 2 3 4 5 6 7 12 16] [1 2 3 4 12 16] [1 2 3] [1 2 16 24 37] [1 2 4 5 6 16] [1 2 3 5 7 8 16] [1 2 3 4 7 8 9 12 16 20] [1 2 3 4 5 12 16] [1 2 4 6 7 9 16 20] [1 2 3 5 12] [1 2 3 4 5 12 16 17 19] [1 2 5 6 7] [1 2 3 4 7 8 12 16 24 37 45] [2 4 6 7 9] [1 2 3 7 16 24] [2 3 7 8] [1 2 3 4 5 6 7 12 16 20] [1 2 5] [1 2 3 5 6 7 8] [2 3] [1 2 3 7 12 16] [1 2 4 6 7 13 20] [1 2 3 4 7 8 16 20] [1 2 3 4 6 12 16] [1 2 3 4 6 7 8 12 16] [1 2 3 7 8 16 20] [1 2 3 4 6 7 8 9 11 16 24] [1 2 3 4 5 6 7 8 9] [2 3 4] [1 2 3 4 5 6 7 8 13] [1 2 3 4 6 7 12 20] [] [] [] [] [] [] [] [] [] [] []
87 [] [1 2 3 12 16 20] [16 24 37 45] [1 2] [1] [16] [1 2 3 4 5 6 12 20] [2 3 4 7] [2] [1 2 3 4] [2 4 6 7] [1 2 3 4 7 8 9 16] [1 2 3 4 5 6 7 8 12 16 24 37 45] [1 2 12] [2 3 4 7 8] [1 2 3 4 7 8 9] [1 2 3 7 8 16] [1 2 12 16 24 37] [1 2 3 4 5 7 12 16] [1 2 3 12 16] [1 2 3 16] [1 2 3 4 7] [1 2 3 4 5] [2 20] [2 3 7] [1 2 4 6 16] [1 2 3 4 5 6 7 8 20] [1 2 5 6] [16 24] [1 2 3 7 8 12 16 20] [16 24 37] [1 2 20] [1 2 4 6 7 13 16 20 23] [1 2 3 4 5 7 8 16] [1 2 16] [1 2 3 4 5 6 12 16 17] [1 2 3 4 5 6 7 12 16] [1 2 3 4 12 16] [1 2 3] [1 2 16 24 37] [1 2 4 5 6 16] [1 2 3 5 7 8 16] [1 2 3 4 7 8 9 12 16 20] [1 2 3 4 5 12 16] [1 2 4 6 7 9 16 20] [1 2 3 5 12] [1 2 3 4 5 12 16 17 19] [1 2 5 6 7] [1 2 3 4 7 8 12 16 24 37 45] [2 4 6 7 9] [1 2 3 7 16 24] [2 3 7 8] [1 2 3 4 5 6 7 12 16 20] [1 2 5] [1 2 3 5 6 7 8] [2 3] [1 2 3 7 12 16] [1 2 4 6 7 13 20] [1 2 3 4 7 8 16 20] [1 2 3 4 6 12 16] [1 2 3 4 6 7 8 12 16] [1 2 3 7 8 16 20] [1 2 3 4 6 7 8 9 11 16 24] [1 2 3 4 5 6 7 8 9] [2 3 4] [1 2 3 4 5 6 7 8 13] [1 2 3 4 6 7 12 20] [] [] [] [] [] [] [] [] [] [] []
88 [] [1 2 3 12 16 20] [16 24 37 45] [1 2] [1] [16] [1 2 3 4 5 6 12 20] [2 3 4 7] [2] [1 2 3 4] [2 4 6 7] [1 2 3 4 7 8 9 16] [1 2 3 4 5 6 7 8 12 16 24 37 45] [1 2 12] [2 3 4 7 8] [1 2 3 4 7 8 9] [1 2 3 7 8 16] [1 2 12 16 24 37] [1 2 3 4 5 7 12 16] [1 2 3 12 16] [1 2 3 16] [1 2 3 4 7] [1 2 3 4 5] [2 20] [2 3 7] [1 2 4 6 16] [1 2 3 4 5 6 7 8 20] [1 2 5 6] [16 24] [1 2 3 7 8 12 16 20] [16 24 37] [1 2 20] [1 2 4 6 7 13 16 20 23] [1 2 3 4 5 7 8 16] [1 2 16] [1 2 3 4 5 6 12 16 17] [1 2 3 4 5 6 7 12 16] [1 2 3 4 12 16] [1 2 3] [1 2 16 24 37] [1 2 4 5 6 16] [1 2 3 5 7 8 16] [1 2 3 4 7 8 9 12 16 20] [1 2 3 4 5 12 16] [1 2 4 6 7 9 16 20] [1 2 3 5 12] [1 2 3 4 5 12 16 17 19] [1 2 5 6 7] [1 2 3 4 7 8 12 16 24 37 45] [2 4 6 7 9] [1 2 3 7 16 24] [2 3 7 8] [1 2 3 4 5 6 7 12 16 20] [1 2 5] [1 2 3 5 6 7 8] [2 3] [1 2 3 7 12 16] [1 2 4 6 7 13 20] [1 2 3 4 7 8 16 20] [1 2 3 4 6 12 16] [1 2 3 4 6 7 8 12 16] [1 2 3 7 8 16 20] [1 2 3 4 6 7 8 9 11 16 24] [1 2 3 4 5 6 7 8 9] [2 3 4] [1 2 3 4 5 6 7 8 13] [1 2 3 4 6 7 12 20] [] [] [] [] [] [] [] [] [] [] []
89 [] [1 2 3 12 16 20] [16 24 37 45] [1 2] [1] [16] [1 2 3 4 5 6 12 20] [2 3 4 7] [2] [1 2 3 4] [2 4 6 7] [1 2 3 4 7 8 9 16] [1 2 3 4 5 6 7 8 12 16 24 37 45] [1 2 12] [2 3 4 7 8] [1 2 3 4 7 8 9] [1 2 3 7 8 16] [1 2 12 16 24 37] [1 2 3 4 5 7 12 16] [1 2 3 12 16] [1 2 3 16] [1 2 3 4 7] [1 2 3 4 5] [2 20] [2 3 7] [1 2 4 6 16] [1 2 3 4 5 6 7 8 20] [1 2 5 6] [16 24] [1 2 3 7 8 12 16 20] [16 24 37] [1 2 20] [1 2 4 6 7 13 16 20 23] [1 2 3 4 5 7 8 16] [1 2 16] [1 2 3 4 5 6 12 16 17] [1 2 3 4 5 6 7 12 16] [1 2 3 4 12 16] [1 2 3] [1 2 16 24 37] [1 2 4 5 6 16] [1 2 3 5 7 8 16] [1 2 3 4 7 8 9 12 16 20] [1 2 3 4 5 12 16] [1 2 4 6 7 9 16 20] [1 2 3 5 12] [1 2 3 4 5 12 16 17 19] [1 2 5 6 7] [1 2 3 4 7 8 12 16 24 37 45] [2 4 6 7 9] [1 2 3 7 16 24] [2 3 7 8] [1 2 3 4 5 6 7 12 16 20] [1 2 5] [1 2 3 5 6 7 8] [2 3] [1 2 3 7 12 16] [1 2 4 6 7 13 20] [1 2 3 4 7 8 16 20] [1 2 3 4 6 12 16] [1 2 3 4 6 7 8 12 16] [1 2 3 7 8 16 20] [1 2 3 4 6 7 8 9 11 16 24] [1 2 3 4 5 6 7 8 9] [2 3 4] [1 2 3 4 5 6 7 8 13] [1 2 3 4 6 7 12 20] [] [] [] [] [] [] [] [] [] [] []
90 [] [16 24 37 45] [1 2] [1] [16] [1 2 3 4 5 6 12 20] [2 3 4 7] [2] [1 2 3 4] [2 4 6 7] [1 2 3 4 7 8 9 16] [1 2 3 4 5 6 7 8 12 16 24 37 45] [1 2 12] [2 3 4 7 8] [1 2 3 4 7 8 9] [1 2 3 7 8 16] [1 2 12 16 24 37] [1 2 3 4 5 7 12 16] [1 2 3 12 16] [1 2 3 16] [1 2 3 4 7] [1 2 3 4 5] [2 20] [2 3 7] [1 2 4 6 16] [1 2 3 4 5 6 7 8 20] [1 2 5 6] [16 24] [1 2 3 7 8 12 16 20] [16 24 37] [1 2 20] [1 2 4 6 7 13 16 20 23] [1 2 3 4 5 7 8 16] [1 2 16] [1 2 3 4 5 6 12 16 17] [1 2 3 4 5 6 7 12 16] [1 2 3 4 12 16] [1 2 3] [1 2 16 24 37] [1 2 4 5 6 16] [1 2 3 5 7 8 16] [1 2 3 4 7 8 9 12 16 20] [1 2 3 4 5 12 16] [1 2 4 6 7 9 16 20] [1 2 3 5 12] [1 2 3 4 5 12 16 17 19] [1 2 5 6 7] [1 2 3 4 7 8 12 16 24 37 45] [2 4 6 7 9] [1 2 3 7 16 24] [2 3 7 8] [1 2 3 4 5 6 7 12 16 20] [1 2 5] [1 2 3 5 6 7 8] [2 3] [1 2 3 7 12 16] [1 2 4 6 7 13 20] [1 2 3 4 7 8 16 20] [1 2 3 4 6 12 16] [1 2 3 4 6 7 8 12 16] [1 2 3 7 8 16 20] [1 2 3 4 6 7 8 9 11 16 24] [1 2 3 4 5 6 7 8 9] [2 3 4] [1 2 3 4 5 6 7 8 13] [1 2 3 4 6 7 12 20] [] [] [] [] [] [] [] [] [] [] [] []
91 [] [1 2] [1] [1 2 3 4 5 6 12 20] [2 3 4 7] [2] [1 2 3 4] [2 4 6 7] [1 2 3 4 7 8 9 16] [1 2 3 4 5 6 7 8 12 16 24 37 45] [1 2 12] [2 3 4 7 8] [1 2 3 4 7 8 9] [1 2 3 7 8 16] [1 2 12 16 24 37] [1 2 3 4 5 7 12 16] [16] [1 2 3 12 16] [1 2 3 16] [1 2 3 4 7] [1 2 3 4 5] [2 20] [2 3 7] [1 2 4 6 16] [1 2 3 4 5 6 7 8 20] [1 2 5 6] [16 24] [1 2 3 7 8 12 16 20] [16 24 37] [1 2 20] [1 2 4 6 7 13 16 20 23] [1 2 3 4 5 7 8 16] [1 2 16] [1 2 3 4 5 6 12 16 17] [1 2 3 4 5 6 7 12 16] [1 2 3 4 12 16] [1 2 3] [1 2 16 24 37] [1 2 4 5 6 16] [1 2 3 5 7 8 16] [1 2 3 4 7 8 9 12 16 20] [1 2 3 4 5 12 16] [1 2 4 6 7 9 16 20] [1 2 3 5 12] [1 2 3 4 5 12 16 17 19] [1 2 5 6 7] [1 2 3 4 7 8 12 16 24 37 45] [2 4 6 7 9] [1 2 3 7 16 24] [2 3 7 8] [1 2 3 4 5 6 7 12 16 20] [1 2 5] [1 2 3 5 6 7 8] [2 3] [1 2 3 7 12 16] [1 2 4 6 7 13 20] [1 2 3 4 7 8 16 20] [1 2 3 4 6 12 16] [1 2 3 4 6 7 8 12 16] [1 2 3 7 8 16 20] [1 2 3 4 6 7 8 9 11 16 24] [1 2 3 4 5 6 7 8 9] [2 3 4] [1 2 3 4 5 6 7 8 13] [1 2 3 4 6 7 12 20] [] [] [] [] [] [] [] [] [] [] [] [] []
92 [] [1] [1 2 3 4 5 6 12 20] [2 3 4 7] [2] [1 2 3 4] [2 4 6 7] [1 2 3 4 7 8 9 16] [1 2 3 4 5 6 7 8 12 16 24 37 45] [1 2 12] [1 2] [2 3 4 7 8] [1 2 3 4 7 8 9] [1 2 3 7 8 16] [1 2 12 16 24 37] [1 2 3 4 5 7 12 16] [16] [1 2 3 12 16] [1 2 3 16] [1 2 3 4 7] [1 2 3 4 5] [2 20] [2 3 7] [1 2 4 6 16] [1 2 3 4 5 6 7 8 20] [1 2 5 6] [16 24] [1 2 3 7 8 12 16 20] [16 24 37] [1 2 20] [1 2 4 6 7 13 16 20 23] [1 2 3 4 5 7 8 16] [1 2 16] [1 2 3 4 5 6 12 16 17] [1 2 3 4 5 6 7 12 16] [1 2 3 4 12 16] [1 2 3] [1 2 16 24 37] [1 2 4 5 6 16] [1 2 3 5 7 8 16] [1 2 3 4 7 8 9 12 16 20] [1 2 3 4 5 12 16] [1 2 4 6 7 9 16 20] [1 2 3 5 12] [1 2 3 4 5 12 16 17 19] [1 2 5 6 7] [1 2 3 4 7 8 12 16 24 37 45] [2 4 6 7 9] [1 2 3 7 16 24] [2 3 7 8] [1 2 3 4 5 6 7 12 16 20] [1 2 5] [1 2 3 5 6 7 8] [2 3] [1 2 3 7 12 16] [1 2 4 6 7 13 20] [1 2 3 4 7 8 16 20] [1 2 3 4 6 12 16] [1 2 3 4 6 7 8 12 16] [1 2 3 7 8 16 20] [1 2 3 4 6 7 8 9 11 16 24] [1 2 3 4 5 6 7 8 9] [2 3 4] [1 2 3 4 5 6 7 8 13] [1 2 3 4 6 7 12 20] [] [] [] [] [] [] [] [] [] [] [] [] []
93 [] [1] [1 2 3 4 5 6 12 20] [2 3 4 7] [2] [1 2 3 4] [2 4 6 7] [1 2 3 4 7 8 9 16] [1 2 3 4 5 6 7 8 12 16 24 37 45] [1 2 12] [1 2] [2 3 4 7 8] [1 2 3 4 7 8 9] [1 2 3 7 8 16] [1 2 12 16 24 37] [1 2 3 4 5 7 12 16] [16] [1 2 3 12 16] [1 2 3 16] [1 2 3 4 7] [1 2 3 4 5] [2 20] [2 3 7] [1 2 4 6 16] [1 2 3 4 5 6 7 8 20] [1 2 5 6] [16 24] [1 2 3 7 8 12 16 20] [16 24 37] [1 2 20] [1 2 4 6 7 13 16 20 23] [1 2 3 4 5 7 8 16] [1 2 16] [1 2 3 4 5 6 12 16 17] [1 2 3 4 5 6 7 12 16] [1 2 3 4 12 16] [1 2 3] [1 2 16 24 37] [1 2 4 5 6 16] [1 2 3 5 7 8 16] [1 2 3 4 7 8 9 12 16 20] [1 2 3 4 5 12 16] [1 2 4 6 7 9 16 20] [1 2 3 5 12] [1 2 3 4 5 12 16 17 19] [1 2 5 6 7] [1 2 3 4 7 8 12 16 24 37 45] [2 4 6 7 9] [1 2 3 7 16 24] [2 3 7 8] [1 2 3 4 5 6 7 12 16 20] [1 2 5] [1 2 3 5 6 7 8] [2 3] [1 2 3 7 12 16] [1 2 4 6 7 13 20] [1 2 3 4 7 8 16 20] [1 2 3 4 6 12 16] [1 2 3 4 6 7 8 12 16] [1 2 3 7 8 16 20] [1 2 3 4 6 7 8 9 11 16 24] [1 2 3 4 5 6 7 8 9] [2 3 4] [1 2 3 4 5 6 7 8 13] [1 2 3 4 6 7 12 20] [] [] [] [] [] [] [] [] [] [] [] [] []
94 [] [1] [1 2 3 4 5 6 12 20] [2 3 4 7] [2] [1 2 3 4] [2 4 6 7] [1 2 3 4 7 8 9 16] [1 2 3 4 5 6 7 8 12 16 24 37 45] [1 2 12] [1 2] [2 3 4 7 8] [1 2 3 4 7 8 9] [1 2 3 7 8 16] [1 2 12 16 24 37] [1 2 3 4 5 7 12 16] [16] [1 2 3 12 16] [1 2 3 16] [1 2 3 4 7] [1 2 3 4 5] [2 20] [2 3 7] [1 2 4 6 16] [1 2 3 4 5 6 7 8 20] [1 2 5 6] [16 24] [1 2 3 7 8 12 16 20] [16 24 37] [1 2 20] [1 2 4 6 7 13 16 20 23] [1 2 3 4 5 7 8 16] [1 2 16] [1 2 3 4 5 6 12 16 17] [1 2 3 4 5 6 7 12 16] [1 2 3 4 12 16] [1 2 3] [1 2 16 24 37] [1 2 4 5 6 16] [1 2 3 5 7 8 16] [1 2 3 4 7 8 9 12 16 20] [1 2 3 4 5 12 16] [1 2 4 6 7 9 16 20] [1 2 3 5 12] [1 2 3 4 5 12 16 17 19] [1 2 5 6 7] [1 2 3 4 7 8 12 16 24 37 45] [2 4 6 7 9] [1 2 3 7 16 24] [2 3 7 8] [1 2 3 4 5 6 7 12 16 20] [1 2 5] [1 2 3 5 6 7 8] [2 3] [1 2 3 7 12 16] [1 2 4 6 7 13 20] [1 2 3 4 7 8 16 20] [1 2 3 4 6 12 16] [1 2 3 4 6 7 8 12 16] [1 2 3 7 8 16 20] [1 2 3 4 6 7 8 9 11 16 24] [1 2 3 4 5 6 7 8 9] [2 3 4] [1 2 3 4 5 6 7 8 13] [1 2 3 4 6 7 12 20] [] [] [] [] [] [] [] [] [] [] [] [] []
95 [] [1 2 3 4 5 6 12 20] [2 3 4 7] [2] [1 2 3 4] [2 4 6 7] [1 2 3 4 7 8 9 16] [1 2 3 4 5 6 7 8 12 16 24 37 45] [1 2 12] [1 2] [2 3 4 7 8] [1 2 3 4 7 8 9] [1] [1 2 3 7 8 16] [1 2 12 16 24 37] [1 2 3 4 5 7 12 16] [16] [1 2 3 12 16] [1 2 3 16] [1 2 3 4 7] [1 2 3 4 5] [2 20] [2 3 7] [1 2 4 6 16] [1 2 3 4 5 6 7 8 20] [1 2 5 6] [16 24] [1 2 3 7 8 12 16 20] [16 24 37] [1 2 20] [1 2 4 6 7 13 16 20 23] [1 2 3 4 5 7 8 16] [1 2 16] [1 2 3 4 5 6 12 16 17] [1 2 3 4 5 6 7 12 16] [1 2 3 4 12 16] [1 2 3] [1 2 16 24 37] [1 2 4 5 6 16] [1 2 3 5 7 8 16] [1 2 3 4 7 8 9 12 16 20] [1 2 3 4 5 12 16] [1 2 4 6 7 9 16 20] [1 2 3 5 12] [1 2 3 4 5 12 16 17 19] [1 2 5 6 7] [1 2 3 4 7 8 12 16 24 37 45] [2 4 6 7 9] [1 2 3 7 16 24] [2 3 7 8] [1 2 3 4 5 6 7 12 16 20] [1 2 5] [1 2 3 5 6 7 8] [2 3] [1 2 3 7 12 16] [1 2 4 6 7 13 20] [1 2 3 4 7 8 16 20] [1 2 3 4 6 12 16] [1 2 3 4 6 7 8 12 16] [1 2 3 7 8 16 20] [1 2 3 4 6 7 8 9 11 16 24] [1 2 3 4 5 6 7 8 9] [2 3 4] [1 2 3 4 5 6 7 8 13] [1 2 3 4 6 7 12 20] [] [] [] [] [] [] [] [] [] [] [] [] []
96 [] [2 3 4 7] [1 2 3 4] [2 4 6 7] [1 2 3 4 7 8 9 16] [1 2 3 4 5 6 7 8 12 16 24 37 45] [1 2 12] [1 2] [2 3 4 7 8] [2] [1 2 3 4 7 8 9] [1] [1 2 3 7 8 16] [1 2 12 16 24 37] [1 2 3 4 5 7 12 16] [16] [1 2 3 12 16] [1 2 3 16] [1 2 3 4 7] [1 2 3 4 5] [2 20] [2 3 7] [1 2 4 6 16] [1 2 3 4 5 6 7 8 20] [1 2 5 6] [16 24] [1 2 3 7 8 12 16 20] [16 24 37] [1 2 20] [1 2 4 6 7 13 16 20 23] [1 2 3 4 5 7 8 16] [1 2 16] [1 2 3 4 5 6 12 16 17] [1 2 3 4 5 6 7 12 16] [1 2 3 4 12 16] [1 2 3] [1 2 16 24 37] [1 2 4 5 6 16] [1 2 3 5 7 8 16] [1 2 3 4 7 8 9 12 16 20] [1 2 3 4 5 12 16] [1 2 4 6 7 9 16 20] [1 2 3 5 12] [1 2 3 4 5 12 16 17 19] [1 2 5 6 7] [1 2 3 4 7 8 12 16 24 37 45] [2 4 6 7 9] [1 2 3 7 16 24] [2 3 7 8] [1 2 3 4 5 6 7 12 16 20] [1 2 5] [1 2 3 5 6 7 8] [2 3] [1 2 3 7 12 16] [1 2 4 6 7 13 20] [1 2 3 4 7 8 16 20] [1 2 3 4 6 12 16] [1 2 3 4 6 7 8 12 16] [1 2 3 7 8 16 20] [1 2 3 4 6 7 8 9 11 16 24] [1 2 3 4 5 6 7 8 9] [2 3 4] [1 2 3 4 5 6 7 8 13] [1 2 3 4 6 7 12 20] [] [] [] [] [] [] [] [] [] [] [] [] [] []
97 [] [2 3 4 7] [1 2 3 4] [2 4 6 7] [1 2 3 4 7 8 9 16] [1 2 3 4 5 6 7 8 12 16 24 37 45] [1 2 12] [1 2] [2 3 4 7 8] [2] [1 2 3 4 7 8 9] [1] [1 2 3 7 8 16] [1 2 12 16 24 37] [1 2 3 4 5 7 12 16] [16] [1 2 3 12 16] [1 2 3 16] [1 2 3 4 7] [1 2 3 4 5] [2 20] [2 3 7] [1 2 4 6 16] [1 2 3 4 5 6 7 8 20] [1 2 5 6] [16 24] [1 2 3 7 8 12 16 20] [16 24 37] [1 2 20] [1 2 4 6 7 13 16 20 23] [1 2 3 4 5 7 8 16] [1 2 16] [1 2 3 4 5 6 12 16 17] [1 2 3 4 5 6 7 12 16] [1 2 3 4 12 16] [1 2 3] [1 2 16 24 37] [1 2 4 5 6 16] [1 2 3 5 7 8 16] [1 2 3 4 7 8 9 12 16 20] [1 2 3 4 5 12 16] [1 2 4 6 7 9 16 20] [1 2 3 5 12] [1 2 3 4 5 12 16 17 19] [1 2 5 6 7] [1 2 3 4 7 8 12 16 24 37 45] [2 4 6 7 9] [1 2 3 7 16 24] [2 3 7 8] [1 2 3 4 5 6 7 12 16 20] [1 2 5] [1 2 3 5 6 7 8] [2 3] [1 2 3 7 12 16] [1 2 4 6 7 13 20] [1 2 3 4 7 8 16 20] [1 2 3 4 6 12 16] [1 2 3 4 6 7 8 12 16] [1 2 3 7 8 16 20] [1 2 3 4 6 7 8 9 11 16 24] [1 2 3 4 5 6 7 8 9] [2 3 4] [1 2 3 4 5 6 7 8 13] [1 2 3 4 6 7 12 20] [] [] [] [] [] [] [] [] [] [] [] [] [] []
98 [] [2 3 4 7] [1 2 3 4] [2 4 6 7] [1 2 3 4 7 8 9 16] [1 2 3 4 5 6 7 8 12 16 24 37 45] [1 2 12] [1 2] [2 3 4 7 8] [2] [1 2 3 4 7 8 9] [1] [1 2 3 7 8 16] [1 2 12 16 24 37] [1 2 3 4 5 7 12 16] [16] [1 2 3 12 16] [1 2 3 16] [1 2 3 4 7] [1 2 3 4 5] [2 20] [2 3 7] [1 2 4 6 16] [1 2 3 4 5 6 7 8 20] [1 2 5 6] [16 24] [1 2 3 7 8 12 16 20] [16 24 37] [1 2 20] [1 2 4 6 7 13 16 20 23] [1 2 3 4 5 7 8 16] [1 2 16] [1 2 3 4 5 6 12 16 17] [1 2 3 4 5 6 7 12 16] [1 2 3 4 12 16] [1 2 3] [1 2 16 24 37] [1 2 4 5 6 16] [1 2 3 5 7 8 16] [1 2 3 4 7 8 9 12 16 20] [1 2 3 4 5 12 16] [1 2 4 6 7 9 16 20] [1 2 3 5 12] [1 2 3 4 5 12 16 17 19] [1 2 5 6 7] [1 2 3 4 7 8 12 16 24 37 45] [2 4 6 7 9] [1 2 3 7 16 24] [2 3 7 8] [1 2 3 4 5 6 7 12 16 20] [1 2 5] [1 2 3 5 6 7 8] [2 3] [1 2 3 7 12 16] [1 2 4 6 7 13 20] [1 2 3 4 7 8 16 20] [1 2 3 4 6 12 16] [1 2 3 4 6 7 8 12 16] [1 2 3 7 8 16 20] [1 2 3 4 6 7 8 9 11 16 24] [1 2 3 4 5 6 7 8 9] [2 3 4] [1 2 3 4 5 6 7 8 13] [1 2 3 4 6 7 12 20] [] [] [] [] [] [] [] [] [] [] [] [] [] []
99 [] [2 3 4 7] [1 2 3 4] [2 4 6 7] [1 2 3 4 7 8 9 16] [1 2 3 4 5 6 7 8 12 16 24 37 45] [1 2 12] [1 2] [2 3 4 7 8] [2] [1 2 3 4 7 8 9] [1] [1 2 3 7 8 16] [1 2 12 16 24 37] [1 2 3 4 5 7 12 16] [16] [1 2 3 12 16] [1 2 3 16] [1 2 3 4 7] [1 2 3 4 5] [2 20] [2 3 7] [1 2 4 6 16] [1 2 3 4 5 6 7 8 20] [1 2 5 6] [16 24] [1 2 3 7 8 12 16 20] [16 24 37] [1 2 20] [1 2 4 6 7 13 16 20 23] [1 2 3 4 5 7 8 16] [1 2 16] [1 2 3 4 5 6 12 16 17] [1 2 3 4 5 6 7 12 16] [1 2 3 4 12 16] [1 2 3] [1 2 16 24 37] [1 2 4 5 6 16] [1 2 3 5 7 8 16] [1 2 3 4 7 8 9 12 16 20] [1 2 3 4 5 12 16] [1 2 4 6 7 9 16 20] [1 2 3 5 12] [1 2 3 4 5 12 16 17 19] [1 2 5 6 7] [1 2 3 4 7 8 12 16 24 37 45] [2 4 6 7 9] [1 2 3 7 16 24] [2 3 7 8] [1 2 3 4 5 6 7 12 16 20] [1 2 5] [1 2 3 5 6 7 8] [2 3] [1 2 3 7 12 16] [1 2 4 6 7 13 20] [1 2 3 4 7 8 16 20] [1 2 3 4 6 12 16] [1 2 3 4 6 7 8 12 16] [1 2 3 7 8 16 20] [1 2 3 4 6 7 8 9 11 16 24] [1 2 3 4 5 6 7 8 9] [2 3 4] [1 2 3 4 5 6 7 8 13] [1 2 3 4 6 7 12 20] [] [] [] [] [] [] [] [] [] [] [] [] [] []
100 [] [2 3 4 7] [1 2 3 4] [2 4 6 7] [1 2 3 4 7 8 9 16] [1 2 3 4 5 6 7 8 12 16 24 37 45] [1 2 12] [1 2] [2 3 4 7 8] [2] [1 2 3 4 7 8 9] [1] [1 2 3 7 8 16] [1 2 12 16 24 37] [1 2 3 4 5 7 12 16] [16] [1 2 3 12 16] [1 2 3 16] [1 2 3 4 7] [1 2 3 4 5] [2 20] [2 3 7] [1 2 4 6 16] [1 2 3 4 5 6 7 8 20] [1 2 5 6] [16 24] [1 2 3 7 8 12 16 20] [16 24 37] [1 2 20] [1 2 4 6 7 13 16 20 23] [1 2 3 4 5 7 8 16] [1 2 16] [1 2 3 4 5 6 12 16 17] [1 2 3 4 5 6 7 12 16] [1 2 3 4 12 16] [1 2 3] [1 2 16 24 37] [1 2 4 5 6 16] [1 2 3 5 7 8 16] [1 2 3 4 7 8 9 12 16 20] [1 2 3 4 5 12 16] [1 2 4 6 7 9 16 20] [1 2 3 5 12] [1 2 3 4 5 12 16 17 19] [1 2 5 6 7] [1 2 3 4 7 8 12 16 24 37 45] [2 4 6 7 9] [1 2 3 7 16 24] [2 3 7 8] [1 2 3 4 5 6 7 12 16 20] [1 2 5] [1 2 3 5 6 7 8] [2 3] [1 2 3 7 12 16] [1 2 4 6 7 13 20] [1 2 3 4 7 8 16 20] [1 2 3 4 6 12 16] [1 2 3 4 6 7 8 12 16] [1 2 3 7 8 16 20] [1 2 3 4 6 7 8 9 11 16 24] [1 2 3 4 5 6 7 8 9] [2 3 4] [1 2 3 4 5 6 7 8 13] [1 2 3 4 6 7 12 20] [] [] [] [] [] [] [] [] [] [] [] [] [] []
101 [] [1 2 3 4] [2 4 6 7] [1 2 3 4 7 8 9 16] [1 2 3 4 5 6 7 8 12 16 24 37 45] [1 2 12] [1 2] [2 3 4 7 8] [2] [1 2 3 4 7 8 9] [1] [1 2 3 7 8 16] [1 2 12 16 24 37] [1 2 3 4 5 7 12 16] [16] [1 2 3 12 16] [1 2 3 16] [1 2 3 4 7] [1 2 3 4 5] [2 20] [2 3 7] [1 2 4 6 16] [1 2 3 4 5 6 7 8 20] [1 2 5 6] [16 24] [1 2 3 7 8 12 16 20] [16 24 37] [1 2 20] [1 2 4 6 7 13 16 20 23] [1 2 3 4 5 7 8 16] [1 2 16] [1 2 3 4 5 6 12 16 17] [1 2 3 4 5 6 7 12 16] [1 2 3 4 12 16] [1 2 3] [1 2 16 24 37] [1 2 4 5 6 16] [1 2 3 5 7 8 16] [1 2 3 4 7 8 9 12 16 20] [1 2 3 4 5 12 16] [1 2 4 6 7 9 16 20] [1 2 3 5 12] [1 2 3 4 5 12 16 17 19] [1 2 5 6 7] [1 2 3 4 7 8 12 16 24 37 45] [2 4 6 7 9] [1 2 3 7 16 24] [2 3 7 8] [1 2 3 4 5 6 7 12 16 20] [1 2 5] [1 2 3 5 6 7 8] [2 3] [1 2 3 7 12 16] [1 2 4 6 7 13 20] [1 2 3 4 7 8 16 20] [1 2 3 4 6 12 16] [1 2 3 4 6 7 8 12 16] [1 2 3 7 8 16 20] [1 2 3 4 6 7 8 9 11 16 24] [1 2 3 4 5 6 7 8 9] [2 3 4] [1 2 3 4 5 6 7 8 13] [1 2 3 4 6 7 12 20] [] [] [] [] [] [] [] [] [] [] [] [] [] [] []
102 [] [1 2 3 4] [2 4 6 7] [1 2 3 4 7 8 9 16] [1 2 3 4 5 6 7 8 12 16 24 37 45] [1 2 12] [1 2] [2 3 4 7 8] [2] [1 2 3 4 7 8 9] [1] [1 2 3 7 8 16] [1 2 12 16 24 37] [1 2 3 4 5 7 12 16] [16] [1 2 3 12 16] [1 2 3 16] [1 2 3 4 7] [1 2 3 4 5] [2 20] [2 3 7] [1 2 4 6 16] [1 2 3 4 5 6 7 8 20] [1 2 5 6] [16 24] [1 2 3 7 8 12 16 20] [16 24 37] [1 2 20] [1 2 4 6 7 13 16 20 23] [1 2 3 4 5 7 8 16] [1 2 16] [1 2 3 4 5 6 12 16 17] [1 2 3 4 5 6 7 12 16] [1 2 3 4 12 16] [1 2 3] [1 2 16 24 37] [1 2 4 5 6 16] [1 2 3 5 7 8 16] [1 2 3 4 7 8 9 12 16 20] [1 2 3 4 5 12 16] [1 2 4 6 7 9 16 20] [1 2 3 5 12] [1 2 3 4 5 12 16 17 19] [1 2 5 6 7] [1 2 3 4 7 8 12 16 24 37 45] [2 4 6 7 9] [1 2 3 7 16 24] [2 3 7 8] [1 2 3 4 5 6 7 12 16 20] [1 2 5] [1 2 3 5 6 7 8] [2 3] [1 2 3 7 12 16] [1 2 4 6 7 13 20] [1 2 3 4 7 8 16 20] [1 2 3 4 6 12 16] [1 2 3 4 6 7 8 12 16] [1 2 3 7 8 16 20] [1 2 3 4 6 7 8 9 11 16 24] [1 2 3 4 5 6 7 8 9] [2 3 4] [1 2 3 4 5 6 7 8 13] [1 2 3 4 6 7 12 20] [] [] [] [] [] [] [] [] [] [] [] [] [] [] []
103 [] [2 4 6 7] [1 2 3 4 7 8 9 16] [1 2 3 4 5 6 7 8 12 16 24 37 45] [1 2 12] [1 2] [2 3 4 7 8] [2] [1 2 3 4 7 8 9] [1] [1 2 3 7 8 16] [1 2 12 16 24 37] [1 2 3 4 5 7 12 16] [16] [1 2 3 12 16] [1 2 3 16] [1 2 3 4 7] [1 2 3 4 5] [2 20] [2 3 7] [1 2 4 6 16] [1 2 3 4 5 6 7 8 20] [1 2 5 6] [16 24] [1 2 3 7 8 12 16 20] [16 24 37] [1 2 20] [1 2 4 6 7 13 16 20 23] [1 2 3 4 5 7 8 16] [1 2 16] [1 2 3 4 5 6 12 16 17] [1 2 3 4 5 6 7 12 16] [1 2 3 4 12 16] [1 2 3] [1 2 16 24 37] [1 2 4 5 6 16] [1 2 3 5 7 8 16] [1 2 3 4 7 8 9 12 16 20] [1 2 3 4 5 12 16] [1 2 4 6 7 9 16 20] [1 2 3 5 12] [1 2 3 4 5 12 16 17 19] [1 2 5 6 7] [1 2 3 4 7 8 12 16 24 37 45] [1 2 3 4] [2 4 6 7 9] [1 2 3 7 16 24] [2 3 7 8] [1 2 3 4 5 6 7 12 16 20] [1 2 5] [1 2 3 5 6 7 8] [2 3] [1 2 3 7 12 16] [1 2 4 6 7 13 20] [1 2 3 4 7 8 16 20] [1 2 3 4 6 12 16] [1 2 3 4 6 7 8 12 16] [1 2 3 7 8 16 20] [1 2 3 4 6 7 8 9 11 16 24] [1 2 3 4 5 6 7 8 9] [2 3 4] [1 2 3 4 5 6 7 8 13] [1 2 3 4 6 7 12 20] [] [] [] [] [] [] [] [] [] [] [] [] [] [] []
104 [] [1 2 3 4 7 8 9 16] [1 2 12] [1 2] [2 3 4 7 8] [2] [1 2 3 4 7 8 9] [1] [1 2 3 7 8 16] [1 2 12 16 24 37] [1 2 3 4 5 7 12 16] [16] [1 2 3 12 16] [1 2 3 16] [1 2 3 4 7] [1 2 3 4 5] [2 20] [2 3 7] [1 2 4 6 16] [1 2 3 4 5 6 7 8 20] [1 2 5 6] [16 24] [1 2 3 7 8 12 16 20] [16 24 37] [1 2 20] [1 2 4 6 7 13 16 20 23] [1 2 3 4 5 7 8 16] [1 2 16] [1 2 3 4 5 6 12 16 17] [1 2 3 4 5 6 7 12 16] [1 2 3 4 12 16] [1 2 3] [1 2 16 24 37] [1 2 4 5 6 16] [1 2 3 5 7 8 16] [1 2 3 4 7 8 9 12 16 20] [1 2 3 4 5 12 16] [1 2 4 6 7 9 16 20] [1 2 3 5 12] [1 2 3 4 5 12 16 17 19] [1 2 5 6 7] [1 2 3 4 7 8 12 16 24 37 45] [1 2 3 4] [2 4 6 7 9] [1 2 3 7 16 24] [2 3 7 8] [1 2 3 4 5 6 7 12 16 20] [1 2 5] [1 2 3 5 6 7 8] [2 3] [1 2 3 7 12 16] [1 2 4 6 7 13 20] [1 2 3 4 7 8 16 20] [1 2 3 4 6 12 16] [1 2 3 4 6 7 8 12 16] [1 2 3 7 8 16 20] [1 2 3 4 6 7 8 9 11 16 24] [1 2 3 4 5 6 7 8 9] [2 3 4] [1 2 3 4 5 6 7 8 13] [1 2 3 4 6 7 12 20] [] [] [] [] [] [] [] [] [] [] [] [] [] [] [] [] []
105 [] [1 2 3 4 7 8 9 16] [1 2 12] [1 2] [2 3 4 7 8] [2] [1 2 3 4 7 8 9] [1] [1 2 3 7 8 16] [1 2 12 16 24 37] [1 2 3 4 5 7 12 16] [16] [1 2 3 12 16] [1 2 3 16] [1 2 3 4 7] [1 2 3 4 5] [2 20] [2 3 7] [1 2 4 6 16] [1 2 3 4 5 6 7 8 20] [1 2 5 6] [16 24] [1 2 3 7 8 12 16 20] [16 24 37] [1 2 20] [1 2 4 6 7 13 16 20 23] [1 2 3 4 5 7 8 16] [1 2 16] [1 2 3 4 5 6 12 16 17] [1 2 3 4 5 6 7 12 16] [1 2 3 4 12 16] [1 2 3] [1 2 16 24 37] [1 2 4 5 6 16] [1 2 3 5 7 8 16] [1 2 3 4 7 8 9 12 16 20] [1 2 3 4 5 12 16] [1 2 4 6 7 9 16 20] [1 2 3 5 12] [1 2 3 4 5 12 16 17 19] [1 2 5 6 7] [1 2 3 4 7 8 12 16 24 37 45] [1 2 3 4] [2 4 6 7 9] [1 2 3 7 16 24] [2 3 7 8] [1 2 3 4 5 6 7 12 16 20] [1 2 5] [1 2 3 5 6 7 8] [2 3] [1 2 3 7 12 16] [1 2 4 6 7 13 20] [1 2 3 4 7 8 16 20] [1 2 3 4 6 12 16] [1 2 3 4 6 7 8 12 16] [1 2 3 7 8 16 20] [1 2 3 4 6 7 8 9 11 16 24] [1 2 3 4 5 6 7 8 9] [2 3 4] [1 2 3 4 5 6 7 8 13] [1 2 3 4 6 7 12 20] [] [] [] [] [] [] [] [] [] [] [] [] [] [] [] [] []
106 [] [1 2 3 4 7 8 9 16] [1 2 12] [1 2] [2 3 4 7 8] [2] [1 2 3 4 7 8 9] [1] [1 2 3 7 8 16] [1 2 12 16 24 37] [1 2 3 4 5 7 12 16] [16] [1 2 3 12 16] [1 2 3 16] [1 2 3 4 7] [1 2 3 4 5] [2 20] [2 3 7] [1 2 4 6 16] [1 2 3 4 5 6 7 8 20] [1 2 5 6] [16 24] [1 2 3 7 8 12 16 20] [16 24 37] [1 2 20] [1 2 4 6 7 13 16 20 23] [1 2 3 4 5 7 8 16] [1 2 16] [1 2 3 4 5 6 12 16 17] [1 2 3 4 5 6 7 12 16] [1 2 3 4 12 16] [1 2 3] [1 2 16 24 37] [1 2 4 5 6 16] [1 2 3 5 7 8 16] [1 2 3 4 7 8 9 12 16 20] [1 2 3 4 5 12 16] [1 2 4 6 7 9 16 20] [1 2 3 5 12] [1 2 3 4 5 12 16 17 19] [1 2 5 6 7] [1 2 3 4 7 8 12 16 24 37 45] [1 2 3 4] [2 4 6 7 9] [1 2 3 7 16 24] [2 3 7 8] [1 2 3 4 5 6 7 12 16 20] [1 2 5] [1 2 3 5 6 7 8] [2 3] [1 2 3 7 12 16] [1 2 4 6 7 13 20] [1 2 3 4 7 8 16 20] [1 2 3 4 6 12 16] [1 2 3 4 6 7 8 12 16] [1 2 3 7 8 16 20] [1 2 3 4 6 7 8 9 11 16 24] [1 2 3 4 5 6 7 8 9] [2 3 4] [1 2 3 4 5 6 7 8 13] [1 2 3 4 6 7 12 20] [] [] [] [] [] [] [] [] [] [] [] [] [] [] [] [] []
107 [] [1 2 12] [1 2] [2 3 4 7 8] [2] [1 2 3 4 7 8 9] [1] [1 2 3 7 8 16] [1 2 12 16 24 37] [1 2 3 4 5 7 12 16] [16] [1 2 3 12 16] [1 2 3 16] [1 2 3 4 7] [1 2 3 4 5] [2 20] [2 3 7] [1 2 4 6 16] [1 2 3 4 5 6 7 8 20] [1 2 5 6] [16 24] [1 2 3 7 8 12 16 20] [16 24 37] [1 2 20] [1 2 4 6 7 13 16 20 23] [1 2 3 4 5 7 8 16] [1 2 16] [1 2 3 4 5 6 12 16 17] [1 2 3 4 5 6 7 12 16] [1 2 3 4 12 16] [1 2 3] [1 2 16 24 37] [1 2 4 5 6 16] [1 2 3 5 7 8 16] [1 2 3 4 7 8 9 12 16 20] [1 2 3 4 5 12 16] [1 2 4 6 7 9 16 20] [1 2 3 5 12] [1 2 3 4 5 12 16 17 19] [1 2 5 6 7] [1 2 3 4 7 8 12 16 24 37 45] [1 2 3 4] [2 4 6 7 9] [1 2 3 7 16 24] [2 3 7 8] [1 2 3 4 5 6 7 12 16 20] [1 2 5] [1 2 3 5 6 7 8] [2 3] [1 2 3 7 12 16] [1 2 4 6 7 13 20] [1 2 3 4 7 8 16 20] [1 2 3 4 6 12 16] [1 2 3 4 6 7 8 12 16] [1 2 3 7 8 16 20] [1 2 3 4 6 7 8 9 11 16 24] [1 2 3 4 5 6 7 8 9] [2 3 4] [1 2 3 4 5 6 7 8 13] [1 2 3 4 6 7 12 20] [] [] [] [] [] [] [] [] [] [] [] [] [] [] [] [] [] []
108 [] [2 3 4 7 8] [1 2 12] [2] [1 2] [1 2 3 4 7 8 9] [1] [1 2 3 7 8 16] [1 2 12 16 24 37] [1 2 3 4 5 7 12 16] [16] [1 2 3 12 16] [1 2 3 16] [1 2 3 4 7] [1 2 3 4 5] [2 20] [2 3 7] [1 2 4 6 16] [1 2 3 4 5 6 7 8 20] [1 2 5 6] [16 24] [1 2 3 7 8 12 16 20] [16 24 37] [1 2 20] [1 2 4 6 7 13 16 20 23] [1 2 3 4 5 7 8 16] [1 2 16] [1 2 3 4 5 6 12 16 17] [1 2 3 4 5 6 7 12 16] [1 2 3 4 12 16] [1 2 3] [1 2 16 24 37] [1 2 4 5 6 16] [1 2 3 5 7 8 16] [1 2 3 4 7 8 9 12 16 20] [1 2 3 4 5 12 16] [1 2 4 6 7 9 16 20] [1 2 3 5 12] [1 2 3 4 5 12 16 17 19] [1 2 5 6 7] [1 2 3 4 7 8 12 16 24 37 45] [1 2 3 4] [2 4 6 7 9] [1 2 3 7 16 24] [2 3 7 8] [1 2 3 4 5 6 7 12 16 20] [1 2 5] [1 2 3 5 6 7 8] [2 3] [1 2 3 7 12 16] [1 2 4 6 7 13 20] [1 2 3 4 7 8 16 20] [1 2 3 4 6 12 16] [1 2 3 4 6 7 8 12 16] [1 2 3 7 8 16 20] [1 2 3 4 6 7 8 9 11 16 24] [1 2 3 4 5 6 7 8 9] [2 3 4] [1 2 3 4 5 6 7 8 13] [1 2 3 4 6 7 12 20] [] [] [] [] [] [] [] [] [] [] [] [] [] [] [] [] [] []
109 [] [2 3 4 7 8] [1 2 12] [2] [1 2] [1 2 3 4 7 8 9] [1] [1 2 3 7 8 16] [1 2 12 16 24 37] [1 2 3 4 5 7 12 16] [16] [1 2 3 12 16] [1 2 3 16] [1 2 3 4 7] [1 2 3 4 5] [2 20] [2 3 7] [1 2 4 6 16] [1 2 3 4 5 6 7 8 20] [1 2 5 6] [16 24] [1 2 3 7 8 12 16 20] [16 24 37] [1 2 20] [1 2 4 6 7 13 16 20 23] [1 2 3 4 5 7 8 16] [1 2 16] [1 2 3 4 5 6 12 16 17] [1 2 3 4 5 6 7 12 16] [1 2 3 4 12 16] [1 2 3] [1 2 16 24 37] [1 2 4 5 6 16] [1 2 3 5 7 8 16] [1 2 3 4 7 8 9 12 16 20] [1 2 3 4 5 12 16] [1 2 4 6 7 9 16 20] [1 2 3 5 12] [1 2 3 4 5 12 16 17 19] [1 2 5 6 7] [1 2 3 4 7 8 12 16 24 37 45] [1 2 3 4] [2 4 6 7 9] [1 2 3 7 16 24] [2 3 7 8] [1 2 3 4 5 6 7 12 16 20] [1 2 5] [1 2 3 5 6 7 8] [2 3] [1 2 3 7 12 16] [1 2 4 6 7 13 20] [1 2 3 4 7 8 16 20] [1 2 3 4 6 12 16] [1 2 3 4 6 7 8 12 16] [1 2 3 7 8 16 20] [1 2 3 4 6 7 8 9 11 16 24] [1 2 3 4 5 6 7 8 9] [2 3 4] [1 2 3 4 5 6 7 8 13] [1 2 3 4 6 7 12 20] [] [] [] [] [] [] [] [] [] [] [] [] [] [] [] [] [] []
110 [] [2 3 4 7 8] [1 2 12] [2] [1 2] [1 2 3 4 7 8 9] [1] [1 2 3 7 8 16] [1 2 12 16 24 37] [1 2 3 4 5 7 12 16] [16] [1 2 3 12 16] [1 2 3 16] [1 2 3 4 7] [1 2 3 4 5] [2 20] [2 3 7] [1 2 4 6 16] [1 2 3 4 5 6 7 8 20] [1 2 5 6] [16 24] [1 2 3 7 8 12 16 20] [16 24 37] [1 2 20] [1 2 4 6 7 13 16 20 23] [1 2 3 4 5 7 8 16] [1 2 16] [1 2 3 4 5 6 12 16 17] [1 2 3 4 5 6 7 12 16] [1 2 3 4 12 16] [1 2 3] [1 2 16 24 37] [1 2 4 5 6 16] [1 2 3 5 7 8 16] [1 2 3 4 7 8 9 12 16 20] [1 2 3 4 5 12 16] [1 2 4 6 7 9 16 20] [1 2 3 5 12] [1 2 3 4 5 12 16 17 19] [1 2 5 6 7] [1 2 3 4 7 8 12 16 24 37 45] [1 2 3 4] [2 4 6 7 9] [1 2 3 7 16 24] [2 3 7 8] [1 2 3 4 5 6 7 12 16 20] [1 2 5] [1 2 3 5 6 7 8] [2 3] [1 2 3 7 12 16] [1 2 4 6 7 13 20] [1 2 3 4 7 8 16 20] [1 2 3 4 6 12 16] [1 2 3 4 6 7 8 12 16] [1 2 3 7 8 16 20] [1 2 3 4 6 7 8 9 11 16 24] [1 2 3 4 5 6 7 8 9] [2 3 4] [1 2 3 4 5 6 7 8 13] [1 2 3 4 6 7 12 20] [] [] [] [] [] [] [] [] [] [] [] [] [] [] [] [] [] []
111 [] [2 3 4 7 8] [1 2 12] [2] [1 2] [1 2 3 4 7 8 9] [1] [1 2 3 7 8 16] [1 2 12 16 24 37] [1 2 3 4 5 7 12 16] [16] [1 2 3 12 16] [1 2 3 16] [1 2 3 4 7] [1 2 3 4 5] [2 20] [2 3 7] [1 2 4 6 16] [1 2 3 4 5 6 7 8 20] [1 2 5 6] [16 24] [1 2 3 7 8 12 16 20] [16 24 37] [1 2 20] [1 2 4 6 7 13 16 20 23] [1 2 3 4 5 7 8 16] [1 2 16] [1 2 3 4 5 6 12 16 17] [1 2 3 4 5 6 7 12 16] [1 2 3 4 12 16] [1 2 3] [1 2 16 24 37] [1 2 4 5 6 16] [1 2 3 5 7 8 16] [1 2 3 4 7 8 9 12 16 20] [1 2 3 4 5 12 16] [1 2 4 6 7 9 16 20] [1 2 3 5 12] [1 2 3 4 5 12 16 17 19] [1 2 5 6 7] [1 2 3 4 7 8 12 16 24 37 45] [1 2 3 4] [2 4 6 7 9] [1 2 3 7 16 24] [2 3 7 8] [1 2 3 4 5 6 7 12 16 20] [1 2 5] [1 2 3 5 6 7 8] [2 3] [1 2 3 7 12 16] [1 2 4 6 7 13 20] [1 2 3 4 7 8 16 20] [1 2 3 4 6 12 16] [1 2 3 4 6 7 8 12 16] [1 2 3 7 8 16 20] [1 2 3 4 6 7 8 9 11 16 24] [1 2 3 4 5 6 7 8 9] [2 3 4] [1 2 3 4 5 6 7 8 13] [1 2 3 4 6 7 12 20] [] [] [] [] [] [] [] [] [] [] [] [] [] [] [] [] [] []
112 [] [1 2 12] [2] [1 2] [1 2 3 4 7 8 9] [1] [1 2 3 7 8 16] [1 2 12 16 24 37] [1 2 3 4 5 7 12 16] [16] [1 2 3 12 16] [1 2 3 16] [1 2 3 4 7] [1 2 3 4 5] [2 20] [2 3 7] [1 2 4 6 16] [1 2 3 4 5 6 7 8 20] [1 2 5 6] [16 24] [1 2 3 7 8 12 16 20] [16 24 37] [1 2 20] [1 2 4 6 7 13 16 20 23] [1 2 3 4 5 7 8 16] [1 2 16] [1 2 3 4 5 6 12 16 17] [1 2 3 4 5 6 7 12 16] [1 2 3 4 12 16] [1 2 3] [1 2 16 24 37] [1 2 4 5 6 16] [1 2 3 5 7 8 16] [1 2 3 4 7 8 9 12 16 20] [1 2 3 4 5 12 16] [1 2 4 6 7 9 16 20] [1 2 3 5 12] [1 2 3 4 5 12 16 17 19] [1 2 5 6 7] [1 2 3 4 7 8 12 16 24 37 45] [1 2 3 4] [2 4 6 7 9] [1 2 3 7 16 24] [2 3 7 8] [1 2 3 4 5 6 7 12 16 20] [1 2 5] [1 2 3 5 6 7 8] [2 3] [1 2 3 7 12 16] [1 2 4 6 7 13 20] [1 2 3 4 7 8 16 20] [1 2 3 4 6 12 16] [1 2 3 4 6 7 8 12 16] [1 2 3 7 8 16 20] [1 2 3 4 6 7 8 9 11 16 24] [1 2 3 4 5 6 7 8 9] [2 3 4] [1 2 3 4 5 6 7 8 13] [1 2 3 4 6 7 12 20] [] [] [] [] [] [] [] [] [] [] [] [] [] [] [] [] [] [] []
113 [] [2] [1 2] [1 2 3 4 7 8 9] [1] [1 2 3 7 8 16] [1 2 12 16 24 37] [1 2 12] [1 2 3 4 5 7 12 16] [16] [1 2 3 12 16] [1 2 3 16] [1 2 3 4 7] [1 2 3 4 5] [2 20] [2 3 7] [1 2 4 6 16] [1 2 3 4 5 6 7 8 20] [1 2 5 6] [16 24] [1 2 3 7 8 12 16 20] [16 24 37] [1 2 20] [1 2 4 6 7 13 16 20 23] [1 2 3 4 5 7 8 16] [1 2 16] [1 2 3 4 5 6 12 16 17] [1 2 3 4 5 6 7 12 16] [1 2 3 4 12 16] [1 2 3] [1 2 16 24 37] [1 2 4 5 6 16] [1 2 3 5 7 8 16] [1 2 3 4 7 8 9 12 16 20] [1 2 3 4 5 12 16] [1 2 4 6 7 9 16 20] [1 2 3 5 12] [1 2 3 4 5 12 16 17 19] [1 2 5 6 7] [1 2 3 4 7 8 12 16 24 37 45] [1 2 3 4] [2 4 6 7 9] [1 2 3 7 16 24] [2 3 7 8] [1 2 3 4 5 6 7 12 16 20] [1 2 5] [1 2 3 5 6 7 8] [2 3] [1 2 3 7 12 16] [1 2 4 6 7 13 20] [1 2 3 4 7 8 16 20] [1 2 3 4 6 12 16] [1 2 3 4 6 7 8 12 16] [1 2 3 7 8 16 20] [1 2 3 4 6 7 8 9 11 16 24] [1 2 3 4 5 6 7 8 9] [2 3 4] [1 2 3 4 5 6 7 8 13] [1 2 3 4 6 7 12 20] [] [] [] [] [] [] [] [] [] [] [] [] [] [] [] [] [] [] []
114 [] [1 2] [1 2 3 4 7 8 9] [1] [1 2 3 7 8 16] [1 2 12 16 24 37] [1 2 12] [1 2 3 4 5 7 12 16] [16] [1 2 3 12 16] [1 2 3 16] [1 2 3 4 7] [1 2 3 4 5] [2 20] [2 3 7] [1 2 4 6 16] [1 2 3 4 5 6 7 8 20] [1 2 5 6] [16 24] [1 2 3 7 8 12 16 20] [16 24 37] [1 2 20] [1 2 4 6 7 13 16 20 23] [1 2 3 4 5 7 8 16] [1 2 16] [1 2 3 4 5 6 12 16 17] [1 2 3 4 5 6 7 12 16] [1 2 3 4 12 16] [1 2 3] [1 2 16 24 37] [1 2 4 5 6 16] [1 2 3 5 7 8 16] [1 2 3 4 7 8 9 12 16 20] [1 2 3 4 5 12 16] [1 2 4 6 7 9 16 20] [1 2 3 5 12] [1 2 3 4 5 12 16 17 19] [1 2 5 6 7] [1 2 3 4 7 8 12 16 24 37 45] [1 2 3 4] [2 4 6 7 9] [2] [1 2 3 7 16 24] [2 3 7 8] [1 2 3 4 5 6 7 12 16 20] [1 2 5] [1 2 3 5 6 7 8] [2 3] [1 2 3 7 12 16] [1 2 4 6 7 13 20] [1 2 3 4 7 8 16 20] [1 2 3 4 6 12 16] [1 2 3 4 6 7 8 12 16] [1 2 3 7 8 16 20] [1 2 3 4 6 7 8 9 11 16 24] [1 2 3 4 5 6 7 8 9] [2 3 4] [1 2 3 4 5 6 7 8 13] [1 2 3 4 6 7 12 20] [] [] [] [] [] [] [] [] [] [] [] [] [] [] [] [] [] [] []
115 [] [1] [1 2 3 7 8 16] [1 2 12 16 24 37] [1 2 12] [1 2 3 4 5 7 12 16] [1 2] [16] [1 2 3 12 16] [1 2 3 16] [1 2 3 4 7] [1 2 3 4 5] [2 20] [2 3 7] [1 2 4 6 16] [1 2 3 4 5 6 7 8 20] [1 2 5 6] [16 24] [1 2 3 7 8 12 16 20] [16 24 37] [1 2 20] [1 2 4 6 7 13 16 20 23] [1 2 3 4 5 7 8 16] [1 2 16] [1 2 3 4 5 6 12 16 17] [1 2 3 4 5 6 7 12 16] [1 2 3 4 12 16] [1 2 3] [1 2 16 24 37] [1 2 4 5 6 16] [1 2 3 5 7 8 16] [1 2 3 4 7 8 9 12 16 20] [1 2 3 4 5 12 16] [1 2 4 6 7 9 16 20] [1 2 3 5 12] [1 2 3 4 5 12 16 17 19] [1 2 5 6 7] [1 2 3 4 7 8 12 16 24 37 45] [1 2 3 4] [2 4 6 7 9] [2] [1 2 3 7 16 24] [2 3 7 8] [1 2 3 4 5 6 7 12 16 20] [1 2 5] [1 2 3 5 6 7 8] [2 3] [1 2 3 7 12 16] [1 2 4 6 7 13 20] [1 2 3 4 7 8 16 20] [1 2 3 4 6 12 16] [1 2 3 4 6 7 8 12 16] [1 2 3 7 8 16 20] [1 2 3 4 6 7 8 9 11 16 24] [1 2 3 4 5 6 7 8 9] [2 3 4] [1 2 3 4 5 6 7 8 13] [1 2 3 4 6 7 12 20] [] [] [] [] [] [] [] [] [] [] [] [] [] [] [] [] [] [] [] []
116 [] [1] [1 2 3 7 8 16] [1 2 12 16 24 37] [1 2 12] [1 2 3 4 5 7 12 16] [1 2] [16] [1 2 3 12 16] [1 2 3 16] [1 2 3 4 7] [1 2 3 4 5] [2 20] [2 3 7] [1 2 4 6 16] [1 2 3 4 5 6 7 8 20] [1 2 5 6] [16 24] [1 2 3 7 8 12 16 20] [16 24 37] [1 2 20] [1 2 4 6 7 13 16 20 23] [1 2 3 4 5 7 8 16] [1 2 16] [1 2 3 4 5 6 12 16 17] [1 2 3 4 5 6 7 12 16] [1 2 3 4 12 16] [1 2 3] [1 2 16 24 37] [1 2 4 5 6 16] [1 2 3 5 7 8 16] [1 2 3 4 7 8 9 12 16 20] [1 2 3 4 5 12 16] [1 2 4 6 7 9 16 20] [1 2 3 5 12] [1 2 3 4 5 12 16 17 19] [1 2 5 6 7] [1 2 3 4 7 8 12 16 24 37 45] [1 2 3 4] [2 4 6 7 9] [2] [1 2 3 7 16 24] [2 3 7 8] [1 2 3 4 5 6 7 12 16 20] [1 2 5] [1 2 3 5 6 7 8] [2 3] [1 2 3 7 12 16] [1 2 4 6 7 13 20] [1 2 3 4 7 8 16 20] [1 2 3 4 6 12 16] [1 2 3 4 6 7 8 12 16] [1 2 3 7 8 16 20] [1 2 3 4 6 7 8 9 11 16 24] [1 2 3 4 5 6 7 8 9] [2 3 4] [1 2 3 4 5 6 7 8 13] [1 2 3 4 6 7 12 20] [] [] [] [] [] [] [] [] [] [] [] [] [] [] [] [] [] [] [] []
117 [] [1] [1 2 3 7 8 16] [1 2 12 16 24 37] [1 2 12] [1 2 3 4 5 7 12 16] [1 2] [16] [1 2 3 12 16] [1 2 3 16] [1 2 3 4 7] [1 2 3 4 5] [2 20] [2 3 7] [1 2 4 6 16] [1 2 3 4 5 6 7 8 20] [1 2 5 6] [16 24] [1 2 3 7 8 12 16 20] [16 24 37] [1 2 20] [1 2 4 6 7 13 16 20 23] [1 2 3 4 5 7 8 16] [1 2 16] [1 2 3 4 5 6 12 16 17] [1 2 3 4 5 6 7 12 16] [1 2 3 4 12 16] [1 2 3] [1 2 16 24 37] [1 2 4 5 6 16] [1 2 3 5 7 8 16] [1 2 3 4 7 8 9 12 16 20] [1 2 3 4 5 12 16] [1 2 4 6 7 9 16 20] [1 2 3 5 12] [1 2 3 4 5 12 16 17 19] [1 2 5 6 7] [1 2 3 4 7 8 12 16 24 37 45] [1 2 3 4] [2 4 6 7 9] [2] [1 2 3 7 16 24] [2 3 7 8] [1 2 3 4 5 6 7 12 16 20] [1 2 5] [1 2 3 5 6 7 8] [2 3] [1 2 3 7 12 16] [1 2 4 6 7 13 20] [1 2 3 4 7 8 16 20] [1 2 3 4 6 12 16] [1 2 3 4 6 7 8 12 16] [1 2 3 7 8 16 20] [1 2 3 4 6 7 8 9 11 16 24] [1 2 3 4 5 6 7 8 9] [2 3 4] [1 2 3 4 5 6 7 8 13] [1 2 3 4 6 7 12 20] [] [] [] [] [] [] [] [] [] [] [] [] [] [] [] [] [] [] [] []
118 [] [1 2 3 7 8 16] [1 2 12 16 24 37] [1 2 12] [1] [1 2 3 4 5 7 12 16] [1 2] [16] [1 2 3 12 16] [1 2 3 16] [1 2 3 4 7] [1 2 3 4 5] [2 20] [2 3 7] [1 2 4 6 16] [1 2 3 4 5 6 7 8 20] [1 2 5 6] [16 24] [1 2 3 7 8 12 16 20] [16 24 37] [1 2 20] [1 2 4 6 7 13 16 20 23] [1 2 3 4 5 7 8 16] [1 2 16] [1 2 3 4 5 6 12 16 17] [1 2 3 4 5 6 7 12 16] [1 2 3 4 12 16] [1 2 3] [1 2 16 24 37] [1 2 4 5 6 16] [1 2 3 5 7 8 16] [1 2 3 4 7 8 9 12 16 20] [1 2 3 4 5 12 16] [1 2 4 6 7 9 16 20] [1 2 3 5 12] [1 2 3 4 5 12 16 17 19] [1 2 5 6 7] [1 2 3 4 7 8 12 16 24 37 45] [1 2 3 4] [2 4 6 7 9] [2] [1 2 3 7 16 24] [2 3 7 8] [1 2 3 4 5 6 7 12 16 20] [1 2 5] [1 2 3 5 6 7 8] [2 3] [1 2 3 7 12 16] [1 2 4 6 7 13 20] [1 2 3 4 7 8 16 20] [1 2 3 4 6 12 16] [1 2 3 4 6 7 8 12 16] [1 2 3 7 8 16 20] [1 2 3 4 6 7 8 9 11 16 24] [1 2 3 4 5 6 7 8 9] [2 3 4] [1 2 3 4 5 6 7 8 13] [1 2 3 4 6 7 12 20] [] [] [] [] [] [] [] [] [] [] [] [] [] [] [] [] [] [] [] []
119 [] [1 2 12 16 24 37] [1 2 12] [1] [1 2 3 4 5 7 12 16] [1 2] [16] [1 2 3 12 16] [1 2 3 16] [1 2 3 4 7] [1 2 3 4 5] [2 20] [2 3 7] [1 2 4 6 16] [1 2 3 4 5 6 7 8 20] [1 2 5 6] [16 24] [1 2 3 7 8 12 16 20] [16 24 37] [1 2 20] [1 2 4 6 7 13 16 20 23] [1 2 3 4 5 7 8 16] [1 2 16] [1 2 3 4 5 6 12 16 17] [1 2 3 4 5 6 7 12 16] [1 2 3 4 12 16] [1 2 3] [1 2 16 24 37] [1 2 4 5 6 16] [1 2 3 5 7 8 16] [1 2 3 4 7 8 9 12 16 20] [1 2 3 4 5 12 16] [1 2 4 6 7 9 16 20] [1 2 3 5 12] [1 2 3 4 5 12 16 17 19] [1 2 5 6 7] [1 2 3 4 7 8 12 16 24 37 45] [1 2 3 4] [2 4 6 7 9] [2] [1 2 3 7 16 24] [2 3 7 8] [1 2 3 4 5 6 7 12 16 20] [1 2 5] [1 2 3 5 6 7 8] [2 3] [1 2 3 7 12 16] [1 2 4 6 7 13 20] [1 2 3 4 7 8 16 20] [1 2 3 4 6 12 16] [1 2 3 4 6 7 8 12 16] [1 2 3 7 8 16 20] [1 2 3 4 6 7 8 9 11 16 24] [1 2 3 4 5 6 7 8 9] [2 3 4] [1 2 3 4 5 6 7 8 13] [1 2 3 4 6 7 12 20] [] [] [] [] [] [] [] [] [] [] [] [] [] [] [] [] [] [] [] [] []
120 [] [1 2 12] [1] [1 2 3 4 5 7 12 16] [1 2] [16] [1 2 3 12 16] [1 2 3 16] [1 2 3 4 7] [1 2 3 4 5] [2 20] [2 3 7] [1 2 4 6 16] [1 2 3 4 5 6 7 8 20] [1 2 5 6] [16 24] [1 2 3 7 8 12 16 20] [16 24 37] [1 2 20] [1 2 4 6 7 13 16 20 23] [1 2 3 4 5 7 8 16] [1 2 16] [1 2 3 4 5 6 12 16 17] [1 2 3 4 5 6 7 12 16] [1 2 3 4 12 16] [1 2 3] [1 2 16 24 37] [1 2 4 5 6 16] [1 2 3 5 7 8 16] [1 2 3 4 7 8 9 12 16 20] [1 2 3 4 5 12 16] [1 2 4 6 7 9 16 20] [1 2 3 5 12] [1 2 3 4 5 12 16 17 19] [1 2 5 6 7] [1 2 3 4 7 8 12 16 24 37 45] [1 2 3 4] [2 4 6 7 9] [2] [1 2 3 7 16 24] [2 3 7 8] [1 2 3 4 5 6 7 12 16 20] [1 2 5] [1 2 3 5 6 7 8] [2 3] [1 2 3 7 12 16] [1 2 4 6 7 13 20] [1 2 3 4 7 8 16 20] [1 2 3 4 6 12 16] [1 2 3 4 6 7 8 12 16] [1 2 3 7 8 16 20] [1 2 3 4 6 7 8 9 11 16 24] [1 2 3 4 5 6 7 8 9] [2 3 4] [1 2 3 4 5 6 7 8 13] [1 2 3 4 6 7 12 20] [] [] [] [] [] [] [] [] [] [] [] [] [] [] [] [] [] [] [] [] [] []
121 [] [1 2 12] [1] [1 2 3 4 5 7 12 16] [1 2] [16] [1 2 3 12 16] [1 2 3 16] [1 2 3 4 7] [1 2 3 4 5] [2 20] [2 3 7] [1 2 4 6 16] [1 2 3 4 5 6 7 8 20] [1 2 5 6] [16 24] [1 2 3 7 8 12 16 20] [16 24 37] [1 2 20] [1 2 4 6 7 13 16 20 23] [1 2 3 4 5 7 8 16] [1 2 16] [1 2 3 4 5 6 12 16 17] [1 2 3 4 5 6 7 12 16] [1 2 3 4 12 16] [1 2 3] [1 2 16 24 37] [1 2 4 5 6 16] [1 2 3 5 7 8 16] [1 2 3 4 7 8 9 12 16 20] [1 2 3 4 5 12 16] [1 2 4 6 7 9 16 20] [1 2 3 5 12] [1 2 3 4 5 12 16 17 19] [1 2 5 6 7] [1 2 3 4 7 8 12 16 24 37 45] [1 2 3 4] [2 4 6 7 9] [2] [1 2 3 7 16 24] [2 3 7 8] [1 2 3 4 5 6 7 12 16 20] [1 2 5] [1 2 3 5 6 7 8] [2 3] [1 2 3 7 12 16] [1 2 4 6 7 13 20] [1 2 3 4 7 8 16 20] [1 2 3 4 6 12 16] [1 2 3 4 6 7 8 12 16] [1 2 3 7 8 16 20] [1 2 3 4 6 7 8 9 11 16 24] [1 2 3 4 5 6 7 8 9] [2 3 4] [1 2 3 4 5 6 7 8 13] [1 2 3 4 6 7 12 20] [] [] [] [] [] [] [] [] [] [] [] [] [] [] [] [] [] [] [] [] [] []
122 [] [1 2 12] [1] [1 2 3 4 5 7 12 16] [1 2] [16] [1 2 3 12 16] [1 2 3 16] [1 2 3 4 7] [1 2 3 4 5] [2 20] [2 3 7] [1 2 4 6 16] [1 2 3 4 5 6 7 8 20] [1 2 5 6] [16 24] [1 2 3 7 8 12 16 20] [16 24 37] [1 2 20] [1 2 4 6 7 13 16 20 23] [1 2 3 4 5 7 8 16] [1 2 16] [1 2 3 4 5 6 12 16 17] [1 2 3 4 5 6 7 12 16] [1 2 3 4 12 16] [1 2 3] [1 2 16 24 37] [1 2 4 5 6 16] [1 2 3 5 7 8 16] [1 2 3 4 7 8 9 12 16 20] [1 2 3 4 5 12 16] [1 2 4 6 7 9 16 20] [1 2 3 5 12] [1 2 3 4 5 12 16 17 19] [1 2 5 6 7] [1 2 3 4 7 8 12 16 24 37 45] [1 2 3 4] [2 4 6 7 9] [2] [1 2 3 7 16 24] [2 3 7 8] [1 2 3 4 5 6 7 12 16 20] [1 2 5] [1 2 3 5 6 7 8] [2 3] [1 2 3 7 12 16] [1 2 4 6 7 13 20] [1 2 3 4 7 8 16 20] [1 2 3 4 6 12 16] [1 2 3 4 6 7 8 12 16] [1 2 3 7 8 16 20] [1 2 3 4 6 7 8 9 11 16 24] [1 2 3 4 5 6 7 8 9] [2 3 4] [1 2 3 4 5 6 7 8 13] [1 2 3 4 6 7 12 20] [] [] [] [] [] [] [] [] [] [] [] [] [] [] [] [] [] [] [] [] [] []
123 [] [1 2 12] [1] [1 2 3 4 5 7 12 16] [1 2] [16] [1 2 3 12 16] [1 2 3 16] [1 2 3 4 7] [1 2 3 4 5] [2 20] [2 3 7] [1 2 4 6 16] [1 2 3 4 5 6 7 8 20] [1 2 5 6] [16 24] [1 2 3 7 8 12 16 20] [16 24 37] [1 2 20] [1 2 4 6 7 13 16 20 23] [1 2 3 4 5 7 8 16] [1 2 16] [1 2 3 4 5 6 12 16 17] [1 2 3 4 5 6 7 12 16] [1 2 3 4 12 16] [1 2 3] [1 2 16 24 37] [1 2 4 5 6 16] [1 2 3 5 7 8 16] [1 2 3 4 7 8 9 12 16 20] [1 2 3 4 5 12 16] [1 2 4 6 7 9 16 20] [1 2 3 5 12] [1 2 3 4 5 12 16 17 19] [1 2 5 6 7] [1 2 3 4 7 8 12 16 24 37 45] [1 2 3 4] [2 4 6 7 9] [2] [1 2 3 7 16 24] [2 3 7 8] [1 2 3 4 5 6 7 12 16 20] [1 2 5] [1 2 3 5 6 7 8] [2 3] [1 2 3 7 12 16] [1 2 4 6 7 13 20] [1 2 3 4 7 8 16 20] [1 2 3 4 6 12 16] [1 2 3 4 6 7 8 12 16] [1 2 3 7 8 16 20] [1 2 3 4 6 7 8 9 11 16 24] [1 2 3 4 5 6 7 8 9] [2 3 4] [1 2 3 4 5 6 7 8 13] [1 2 3 4 6 7 12 20] [] [] [] [] [] [] [] [] [] [] [] [] [] [] [] [] [] [] [] [] [] []
124 [] [1] [16] [1 2 3 4 5 7 12 16] [1 2] [1 2 3 12 16] [1 2 3 16] [1 2 3 4 7] [1 2 3 4 5] [2 20] [2 3 7] [1 2 4 6 16] [1 2 3 4 5 6 7 8 20] [1 2 5 6] [16 24] [1 2 3 7 8 12 16 20] [16 24 37] [1 2 20] [1 2 4 6 7 13 16 20 23] [1 2 3 4 5 7 8 16] [1 2 16] [1 2 3 4 5 6 12 16 17] [1 2 3 4 5 6 7 12 16] [1 2 3 4 12 16] [1 2 12] [1 2 3] [1 2 16 24 37] [1 2 4 5 6 16] [1 2 3 5 7 8 16] [1 2 3 4 7 8 9 12 16 20] [1 2 3 4 5 12 16] [1 2 4 6 7 9 16 20] [1 2 3 5 12] [1 2 3 4 5 12 16 17 19] [1 2 5 6 7] [1 2 3 4 7 8 12 16 24 37 45] [1 2 3 4] [2 4 6 7 9] [2] [1 2 3 7 16 24] [2 3 7 8] [1 2 3 4 5 6 7 12 16 20] [1 2 5] [1 2 3 5 6 7 8] [2 3] [1 2 3 7 12 16] [1 2 4 6 7 13 20] [1 2 3 4 7 8 16 20] [1 2 3 4 6 12 16] [1 2 3 4 6 7 8 12 16] [1 2 3 7 8 16 20] [1 2 3 4 6 7 8 9 11 16 24] [1 2 3 4 5 6 7 8 9] [2 3 4] [1 2 3 4 5 6 7 8 13] [1 2 3 4 6 7 12 20] [] [] [] [] [] [] [] [] [] [] [] [] [] [] [] [] [] [] [] [] [] []
125 [] [16] [1] [1 2] [1 2 3 12 16] [1 2 3 16] [1 2 3 4 7] [1 2 3 4 5] [2 20] [2 3 7] [1 2 4 6 16] [1 2 3 4 5 6 7 8 20] [1 2 5 6] [16 24] [1 2 3 7 8 12 16 20] [16 24 37] [1 2 20] [1 2 4 6 7 13 16 20 23] [1 2 3 4 5 7 8 16] [1 2 16] [1 2 3 4 5 6 12 16 17] [1 2 3 4 5 6 7 12 16] [1 2 3 4 12 16] [1 2 12] [1 2 3] [1 2 16 24 37] [1 2 4 5 6 16] [1 2 3 5 7 8 16] [1 2 3 4 7 8 9 12 16 20] [1 2 3 4 5 12 16] [1 2 4 6 7 9 16 20] [1 2 3 5 12] [1 2 3 4 5 12 16 17 19] [1 2 5 6 7] [1 2 3 4 7 8 12 16 24 37 45] [1 2 3 4] [2 4 6 7 9] [2] [1 2 3 7 16 24] [2 3 7 8] [1 2 3 4 5 6 7 12 16 20] [1 2 5] [1 2 3 5 6 7 8] [2 3] [1 2 3 7 12 16] [1 2 4 6 7 13 20] [1 2 3 4 7 8 16 20] [1 2 3 4 6 12 16] [1 2 3 4 6 7 8 12 16] [1 2 3 7 8 16 20] [1 2 3 4 6 7 8 9 11 16 24] [1 2 3 4 5 6 7 8 9] [2 3 4] [1 2 3 4 5 6 7 8 13] [1 2 3 4 6 7 12 20] [] [] [] [] [] [] [] [] [] [] [] [] [] [] [] [] [] [] [] [] [] [] []
126 [] [16] [1] [1 2] [1 2 3 12 16] [1 2 3 16] [1 2 3 4 7] [1 2 3 4 5] [2 20] [2 3 7] [1 2 4 6 16] [1 2 3 4 5 6 7 8 20] [1 2 5 6] [16 24] [1 2 3 7 8 12 16 20] [16 24 37] [1 2 20] [1 2 4 6 7 13 16 20 23] [1 2 3 4 5 7 8 16] [1 2 16] [1 2 3 4 5 6 12 16 17] [1 2 3 4 5 6 7 12 16] [1 2 3 4 12 16] [1 2 12] [1 2 3] [1 2 16 24 37] [1 2 4 5 6 16] [1 2 3 5 7 8 16] [1 2 3 4 7 8 9 12 16 20] [1 2 3 4 5 12 16] [1 2 4 6 7 9 16 20] [1 2 3 5 12] [1 2 3 4 5 12 16 17 19] [1 2 5 6 7] [1 2 3 4 7 8 12 16 24 37 45] [1 2 3 4] [2 4 6 7 9] [2] [1 2 3 7 16 24] [2 3 7 8] [1 2 3 4 5 6 7 12 16 20] [1 2 5] [1 2 3 5 6 7 8] [2 3] [1 2 3 7 12 16] [1 2 4 6 7 13 20] [1 2 3 4 7 8 16 20] [1 2 3 4 6 12 16] [1 2 3 4 6 7 8 12 16] [1 2 3 7 8 16 20] [1 2 3 4 6 7 8 9 11 16 24] [1 2 3 4 5 6 7 8 9] [2 3 4] [1 2 3 4 5 6 7 8 13] [1 2 3 4 6 7 12 20] [] [] [] [] [] [] [] [] [] [] [] [] [] [] [] [] [] [] [] [] [] [] []
127 [] [16] [1] [1 2] [1 2 3 12 16] [1 2 3 16] [1 2 3 4 7] [1 2 3 4 5] [2 20] [2 3 7] [1 2 4 6 16] [1 2 3 4 5 6 7 8 20] [1 2 5 6] [16 24] [1 2 3 7 8 12 16 20] [16 24 37] [1 2 20] [1 2 4 6 7 13 16 20 23] [1 2 3 4 5 7 8 16] [1 2 16] [1 2 3 4 5 6 12 16 17] [1 2 3 4 5 6 7 12 16] [1 2 3 4 12 16] [1 2 12] [1 2 3] [1 2 16 24 37] [1 2 4 5 6 16] [1 2 3 5 7 8 16] [1 2 3 4 7 8 9 12 16 20] [1 2 3 4 5 12 16] [1 2 4 6 7 9 16 20] [1 2 3 5 12] [1 2 3 4 5 12 16 17 19] [1 2 5 6 7] [1 2 3 4 7 8 12 16 24 37 45] [1 2 3 4] [2 4 6 7 9] [2] [1 2 3 7 16 24] [2 3 7 8] [1 2 3 4 5 6 7 12 16 20] [1 2 5] [1 2 3 5 6 7 8] [2 3] [1 2 3 7 12 16] [1 2 4 6 7 13 20] [1 2 3 4 7 8 16 20] [1 2 3 4 6 12 16] [1 2 3 4 6 7 8 12 16] [1 2 3 7 8 16 20] [1 2 3 4 6 7 8 9 11 16 24] [1 2 3 4 5 6 7 8 9] [2 3 4] [1 2 3 4 5 6 7 8 13] [1 2 3 4 6 7 12 20] [] [] [] [] [] [] [] [] [] [] [] [] [] [] [] [] [] [] [] [] [] [] []
128 [] [16] [1] [1 2] [1 2 3 12 16] [1 2 3 16] [1 2 3 4 7] [1 2 3 4 5] [2 20] [2 3 7] [1 2 4 6 16] [1 2 3 4 5 6 7 8 20] [1 2 5 6] [16 24] [1 2 3 7 8 12 16 20] [16 24 37] [1 2 20] [1 2 4 6 7 13 16 20 23] [1 2 3 4 5 7 8 16] [1 2 16] [1 2 3 4 5 6 12 16 17] [1 2 3 4 5 6 7 12 16] [1 2 3 4 12 16] [1 2 12] [1 2 3] [1 2 16 24 37] [1 2 4 5 6 16] [1 2 3 5 7 8 16] [1 2 3 4 7 8 9 12 16 20] [1 2 3 4 5 12 16] [1 2 4 6 7 9 16 20] [1 2 3 5 12] [1 2 3 4 5 12 16 17 19] [1 2 5 6 7] [1 2 3 4 7 8 12 16 24 37 45] [1 2 3 4] [2 4 6 7 9] [2] [1 2 3 7 16 24] [2 3 7 8] [1 2 3 4 5 6 7 12 16 20] [1 2 5] [1 2 3 5 6 7 8] [2 3] [1 2 3 7 12 16] [1 2 4 6 7 13 20] [1 2 3 4 7 8 16 20] [1 2 3 4 6 12 16] [1 2 3 4 6 7 8 12 16] [1 2 3 7 8 16 20] [1 2 3 4 6 7 8 9 11 16 24] [1 2 3 4 5 6 7 8 9] [2 3 4] [1 2 3 4 5 6 7 8 13] [1 2 3 4 6 7 12 20] [] [] [] [] [] [] [] [] [] [] [] [] [] [] [] [] [] [] [] [] [] [] []
129 [] [1] [1 2] [1 2 3 12 16] [1 2 3 16] [1 2 3 4 7] [1 2 3 4 5] [2 20] [16] [2 3 7] [1 2 4 6 16] [1 2 3 4 5 6 7 8 20] [1 2 5 6] [16 24] [1 2 3 7 8 12 16 20] [16 24 37] [1 2 20] [1 2 4 6 7 13 16 20 23] [1 2 3 4 5 7 8 16] [1 2 16] [1 2 3 4 5 6 12 16 17] [1 2 3 4 5 6 7 12 16] [1 2 3 4 12 16] [1 2 12] [1 2 3] [1 2 16 24 37] [1 2 4 5 6 16] [1 2 3 5 7 8 16] [1 2 3 4 7 8 9 12 16 20] [1 2 3 4 5 12 16] [1 2 4 6 7 9 16 20] [1 2 3 5 12] [1 2 3 4 5 12 16 17 19] [1 2 5 6 7] [1 2 3 4 7 8 12 16 24 37 45] [1 2 3 4] [2 4 6 7 9] [2] [1 2 3 7 16 24] [2 3 7 8] [1 2 3 4 5 6 7 12 16 20] [1 2 5] [1 2 3 5 6 7 8] [2 3] [1 2 3 7 12 16] [1 2 4 6 7 13 20] [1 2 3 4 7 8 16 20] [1 2 3 4 6 12 16] [1 2 3 4 6 7 8 12 16] [1 2 3 7 8 16 20] [1 2 3 4 6 7 8 9 11 16 24] [1 2 3 4 5 6 7 8 9] [2 3 4] [1 2 3 4 5 6 7 8 13] [1 2 3 4 6 7 12 20] [] [] [] [] [] [] [] [] [] [] [] [] [] [] [] [] [] [] [] [] [] [] []
130 [] [1] [1 2] [1 2 3 12 16] [1 2 3 16] [1 2 3 4 7] [1 2 3 4 5] [2 20] [16] [2 3 7] [1 2 4 6 16] [1 2 3 4 5 6 7 8 20] [1 2 5 6] [16 24] [1 2 3 7 8 12 16 20] [16 24 37] [1 2 20] [1 2 4 6 7 13 16 20 23] [1 2 3 4 5 7 8 16] [1 2 16] [1 2 3 4 5 6 12 16 17] [1 2 3 4 5 6 7 12 16] [1 2 3 4 12 16] [1 2 12] [1 2 3] [1 2 16 24 37] [1 2 4 5 6 16] [1 2 3 5 7 8 16] [1 2 3 4 7 8 9 12 16 20] [1 2 3 4 5 12 16] [1 2 4 6 7 9 16 20] [1 2 3 5 12] [1 2 3 4 5 12 16 17 19] [1 2 5 6 7] [1 2 3 4 7 8 12 16 24 37 45] [1 2 3 4] [2 4 6 7 9] [2] [1 2 3 7 16 24] [2 3 7 8] [1 2 3 4 5 6 7 12 16 20] [1 2 5] [1 2 3 5 6 7 8] [2 3] [1 2 3 7 12 16] [1 2 4 6 7 13 20] [1 2 3 4 7 8 16 20] [1 2 3 4 6 12 16] [1 2 3 4 6 7 8 12 16] [1 2 3 7 8 16 20] [1 2 3 4 6 7 8 9 11 16 24] [1 2 3 4 5 6 7 8 9] [2 3 4] [1 2 3 4 5 6 7 8 13] [1 2 3 4 6 7 12 20] [] [] [] [] [] [] [] [] [] [] [] [] [] [] [] [] [] [] [] [] [] [] []
131 [] [1 2] [1 2 3 12 16] [1 2 3 16] [1 2 3 4 7] [1 2 3 4 5] [2 20] [16] [2 3 7] [1 2 4 6 16] [1] [1 2 3 4 5 6 7 8 20] [1 2 5 6] [16 24] [1 2 3 7 8 12 16 20] [16 24 37] [1 2 20] [1 2 4 6 7 13 16 20 23] [1 2 3 4 5 7 8 16] [1 2 16] [1 2 3 4 5 6 12 16 17] [1 2 3 4 5 6 7 12 16] [1 2 3 4 12 16] [1 2 12] [1 2 3] [1 2 16 24 37] [1 2 4 5 6 16] [1 2 3 5 7 8 16] [1 2 3 4 7 8 9 12 16 20] [1 2 3 4 5 12 16] [1 2 4 6 7 9 16 20] [1 2 3 5 12] [1 2 3 4 5 12 16 17 19] [1 2 5 6 7] [1 2 3 4 7 8 12 16 24 37 45] [1 2 3 4] [2 4 6 7 9] [2] [1 2 3 7 16 24] [2 3 7 8] [1 2 3 4 5 6 7 12 16 20] [1 2 5] [1 2 3 5 6 7 8] [2 3] [1 2 3 7 12 16] [1 2 4 6 7 13 20] [1 2 3 4 7 8 16 20] [1 2 3 4 6 12 16] [1 2 3 4 6 7 8 12 16] [1 2 3 7 8 16 20] [1 2 3 4 6 7 8 9 11 16 24] [1 2 3 4 5 6 7 8 9] [2 3 4] [1 2 3 4 5 6 7 8 13] [1 2 3 4 6 7 12 20] [] [] [] [] [] [] [] [] [] [] [] [] [] [] [] [] [] [] [] [] [] [] []
132 [] [1 2] [1 2 3 12 16] [1 2 3 16] [1 2 3 4 7] [1 2 3 4 5] [2 20] [16] [2 3 7] [1 2 4 6 16] [1] [1 2 3 4 5 6 7 8 20] [1 2 5 6] [16 24] [1 2 3 7 8 12 16 20] [16 24 37] [1 2 20] [1 2 4 6 7 13 16 20 23] [1 2 3 4 5 7 8 16] [1 2 16] [1 2 3 4 5 6 12 16 17] [1 2 3 4 5 6 7 12 16] [1 2 3 4 12 16] [1 2 12] [1 2 3] [1 2 16 24 37] [1 2 4 5 6 16] [1 2 3 5 7 8 16] [1 2 3 4 7 8 9 12 16 20] [1 2 3 4 5 12 16] [1 2 4 6 7 9 16 20] [1 2 3 5 12] [1 2 3 4 5 12 16 17 19] [1 2 5 6 7] [1 2 3 4 7 8 12 16 24 37 45] [1 2 3 4] [2 4 6 7 9] [2] [1 2 3 7 16 24] [2 3 7 8] [1 2 3 4 5 6 7 12 16 20] [1 2 5] [1 2 3 5 6 7 8] [2 3] [1 2 3 7 12 16] [1 2 4 6 7 13 20] [1 2 3 4 7 8 16 20] [1 2 3 4 6 12 16] [1 2 3 4 6 7 8 12 16] [1 2 3 7 8 16 20] [1 2 3 4 6 7 8 9 11 16 24] [1 2 3 4 5 6 7 8 9] [2 3 4] [1 2 3 4 5 6 7 8 13] [1 2 3 4 6 7 12 20] [] [] [] [] [] [] [] [] [] [] [] [] [] [] [] [] [] [] [] [] [] [] []
133 [] [1 2] [1 2 3 12 16] [1 2 3 16] [1 2 3 4 7] [1 2 3 4 5] [2 20] [16] [2 3 7] [1 2 4 6 16] [1] [1 2 3 4 5 6 7 8 20] [1 2 5 6] [16 24] [1 2 3 7 8 12 16 20] [16 24 37] [1 2 20] [1 2 4 6 7 13 16 20 23] [1 2 3 4 5 7 8 16] [1 2 16] [1 2 3 4 5 6 12 16 17] [1 2 3 4 5 6 7 12 16] [1 2 3 4 12 16] [1 2 12] [1 2 3] [1 2 16 24 37] [1 2 4 5 6 16] [1 2 3 5 7 8 16] [1 2 3 4 7 8 9 12 16 20] [1 2 3 4 5 12 16] [1 2 4 6 7 9 16 20] [1 2 3 5 12] [1 2 3 4 5 12 16 17 19] [1 2 5 6 7] [1 2 3 4 7 8 12 16 24 37 45] [1 2 3 4] [2 4 6 7 9] [2] [1 2 3 7 16 24] [2 3 7 8] [1 2 3 4 5 6 7 12 16 20] [1 2 5] [1 2 3 5 6 7 8] [2 3] [1 2 3 7 12 16] [1 2 4 6 7 13 20] [1 2 3 4 7 8 16 20] [1 2 3 4 6 12 16] [1 2 3 4 6 7 8 12 16] [1 2 3 7 8 16 20] [1 2 3 4 6 7 8 9 11 16 24] [1 2 3 4 5 6 7 8 9] [2 3 4] [1 2 3 4 5 6 7 8 13] [1 2 3 4 6 7 12 20] [] [] [] [] [] [] [] [] [] [] [] [] [] [] [] [] [] [] [] [] [] [] []
134 [] [1 2] [1 2 3 12 16] [1 2 3 16] [1 2 3 4 7] [1 2 3 4 5] [2 20] [16] [2 3 7] [1 2 4 6 16] [1] [1 2 3 4 5 6 7 8 20] [1 2 5 6] [16 24] [1 2 3 7 8 12 16 20] [16 24 37] [1 2 20] [1 2 4 6 7 13 16 20 23] [1 2 3 4 5 7 8 16] [1 2 16] [1 2 3 4 5 6 12 16 17] [1 2 3 4 5 6 7 12 16] [1 2 3 4 12 16] [1 2 12] [1 2 3] [1 2 16 24 37] [1 2 4 5 6 16] [1 2 3 5 7 8 16] [1 2 3 4 7 8 9 12 16 20] [1 2 3 4 5 12 16] [1 2 4 6 7 9 16 20] [1 2 3 5 12] [1 2 3 4 5 12 16 17 19] [1 2 5 6 7] [1 2 3 4 7 8 12 16 24 37 45] [1 2 3 4] [2 4 6 7 9] [2] [1 2 3 7 16 24] [2 3 7 8] [1 2 3 4 5 6 7 12 16 20] [1 2 5] [1 2 3 5 6 7 8] [2 3] [1 2 3 7 12 16] [1 2 4 6 7 13 20] [1 2 3 4 7 8 16 20] [1 2 3 4 6 12 16] [1 2 3 4 6 7 8 12 16] [1 2 3 7 8 16 20] [1 2 3 4 6 7 8 9 11 16 24] [1 2 3 4 5 6 7 8 9] [2 3 4] [1 2 3 4 5 6 7 8 13] [1 2 3 4 6 7 12 20] [] [] [] [] [] [] [] [] [] [] [] [] [] [] [] [] [] [] [] [] [] [] []
135 [] [1 2 3 12 16] [1 2 3 16] [1 2 3 4 7] [1 2 3 4 5] [2 20] [16] [2 3 7] [1 2 4 6 16] [1] [1 2 3 4 5 6 7 8 20] [1 2 5 6] [16 24] [1 2] [1 2 3 7 8 12 16 20] [16 24 37] [1 2 20] [1 2 4 6 7 13 16 20 23] [1 2 3 4 5 7 8 16] [1 2 16] [1 2 3 4 5 6 12 16 17] [1 2 3 4 5 6 7 12 16] [1 2 3 4 12 16] [1 2 12] [1 2 3] [1 2 16 24 37] [1 2 4 5 6 16] [1 2 3 5 7 8 16] [1 2 3 4 7 8 9 12 16 20] [1 2 3 4 5 12 16] [1 2 4 6 7 9 16 20] [1 2 3 5 12] [1 2 3 4 5 12 16 17 19] [1 2 5 6 7] [1 2 3 4 7 8 12 16 24 37 45] [1 2 3 4] [2 4 6 7 9] [2] [1 2 3 7 16 24] [2 3 7 8] [1 2 3 4 5 6 7 12 16 20] [1 2 5] [1 2 3 5 6 7 8] [2 3] [1 2 3 7 12 16] [1 2 4 6 7 13 20] [1 2 3 4 7 8 16 20] [1 2 3 4 6 12 16] [1 2 3 4 6 7 8 12 16] [1 2 3 7 8 16 20] [1 2 3 4 6 7 8 9 11 16 24] [1 2 3 4 5 6 7 8 9] [2 3 4] [1 2 3 4 5 6 7 8 13] [1 2 3 4 6 7 12 20] [] [] [] [] [] [] [] [] [] [] [] [] [] [] [] [] [] [] [] [] [] [] []
136 [] [1 2 3 16] [1 2 3 4 7] [1 2 3 4 5] [16] [2 3 7] [1 2 4 6 16] [1] [1 2 3 4 5 6 7 8 20] [1 2 5 6] [16 24] [1 2] [1 2 3 7 8 12 16 20] [16 24 37] [1 2 20] [2 20] [1 2 4 6 7 13 16 20 23] [1 2 3 4 5 7 8 16] [1 2 16] [1 2 3 4 5 6 12 16 17] [1 2 3 4 5 6 7 12 16] [1 2 3 4 12 16] [1 2 12] [1 2 3] [1 2 16 24 37] [1 2 4 5 6 16] [1 2 3 5 7 8 16] [1 2 3 4 7 8 9 12 16 20] [1 2 3 4 5 12 16] [1 2 4 6 7 9 16 20] [1 2 3 5 12] [1 2 3 4 5 12 16 17 19] [1 2 5 6 7] [1 2 3 4 7 8 12 16 24 37 45] [1 2 3 12 16] [1 2 3 4] [2 4 6 7 9] [2] [1 2 3 7 16 24] [2 3 7 8] [1 2 3 4 5 6 7 12 16 20] [1 2 5] [1 2 3 5 6 7 8] [2 3] [1 2 3 7 12 16] [1 2 4 6 7 13 20] [1 2 3 4 7 8 16 20] [1 2 3 4 6 12 16] [1 2 3 4 6 7 8 12 16] [1 2 3 7 8 16 20] [1 2 3 4 6 7 8 9 11 16 24] [1 2 3 4 5 6 7 8 9] [2 3 4] [1 2 3 4 5 6 7 8 13] [1 2 3 4 6 7 12 20] [] [] [] [] [] [] [] [] [] [] [] [] [] [] [] [] [] [] [] [] [] [] []
137 [] [1 2 3 4 7] [1 2 3 4 5] [16] [2 3 7] [1 2 4 6 16] [1] [1 2 3 4 5 6 7 8 20] [1 2 5 6] [16 24] [1 2] [1 2 3 7 8 12 16 20] [16 24 37] [1 2 20] [2 20] [1 2 4 6 7 13 16 20 23] [1 2 3 4 5 7 8 16] [1 2 16] [1 2 3 4 5 6 12 16 17] [1 2 3 4 5 6 7 12 16] [1 2 3 4 12 16] [1 2 12] [1 2 3] [1 2 16 24 37] [1 2 4 5 6 16] [1 2 3 16] [1 2 3 5 7 8 16] [1 2 3 4 7 8 9 12 16 20] [1 2 3 4 5 12 16] [1 2 4 6 7 9 16 20] [1 2 3 5 12] [1 2 3 4 5 12 16 17 19] [1 2 5 6 7] [1 2 3 4 7 8 12 16 24 37 45] [1 2 3 12 16] [1 2 3 4] [2 4 6 7 9] [2] [1 2 3 7 16 24] [2 3 7 8] [1 2 3 4 5 6 7 12 16 20] [1 2 5] [1 2 3 5 6 7 8] [2 3] [1 2 3 7 12 16] [1 2 4 6 7 13 20] [1 2 3 4 7 8 16 20] [1 2 3 4 6 12 16] [1 2 3 4 6 7 8 12 16] [1 2 3 7 8 16 20] [1 2 3 4 6 7 8 9 11 16 24] [1 2 3 4 5 6 7 8 9] [2 3 4] [1 2 3 4 5 6 7 8 13] [1 2 3 4 6 7 12 20] [] [] [] [] [] [] [] [] [] [] [] [] [] [] [] [] [] [] [] [] [] [] []
138 [] [1 2 3 4 7] [1 2 3 4 5] [16] [2 3 7] [1 2 4 6 16] [1] [1 2 3 4 5 6 7 8 20] [1 2 5 6] [16 24] [1 2] [1 2 3 7 8 12 16 20] [16 24 37] [1 2 20] [2 20] [1 2 4 6 7 13 16 20 23] [1 2 3 4 5 7 8 16] [1 2 16] [1 2 3 4 5 6 12 16 17] [1 2 3 4 5 6 7 12 16] [1 2 3 4 12 16] [1 2 12] [1 2 3] [1 2 16 24 37] [1 2 4 5 6 16] [1 2 3 16] [1 2 3 5 7 8 16] [1 2 3 4 7 8 9 12 16 20] [1 2 3 4 5 12 16] [1 2 4 6 7 9 16 20] [1 2 3 5 12] [1 2 3 4 5 12 16 17 19] [1 2 5 6 7] [1 2 3 4 7 8 12 16 24 37 45] [1 2 3 12 16] [1 2 3 4] [2 4 6 7 9] [2] [1 2 3 7 16 24] [2 3 7 8] [1 2 3 4 5 6 7 12 16 20] [1 2 5] [1 2 3 5 6 7 8] [2 3] [1 2 3 7 12 16] [1 2 4 6 7 13 20] [1 2 3 4 7 8 16 20] [1 2 3 4 6 12 16] [1 2 3 4 6 7 8 12 16] [1 2 3 7 8 16 20] [1 2 3 4 6 7 8 9 11 16 24] [1 2 3 4 5 6 7 8 9] [2 3 4] [1 2 3 4 5 6 7 8 13] [1 2 3 4 6 7 12 20] [] [] [] [] [] [] [] [] [] [] [] [] [] [] [] [] [] [] [] [] [] [] []
139 [] [1 2 3 4 7] [1 2 3 4 5] [16] [2 3 7] [1 2 4 6 16] [1] [1 2 3 4 5 6 7 8 20] [1 2 5 6] [16 24] [1 2] [1 2 3 7 8 12 16 20] [16 24 37] [1 2 20] [2 20] [1 2 4 6 7 13 16 20 23] [1 2 3 4 5 7 8 16] [1 2 16] [1 2 3 4 5 6 12 16 17] [1 2 3 4 5 6 7 12 16] [1 2 3 4 12 16] [1 2 12] [1 2 3] [1 2 16 24 37] [1 2 4 5 6 16] [1 2 3 16] [1 2 3 5 7 8 16] [1 2 3 4 7 8 9 12 16 20] [1 2 3 4 5 12 16] [1 2 4 6 7 9 16 20] [1 2 3 5 12] [1 2 3 4 5 12 16 17 19] [1 2 5 6 7] [1 2 3 4 7 8 12 16 24 37 45] [1 2 3 12 16] [1 2 3 4] [2 4 6 7 9] [2] [1 2 3 7 16 24] [2 3 7 8] [1 2 3 4 5 6 7 12 16 20] [1 2 5] [1 2 3 5 6 7 8] [2 3] [1 2 3 7 12 16] [1 2 4 6 7 13 20] [1 2 3 4 7 8 16 20] [1 2 3 4 6 12 16] [1 2 3 4 6 7 8 12 16] [1 2 3 7 8 16 20] [1 2 3 4 6 7 8 9 11 16 24] [1 2 3 4 5 6 7 8 9] [2 3 4] [1 2 3 4 5 6 7 8 13] [1 2 3 4 6 7 12 20] [] [] [] [] [] [] [] [] [] [] [] [] [] [] [] [] [] [] [] [] [] [] []
140 [] [1 2 3 4 7] [1 2 3 4 5] [16] [2 3 7] [1 2 4 6 16] [1] [1 2 3 4 5 6 7 8 20] [1 2 5 6] [16 24] [1 2] [1 2 3 7 8 12 16 20] [16 24 37] [1 2 20] [2 20] [1 2 4 6 7 13 16 20 23] [1 2 3 4 5 7 8 16] [1 2 16] [1 2 3 4 5 6 12 16 17] [1 2 3 4 5 6 7 12 16] [1 2 3 4 12 16] [1 2 12] [1 2 3] [1 2 16 24 37] [1 2 4 5 6 16] [1 2 3 16] [1 2 3 5 7 8 16] [1 2 3 4 7 8 9 12 16 20] [1 2 3 4 5 12 16] [1 2 4 6 7 9 16 20] [1 2 3 5 12] [1 2 3 4 5 12 16 17 19] [1 2 5 6 7] [1 2 3 4 7 8 12 16 24 37 45] [1 2 3 12 16] [1 2 3 4] [2 4 6 7 9] [2] [1 2 3 7 16 24] [2 3 7 8] [1 2 3 4 5 6 7 12 16 20] [1 2 5] [1 2 3 5 6 7 8] [2 3] [1 2 3 7 12 16] [1 2 4 6 7 13 20] [1 2 3 4 7 8 16 20] [1 2 3 4 6 12 16] [1 2 3 4 6 7 8 12 16] [1 2 3 7 8 16 20] [1 2 3 4 6 7 8 9 11 16 24] [1 2 3 4 5 6 7 8 9] [2 3 4] [1 2 3 4 5 6 7 8 13] [1 2 3 4 6 7 12 20] [] [] [] [] [] [] [] [] [] [] [] [] [] [] [] [] [] [] [] [] [] [] []
141 [] [1 2 3 4 7] [1 2 3 4 5] [16] [2 3 7] [1 2 4 6 16] [1] [1 2 3 4 5 6 7 8 20] [1 2 5 6] [16 24] [1 2] [1 2 3 7 8 12 16 20] [16 24 37] [1 2 20] [2 20] [1 2 4 6 7 13 16 20 23] [1 2 3 4 5 7 8 16] [1 2 16] [1 2 3 4 5 6 12 16 17] [1 2 3 4 5 6 7 12 16] [1 2 3 4 12 16] [1 2 12] [1 2 3] [1 2 16 24 37] [1 2 4 5 6 16] [1 2 3 16] [1 2 3 5 7 8 16] [1 2 3 4 7 8 9 12 16 20] [1 2 3 4 5 12 16] [1 2 4 6 7 9 16 20] [1 2 3 5 12] [1 2 3 4 5 12 16 17 19] [1 2 5 6 7] [1 2 3 4 7 8 12 16 24 37 45] [1 2 3 12 16] [1 2 3 4] [2 4 6 7 9] [2] [1 2 3 7 16 24] [2 3 7 8] [1 2 3 4 5 6 7 12 16 20] [1 2 5] [1 2 3 5 6 7 8] [2 3] [1 2 3 7 12 16] [1 2 4 6 7 13 20] [1 2 3 4 7 8 16 20] [1 2 3 4 6 12 16] [1 2 3 4 6 7 8 12 16] [1 2 3 7 8 16 20] [1 2 3 4 6 7 8 9 11 16 24] [1 2 3 4 5 6 7 8 9] [2 3 4] [2 3 4 6 7 8 9] [1 2 3 4 5 6 7 8 13] [1 2 3 4 6 7 12 20] [] [] [] [] [] [] [] [] [] [] [] [] [] [] [] [] [] [] [] [] [] []
142 [] [1 2 3 4 5] [16] [2 3 7] [1 2 4 6 16] [1] [1 2 3 4 5 6 7 8 20] [1 2 5 6] [16 24] [1 2] [1 2 3 7 8 12 16 20] [16 24 37] [1 2 20] [2 20] [1 2 4 6 7 13 16 20 23] [1 2 3 4 5 7 8 16] [1 2 16] [1 2 3 4 5 6 12 16 17] [1 2 3 4 5 6 7 12 16] [1 2 3 4 12 16] [1 2 12] [1 2 3] [1 2 16 24 37] [1 2 4 5 6 16] [1 2 3 16] [1 2 3 5 7 8 16] [1 2 3 4 7 8 9 12 16 20] [1 2 3 4 5 12 16] [1 2 4 6 7 9 16 20] [1 2 3 5 12] [1 2 3 4 5 12 16 17 19] [1 2 5 6 7] [1 2 3 4 7 8 12 16 24 37 45] [1 2 3 12 16] [1 2 3 4] [2 4 6 7 9] [2] [1 2 3 7 16 24] [2 3 7 8] [1 2 3 4 5 6 7 12 16 20] [1 2 5] [1 2 3 5 6 7 8] [2 3] [1 2 3 7 12 16] [1 2 4 6 7 13 20] [1 2 3 4 7 8 16 20] [1 2 3 4 6 12 16] [1 2 3 4 6 7 8 12 16] [1 2 3 7 8 16 20] [1 2 3 4 6 7 8 9 11 16 24] [1 2 3 4 5 6 7 8 9] [2 3 4] [2 3 4 6 7 8 9] [1 2 3 4 5 6 7 8 13] [1 2 3 4 6 7 12 20] [] [] [] [] [] [] [] [] [] [] [] [] [] [] [] [] [] [] [] [] [] [] []
143 [] [1 2 3 4 5] [16] [2 3 7] [1 2 4 6 16] [1] [1 2 3 4 5 6 7 8 20] [1 2 5 6] [16 24] [1 2] [1 2 3 7 8 12 16 20] [16 24 37] [1 2 20] [2 20] [1 2 4 6 7 13 16 20 23] [1 2 3 4 5 7 8 16] [1 2 16] [1 2 3 4 5 6 12 16 17] [1 2 3 4 5 6 7 12 16] [1 2 3 4 12 16] [1 2 12] [1 2 3] [1 2 16 24 37] [1 2 4 5 6 16] [1 2 3 16] [1 2 3 5 7 8 16] [1 2 3 4 7 8 9 12 16 20] [1 2 3 4 5 12 16] [1 2 4 6 7 9 16 20] [1 2 3 5 12] [1 2 3 4 5 12 16 17 19] [1 2 5 6 7] [1 2 3 4 7 8 12 16 24 37 45] [1 2 3 12 16] [1 2 3 4] [2 4 6 7 9] [2] [1 2 3 7 16 24] [2 3 7 8] [1 2 3 4 5 6 7 12 16 20] [1 2 5] [1 2 3 5 6 7 8] [2 3] [1 2 3 7 12 16] [1 2 4 6 7 13 20] [1 2 3 4 7 8 16 20] [1 2 3 4 6 12 16] [1 2 3 4 6 7 8 12 16] [1 2 3 7 8 16 20] [1 2 3 4 6 7 8 9 11 16 24] [1 2 3 4 5 6 7 8 9] [2 3 4] [2 3 4 6 7 8 9] [1 2 3 4 5 6 7 8 13] [1 2 3 4 6 7 12 20] [] [] [] [] [] [] [] [] [] [] [] [] [] [] [] [] [] [] [] [] [] [] []
144 [] [1 2 3 4 5] [16] [2 3 7] [1 2 4 6 16] [1] [1 2 3 4 5 6 7 8 20] [1 2 5 6] [16 24] [1 2] [1 2 3 7 8 12 16 20] [16 24 37] [1 2 20] [2 20] [1 2 4 6 7 13 16 20 23] [1 2 3 4 5 7 8 16] [1 2 16] [1 2 3 4 5 6 12 16 17] [1 2 3 4 5 6 7 12 16] [1 2 3 4 12 16] [1 2 12] [1 2 3] [1 2 16 24 37] [1 2 4 5 6 16] [1 2 3 16] [1 2 3 5 7 8 16] [1 2 3 4 7 8 9 12 16 20] [1 2 3 4 5 12 16] [1 2 4 6 7 9 16 20] [1 2 3 5 12] [1 2 3 4 5 12 16 17 19] [1 2 5 6 7] [1 2 3 4 7 8 12 16 24 37 45] [1 2 3 12 16] [1 2 3 4] [2 4 6 7 9] [2] [1 2 3 7 16 24] [2 3 7 8] [1 2 3 4 5 6 7 12 16 20] [1 2 5] [1 2 3 5 6 7 8] [2 3] [1 2 3 7 12 16] [1 2 4 6 7 13 20] [1 2 3 4 7 8 16 20] [1 2 3 4 6 12 16] [1 2 3 4 6 7 8 12 16] [1 2 3 7 8 16 20] [1 2 3 4 6 7 8 9 11 16 24] [1 2 3 4 5 6 7 8 9] [2 3 4] [2 3 4 6 7 8 9] [1 2 3 4 5 6 7 8 13] [1 2 3 4 6 7 12 20] [] [] [] [] [] [] [] [] [] [] [] [] [] [] [] [] [] [] [] [] [] [] []
145 [] [1 2 3 4 5] [16] [2 3 7] [1 2 4 6 16] [1] [1 2 3 4 5 6 7 8 20] [1 2 5 6] [16 24] [1 2] [1 2 3 7 8 12 16 20] [16 24 37] [1 2 20] [2 20] [1 2 4 6 7 13 16 20 23] [1 2 3 4 5 7 8 16] [1 2 16] [1 2 3 4 5 6 12 16 17] [1 2 3 4 5 6 7 12 16] [1 2 3 4 12 16] [1 2 12] [1 2 3] [1 2 16 24 37] [1 2 4 5 6 16] [1 2 3 16] [1 2 3 5 7 8 16] [1 2 3 4 7 8 9 12 16 20] [1 2 3 4 5 12 16] [1 2 4 6 7 9 16 20] [1 2 3 5 12] [1 2 3 4 5 12 16 17 19] [1 2 5 6 7] [1 2 3 4 7 8 12 16 24 37 45] [1 2 3 12 16] [1 2 3 4] [2 4 6 7 9] [2] [1 2 3 7 16 24] [2 3 7 8] [1 2 3 4 5 6 7 12 16 20] [1 2 5] [1 2 3 5 6 7 8] [2 3] [1 2 3 7 12 16] [1 2 4 6 7 13 20] [1 2 3 4 7 8 16 20] [1 2 3 4 6 12 16] [1 2 3 4 6 7 8 12 16] [1 2 3 7 8 16 20] [1 2 3 4 6 7 8 9 11 16 24] [1 2 3 4 5 6 7 8 9] [2 3 4] [2 3 4 6 7 8 9] [1 2 3 4 5 6 7 8 13] [1 2 3 4 6 7 12 20] [] [] [] [] [] [] [] [] [] [] [] [] [] [] [] [] [] [] [] [] [] [] []
146 [] [1 2 3 4 5] [16] [2 3 7] [1 2 4 6 16] [1] [1 2 3 4 5 6 7 8 20] [1 2 5 6] [16 24] [1 2] [1 2 3 7 8 12 16 20] [16 24 37] [1 2 20] [2 20] [1 2 4 6 7 13 16 20 23] [1 2 3 4 5 7 8 16] [1 2 16] [1 2 3 4 5 6 12 16 17] [1 2 3 4 5 6 7 12 16] [1 2 3 4 12 16] [1 2 12] [1 2 3] [1 2 16 24 37] [1 2 4 5 6 16] [1 2 3 16] [1 2 3 5 7 8 16] [1 2 3 4 7 8 9 12 16 20] [1 2 3 4 5 12 16] [1 2 4 6 7 9 16 20] [1 2 3 5 12] [1 2 3 4 5 12 16 17 19] [1 2 5 6 7] [1 2 3 4 7 8 12 16 24 37 45] [1 2 3 12 16] [1 2 3 4] [2 4 6 7 9] [2] [1 2 3 7 16 24] [2 3 7 8] [1 2 3 4 5 6 7 12 16 20] [1 2 5] [1 2 3 5 6 7 8] [2 3] [1 2 3 7 12 16] [1 2 4 6 7 13 20] [1 2 3 4 7 8 16 20] [1 2 3 4 6 12 16] [1 2 3 4 6 7 8 12 16] [1 2 3 7 8 16 20] [1 2 3 4 6 7 8 9 11 16 24] [1 2 3 4 5 6 7 8 9] [2 3 4] [2 3 4 6 7 8 9] [1 2 3 4 5 6 7 8 13] [1 2 3 4 6 7 12 20] [] [] [] [] [] [] [] [] [] [] [] [] [] [] [] [] [] [] [] [] [] [] []
147 [] [16] [2 3 7] [1 2 4 6 16] [1] [1 2 3 4 5 6 7 8 20] [1 2 5 6] [16 24] [1 2] [1 2 3 7 8 12 16 20] [16 24 37] [1 2 20] [2 20] [1 2 4 6 7 13 16 20 23] [1 2 3 4 5 7 8 16] [1 2 16] [1 2 3 4 5 6 12 16 17] [1 2 3 4 5 6 7 12 16] [1 2 3 4 12 16] [1 2 12] [1 2 3] [1 2 16 24 37] [1 2 4 5 6 16] [1 2 3 16] [1 2 3 5 7 8 16] [1 2 3 4 7 8 9 12 16 20] [1 2 3 4 5] [1 2 3 4 5 12 16] [1 2 4 6 7 9 16 20] [1 2 3 5 12] [1 2 3 4 5 12 16 17 19] [1 2 5 6 7] [1 2 3 4 7 8 12 16 24 37 45] [1 2 3 12 16] [1 2 3 4] [2 4 6 7 9] [2] [1 2 3 7 16 24] [2 3 7 8] [1 2 3 4 5 6 7 12 16 20] [1 2 5] [1 2 3 5 6 7 8] [2 3] [1 2 3 7 12 16] [1 2 4 6 7 13 20] [1 2 3 4 7 8 16 20] [1 2 3 4 6 12 16] [1 2 3 4 6 7 8 12 16] [1 2 3 7 8 16 20] [1 2 3 4 6 7 8 9 11 16 24] [1 2 3 4 5 6 7 8 9] [2 3 4] [2 3 4 6 7 8 9] [1 2 3 4 5 6 7 8 13] [1 2 3 4 6 7 12 20] [] [] [] [] [] [] [] [] [] [] [] [] [] [] [] [] [] [] [] [] [] [] []
148 [] [2 3 7] [1 2 4 6 16] [1] [1 2 3 4 5 6 7 8 20] [1 2 5 6] [16 24] [1 2] [1 2 3 7 8 12 16 20] [16 24 37] [1 2 20] [2 20] [1 2 4 6 7 13 16 20 23] [1 2 3 4 5 7 8 16] [1 2 16] [1 2 3 4 5 6 12 16 17] [1 2 3 4 5 6 7 12 16] [1 2 3 4 12 16] [16] [1 2 12] [1 2 3] [1 2 16 24 37] [1 2 4 5 6 16] [1 2 3 16] [2] [1 2 3 5 7 8 16] [1 2 3 4 7 8 9 12 16 20] [1 2 3 4 5] [1 2 3 4 5 12 16] [1 2 4 6 7 9 16 20] [1 2 3 5 12] [1 2 3 4 5 12 16 17 19] [1 2 5 6 7] [1 2 3 4 7 8 12 16 24 37 45] [1 2 3 12 16] [1 2 3 4] [2 4 6 7 9] [1 2 3 7 16 24] [2 3 7 8] [1 2 3 4 5 6 7 12 16 20] [1 2 5] [1 2 3 5 6 7 8] [2 3] [1 2 3 7 12 16] [1 2 4 6 7 13 20] [1 2 3 4 7 8 16 20] [1 2 3 4 6 12 16] [1 2 3 4 6 7 8 12 16] [1 2 3 7 8 16 20] [1 2 3 4 6 7 8 9 11 16 24] [1 2 3 4 5 6 7 8 9] [2 3 4] [2 3 4 6 7 8 9] [1 2 3 4 5 6 7 8 13] [1 2 3 4 6 7 12 20] [] [] [] [] [] [] [] [] [] [] [] [] [] [] [] [] [] [] [] [] [] [] []
149 [] [1 2 4 6 16] [1] [1 2 3 4 5 6 7 8 20] [1 2 5 6] [16 24] [1 2] [1 2 3 7 8 12 16 20] [16 24 37] [1 2 20] [2 20] [1 2 4 6 7 13 16 20 23] [1 2 3 4 5 7 8 16] [1 2 16] [1 2 3 4 5 6 12 16 17] [1 2 3 4 5 6 7 12 16] [1 2 3 4 12 16] [16] [1 2 12] [1 2 3] [1 2 16 24 37] [1 2 4 5 6 16] [1 2 3 16] [2 3 7] [2] [1 2 3 5 7 8 16] [1 2 3 4 7 8 9 12 16 20] [1 2 3 4 5] [1 2 3 4 5 12 16] [1 2 4 6 7 9 16 20] [1 2 3 5 12] [1 2 3 4 5 12 16 17 19] [1 2 5 6 7] [1 2 3 4 7 8 12 16 24 37 45] [1 2 3 12 16] [1 2 3 4] [2 4 6 7 9] [1 2 3 7 16 24] [2 3 7 8] [1 2 3 4 5 6 7 12 16 20] [1 2 5] [1 2 3 5 6 7 8] [2 3] [1 2 3 7 12 16] [1 2 4 6 7 13 20] [1 2 3 4 7 8 16 20] [1 2 3 4 6 12 16] [1 2 3 4 6 7 8 12 16] [1 2 3 7 8 16 20] [1 2 3 4 6 7 8 9 11 16 24] [1 2 3 4 5 6 7 8 9] [2 3 4] [2 3 4 6 7 8 9] [1 2 3 4 5 6 7 8 13] [1 2 3 4 6 7 12 20] [] [] [] [] [] [] [] [] [] [] [] [] [] [] [] [] [] [] [] [] [] [] []
150 [] [1] [1 2 5 6] [16 24] [1 2] [1 2 3 7 8 12 16 20] [16 24 37] [1 2 20] [2 20] [1 2 4 6 7 13 16 20 23] [1 2 3 4 5 7 8 16] [1 2 16] [1 2 3 4 5 6 12 16 17] [1 2 3 4 12 16] [16] [1 2 12] [1 2 3] [1 2 16 24 37] [1 2 4 5 6 16] [1 2 3 16] [2 3 7] [2] [1 2 3 5 7 8 16] [1 2 3 4 7 8 9 12 16 20] [1 2 3 4 5] [1 2 3 4 5 12 16] [1 2 4 6 7 9 16 20] [1 2 3 5 12] [1 2 3 4 5 12 16 17 19] [1 2 5 6 7] [1 2 3 4 7 8 12 16 24 37 45] [1 2 3 12 16] [1 2 3 4] [2 4 6 7 9] [1 2 3 7 16 24] [2 3 7 8] [1 2 3 4 5 6 7 12 16 20] [1 2 5] [1 2 3 5 6 7 8] [2 3] [1 2 3 7 12 16] [1 2 4 6 7 13 20] [1 2 3 4 7 8 16 20] [1 2 3 4 6 12 16] [1 2 3 4 6 7 8 12 16] [1 2 3 7 8 16 20] [1 2 3 4 6 7 8 9 11 16 24] [1 2 3 4 5 6 7 8 9] [2 3 4] [2 3 4 6 7 8 9] [1 2 3 4 5 6 7 8 13] [1 2 3 4 6 7 12 20] [] [] [] [] [] [] [] [] [] [] [] [] [] [] [] [] [] [] [] [] [] [] [] [] [] []
151 [] [1] [1 2 5 6] [16 24] [1 2] [1 2 3 7 8 12 16 20] [16 24 37] [1 2 20] [2 20] [1 2 4 6 7 13 16 20 23] [1 2 3 4 5 7 8 16] [1 2 16] [1 2 3 4 5 6 12 16 17] [1 2 3 4 12 16] [16] [1 2 12] [1 2 3] [1 2 16 24 37] [1 2 4 5 6 16] [1 2 3 16] [2 3 7] [2] [1 2 3 5 7 8 16] [1 2 3 4 7 8 9 12 16 20] [1 2 3 4 5] [1 2 3 4 5 12 16] [1 2 4 6 7 9 16 20] [1 2 3 5 12] [1 2 3 4 5 12 16 17 19] [1 2 5 6 7] [1 2 3 4 7 8 12 16 24 37 45] [1 2 3 12 16] [1 2 3 4] [2 4 6 7 9] [1 2 3 7 16 24] [2 3 7 8] [1 2 3 4 5 6 7 12 16 20] [1 2 5] [1 2 3 5 6 7 8] [2 3] [1 2 3 7 12 16] [1 2 4 6 7 13 20] [1 2 3 4 7 8 16 20] [1 2 3 4 6 12 16] [1 2 3 4 6 7 8 12 16] [1 2 3 7 8 16 20] [1 2 3 4 6 7 8 9 11 16 24] [1 2 3 4 5 6 7 8 9] [2 3 4] [2 3 4 6 7 8 9] [1 2 3 4 5 6 7 8 13] [1 2 3 4 6 7 12 20] [] [] [] [] [] [] [] [] [] [] [] [] [] [] [] [] [] [] [] [] [] [] [] [] [] []
152 [] [1] [1 2 5 6] [16 24] [1 2] [1 2 3 7 8 12 16 20] [16 24 37] [1 2 20] [2 20] [1 2 4 6 7 13 16 20 23] [1 2 3 4 5 7 8 16] [1 2 16] [1 2 3 4 5 6 12 16 17] [1 2 3 4 12 16] [16] [1 2 12] [1 2 3] [1 2 16 24 37] [1 2 4 5 6 16] [1 2 3 16] [2 3 7] [2] [1 2 3 5 7 8 16] [1 2 3 4 7 8 9 12 16 20] [1 2 3 4 5] [1 2 3 4 5 12 16] [1 2 4 6 7 9 16 20] [1 2 3 5 12] [1 2 3 4 5 12 16 17 19] [1 2 5 6 7] [1 2 3 4 7 8 12 16 24 37 45] [1 2 3 12 16] [1 2 3 4] [2 4 6 7 9] [1 2 3 7 16 24] [2 3 7 8] [1 2 3 4 5 6 7 12 16 20] [1 2 5] [1 2 3 5 6 7 8] [2 3] [1 2 3 7 12 16] [1 2 4 6 7 13 20] [1 2 3 4 7 8 16 20] [1 2 3 4 6 12 16] [1 2 3 4 6 7 8 12 16] [1 2 3 7 8 16 20] [1 2 3 4 6 7 8 9 11 16 24] [1 2 3 4 5 6 7 8 9] [2 3 4] [2 3 4 6 7 8 9] [1 2 3 4 5 6 7 8 13] [1 2 3 4 6 7 12 20] [] [] [] [] [] [] [] [] [] [] [] [] [] [] [] [] [] [] [] [] [] [] [] [] [] []
153 [] [1] [1 2 5 6] [16 24] [1 2] [1 2 3 7 8 12 16 20] [16 24 37] [1 2 20] [2 20] [1 2 4 6 7 13 16 20 23] [1 2 3 4 5 7 8 16] [1 2 16] [1 2 3 4 5 6 12 16 17] [1 2 3 4 12 16] [16] [1 2 12] [1 2 3] [1 2 16 24 37] [1 2 4 5 6 16] [1 2 3 16] [2 3 7] [2] [1 2 3 5 7 8 16] [1 2 3 4 7 8 9 12 16 20] [1 2 3 4 5] [1 2 3 4 5 12 16] [1 2 4 6 7 9 16 20] [1 2 3 5 12] [1 2 3 4 5 12 16 17 19] [1 2 5 6 7] [1 2 3 4 7 8 12 16 24 37 45] [1 2 3 12 16] [1 2 3 4] [2 4 6 7 9] [1 2 3 7 16 24] [2 3 7 8] [1 2 3 4 5 6 7 12 16 20] [1 2 5] [1 2 3 5 6 7 8] [2 3] [1 2 3 7 12 16] [1 2 4 6 7 13 20] [1 2 3 4 7 8 16 20] [1 2 3 4 6 12 16] [1 2 3 4 6 7 8 12 16] [1 2 3 7 8 16 20] [1 2 3 4 6 7 8 9 11 16 24] [1 2 3 4 5 6 7 8 9] [2 3 4] [2 3 4 6 7 8 9] [1 2 3 4 5 6 7 8 13] [1 2 3 4 6 7 12 20] [] [] [] [] [] [] [] [] [] [] [] [] [] [] [] [] [] [] [] [] [] [] [] [] [] []
154 [] [1] [1 2 5 6] [16 24] [1 2] [1 2 3 7 8 12 16 20] [16 24 37] [1 2 20] [2 20] [1 2 4 6 7 13 16 20 23] [1 2 3 4 5 7 8 16] [1 2 16] [1 2 3 4 5 6 12 16 17] [1 2 3 4 12 16] [16] [1 2 12] [1 2 3] [1 2 16 24 37] [1 2 4 5 6 16] [1 2 3 16] [2 3 7] [2] [1 2 3 5 7 8 16] [1 2 3 4 7 8 9 12 16 20] [1 2 3 4 5] [1 2 3 4 5 12 16] [1 2 4 6 7 9 16 20] [1 2 3 5 12] [1 2 3 4 5 12 16 17 19] [1 2 5 6 7] [1 2 3 4 7 8 12 16 24 37 45] [1 2 3 12 16] [1 2 3 4] [2 4 6 7 9] [1 2 3 7 16 24] [2 3 7 8] [1 2 3 4 5 6 7 12 16 20] [1 2 5] [1 2 3 5 6 7 8] [2 3] [1 2 3 7 12 16] [1 2 4 6 7 13 20] [1 2 3 4 7 8 16 20] [1 2 3 4 6 12 16] [1 2 3 4 6 7 8 12 16] [1 2 3 7 8 16 20] [1 2 3 4 6 7 8 9 11 16 24] [1 2 3 4 5 6 7 8 9] [2 3 4] [2 3 4 6 7 8 9] [1 2 3 4 5 6 7 8 13] [1 2 3 4 6 7 12 20] [] [] [] [] [] [] [] [] [] [] [] [] [] [] [] [] [] [] [] [] [] [] [] [] [] []
155 [] [1] [1 2 5 6] [16 24] [1 2] [1 2 3 7 8 12 16 20] [16 24 37] [1 2 20] [2 20] [1 2 4 6 7 13 16 20 23] [1 2 3 4 5 7 8 16] [1 2 16] [1 2 3 4 5 6 12 16 17] [1 2 3 4 12 16] [16] [1 2 12] [1 2 3] [1 2 16 24 37] [1 2 4 5 6 16] [1 2 3 16] [2 3 7] [2] [1 2 3 5 7 8 16] [1 2 3 4 7 8 9 12 16 20] [1 2 3 4 5] [1 2 3 4 5 12 16] [1 2 4 6 7 9 16 20] [1 2 3 5 12] [1 2 3 4 5 12 16 17 19] [1 2 5 6 7] [1 2 3 4 7 8 12 16 24 37 45] [1 2 3 12 16] [1 2 3 4] [2 4 6 7 9] [1 2 3 7 16 24] [2 3 7 8] [1 2 3 4 5 6 7 12 16 20] [1 2 5] [1 2 3 5 6 7 8] [2 3] [1 2 3 7 12 16] [1 2 4 6 7 13 20] [1 2 3 4 7 8 16 20] [1 2 3 4 6 12 16] [1 2 3 4 6 7 8 12 16] [1 2 3 7 8 16 20] [1 2 3 4 6 7 8 9 11 16 24] [1 2 3 4 5 6 7 8 9] [2 3 4] [2 3 4 6 7 8 9] [1 2 3 4 5 6 7 8 13] [1 2 3 4 6 7 12 20] [] [] [] [] [] [] [] [] [] [] [] [] [] [] [] [] [] [] [] [] [] [] [] [] [] []
156 [] [1] [1 2 5 6] [16 24] [1 2] [1 2 3 7 8 12 16 20] [16 24 37] [1 2 20] [2 20] [1 2 4 6 7 13 16 20 23] [1 2 3 4 5 7 8 16] [1 2 16] [1 2 3 4 5 6 12 16 17] [1 2 3 4 12 16] [16] [1 2 12] [1 2 3] [1 2 16 24 37] [1 2 4 5 6 16] [1 2 3 16] [2 3 7] [2] [1 2 3 5 7 8 16] [1 2 3 4 7 8 9 12 16 20] [1 2 3 4 5] [1 2 3 4 5 12 16] [1 2 4 6 7 9 16 20] [1 2 3 5 12] [1 2 3 4 5 12 16 17 19] [1 2 5 6 7] [1 2 3 4 7 8 12 16 24 37 45] [1 2 3 12 16] [1 2 3 4] [2 4 6 7 9] [1 2 3 7 16 24] [2 3 7 8] [1 2 3 4 5 6 7 12 16 20] [1 2 5] [1 2 3 5 6 7 8] [2 3] [1 2 3 7 12 16] [1 2 4 6 7 13 20] [1 2 3 4 7 8 16 20] [1 2 3 4 6 12 16] [1 2 3 4 6 7 8 12 16] [1 2 3 7 8 16 20] [1 2 3 4 6 7 8 9 11 16 24] [1 2 3 4 5 6 7 8 9] [2 3 4] [2 3 4 6 7 8 9] [1 2 3 4 5 6 7 8 13] [1 2 3 4 6 7 12 20] [] [] [] [] [] [] [] [] [] [] [] [] [] [] [] [] [] [] [] [] [] [] [] [] [] []
157 [] [1 2 5 6] [1] [16 24] [1 2] [1 2 3 7 8 12 16 20] [16 24 37] [1 2 20] [2 20] [1 2 4 6 7 13 16 20 23] [1 2 3 4 5 7 8 16] [1 2 16] [1 2 3 4 5 6 12 16 17] [1 2 3 4 12 16] [16] [1 2 12] [1 2 3] [1 2 16 24 37] [1 2 4 5 6 16] [1 2 3 16] [2 3 7] [2] [1 2 3 5 7 8 16] [1 2 3 4 7 8 9 12 16 20] [16 24 37 45] [1 2 3 4 5] [1 2 3 4 5 12 16] [1 2 4 6 7 9 16 20] [1 2 3 5 12] [1 2 3 4 5 12 16 17 19] [1 2 5 6 7] [1 2 3 4 7 8 12 16 24 37 45] [1 2 3 12 16] [1 2 3 4] [2 4 6 7 9] [1 2 3 7 16 24] [2 3 7 8] [1 2 3 4 5 6 7 12 16 20] [1 2 5] [1 2 3 5 6 7 8] [2 3] [1 2 3 7 12 16] [1 2 4 6 7 13 20] [1 2 3 4 7 8 16 20] [1 2 3 4 6 12 16] [1 2 3 4 6 7 8 12 16] [1 2 3 7 8 16 20] [1 2 3 4 6 7 8 9 11 16 24] [1 2 3 4 5 6 7 8 9] [2 3 4] [2 3 4 6 7 8 9] [1 2 3 4 5 6 7 8 13] [1 2 3 4 6 7 12 20] [] [] [] [] [] [] [] [] [] [] [] [] [] [] [] [] [] [] [] [] [] [] [] [] []
158 [] [1] [1 2 3] [16 24] [1 2] [1 2 3 7 8 12 16 20] [16 24 37] [1 2 20] [2 20] [1 2 4 6 7 13 16 20 23] [1 2 3 4 5 7 8 16] [1 2 16] [1 2 3 4 5 6 12 16 17] [1 2 3 4 12 16] [16] [1 2 12] [1 2 16 24 37] [1 2 4 5 6 16] [1 2 5 6] [1 2 3 16] [2 3 7] [2] [1 2 3 5 7 8 16] [1 2 3 4 7 8 9 12 16 20] [16 24 37 45] [1 2 3 4 5] [1 2 3 4 5 12 16] [1 2 4 6 7 9 16 20] [1 2 3 5 12] [1 2 3 4 5 12 16 17 19] [1 2 5 6 7] [1 2 3 4 7 8 12 16 24 37 45] [1 2 3 12 16] [1 2 3 4] [2 4 6 7 9] [1 2 3 7 16 24] [2 3 7 8] [1 2 3 4 5 6 7 12 16 20] [1 2 5] [1 2 3 5 6 7 8] [2 3] [1 2 3 7 12 16] [1 2 4 6 7 13 20] [1 2 3 4 7 8 16 20] [1 2 3 4 6 12 16] [1 2 3 4 6 7 8 12 16] [1 2 3 7 8 16 20] [1 2 3 4 6 7 8 9 11 16 24] [1 2 3 4 5 6 7 8 9] [2 3 4] [2 3 4 6 7 8 9] [1 2 3 4 5 6 7 8 13] [1 2 3 4 6 7 12 20] [] [] [] [] [] [] [] [] [] [] [] [] [] [] [] [] [] [] [] [] [] [] [] [] []
159 [] [1 2 3] [1 2 12] [16 24] [1 2 4 6 20] [1 2] [1 2 3 7 8 12 16 20] [16 24 37] [1 2 20] [2 20] [1] [1 2 4 6 7 13 16 20 23] [1 2 3 4 5 7 8 16] [1 2 16] [1 2 3 4 5 6 12 16 17] [1 2 3 4 12 16] [16] [1 2 16 24 37] [1 2 4 5 6 16] [1 2 5 6] [1 2 3 16] [2 3 7] [2] [1 2 3 5 7 8 16] [1 2 3 4 7 8 9 12 16 20] [16 24 37 45] [1 2 3 4 5] [1 2 3 4 5 12 16] [1 2 4 6 7 9 16 20] [1 2 3 5 12] [1 2 3 4 5 12 16 17 19] [1 2 5 6 7] [1 2 3 4 7 8 12 16 24 37 45] [1 2 3 12 16] [1 2 3 4] [2 4 6 7 9] [1 2 3 7 16 24] [2 3 7 8] [1 2 3 4 5 6 7 12 16 20] [1 2 5] [1 2 3 5 6 7 8] [2 3] [1 2 3 7 12 16] [1 2 4 6 7 13 20] [1 2 3 4 7 8 16 20] [1 2 3 4 6 12 16] [1 2 3 4 6 7 8 12 16] [1 2 3 7 8 16 20] [1 2 3 4 6 7 8 9 11 16 24] [1 2 3 4 5 6 7 8 9] [2 3 4] [2 3 4 6 7 8 9] [1 2 3 4 5 6 7 8 13] [1 2 3 4 6 7 12 20] [] [] [] [] [] [] [] [] [] [] [] [] [] [] [] [] [] [] [] [] [] [] [] []
160 [] [1 2 12] [1 2 4 6 20] [1 2] [1 2 3 7 8 12 16 20] [16 24 37] [1 2 20] [2 20] [1] [1 2 4 6 7 13 16 20 23] [1 2 3 4 5 7 8 16] [1 2 16] [1 2 3 4 5 6 12 16 17] [1 2 3 4 12 16] [16] [1 2 3] [1 2 16 24 37] [1 2 4 5 6 16] [1 2 5 6] [1 2 3 16] [2 3 7] [2] [1 2 3 5 7 8 16] [1 2 3 4 7 8 9 12 16 20] [16 24 37 45] [1 2 3 4 5] [1 2 3 4 5 12 16] [1 2 4 6 7 9 16 20] [1 2 3 5 12] [1 2 3 4 5 12 16 17 19] [1 2 5 6 7] [1 2 3 4 7 8 12 16 24 37 45] [1 2 3 12 16] [1 2 3 4] [2 4 6 7 9] [1 2 3 7 16 24] [2 3 7 8] [1 2 3 4 5 6 7 12 16 20] [1 2 5] [1 2 3 5 6 7 8] [2 3] [1 2 3 7 12 16] [1 2 4 6 7 13 20] [1 2 3 4 7 8 16 20] [1 2 3 4 6 12 16] [1 2 3 4 6 7 8 12 16] [1 2 3 7 8 16 20] [1 2 3 4 6 7 8 9 11 16 24] [1 2 3 4 5 6 7 8 9] [2 3 4] [2 3 4 6 7 8 9] [1 2 3 4 5 6 7 8 13] [1 2 3 4 6 7 12 20] [] [] [] [] [] [] [] [] [] [] [] [] [] [] [] [] [] [] [] [] [] [] [] [] []
161 [] [1 2 12] [1 2 4 6 20] [1 2] [1 2 3 7 8 12 16 20] [16 24 37] [1 2 20] [2 20] [1] [1 2 4 6 7 13 16 20 23] [1 2 3 4 5 7 8 16] [1 2 16] [1 2 3 4 5 6 12 16 17] [1 2 3 4 12 16] [16] [1 2 3] [1 2 16 24 37] [1 2 4 5 6 16] [1 2 5 6] [1 2 3 16] [2 3 7] [2] [1 2 3 5 7 8 16] [1 2 3 4 7 8 9 12 16 20] [16 24 37 45] [1 2 3 4 5] [1 2 3 4 5 12 16] [1 2 4 6 7 9 16 20] [1 2 3 5 12] [1 2 3 4 5 12 16 17 19] [1 2 5 6 7] [1 2 3 4 7 8 12 16 24 37 45] [1 2 3 12 16] [1 2 3 4] [2 4 6 7 9] [1 2 3 7 16 24] [2 3 7 8] [1 2 3 4 5 6 7 12 16 20] [1 2 5] [1 2 3 5 6 7 8] [2 3] [1 2 3 7 12 16] [1 2 4 6 7 13 20] [1 2 3 4 7 8 16 20] [1 2 3 4 6 12 16] [1 2 3 4 6 7 8 12 16] [1 2 3 7 8 16 20] [1 2 3 4 6 7 8 9 11 16 24] [1 2 3 4 5 6 7 8 9] [2 3 4] [2 3 4 6 7 8 9] [1 2 3 4 5 6 7 8 13] [1 2 3 4 6 7 12 20] [] [] [] [] [] [] [] [] [] [] [] [] [] [] [] [] [] [] [] [] [] [] [] [] []
162 [] [1 2 12] [1] [1 2 4 6 20] [1 2] [1 2 3 7 8 12 16 20] [16 24 37] [1 2 20] [2 20] [1 2 4 6 7 13 16 20 23] [1 2 3 4 5 7 8 16] [1 2 16] [1 2 3 4 5 6 12 16 17] [1 2 3 4 12 16] [16] [1 2 3] [1 2 16 24 37] [1 2 4 5 6 16] [1 2 5 6] [1 2 3 16] [2 3 7] [2] [1 2 3 5 7 8 16] [1 2 3 4 7 8 9 12 16 20] [16 24 37 45] [1 2 3 4 5] [1 2 3 4 5 12 16] [1 2 4 6 7 9 16 20] [1 2 3 5 12] [1 2 3 4 5 12 16 17 19] [1 2 5 6 7] [1 2 3 4 7 8 12 16 24 37 45] [1 2 3 12 16] [1 2 3 4] [2 4 6 7 9] [1 2 3 7 16 24] [2 3 7 8] [1 2 3 4 5 6 7 12 16 20] [1 2 5] [1 2 3 5 6 7 8] [2 3] [1 2 3 7 12 16] [1 2 4 6 7 13 20] [1 2 3 4 7 8 16 20] [1 2 3 4 6 12 16] [1 2 3 4 6 7 8 12 16] [1 2 3 7 8 16 20] [1 2 3 4 6 7 8 9 11 16 24] [1 2 3 4 5 6 7 8 9] [2 3 4] [2 3 4 6 7 8 9] [1 2 3 4 5 6 7 8 13] [1 2 3 4 6 7 12 20] [] [] [] [] [] [] [] [] [] [] [] [] [] [] [] [] [] [] [] [] [] [] [] [] []
163 [] [1] [1 2 4 6 20] [1 2] [1 2 3 7 8 12 16 20] [16 24 37] [1 2 20] [2 20] [1 2 4 6 7 13 16 20 23] [1 2 3 4 5 7 8 16] [1 2 16] [1 2 3 4 5 6 12 16 17] [1 2 3 4 12 16] [16] [1 2 12] [1 2 3] [1 2 16 24 37] [1 2 4 5 6 16] [1 2 5 6] [1 2 3 16] [2 3 7] [2] [1 2 3 5 7 8 16] [1 2 3 4 7 8 9 12 16 20] [16 24 37 45] [1 2 3 4 5] [1 2 3 4 5 12 16] [1 2 4 6 7 9 16 20] [1 2 3 5 12] [1 2 3 4 5 12 16 17 19] [1 2 5 6 7] [1 2 3 4 7 8 12 16 24 37 45] [1 2 3 12 16] [1 2 3 4] [2 4 6 7 9] [1 2 3 7 16 24] [2 3 7 8] [1 2 3 4 5 6 7 12 16 20] [1 2 5] [1 2 3 5 6 7 8] [2 3] [1 2 3 7 12 16] [1 2 4 6 7 13 20] [1 2 3 4 7 8 16 20] [1 2 3 4 6 12 16] [1 2 3 4 6 7 8 12 16] [1 2 3 7 8 16 20] [1 2 3 4 6 7 8 9 11 16 24] [1 2 3 4 5 6 7 8 9] [2 3 4] [2 3 4 6 7 8 9] [1 2 3 4 5 6 7 8 13] [1 2 3 4 6 7 12 20] [] [] [] [] [] [] [] [] [] [] [] [] [] [] [] [] [] [] [] [] [] [] [] [] []
164 [] [1 2 4 6 20] [1 2 3 7 8 12 16 20] [16 24 37] [1 2 20] [1 2] [2 20] [1] [1 2 4 6 7 13 16 20 23] [1 2 3 4 5 7 8 16] [1 2 16] [1 2 3 4 5 6 12 16 17] [1 2 3 4 12 16] [16] [1 2 12] [1 2 3] [1 2 16 24 37] [1 2 4 5 6 16] [1 2 5 6] [1 2 3 16] [2 3 7] [2] [1 2 3 5 7 8 16] [1 2 3 4 7 8 9 12 16 20] [16 24 37 45] [1 2 3 4 5] [1 2 3 4 5 12 16] [1 2 4 6 7 9 16 20] [1 2 3 5 12] [1 2 3 4 5 12 16 17 19] [1 2 5 6 7] [1 2 3 4 7 8 12 16 24 37 45] [1 2 3 12 16] [1 2 3 4] [2 4 6 7 9] [1 2 3 7 16 24] [2 3 7 8] [1 2 3 4 5 6 7 12 16 20] [1 2 5] [1 2 3 5 6 7 8] [2 3] [1 2 3 7 12 16] [1 2 4 6 7 13 20] [1 2 3 4 7 8 16 20] [1 2 3 4 6 12 16] [1 2 3 4 6 7 8 12 16] [1 2 3 7 8 16 20] [1 2 3 4 6 7 8 9 11 16 24] [1 2 3 4 5 6 7 8 9] [2 3 4] [2 3 4 6 7 8 9] [1 2 3 4 5 6 7 8 13] [1 2 3 4 6 7 12 20] [] [] [] [] [] [] [] [] [] [] [] [] [] [] [] [] [] [] [] [] [] [] [] [] []
165 [] [1 2 3 7 8 12 16 20] [2 3 4 7] [16 24 37] [1 2 20] [1 2] [2 20] [1] [1 2 4 6 7 13 16 20 23] [1 2 3 4 5 7 8 16] [1 2 16] [1 2 3 4 5 6 12 16 17] [1 2 3 4 12 16] [16] [1 2 12] [1 2 3] [1 2 16 24 37] [1 2 4 5 6 16] [1 2 5 6] [1 2 3 16] [2 3 7] [2] [1 2 3 5 7 8 16] [1 2 3 4 7 8 9 12 16 20] [16 24 37 45] [1 2 3 4 5] [1 2 3 4 5 12 16] [1 2 4 6 7 9 16 20] [1 2 3 5 12] [1 2 3 4 5 12 16 17 19] [1 2 5 6 7] [1 2 3 4 7 8 12 16 24 37 45] [1 2 3 12 16] [1 2 3 4] [2 4 6 7 9] [1 2 3 7 16 24] [2 3 7 8] [1 2 3 4 5 6 7 12 16 20] [1 2 5] [1 2 3 5 6 7 8] [2 3] [1 2 3 7 12 16] [1 2 4 6 7 13 20] [1 2 3 4 7 8 16 20] [1 2 3 4 6 12 16] [1 2 3 4 6 7 8 12 16] [1 2 3 7 8 16 20] [1 2 3 4 6 7 8 9 11 16 24] [1 2 3 4 5 6 7 8 9] [2 3 4] [2 3 4 6 7 8 9] [1 2 3 4 5 6 7 8 13] [1 2 3 4 6 7 12 20] [] [] [] [] [] [] [] [] [] [] [] [] [] [] [] [] [] [] [] [] [] [] [] [] []
166 [] [2 3 4 7] [1 2 20] [1 2] [2 20] [1] [1 2 4 6 7 13 16 20 23] [1 2 3 7 8 12 16 20] [1 2 3 4 5 7 8 16] [1 2 16] [1 2 3 4 5 6 12 16 17] [1 2 3 4 12 16] [16] [1 2 12] [1 2 3] [1 2 16 24 37] [1 2 4 5 6 16] [16 24 37] [1 2 5 6] [1 2 3 16] [2 3 7] [2] [1 2 3 5 7 8 16] [1 2 3 4 7 8 9 12 16 20] [16 24 37 45] [1 2 3 4 5] [1 2 3 4 5 12 16] [1 2 4 6 7 9 16 20] [1 2 3 5 12] [1 2 3 4 5 12 16 17 19] [1 2 5 6 7] [1 2 3 4 7 8 12 16 24 37 45] [1 2 3 12 16] [1 2 3 4] [2 4 6 7 9] [1 2 3 7 16 24] [2 3 7 8] [1 2 3 4 5 6 7 12 16 20] [1 2 5] [1 2 3 5 6 7 8] [2 3] [1 2 3 7 12 16] [1 2 4 6 7 13 20] [1 2 3 4 7 8 16 20] [1 2 3 4 6 12 16] [1 2 3 4 6 7 8 12 16] [1 2 3 7 8 16 20] [1 2 3 4 6 7 8 9 11 16 24] [1 2 3 4 5 6 7 8 9] [2 3 4] [2 3 4 6 7 8 9] [1 2 3 4 5 6 7 8 13] [1 2 3 4 6 7 12 20] [] [] [] [] [] [] [] [] [] [] [] [] [] [] [] [] [] [] [] [] [] [] [] [] []
167 [] [2 3 4 7] [1 2 20] [1 2] [2 20] [1] [1 2 4 6 7 13 16 20 23] [1 2 3 7 8 12 16 20] [1 2 3 4 5 7 8 16] [1 2 16] [1 2 3 4 5 6 12 16 17] [1 2 3 4 12 16] [16] [1 2 12] [1 2 3] [1 2 16 24 37] [1 2 4 5 6 16] [16 24 37] [1 2 5 6] [1 2 3 16] [2 3 7] [2] [1 2 3 5 7 8 16] [1 2 3 4 7 8 9 12 16 20] [16 24 37 45] [1 2 3 4 5] [1 2 3 4 5 12 16] [1 2 4 6 7 9 16 20] [1 2 3 5 12] [1 2 3 4 5 12 16 17 19] [1 2 5 6 7] [1 2 3 4 7 8 12 16 24 37 45] [1 2 3 12 16] [1 2 3 4] [2 4 6 7 9] [1 2 3 7 16 24] [2 3 7 8] [1 2 3 4 5 6 7 12 16 20] [1 2 5] [1 2 3 5 6 7 8] [2 3] [1 2 3 7 12 16] [1 2 4 6 7 13 20] [1 2 3 4 7 8 16 20] [1 2 3 4 6 12 16] [1 2 3 4 6 7 8 12 16] [1 2 3 7 8 16 20] [1 2 3 4 6 7 8 9 11 16 24] [1 2 3 4 5 6 7 8 9] [2 3 4] [2 3 4 6 7 8 9] [1 2 3 4 5 6 7 8 13] [1 2 3 4 6 7 12 20] [] [] [] [] [] [] [] [] [] [] [] [] [] [] [] [] [] [] [] [] [] [] [] [] []
168 [] [2 3 4 7] [1 2 20] [1 2] [2 20] [1] [1 2 4 6 7 13 16 20 23] [1 2 3 7 8 12 16 20] [1 2 3 4 5 7 8 16] [1 2 16] [1 2 3 4 5 6 12 16 17] [1 2 3 4 12 16] [16] [1 2 12] [1 2 3] [1 2 16 24 37] [1 2 4 5 6 16] [16 24 37] [1 2 5 6] [1 2 3 16] [2 3 7] [2] [1 2 3 5 7 8 16] [1 2 3 4 7 8 9 12 16 20] [16 24 37 45] [1 2 3 4 5] [1 2 3 4 5 12 16] [1 2 4 6 7 9 16 20] [1 2 3 5 12] [1 2 3 4 5 12 16 17 19] [1 2 5 6 7] [1 2 3 4 7 8 12 16 24 37 45] [1 2 3 12 16] [1 2 3 4] [2 4 6 7 9] [1 2 3 7 16 24] [2 3 7 8] [1 2 3 4 5 6 7 12 16 20] [1 2 5] [1 2 3 5 6 7 8] [2 3] [1 2 3 7 12 16] [1 2 4 6 7 13 20] [1 2 3 4 7 8 16 20] [1 2 3 4 6 12 16] [1 2 3 4 6 7 8 12 16] [1 2 3 7 8 16 20] [1 2 3 4 6 7 8 9 11 16 24] [1 2 3 4 5 6 7 8 9] [2 3 4] [2 3 4 6 7 8 9] [1 2 3 4 5 6 7 8 13] [1 2 3 4 6 7 12 20] [] [] [] [] [] [] [] [] [] [] [] [] [] [] [] [] [] [] [] [] [] [] [] [] []
169 [] [1 2 20] [1 2] [2 20] [1] [1 2 4 6 7 13 16 20 23] [1 2 3 7 8 12 16 20] [1 2 3 4 5 7 8 16] [1 2 16] [1 2 3 4 5 6 12 16 17] [1 2 3 4 12 16] [16] [1 2 12] [1 2 3] [1 2 16 24 37] [1 2 4 5 6 16] [16 24 37] [1 2 5 6] [1 2 3 16] [2 3 7] [2] [1 2 3 5 7 8 16] [1 2 3 4 7 8 9 12 16 20] [16 24 37 45] [1 2 3 4 5] [1 2 3 4 5 12 16] [1 2 4 6 7 9 16 20] [1 2 3 5 12] [1 2 3 4 5 12 16 17 19] [1 2 5 6 7] [1 2 3 4 7 8 12 16 24 37 45] [1 2 3 12 16] [1 2 3 4] [2 4 6 7 9] [1 2 3 7 16 24] [2 3 7 8] [1 2 3 4 5 6 7 12 16 20] [1 2 5] [1 2 3 5 6 7 8] [2 3] [1 2 3 7 12 16] [1 2 4 6 7 13 20] [1 2 3 4 7 8 16 20] [1 2 3 4 6 12 16] [1 2 3 4 6 7 8 12 16] [1 2 3 7 8 16 20] [1 2 3 4 6 7 8 9 11 16 24] [1 2 3 4 5 6 7 8 9] [2 3 4] [2 3 4 6 7 8 9] [1 2 3 4 5 6 7 8 13] [1 2 3 4 6 7 12 20] [] [] [] [] [] [] [] [] [] [] [] [] [] [] [] [] [] [] [] [] [] [] [] [] [] []
170 [] [1 2 20] [1 2] [2 20] [1] [1 2 4 6 7 13 16 20 23] [1 2 3 7 8 12 16 20] [1 2 3 4 5 7 8 16] [1 2 16] [1 2 3 4 5 6 12 16 17] [1 2 3 4 12 16] [16] [1 2 12] [1 2 3] [1 2 16 24 37] [1 2 4 5 6 16] [16 24 37] [1 2 5 6] [1 2 3 16] [2 3 7] [2] [1 2 3 5 7 8 16] [1 2 3 4 7 8 9 12 16 20] [16 24 37 45] [1 2 3 4 5] [1 2 3 4 5 12 16] [1 2 4 6 7 9 16 20] [1 2 3 5 12] [1 2 3 4 5 12 16 17 19] [1 2 5 6 7] [1 2 3 4 7 8 12 16 24 37 45] [1 2 3 12 16] [1 2 3 4] [2 4 6 7 9] [1 2 3 7 16 24] [2 3 7 8] [1 2 3 4 5 6 7 12 16 20] [1 2 5] [1 2 3 5 6 7 8] [2 3] [1 2 3 7 12 16] [1 2 4 6 7 13 20] [1 2 3 4 7 8 16 20] [1 2 3 4 6 12 16] [1 2 3 4 6 7 8 12 16] [1 2 3 7 8 16 20] [1 2 3 4 6 7 8 9 11 16 24] [1 2 3 4 5 6 7 8 9] [2 3 4] [2 3 4 6 7 8 9] [1 2 3 4 5 6 7 8 13] [1 2 3 4 6 7 12 20] [] [] [] [] [] [] [] [] [] [] [] [] [] [] [] [] [] [] [] [] [] [] [] [] [] []
171 [] [1 2 20] [1 2] [2 20] [1] [1 2 4 6 7 13 16 20 23] [1 2 3 7 8 12 16 20] [1 2 3 4 5 7 8 16] [1 2 16] [1 2 3 4 5 6 12 16 17] [1 2 3 4 12 16] [16] [1 2 12] [1 2 3] [1 2 16 24 37] [1 2 4 5 6 16] [16 24 37] [1 2 5 6] [1 2 3 16] [2 3 7] [2] [1 2 3 5 7 8 16] [1 2 3 4 7 8 9 12 16 20] [16 24 37 45] [1 2 3 4 5] [1 2 3 4 5 12 16] [1 2 4 6 7 9 16 20] [1 2 3 5 12] [1 2 3 4 5 12 16 17 19] [1 2 5 6 7] [1 2 3 4 7 8 12 16 24 37 45] [1 2 3 12 16] [1 2 3 4] [2 4 6 7 9] [1 2 3 7 16 24] [2 3 7 8] [1 2 3 4 5 6 7 12 16 20] [1 2 5] [1 2 3 5 6 7 8] [2 3] [1 2 3 7 12 16] [1 2 4 6 7 13 20] [1 2 3 4 7 8 16 20] [1 2 3 4 6 12 16] [1 2 3 4 6 7 8 12 16] [1 2 3 7 8 16 20] [1 2 3 4 6 7 8 9 11 16 24] [1 2 3 4 5 6 7 8 9] [2 3 4] [2 3 4 6 7 8 9] [1 2 3 4 5 6 7 8 13] [1 2 3 4 6 7 12 20] [] [] [] [] [] [] [] [] [] [] [] [] [] [] [] [] [] [] [] [] [] [] [] [] [] []
172 [] [1 2 20] [1 2] [2 20] [1] [1 2 4 6 7 13 16 20 23] [1 2 3 7 8 12 16 20] [1 2 3 4 5 7 8 16] [1 2 16] [1 2 3 4 5 6 12 16 17] [1 2 3 4 12 16] [16] [1 2 12] [1 2 3] [1 2 16 24 37] [1 2 4 5 6 16] [16 24 37] [1 2 5 6] [1 2 3 16] [2 3 7] [2] [1 2 3 5 7 8 16] [1 2 3 4 7 8 9 12 16 20] [16 24 37 45] [1 2 3 4 5] [1 2 3 4 5 12 16] [1 2 4 6 7 9 16 20] [1 2 3 5 12] [1 2 3 4 5 12 16 17 19] [1 2 5 6 7] [1 2 3 4 7 8 12 16 24 37 45] [1 2 3 12 16] [1 2 3 4] [2 4 6 7 9] [1 2 3 7 16 24] [2 3 7 8] [1 2 3 4 5 6 7 12 16 20] [1 2 5] [1 2 3 5 6 7 8] [2 3] [1 2 3 7 12 16] [1 2 4 6 7 13 20] [1 2 3 4 7 8 16 20] [1 2 3 4 6 12 16] [1 2 3 4 6 7 8 12 16] [1 2 3 7 8 16 20] [1 2 3 4 6 7 8 9 11 16 24] [1 2 3 4 5 6 7 8 9] [2 3 4] [2 3 4 6 7 8 9] [1 2 3 4 5 6 7 8 13] [1 2 3 4 6 7 12 20] [] [] [] [] [] [] [] [] [] [] [] [] [] [] [] [] [] [] [] [] [] [] [] [] [] []
173 [] [1 2 20] [1 2] [2 20] [1] [1 2 4 6 7 13 16 20 23] [1 2 3 7 8 12 16 20] [1 2 3 4 5 7 8 16] [1 2 16] [1 2 3 4 5 6 12 16 17] [1 2 3 4 12 16] [16] [1 2 12] [1 2 3] [1 2 16 24 37] [1 2 4 5 6 16] [16 24 37] [1 2 5 6] [1 2 3 16] [2 3 7] [2] [1 2 3 5 7 8 16] [1 2 3 4 7 8 9 12 16 20] [16 24 37 45] [1 2 3 4 5] [1 2 3 4 5 12 16] [1 2 4 6 7 9 16 20] [1 2 3 5 12] [1 2 3 4 5 12 16 17 19] [1 2 5 6 7] [1 2 3 4 7 8 12 16 24 37 45] [1 2 3 12 16] [1 2 3 4] [2 4 6 7 9] [1 2 3 7 16 24] [2 3 7 8] [1 2 3 4 5 6 7 12 16 20] [1 2 5] [1 2 3 5 6 7 8] [2 3] [1 2 3 7 12 16] [1 2 4 6 7 13 20] [1 2 3 4 7 8 16 20] [1 2 3 4 6 12 16] [1 2 3 4 6 7 8 12 16] [1 2 3 7 8 16 20] [1 2 3 4 6 7 8 9 11 16 24] [1 2 3 4 5 6 7 8 9] [2 3 4] [2 3 4 6 7 8 9] [1 2 3 4 5 6 7 8 13] [1 2 3 4 6 7 12 20] [] [] [] [] [] [] [] [] [] [] [] [] [] [] [] [] [] [] [] [] [] [] [] [] [] []
174 [] [1 2] [2 20] [1] [1 2 4 6 7 13 16 20 23] [1 2 3 7 8 12 16 20] [1 2 3 4 5 7 8 16] [1 2 16] [1 2 3 4 5 6 12 16 17] [1 2 3 4 12 16] [16] [1 2 12] [1 2 3] [1 2 16 24 37] [1 2 4 5 6 16] [16 24 37] [1 2 5 6] [1 2 3 16] [2 3 7] [2] [1 2 3 5 7 8 16] [1 2 3 4 7 8 9 12 16 20] [16 24 37 45] [1 2 3 4 5] [1 2 3 4 5 12 16] [1 2 4 6 7 9 16 20] [1 2 3 5 12] [1 2 3 4 5 12 16 17 19] [1 2 5 6 7] [1 2 3 4 7 8 12 16 24 37 45] [1 2 3 12 16] [1 2 3 4] [2 4 6 7 9] [1 2 3 7 16 24] [2 3 7 8] [1 2 3 4 5 6 7 12 16 20] [1 2 5] [1 2 3 5 6 7 8] [2 3] [1 2 3 7 12 16] [1 2 4 6 7 13 20] [1 2 3 4 7 8 16 20] [1 2 3 4 6 12 16] [1 2 3 4 6 7 8 12 16] [1 2 3 7 8 16 20] [1 2 3 4 6 7 8 9 11 16 24] [1 2 3 4 5 6 7 8 9] [2 3 4] [2 3 4 6 7 8 9] [1 2 3 4 5 6 7 8 13] [1 2 3 4 6 7 12 20] [] [] [] [] [] [] [] [] [] [] [] [] [] [] [] [] [] [] [] [] [] [] [] [] [] [] []
175 [] [1 2] [2 20] [1] [1 2 4 6 7 13 16 20 23] [1 2 3 7 8 12 16 20] [1 2 3 4 5 7 8 16] [1 2 16] [1 2 3 4 5 6 12 16 17] [1 2 3 4 12 16] [16] [1 2 12] [1 2 3] [1 2 16 24 37] [1 2 4 5 6 16] [16 24 37] [1 2 5 6] [1 2 3 16] [2 3 7] [2] [1 2 3 5 7 8 16] [1 2 3 4 7 8 9 12 16 20] [16 24 37 45] [1 2 3 4 5] [1 2 3 4 5 12 16] [1 2 4 6 7 9 16 20] [1 2 3 5 12] [1 2 3 4 5 12 16 17 19] [1 2 5 6 7] [1 2 3 4 7 8 12 16 24 37 45] [1 2 3 12 16] [1 2 3 4] [2 4 6 7 9] [1 2 3 7 16 24] [2 3 7 8] [1 2 3 4 5 6 7 12 16 20] [1 2 5] [1 2 3 5 6 7 8] [2 3] [1 2 3 7 12 16] [1 2 4 6 7 13 20] [1 2 3 4 7 8 16 20] [1 2 3 4 6 12 16] [1 2 3 4 6 7 8 12 16] [1 2 3 7 8 16 20] [1 2 3 4 6 7 8 9 11 16 24] [1 2 3 4 5 6 7 8 9] [2 3 4] [2 3 4 6 7 8 9] [1 2 3 4 5 6 7 8 13] [1 2 3 4 6 7 12 20] [] [] [] [] [] [] [] [] [] [] [] [] [] [] [] [] [] [] [] [] [] [] [] [] [] [] []
176 [] [1 2] [2 20] [1] [1 2 4 6 7 13 16 20 23] [1 2 3 7 8 12 16 20] [1 2 3 4 5 7 8 16] [1 2 16] [1 2 3 4 5 6 12 16 17] [1 2 3 4 12 16] [16] [1 2 12] [1 2 3] [1 2 16 24 37] [1 2 4 5 6 16] [16 24 37] [1 2 5 6] [1 2 3 16] [2 3 7] [2] [1 2 3 5 7 8 16] [1 2 3 4 7 8 9 12 16 20] [16 24 37 45] [1 2 3 4 5] [1 2 3 4 5 12 16] [1 2 4 6 7 9 16 20] [1 2 3 5 12] [1 2 3 4 5 12 16 17 19] [1 2 5 6 7] [1 2 3 4 7 8 12 16 24 37 45] [1 2 3 12 16] [1 2 3 4] [2 4 6 7 9] [1 2 3 7 16 24] [2 3 7 8] [1 2 3 4 5 6 7 12 16 20] [1 2 5] [1 2 3 5 6 7 8] [2 3] [1 2 3 7 12 16] [1 2 4 6 7 13 20] [1 2 3 4 7 8 16 20] [1 2 3 4 6 12 16] [1 2 3 4 6 7 8 12 16] [1 2 3 7 8 16 20] [1 2 3 4 6 7 8 9 11 16 24] [1 2 3 4 5 6 7 8 9] [2 3 4] [2 3 4 6 7 8 9] [1 2 3 4 5 6 7 8 13] [1 2 3 4 6 7 12 20] [] [] [] [] [] [] [] [] [] [] [] [] [] [] [] [] [] [] [] [] [] [] [] [] [] [] []
177 [] [1 2] [2 20] [1] [1 2 4 6 7 13 16 20 23] [1 2 3 7 8 12 16 20] [1 2 3 4 5 7 8 16] [1 2 16] [1 2 3 4 5 6 12 16 17] [1 2 3 4 12 16] [16] [1 2 12] [1 2 3] [1 2 16 24 37] [1 2 4 5 6 16] [16 24 37] [1 2 5 6] [1 2 3 16] [2 3 7] [2] [1 2 3 5 7 8 16] [1 2 3 4 7 8 9 12 16 20] [16 24 37 45] [1 2 3 4 5] [1 2 3 4 5 12 16] [1 2 4 6 7 9 16 20] [1 2 3 5 12] [1 2 3 4 5 12 16 17 19] [1 2 5 6 7] [1 2 3 4 7 8 12 16 24 37 45] [1 2 3 12 16] [1 2 3 4] [2 4 6 7 9] [1 2 3 7 16 24] [2 3 7 8] [1 2 3 4 5 6 7 12 16 20] [1 2 5] [1 2 3 5 6 7 8] [2 3] [1 2 3 7 12 16] [1 2 4 6 7 13 20] [1 2 3 4 7 8 16 20] [1 2 3 4 6 12 16] [1 2 3 4 6 7 8 12 16] [1 2 3 7 8 16 20] [1 2 3 4 6 7 8 9 11 16 24] [1 2 3 4 5 6 7 8 9] [2 3 4] [2 3 4 6 7 8 9] [1 2 3 4 5 6 7 8 13] [1 2 3 4 6 7 12 20] [] [] [] [] [] [] [] [] [] [] [] [] [] [] [] [] [] [] [] [] [] [] [] [] [] [] []
178 [] [1 2] [2 20] [1] [1 2 4 6 7 13 16 20 23] [1 2 3 7 8 12 16 20] [1 2 3 4 5 7 8 16] [1 2 16] [1 2 3 4 5 6 12 16 17] [1 2 3 4 12 16] [16] [1 2 12] [1 2 3] [1 2 16 24 37] [1 2 4 5 6 16] [16 24 37] [1 2 5 6] [1 2 3 16] [2 3 7] [2] [1 2 3 5 7 8 16] [1 2 3 4 7 8 9 12 16 20] [16 24 37 45] [1 2 3 4 5] [1 2 3 4 5 12 16] [1 2 4 6 7 9 16 20] [1 2 3 5 12] [1 2 3 4 5 12 16 17 19] [1 2 5 6 7] [1 2 3 4 7 8 12 16 24 37 45] [1 2 3 12 16] [1 2 3 4] [2 4 6 7 9] [1 2 3 7 16 24] [2 3 7 8] [1 2 3 4 5 6 7 12 16 20] [1 2 5] [1 2 3 5 6 7 8] [2 3] [1 2 3 7 12 16] [1 2 4 6 7 13 20] [1 2 3 4 7 8 16 20] [1 2 3 4 6 12 16] [1 2 3 4 6 7 8 12 16] [1 2 3 7 8 16 20] [1 2 3 4 6 7 8 9 11 16 24] [1 2 3 4 5 6 7 8 9] [2 3 4] [2 3 4 6 7 8 9] [1 2 3 4 5 6 7 8 13] [1 2 3 4 6 7 12 20] [] [] [] [] [] [] [] [] [] [] [] [] [] [] [] [] [] [] [] [] [] [] [] [] [] [] []
179 [] [2 20] [1] [1 2 4 6 7 13 16 20 23] [1 2] [1 2 3 7 8 12 16 20] [1 2 3 4 5 7 8 16] [1 2 16] [1 2 3 4 5 6 12 16 17] [1 2 3 4 12 16] [16] [1 2 12] [1 2 3] [1 2 16 24 37] [1 2 4 5 6 16] [16 24 37] [1 2 5 6] [1 2 3 16] [2 3 7] [2] [1 2 3 5 7 8 16] [1 2 3 4 7 8 9 12 16 20] [16 24 37 45] [1 2 3 4 5] [1 2 3 4 5 12 16] [1 2 4 6 7 9 16 20] [1 2 3 5 12] [1 2 3 4 5 12 16 17 19] [1 2 5 6 7] [1 2 3 4 7 8 12 16 24 37 45] [1 2 3 12 16] [1 2 3 4] [2 4 6 7 9] [1 2 3 7 16 24] [2 3 7 8] [1 2 3 4 5 6 7 12 16 20] [1 2 5] [1 2 3 5 6 7 8] [2 3] [1 2 3 7 12 16] [1 2 4 6 7 13 20] [1 2 3 4 7 8 16 20] [1 2 3 4 6 12 16] [1 2 3 4 6 7 8 12 16] [1 2 3 7 8 16 20] [1 2 3 4 6 7 8 9 11 16 24] [1 2 3 4 5 6 7 8 9] [2 3 4] [2 3 4 6 7 8 9] [1 2 3 4 5 6 7 8 13] [1 2 3 4 6 7 12 20] [] [] [] [] [] [] [] [] [] [] [] [] [] [] [] [] [] [] [] [] [] [] [] [] [] [] []
180 [] [1 2 4 6 7 13 16 20 23] [1 2] [1 2 16] [1 2 3 7 8 12 16 20] [1 2 3 4 5 7 8 16] [1 2 3 4 5 6 12 16 17] [1 2 3 4 12 16] [16] [1] [1 2 12] [1 2 3] [1 2 16 24 37] [1 2 4 5 6 16] [16 24 37] [1 2 5 6] [1 2 3 16] [2 3 7] [2] [1 2 3 5 7 8 16] [1 2 3 4 7 8 9 12 16 20] [16 24 37 45] [1 2 3 4 5] [1 2 3 4 5 12 16] [1 2 4 6 7 9 16 20] [1 2 3 5 12] [1 2 3 4 5 12 16 17 19] [1 2 5 6 7] [1 2 3 4 7 8 12 16 24 37 45] [1 2 3 12 16] [1 2 3 4] [2 4 6 7 9] [1 2 3 7 16 24] [2 3 7 8] [1 2 3 4 5 6 7 12 16 20] [1 2 5] [1 2 3 5 6 7 8] [2 3] [1 2 3 7 12 16] [1 2 4 6 7 13 20] [1 2 3 4 7 8 16 20] [1 2 3 4 6 12 16] [1 2 3 4 6 7 8 12 16] [1 2 3 7 8 16 20] [1 2 3 4 6 7 8 9 11 16 24] [1 2 3 4 5 6 7 8 9] [2 20] [2 3 4] [2 3 4 6 7 8 9] [1 2 3 4 5 6 7 8 13] [1 2 3 4 6 7 12 20] [] [] [] [] [] [] [] [] [] [] [] [] [] [] [] [] [] [] [] [] [] [] [] [] [] [] []
181 [] [1 2 16] [1 2] [1 2 3 7 8 12 16 20] [1 2 3 4 5 7 8 16] [1 2 3 4 5 6 12 16 17] [1 2 3 4 12 16] [16] [1] [1 2 12] [1 2 3] [1 2 16 24 37] [1 2 4 5 6 16] [16 24 37] [1 2 5 6] [1 2 3 16] [2 3 7] [2] [1 2 3 5 7 8 16] [1 2 3 4 7 8 9 12 16 20] [16 24 37 45] [1 2 3 4 5] [1 2 3 4 5 12 16] [1 2 4 6 7 9 16 20] [1 2 3 5 12] [1 2 3 4 5 12 16 17 19] [1 2 5 6 7] [1 2 3 4 7 8 12 16 24 37 45] [1 2 3 12 16] [1 2 3 5] [1 2 3 4] [2 4 6 7 9] [1 2 3 7 16 24] [2 3 7 8] [1 2 3 4 5 6 7 12 16 20] [1 2 5] [1 2 3 5 6 7 8] [2 3] [1 2 3 7 12 16] [1 2 4 6 7 13 20] [1 2 3 4 7 8 16 20] [1 2 3 4 6 12 16] [1 2 3 4 6 7 8 12 16] [1 2 3 7 8 16 20] [1 2 3 4 6 7 8 9 11 16 24] [1 2 3 4 5 6 7 8 9] [2 20] [2 3 4] [2 3 4 6 7 8 9] [1 2 3 4 5 6 7 8 13] [1 2 3 4 6 7 12 20] [] [] [] [] [] [] [] [] [] [] [] [] [] [] [] [] [] [] [] [] [] [] [] [] [] [] []
182 [] [1 2] [1 2 3 4 5 7 8 16] [1 2 16] [1 2 3 4 5 6 12 16 17] [1 2 3 4 12 16] [16] [1] [1 2 12] [1 2 3] [1 2 16 24 37] [1 2 4 5 6 16] [16 24 37] [1 2 5 6] [1 2 3 16] [2 3 7] [2] [1 2 3 5 7 8 16] [1 2 3 4 7 8 9 12 16 20] [16 24 37 45] [1 2 3 4 5] [1 2 3 4 5 12 16] [1 2 4 6 7 9 16 20] [1 2 3 5 12] [1 2 3 4 5 12 16 17 19] [1 2 5 6 7] [1 2 3 4 7 8 12 16 24 37 45] [1 2 3 12 16] [1 2 3 5] [1 2 3 4] [2 4 6 7 9] [1 2 3 7 16 24] [2 3 7 8] [1 2 3 4 5 6 7 12 16 20] [1 2 5] [1 2 3 5 6 7 8] [2 3] [1 2 3 7 12 16] [1 2 4 6 7 13 20] [1 2 3 4 7 8 16 20] [1 2 3 4 6 12 16] [1 2 3 4 6 7 8 12 16] [1 2 3 7 8 16 20] [1 2 3 4 6 7 8 9 11 16 24] [1 2 3 4 5 6 7 8 9] [2 20] [2 3 4] [2 3 4 6 7 8 9] [1 2 3 4 5 6 7 8 13] [1 2 3 4 6 7 12 20] [] [] [] [] [] [] [] [] [] [] [] [] [] [] [] [] [] [] [] [] [] [] [] [] [] [] [] []
183 [] [1 2] [1 2 3 4 5 7 8 16] [1 2 16] [1 2 3 4 5 6 12 16 17] [1 2 3 4 12 16] [16] [1] [1 2 12] [1 2 3] [1 2 16 24 37] [1 2 4 5 6 16] [16 24 37] [1 2 5 6] [1 2 3 16] [2 3 7] [2] [1 2 3 5 7 8 16] [1 2 3 4 7 8 9 12 16 20] [16 24 37 45] [1 2 3 4 5] [1 2 3 4 5 12 16] [1 2 4 6 7 9 16 20] [1 2 3 5 12] [1 2 3 4 5 12 16 17 19] [1 2 5 6 7] [1 2 3 4 7 8 12 16 24 37 45] [1 2 3 12 16] [1 2 3 5] [1 2 3 4] [2 4 6 7 9] [1 2 3 7 16 24] [2 3 7 8] [1 2 3 4 5 6 7 12 16 20] [1 2 5] [1 2 3 5 6 7 8] [2 3] [1 2 3 7 12 16] [1 2 4 6 7 13 20] [1 2 3 4 7 8 16 20] [1 2 3 4 6 12 16] [1 2 3 4 6 7 8 12 16] [1 2 3 7 8 16 20] [1 2 3 4 6 7 8 9 11 16 24] [1 2 3 4 5 6 7 8 9] [2 20] [2 3 4] [2 3 4 6 7 8 9] [1 2 3 4 5 6 7 8 13] [1 2 3 4 6 7 12 20] [] [] [] [] [] [] [] [] [] [] [] [] [] [] [] [] [] [] [] [] [] [] [] [] [] [] [] []
184 [] [1 2] [1 2 3 4 5 7 8 16] [1 2 16] [1 2 3 4 5 6 12 16 17] [1 2 3 4 12 16] [16] [1] [1 2 12] [1 2 3] [1 2 16 24 37] [1 2 4 5 6 16] [16 24 37] [1 2 5 6] [1 2 3 16] [2 3 7] [2] [1 2 3 5 7 8 16] [1 2 3 4 7 8 9 12 16 20] [16 24 37 45] [1 2 3 4 5] [1 2 3 4 5 12 16] [1 2 4 6 7 9 16 20] [1 2 3 5 12] [1 2 3 4 5 12 16 17 19] [1 2 5 6 7] [1 2 3 4 7 8 12 16 24 37 45] [1 2 3 12 16] [1 2 3 5] [1 2 3 4] [2 4 6 7 9] [1 2 3 7 16 24] [2 3 7 8] [1 2 3 4 5 6 7 12 16 20] [1 2 5] [1 2 3 5 6 7 8] [2 3] [1 2 3 7 12 16] [1 2 4 6 7 13 20] [1 2 3 4 7 8 16 20] [1 2 3 4 6 12 16] [1 2 3 4 6 7 8 12 16] [1 2 3 7 8 16 20] [1 2 3 4 6 7 8 9 11 16 24] [1 2 3 4 5 6 7 8 9] [2 20] [2 3 4] [2 3 4 6 7 8 9] [1 2 3 4 5 6 7 8 13] [1 2 3 4 6 7 12 20] [] [] [] [] [] [] [] [] [] [] [] [] [] [] [] [] [] [] [] [] [] [] [] [] [] [] [] []
185 [] [1 2] [1 2 3 4 5 7 8 16] [1 2 16] [1 2 3 4 5 6 12 16 17] [1 2 3 4 12 16] [16] [1] [1 2 12] [1 2 3] [1 2 16 24 37] [1 2 4 5 6 16] [16 24 37] [1 2 5 6] [1 2 3 16] [2 3 7] [2] [1 2 3 5 7 8 16] [1 2 3 4 7 8 9 12 16 20] [16 24 37 45] [1 2 3 4 5] [1 2 3 4 5 12 16] [1 2 4 6 7 9 16 20] [1 2 3 5 12] [1 2 3 4 5 12 16 17 19] [1 2 5 6 7] [1 2 3 4 7 8 12 16 24 37 45] [1 2 3 12 16] [1 2 3 5] [1 2 3 4] [2 4 6 7 9] [1 2 3 7 16 24] [2 3 7 8] [1 2 3 4 5 6 7 12 16 20] [1 2 5] [1 2 3 5 6 7 8] [2 3] [1 2 3 7 12 16] [1 2 4 6 7 13 20] [1 2 3 4 7 8 16 20] [1 2 3 4 6 12 16] [1 2 3 4 6 7 8 12 16] [1 2 3 7 8 16 20] [1 2 3 4 6 7 8 9 11 16 24] [1 2 3 4 5 6 7 8 9] [2 20] [2 3 4] [2 3 4 6 7 8 9] [1 2 3 4 5 6 7 8 13] [1 2 3 4 6 7 12 20] [] [] [] [] [] [] [] [] [] [] [] [] [] [] [] [] [] [] [] [] [] [] [] [] [] [] [] []
186 [] [1 2 3 4 5 7 8 16] [1 2 16] [1 2 3 4 5 6 12 16 17] [1 2 3 4 12 16] [16] [1] [1 2 12] [1 2 3] [1 2 16 24 37] [1 2 4 5 6 16] [16 24 37] [1 2] [1 2 5 6] [1 2 3 16] [2 3 7] [2] [1 2 3 5 7 8 16] [1 2 3 4 7 8 9 12 16 20] [16 24 37 45] [1 2 3 4 5] [1 2 3 4 5 12 16] [1 2 4 6 7 9 16 20] [1 2 3 5 12] [1 2 3 4 5 12 16 17 19] [1 2 5 6 7] [1 2 3 4 7 8 12 16 24 37 45] [1 2 3 12 16] [1 2 3 5] [1 2 3 4] [2 4 6 7 9] [1 2 3 7 16 24] [2 3 7 8] [1 2 3 4 5 6 7 12 16 20] [1 2 5] [1 2 3 5 6 7 8] [2 3] [1 2 3 7 12 16] [1 2 4 6 7 13 20] [1 2 3 4 7 8 16 20] [1 2 3 4 6 12 16] [1 2 3 4 6 7 8 12 16] [1 2 3 7 8 16 20] [1 2 3 4 6 7 8 9 11 16 24] [1 2 3 4 5 6 7 8 9] [2 20] [2 3 4] [2 3 4 6 7 8 9] [1 2 3 4 5 6 7 8 13] [1 2 3 4 6 7 12 20] [] [] [] [] [] [] [] [] [] [] [] [] [] [] [] [] [] [] [] [] [] [] [] [] [] [] [] []
187 [] [1 2 3 4 5 7 8 16] [1 2 16] [1 2 3 4 5 6 12 16 17] [1 2 3 4 12 16] [16] [1] [1 2 12] [1 2 3] [1 2 16 24 37] [1 2 4 5 6 16] [16 24 37] [1 2] [1 2 5 6] [1 2 3 16] [2 3 7] [2] [1 2 3 5 7 8 16] [1 2 3 4 7 8 9 12 16 20] [16 24 37 45] [1 2 3 4 5] [1 2 3 4 5 12 16] [1 2 4 6 7 9 16 20] [1 2 3 5 12] [1 2 3 4 5 12 16 17 19] [1 2 5 6 7] [1 2 3 4 7 8 12 16 24 37 45] [1 2 3 12 16] [1 2 3 5] [1 2 3 4] [2 4 6 7 9] [1 2 3 7 16 24] [2 3 7 8] [1 2 3 4 5 6 7 12 16 20] [1 2 5] [1 2 3 5 6 7 8] [2 3] [1 2 3 7 12 16] [1 2 4 6 7 13 20] [1 2 3 4 7 8 16 20] [1 2 3 4 6 12 16] [1 2 3 4 6 7 8 12 16] [1 2 3 7 8 16 20] [1 2 3 4 6 7 8 9 11 16 24] [1 2 3 4 5 6 7 8 9] [2 20] [2 3 4] [2 3 4 6 7 8 9] [1 2 3 4 5 6 7 8 13] [1 2 3 4 6 7 12 20] [] [] [] [] [] [] [] [] [] [] [] [] [] [] [] [] [] [] [] [] [] [] [] [] [] [] [] []
188 [] [1 2 16] [1 2 3 4 5 6 12 16 17] [1 2 3 4 12 16] [16] [1] [1 2 12] [1 2 3] [1 2 16 24 37] [1 2 4 5 6 16] [16 24 37] [1 2] [1 2 5 6] [1 2 3 16] [2 3 7] [2] [1 2 3 5 7 8 16] [1 2 3 4 7 8 9 12 16 20] [16 24 37 45] [1 2 3 4 5] [1 2 3 4 5 12 16] [1 2 4 6 7 9 16 20] [1 2 3 5 12] [1 2 3 4 5 12 16 17 19] [1 2 5 6 7] [1 2 3 4 7 8 12 16 24 37 45] [1 2 3 12 16] [1 2 3 5] [1 2 3 4] [2 4 6 7 9] [1 2 3 7 16 24] [2 3 7 8] [1 2 3 4 5 6 7 12 16 20] [1 2 5] [1 2 3 5 6 7 8] [2 3] [1 2 3 7 12 16] [1 2 4 6 7 13 20] [1 2 3 4 7 8 16 20] [1 2 3 4 6 12 16] [1 2 3 4 6 7 8 12 16] [1 2 3 7 8 16 20] [1 2 3 4 6 7 8 9 11 16 24] [1 2 3 4 5 6 7 8 9] [2 20] [2 3 4] [2 3 4 6 7 8 9] [1 2 3 4 5 6 7 8 13] [1 2 3 4 6 7 12 20] [] [] [] [] [] [] [] [] [] [] [] [] [] [] [] [] [] [] [] [] [] [] [] [] [] [] [] [] []
189 [] [1 2 16] [1 2 3 4 5 6 12 16 17] [1 2 3 4 12 16] [16] [1] [1 2 12] [1 2 3] [1 2 16 24 37] [1 2 4 5 6 16] [16 24 37] [1 2] [1 2 5 6] [1 2 3 16] [2 3 7] [2] [1 2 3 5 7 8 16] [1 2 3 4 7 8 9 12 16 20] [16 24 37 45] [1 2 3 4 5] [1 2 3 4 5 12 16] [1 2 4 6 7 9 16 20] [1 2 3 5 12] [1 2 3 4 5 12 16 17 19] [1 2 5 6 7] [1 2 3 4 7 8 12 16 24 37 45] [1 2 3 12 16] [1 2 3 5] [1 2 3 4] [2 4 6 7 9] [1 2 3 7 16 24] [2 3 7 8] [1 2 3 4 5 6 7 12 16 20] [1 2 5] [1 2 3 5 6 7 8] [2 3] [1 2 3 7 12 16] [1 2 4 6 7 13 20] [1 2 3 4 7 8 16 20] [1 2 3 4 6 12 16] [1 2 3 4 6 7 8 12 16] [1 2 3 7 8 16 20] [1 2 3 4 6 7 8 9 11 16 24] [1 2 3 4 5 6 7 8 9] [2 20] [2 3 4] [2 3 4 6 7 8 9] [1 2 3 4 5 6 7 8 13] [1 2 3 4 6 7 12 20] [] [] [] [] [] [] [] [] [] [] [] [] [] [] [] [] [] [] [] [] [] [] [] [] [] [] [] [] []
190 [] [1 2 16] [1 2 3 4 5 6 12 16 17] [1 2 3 4 12 16] [16] [1] [1 2 12] [1 2 3] [1 2 16 24 37] [1 2 4 5 6 16] [16 24 37] [1 2] [1 2 5 6] [1 2 3 16] [2 3 7] [2] [1 2 3 5 7 8 16] [1 2 3 4 7 8 9 12 16 20] [16 24 37 45] [1 2 3 4 5] [1 2 3 4 5 12 16] [1 2 4 6 7 9 16 20] [1 2 3 5 12] [1 2 3 4 5 12 16 17 19] [1 2 5 6 7] [1 2 3 4 7 8 12 16 24 37 45] [1 2 3 12 16] [1 2 3 5] [1 2 3 4] [2 4 6 7 9] [1 2 3 7 16 24] [2 3 7 8] [1 2 3 4 5 6 7 12 16 20] [1 2 5] [1 2 3 5 6 7 8] [2 3] [1 2 3 7 12 16] [1 2 4 6 7 13 20] [1 2 3 4 7 8 16 20] [1 2 3 4 6 12 16] [1 2 3 4 6 7 8 12 16] [1 2 3 7 8 16 20] [1 2 3 4 6 7 8 9 11 16 24] [1 2 3 4 5 6 7 8 9] [2 20] [2 3 4] [2 3 4 6 7 8 9] [1 2 3 4 5 6 7 8 13] [1 2 3 4 6 7 12 20] [] [] [] [] [] [] [] [] [] [] [] [] [] [] [] [] [] [] [] [] [] [] [] [] [] [] [] [] []
191 [] [1 2 3 4 5 6 12 16 17] [1 2 3 4 12 16] [16] [1] [1 2 16] [1 2 12] [1 2 3] [1 2 16 24 37] [1 2 4 5 6 16] [16 24 37] [1 2] [1 2 5 6] [1 2 3 16] [2 3 7] [2] [1 2 3 5 7 8 16] [1 2 3 4 7 8 9 12 16 20] [16 24 37 45] [1 2 3 4 5] [1 2 3 4 5 12 16] [1 2 4 6 7 9 16 20] [1 2 3 5 12] [1 2 3 4 5 12 16 17 19] [1 2 5 6 7] [1 2 3 4 7 8 12 16 24 37 45] [1 2 3 12 16] [1 2 3 5] [1 2 3 4] [2 4 6 7 9] [1 2 3 7 16 24] [2 3 7 8] [1 2 3 4 5 6 7 12 16 20] [1 2 5] [1 2 3 5 6 7 8] [2 3] [1 2 3 7 12 16] [1 2 4 6 7 13 20] [1 2 3 4 7 8 16 20] [1 2 3 4 6 12 16] [1 2 3 4 6 7 8 12 16] [1 2 3 7 8 16 20] [1 2 3 4 6 7 8 9 11 16 24] [1 2 3 4 5 6 7 8 9] [2 20] [2 3 4] [2 3 4 6 7 8 9] [1 2 3 4 5 6 7 8 13] [1 2 3 4 6 7 12 20] [] [] [] [] [] [] [] [] [] [] [] [] [] [] [] [] [] [] [] [] [] [] [] [] [] [] [] [] []
192 [] [1 2 3 4 12 16] [16] [1] [1 2 16] [1 2 12] [1 2 3] [1 2 16 24 37] [1 2 4 5 6 16] [16 24 37] [1 2] [1 2 5 6] [1 2 3 16] [2 3 7] [2] [1 2 3 5 7 8 16] [1 2 3 4 7 8 9 12 16 20] [16 24 37 45] [1 2 3 4 5] [1 2 3 4 5 12 16] [1 2 4 6 7 9 16 20] [1 2 3 5 12] [1 2 3 4 5 12 16 17 19] [1 2 5 6 7] [1 2 3 4 7 8 12 16 24 37 45] [1 2 3 12 16] [1 2 3 5] [1 2 3 4] [2 4 6 7 9] [1 2 3 7 16 24] [2 3 7 8] [1 2 3 4 5 6 7 12 16 20] [1 2 5] [1 2 3 5 6 7 8] [2 3] [1 2 3 7 12 16] [1 2 4 6 7 13 20] [1 2 3 4 7 8 16 20] [1 2 3 4 6 12 16] [1 2 3 4 6 7 8 12 16] [1 2 3 7 8 16 20] [1 2 3 4 6 7 8 9 11 16 24] [1 2 3 4 5 6 7 8 9] [2 20] [2 3 4] [2 3 4 6 7 8 9] [1 2 3 4 5 6 7 8 13] [1 2 3 4 6 7 12 20] [] [] [] [] [] [] [] [] [] [] [] [] [] [] [] [] [] [] [] [] [] [] [] [] [] [] [] [] [] []
193 [] [1] [1 2 16] [1 2 12] [1 2 3] [1 2 16 24 37] [1 2 4 5 6 16] [16 24 37] [1 2] [1 2 3 16] [2 3 7] [2] [1 2 3 5 7 8 16] [1 2 3 4 7 8 9 12 16 20] [16 24 37 45] [1 2 3 4 5] [1 2 3 4 12 16] [16] [1 2 3 4 5 12 16] [1 2 4 6 7 9 16 20] [1 2 3 5 12] [1 2 3 4 5 12 16 17 19] [1 2 5 6 7] [1 2 3 4 7 8 12 16 24 37 45] [1 2 3 12 16] [1 2 3 5] [1 2 3 4] [2 4 6 7 9] [1 2 3 7 16 24] [2 3 7 8] [1 2 3 4 5 6 7 12 16 20] [1 2 5] [1 2 3 5 6 7 8] [2 3] [1 2 3 7 12 16] [1 2 4 6 7 13 20] [1 2 3 4 7 8 16 20] [1 2 3 4 6 12 16] [1 2 3 4 6 7 8 12 16] [1 2 3 7 8 16 20] [1 2 3 4 6 7 8 9 11 16 24] [1 2 3 4 5 6 7 8 9] [2 20] [2 3 4] [2 3 4 6 7 8 9] [1 2 3 4 5 6 7 8 13] [1 2 3 4 6 7 12 20] [] [] [] [] [] [] [] [] [] [] [] [] [] [] [] [] [] [] [] [] [] [] [] [] [] [] [] [] [] [] []
194 [] [1 2 12] [1 2 3] [1] [1 2 16 24 37] [1 2 4 5 6 16] [16 24 37] [1 2] [1 2 3 16] [2 3 7] [2] [1 2 3 5 7 8 16] [1 2 3 4 7 8 9 12 16 20] [16 24 37 45] [1 2 3 4 5] [1 2 3 4 12 16] [16] [1 2 3 4 5 12 16] [1 2 4 6 7 9 16 20] [1 2 3 5 12] [1 2 3 4 5 12 16 17 19] [1 2 5 6 7] [1 2 3 4 7 8 12 16 24 37 45] [1 2 3 12 16] [1 2 3 5] [1 2 3 4] [2 4 6 7 9] [1 2 3 7 16 24] [2 3 7 8] [1 2 3 4 5 6 7 12 16 20] [1 2 5] [1 2 16] [1 2 3 5 6 7 8] [2 3] [1 2 3 7 12 16] [1 2 4 6 7 13 20] [1 2 3 4 7 8 16 20] [1 2 3 4 6 12 16] [1 2 3 4 6 7 8 12 16] [1 2 3 7 8 16 20] [1 2 3 4 6 7 8 9 11 16 24] [1 2 3 4 5 6 7 8 9] [2 20] [2 3 4] [2 3 4 6 7 8 9] [1 2 3 4 5 6 7 8 13] [1 2 3 4 6 7 12 20] [] [] [] [] [] [] [] [] [] [] [] [] [] [] [] [] [] [] [] [] [] [] [] [] [] [] [] [] [] [] []
195 [] [1 2 12] [1 2 3] [1] [1 2 16 24 37] [1 2 4 5 6 16] [16 24 37] [1 2] [1 2 3 16] [2 3 7] [2] [1 2 3 5 7 8 16] [1 2 3 4 7 8 9 12 16 20] [16 24 37 45] [1 2 3 4 5] [1 2 3 4 12 16] [16] [1 2 3 4 5 12 16] [1 2 4 6 7 9 16 20] [1 2 3 5 12] [1 2 3 4 5 12 16 17 19] [1 2 5 6 7] [1 2 3 4 7 8 12 16 24 37 45] [1 2 3 12 16] [1 2 3 5] [1 2 3 4] [2 4 6 7 9] [1 2 3 7 16 24] [2 3 7 8] [1 2 3 4 5 6 7 12 16 20] [1 2 5] [1 2 16] [1 2 3 5 6 7 8] [2 3] [1 2 3 7 12 16] [1 2 4 6 7 13 20] [1 2 3 4 7 8 16 20] [1 2 3 4 6 12 16] [1 2 3 4 6 7 8 12 16] [1 2 3 7 8 16 20] [1 2 3 4 6 7 8 9 11 16 24] [1 2 3 4 5 6 7 8 9] [2 20] [2 3 4] [2 3 4 6 7 8 9] [1 2 3 4 5 6 7 8 13] [1 2 3 4 6 7 12 20] [] [] [] [] [] [] [] [] [] [] [] [] [] [] [] [] [] [] [] [] [] [] [] [] [] [] [] [] [] [] []
196 [] [1 2 12] [1 2 3] [1] [1 2 16 24 37] [1 2 4 5 6 16] [16 24 37] [1 2] [1 2 3 16] [2 3 7] [2] [1 2 3 5 7 8 16] [1 2 3 4 7 8 9 12 16 20] [16 24 37 45] [1 2 3 4 5] [1 2 3 4 12 16] [16] [1 2 3 4 5 12 16] [1 2 4 6 7 9 16 20] [1 2 3 5 12] [1 2 3 4 5 12 16 17 19] [1 2 5 6 7] [1 2 3 4 7 8 12 16 24 37 45] [1 2 3 12 16] [1 2 3 5] [1 2 3 4] [2 4 6 7 9] [1 2 3 7 16 24] [2 3 7 8] [1 2 3 4 5 6 7 12 16 20] [1 2 5] [1 2 16] [1 2 3 5 6 7 8] [2 3] [1 2 3 7 12 16] [1 2 4 6 7 13 20] [1 2 3 4 7 8 16 20] [1 2 3 4 6 12 16] [1 2 3 4 6 7 8 12 16] [1 2 3 7 8 16 20] [1 2 3 4 6 7 8 9 11 16 24] [1 2 3 4 5 6 7 8 9] [2 20] [2 3 4] [2 3 4 6 7 8 9] [1 2 3 4 5 6 7 8 13] [1 2 3 4 6 7 12 20] [] [] [] [] [] [] [] [] [] [] [] [] [] [] [] [] [] [] [] [] [] [] [] [] [] [] [] [] [] [] []
197 [] [1 2 12] [1 2 3] [1] [1 2 16 24 37] [1 2 4 5 6 16] [16 24 37] [1 2] [1 2 3 16] [2 3 7] [2] [1 2 3 5 7 8 16] [1 2 3 4 7 8 9 12 16 20] [16 24 37 45] [1 2 3 4 5] [1 2 3 4 12 16] [16] [1 2 3 4 5 12 16] [1 2 4 6 7 9 16 20] [1 2 3 5 12] [1 2 3 4 5 12 16 17 19] [1 2 5 6 7] [1 2 3 4 7 8 12 16 24 37 45] [1 2 3 12 16] [1 2 3 5] [1 2 3 4] [2 4 6 7 9] [1 2 3 7 16 24] [2 3 7 8] [1 2 3 4 5 6 7 12 16 20] [1 2 5] [1 2 16] [1 2 3 5 6 7 8] [2 3] [1 2 3 7 12 16] [1 2 4 6 7 13 20] [1 2 3 4 7 8 16 20] [1 2 3 4 6 12 16] [1 2 3 4 6 7 8 12 16] [1 2 3 7 8 16 20] [1 2 3 4 6 7 8 9 11 16 24] [1 2 3 4 5 6 7 8 9] [2 20] [2 3 4] [2 3 4 6 7 8 9] [1 2 3 4 5 6 7 8 13] [1 2 3 4 6 7 12 20] [] [] [] [] [] [] [] [] [] [] [] [] [] [] [] [] [] [] [] [] [] [] [] [] [] [] [] [] [] [] []
198 [] [1 2 12] [1 2 3] [1] [1 2 16 24 37] [1 2 4 5 6 16] [16 24 37] [1 2] [1 2 3 16] [2 3 7] [2] [1 2 3 5 7 8 16] [1 2 3 4 7 8 9 12 16 20] [16 24 37 45] [1 2 3 4 5] [1 2 3 4 12 16] [16] [1 2 3 4 5 12 16] [1 2 4 6 7 9 16 20] [1 2 3 5 12] [1 2 3 4 5 12 16 17 19] [1 2 5 6 7] [1 2 3 4 7 8 12 16 24 37 45] [1 2 3 12 16] [1 2 3 5] [1 2 3 4] [2 4 6 7 9] [1 2 3 7 16 24] [2 3 7 8] [1 2 3 4 5 6 7 12 16 20] [1 2 5] [1 2 16] [1 2 3 5 6 7 8] [2 3] [1 2 3 7 12 16] [1 2 4 6 7 13 20] [1 2 3 4 7 8 16 20] [1 2 3 4 6 12 16] [1 2 3 4 6 7 8 12 16] [1 2 3 7 8 16 20] [1 2 3 4 6 7 8 9 11 16 24] [1 2 3 4 5 6 7 8 9] [2 20] [2 3 4] [2 3 4 6 7 8 9] [1 2 3 4 5 6 7 8 13] [1 2 3 4 6 7 12 20] [] [] [] [] [] [] [] [] [] [] [] [] [] [] [] [] [] [] [] [] [] [] [] [] [] [] [] [] [] [] []
199 [] [1 2 3] [1] [1 2 16 24 37] [1 2 4 5 6 16] [16 24 37] [1 2] [1 2 3 16] [2 3 7] [2] [1 2 3 5 7 8 16] [1 2 3 4 7 8 9 12 16 20] [16 24 37 45] [1 2 3 4 5] [1 2 3 4 12 16] [16] [1 2 3 4 5 12 16] [1 2 4 6 7 9 16 20] [1 2 3 5 12] [1 2 12] [1 2 3 4 5 12 16 17 19] [1 2 5 6 7] [1 2 3 4 7 8 12 16 24 37 45] [1 2 3 12 16] [1 2 3 5] [1 2 3 4] [2 4 6 7 9] [1 2 3 7 16 24] [2 3 7 8] [1 2 3 4 5 6 7 12 16 20] [1 2 5] [1 2 16] [1 2 3 5 6 7 8] [2 3] [1 2 3 7 12 16] [1 2 4 6 7 13 20] [1 2 3 4 7 8 16 20] [1 2 3 4 6 12 16] [1 2 3 4 6 7 8 12 16] [1 2 3 7 8 16 20] [1 2 3 4 6 7 8 9 11 16 24] [1 2 3 4 5 6 7 8 9] [2 20] [2 3 4] [2 3 4 6 7 8 9] [1 2 3 4 5 6 7 8 13] [1 2 3 4 6 7 12 20] [] [] [] [] [] [] [] [] [] [] [] [] [] [] [] [] [] [] [] [] [] [] [] [] [] [] [] [] [] [] []
200 [] [1 2 3] [1] [1 2 16 24 37] [1 2 4 5 6 16] [16 24 37] [1 2] [1 2 3 16] [2 3 7] [2] [1 2 3 5 7 8 16] [1 2 3 4 7 8 9 12 16 20] [16 24 37 45] [1 2 3 4 5] [1 2 3 4 12 16] [16] [1 2 3 4 5 12 16] [1 2 4 6 7 9 16 20] [1 2 3 5 12] [1 2 12] [1 2 3 4 5 12 16 17 19] [1 2 5 6 7] [1 2 3 4 7 8 12 16 24 37 45] [1 2 3 12 16] [1 2 3 5] [1 2 3 4] [2 4 6 7 9] [1 2 3 7 16 24] [2 3 7 8] [1 2 3 4 5 6 7 12 16 20] [1 2 5] [1 2 16] [1 2 3 5 6 7 8] [2 3] [1 2 3 7 12 16] [1 2 4 6 7 13 20] [1 2 3 4 7 8 16 20] [1 2 3 4 6 12 16] [1 2 3 4 6 7 8 12 16] [1 2 3 7 8 16 20] [1 2 3 4 6 7 8 9 11 16 24] [1 2 3 4 5 6 7 8 9] [2 20] [2 3 4] [2 3 4 6 7 8 9] [1 2 3 4 5 6 7 8 13] [1 2 3 4 6 7 12 20] [] [] [] [] [] [] [] [] [] [] [] [] [] [] [] [] [] [] [] [] [] [] [] [] [] [] [] [] [] [] []
201 [] [1 2 3] [1] [1 2 16 24 37] [1 2 4 5 6 16] [16 24 37] [1 2] [1 2 3 16] [2 3 7] [2] [1 2 3 5 7 8 16] [1 2 3 4 7 8 9 12 16 20] [16 24 37 45] [1 2 3 4 5] [1 2 3 4 12 16] [16] [1 2 3 4 5 12 16] [1 2 4 6 7 9 16 20] [1 2 3 5 12] [1 2 12] [1 2 3 4 5 12 16 17 19] [1 2 5 6 7] [1 2 3 4 7 8 12 16 24 37 45] [1 2 3 12 16] [1 2 3 5] [1 2 3 4] [2 4 6 7 9] [1 2 3 7 16 24] [2 3 7 8] [1 2 3 4 5 6 7 12 16 20] [1 2 5] [1 2 16] [1 2 3 5 6 7 8] [2 3] [1 2 3 7 12 16] [1 2 4 6 7 13 20] [1 2 3 4 7 8 16 20] [1 2 3 4 6 12 16] [1 2 3 4 6 7 8 12 16] [1 2 3 7 8 16 20] [1 2 3 4 6 7 8 9 11 16 24] [1 2 3 4 5 6 7 8 9] [2 20] [2 3 4] [2 3 4 6 7 8 9] [1 2 3 4 5 6 7 8 13] [1 2 3 4 6 7 12 20] [] [] [] [] [] [] [] [] [] [] [] [] [] [] [] [] [] [] [] [] [] [] [] [] [] [] [] [] [] [] []
202 [] [1 2 3] [1] [1 2 16 24 37] [1 2 4 5 6 16] [16 24 37] [1 2] [1 2 3 16] [2 3 7] [2] [1 2 3 5 7 8 16] [1 2 3 4 7 8 9 12 16 20] [16 24 37 45] [1 2 3 4 5] [1 2 3 4 12 16] [16] [1 2 3 4 5 12 16] [1 2 4 6 7 9 16 20] [1 2 3 5 12] [1 2 12] [1 2 3 4 5 12 16 17 19] [1 2 5 6 7] [1 2 3 4 7 8 12 16 24 37 45] [1 2 3 12 16] [1 2 3 5] [1 2 3 4] [2 4 6 7 9] [1 2 3 7 16 24] [2 3 7 8] [1 2 3 4 5 6 7 12 16 20] [1 2 5] [1 2 16] [1 2 3 5 6 7 8] [2 3] [1 2 3 7 12 16] [1 2 4 6 7 13 20] [1 2 3 4 7 8 16 20] [1 2 3 4 6 12 16] [1 2 3 4 6 7 8 12 16] [1 2 3 7 8 16 20] [1 2 3 4 6 7 8 9 11 16 24] [1 2 3 4 5 6 7 8 9] [2 20] [2 3 4] [2 3 4 6 7 8 9] [1 2 3 4 5 6 7 8 13] [1 2 3 4 6 7 12 20] [] [] [] [] [] [] [] [] [] [] [] [] [] [] [] [] [] [] [] [] [] [] [] [] [] [] [] [] [] [] []
203 [] [1 2 3] [1] [1 2 16 24 37] [1 2 4 5 6 16] [16 24 37] [1 2] [1 2 3 16] [2 3 7] [2] [1 2 3 5 7 8 16] [1 2 3 4 7 8 9 12 16 20] [16 24 37 45] [1 2 3 4 5] [1 2 3 4 12 16] [16] [1 2 3 4 5 12 16] [1 2 4 6 7 9 16 20] [1 2 3 5 12] [1 2 12] [1 2 3 4 5 12 16 17 19] [1 2 5 6 7] [1 2 3 4 7 8 12 16 24 37 45] [1 2 3 12 16] [1 2 3 5] [1 2 3 4] [2 4 6 7 9] [1 2 3 7 16 24] [2 3 7 8] [1 2 3 4 5 6 7 12 16 20] [1 2 5] [1 2 16] [1 2 3 5 6 7 8] [2 3] [1 2 3 7 12 16] [1 2 4 6 7 13 20] [1 2 3 4 7 8 16 20] [1 2 3 4 6 12 16] [1 2 3 4 6 7 8 12 16] [1 2 3 7 8 16 20] [1 2 3 4 6 7 8 9 11 16 24] [1 2 3 4 5 6 7 8 9] [2 20] [2 3 4] [2 3 4 6 7 8 9] [1 2 3 4 5 6 7 8 13] [1 2 3 4 6 7 12 20] [] [] [] [] [] [] [] [] [] [] [] [] [] [] [] [] [] [] [] [] [] [] [] [] [] [] [] [] [] [] []
204 [] [1] [1 2 16 24 37] [1 2 4 5 6 16] [16 24 37] [1 2] [1 2 3 16] [2 3 7] [2] [1 2 3 5 7 8 16] [1 2 3 4 7 8 9 12 16 20] [16 24 37 45] [1 2 3 4 5] [1 2 3 4 12 16] [16] [1 2 3 4 5 12 16] [1 2 4 6 7 9 16 20] [1 2 3 5 12] [1 2 12] [1 2 3 4 5 12 16 17 19] [1 2 5 6 7] [1 2 3 4 7 8 12 16 24 37 45] [1 2 3 12 16] [1 2 3 5] [1 2 3 4] [2 4 6 7 9] [1 2 3 7 16 24] [2 3 7 8] [1 2 3 4 5 6 7 12 16 20] [1 2 5] [1 2 16] [1 2 3 5 6 7 8] [2 3] [1 2 3 7 12 16] [1 2 4 6 7 13 20] [1 2 3 4 7 8 16 20] [1 2 3 4 6 12 16] [1 2 3 4 6 7 8 12 16] [1 2 3 7 8 16 20] [1 2 3 4 6 7 8 9 11 16 24] [1 2 3 4 5 6 7 8 9] [2 20] [2 3 4] [2 3 4 6 7 8 9] [1 2 3 4 5 6 7 8 13] [1 2 3 4 6 7 12 20] [1 2 3] [] [] [] [] [] [] [] [] [] [] [] [] [] [] [] [] [] [] [] [] [] [] [] [] [] [] [] [] [] [] []
205 [] [1 2 16 24 37] [1 2 4 5 6 16] [16 24 37] [1 2] [1 2 3 16] [16] [2 3 7] [2] [1 2 3 5 7 8 16] [1 2 3 4 7 8 9 12 16 20] [16 24 37 45] [1 2 3 4 5] [1 2 3 4 12 16] [1 2 3 4 5 12 16] [1 2 4 6 7 9 16 20] [1 2 3 5 12] [1 2 12] [1 2 3 4 5 12 16 17 19] [1 2 5 6 7] [1] [1 2 3 4 7 8 12 16 24 37 45] [1 2 3 12 16] [1 2 3 5] [1 2 3 4] [2 4 6 7 9] [1 2 3 7 16 24] [2 3 7 8] [1 2 3 4 5 6 7 12 16 20] [1 2 5] [1 2 16] [1 2 3 5 6 7 8] [2 3] [1 2 3 7 12 16] [1 2 4 6 7 13 20] [1 2 3 4 7 8 16 20] [1 2 3 4 6 12 16] [1 2 3 4 6 7 8 12 16] [1 2 3 7 8 16 20] [1 2 3 4 6 7 8 9 11 16 24] [1 2 3 4 5 6 7 8 9] [2 20] [2 3 4] [2 3 4 6 7 8 9] [1 2 3 4 5 6 7 8 13] [1 2 3 4 6 7 12 20] [1 2 3] [] [] [] [] [] [] [] [] [] [] [] [] [] [] [] [] [] [] [] [] [] [] [] [] [] [] [] [] [] [] []
206 [] [1 2 4 5 6 16] [16 24 37] [1 2] [16] [2 3 7] [2] [1 2 3 5 7 8 16] [1 2 3 4 7 8 9 12 16 20] [16 24 37 45] [1 2 3 4 5] [1 2 3 4 12 16] [1 2 3 4 5 12 16] [1 2 4 6 7 9 16 20] [1 2 3 5 12] [1 2 12] [1 2 3 4 5 12 16 17 19] [1 2 5 6 7] [1] [1 2 3 4 7 8 12 16 24 37 45] [1 2 3 12 16] [1 2 3 5] [1 2 3 4] [2 4 6 7 9] [1 2 3 7 16 24] [2 3 7 8] [1 2 3 4 5 6 7 12 16 20] [1 2 5] [1 2 16] [1 2 3 16] [1 2 3 5 6 7 8] [2 3] [1 2 3 7 12 16] [1 2 4 6 7 13 20] [1 2 3 4 7 8 16 20] [1 2 3 4 6 12 16] [1 2 3 4 6 7 8 12 16] [1 2 3 7 8 16 20] [1 2 3 4 6 7 8 9 11 16 24] [1 2 3 4 5 6 7 8 9] [2 20] [2 3 4] [2 3 4 6 7 8 9] [1 2 3 4 5 6 7 8 13] [1 2 3 4 6 7 12 20] [1 2 3] [] [] [] [] [] [] [] [] [] [] [] [] [] [] [] [] [] [] [] [] [] [] [] [] [] [] [] [] [] [] [] []
207 [] [16 24 37] [1 2] [16] [2 3 7] [2] [1 2 3 5 7 8 16] [1 2 3 4 7 8 9 12 16 20] [16 24 37 45] [1 2 3 4 5] [1 2 3 4 12 16] [1 2 3 4 5 12 16] [1 2 4 6 7 9 16 20] [1 2 3 5 12] [1 2 12] [1 2 3 4 5 12 16 17 19] [1 2 5 6 7] [1] [1 2 3 4 7 8 12 16 24 37 45] [1 2 3 12 16] [1 2 3 5] [1 2 3 4] [2 4 6 7 9] [1 2 3 7 16 24] [2 3 7 8] [1 2 3 4 5 6 7 12 16 20] [1 2 5] [1 2 16] [1 2 3 16] [1 2 3 5 6 7 8] [2 3] [1 2 3 7 12 16] [1 2 4 6 7 13 20] [1 2 3 4 7 8 16 20] [1 2 3 4 6 12 16] [1 2 3 4 6 7 8 12 16] [1 2 3 7 8 16 20] [1 2 3 4 6 7 8 9 11 16 24] [1 2 3 4 5 6 7 8 9] [2 20] [2 3 4] [2 3 4 6 7 8 9] [1 2 3 4 5 6 7 8 13] [1 2 3 4 6 7 12 20] [1 2 3] [] [] [] [] [] [] [] [] [] [] [] [] [] [] [] [] [] [] [] [] [] [] [] [] [] [] [] [] [] [] [] [] []
208 [] [1 2] [16] [2 3 7] [2] [1 2 3 5 7 8 16] [1 2 3 4 7 8 9 12 16 20] [16 24 37 45] [1 2 3 4 5] [1 2 3 4 12 16] [1 2 3 4 5 12 16] [1 2 4 6 7 9 16 20] [1 2 3 5 12] [1 2 12] [1 2 3 4 5 12 16 17 19] [1 2 5 6 7] [1] [1 2 3 4 7 8 12 16 24 37 45] [1 2 3 12 16] [1 2 3 5] [1 2 3 4] [2 4 6 7 9] [1 2 3 7 16 24] [2 3 7 8] [1 2 3 4 5 6 7 12 16 20] [1 2 5] [1 2 16] [1 2 3 16] [1 2 3 5 6 7 8] [2 3] [1 2 3 7 12 16] [1 2 4 6 7 13 20] [1 2 3 4 7 8 16 20] [1 2 3 4 6 12 16] [1 2 3 4 6 7 8 12 16] [1 2 3 7 8 16 20] [1 2 3 4 6 7 8 9 11 16 24] [1 2 3 4 5 6 7 8 9] [2 20] [2 3 4] [2 3 4 6 7 8 9] [1 2 3 4 5 6 7 8 13] [1 2 3 4 6 7 12 20] [1 2 3] [] [] [] [] [] [] [] [] [] [] [] [] [] [] [] [] [] [] [] [] [] [] [] [] [] [] [] [] [] [] [] [] [] []
209 [] [1 2] [16] [2 3 7] [2] [1 2 3 5 7 8 16] [1 2 3 4 7 8 9 12 16 20] [16 24 37 45] [1 2 3 4 5] [1 2 3 4 12 16] [1 2 3 4 5 12 16] [1 2 4 6 7 9 16 20] [1 2 3 5 12] [1 2 12] [1 2 3 4 5 12 16 17 19] [1 2 5 6 7] [1] [1 2 3 4 7 8 12 16 24 37 45] [1 2 3 12 16] [1 2 3 5] [1 2 3 4] [2 4 6 7 9] [1 2 3 7 16 24] [2 3 7 8] [1 2 3 4 5 6 7 12 16 20] [1 2 5] [1 2 16] [1 2 3 16] [1 2 3 5 6 7 8] [2 3] [1 2 3 7 12 16] [1 2 4 6 7 13 20] [1 2 3 4 7 8 16 20] [1 2 3 4 6 12 16] [1 2 3 4 6 7 8 12 16] [1 2 3 7 8 16 20] [1 2 3 4 6 7 8 9 11 16 24] [1 2 3 4 5 6 7 8 9] [2 20] [2 3 4] [2 3 4 6 7 8 9] [1 2 3 4 5 6 7 8 13] [1 2 3 4 6 7 12 20] [1 2 3] [] [] [] [] [] [] [] [] [] [] [] [] [] [] [] [] [] [] [] [] [] [] [] [] [] [] [] [] [] [] [] [] [] []
210 [] [1 2] [16] [2 3 7] [2] [1 2 3 5 7 8 16] [1 2 3 4 7 8 9 12 16 20] [16 24 37 45] [1 2 3 4 5] [1 2 3 4 12 16] [1 2 3 4 5 12 16] [1 2 4 6 7 9 16 20] [1 2 3 5 12] [1 2 12] [1 2 3 4 5 12 16 17 19] [1 2 5 6 7] [1] [1 2 3 4 7 8 12 16 24 37 45] [1 2 3 12 16] [1 2 3 5] [1 2 3 4] [2 4 6 7 9] [1 2 3 7 16 24] [2 3 7 8] [1 2 3 4 5 6 7 12 16 20] [1 2 5] [1 2 16] [1 2 3 16] [1 2 3 5 6 7 8] [2 3] [1 2 3 7 12 16] [1 2 4 6 7 13 20] [1 2 3 4 7 8 16 20] [1 2 3 4 6 12 16] [1 2 3 4 6 7 8 12 16] [1 2 3 7 8 16 20] [1 2 3 4 6 7 8 9 11 16 24] [1 2 3 4 5 6 7 8 9] [2 20] [2 3 4] [2 3 4 6 7 8 9] [1 2 3 4 5 6 7 8 13] [1 2 3 4 6 7 12 20] [1 2 3] [] [] [] [] [] [] [] [] [] [] [] [] [] [] [] [] [] [] [] [] [] [] [] [] [] [] [] [] [] [] [] [] [] []
211 [] [1 2] [16] [2 3 7] [2] [1 2 3 5 7 8 16] [1 2 3 4 7 8 9 12 16 20] [16 24 37 45] [1 2 3 4 5] [1 2 3 4 12 16] [1 2 3 4 5 12 16] [1 2 4 6 7 9 16 20] [1 2 3 5 12] [1 2 12] [1 2 3 4 5 12 16 17 19] [1 2 5 6 7] [1] [1 2 3 4 7 8 12 16 24 37 45] [1 2 3 12 16] [1 2 3 5] [1 2 3 4] [2 4 6 7 9] [1 2 3 7 16 24] [2 3 7 8] [1 2 3 4 5 6 7 12 16 20] [1 2 5] [1 2 16] [1 2 3 16] [1 2 3 5 6 7 8] [2 3] [1 2 3 7 12 16] [1 2 4 6 7 13 20] [1 2 3 4 7 8 16 20] [1 2 3 4 6 12 16] [1 2 3 4 6 7 8 12 16] [1 2 3 7 8 16 20] [1 2 3 4 6 7 8 9 11 16 24] [1 2 3 4 5 6 7 8 9] [2 20] [2 3 4] [2 3 4 6 7 8 9] [1 2 3 4 5 6 7 8 13] [1 2 3 4 6 7 12 20] [1 2 3] [] [] [] [] [] [] [] [] [] [] [] [] [] [] [] [] [] [] [] [] [] [] [] [] [] [] [] [] [] [] [] [] [] []
212 [] [16] [1 2] [2 3 7] [2] [1 2 3 5 7 8 16] [1 2 3 4 7 8 9 12 16 20] [16 24 37 45] [1 2 3 4 5] [1 2 3 4 12 16] [1 2 3 4 5 12 16] [1 2 4 6 7 9 16 20] [1 2 3 5 12] [1 2 12] [1 2 3 4 5 12 16 17 19] [1 2 5 6 7] [1] [1 2 3 4 7 8 12 16 24 37 45] [1 2 3 12 16] [1 2 3 5] [1 2 3 4] [2 4 6 7 9] [1 2 3 7 16 24] [2 3 7 8] [1 2 3 4 5 6 7 12 16 20] [1 2 5] [1 2 16] [1 2 3 16] [1 2 3 5 6 7 8] [2 3] [1 2 3 7 12 16] [1 2 4 6 7 13 20] [1 2 3 4 7 8 16 20] [1 2 3 4 6 12 16] [1 2 3 4 6 7 8 12 16] [1 2 3 7 8 16 20] [1 2 3 4 6 7 8 9 11 16 24] [1 2 3 4 5 6 7 8 9] [2 20] [2 3 4] [2 3 4 6 7 8 9] [1 2 3 4 5 6 7 8 13] [1 2 3 4 6 7 12 20] [1 2 3] [] [] [] [] [] [] [] [] [] [] [] [] [] [] [] [] [] [] [] [] [] [] [] [] [] [] [] [] [] [] [] [] [] []
213 [] [1 2] [2 3 7] [2] [1 2 3 5 7 8 16] [1 2 3 4 7 8 9 12 16 20] [1 2 3 4 5] [1 2 3 4 12 16] [16] [1 2 3 4 5 12 16] [1 2 4 6 7 9 16 20] [1 2 3 5 12] [1 2 12] [1 2 3 4 5 12 16 17 19] [1 2 5 6 7] [1] [1 2 3 4 7 8 12 16 24 37 45] [1 2 3 12 16] [1 2 3 5] [1 2 3 4] [2 4 6 7 9] [1 2 3 7 16 24] [2 3 7 8] [1 2 3 4 5 6 7 12 16 20] [1 2 5] [1 2 16] [1 2 3 16] [1 2 3 5 6 7 8] [2 3] [1 2 3 7 12 16] [1 2 4 6 7 13 20] [1 2 3 4 7 8 16 20] [1 2 3 4 6 12 16] [1 2 3 4 6 7 8 12 16] [1 2 3 7 8 16 20] [1 2 3 4 6 7 8 9 11 16 24] [1 2 3 4 5 6 7 8 9] [2 20] [2 3 4] [2 3 4 6 7 8 9] [1 2 3 4 5 6 7 8 13] [1 2 3 4 6 7 12 20] [1 2 3] [] [] [] [] [] [] [] [] [] [] [] [] [] [] [] [] [] [] [] [] [] [] [] [] [] [] [] [] [] [] [] [] [] [] []
214 [] [1 2] [2 3 7] [2] [1 2 3 5 7 8 16] [1 2 3 4 7 8 9 12 16 20] [1 2 3 4 5] [1 2 3 4 12 16] [16] [1 2 3 4 5 12 16] [1 2 4 6 7 9 16 20] [1 2 3 5 12] [1 2 12] [1 2 3 4 5 12 16 17 19] [1 2 5 6 7] [1] [1 2 3 4 7 8 12 16 24 37 45] [1 2 3 12 16] [1 2 3 5] [1 2 3 4] [2 4 6 7 9] [1 2 3 7 16 24] [2 3 7 8] [1 2 3 4 5 6 7 12 16 20] [1 2 5] [1 2 16] [1 2 3 16] [1 2 3 5 6 7 8] [2 3] [1 2 3 7 12 16] [1 2 4 6 7 13 20] [1 2 3 4 7 8 16 20] [1 2 3 4 6 12 16] [1 2 3 4 6 7 8 12 16] [1 2 3 7 8 16 20] [1 2 3 4 6 7 8 9 11 16 24] [1 2 3 4 5 6 7 8 9] [2 20] [2 3 4] [2 3 4 6 7 8 9] [1 2 3 4 5 6 7 8 13] [1 2 3 4 6 7 12 20] [1 2 3] [] [] [] [] [] [] [] [] [] [] [] [] [] [] [] [] [] [] [] [] [] [] [] [] [] [] [] [] [] [] [] [] [] [] []
215 [] [2 3 7] [2] [1 2 3 5 7 8 16] [1 2 3 4 7 8 9 12 16 20] [1 2 3 4 5] [1 2] [1 2 3 4 12 16] [16] [1 2 3 4 5 12 16] [1 2 4 6 7 9 16 20] [1 2 3 5 12] [1 2 12] [1 2 3 4 5 12 16 17 19] [1 2 5 6 7] [1] [1 2 3 4 7 8 12 16 24 37 45] [1 2 3 12 16] [1 2 3 5] [1 2 3 4] [2 4 6 7 9] [1 2 3 7 16 24] [2 3 7 8] [1 2 3 4 5 6 7 12 16 20] [1 2 5] [1 2 16] [1 2 3 16] [1 2 3 5 6 7 8] [2 3] [1 2 3 7 12 16] [1 2 4 6 7 13 20] [1 2 3 4 7 8 16 20] [1 2 3 4 6 12 16] [1 2 3 4 6 7 8 12 16] [1 2 3 7 8 16 20] [1 2 3 4 6 7 8 9 11 16 24] [1 2 3 4 5 6 7 8 9] [2 20] [2 3 4] [2 3 4 6 7 8 9] [1 2 3 4 5 6 7 8 13] [1 2 3 4 6 7 12 20] [1 2 3] [] [] [] [] [] [] [] [] [] [] [] [] [] [] [] [] [] [] [] [] [] [] [] [] [] [] [] [] [] [] [] [] [] [] []
216 [] [2] [1 2 3 5 7 8 16] [1 2 3 4 7 8 9 12 16 20] [1 2 3 4 5] [1 2] [1 2 3 4 12 16] [16] [1 2 3 4 5 12 16] [1 2 4 6 7 9 16 20] [1 2 3 5 12] [1 2 12] [1 2 3 4 5 12 16 17 19] [1 2 5 6 7] [1] [1 2 3 4 7 8 12 16 24 37 45] [1 2 3 12 16] [1 2 3 5] [1 2 3 4] [2 4 6 7 9] [1 2 3 7 16 24] [2 3 7 8] [1 2 3 4 5 6 7 12 16 20] [1 2 5] [1 2 16] [1 2 3 16] [1 2 3 5 6 7 8] [2 3] [1 2 3 7 12 16] [1 2 4 6 7 13 20] [1 2 3 4 7 8 16 20] [1 2 3 4 6 12 16] [1 2 3 4 6 7 8 12 16] [1 2 3 7 8 16 20] [1 2 3 4 6 7 8 9 11 16 24] [1 2 3 4 5 6 7 8 9] [2 20] [2 3 7] [2 3 4] [2 3 4 6 7 8 9] [1 2 3 4 5 6 7 8 13] [1 2 3 4 6 7 12 20] [1 2 3] [] [] [] [] [] [] [] [] [] [] [] [] [] [] [] [] [] [] [] [] [] [] [] [] [] [] [] [] [] [] [] [] [] [] []
217 [] [2] [1 2 3 5 7 8 16] [1 2 3 4 7 8 9 12 16 20] [1 2 3 4 5] [1 2] [1 2 3 4 12 16] [16] [1 2 3 4 5 12 16] [1 2 4 6 7 9 16 20] [1 2 3 5 12] [1 2 12] [1 2 3 4 5 12 16 17 19] [1 2 5 6 7] [1] [1 2 3 4 7 8 12 16 24 37 45] [1 2 3 12 16] [1 2 3 5] [1 2 3 4] [2 4 6 7 9] [1 2 3 7 16 24] [2 3 7 8] [1 2 3 4 5 6 7 12 16 20] [1 2 5] [1 2 16] [1 2 3 16] [1 2 3 5 6 7 8] [2 3] [1 2 3 7 12 16] [1 2 4 6 7 13 20] [1 2 3 4 7 8 16 20] [1 2 3 4 6 12 16] [1 2 3 4 6 7 8 12 16] [1 2 3 7 8 16 20] [1 2 3 4 6 7 8 9 11 16 24] [1 2 3 4 5 6 7 8 9] [2 20] [2 3 7] [2 3 4] [2 3 4 6 7 8 9] [1 2 3 4 5 6 7 8 13] [1 2 3 4 6 7 12 20] [1 2 3] [] [] [] [] [] [] [] [] [] [] [] [] [] [] [] [] [] [] [] [] [] [] [] [] [] [] [] [] [] [] [] [] [] [] []
218 [] [2] [1 2 3 5 7 8 16] [1 2 3 4 7 8 9 12 16 20] [1 2 3 4 5] [1 2] [1 2 3 4 12 16] [16] [1 2 3 4 5 12 16] [1 2 4 6 7 9 16 20] [1 2 3 5 12] [1 2 12] [1 2 3 4 5 12 16 17 19] [1 2 5 6 7] [1] [1 2 3 4 7 8 12 16 24 37 45] [1 2 3 12 16] [1 2 3 5] [1 2 3 4] [2 4 6 7 9] [1 2 3 7 16 24] [2 3 7 8] [1 2 3 4 5 6 7 12 16 20] [1 2 5] [1 2 16] [1 2 3 16] [1 2 3 5 6 7 8] [2 3] [1 2 3 7 12 16] [1 2 4 6 7 13 20] [1 2 3 4 7 8 16 20] [1 2 3 4 6 12 16] [1 2 3 4 6 7 8 12 16] [1 2 3 7 8 16 20] [1 2 3 4 6 7 8 9 11 16 24] [1 2 3 4 5 6 7 8 9] [2 20] [2 3 7] [2 3 4] [2 3 4 6 7 8 9] [1 2 3 4 5 6 7 8 13] [1 2 3 4 6 7 12 20] [1 2 3] [] [] [] [] [] [] [] [] [] [] [] [] [] [] [] [] [] [] [] [] [] [] [] [] [] [] [] [] [] [] [] [] [] [] []
219 [] [2] [1 2 3 5 7 8 16] [1 2 3 4 7 8 9 12 16 20] [1 2 3 4 5] [1 2] [1 2 3 4 12 16] [16] [1 2 3 4 5 12 16] [1 2 4 6 7 9 16 20] [1 2 3 5 12] [1 2 12] [1 2 3 4 5 12 16 17 19] [1 2 5 6 7] [1] [1 2 3 4 7 8 12 16 24 37 45] [1 2 3 12 16] [1 2 3 5] [1 2 3 4] [2 4 6 7 9] [1 2 3 7 16 24] [2 3 7 8] [1 2 3 4 5 6 7 12 16 20] [1 2 5] [1 2 16] [1 2 3 16] [1 2 3 5 6 7 8] [2 3] [1 2 3 7 12 16] [1 2 4 6 7 13 20] [1 2 3 4 7 8 16 20] [1 2 3 4 6 12 16] [1 2 3 4 6 7 8 12 16] [1 2 3 7 8 16 20] [1 2 3 4 6 7 8 9 11 16 24] [1 2 3 4 5 6 7 8 9] [2 20] [2 3 7] [2 3 4] [2 3 4 6 7 8 9] [1 2 3 4 5 6 7 8 13] [1 2 3 4 6 7 12 20] [1 2 3] [] [] [] [] [] [] [] [] [] [] [] [] [] [] [] [] [] [] [] [] [] [] [] [] [] [] [] [] [] [] [] [] [] [] []
220 [] [2] [1 2 3 5 7 8 16] [1 2 3 4 7 8 9 12 16 20] [1 2 3 4 5] [1 2] [1 2 3 4 12 16] [16] [1 2 3 4 5 12 16] [1 2 4 6 7 9 16 20] [1 2 3 5 12] [1 2 12] [1 2 3 4 5 12 16 17 19] [1 2 5 6 7] [1] [1 2 3 4 7 8 12 16 24 37 45] [1 2 3 12 16] [1 2 3 5] [1 2 3 4] [2 4 6 7 9] [1 2 3 7 16 24] [2 3 7 8] [1 2 3 4 5 6 7 12 16 20] [1 2 5] [1 2 16] [1 2 3 16] [1 2 3 5 6 7 8] [2 3] [1 2 3 7 12 16] [1 2 4 6 7 13 20] [1 2 3 4 7 8 16 20] [1 2 3 4 6 12 16] [1 2 3 4 6 7 8 12 16] [1 2 3 7 8 16 20] [1 2 3 4 6 7 8 9 11 16 24] [1 2 3 4 5 6 7 8 9] [2 20] [2 3 7] [2 3 4] [2 3 4 6 7 8 9] [1 2 3 4 5 6 7 8 13] [1 2 3 4 6 7 12 20] [1 2 3] [] [] [] [] [] [] [] [] [] [] [] [] [] [] [] [] [] [] [] [] [] [] [] [] [] [] [] [] [] [] [] [] [] [] []
221 [] [1 2 3 5 7 8 16] [1 2 3 4 7 8 9 12 16 20] [1 2 3 4 5] [1 2] [1 2 3 4 12 16] [16] [1 2 3 4 5 12 16] [1 2 4 6 7 9 16 20] [1 2 3 5 12] [1 2 12] [1 2 3 4 5 12 16 17 19] [1 2 5 6 7] [1] [1 2 3 4 7 8 12 16 24 37 45] [1 2 3 12 16] [1 2 3 5] [1 2 3 4] [2 4 6 7 9] [2] [1 2 3 7 16 24] [2 3 7 8] [1 2 3 4 5 6 7 12 16 20] [1 2 5] [1 2 16] [1 2 3 16] [1 2 3 5 6 7 8] [2 3] [1 2 3 7 12 16] [1 2 4 6 7 13 20] [1 2 3 4 7 8 16 20] [1 2 3 4 6 12 16] [1 2 3 4 6 7 8 12 16] [1 2 3 7 8 16 20] [1 2 3 4 6 7 8 9 11 16 24] [1 2 3 4 5 6 7 8 9] [2 20] [2 3 7] [2 3 4] [2 3 4 6 7 8 9] [1 2 3 4 5 6 7 8 13] [1 2 3 4 6 7 12 20] [1 2 3] [] [] [] [] [] [] [] [] [] [] [] [] [] [] [] [] [] [] [] [] [] [] [] [] [] [] [] [] [] [] [] [] [] [] []
222 [] [1 2 3 5 7 8 16] [1 2 3 4 7 8 9 12 16 20] [1 2 3 4 5] [1 2] [1 2 3 4 12 16] [16] [1 2 3 4 5 12 16] [1 2 4 6 7 9 16 20] [1 2 3 5 12] [1 2 12] [1 2 3 4 5 12 16 17 19] [1 2 5 6 7] [1] [1 2 3 4 7 8 12 16 24 37 45] [1 2 3 12 16] [1 2 3 5] [1 2 3 4] [2 4 6 7 9] [2] [1 2 3 7 16 24] [2 3 7 8] [1 2 3 4 5 6 7 12 16 20] [1 2 5] [1 2 16] [1 2 3 16] [1 2 3 5 6 7 8] [2 3] [1 2 3 7 12 16] [1 2 4 6 7 13 20] [1 2 3 4 7 8 16 20] [1 2 3 4 6 12 16] [1 2 3 4 6 7 8 12 16] [1 2 3 7 8 16 20] [1 2 3 4 6 7 8 9 11 16 24] [1 2 3 4 5 6 7 8 9] [2 20] [2 3 7] [2 3 4] [2 3 4 6 7 8 9] [1 2 3 4 5 6 7 8 13] [1 2 3 4 6 7 12 20] [1 2 3] [] [] [] [] [] [] [] [] [] [] [] [] [] [] [] [] [] [] [] [] [] [] [] [] [] [] [] [] [] [] [] [] [] [] []
223 [] [1 2 3 5 7 8 16] [1 2 3 4 7 8 9 12 16 20] [1 2 3 4 5] [1 2] [1 2 3 4 12 16] [16] [1 2 3 4 5 12 16] [1 2 4 6 7 9 16 20] [1 2 3 5 12] [1 2 12] [1 2 3 4 5 12 16 17 19] [1 2 5 6 7] [1] [1 2 3 4 7 8 12 16 24 37 45] [1 2 3 12 16] [1 2 3 5] [1 2 3 4] [2 4 6 7 9] [2] [1 2 3 7 16 24] [2 3 7 8] [1 2 3 4 5 6 7 12 16 20] [1 2 5] [1 2 16] [1 2 3 16] [1 2 3 5 6 7 8] [2 3] [1 2 3 7 12 16] [1 2 4 6 7 13 20] [1 2 3 4 7 8 16 20] [1 2 3 4 6 12 16] [1 2 3 4 6 7 8 12 16] [1 2 3 7 8 16 20] [1 2 3 4 6 7 8 9 11 16 24] [1 2 3 4 5 6 7 8 9] [2 20] [2 3 7] [2 3 4] [2 3 4 6 7 8 9] [1 2 3 4 5 6 7 8 13] [1 2 3 4 6 7 12 20] [1 2 3] [] [] [] [] [] [] [] [] [] [] [] [] [] [] [] [] [] [] [] [] [] [] [] [] [] [] [] [] [] [] [] [] [] [] []
224 [] [1 2 3 4 7 8 9 12 16 20] [1 2 3 4 5] [1 2] [1 2 3 4 12 16] [16] [1 2 3 4 5 12 16] [1 2 4 6 7 9 16 20] [1 2 3 5 12] [1 2 12] [1 2 3 4 5 12 16 17 19] [1 2 5 6 7] [1] [1 2 3 4 7 8 12 16 24 37 45] [1 2 3 12 16] [1 2 3 5] [1 2 3 4] [2 4 6 7 9] [2] [1 2 3 7 16 24] [2 3 7 8] [1 2 3 4 5 6 7 12 16 20] [1 2 5] [1 2 16] [1 2 3 16] [1 2 3 5 6 7 8] [2 3] [1 2 3 7 12 16] [1 2 4 6 7 13 20] [1 2 3 4 7 8 16 20] [1 2 3 4 6 12 16] [1 2 3 4 6 7 8 12 16] [1 2 3 7 8 16 20] [1 2 3 4 6 7 8 9 11 16 24] [1 2 3 4 5 6 7 8 9] [2 20] [2 3 7] [2 3 4] [1 2 3 5 7 8 16] [2 3 4 6 7 8 9] [1 2 3 4 5 6 7 8 13] [1 2 3 4 6 7 12 20] [1 2 3] [] [] [] [] [] [] [] [] [] [] [] [] [] [] [] [] [] [] [] [] [] [] [] [] [] [] [] [] [] [] [] [] [] [] []
225 [] [1 2 3 4 5] [1 2] [1 2 3 4 12 16] [16] [1 2 3 4 5 12 16] [1 2 4 6 7 9 16 20] [1 2 3 5 12] [1 2 12] [1 2 3 4 5 12 16 17 19] [1 2 5 6 7] [1] [1 2 3 4 7 8 12 16 24 37 45] [1 2 3 12 16] [1 2 3 5] [1 2 3 4] [2 4 6 7 9] [2] [1 2 3 7 16 24] [2 3 7 8] [1 2 3 4 5 6 7 12 16 20] [1 2 5] [1 2 16] [1 2 3 16] [1 2 3 5 6 7 8] [2 3] [1 2 3 4 6 7 8] [1 2 3 7 12 16] [1 2 4 6 7 13 20] [1 2 3 4 7 8 16 20] [1 2 3 4 6 12 16] [1 2 3 4 6 7 8 12 16] [1 2 3 7 8 16 20] [1 2 3 4 6 7 8 9 11 16 24] [1 2 3 4 5 6 7 8 9] [2 20] [2 3 7] [2 3 4] [1 2 3 5 7 8 16] [2 3 4 6 7 8 9] [1 2 3 4 5 6 7 8 13] [1 2 3 4 6 7 12 20] [1 2 3] [] [] [] [] [] [] [] [] [] [] [] [] [] [] [] [] [] [] [] [] [] [] [] [] [] [] [] [] [] [] [] [] [] [] []
226 [] [1 2] [1 2 3 4 12 16] [16] [1 2 3 4 5 12 16] [1 2 4 6 7 9 16 20] [1 2 3 5 12] [1 2 12] [1 2 5 6 7] [1] [1 2 3 4 7 8 12 16 24 37 45] [1 2 3 12 16] [1 2 3 5] [1 2 3 4] [2 4 6 7 9] [2] [1 2 3 7 16 24] [2 3 7 8] [1 2 3 4 5 6 7 12 16 20] [1 2 5] [1 2 16] [1 2 3 16] [1 2 3 5 6 7 8] [2 3] [1 2 3 4 5] [1 2 3 4 6 7 8] [1 2 3 7 12 16] [1 2 4 6 7 13 20] [1 2 3 4 7 8 16 20] [1 2 3 4 6 12 16] [1 2 3 4 6 7 8 12 16] [1 2 3 7 8 16 20] [1 2 3 4 6 7 8 9 11 16 24] [1 2 3 4 5 6 7 8 9] [2 20] [2 3 7] [2 3 4] [1 2 3 5 7 8 16] [2 3 4 6 7 8 9] [1 2 3 4 5 6 7 8 13] [1 2 3 4 6 7 12 20] [1 2 3] [] [] [] [] [] [] [] [] [] [] [] [] [] [] [] [] [] [] [] [] [] [] [] [] [] [] [] [] [] [] [] [] [] [] [] []
227 [] [1 2 3 4 12 16] [16] [1 2 3 4 5 12 16] [1 2 4 6 7 9 16 20] [1 2] [1 2 3 5 12] [1 2 12] [1 2 5 6 7] [1] [1 2 3 4 7 8 12 16 24 37 45] [1 2 3 12 16] [1 2 3 5] [1 2 3 4] [2 4 6 7 9] [2] [1 2 3 7 16 24] [2 3 7 8] [1 2 3 4 5 6 7 12 16 20] [1 2 5] [1 2 16] [1 2 3 16] [1 2 3 5 6 7 8] [2 3] [1 2 3 4 5] [1 2 3 4 6 7 8] [1 2 3 7 12 16] [1 2 4 6 7 13 20] [1 2 3 4 7 8 16 20] [1 2 3 4 6 12 16] [1 2 3 4 6 7 8 12 16] [1 2 3 7 8 16 20] [1 2 3 4 6 7 8 9 11 16 24] [1 2 3 4 5 6 7 8 9] [2 20] [2 3 7] [2 3 4] [1 2 3 5 7 8 16] [2 3 4 6 7 8 9] [1 2 3 4 5 6 7 8 13] [1 2 3 4 6 7 12 20] [1 2 3] [] [] [] [] [] [] [] [] [] [] [] [] [] [] [] [] [] [] [] [] [] [] [] [] [] [] [] [] [] [] [] [] [] [] [] []
228 [] [16] [1 2 3 4 5 12 16] [1 2 3 4 12 16] [1 2] [1 2 3 5 12] [1 2 12] [1 2 5 6 7] [1] [1 2 3 4 7 8 12 16 24 37 45] [1 2 3 12 16] [1 2 3 5] [1 2 3 4] [2 4 6 7 9] [2] [1 2 3 7 16 24] [2 3 7 8] [1 2 3 4 5 6 7 12 16 20] [1 2 5] [1 2 16] [1 2 3 16] [1 2 3 5 6 7 8] [2 3] [1 2 3 4 5] [1 2 3 4 6 7 8] [1 2 3 7 12 16] [1 2 4 6 7 13 20] [1 2 3 4 7 8 16 20] [1 2 3 4 6 12 16] [1 2 3 4 6 7 8 12 16] [1 2 3 7 8 16 20] [1 2 3 4 6 7 8 9 11 16 24] [1 2 3 4 5 6 7 8 9] [2 20] [2 3 7] [2 3 4] [1 2 3 5 7 8 16] [2 3 4 6 7 8 9] [1 2 3 4 5 6 7 8 13] [1 2 3 4 6 7 12 20] [1 2 3] [] [] [] [] [] [] [] [] [] [] [] [] [] [] [] [] [] [] [] [] [] [] [] [] [] [] [] [] [] [] [] [] [] [] [] [] []
229 [] [1 2 3 4 5 12 16] [1 2 3 4 12 16] [16] [1 2] [1 2 3 5 12] [1 2 12] [1 2 5 6 7] [1] [1 2 3 4 7 8 12 16 24 37 45] [1 2 3 12 16] [1 2 3 5] [1 2 3 4] [2 4 6 7 9] [2] [1 2 3 7 16 24] [2 3 7 8] [1 2 3 4 5 6 7 12 16 20] [1 2 5] [1 2 16] [1 2 3 16] [1 2 3 5 6 7 8] [2 3] [1 2 3 4 5] [1 2 3 4 6 7 8] [1 2 3 7 12 16] [1 2 4 6 7 13 20] [1 2 3 4 7 8 16 20] [1 2 3 4 6 12 16] [1 2 3 4 6 7 8 12 16] [1 2 3 7 8 16 20] [1 2 3 4 6 7 8 9 11 16 24] [1 2 3 4 5 6 7 8 9] [2 20] [2 3 7] [2 3 4] [1 2 3 5 7 8 16] [2 3 4 6 7 8 9] [1 2 3 4 5 6 7 8 13] [1 2 3 4 6 7 12 20] [1 2 3] [] [] [] [] [] [] [] [] [] [] [] [] [] [] [] [] [] [] [] [] [] [] [] [] [] [] [] [] [] [] [] [] [] [] [] [] []
230 [] [1 2 3 4 5 12 16] [1 2 3 4 12 16] [16] [1 2] [1 2 3 5 12] [1 2 12] [1 2 5 6 7] [1] [1 2 3 4 7 8 12 16 24 37 45] [1 2 3 12 16] [1 2 3 5] [1 2 3 4] [2 4 6 7 9] [2] [1 2 3 7 16 24] [2 3 7 8] [1 2 3 4 5 6 7 12 16 20] [1 2 5] [1 2 16] [1 2 3 16] [1 2 3 5 6 7 8] [2 3] [1 2 3 4 5] [1 2 3 4 6 7 8] [1 2 3 7 12 16] [1 2 4 6 7 13 20] [1 2 3 4 7 8 16 20] [1 2 3 4 6 12 16] [1 2 3 4 6 7 8 12 16] [1 2 3 7 8 16 20] [1 2 3 4 6 7 8 9 11 16 24] [1 2 3 4 5 6 7 8 9] [2 20] [2 3 7] [2 3 4] [1 2 3 5 7 8 16] [2 3 4 6 7 8 9] [1 2 3 4 5 6 7 8 13] [1 2 3 4 6 7 12 20] [1 2 3] [] [] [] [] [] [] [] [] [] [] [] [] [] [] [] [] [] [] [] [] [] [] [] [] [] [] [] [] [] [] [] [] [] [] [] [] []
231 [] [1 2 3 4 12 16] [16] [1 2] [1 2 3 5 12] [1 2 12] [1 2 5 6 7] [1] [1 2 3 4 7 8 12 16 24 37 45] [1 2 3 12 16] [1 2 3 5] [1 2 3 4] [2 4 6 7 9] [2] [1 2 3 7 16 24] [2 3 7 8] [1 2 3 4 5 6 7 12 16 20] [1 2 5] [1 2 16] [1 2 3 16] [1 2 3 5 6 7 8] [2 3] [1 2 3 4 5] [1 2 3 4 6 7 8] [1 2 3 7 12 16] [1 2 4 6 7 13 20] [1 2 3 4 7 8 16 20] [1 2 3 4 6 12 16] [1 2 3 4 6 7 8 12 16] [1 2 3 7 8 16 20] [1 2 3 4 6 7 8 9 11 16 24] [1 2 3 4 5 6 7 8 9] [2 20] [2 3 7] [2 3 4] [1 2 3 5 7 8 16] [2 3 4 6 7 8 9] [1 2 3 4 5 6 7 8 13] [1 2 3 4 6 7 12 20] [1 2 3] [] [] [] [] [] [] [] [] [] [] [] [] [] [] [] [] [] [] [] [] [] [] [] [] [] [] [] [] [] [] [] [] [] [] [] [] [] []
232 [] [1 2 3 4 12 16] [1 2 3 4 5 12 16 17 19] [16] [1 2] [1 2 3 5 12] [1 2 12] [1 2 5 6 7] [1] [1 2 3 4 7 8 12 16 24 37 45] [1 2 3 12 16] [1 2 3 5] [1 2 3 4] [2 4 6 7 9] [2] [1 2 3 7 16 24] [2 3 7 8] [1 2 3 4 5 6 7 12 16 20] [1 2 5] [1 2 16] [1 2 3 16] [1 2 3 5 6 7 8] [2 3] [1 2 3 4 5] [1 2 3 4 6 7 8] [1 2 3 7 12 16] [1 2 4 6 7 13 20] [1 2 3 4 7 8 16 20] [1 2 3 4 6 12 16] [1 2 3 4 6 7 8 12 16] [1 2 3 7 8 16 20] [1 2 3 4 6 7 8 9 11 16 24] [1 2 3 4 5 6 7 8 9] [2 20] [2 3 7] [2 3 4] [1 2 3 5 7 8 16] [2 3 4 6 7 8 9] [1 2 3 4 5 6 7 8 13] [1 2 3 4 6 7 12 20] [1 2 3] [] [] [] [] [] [] [] [] [] [] [] [] [] [] [] [] [] [] [] [] [] [] [] [] [] [] [] [] [] [] [] [] [] [] [] [] []
233 [] [1 2 3 4 5 12 16 17 19] [16] [1 2] [1 2 3 5 12] [1 2 12] [1 2 5 6 7] [1] [1 2 3 4 7 8 12 16 24 37 45] [1 2 3 12 16] [1 2 3 5] [1 2 3 4] [2 4 6 7 9] [2] [1 2 3 7 16 24] [2 3 7 8] [1 2 3 4 5 6 7 12 16 20] [1 2 5] [1 2 16] [1 2 3 16] [1 2 3 5 6 7 8] [2 3] [1 2 3 4 5] [1 2 3 4 6 7 8] [1 2 3 7 12 16] [1 2 4 6 7 13 20] [1 2 3 4 7 8 16 20] [1 2 3 4 6 12 16] [1 2 3 4 6 7 8 12 16] [1 2 3 7 8 16 20] [1 2 3 4 6 7 8 9 11 16 24] [1 2 3 4 5 6 7 8 9] [2 20] [2 3 7] [2 3 4] [1 2 3 5 7 8 16] [2 3 4 6 7 8 9] [1 2 3 4 5 6 7 8 13] [1 2 3 4 6 7 12 20] [1 2 3] [] [] [] [] [] [] [] [] [] [] [] [] [] [] [] [] [] [] [] [] [] [] [] [] [] [] [] [] [] [] [] [] [] [] [] [] [] []
234 [] [1 2 3 4 5 12 16 17 19] [16] [1 2] [1 2 3 5 12] [1 2 12] [1 2 5 6 7] [1] [1 2 3 4 7 8 12 16 24 37 45] [1 2 3 12 16] [1 2 3 5] [1 2 3 4] [2 4 6 7 9] [2] [1 2 3 7 16 24] [2 3 7 8] [1 2 3 4 5 6 7 12 16 20] [1 2 5] [1 2 16] [1 2 3 16] [1 2 3 5 6 7 8] [2 3] [1 2 3 4 5] [1 2 3 4 6 7 8] [1 2 3 7 12 16] [1 2 4 6 7 13 20] [1 2 3 4 7 8 16 20] [1 2 3 4 6 12 16] [1 2 3 4 6 7 8 12 16] [1 2 3 7 8 16 20] [1 2 3 4 6 7 8 9 11 16 24] [1 2 3 4 5 6 7 8 9] [2 20] [2 3 7] [2 3 4] [1 2 3 5 7 8 16] [2 3 4 6 7 8 9] [1 2 3 4 5 6 7 8 13] [1 2 3 4 6 7 12 20] [1 2 3] [] [] [] [] [] [] [] [] [] [] [] [] [] [] [] [] [] [] [] [] [] [] [] [] [] [] [] [] [] [] [] [] [] [] [] [] [] []
235 [] [1 2 3 4 5 12 16 17 19] [2 3 4] [16] [1 2] [1 2 3 5 12] [1 2 12] [1 2 5 6 7] [1] [1 2 3 4 7 8 12 16 24 37 45] [1 2 3 12 16] [1 2 3 5] [1 2 3 4] [2 4 6 7 9] [2] [1 2 3 7 16 24] [2 3 7 8] [1 2 3 4 5 6 7 12 16 20] [1 2 5] [1 2 16] [1 2 3 16] [1 2 3 5 6 7 8] [2 3] [1 2 3 4 5] [1 2 3 4 6 7 8] [1 2 3 7 12 16] [1 2 4 6 7 13 20] [1 2 3 4 7 8 16 20] [1 2 3 4 6 12 16] [1 2 3 4 6 7 8 12 16] [1 2 3 7 8 16 20] [1 2 3 4 6 7 8 9 11 16 24] [1 2 3 4 5 6 7 8 9] [2 20] [2 3 7] [1 2 3 5 7 8 16] [2 3 4 6 7 8 9] [1 2 3 4 5 6 7 8 13] [1 2 3 4 6 7 12 20] [1 2 3] [] [] [] [] [] [] [] [] [] [] [] [] [] [] [] [] [] [] [] [] [] [] [] [] [] [] [] [] [] [] [] [] [] [] [] [] [] []
236 [] [2 3 4] [16] [1 2] [1 2 3 5 12] [1 2 12] [1 2 5 6 7] [1] [1 2 3 4 7 8 12 16 24 37 45] [1 2 3 12 16] [1 2 3 5] [1 2 3 4] [2 4 6 7 9] [2] [1 2 3 7 16 24] [2 3 7 8] [1 2 3 4 5 6 7 12 16 20] [1 2 5] [1 2 16] [1 2 3 16] [1 2 3 5 6 7 8] [2 3] [1 2 3 4 5] [1 2 3 4 6 7 8] [1 2 3 7 12 16] [1 2 4 6 7 13 20] [1 2 3 4 7 8 16 20] [1 2 3 4 6 12 16] [1 2 3 4 6 7 8 12 16] [1 2 3 7 8 16 20] [1 2 3 4 6 7 8 9 11 16 24] [1 2 3 4 5 6 7 8 9] [2 20] [2 3 7] [1 2 3 5 7 8 16] [2 3 4 6 7 8 9] [1 2 3 4 5 6 7 8 13] [1 2 3 4 6 7 12 20] [1 2 3] [] [] [] [] [] [] [] [] [] [] [] [] [] [] [] [] [] [] [] [] [] [] [] [] [] [] [] [] [] [] [] [] [] [] [] [] [] [] []
237 [] [2 3 4] [16] [1 2] [1 2 3 5 12] [1 2 12] [1 2 5 6 7] [1] [1 2 3 4 7 8 12 16 24 37 45] [1 2 3 12 16] [1 2 3 5] [1 2 3 4] [2 4 6 7 9] [2] [1 2 3 7 16 24] [2 3 7 8] [1 2 3 4 5 6 7 12 16 20] [1 2 5] [1 2 16] [1 2 3 16] [1 2 3 5 6 7 8] [2 3] [1 2 3 4 5] [1 2 3 4 6 7 8] [1 2 3 7 12 16] [1 2 4 6 7 13 20] [1 2 3 4 7 8 16 20] [1 2 3 4 6 12 16] [1 2 3 4 6 7 8 12 16] [1 2 3 7 8 16 20] [1 2 3 4 6 7 8 9 11 16 24] [1 2 3 4 5 6 7 8 9] [2 20] [2 3 7] [1 2 3 5 7 8 16] [2 3 4 6 7 8 9] [1 2 3 4 5 6 7 8 13] [1 2 3 4 6 7 12 20] [1 2 3] [] [] [] [] [] [] [] [] [] [] [] [] [] [] [] [] [] [] [] [] [] [] [] [] [] [] [] [] [] [] [] [] [] [] [] [] [] [] []
238 [] [2 3 4] [16] [1 2] [1 2 3 5 12] [1 2 12] [1 2 5 6 7] [1] [1 2 3 4 7 8 12 16 24 37 45] [1 2 3 12 16] [1 2 3 5] [1 2 3 4] [2 4 6 7 9] [2] [1 2 3 7 16 24] [2 3 7 8] [1 2 3 4 5 6 7 12 16 20] [1 2 5] [1 2 16] [1 2 3 16] [1 2 3 5 6 7 8] [2 3] [1 2 3 4 5] [1 2 3 4 6 7 8] [1 2 3 7 12 16] [1 2 4 6 7 13 20] [1 2 3 4 7 8 16 20] [1 2 3 4 6 12 16] [1 2 3 4 6 7 8 12 16] [1 2 3 7 8 16 20] [1 2 3 4 6 7 8 9 11 16 24] [1 2 3 4 5 6 7 8 9] [2 20] [2 3 7] [1 2 3 5 7 8 16] [2 3 4 6 7 8 9] [1 2 3 4 5 6 7 8 13] [1 2 3 4 6 7 12 20] [1 2 3] [] [] [] [] [] [] [] [] [] [] [] [] [] [] [] [] [] [] [] [] [] [] [] [] [] [] [] [] [] [] [] [] [] [] [] [] [] [] []
239 [] [2 3 4] [16] [1 2] [1 2 3 5 12] [1 2 12] [1 2 5 6 7] [1] [1 2 3 4 7 8 12 16 24 37 45] [1 2 3 12 16] [1 2 3 5] [1 2 3 4] [2 4 6 7 9] [2] [1 2 3 7 16 24] [2 3 7 8] [1 2 3 4 5 6 7 12 16 20] [1 2 5] [1 2 16] [1 2 3 16] [1 2 3 5 6 7 8] [2 3] [1 2 3 4 5] [1 2 3 4 6 7 8] [1 2 3 7 12 16] [1 2 4 6 7 13 20] [1 2 3 4 7 8 16 20] [1 2 3 4 6 12 16] [1 2 3 4 6 7 8 12 16] [1 2 3 7 8 16 20] [1 2 3 4 6 7 8 9 11 16 24] [1 2 3 4 5 6 7 8 9] [2 20] [2 3 7] [1 2 3 5 7 8 16] [2 3 4 6 7 8 9] [1 2 3 4 5 6 7 8 13] [1 2 3 4 6 7 12 20] [1 2 3] [] [] [] [] [] [] [] [] [] [] [] [] [] [] [] [] [] [] [] [] [] [] [] [] [] [] [] [] [] [] [] [] [] [] [] [] [] [] []
240 [] [2 3 4] [16] [1 2] [1 2 3 5 12] [1 2 12] [1 2 5 6 7] [1] [1 2 3 4 7 8 12 16 24 37 45] [1 2 3 12 16] [1 2 3 5] [1 2 3 4] [2 4 6 7 9] [2] [1 2 3 7 16 24] [2 3 7 8] [1 2 3 4 5 6 7 12 16 20] [1 2 5] [1 2 16] [1 2 3 16] [1 2 3 5 6 7 8] [2 3] [1 2 3 4 5] [1 2 3 4 6 7 8] [1 2 3 7 12 16] [1 2 4 6 7 13 20] [1 2 3 4 7 8 16 20] [1 2 3 4 6 12 16] [1 2 3 4 6 7 8 12 16] [1 2 3 7 8 16 20] [1 2 3 4 6 7 8 9 11 16 24] [1 2 3 4 5 6 7 8 9] [2 20] [2 3 7] [1 2 3 5 7 8 16] [2 3 4 6 7 8 9] [1 2 3 4 5 6 7 8 13] [1 2 3 4 6 7 12 20] [1 2 3] [] [] [] [] [] [] [] [] [] [] [] [] [] [] [] [] [] [] [] [] [] [] [] [] [] [] [] [] [] [] [] [] [] [] [] [] [] [] []
241 [] [16] [1] [1 2] [1 2 3 5 12] [1 2 12] [1 2 5 6 7] [1 2 3 4 7 8 12 16 24 37 45] [1 2 3 12 16] [1 2 3 5] [1 2 3 4] [2 4 6 7 9] [2] [1 2 3 7 16 24] [2 3 7 8] [1 2 3 4 5 6 7 12 16 20] [1 2 5] [1 2 16] [1 2 3 16] [1 2 3 5 6 7 8] [2 3] [1 2 3 4 5] [1 2 3 4 6 7 8] [1 2 3 7 12 16] [1 2 4 6 7 13 20] [1 2 3 4 7 8 16 20] [1 2 3 4 6 12 16] [1 2 3 4 6 7 8 12 16] [1 2 3 7 8 16 20] [1 2 3 4 6 7 8 9 11 16 24] [1 2 3 4 5 6 7 8 9] [2 20] [2 3 7] [2 3 4] [1 2 3 5 7 8 16] [2 3 4 6 7 8 9] [1 2 3 4 5 6 7 8 13] [1 2 3 4 6 7 12 20] [1 2 3] [] [] [] [] [] [] [] [] [] [] [] [] [] [] [] [] [] [] [] [] [] [] [] [] [] [] [] [] [] [] [] [] [] [] [] [] [] [] []
242 [] [1] [1 2 3 5 12] [1 2] [1 2 12] [1 2 5 6 7] [1 2 3 4 7 8 12 16 24 37 45] [1 2 3 12 16] [1 2 3 5] [16] [1 2 3 4] [2 4 6 7 9] [2] [1 2 3 7 16 24] [2 3 7 8] [1 2 3 4 5 6 7 12 16 20] [1 2 5] [1 2 16] [1 2 3 16] [1 2 3 5 6 7 8] [2 3] [1 2 3 4 5] [1 2 3 4 6 7 8] [1 2 3 7 12 16] [1 2 4 6 7 13 20] [1 2 3 4 7 8 16 20] [1 2 3 4 6 12 16] [1 2 3 4 6 7 8 12 16] [1 2 3 7 8 16 20] [1 2 3 4 6 7 8 9 11 16 24] [1 2 3 4 5 6 7 8 9] [2 20] [2 3 7] [2 3 4] [1 2 3 5 7 8 16] [2 3 4 6 7 8 9] [1 2 3 4 5 6 7 8 13] [1 2 3 4 6 7 12 20] [1 2 3] [] [] [] [] [] [] [] [] [] [] [] [] [] [] [] [] [] [] [] [] [] [] [] [] [] [] [] [] [] [] [] [] [] [] [] [] [] [] []
243 [] [1] [1 2 3 5 12] [1 2] [1 2 12] [1 2 5 6 7] [1 2 3 4 7 8 12 16 24 37 45] [1 2 3 12 16] [1 2 3 5] [16] [1 2 3 4] [2 4 6 7 9] [2] [1 2 3 7 16 24] [2 3 7 8] [1 2 3 4 5 6 7 12 16 20] [1 2 5] [1 2 16] [1 2 3 16] [1 2 3 5 6 7 8] [2 3] [1 2 3 4 5] [1 2 3 4 6 7 8] [1 2 3 7 12 16] [1 2 4 6 7 13 20] [1 2 3 4 7 8 16 20] [1 2 3 4 6 12 16] [1 2 3 4 6 7 8 12 16] [1 2 3 7 8 16 20] [1 2 3 4 6 7 8 9 11 16 24] [1 2 3 4 5 6 7 8 9] [2 20] [2 3 7] [2 3 4] [1 2 3 5 7 8 16] [2 3 4 6 7 8 9] [1 2 3 4 5 6 7 8 13] [1 2 3 4 6 7 12 20] [1 2 3] [] [] [] [] [] [] [] [] [] [] [] [] [] [] [] [] [] [] [] [] [] [] [] [] [] [] [] [] [] [] [] [] [] [] [] [] [] [] []
244 [] [1] [1 2 3 5 12] [1 2] [1 2 12] [1 2 5 6 7] [1 2 3 4 7 8 12 16 24 37 45] [1 2 3 12 16] [1 2 3 5] [16] [1 2 3 4] [2 4 6 7 9] [2] [1 2 3 7 16 24] [2 3 7 8] [1 2 3 4 5 6 7 12 16 20] [1 2 5] [1 2 16] [1 2 3 16] [1 2 3 5 6 7 8] [2 3] [1 2 3 4 5] [1 2 3 4 6 7 8] [1 2 3 7 12 16] [1 2 4 6 7 13 20] [1 2 3 4 7 8 16 20] [1 2 3 4 6 12 16] [1 2 3 4 6 7 8 12 16] [1 2 3 7 8 16 20] [1 2 3 4 6 7 8 9 11 16 24] [1 2 3 4 5 6 7 8 9] [2 20] [2 3 7] [2 3 4] [1 2 3 5 7 8 16] [2 3 4 6 7 8 9] [1 2 3 4 5 6 7 8 13] [1 2 3 4 6 7 12 20] [1 2 3] [] [] [] [] [] [] [] [] [] [] [] [] [] [] [] [] [] [] [] [] [] [] [] [] [] [] [] [] [] [] [] [] [] [] [] [] [] [] []
245 [] [1] [1 2 3 5 12] [1 2] [1 2 12] [1 2 5 6 7] [1 2 3 4 7 8 12 16 24 37 45] [1 2 3 12 16] [1 2 3 5] [16] [1 2 3 4] [2 4 6 7 9] [2] [1 2 3 7 16 24] [2 3 7 8] [1 2 3 4 5 6 7 12 16 20] [1 2 5] [1 2 16] [1 2 3 16] [1 2 3 5 6 7 8] [2 3] [1 2 3 4 5] [1 2 3 4 6 7 8] [1 2 3 7 12 16] [1 2 4 6 7 13 20] [1 2 3 4 7 8 16 20] [1 2 3 4 6 12 16] [1 2 3 4 6 7 8 12 16] [1 2 3 7 8 16 20] [1 2 3 4 6 7 8 9 11 16 24] [1 2 3 4 5 6 7 8 9] [2 20] [2 3 7] [2 3 4] [1 2 3 5 7 8 16] [2 3 4 6 7 8 9] [1 2 3 4 5 6 7 8 13] [1 2 3 4 6 7 12 20] [1 2 3] [] [] [] [] [] [] [] [] [] [] [] [] [] [] [] [] [] [] [] [] [] [] [] [] [] [] [] [] [] [] [] [] [] [] [] [] [] [] []
246 [] [1] [1 2 3 5 12] [1 2] [1 2 12] [1 2 5 6 7] [1 2 3 4 7 8 12 16 24 37 45] [1 2 3 12 16] [1 2 3 5] [16] [1 2 3 4] [2 4 6 7 9] [2] [1 2 3 7 16 24] [2 3 7 8] [1 2 3 4 5 6 7 12 16 20] [1 2 5] [1 2 16] [1 2 3 16] [1 2 3 5 6 7 8] [2 3] [1 2 3 4 5] [1 2 3 4 6 7 8] [1 2 3 7 12 16] [1 2 4 6 7 13 20] [1 2 3 4 7 8 16 20] [1 2 3 4 6 12 16] [1 2 3 4 6 7 8 12 16] [1 2 3 7 8 16 20] [1 2 3 4 6 7 8 9 11 16 24] [1 2 3 4 5 6 7 8 9] [2 20] [2 3 7] [2 3 4] [1 2 3 5 7 8 16] [2 3 4 6 7 8 9] [1 2 3 4 5 6 7 8 13] [1 2 3 4 6 7 12 20] [1 2 3] [] [] [] [] [] [] [] [] [] [] [] [] [] [] [] [] [] [] [] [] [] [] [] [] [] [] [] [] [] [] [] [] [] [] [] [] [] [] []
247 [] [1] [1 2 3 5 12] [1 2] [1 2 12] [1 2 5 6 7] [1 2 3 4 7 8 12 16 24 37 45] [1 2 3 12 16] [1 2 3 5] [16] [1 2 3 4] [2 4 6 7 9] [2] [1 2 3 7 16 24] [2 3 7 8] [1 2 3 4 5 6 7 12 16 20] [1 2 5] [1 2 16] [1 2 3 16] [1 2 3 5 6 7 8] [2 3] [1 2 3 4 5] [1 2 3 4 6 7 8] [1 2 3 7 12 16] [1 2 4 6 7 13 20] [1 2 3 4 7 8 16 20] [1 2 3 4 6 12 16] [1 2 3 4 6 7 8 12 16] [1 2 3 7 8 16 20] [1 2 3 4 6 7 8 9 11 16 24] [1 2 3 4 5 6 7 8 9] [2 20] [2 3 7] [2 3 4] [1 2 3 5 7 8 16] [2 3 4 6 7 8 9] [1 2 3 4 5 6 7 8 13] [1 2 3 4 6 7 12 20] [1 2 3] [] [] [] [] [] [] [] [] [] [] [] [] [] [] [] [] [] [] [] [] [] [] [] [] [] [] [] [] [] [] [] [] [] [] [] [] [] [] []
248 [] [1] [1 2 3 5 12] [1 2] [1 2 12] [1 2 5 6 7] [1 2 3 4 7 8 12 16 24 37 45] [1 2 3 12 16] [1 2 3 5] [16] [1 2 3 4] [2 4 6 7 9] [2] [1 2 3 7 16 24] [2 3 7 8] [1 2 3 4 5 6 7 12 16 20] [1 2 5] [1 2 16] [1 2 3 16] [1 2 3 5 6 7 8] [2 3] [1 2 3 4 5] [1 2 3 4 6 7 8] [1 2 3 7 12 16] [1 2 4 6 7 13 20] [1 2 3 4 7 8 16 20] [1 2 3 4 6 12 16] [1 2 3 4 6 7 8 12 16] [1 2 3 7 8 16 20] [1 2 3 4 6 7 8 9 11 16 24] [1 2 3 4 5 6 7 8 9] [2 20] [2 3 7] [2 3 4] [1 2 3 5 7 8 16] [2 3 4 6 7 8 9] [1 2 3 4 5 6 7 8 13] [1 2 3 4 6 7 12 20] [1 2 3] [] [] [] [] [] [] [] [] [] [] [] [] [] [] [] [] [] [] [] [] [] [] [] [] [] [] [] [] [] [] [] [] [] [] [] [] [] [] []
249 [] [1] [1 2 3 5 12] [1 2] [1 2 12] [1 2 5 6 7] [1 2 3 4 7 8 12 16 24 37 45] [1 2 3 12 16] [1 2 3 5] [16] [1 2 3 4] [2 4 6 7 9] [2] [1 2 3 7 16 24] [2 3 7 8] [1 2 3 4 5 6 7 12 16 20] [1 2 5] [1 2 16] [1 2 3 16] [1 2 3 5 6 7 8] [2 3] [1 2 3 4 5] [1 2 3 4 6 7 8] [1 2 3 7 12 16] [1 2 4 6 7 13 20] [1 2 3 4 7 8 16 20] [1 2 3 4 6 12 16] [1 2 3 4 6 7 8 12 16] [1 2 3 7 8 16 20] [1 2 3 4 6 7 8 9 11 16 24] [1 2 3 4 5 6 7 8 9] [2 20] [2 3 7] [2 3 4] [1 2 3 5 7 8 16] [2 3 4 6 7 8 9] [1 2 3 4 5 6 7 8 13] [1 2 3 4 6 7 12 20] [1 2 3] [] [] [] [] [] [] [] [] [] [] [] [] [] [] [] [] [] [] [] [] [] [] [] [] [] [] [] [] [] [] [] [] [] [] [] [] [] [] []
250 [] [1 2 3 5 12] [1 2] [1 2 12] [1 2 5 6 7] [1] [1 2 3 4 7 8 12 16 24 37 45] [1 2 3 12 16] [1 2 3 5] [16] [1 2 3 4] [2 4 6 7 9] [2] [1 2 3 7 16 24] [2 3 7 8] [1 2 3 4 5 6 7 12 16 20] [1 2 5] [1 2 16] [1 2 3 16] [1 2 3 5 6 7 8] [2 3] [1 2 3 4 5] [1 2 3 4 6 7 8] [1 2 3 7 12 16] [1 2 4 6 7 13 20] [1 2 3 4 7 8 16 20] [1 2 3 4 6 12 16] [1 2 3 4 6 7 8 12 16] [1 2 3 7 8 16 20] [1 2 3 4 6 7 8 9 11 16 24] [1 2 3 4 5 6 7 8 9] [2 20] [2 3 7] [2 3 4] [1 2 3 5 7 8 16] [2 3 4 6 7 8 9] [1 2 3 4 5 6 7 8 13] [1 2 3 4 6 7 12 20] [1 2 3] [] [] [] [] [] [] [] [] [] [] [] [] [] [] [] [] [] [] [] [] [] [] [] [] [] [] [] [] [] [] [] [] [] [] [] [] [] [] []
251 [] [1 2] [1 2 12] [1 2 5 6 7] [1] [1 2 3 4 7 8 12 16 24 37 45] [1 2 3 12 16] [1 2 3 5] [16] [1 2 3 4] [2 4 6 7 9] [2] [1 2 3 7 16 24] [2 3 7 8] [1 2 3 4 5 6 7 12 16 20] [1 2 5] [1 2 16] [1 2 3 16] [1 2 3 5 6 7 8] [2 3] [1 2 3 4 5] [1 2 3 4 6 7 8] [1 2 3 7 12 16] [1 2 4 6 7 13 20] [1 2 3 4 7 8 16 20] [1 2 3 4 6 12 16] [1 2 3 4 6 7 8 12 16] [1 2 3 7 8 16 20] [1 2 3 4 6 7 8 9 11 16 24] [1 2 3 4 5 6 7 8 9] [2 20] [2 3 7] [2 3 4] [1 2 3 5 7 8 16] [2 3 4 6 7 8 9] [1 2 3 4 5 6 7 8 13] [1 2 3 4 6 7 12 20] [1 2 3] [] [] [] [] [] [] [] [] [] [] [] [] [] [] [] [] [] [] [] [] [] [] [] [] [] [] [] [] [] [] [] [] [] [] [] [] [] [] [] []
252 [] [1 2 12] [1 2 16] [1 2 5 6 7] [1] [1 2 3 4 7 8 12 16 24 37 45] [1 2 3 12 16] [1 2 3 5] [16] [1 2 3 4] [2 4 6 7 9] [2] [1 2] [1 2 3 7 16 24] [2 3 7 8] [1 2 3 4 5 6 7 12 16 20] [1 2 5] [1 2 3 16] [1 2 3 5 6 7 8] [2 3] [1 2 3 4 5] [1 2 3 4 6 7 8] [1 2 3 7 12 16] [1 2 4 6 7 13 20] [1 2 3 4 7 8 16 20] [1 2 3 4 6 12 16] [1 2 3 4 6 7 8 12 16] [1 2 3 7 8 16 20] [1 2 3 4 6 7 8 9 11 16 24] [1 2 3 4 5 6 7 8 9] [2 20] [2 3 7] [2 3 4] [1 2 3 5 7 8 16] [2 3 4 6 7 8 9] [1 2 3 4 5 6 7 8 13] [1 2 3 4 6 7 12 20] [1 2 3] [] [] [] [] [] [] [] [] [] [] [] [] [] [] [] [] [] [] [] [] [] [] [] [] [] [] [] [] [] [] [] [] [] [] [] [] [] [] [] []
253 [] [1 2 16] [1 2 5 6 7] [1] [1 2 3 4 7 8 12 16 24 37 45] [1 2 3 12 16] [1 2 3 5] [1 2 12] [16] [1 2 3 4] [2 4 6 7 9] [2] [1 2] [1 2 3 7 16 24] [2 3 7 8] [1 2 3 4 5 6 7 12 16 20] [1 2 5] [1 2 3 16] [1 2 3 5 6 7 8] [2 3] [1 2 3 4 5] [1 2 3 4 6 7 8] [1 2 3 7 12 16] [1 2 4 6 7 13 20] [1 2 3 4 7 8 16 20] [1 2 3 4 6 12 16] [1 2 3 4 6 7 8 12 16] [1 2 3 7 8 16 20] [1 2 3 4 6 7 8 9 11 16 24] [1 2 3 4 5 6 7 8 9] [2 20] [2 3 7] [2 3 4] [1 2 3 5 7 8 16] [2 3 4 6 7 8 9] [1 2 3 4 5 6 7 8 13] [1 2 3 4 6 7 12 20] [1 2 3] [] [] [] [] [] [] [] [] [] [] [] [] [] [] [] [] [] [] [] [] [] [] [] [] [] [] [] [] [] [] [] [] [] [] [] [] [] [] [] []
254 [] [1 2 5 6 7] [1] [1 2 3 4 7 8 12 16 24 37 45] [1 2 3 5] [1 2 12] [16] [1 2 3 4] [2 4 6 7 9] [2] [1 2] [1 2 3 7 16 24] [2 3 7 8] [1 2 3 4 5 6 7 12 16 20] [1 2 5] [1 2 16] [1 2 3 16] [1 2 3 5 6 7 8] [2 3] [1 2 3 4 5] [1 2 3 4 6 7 8] [1 2 3 7 12 16] [1 2 4 6 7 13 20] [1 2 3 4 7 8 16 20] [1 2 3 4 6 12 16] [1 2 3 4 6 7 8 12 16] [1 2 3 7 8 16 20] [1 2 3 4 6 7 8 9 11 16 24] [1 2 3 4 5 6 7 8 9] [2 20] [2 3 7] [2 3 4] [1 2 3 5 7 8 16] [2 3 4 6 7 8 9] [1 2 3 4 5 6 7 8 13] [1 2 3 4 6 7 12 20] [1 2 3] [] [] [] [] [] [] [] [] [] [] [] [] [] [] [] [] [] [] [] [] [] [] [] [] [] [] [] [] [] [] [] [] [] [] [] [] [] [] [] [] []
255 [] [1] [1 2 3 4 7 8 12 16 24 37 45] [1 2 3 5] [1 2 12] [16] [1 2 3 4] [2 4 6 7 9] [2] [1 2] [1 2 3 7 16 24] [2 3 7 8] [1 2 3 4 5 6 7 12 16 20] [1 2 5] [1 2 16] [1 2 3 16] [1 2 3 5 6 7 8] [2 3] [1 2 3 4 5] [1 2 3 4 6 7 8] [1 2 3 7 12 16] [1 2 4 6 7 13 20] [1 2 3 4 7 8 16 20] [1 2 3 4 6 12 16] [1 2 3 4 6 7 8 12 16] [1 2 3 7 8 16 20] [1 2 3 4 6 7 8 9 11 16 24] [1 2 3 4 5 6 7 8 9] [2 20] [2 3 7] [2 3 4] [1 2 3 5 7 8 16] [2 3 4 6 7 8 9] [1 2 3 4 5 6 7 8 13] [1 2 3 4 6 7 12 20] [1 2 3] [] [] [] [] [] [] [] [] [] [] [] [] [] [] [] [] [] [] [] [] [] [] [] [] [] [] [] [] [] [] [] [] [] [] [] [] [] [] [] [] [] []
256 [] [1] [1 2 3 4 7 8 12 16 24 37 45] [1 2 3 5] [1 2 12] [16] [1 2 3 4] [2 4 6 7 9] [2] [1 2] [1 2 3 7 16 24] [2 3 7 8] [1 2 3 4 5 6 7 12 16 20] [1 2 5] [1 2 16] [1 2 3 16] [1 2 3 5 6 7 8] [2 3] [1 2 3 4 5] [1 2 3 4 6 7 8] [1 2 3 7 12 16] [1 2 4 6 7 13 20] [1 2 3 4 7 8 16 20] [1 2 3 4 6 12 16] [1 2 3 4 6 7 8 12 16] [1 2 3 7 8 16 20] [1 2 3 4 6 7 8 9 11 16 24] [1 2 3 4 5 6 7 8 9] [2 20] [2 3 7] [2 3 4] [1 2 3 5 7 8 16] [2 3 4 6 7 8 9] [1 2 3 4 5 6 7 8 13] [1 2 3 4 6 7 12 20] [1 2 3] [] [] [] [] [] [] [] [] [] [] [] [] [] [] [] [] [] [] [] [] [] [] [] [] [] [] [] [] [] [] [] [] [] [] [] [] [] [] [] [] [] []
257 [] [1] [1 2 3 4 7 8 12 16 24 37 45] [1 2 3 5] [1 2 12] [16] [1 2 3 4] [2 4 6 7 9] [2] [1 2] [1 2 3 7 16 24] [2 3 7 8] [1 2 3 4 5 6 7 12 16 20] [1 2 5] [1 2 16] [1 2 3 16] [1 2 3 5 6 7 8] [2 3] [1 2 3 4 5] [1 2 3 4 6 7 8] [1 2 3 7 12 16] [1 2 4 6 7 13 20] [1 2 3 4 7 8 16 20] [1 2 3 4 6 12 16] [1 2 3 4 6 7 8 12 16] [1 2 3 7 8 16 20] [1 2 3 4 6 7 8 9 11 16 24] [1 2 3 4 5 6 7 8 9] [2 20] [2 3 7] [2 3 4] [1 2 3 5 7 8 16] [2 3 4 6 7 8 9] [1 2 3 4 5 6 7 8 13] [1 2 3 4 6 7 12 20] [1 2 3] [] [] [] [] [] [] [] [] [] [] [] [] [] [] [] [] [] [] [] [] [] [] [] [] [] [] [] [] [] [] [] [] [] [] [] [] [] [] [] [] [] []
258 [] [1] [1 2 3 4 7 8 12 16 24 37 45] [1 2 3 5] [1 2 12] [16] [1 2 3 4] [2 4 6 7 9] [2] [1 2] [1 2 3 7 16 24] [2 3 7 8] [1 2 3 4 5 6 7 12 16 20] [1 2 5] [1 2 16] [1 2 3 16] [1 2 3 5 6 7 8] [2 3] [1 2 3 4 5] [1 2 3 4 6 7 8] [1 2 3 7 12 16] [1 2 4 6 7 13 20] [1 2 3 4 7 8 16 20] [1 2 3 4 6 12 16] [1 2 3 4 6 7 8 12 16] [1 2 3 7 8 16 20] [1 2 3 4 6 7 8 9 11 16 24] [1 2 3 4 5 6 7 8 9] [2 20] [2 3 7] [2 3 4] [1 2 3 5 7 8 16] [2 3 4 6 7 8 9] [1 2 3 4 5 6 7 8 13] [1 2 3 4 6 7 12 20] [1 2 3] [] [] [] [] [] [] [] [] [] [] [] [] [] [] [] [] [] [] [] [] [] [] [] [] [] [] [] [] [] [] [] [] [] [] [] [] [] [] [] [] [] []
259 [] [1 2 3 4 7 8 12 16 24 37 45] [1 2 3 5] [1 2 12] [1] [16] [1 2 3 4] [2 4 6 7 9] [2] [1 2] [1 2 3 7 16 24] [2 3 7 8] [1 2 3 4 5 6 7 12 16 20] [1 2 5] [1 2 16] [1 2 3 16] [1 2 3 5 6 7 8] [2 3] [1 2 3 4 5] [1 2 3 4 6 7 8] [1 2 3 7 12 16] [1 2 4 6 7 13 20] [1 2 3 4 7 8 16 20] [1 2 3 4 6 12 16] [1 2 3 4 6 7 8 12 16] [1 2 3 7 8 16 20] [1 2 3 4 6 7 8 9 11 16 24] [1 2 3 4 5 6 7 8 9] [2 20] [2 3 7] [2 3 4] [1 2 3 5 7 8 16] [2 3 4 6 7 8 9] [1 2 3 4 5 6 7 8 13] [1 2 3 4 6 7 12 20] [1 2 3] [] [] [] [] [] [] [] [] [] [] [] [] [] [] [] [] [] [] [] [] [] [] [] [] [] [] [] [] [] [] [] [] [] [] [] [] [] [] [] [] [] []
260 [] [1 2 3 5] [1 2 12] [1] [16] [1 2 3 4] [2 4 6 7 9] [2] [1 2] [1 2 3 7 16 24] [2 3 7 8] [1 2 3 4 5 6 7 12 16 20] [1 2 5] [1 2 16] [1 2 3 16] [1 2 3 5 6 7 8] [2 3] [1 2 3 4 5] [1 2 3 4 6 7 8] [1 2 3 7 12 16] [1 2 4 6 7 13 20] [1 2 3 4 7 8 16 20] [1 2 3 4 6 12 16] [1 2 3 4 6 7 8 12 16] [1 2 3 7 8 16 20] [1 2 3 4 6 7 8 9 11 16 24] [1 2 3 4 5 6 7 8 9] [2 20] [2 3 7] [2 3 4] [1 2 3 5 7 8 16] [2 3 4 6 7 8 9] [1 2 3 4 5 6 7 8 13] [1 2 3 4 6 7 12 20] [1 2 3] [] [] [] [] [] [] [] [] [] [] [] [] [] [] [] [] [] [] [] [] [] [] [] [] [] [] [] [] [] [] [] [] [] [] [] [] [] [] [] [] [] [] []
261 [] [1 2 12] [1] [16] [1 2 3 4] [2 4 6 7 9] [2] [1 2] [1 2 3 7 16 24] [2 3 7 8] [1 2 3 4 5 6 7 12 16 20] [1 2 5] [1 2 16] [1 2 3 16] [1 2 3 5 6 7 8] [2 3] [1 2 3 4 5] [1 2 3 4 6 7 8] [1 2 3 7 12 16] [1 2 4 6 7 13 20] [1 2 3 4 7 8 16 20] [1 2 3 4 6 12 16] [1 2 3 4 6 7 8 12 16] [1 2 3 7 8 16 20] [1 2 3 4 6 7 8 9 11 16 24] [1 2 3 4 5 6 7 8 9] [2 20] [2 3 7] [2 3 4] [1 2 3 5 7 8 16] [2 3 4 6 7 8 9] [1 2 3 4 5 6 7 8 13] [1 2 3 4 6 7 12 20] [1 2 3] [] [] [] [] [] [] [] [] [] [] [] [] [] [] [] [] [] [] [] [] [] [] [] [] [] [] [] [] [] [] [] [] [] [] [] [] [] [] [] [] [] [] [] []
262 [] [1 2 12] [1] [16] [1 2 3 4] [2 4 6 7 9] [2] [1 2] [1 2 3 7 16 24] [2 3 7 8] [1 2 3 4 5 6 7 12 16 20] [1 2 5] [1 2 16] [1 2 3 16] [1 2 3 5 6 7 8] [2 3] [1 2 3 4 5] [1 2 3 4 6 7 8] [1 2 3 7 12 16] [1 2 4 6 7 13 20] [1 2 3 4 7 8 16 20] [1 2 3 4 6 12 16] [1 2 3 4 6 7 8 12 16] [1 2 3 7 8 16 20] [1 2 3 4 6 7 8 9 11 16 24] [1 2 3 4 5 6 7 8 9] [2 20] [2 3 7] [2 3 4] [1 2 3 5 7 8 16] [2 3 4 6 7 8 9] [1 2 3 4 5 6 7 8 13] [1 2 3 4 6 7 12 20] [1 2 3] [] [] [] [] [] [] [] [] [] [] [] [] [] [] [] [] [] [] [] [] [] [] [] [] [] [] [] [] [] [] [] [] [] [] [] [] [] [] [] [] [] [] [] []
263 [] [1] [16] [1 2 3 4] [2 4 6 7 9] [2] [1 2] [1 2 3 7 16 24] [2 3 7 8] [1 2 3 4 5 6 7 12 16 20] [1 2 5] [1 2 16] [1 2 3 16] [1 2 3 5 6 7 8] [1 2 12] [2 3] [1 2 3 4 5] [1 2 3 4 6 7 8] [1 2 3 7 12 16] [1 2 4 6 7 13 20] [1 2 3 4 7 8 16 20] [1 2 3 4 6 12 16] [1 2 3 4 6 7 8 12 16] [1 2 3 7 8 16 20] [1 2 3 4 6 7 8 9 11 16 24] [1 2 3 4 5 6 7 8 9] [2 20] [2 3 7] [2 3 4] [1 2 3 5 7 8 16] [2 3 4 6 7 8 9] [1 2 3 4 5 6 7 8 13] [1 2 3 4 6 7 12 20] [1 2 3] [] [] [] [] [] [] [] [] [] [] [] [] [] [] [] [] [] [] [] [] [] [] [] [] [] [] [] [] [] [] [] [] [] [] [] [] [] [] [] [] [] [] [] []
264 [] [1] [16] [1 2 3 4] [2 4 6 7 9] [2] [1 2] [1 2 3 7 16 24] [2 3 7 8] [1 2 3 4 5 6 7 12 16 20] [1 2 5] [1 2 16] [1 2 3 16] [1 2 3 5 6 7 8] [1 2 12] [2 3] [1 2 3 4 5] [1 2 3 4 6 7 8] [1 2 3 7 12 16] [1 2 4 6 7 13 20] [1 2 3 4 7 8 16 20] [1 2 3 4 6 12 16] [1 2 3 4 6 7 8 12 16] [1 2 3 7 8 16 20] [1 2 3 4 6 7 8 9 11 16 24] [1 2 3 4 5 6 7 8 9] [2 20] [2 3 7] [2 3 4] [1 2 3 5 7 8 16] [2 3 4 6 7 8 9] [1 2 3 4 5 6 7 8 13] [1 2 3 4 6 7 12 20] [1 2 3] [] [] [] [] [] [] [] [] [] [] [] [] [] [] [] [] [] [] [] [] [] [] [] [] [] [] [] [] [] [] [] [] [] [] [] [] [] [] [] [] [] [] [] []
265 [] [1] [1 2] [16] [1 2 3 4] [2 4 6 7 9] [2] [1 2 3 7 16 24] [2 3 7 8] [1 2 3 4 5 6 7 12 16 20] [1 2 5] [1 2 16] [1 2 3 16] [1 2 3 5 6 7 8] [1 2 12] [2 3] [1 2 3 4 5] [1 2 3 4 6 7 8] [1 2 3 7 12 16] [1 2 4 6 7 13 20] [1 2 3 4 7 8 16 20] [1 2 3 4 6 12 16] [1 2 3 4 6 7 8 12 16] [1 2 3 7 8 16 20] [1 2 3 4 6 7 8 9 11 16 24] [1 2 3 4 5 6 7 8 9] [2 20] [2 3 7] [2 3 4] [1 2 3 5 7 8 16] [2 3 4 6 7 8 9] [1 2 3 4 5 6 7 8 13] [1 2 3 4 6 7 12 20] [1 2 3] [] [] [] [] [] [] [] [] [] [] [] [] [] [] [] [] [] [] [] [] [] [] [] [] [] [] [] [] [] [] [] [] [] [] [] [] [] [] [] [] [] [] [] []
266 [] [1 2] [16] [1 2 3 4] [2 4 6 7 9] [2] [1 2 3 7 16 24] [2 3 7 8] [1 2 3 4 5 6 7 12 16 20] [1 2 5] [1 2 16] [1 2 3 16] [1 2 3 5 6 7 8] [1 2 12] [2 3] [1 2 3 4 5] [1] [1 2 3 4 6 7 8] [1 2 3 7 12 16] [1 2 4 6 7 13 20] [1 2 3 4 7 8 16 20] [1 2 3 4 6 12 16] [1 2 3 4 6 7 8 12 16] [1 2 3 7 8 16 20] [1 2 3 4 6 7 8 9 11 16 24] [1 2 3 4 5 6 7 8 9] [2 20] [2 3 7] [2 3 4] [1 2 3 5 7 8 16] [2 3 4 6 7 8 9] [1 2 3 4 5 6 7 8 13] [1 2 3 4 6 7 12 20] [1 2 3] [] [] [] [] [] [] [] [] [] [] [] [] [] [] [] [] [] [] [] [] [] [] [] [] [] [] [] [] [] [] [] [] [] [] [] [] [] [] [] [] [] [] [] []
267 [] [1 2] [16] [1 2 3 4] [2 4 6 7 9] [2] [1 2 3 7 16 24] [2 3 7 8] [1 2 3 4 5 6 7 12 16 20] [1 2 5] [1 2 16] [1 2 3 16] [1 2 3 5 6 7 8] [1 2 12] [2 3] [1 2 3 4 5] [1] [1 2 3 4 6 7 8] [1 2 3 7 12 16] [1 2 4 6 7 13 20] [1 2 3 4 7 8 16 20] [1 2 3 4 6 12 16] [1 2 3 4 6 7 8 12 16] [1 2 3 7 8 16 20] [1 2 3 4 6 7 8 9 11 16 24] [1 2 3 4 5 6 7 8 9] [2 20] [2 3 7] [2 3 4] [1 2 3 5 7 8 16] [2 3 4 6 7 8 9] [1 2 3 4 5 6 7 8 13] [1 2 3 4 6 7 12 20] [1 2 3] [] [] [] [] [] [] [] [] [] [] [] [] [] [] [] [] [] [] [] [] [] [] [] [] [] [] [] [] [] [] [] [] [] [] [] [] [] [] [] [] [] [] [] []
268 [] [16] [1 2 3 4] [2 4 6 7 9] [2] [1 2] [1 2 3 7 16 24] [2 3 7 8] [1 2 3 4 5 6 7 12 16 20] [1 2 5] [1 2 16] [1 2 3 16] [1 2 3 5 6 7 8] [1 2 12] [2 3] [1 2 3 4 5] [1] [1 2 3 4 6 7 8] [1 2 3 7 12 16] [1 2 4 6 7 13 20] [1 2 3 4 7 8 16 20] [1 2 3 4 6 12 16] [1 2 3 4 6 7 8 12 16] [1 2 3 7 8 16 20] [1 2 3 4 6 7 8 9 11 16 24] [1 2 3 4 5 6 7 8 9] [2 20] [2 3 7] [2 3 4] [1 2 3 5 7 8 16] [2 3 4 6 7 8 9] [1 2 3 4 5 6 7 8 13] [1 2 3 4 6 7 12 20] [1 2 3] [] [] [] [] [] [] [] [] [] [] [] [] [] [] [] [] [] [] [] [] [] [] [] [] [] [] [] [] [] [] [] [] [] [] [] [] [] [] [] [] [] [] [] []
269 [] [1 2 3 4] [1 2 3 12 16 17] [2 4 6 7 9] [2] [1 2] [1 2 12] [1 2 3 7 16 24] [16] [2 3 7 8] [1 2 3 4 5 6 7 12 16 20] [1 2 5] [1 2 16] [1 2 3 16] [1 2 3 5 6 7 8] [2 3] [1 2 3 4 5] [1] [1 2 3 4 6 7 8] [1 2 3 7 12 16] [1 2 4 6 7 13 20] [1 2 3 4 7 8 16 20] [1 2 3 4 6 12 16] [1 2 3 4 6 7 8 12 16] [1 2 3 7 8 16 20] [1 2 3 4 6 7 8 9 11 16 24] [1 2 3 4 5 6 7 8 9] [2 20] [2 3 7] [2 3 4] [1 2 3 5 7 8 16] [2 3 4 6 7 8 9] [1 2 3 4 5 6 7 8 13] [1 2 3 4 6 7 12 20] [1 2 3] [] [] [] [] [] [] [] [] [] [] [] [] [] [] [] [] [] [] [] [] [] [] [] [] [] [] [] [] [] [] [] [] [] [] [] [] [] [] [] [] [] [] []
270 [] [1 2 3 12 16 17] [2 4 6 7 9] [2] [1 2 12] [1 2] [1 2 3 7 16 24] [16] [2 3 7 8] [1 2 3 4 5 6 7 12 16 20] [1 2 5] [1 2 16] [1 2 3 16] [1 2 3 5 6 7 8] [2 3] [1 2 3 4 5] [1] [1 2 3 4 6 7 8] [1 2 3 7 12 16] [1 2 4 6 7 13 20] [1 2 3 4 7 8 16 20] [1 2 3 4 6 12 16] [1 2 3 4 6 7 8 12 16] [1 2 3 7 8 16 20] [1 2 3 4 6 7 8 9 11 16 24] [1 2 3 4 5 6 7 8 9] [2 20] [2 3 7] [2 3 4] [1 2 3 5 7 8 16] [2 3 4 6 7 8 9] [1 2 3 4 5 6 7 8 13] [1 2 3 4 6 7 12 20] [1 2 3] [] [] [] [] [] [] [] [] [] [] [] [] [] [] [] [] [] [] [] [] [] [] [] [] [] [] [] [] [] [] [] [] [] [] [] [] [] [] [] [] [] [] [] []
271 [] [1 2 3 12 16 17] [2 4 6 7 9] [2] [1 2 12] [1 2] [1 2 3 7 16 24] [16] [2 3 7 8] [1 2 3 4 5 6 7 12 16 20] [1 2 5] [1 2 16] [1 2 3 16] [1 2 3 5 6 7 8] [2 3] [1 2 3 4 5] [1] [1 2 3 4 6 7 8] [1 2 3 7 12 16] [1 2 4 6 7 13 20] [1 2 3 4 7 8 16 20] [16 24 37 45] [1 2 3 4 6 12 16] [1 2 3 4 6 7 8 12 16] [1 2 3 7 8 16 20] [1 2 3 4 6 7 8 9 11 16 24] [1 2 3 4 5 6 7 8 9] [2 20] [2 3 7] [2 3 4] [1 2 3 5 7 8 16] [2 3 4 6 7 8 9] [1 2 3 4 5 6 7 8 13] [1 2 3 4 6 7 12 20] [1 2 3] [] [] [] [] [] [] [] [] [] [] [] [] [] [] [] [] [] [] [] [] [] [] [] [] [] [] [] [] [] [] [] [] [] [] [] [] [] [] [] [] [] [] []
272 [] [2 4 6 7 9] [2] [1 2 12] [1 2] [1 2 3 7 16 24] [16] [2 3 7 8] [1 2 3 4 5 6 7 12 16 20] [1 2 5] [1 2 16] [1 2 3 16] [1 2 3 5 6 7 8] [2 3] [1 2 3 4 5] [1] [1 2 3 4 6 7 8] [1 2 3 7 12 16] [1 2 4 6 7 13 20] [1 2 3 4 7 8 16 20] [16 24 37 45] [1 2 3 4 6 12 16] [1 2 3 4 6 7 8 12 16] [1 2 3 7 8 16 20] [1 2 3 4 6 7 8 9 11 16 24] [1 2 3 4 5 6 7 8 9] [2 20] [2 3 7] [2 3 4] [1 2 3 5 7 8 16] [2 3 4 6 7 8 9] [1 2 3 4 5 6 7 8 13] [1 2 3 4 6 7 12 20] [1 2 3] [] [] [] [] [] [] [] [] [] [] [] [] [] [] [] [] [] [] [] [] [] [] [] [] [] [] [] [] [] [] [] [] [] [] [] [] [] [] [] [] [] [] [] []
273 [] [2 4 6 7 9] [2] [1 2 12] [1 2] [1 2 3 7 16 24] [16] [2 3 7 8] [1 2 3 4 5 6 7 12 16 20] [1 2 5] [1 2 16] [1 2 3 16] [1 2 3 5 6 7 8] [2 3] [1 2 3 4 5] [1] [1 2 3 4 6 7 8] [1 2 3 7 12 16] [1 2 4 6 7 13 20] [1 2 3 4 7 8 16 20] [16 24 37 45] [1 2 3 4 6 12 16] [1 2 3 4 6 7 8 12 16] [1 2 3 7 8 16 20] [1 2 3 4 6 7 8 9 11 16 24] [1 2 3 4 5 6 7 8 9] [2 20] [2 3 7] [2 3 4] [1 2 3 5 7 8 16] [2 3 4 6 7 8 9] [1 2 3 4 5 6 7 8 13] [1 2 3 4 6 7 12 20] [1 2 3] [] [] [] [] [] [] [] [] [] [] [] [] [] [] [] [] [] [] [] [] [] [] [] [] [] [] [] [] [] [] [] [] [] [] [] [] [] [] [] [] [] [] [] []
274 [] [2 4 6 7 9] [16] [2] [1 2 12] [1 2] [1 2 3 7 16 24] [2 3 7 8] [1 2 3 4 5 6 7 12 16 20] [1 2 5] [1 2 16] [1 2 3 16] [1 2 3 5 6 7 8] [2 3] [1 2 3 4 5] [1] [1 2 3 4 6 7 8] [1 2 3 7 12 16] [1 2 4 6 7 13 20] [1 2 3 4 7 8 16 20] [16 24 37 45] [1 2 3 4 6 12 16] [1 2 3 4 6 7 8 12 16] [1 2 3 7 8 16 20] [1 2 3 4 6 7 8 9 11 16 24] [1 2 3 4 5 6 7 8 9] [2 20] [2 3 7] [2 3 4] [1 2 3 5 7 8 16] [2 3 4 6 7 8 9] [1 2 3 4 5 6 7 8 13] [1 2 3 4 6 7 12 20] [1 2 3] [] [] [] [] [] [] [] [] [] [] [] [] [] [] [] [] [] [] [] [] [] [] [] [] [] [] [] [] [] [] [] [] [] [] [] [] [] [] [] [] [] [] [] []
275 [] [16] [2] [1 2 12] [1 2] [1 2 3 7 16 24] [2 3 7 8] [1 2 3 4 5 6 7 12 16 20] [1 2 5] [1 2 16] [1 2 3 16] [1 2 3 5 6 7 8] [2 3] [1 2 3 4 5] [1] [1 2 3 4 6 7 8] [1 2 3 7 12 16] [1 2 4 6 7 13 20] [1 2 3 4 7 8 16 20] [16 24 37 45] [1 2 3 4 6 12 16] [1 2 3 4 6 7 8 12 16] [1 2 3 7 8 16 20] [1 2 3 4 6 7 8 9 11 16 24] [1 2 3 4 5 6 7 8 9] [2 20] [2 3 7] [2 3 4] [1 2 3 5 7 8 16] [2 3 4 6 7 8 9] [1 2 3 4 5 6 7 8 13] [1 2 3 4 6 7 12 20] [1 2 3] [] [] [] [] [] [] [] [] [] [] [] [] [] [] [] [] [] [] [] [] [] [] [] [] [] [] [] [] [] [] [] [] [] [] [] [] [] [] [] [] [] [] [] [] []
276 [] [16] [2] [1 2 12] [1 2] [1 2 3 7 16 24] [2 3 7 8] [1 2 3 4 5 6 7 12 16 20] [1 2 5] [1 2 16] [1 2 3 16] [1 2 3 5 6 7 8] [2 3] [1 2 3 4 5] [1] [1 2 3 4 6 7 8] [1 2 3 7 12 16] [1 2 4 6 7 13 20] [1 2 3 4 7 8 16 20] [16 24 37 45] [1 2 3 4 6 12 16] [1 2 3 4 6 7 8 12 16] [1 2 3 7 8 16 20] [1 2 3 4 6 7 8 9 11 16 24] [1 2 3 4 5 6 7 8 9] [2 20] [2 3 7] [2 3 4] [1 2 3 5 7 8 16] [2 3 4 6 7 8 9] [1 2 3 4 5 6 7 8 13] [1 2 3 4 6 7 12 20] [1 2 3] [] [] [] [] [] [] [] [] [] [] [] [] [] [] [] [] [] [] [] [] [] [] [] [] [] [] [] [] [] [] [] [] [] [] [] [] [] [] [] [] [] [] [] [] []
277 [] [16] [2] [1 2 12] [1 2] [1 2 3 7 16 24] [2 3 7 8] [1 2 3 4 5 6 7 12 16 20] [1 2 5] [1 2 16] [1 2 3 16] [1 2 3 5 6 7 8] [2 3] [1 2 3 4 5] [1] [1 2 3 4 6 7 8] [1 2 3 7 12 16] [1 2 4 6 7 13 20] [1 2 3 4 7 8 16 20] [16 24 37 45] [1 2 3 4 6 12 16] [1 2 3 4 6 7 8 12 16] [1 2 3 7 8 16 20] [1 2 3 4 6 7 8 9 11 16 24] [1 2 3 4 5 6 7 8 9] [2 20] [2 3 7] [2 3 4] [1 2 3 5 7 8 16] [2 3 4 6 7 8 9] [1 2 3 4 5 6 7 8 13] [1 2 3 4 6 7 12 20] [1 2 3] [] [] [] [] [] [] [] [] [] [] [] [] [] [] [] [] [] [] [] [] [] [] [] [] [] [] [] [] [] [] [] [] [] [] [] [] [] [] [] [] [] [] [] [] []
278 [] [2] [1 2 12] [1 2] [1 2 3 7 16 24] [16] [2 3 7 8] [1 2 3 4 5 6 7 12 16 20] [1 2 5] [1 2 16] [1 2 3 16] [1 2 3 5 6 7 8] [2 3] [1 2 3 4 5] [1] [1 2 3 4 6 7 8] [1 2 3 7 12 16] [1 2 4 6 7 13 20] [1 2 3 4 7 8 16 20] [16 24 37 45] [1 2 3 4 6 12 16] [1 2 3 4 6 7 8 12 16] [1 2 3 7 8 16 20] [1 2 3 4 6 7 8 9 11 16 24] [1 2 3 4 5 6 7 8 9] [2 20] [2 3 7] [2 3 4] [1 2 3 5 7 8 16] [2 3 4 6 7 8 9] [1 2 3 4 5 6 7 8 13] [1 2 3 4 6 7 12 20] [1 2 3] [] [] [] [] [] [] [] [] [] [] [] [] [] [] [] [] [] [] [] [] [] [] [] [] [] [] [] [] [] [] [] [] [] [] [] [] [] [] [] [] [] [] [] [] []
279 [] [2] [1 2 12] [1 2] [1 2 3 7 16 24] [16] [2 3 7 8] [1 2 3 4 5 6 7 12 16 20] [1 2 5] [1 2 16] [1 2 3 16] [1 2 3 5 6 7 8] [2 3] [1 2 3 4 5] [1] [1 2 3 4 6 7 8] [1 2 3 7 12 16] [1 2 4 6 7 13 20] [1 2 3 4 7 8 16 20] [16 24 37 45] [1 2 3 4 6 12 16] [1 2 3 4 6 7 8 12 16] [1 2 3 7 8 16 20] [1 2 3 4 6 7 8 9 11 16 24] [1 2 3 4 5 6 7 8 9] [2 20] [2 3 7] [2 3 4] [1 2 3 5 7 8 16] [2 3 4 6 7 8 9] [1 2 3 4 5 6 7 8 13] [1 2 3 4 6 7 12 20] [1 2 3] [] [] [] [] [] [] [] [] [] [] [] [] [] [] [] [] [] [] [] [] [] [] [] [] [] [] [] [] [] [] [] [] [] [] [] [] [] [] [] [] [] [] [] [] []
280 [] [1 2 12] [1 2 3 16] [1 2 3 7 16 24] [16] [2] [2 3 7 8] [1 2] [1 2 3 4 5 6 7 12 16 20] [1 2 5] [1 2 16] [1 2 3 5 6 7 8] [2 3] [1 2 3 4 5] [1] [1 2 3 4 6 7 8] [1 2 3 7 12 16] [1 2 4 6 7 13 20] [1 2 3 4 7 8 16 20] [16 24 37 45] [1 2 3 4 6 12 16] [1 2 3 4 6 7 8 12 16] [1 2 3 7 8 16 20] [1 2 3 4 6 7 8 9 11 16 24] [1 2 3 4 5 6 7 8 9] [2 20] [2 3 7] [2 3 4] [1 2 3 5 7 8 16] [2 3 4 6 7 8 9] [1 2 3 4 5 6 7 8 13] [1 2 3 4 6 7 12 20] [1 2 3] [] [] [] [] [] [] [] [] [] [] [] [] [] [] [] [] [] [] [] [] [] [] [] [] [] [] [] [] [] [] [] [] [] [] [] [] [] [] [] [] [] [] [] [] []
281 [] [1 2 3 16] [1 2 3 7 16 24] [16] [2] [2 3 7 8] [1 2] [1 2 3 4 5 6 7 12 16 20] [1 2 5] [1 2 16] [1 2 3 5 6 7 8] [1 2 12] [2 3] [1 2 3 4 5] [1] [1 2 3 4 6 7 8] [1 2 3 7 12 16] [1 2 4 6 7 13 20] [1 2 3 4 7 8 16 20] [16 24 37 45] [1 2 3 4 6 12 16] [1 2 3 4 6 7 8 12 16] [1 2 3 7 8 16 20] [1 2 3 4 6 7 8 9 11 16 24] [1 2 3 4 5 6 7 8 9] [2 20] [2 3 7] [2 3 4] [1 2 3 5 7 8 16] [2 3 4 6 7 8 9] [1 2 3 4 5 6 7 8 13] [1 2 3 4 6 7 12 20] [1 2 3] [] [] [] [] [] [] [] [] [] [] [] [] [] [] [] [] [] [] [] [] [] [] [] [] [] [] [] [] [] [] [] [] [] [] [] [] [] [] [] [] [] [] [] [] []
282 [] [1 2 3 16] [1 2 3 7 16 24] [16] [2] [2 3 7 8] [1 2] [1 2 3 4 5 6 7 12 16 20] [1 2 5] [1 2 16] [1 2 3 5 6 7 8] [1 2 12] [2 3] [1 2 3 4 5] [1] [1 2 3 4 6 7 8] [1 2 3 7 12 16] [1 2 4 6 7 13 20] [1 2 3 4 7 8 16 20] [16 24 37 45] [1 2 3 4 6 12 16] [1 2 3 4 6 7 8 12 16] [1 2 3 7 8 16 20] [1 2 3 4 6 7 8 9 11 16 24] [1 2 3 4 5 6 7 8 9] [2 20] [2 3 7] [2 3 4] [1 2 3 5 7 8 16] [2 3 4 6 7 8 9] [1 2 3 4 5 6 7 8 13] [1 2 3 4 6 7 12 20] [1 2 3] [] [] [] [] [] [] [] [] [] [] [] [] [] [] [] [] [] [] [] [] [] [] [] [] [] [] [] [] [] [] [] [] [] [] [] [] [] [] [] [] [] [] [] [] []
283 [] [1 2 3 16] [1 2 3 7 16 24] [16] [2] [2 3 7 8] [1 2] [1 2 3 4 5 6 7 12 16 20] [1 2 5] [1 2 16] [1 2 3 5 6 7 8] [1 2 12] [2 3] [1 2 3 4 5] [1] [1 2 3 4 6 7 8] [1 2 3 7 12 16] [1 2 4 6 7 13 20] [1 2 3 4 7 8 16 20] [16 24 37 45] [1 2 3 4 6 12 16] [1 2 3 4 6 7 8 12 16] [1 2 3 7 8 16 20] [1 2 3 4 6 7 8 9 11 16 24] [1 2 3 4 5 6 7 8 9] [2 20] [2 3 7] [2 3 4] [1 2 3 5 7 8 16] [2 3 4 6 7 8 9] [1 2 3 4 5 6 7 8 13] [1 2 3 4 6 7 12 20] [1 2 3] [] [] [] [] [] [] [] [] [] [] [] [] [] [] [] [] [] [] [] [] [] [] [] [] [] [] [] [] [] [] [] [] [] [] [] [] [] [] [] [] [] [] [] [] []
284 [] [1 2 3 16] [1 2 3 7 16 24] [16] [2] [2 3 7 8] [1 2] [1 2 3 4 5 6 7 12 16 20] [1 2 5] [1 2 16] [1 2 3 5 6 7 8] [1 2 12] [2 3] [1 2 3 4 5] [1] [1 2 3 4 6 7 8] [1 2 3 7 12 16] [1 2 4 6 7 13 20] [1 2 3 4 7 8 16 20] [16 24 37 45] [1 2 3 4 6 12 16] [1 2 3 4 6 7 8 12 16] [1 2 3 7 8 16 20] [1 2 3 4 6 7 8 9 11 16 24] [1 2 3 4 5 6 7 8 9] [2 20] [2 3 7] [2 3 4] [1 2 3 5 7 8 16] [2 3 4 6 7 8 9] [1 2 3 4 5 6 7 8 13] [1 2 3 4 6 7 12 20] [1 2 3] [] [] [] [] [] [] [] [] [] [] [] [] [] [] [] [] [] [] [] [] [] [] [] [] [] [] [] [] [] [] [] [] [] [] [] [] [] [] [] [] [] [] [] [] []
285 [] [1 2 3 7 16 24] [16] [2] [2 3 7 8] [1 2] [1 2 3 4 5 6 7 12 16 20] [1 2 5] [1 2 16] [1 2 3 16] [1 2 3 5 6 7 8] [1 2 12] [2 3] [1 2 3 4 5] [1] [1 2 3 4 6 7 8] [1 2 3 7 12 16] [1 2 4 6 7 13 20] [1 2 3 4 7 8 16 20] [16 24 37 45] [1 2 3 4 6 12 16] [1 2 3 4 6 7 8 12 16] [1 2 3 7 8 16 20] [1 2 3 4 6 7 8 9 11 16 24] [1 2 3 4 5 6 7 8 9] [2 20] [2 3 7] [2 3 4] [1 2 3 5 7 8 16] [2 3 4 6 7 8 9] [1 2 3 4 5 6 7 8 13] [1 2 3 4 6 7 12 20] [1 2 3] [] [] [] [] [] [] [] [] [] [] [] [] [] [] [] [] [] [] [] [] [] [] [] [] [] [] [] [] [] [] [] [] [] [] [] [] [] [] [] [] [] [] [] [] []
286 [] [2] [2 3 7 8] [1 2] [1 2 3 4 5 6 7 12 16 20] [1 2 5] [1 2 16] [1 2 3 16] [1 2 3 5 6 7 8] [16] [1 2 12] [2 3] [1 2 3 4 5] [1] [1 2 3 4 6 7 8] [1 2 3 7 12 16] [1 2 4 6 7 13 20] [1 2 3 4 7 8 16 20] [16 24 37 45] [1 2 3 4 6 12 16] [1 2 3 4 6 7 8 12 16] [1 2 3 7 8 16 20] [1 2 3 4 6 7 8 9 11 16 24] [1 2 3 4 5 6 7 8 9] [2 20] [2 3 7] [2 3 4] [1 2 3 5 7 8 16] [2 3 4 6 7 8 9] [1 2 3 4 5 6 7 8 13] [1 2 3 4 6 7 12 20] [1 2 3] [] [] [] [] [] [] [] [] [] [] [] [] [] [] [] [] [] [] [] [] [] [] [] [] [] [] [] [] [] [] [] [] [] [] [] [] [] [] [] [] [] [] [] [] [] []
287 [] [2] [2 3 7 8] [1 2] [1 2 3 4 5 6 7 12 16 20] [1 2 5] [1 2 16] [1 2 3 16] [1 2 3 5 6 7 8] [16] [1 2 12] [2 3] [1 2 3 4 5] [1] [1 2 3 4 6 7 8] [1 2 3 7 12 16] [1 2 4 6 7 13 20] [1 2 3 4 7 8 16 20] [16 24 37 45] [1 2 3 4 6 12 16] [1 2 3 4 6 7 8 12 16] [1 2 3 7 8 16 20] [1 2 3 4 6 7 8 9 11 16 24] [1 2 3 4 5 6 7 8 9] [2 20] [2 3 7] [2 3 4] [1 2 3 5 7 8 16] [2 3 4 6 7 8 9] [1 2 3 4 5 6 7 8 13] [1 2 3 4 6 7 12 20] [1 2 3] [] [] [] [] [] [] [] [] [] [] [] [] [] [] [] [] [] [] [] [] [] [] [] [] [] [] [] [] [] [] [] [] [] [] [] [] [] [] [] [] [] [] [] [] [] []
288 [] [2 3 7 8] [1] [1 2] [2] [1 2 3 4 5 6 7 12 16 20] [1 2 5] [1 2 16] [1 2 3 16] [1 2 3 5 6 7 8] [16] [1 2 12] [2 3] [1 2 3 4 5] [1 2 3 4 6 7 8] [1 2 3 7 12 16] [1 2 4 6 7 13 20] [1 2 3 4 7 8 16 20] [16 24 37 45] [1 2 3 4 6 12 16] [1 2 3 4 6 7 8 12 16] [1 2 3 7 8 16 20] [1 2 3 4 6 7 8 9 11 16 24] [1 2 3 4 5 6 7 8 9] [2 20] [2 3 7] [2 3 4] [1 2 3 5 7 8 16] [2 3 4 6 7 8 9] [1 2 3 4 5 6 7 8 13] [1 2 3 4 6 7 12 20] [1 2 3] [] [] [] [] [] [] [] [] [] [] [] [] [] [] [] [] [] [] [] [] [] [] [] [] [] [] [] [] [] [] [] [] [] [] [] [] [] [] [] [] [] [] [] [] [] []
289 [] [1 2] [2] [1 2 3 4 5 6 7 12 16 20] [1 2 5] [1 2 16] [1 2 3 16] [2 3 7 8] [1 2 3 5 6 7 8] [16] [1 2 12] [2 3] [1 2 3 4 5] [1] [1 2 3 4 6 7 8] [1 2 3 7 12 16] [1 2 4 6 7 13 20] [1 2 3 4 7 8 16 20] [16 24 37 45] [1 2 3 4 6 12 16] [1 2 3 4 6 7 8 12 16] [1 2 3 7 8 16 20] [1 2 3 4 6 7 8 9 11 16 24] [1 2 3 4 5 6 7 8 9] [2 20] [2 3 7] [2 3 4] [1 2 3 5 7 8 16] [2 3 4 6 7 8 9] [1 2 3 4 5 6 7 8 13] [1 2 3 4 6 7 12 20] [1 2 3] [] [] [] [] [] [] [] [] [] [] [] [] [] [] [] [] [] [] [] [] [] [] [] [] [] [] [] [] [] [] [] [] [] [] [] [] [] [] [] [] [] [] [] [] [] []
290 [] [2] [1 2 5] [1 2] [1 2 16] [1 2 3 16] [2 3 7 8] [1 2 3 5 6 7 8] [16] [1 2 12] [2 3] [1 2 3 4 5] [1] [1 2 3 4 6 7 8] [1 2 3 7 12 16] [1 2 4 6 7 13 20] [1 2 3 4 7 8 16 20] [16 24 37 45] [1 2 3 4 6 12 16] [1 2 3 4 6 7 8 12 16] [1 2 3 7 8 16 20] [1 2 3 4 6 7 8 9 11 16 24] [1 2 3 4 5 6 7 8 9] [2 20] [2 3 7] [2 3 4] [1 2 3 5 7 8 16] [2 3 4 6 7 8 9] [1 2 3 4 5 6 7 8 13] [1 2 3 4 6 7 12 20] [1 2 3] [] [] [] [] [] [] [] [] [] [] [] [] [] [] [] [] [] [] [] [] [] [] [] [] [] [] [] [] [] [] [] [] [] [] [] [] [] [] [] [] [] [] [] [] [] [] []
291 [] [2] [1 2 5] [1 2] [1 2 16] [1 2 3 16] [2 3 7 8] [1 2 3 5 6 7 8] [16] [1 2 12] [2 3] [1 2 3 4 5] [1] [1 2 3 4 6 7 8] [1 2 3 7 12 16] [1 2 4 6 7 13 20] [1 2 3 4 7 8 16 20] [16 24 37 45] [1 2 3 4 6 12 16] [1 2 3 4 6 7 8 12 16] [1 2 3 7 8 16 20] [1 2 3 4 6 7 8 9 11 16 24] [1 2 3 4 5 6 7 8 9] [2 20] [2 3 7] [2 3 4] [1 2 3 5 7 8 16] [2 3 4 6 7 8 9] [1 2 3 4 5 6 7 8 13] [1 2 3 4 6 7 12 20] [1 2 3] [] [] [] [] [] [] [] [] [] [] [] [] [] [] [] [] [] [] [] [] [] [] [] [] [] [] [] [] [] [] [] [] [] [] [] [] [] [] [] [] [] [] [] [] [] [] []
292 [] [2] [1 2 5] [1 2] [1 2 16] [1 2 3 16] [2 3 7 8] [1 2 3 5 6 7 8] [16] [1 2 12] [2 3] [1 2 3 4 5] [1] [1 2 3 4 6 7 8] [1 2 3 7 12 16] [1 2 4 6 7 13 20] [1 2 3 4 7 8 16 20] [16 24 37 45] [1 2 3 4 6 12 16] [1 2 3 4 6 7 8 12 16] [1 2 3 7 8 16 20] [1 2 3 4 6 7 8 9 11 16 24] [1 2 3 4 5 6 7 8 9] [2 20] [2 3 7] [2 3 4] [1 2 3 5 7 8 16] [2 3 4 6 7 8 9] [1 2 3 4 5 6 7 8 13] [1 2 3 4 6 7 12 20] [1 2 3] [] [] [] [] [] [] [] [] [] [] [] [] [] [] [] [] [] [] [] [] [] [] [] [] [] [] [] [] [] [] [] [] [] [] [] [] [] [] [] [] [] [] [] [] [] [] []
293 [] [2] [1 2] [1 2 5] [1 2 16] [1 2 3 16] [2 3 7 8] [1 2 3 5 6 7 8] [16] [1 2 12] [2 3] [1 2 3 4 5] [1] [1 2 3 4 6 7 8] [1 2 3 7 12 16] [1 2 4 6 7 13 20] [1 2 3 4 7 8 16 20] [16 24 37 45] [1 2 3 4 6 12 16] [1 2 3 4 6 7 8 12 16] [1 2 3 7 8 16 20] [1 2 3 4 6 7 8 9 11 16 24] [1 2 3 4 5 6 7 8 9] [2 20] [2 3 7] [2 3 4] [1 2 3 5 7 8 16] [2 3 4 6 7 8 9] [1 2 3 4 5 6 7 8 13] [1 2 3 4 6 7 12 20] [1 2 3] [] [] [] [] [] [] [] [] [] [] [] [] [] [] [] [] [] [] [] [] [] [] [] [] [] [] [] [] [] [] [] [] [] [] [] [] [] [] [] [] [] [] [] [] [] [] []
294 [] [1 2] [1] [1 2 5] [2] [1 2 16] [1 2 3 16] [2 3 7 8] [1 2 3 5 6 7 8] [16] [1 2 12] [2 3] [1 2 3 4 5] [1 2 3 4 6 7 8] [1 2 3 7 12 16] [1 2 4 6 7 13 20] [1 2 3 4 7 8 16 20] [16 24 37 45] [1 2 3 4 6 12 16] [1 2 3 4 6 7 8 12 16] [1 2 3 7 8 16 20] [1 2 3 4 6 7 8 9 11 16 24] [1 2 3 4 5 6 7 8 9] [2 20] [2 3 7] [2 3 4] [1 2 3 5 7 8 16] [2 3 4 6 7 8 9] [1 2 3 4 5 6 7 8 13] [1 2 3 4 6 7 12 20] [1 2 3] [] [] [] [] [] [] [] [] [] [] [] [] [] [] [] [] [] [] [] [] [] [] [] [] [] [] [] [] [] [] [] [] [] [] [] [] [] [] [] [] [] [] [] [] [] [] []
295 [] [1] [1 2 5] [1 2] [2] [1 2 16] [1 2 3 16] [2 3 7 8] [1 2 3 5 6 7 8] [16] [1 2 12] [2 3] [1 2 3 4 5] [1 2 3 4 6 7 8] [1 2 3 7 12 16] [1 2 4 6 7 13 20] [1 2 3 4 7 8 16 20] [16 24 37 45] [1 2 3 4 6 12 16] [1 2 3 4 6 7 8 12 16] [1 2 3 7 8 16 20] [1 2 3 4 6 7 8 9 11 16 24] [1 2 3 4 5 6 7 8 9] [2 20] [2 3 7] [2 3 4] [1 2 3 5 7 8 16] [2 3 4 6 7 8 9] [1 2 3 4 5 6 7 8 13] [1 2 3 4 6 7 12 20] [1 2 3] [] [] [] [] [] [] [] [] [] [] [] [] [] [] [] [] [] [] [] [] [] [] [] [] [] [] [] [] [] [] [] [] [] [] [] [] [] [] [] [] [] [] [] [] [] [] []
296 [] [2] [1 2] [1 2 16] [1 2 3 16] [2 3 7 8] [1 2 3 5 6 7 8] [16] [1 2 12] [2 3] [1 2 3 4 5] [1] [1 2 3 4 6 7 8] [1 2 3 7 12 16] [1 2 4 6 7 13 20] [1 2 3 4 7 8 16 20] [1 2 5] [16 24 37 45] [1 2 3 4 6 12 16] [1 2 3 4 6 7 8 12 16] [1 2 3 7 8 16 20] [1 2 3 4 6 7 8 9 11 16 24] [1 2 3 4 5 6 7 8 9] [2 20] [2 3 7] [2 3 4] [1 2 3 5 7 8 16] [2 3 4 6 7 8 9] [1 2 3 4 5 6 7 8 13] [1 2 3 4 6 7 12 20] [1 2 3] [] [] [] [] [] [] [] [] [] [] [] [] [] [] [] [] [] [] [] [] [] [] [] [] [] [] [] [] [] [] [] [] [] [] [] [] [] [] [] [] [] [] [] [] [] [] []
297 [] [2] [1 2] [1 2 16] [1 2 3 16] [2 3 7 8] [1 2 3 5 6 7 8] [16] [1 2 12] [2 3] [1 2 3 4 5] [1] [1 2 3 4 6 7 8] [1 2 3 7 12 16] [1 2 4 6 7 13 20] [1 2 3 4 7 8 16 20] [1 2 5] [16 24 37 45] [1 2 3 4 6 12 16] [1 2 3 4 6 7 8 12 16] [1 2 3 7 8 16 20] [1 2 3 4 6 7 8 9 11 16 24] [1 2 3 4 5 6 7 8 9] [2 20] [2 3 7] [2 3 4] [1 2 3 5 7 8 16] [2 3 4 6 7 8 9] [1 2 3 4 5 6 7 8 13] [1 2 3 4 6 7 12 20] [1 2 3] [] [] [] [] [] [] [] [] [] [] [] [] [] [] [] [] [] [] [] [] [] [] [] [] [] [] [] [] [] [] [] [] [] [] [] [] [] [] [] [] [] [] [] [] [] [] []
298 [] [2] [1 2] [1 2 16] [1 2 3 16] [2 3 7 8] [1 2 3 5 6 7 8] [16] [1 2 12] [2 3] [1 2 3 4 5] [1] [1 2 3 4 6 7 8] [1 2 3 7 12 16] [1 2 4 6 7 13 20] [1 2 3 4 7 8 16 20] [1 2 5] [16 24 37 45] [1 2 3 4 6 12 16] [1 2 3 4 6 7 8 12 16] [1 2 3 7 8 16 20] [1 2 3 4 6 7 8 9 11 16 24] [1 2 3 4 5 6 7 8 9] [2 20] [2 3 7] [2 3 4] [1 2 3 5 7 8 16] [2 3 4 6 7 8 9] [1 2 3 4 5 6 7 8 13] [1 2 3 4 6 7 12 20] [1 2 3] [] [] [] [] [] [] [] [] [] [] [] [] [] [] [] [] [] [] [] [] [] [] [] [] [] [] [] [] [] [] [] [] [] [] [] [] [] [] [] [] [] [] [] [] [] [] []
299 [] [2] [1 2] [1 2 16] [1 2 3 16] [2 3 7 8] [1 2 3 5 6 7 8] [16] [1 2 12] [2 3] [1 2 3 4 5] [1] [1 2 3 4 6 7 8] [1 2 3 7 12 16] [1 2 4 6 7 13 20] [1 2 3 4 7 8 16 20] [1 2 5] [16 24 37 45] [1 2 3 4 6 12 16] [1 2 3 4 6 7 8 12 16] [1 2 3 7 8 16 20] [1 2 3 4 6 7 8 9 11 16 24] [1 2 3 4 5 6 7 8 9] [2 20] [2 3 7] [2 3 4] [1 2 3 5 7 8 16] [2 3 4 6 7 8 9] [1 2 3 4 5 6 7 8 13] [1 2 3 4 6 7 12 20] [1 2 3] [] [] [] [] [] [] [] [] [] [] [] [] [] [] [] [] [] [] [] [] [] [] [] [] [] [] [] [] [] [] [] [] [] [] [] [] [] [] [] [] [] [] [] [] [] [] []
300 [] [2] [1 2] [1 2 16] [1 2 3 16] [2 3 7 8] [1 2 3 5 6 7 8] [16] [1 2 12] [2 3] [1 2 3 4 5] [1] [1 2 3 4 6 7 8] [1 2 3 7 12 16] [1 2 4 6 7 13 20] [1 2 3 4 7 8 16 20] [1 2 5] [16 24 37 45] [1 2 3 4 6 12 16] [1 2 3 4 6 7 8 12 16] [1 2 3 7 8 16 20] [1 2 3 4 6 7 8 9 11 16 24] [1 2 3 4 5 6 7 8 9] [2 20] [2 3 7] [2 3 4] [1 2 3 5 7 8 16] [2 3 4 6 7 8 9] [1 2 3 4 5 6 7 8 13] [1 2 3 4 6 7 12 20] [1 2 3] [] [] [] [] [] [] [] [] [] [] [] [] [] [] [] [] [] [] [] [] [] [] [] [] [] [] [] [] [] [] [] [] [] [] [] [] [] [] [] [] [] [] [] [] [] [] []
301 [] [1 2] [1 2 16] [1 2 3 16] [2 3 7 8] [1 2 3 5 6 7 8] [16] [1 2 12] [2 3] [1 2 3 4 5] [1] [1 2 3 4 6 7 8] [1 2 3 7 12 16] [1 2 4 6 7 13 20] [1 2 3 4 7 8 16 20] [1 2 5] [16 24 37 45] [1 2 3 4 6 12 16] [1 2 3 4 6 7 8 12 16] [2] [1 2 3 7 8 16 20] [1 2 3 4 6 7 8 9 11 16 24] [1 2 3 4 5 6 7 8 9] [2 20] [2 3 7] [2 3 4] [1 2 3 5 7 8 16] [2 3 4 6 7 8 9] [1 2 3 4 5 6 7 8 13] [1 2 3 4 6 7 12 20] [1 2 3] [] [] [] [] [] [] [] [] [] [] [] [] [] [] [] [] [] [] [] [] [] [] [] [] [] [] [] [] [] [] [] [] [] [] [] [] [] [] [] [] [] [] [] [] [] [] []
302 [] [1 2 16] [2 3 7 8] [1 2 3 5 6 7 8] [16] [1 2 12] [2 3] [1 2 3 4 5] [1] [1 2 3 4 6 7 8] [1 2 3 7 12 16] [1 2 4 6 7 13 20] [1 2 3 4 7 8 16 20] [1 2 5] [16 24 37 45] [1 2 3 4 6 12 16] [1 2 3 4 6 7 8 12 16] [2] [1 2 3 7 8 16 20] [1 2 3 4 6 7 8 9 11 16 24] [1 2 3 4 5 6 7 8 9] [1 2] [2 20] [2 3 7] [2 3 4] [1 2 3 5 7 8 16] [2 3 4 6 7 8 9] [1 2 3 4 5 6 7 8 13] [1 2 3 4 6 7 12 20] [1 2 3] [] [] [] [] [] [] [] [] [] [] [] [] [] [] [] [] [] [] [] [] [] [] [] [] [] [] [] [] [] [] [] [] [] [] [] [] [] [] [] [] [] [] [] [] [] [] [] []
303 [] [1 2 16] [2 3 7 8] [1 2 3 5 6 7 8] [16] [1 2 12] [2 3] [1 2 3 4 5] [1] [1 2 3 4 6 7 8] [1 2 3 7 12 16] [1 2 4 6 7 13 20] [1 2 3 4 7 8 16 20] [1 2 5] [16 24 37 45] [1 2 3 4 6 12 16] [1 2 3 4 6 7 8 12 16] [2] [1 2 3 7 8 16 20] [1 2 3 4 6 7 8 9 11 16 24] [1 2 3 4 5 6 7 8 9] [1 2] [2 20] [2 3 7] [2 3 4] [1 2 3 5 7 8 16] [2 3 4 6 7 8 9] [1 2 3 4 5 6 7 8 13] [1 2 3 4 6 7 12 20] [1 2 3] [] [] [] [] [] [] [] [] [] [] [] [] [] [] [] [] [] [] [] [] [] [] [] [] [] [] [] [] [] [] [] [] [] [] [] [] [] [] [] [] [] [] [] [] [] [] [] []
304 [] [1 2 16] [2 3 7 8] [1 2 3 5 6 7 8] [16] [1 2 12] [2 3] [1 2 3 4 5] [1] [1 2 3 4 6 7 8] [1 2 3 7 12 16] [1 2 4 6 7 13 20] [1 2 3 4 7 8 16 20] [1 2 5] [16 24 37 45] [1 2 3 4 6 12 16] [1 2 3 4 6 7 8 12 16] [2] [1 2 3 7 8 16 20] [1 2 3 4 6 7 8 9 11 16 24] [1 2 3 4 5 6 7 8 9] [1 2] [2 20] [2 3 7] [2 3 4] [1 2 3 5 7 8 16] [2 3 4 6 7 8 9] [1 2 3 4 5 6 7 8 13] [1 2 3 4 6 7 12 20] [1 2 3] [] [] [] [] [] [] [] [] [] [] [] [] [] [] [] [] [] [] [] [] [] [] [] [] [] [] [] [] [] [] [] [] [] [] [] [] [] [] [] [] [] [] [] [] [] [] [] []
305 [] [1 2 16] [2 3 7 8] [1 2 3 5 6 7 8] [16] [1 2 12] [2 3] [1 2 3 4 5] [1] [1 2 3 4 6 7 8] [1 2 3 7 12 16] [1 2 4 6 7 13 20] [1 2 3 4 7 8 16 20] [1 2 5] [16 24 37 45] [1 2 3 4 6 12 16] [1 2 3 4 6 7 8 12 16] [2] [1 2 3 7 8 16 20] [1 2 3 4 6 7 8 9 11 16 24] [1 2 3 4 5 6 7 8 9] [1 2] [2 20] [2 3 7] [2 3 4] [1 2 3 5 7 8 16] [2 3 4 6 7 8 9] [1 2 3 4 5 6 7 8 13] [1 2 3 4 6 7 12 20] [1 2 3] [] [] [] [] [] [] [] [] [] [] [] [] [] [] [] [] [] [] [] [] [] [] [] [] [] [] [] [] [] [] [] [] [] [] [] [] [] [] [] [] [] [] [] [] [] [] [] []
306 [] [2 3 7 8] [1 2] [1 2 3 5 6 7 8] [16] [2 3 4 7 8] [1 2 12] [2 3] [1 2 3 4 5] [1] [1 2 3 4 6 7 8] [1 2 3 7 12 16] [1 2 4 6 7 13 20] [1 2 3 4 7 8 16 20] [1 2 5] [16 24 37 45] [1 2 3 4 6 12 16] [1 2 3 4 6 7 8 12 16] [2] [1 2 3 7 8 16 20] [1 2 3 4 6 7 8 9 11 16 24] [1 2 3 4 5 6 7 8 9] [2 20] [2 3 7] [2 3 4] [1 2 3 5 7 8 16] [2 3 4 6 7 8 9] [1 2 3 4 5 6 7 8 13] [1 2 3 4 6 7 12 20] [1 2 3] [] [] [] [] [] [] [] [] [] [] [] [] [] [] [] [] [] [] [] [] [] [] [] [] [] [] [] [] [] [] [] [] [] [] [] [] [] [] [] [] [] [] [] [] [] [] [] []
307 [] [1 2] [1 2 3 5 6 7 8] [2 3 4 7 8] [1 2 12] [2 3] [1 2 3 4 5] [1] [1 2 3 4 6 7 8] [1 2 3 7 12 16] [1 2 4 6 7 13 20] [1 2 3 4 7 8 16 20] [1 2 5] [16 24 37 45] [1 2 3 4 6 12 16] [1 2 3 4 6 7 8 12 16] [2] [1 2 3 7 8 16 20] [1 2 3 4 6 7 8 9 11 16 24] [1 2 3 4 5 6 7 8 9] [2 20] [16] [2 3 7] [2 3 4] [1 2 3 5 7 8 16] [2 3 4 6 7 8 9] [1 2 3 4 5 6 7 8 13] [1 2 3 4 6 7 12 20] [1 2 3] [] [] [] [] [] [] [] [] [] [] [] [] [] [] [] [] [] [] [] [] [] [] [] [] [] [] [] [] [] [] [] [] [] [] [] [] [] [] [] [] [] [] [] [] [] [] [] [] []
308 [] [1 2] [1 2 3 5 6 7 8] [2 3 4 7 8] [1 2 12] [2 3] [1 2 3 4 5] [1] [1 2 3 4 6 7 8] [1 2 3 7 12 16] [1 2 4 6 7 13 20] [1 2 3 4 7 8 16 20] [1 2 5] [16 24 37 45] [1 2 3 4 6 12 16] [1 2 3 4 6 7 8 12 16] [2] [1 2 3 7 8 16 20] [1 2 3 4 6 7 8 9 11 16 24] [1 2 3 4 5 6 7 8 9] [2 20] [16] [2 3 7] [2 3 4] [1 2 3 5 7 8 16] [2 3 4 6 7 8 9] [1 2 3 4 5 6 7 8 13] [1 2 3 4 6 7 12 20] [1 2 3] [] [] [] [] [] [] [] [] [] [] [] [] [] [] [] [] [] [] [] [] [] [] [] [] [] [] [] [] [] [] [] [] [] [] [] [] [] [] [] [] [] [] [] [] [] [] [] [] []
309 [] [1 2] [1 2 3 5 6 7 8] [2 3 4 7 8] [1 2 12] [2 3] [1 2 3 4 5 12 16] [1 2 3 4 5] [1] [1 2 3 4 6 7 8] [1 2 3 7 12 16] [1 2 4 6 7 13 20] [1 2 3 4 7 8 16 20] [1 2 5] [16 24 37 45] [1 2 3 4 6 12 16] [1 2 3 4 6 7 8 12 16] [2] [1 2 3 7 8 16 20] [1 2 3 4 6 7 8 9 11 16 24] [1 2 3 4 5 6 7 8 9] [2 20] [16] [2 3 7] [2 3 4] [1 2 3 5 7 8 16] [2 3 4 6 7 8 9] [1 2 3 4 5 6 7 8 13] [1 2 3 4 6 7 12 20] [1 2 3] [] [] [] [] [] [] [] [] [] [] [] [] [] [] [] [] [] [] [] [] [] [] [] [] [] [] [] [] [] [] [] [] [] [] [] [] [] [] [] [] [] [] [] [] [] [] [] []
310 [] [1 2 3 5 6 7 8] [2 3 4 7 8] [1 2 12] [1 2 3 4 5 12 16] [1 2 3 4 5] [1] [1 2 3 4 6 7 8] [1 2 3 7 12 16] [2 3] [1 2 4 6 7 13 20] [1 2 3 4 7 8 16 20] [1 2 5] [16 24 37 45] [1 2 3 4 6 12 16] [1 2 3 4 6 7 8 12 16] [2] [1 2 3 7 8 16 20] [1 2 3 4 6 7 8 9 11 16 24] [1 2 3 4 5 6 7 8 9] [1 2] [2 20] [16] [2 3 7] [2 3 4] [1 2 3 5 7 8 16] [2 3 4 6 7 8 9] [1 2 3 4 5 6 7 8 13] [1 2 3 4 6 7 12 20] [1 2 3] [] [] [] [] [] [] [] [] [] [] [] [] [] [] [] [] [] [] [] [] [] [] [] [] [] [] [] [] [] [] [] [] [] [] [] [] [] [] [] [] [] [] [] [] [] [] [] []
311 [] [1 2 3 5 6 7 8] [2 3 4 7 8] [1 2 12] [1 2 3 4 5 12 16] [1 2 3 4 5] [1] [1 2 3 4 6 7 8] [1 2 3 7 12 16] [2 3] [1 2 4 6 7 13 20] [1 2 3 4 7 8 16 20] [1 2 5] [16 24 37 45] [1 2 3 4 6 12 16] [1 2 3 4 6 7 8 12 16] [2] [1 2 3 7 8 16 20] [1 2 3 4 6 7 8 9 11 16 24] [1 2 3 4 5 6 7 8 9] [1 2] [2 20] [16] [2 3 7] [2 3 4] [1 2 3 5 7 8 16] [2 3 4 6 7 8 9] [1 2 3 4 5 6 7 8 13] [1 2 3 4 6 7 12 20] [1 2 3] [] [] [] [] [] [] [] [] [] [] [] [] [] [] [] [] [] [] [] [] [] [] [] [] [] [] [] [] [] [] [] [] [] [] [] [] [] [] [] [] [] [] [] [] [] [] [] []
312 [] [1 2 3 5 6 7 8] [2 3 4 7 8] [1 2 12] [1 2 3 4 5 12 16] [1 2 3 4 5] [1] [1 2 3 4 6 7 8] [1 2 3 7 12 16] [2 3] [1 2 4 6 7 13 20] [1 2 3 4 7 8 16 20] [1 2 5] [16 24 37 45] [1 2 3 4 6 12 16] [1 2 3 4 6 7 8 12 16] [2] [1 2 3 7 8 16 20] [1 2 3 4 6 7 8 9 11 16 24] [1 2 3 4 5 6 7 8 9] [1 2] [2 20] [16] [2 3 7] [2 3 4] [1 2 3 5 7 8 16] [2 3 4 6 7 8 9] [1 2 3 4 5 6 7 8 13] [1 2 3 4 6 7 12 20] [1 2 3] [] [] [] [] [] [] [] [] [] [] [] [] [] [] [] [] [] [] [] [] [] [] [] [] [] [] [] [] [] [] [] [] [] [] [] [] [] [] [] [] [] [] [] [] [] [] [] []
313 [] [2 3 4 7 8] [1 2 12] [1 2 3 4 5 12 16] [1 2 3 4 5] [1] [1 2 3 4 6 7 8] [1 2 3 7 12 16] [2 3] [1 2 4 6 7 13 20] [1 2 3 4 7 8 16 20] [1 2 5] [16 24 37 45] [1 2 3 4 6 12 16] [1 2 3 4 6 7 8 12 16] [2] [1 2 3 7 8 16 20] [1 2 3 4 6 7 8 9 11 16 24] [1 2 3 4 5 6 7 8 9] [1 2] [2 20] [16] [2 3 7] [2 3 4] [1 2 3 5 7 8 16] [2 3 4 6 7 8 9] [1 2 3 4 5 6 7 8 13] [1 2 3 4 6 7 12 20] [1 2 3] [] [] [] [] [] [] [] [] [] [] [] [] [] [] [] [] [] [] [] [] [] [] [] [] [] [] [] [] [] [] [] [] [] [] [] [] [] [] [] [] [] [] [] [] [] [] [] [] []
314 [] [2 3 4 7 8] [1 2 12] [1 2 3 4 5 12 16] [1 2 3 4 5] [1] [1 2 3 4 6 7 8] [1 2 3 7 12 16] [2 3] [1 2 4 6 7 13 20] [1 2 3 4 7 8 16 20] [1 2 5] [16 24 37 45] [1 2 3 4 6 12 16] [1 2 3 4 6 7 8 12 16] [2] [1 2 3 7 8 16 20] [1 2 3 4 6 7 8 9 11 16 24] [1 2 3 4 5 6 7 8 9] [1 2] [2 20] [16] [2 3 7] [2 3 4] [1 2 3 5 7 8 16] [2 3 4 6 7 8 9] [1 2 3 4 5 6 7 8 13] [1 2 3 4 6 7 12 20] [1 2 3] [] [] [] [] [] [] [] [] [] [] [] [] [] [] [] [] [] [] [] [] [] [] [] [] [] [] [] [] [] [] [] [] [] [] [] [] [] [] [] [] [] [] [] [] [] [] [] [] []
315 [] [2 3 4 7 8] [1 2 12] [1 2 3 4 5 12 16] [1 2 3 4 5] [1] [1 2 3 4 6 7 8] [1 2 3 7 12 16] [2 3] [1 2 4 6 7 13 20] [1 2 3 4 7 8 16 20] [1 2 5] [16 24 37 45] [1 2 3 4 6 12 16] [1 2 3 4 6 7 8 12 16] [2] [1 2 3 7 8 16 20] [1 2 3 4 6 7 8 9 11 16 24] [1 2 3 4 5 6 7 8 9] [1 2] [2 20] [16] [2 3 7] [2 3 4] [1 2 3 5 7 8 16] [2 3 4 6 7 8 9] [1 2 3 4 5 6 7 8 13] [1 2 3 4 6 7 12 20] [1 2 3] [] [] [] [] [] [] [] [] [] [] [] [] [] [] [] [] [] [] [] [] [] [] [] [] [] [] [] [] [] [] [] [] [] [] [] [] [] [] [] [] [] [] [] [] [] [] [] [] []
316 [] [2 3 4 7 8] [1 2 12] [1 2 3 4 5 12 16] [1 2 3 4 5] [1] [1 2 3 4 6 7 8] [1 2 3 7 12 16] [2 3] [1 2 4 6 7 13 20] [1 2 3 4 7 8 16 20] [1 2 5] [16 24 37 45] [1 2 3 4 6 12 16] [1 2 3 4 6 7 8 12 16] [2] [1 2 3 7 8 16 20] [1 2 3 4 6 7 8 9 11 16 24] [1 2 3 4 5 6 7 8 9] [1 2] [2 20] [16] [2 3 7] [2 3 4] [1 2 3 5 7 8 16] [2 3 4 6 7 8 9] [1 2 3 4 5 6 7 8 13] [1 2 3 4 6 7 12 20] [1 2 3] [] [] [] [] [] [] [] [] [] [] [] [] [] [] [] [] [] [] [] [] [] [] [] [] [] [] [] [] [] [] [] [] [] [] [] [] [] [] [] [] [] [] [] [] [] [] [] [] []
317 [] [1 2 12] [1 2 3 4 5 12 16] [1 2 3 4 5] [1] [1 2 3 4 6 7 8] [1 2 3 7 12 16] [2 3] [1 2 4 6 7 13 20] [1 2 3 4 7 8 16 20] [1 2 5] [16 24 37 45] [1 2 3 4 6 12 16] [1 2 3 4 6 7 8 12 16] [2] [1 2 3 7 8 16 20] [1 2 3 4 6 7 8 9 11 16 24] [1 2 3 4 5 6 7 8 9] [1 2] [2 20] [16] [2 3 7] [2 3 4] [1 2 3 5 7 8 16] [2 3 4 6 7 8 9] [1 2 3 4 5 6 7 8 13] [1 2 3 4 6 7 12 20] [1 2 3] [2 3 4 7 8] [] [] [] [] [] [] [] [] [] [] [] [] [] [] [] [] [] [] [] [] [] [] [] [] [] [] [] [] [] [] [] [] [] [] [] [] [] [] [] [] [] [] [] [] [] [] [] [] []
318 [] [1 2 3 4 5 12 16] [2] [1 2 3 4 5] [1 2 12] [1] [1 2 3 4 6 7 8] [1 2 3 7 12 16] [2 3] [1 2 4 6 7 13 20] [1 2 3 4 7 8 16 20] [1 2 5] [16 24 37 45] [1 2 3 4 6 12 16] [1 2 3 4 6 7 8 12 16] [1 2 3 7 8 16 20] [1 2 3 4 6 7 8 9 11 16 24] [1 2 3 4 5 6 7 8 9] [1 2] [2 20] [16] [2 3 7] [2 3 4] [1 2 3 5 7 8 16] [2 3 4 6 7 8 9] [1 2 3 4 5 6 7 8 13] [1 2 3 4 6 7 12 20] [1 2 3] [2 3 4 7 8] [] [] [] [] [] [] [] [] [] [] [] [] [] [] [] [] [] [] [] [] [] [] [] [] [] [] [] [] [] [] [] [] [] [] [] [] [] [] [] [] [] [] [] [] [] [] [] [] []
319 [] [1 2 3 4 5] [1 2 12] [1] [1 2 3 4 6 7 8] [1 2 3 7 12 16] [2 3] [1 2 4 6 7 13 20] [1 2 3 4 7 8 16 20] [1 2 5] [16 24 37 45] [1 2 3 4 6 12 16] [1 2 3 4 6 7 8 12 16] [2] [1 2 3 7 8 16 20] [1 2 3 4 6 7 8 9 11 16 24] [1 2 3 4 5 6 7 8 9] [1 2] [2 20] [16] [2 3 7] [2 3 4] [1 2 3 5 7 8 16] [2 3 4 6 7 8 9] [1 2 3 4 5 6 7 8 13] [1 2 3 4 6 7 12 20] [1 2 3] [2 3 4 7 8] [] [] [] [] [] [] [] [] [] [] [] [] [] [] [] [] [] [] [] [] [] [] [] [] [] [] [] [] [] [] [] [] [] [] [] [] [] [] [] [] [] [] [] [] [] [] [] [] [] []
320 [] [1 2 3 4 5] [1 2 12] [1] [1 2 3 4 6 7 8] [1 2 3 7 12 16] [2 3] [1 2 4 6 7 13 20] [1 2 3 4 7 8 16 20] [1 2 5] [16 24 37 45] [1 2 3 4 6 12 16] [1 2 3 4 6 7 8 12 16] [2] [1 2 3 7 8 16 20] [1 2 3 4 6 7 8 9 11 16 24] [1 2 3 4 5 6 7 8 9] [1 2] [2 20] [16] [2 3 7] [2 3 4] [1 2 3 5 7 8 16] [2 3 4 6 7 8 9] [1 2 3 4 5 6 7 8 13] [1 2 3 4 6 7 12 20] [1 2 3] [2 3 4 7 8] [] [] [] [] [] [] [] [] [] [] [] [] [] [] [] [] [] [] [] [] [] [] [] [] [] [] [] [] [] [] [] [] [] [] [] [] [] [] [] [] [] [] [] [] [] [] [] [] [] []
321 [] [1 2 3 4 5] [1 2 12] [1] [1 2 3 4 6 7 8] [1 2 3 7 12 16] [2 3] [1 2 4 6 7 13 20] [1 2 3 4 7 8 16 20] [1 2 5] [16 24 37 45] [1 2 3 4 6 12 16] [1 2 3 4 6 7 8 12 16] [2] [1 2 3 7 8 16 20] [1 2 3 4 6 7 8 9 11 16 24] [1 2 3 4 5 6 7 8 9] [1 2] [2 20] [16] [2 3 7] [2 3 4] [1 2 3 5 7 8 16] [2 3 4 6 7 8 9] [1 2 3 4 5 6 7 8 13] [1 2 3 4 6 7 12 20] [1 2 3] [2 3 4 7 8] [] [] [] [] [] [] [] [] [] [] [] [] [] [] [] [] [] [] [] [] [] [] [] [] [] [] [] [] [] [] [] [] [] [] [] [] [] [] [] [] [] [] [] [] [] [] [] [] [] []
322 [] [1 2 3 4 5] [1 2 12] [1] [1 2 3 4 6 7 8] [1 2 3 7 12 16] [2 3] [1 2 4 6 7 13 20] [1 2 3 4 7 8 16 20] [1 2 5] [16 24 37 45] [1 2 3 4 6 12 16] [1 2 3 4 6 7 8 12 16] [2] [1 2 3 7 8 16 20] [1 2 3 4 6 7 8 9 11 16 24] [1 2 3 4 5 6 7 8 9] [1 2] [2 20] [16] [2 3 7] [2 3 4] [1 2 3 5 7 8 16] [2 3 4 6 7 8 9] [1 2 3 4 5 6 7 8 13] [1 2 3 4 6 7 12 20] [1 2 3] [2 3 4 7 8] [] [] [] [] [] [] [] [] [] [] [] [] [] [] [] [] [] [] [] [] [] [] [] [] [] [] [] [] [] [] [] [] [] [] [] [] [] [] [] [] [] [] [] [] [] [] [] [] [] []
323 [] [1 2 12] [1 2 3 4 7 8 12 16 20 24 37] [1] [1 2 3 4 6 7 8] [1 2 3 7 12 16] [2 3] [1 2 4 6 7 13 20] [1 2 3 4 7 8 16 20] [1 2 5] [16 24 37 45] [1 2 3 4 6 12 16] [1 2 3 4 6 7 8 12 16] [2] [1 2 3 7 8 16 20] [1 2 3 4 6 7 8 9 11 16 24] [1 2 3 4 5 6 7 8 9] [1 2] [2 20] [16] [2 3 7] [2 3 4] [1 2 3 5 7 8 16] [2 3 4 6 7 8 9] [1 2 3 4 5 6 7 8 13] [1 2 3 4 6 7 12 20] [1 2 3] [2 3 4 7 8] [] [] [] [] [] [] [] [] [] [] [] [] [] [] [] [] [] [] [] [] [] [] [] [] [] [] [] [] [] [] [] [] [] [] [] [] [] [] [] [] [] [] [] [] [] [] [] [] [] []
324 [] [1] [2 20] [1 2 3 4 6 7 8 9 13 16 20 23] [1 2 3 4 7] [1 2 3 4 6 7 8] [1 2 3 7 12 16] [2 3] [1 2 4 6 7 13 20] [1 2 3 4 7 8 16 20] [1 2 5] [1 2 12] [16 24 37 45] [1 2 3 4 6 12 16] [1 2 3 4 6 7 8 12 16] [2] [1 2 3 7 8 16 20] [1 2 3 4 6 7 8 9 11 16 24] [1 2 3 4 5 6 7 8 9] [1 2] [16] [2 3 7] [2 3 4] [1 2 3 5 7 8 16] [2 3 4 6 7 8 9] [1 2 3 4 5 6 7 8 13] [1 2 3 4 6 7 12 20] [1 2 3] [2 3 4 7 8] [] [] [] [] [] [] [] [] [] [] [] [] [] [] [] [] [] [] [] [] [] [] [] [] [] [] [] [] [] [] [] [] [] [] [] [] [] [] [] [] [] [] [] [] [] [] [] [] []
325 [] [1 2 3 4 7] [1 2] [1] [1 2 3 4 6 7 8] [1 2 3 4 5 7 12 16] [1 2 3 7 12 16] [2 3] [1 2 4 6 7 13 20] [1 2 3 4 7 8 16 20] [1 2 5] [1 2 12] [16 24 37 45] [1 2 3 7 8 12 16 24 37] [1 2 3 4 6 12 16] [1 2 3 4 6 7 8 12 16] [2] [1 2 3 7 8 16 20] [1 2 3 4 6 7 8 9 11 16 24] [1 2 3 4 5 6 7 8 9] [2 20] [16] [2 3 7] [2 3 4] [1 2 3 5 7 8 16] [2 3 4 6 7 8 9] [1 2 3 4 5 6 7 8 13] [1 2 3 4 6 7 12 20] [1 2 3] [2 3 4 7 8] [] [] [] [] [] [] [] [] [] [] [] [] [] [] [] [] [] [] [] [] [] [] [] [] [] [] [] [] [] [] [] [] [] [] [] [] [] [] [] [] [] [] [] [] [] [] [] []
326 [] [1 2] [1] [1 2 3 4 5 7 12 16] [1 2 3 7 12 16] [2 3] [1 2 4 6 7 13 20] [1 2 3 4 7 8 16 20] [1 2 5] [1 2 12] [1 2 3 7 8 12 16 24 37] [1 2 3 4 6 12 16] [1 2 3 4 6 7 8 12 16] [2] [1 2 3 7 8 16 20] [1 2 3 4 6 7 8 9 11 16 24] [1 2 3 4 5 6 7 8 9] [2 20] [16] [2 3 7] [2 3 4] [1 2 3 5 7 8 16] [2 3 4 6 7 8 9] [1 2 3 4 5 6 7 8 13] [1 2 3 4 6 7 12 20] [1 2 3] [2 3 4 7 8] [] [] [] [] [] [] [] [] [] [] [] [] [] [] [] [] [] [] [] [] [] [] [] [] [] [] [] [] [] [] [] [] [] [] [] [] [] [] [] [] [] [] [] [] [] [] [] [] [] [] []
327 [] [1] [1 2 3 4 5 7 12 16] [1 2 3 7 12 16] [2 3] [1 2 4 6 7 13 20] [1 2 3 4 7 8 16 20] [1 2 5] [1 2 12] [1 2 3 7 8 12 16 24 37] [1 2 3 4 6 12 16] [1 2 3 4 6 7 8 12 16] [2] [1 2 3 7 8 16 20] [1 2 3 4 6 7 8 9 11 16 24] [1 2 3 4 5 6 7 8 9] [1 2] [2 20] [16] [2 3 7] [2 3 4] [1 2 3 5 7 8 16] [2 3 4 6 7 8 9] [1 2 3 4 5 6 7 8 13] [1 2 3 4 6 7 12 20] [1 2 3] [2 3 4 7 8] [] [] [] [] [] [] [] [] [] [] [] [] [] [] [] [] [] [] [] [] [] [] [] [] [] [] [] [] [] [] [] [] [] [] [] [] [] [] [] [] [] [] [] [] [] [] [] [] [] [] []
328 [] [1 2 3 4 5 7 12 16] [1 2 3 4 6 7 8 12] [1 2 3 7 12 16] [2 3] [1 2 4 6 7 13 20] [1 2 3 4 7 8 16 20] [1 2 5] [1 2 12] [1 2 3 7 8 12 16 24 37] [1 2 3 4 6 12 16] [1 2 3 4 6 7 8 12 16] [1] [2] [1 2 3 7 8 16 20] [1 2 3 4 6 7 8 9 11 16 24] [1 2 3 4 5 6 7 8 9] [1 2] [2 20] [16] [2 3 7] [2 3 4] [1 2 3 5 7 8 16] [2 3 4 6 7 8 9] [1 2 3 4 5 6 7 8 13] [1 2 3 4 6 7 12 20] [1 2 3] [2 3 4 7 8] [] [] [] [] [] [] [] [] [] [] [] [] [] [] [] [] [] [] [] [] [] [] [] [] [] [] [] [] [] [] [] [] [] [] [] [] [] [] [] [] [] [] [] [] [] [] [] [] [] []
329 [] [1 2 3 4 6 7 8 12] [1 2 3 7 12 16] [2 3] [1 2 4 6 7 13 20] [1 2 3 4 7 8 16 20] [1 2 5] [1 2 12] [1 2 3 7 8 12 16 24 37] [1 2 3 4 6 12 16] [1 2 3 4 6 7 8 12 16] [1] [2] [1 2 3 7 8 16 20] [1 2 3 4 6 7 8 9 11 16 24] [1 2 3 4 5 6 7 8 9] [1 2] [2 20] [16] [2 3 7] [2 3 4] [1 2 3 5 7 8 16] [2 3 4 6 7 8 9] [1 2 3 4 5 6 7 8 13] [1 2 3 4 6 7 12 20] [1 2 3] [2 3 4 7 8] [] [] [] [] [] [] [] [] [] [] [] [] [] [] [] [] [] [] [] [] [] [] [] [] [] [] [] [] [] [] [] [] [] [] [] [] [] [] [] [] [] [] [] [] [] [] [] [] [] [] []
330 [] [1 2 3 4 6 7 8 12] [1 2 3 7 12 16] [2 3] [1 2 4 6 7 13 20] [1 2 3 4 7 8 16 20] [1 2 5] [1 2 12] [1 2 3 7 8 12 16 24 37] [1 2 3 4 6 12 16] [1 2 3 4 6 7 8 12 16] [1] [2] [1 2 3 7 8 16 20] [1 2 3 4 6 7 8 9 11 16 24] [1 2 3 4 5 6 7 8 9] [1 2] [2 20] [16] [2 3 7] [2 3 4] [1 2 3 5 7 8 16] [2 3 4 6 7 8 9] [1 2 3 4 5 6 7 8 13] [1 2 3 4 6 7 12 20] [1 2 3] [2 3 4 7 8] [] [] [] [] [] [] [] [] [] [] [] [] [] [] [] [] [] [] [] [] [] [] [] [] [] [] [] [] [] [] [] [] [] [] [] [] [] [] [] [] [] [] [] [] [] [] [] [] [] [] []
331 [] [1 2 3 4 6 7 8 12] [1 2 3 7] [1 2 3 7 12 16] [2 3] [1 2 4 6 7 13 20] [1 2 3 4 7 8 16 20] [1 2 5] [1 2 12] [1 2 3 7 8 12 16 24 37] [1 2 3 4 6 12 16] [1 2 3 4 6 7 8 12 16] [1] [2] [1 2 3 7 8 16 20] [1 2 3 4 6 7 8 9 11 16 24] [1 2 3 4 5 6 7 8 9] [1 2] [2 20] [16] [2 3 7] [2 3 4] [1 2 3 5 7 8 16] [2 3 4 6 7 8 9] [1 2 3 4 5 6 7 8 13] [1 2 3 4 6 7 12 20] [1 2 3] [2 3 4 7 8] [] [] [] [] [] [] [] [] [] [] [] [] [] [] [] [] [] [] [] [] [] [] [] [] [] [] [] [] [] [] [] [] [] [] [] [] [] [] [] [] [] [] [] [] [] [] [] [] [] []
332 [] [1 2 3 7] [1 2 3 7 12 16] [2 3] [1 2 4 6 7 13 20] [1 2 3 4 7 8 16 20] [1 2 5] [1 2 12] [1 2 3 7 8 12 16 24 37] [1 2 3 4 6 12 16] [1 2 3 4 6 7 8 12 16] [1] [2] [1 2 3 7 8 16 20] [1 2 3 4 6 7 8 9 11 16 24] [1 2 3 4 5 6 7 8 9] [1 2] [2 20] [16] [2 3 7] [2 3 4] [1 2 3 5 7 8 16] [2 3 4 6 7 8 9] [1 2 3 4 5 6 7 8 13] [1 2 3 4 6 7 12 20] [1 2 3] [2 3 4 7 8] [] [] [] [] [] [] [] [] [] [] [] [] [] [] [] [] [] [] [] [] [] [] [] [] [] [] [] [] [] [] [] [] [] [] [] [] [] [] [] [] [] [] [] [] [] [] [] [] [] [] []
333 [] [1 2 3 7] [2 20] [1 2 3 7 12 16] [2 3] [1 2 4 6 7 13 20] [1 2 3 4 7 8 16 20] [1 2 5] [1 2 12] [1 2 3 7 8 12 16 24 37] [1 2 3 4 6 12 16] [1 2 3 4 6 7 8 12 16] [1] [2] [1 2 3 7 8 16 20] [1 2 3 4 6 7 8 9 11 16 24] [1 2 3 4 5 6 7 8 9] [1 2] [16] [2 3 7] [2 3 4] [1 2 3 5 7 8 16] [2 3 4 6 7 8 9] [1 2 3 4 5 6 7 8 13] [1 2 3 4 6 7 12 20] [1 2 3] [2 3 4 7 8] [] [] [] [] [] [] [] [] [] [] [] [] [] [] [] [] [] [] [] [] [] [] [] [] [] [] [] [] [] [] [] [] [] [] [] [] [] [] [] [] [] [] [] [] [] [] [] [] [] [] []
334 [] [2 20] [1 2 3 5 6 7 16] [16] [1 2 3 7 12 16] [2 3] [1 2 4 6 7 13 20] [1 2 3 4 7 8 16 20] [1 2 5] [1 2 12] [1 2 3 7 8 12 16 24 37] [1 2 3 4 6 12 16] [1 2 3 4 6 7 8 12 16] [1] [2] [1 2 3 7 8 16 20] [1 2 3 4 6 7 8 9 11 16 24] [1 2 3 4 5 6 7 8 9] [1 2] [2 3 7] [2 3 4] [1 2 3 5 7 8 16] [2 3 4 6 7 8 9] [1 2 3 4 5 6 7 8 13] [1 2 3 4 6 7 12 20] [1 2 3] [2 3 4 7 8] [] [] [] [] [] [] [] [] [] [] [] [] [] [] [] [] [] [] [] [] [] [] [] [] [] [] [] [] [] [] [] [] [] [] [] [] [] [] [] [] [] [] [] [] [] [] [] [] [] [] []
335 [] [16] [1] [1 2 3 7 12 16] [2 3] [1 2 4 6 7 13 20] [1 2 3 4 7 8 16 20] [1 2 5] [1 2 12] [1 2 3 7 8 12 16 24 37] [1 2 3 4 6 7 8 12 16] [2] [1 2 3 7 8 16 20] [1 2 3 4 6 7 8 9 11 16 24] [1 2 3 4 5 6 7 8 9] [1 2] [2 20] [2 3 7] [2 3 4] [1 2 3 5 7 8 16] [2 3 4 6 7 8 9] [1 2 3 4 5 6 7 8 13] [1 2 3 4 6 7 12 20] [1 2 3] [2 3 4 7 8] [] [] [] [] [] [] [] [] [] [] [] [] [] [] [] [] [] [] [] [] [] [] [] [] [] [] [] [] [] [] [] [] [] [] [] [] [] [] [] [] [] [] [] [] [] [] [] [] [] [] [] [] []
336 [] [1] [2] [1 2 3 7 12 16] [1 2 4 6 7 13 20] [1 2 3 4 7 8 16 20] [1 2 5] [1 2 12] [1 2 3 7 8 12 16 24 37] [1 2 3 4 6 7 8 12 16] [1 2 3 7 8 16 20] [1 2 3 4 6 7 8 9 11 16 24] [1 2 3 4 5 6 7 8 9] [1 2] [2 20] [16] [2 3 7] [2 3 4] [1 2 3 5 7 8 16] [2 3 4 6 7 8 9] [1 2 3 4 5 6 7 8 13] [1 2 3 4 6 7 12 20] [1 2 3] [2 3 4 7 8] [] [] [] [] [] [] [] [] [] [] [] [] [] [] [] [] [] [] [] [] [] [] [] [] [] [] [] [] [] [] [] [] [] [] [] [] [] [] [] [] [] [] [] [] [] [] [] [] [] [] [] [] [] []
337 [] [2] [1 2 3 7 12 16] [1 2 4 6 7 13 20] [1 2 3 4 7 8 16 20] [1 2 5] [1 16 24 37] [1 2 12] [1 2 3 7 8 12 16 24 37] [1 2 3 4 6 7 8 12 16] [1] [1 2 3 7 8 16 20] [1 2 3 4 6 7 8 9 11 16 24] [1 2 3 4 5 6 7 8 9] [1 2] [2 20] [16] [2 3 7] [2 3 4] [1 2 3 5 7 8 16] [2 3 4 6 7 8 9] [1 2 3 4 5 6 7 8 13] [1 2 3 4 6 7 12 20] [1 2 3] [2 3 4 7 8] [] [] [] [] [] [] [] [] [] [] [] [] [] [] [] [] [] [] [] [] [] [] [] [] [] [] [] [] [] [] [] [] [] [] [] [] [] [] [] [] [] [] [] [] [] [] [] [] [] [] [] [] []
338 [] [1 2 3 7 12 16] [16] [1 2 4 6 7 13 20] [1 2 3 4 7 8 16 20] [1 16 24 37] [1 2 12] [1 2 3 7 8 12 16 24 37] [1 2 3 4 6 7 8 12 16] [1] [2] [1 2 3 7 8 16 20] [1 2 3 4 6 7 8 9 11 16 24] [1 2 3 4 5 6 7 8 9] [1 2] [2 20] [2 3 7] [2 3 4] [1 2 3 5 7 8 16] [2 3 4 6 7 8 9] [1 2 3 4 5 6 7 8 13] [1 2 3 4 6 7 12 20] [1 2 3] [2 3 4 7 8] [] [] [] [] [] [] [] [] [] [] [] [] [] [] [] [] [] [] [] [] [] [] [] [] [] [] [] [] [] [] [] [] [] [] [] [] [] [] [] [] [] [] [] [] [] [] [] [] [] [] [] [] [] []
339 [] [16] [1 2 4 6 7 13 20] [1 2 3 4 7 8 16 20] [1 16 24 37] [1 2 12] [1 2 3 7 8 12 16 24 37] [1 2 3 4 6 7 8 12 16] [1] [2] [1 2 3 7 8 16 20] [1 2 3 4 6 7 8 9 11 16 24] [1 2 3 4 5 6 7 8 9] [1 2] [2 20] [2 3 7] [2 3 4] [1 2 3 5 7 8 16] [2 3 4 6 7 8 9] [1 2 3 4 5 6 7 8 13] [1 2 3 4 6 7 12 20] [1 2 3] [2 3 4 7 8] [] [] [] [] [] [] [] [] [] [] [] [] [] [] [] [] [] [] [] [] [] [] [] [] [] [] [] [] [] [] [] [] [] [] [] [] [] [] [] [] [] [] [] [] [] [] [] [] [] [] [] [] [] [] []
340 [] [1 2 4 6 7 13 20] [1 2 3 4 7 8 16 20] [1 2 12] [1 2 3 7 8 12 16 24 37] [1 2 3 4 6 7 8 12 16] [1] [2] [1 2 3 7 8 16 20] [1 2 3 4 6 7 8 9 11 16 24] [1 2 3 4 5 6 7 8 9] [1 2] [2 20] [16] [2 3 7] [2 3 4] [1 2 3 5 7 8 16] [2 3 4 6 7 8 9] [1 2 3 4 5 6 7 8 13] [1 2 3 4 6 7 12 20] [1 2 3] [2 3 4 7 8] [] [] [] [] [] [] [] [] [] [] [] [] [] [] [] [] [] [] [] [] [] [] [] [] [] [] [] [] [] [] [] [] [] [] [] [] [] [] [] [] [] [] [] [] [] [] [] [] [] [] [] [] [] [] [] []
341 [] [1 2 4 6 7 13 20] [1 2 3 4 7 8 16 20] [1 2 12] [1 2 3 7 8 12 16 24 37] [1 2 3 4 6 7 8 12 16] [1] [2] [1 2 3 7 8 16 20] [1 2 3 4 6 7 8 9 11 16 24] [1 2 3 4 5 6 7 8 9] [1 2] [2 20] [16] [2 3 7] [2 3 4] [1 2 3 5 7 8 16] [2 3 4 6 7 8 9] [1 2 3 4 5 6 7 8 13] [1 2 3 4 6 7 12 20] [1 2 3] [2 3 4 7 8] [] [] [] [] [] [] [] [] [] [] [] [] [] [] [] [] [] [] [] [] [] [] [] [] [] [] [] [] [] [] [] [] [] [] [] [] [] [] [] [] [] [] [] [] [] [] [] [] [] [] [] [] [] [] [] []
342 [] [1 2 4 6 7 13 20] [1 2 3 4 7 8 16 20] [1 2 12] [1 2 3 7 8 12 16 24 37] [1 2 3 4 6 7 8 12 16] [1] [2] [1 2 3 7 8 16 20] [1 2 3 4 6 7 8 9 11 16 24] [1 2 3 4 5 6 7 8 9] [1 2] [2 20] [16] [2 3 7] [2 3 4] [1 2 3 5 7 8 16] [2 3 4 6 7 8 9] [1 2 3 4 5 6 7 8 13] [1 2 3 4 6 7 12 20] [1 2 3] [2 3 4 7 8] [] [] [] [] [] [] [] [] [] [] [] [] [] [] [] [] [] [] [] [] [] [] [] [] [] [] [] [] [] [] [] [] [] [] [] [] [] [] [] [] [] [] [] [] [] [] [] [] [] [] [] [] [] [] [] []
343 [] [1 2 4 6 7 13 20] [1 2 3 4 7 8 16 20] [1 2 12] [1 2 3 7 8 12 16 24 37] [1 2 3 4 6 7 8 12 16] [1] [2] [1 2 3 7 8 16 20] [1 2 3 4 6 7 8 9 11 16 24] [1 2 3 4 5 6 7 8 9] [1 2] [2 20] [16] [2 3 7] [2 3 4] [1 2 3 5 7 8 16] [2 3 4 6 7 8 9] [1 2 3 4 5 6 7 8 13] [1 2 3 4 6 7 12 20] [1 2 3] [2 3 4 7 8] [] [] [] [] [] [] [] [] [] [] [] [] [] [] [] [] [] [] [] [] [] [] [] [] [] [] [] [] [] [] [] [] [] [] [] [] [] [] [] [] [] [] [] [] [] [] [] [] [] [] [] [] [] [] [] []
344 [] [1 2 4 6 7 13 20] [1 2 3 4 7 8 16 20] [1 2 12] [1 2 3 7 8 12 16 24 37] [1 2 3 4 6 7 8 12 16] [1] [2] [1 2 3 7 8 16 20] [1 2 3 4 6 7 8 9 11 16 24] [1 2 3 4 5 6 7 8 9] [1 2] [2 20] [16] [2 3 7] [2 3 4] [1 2 3 5 7 8 16] [2 3 4 6 7 8 9] [1 2 3 4 5 6 7 8 13] [1 2 3 4 6 7 12 20] [1 2 3] [2 3 4 7 8] [] [] [] [] [] [] [] [] [] [] [] [] [] [] [] [] [] [] [] [] [] [] [] [] [] [] [] [] [] [] [] [] [] [] [] [] [] [] [] [] [] [] [] [] [] [] [] [] [] [] [] [] [] [] [] []
345 [] [1 2 3 4 7 8 16 20] [1 2 12] [1 2 3 7 8 12 16 24 37] [1 2 3 4 6 7 8 12 16] [1] [2] [1 2 3 7 8 16 20] [1 2 3 4 6 7 8 9 11 16 24] [1 2 3 4 5 6 7 8 9] [1 2] [2 20] [16] [2 3 7] [2 3 4] [1 2 3 5 7 8 16] [2 3 4 6 7 8 9] [1 2 3 4 5 6 7 8 13] [1 2 3 4 6 7 12 20] [1 2 3] [2 3 4 7 8] [] [] [] [] [] [] [] [] [] [] [] [] [] [] [] [] [] [] [] [] [] [] [] [] [] [] [] [] [] [] [] [] [] [] [] [] [] [] [] [] [] [] [] [] [] [] [] [] [] [] [] [] [] [] [] [] []
346 [] [1 2 3 4 7 8 16 20] [1 2 12] [1 2 3 7 8 12 16 24 37] [1 2 3 4 6 7 8 12 16] [1] [2] [1 2 3 7 8 16 20] [1 2 3 4 6 7 8 9 11 16 24] [1 2 3 4 5 6 7 8 9] [1 2] [2 20] [16] [2 3 7] [2 3 4] [1 2 3 5 7 8 16] [2 3 4 6 7 8 9] [1 2 3 4 5 6 7 8 13] [1 2 3 4 6 7 12 20] [1 2 3] [2 3 4 7 8] [] [] [] [] [] [] [] [] [] [] [] [] [] [] [] [] [] [] [] [] [] [] [] [] [] [] [] [] [] [] [] [] [] [] [] [] [] [] [] [] [] [] [] [] [] [] [] [] [] [] [] [] [] [] [] [] []
347 [] [1 2 3 4 7 8 16 20] [1 2 12] [1 2 3 7 8 12 16 24 37] [1 2 3 4 6 7 8 12 16] [1] [2] [1 2 3 7 8 16 20] [1 2 3 4 6 7 8 9 11 16 24] [1 2 3 4 5 6 7 8 9] [1 2] [2 20] [16] [2 3 7] [2 3 4] [1 2 3 5 7 8 16] [2 3 4 6 7 8 9] [1 2 3 4 5 6 7 8 13] [1 2 3 4 6 7 12 20] [1 2 3] [2 3 4 7 8] [] [] [] [] [] [] [] [] [] [] [] [] [] [] [] [] [] [] [] [] [] [] [] [] [] [] [] [] [] [] [] [] [] [] [] [] [] [] [] [] [] [] [] [] [] [] [] [] [] [] [] [] [] [] [] [] []
348 [] [1 2 3 4 7 8 16 20] [1 2 12] [1 2 3 7 8 12 16 24 37] [1 2 3 4 6 7 8 12 16] [1] [2] [1 2 3 7 8 16 20] [1 2 3 4 6 7 8 9 11 16 24] [1 2 3 4 5 6 7 8 9] [1 2] [2 20] [16] [2 3 7] [2 3 4] [1 2 3 5 7 8 16] [2 3 4 6 7 8 9] [1 2 3 4 5 6 7 8 13] [1 2 3 4 6 7 12 20] [1 2 3] [2 3 4 7 8] [] [] [] [] [] [] [] [] [] [] [] [] [] [] [] [] [] [] [] [] [] [] [] [] [] [] [] [] [] [] [] [] [] [] [] [] [] [] [] [] [] [] [] [] [] [] [] [] [] [] [] [] [] [] [] [] []
349 [] [1 2 3 4 7 8 16 20] [1 2 12] [1 2 3 7 8 12 16 24 37] [1 2 3 4 6 7 8 12 16] [1] [2] [1 2 3 7 8 16 20] [1 2 3 4 6 7 8 9 11 16 24] [1 2 3 4 5 6 7 8 9] [1 2] [2 20] [16] [2 3 7] [2 3 4] [1 2 3 5 7 8 16] [2 3 4 6 7 8 9] [1 2 3 4 5 6 7 8 13] [1 2 3 4 6 7 12 20] [1 2 3] [2 3 4 7 8] [] [] [] [] [] [] [] [] [] [] [] [] [] [] [] [] [] [] [] [] [] [] [] [] [] [] [] [] [] [] [] [] [] [] [] [] [] [] [] [] [] [] [] [] [] [] [] [] [] [] [] [] [] [] [] [] []
350 [] [1 2 12] [1 2 3 7 8 12 16 24 37] [1 2 3 4 6 7 8 12 16] [1] [2] [1 2 3 7 8 16 20] [1 2 3 4 6 7 8 9 11 16 24] [1 2 3 4 5 6 7 8 9] [1 2] [2 20] [16] [2 3 7] [2 3 4] [1 2 3 5 7 8 16] [2 3 4 6 7 8 9] [1 2 3 4 5 6 7 8 13] [1 2 3 4 6 7 12 20] [1 2 3] [2 3 4 7 8] [] [] [] [] [] [] [] [] [] [] [] [] [] [] [] [] [] [] [] [] [] [] [] [] [] [] [] [] [] [] [] [] [] [] [] [] [] [] [] [] [] [] [] [] [] [] [] [] [] [] [] [] [] [] [] [] [] []
351 [] [1 2 12] [1 2 3 7 8 12 16 24 37] [1 2 3 4 6 7 8 12 16] [1] [2] [1 2 3 7 8 16 20] [1 2 3 4 6 7 8 9 11 16 24] [1 2 3 4 5 6 7 8 9] [1 2] [2 20] [16] [2 3 7] [2 3 4] [1 2 3 5 7 8 16] [2 3 4 6 7 8 9] [1 2 3 4 5 6 7 8 13] [1 2 3 4 6 7 12 20] [1 2 3] [2 3 4 7 8] [] [] [] [] [] [] [] [] [] [] [] [] [] [] [] [] [] [] [] [] [] [] [] [] [] [] [] [] [] [] [] [] [] [] [] [] [] [] [] [] [] [] [] [] [] [] [] [] [] [] [] [] [] [] [] [] [] []
352 [] [1 2 12] [1 2 3 7 8 12 16 24 37] [1 2 3 4 6 7 8 12 16] [1] [2] [1 2 3 7 8 16 20] [1 2 3 4 6 7 8 9 11 16 24] [1 2 3 4 5 6 7 8 9] [1 2] [2 20] [16] [2 3 7] [2 3 4] [1 2 3 5 7 8 16] [2 3 4 6 7 8 9] [1 2 3 4 5 6 7 8 13] [1 2 3 4 6 7 12 20] [1 2 3] [2 3 4 7 8] [] [] [] [] [] [] [] [] [] [] [] [] [] [] [] [] [] [] [] [] [] [] [] [] [] [] [] [] [] [] [] [] [] [] [] [] [] [] [] [] [] [] [] [] [] [] [] [] [] [] [] [] [] [] [] [] [] []
353 [] [1 2 12] [1 2 3 7 8 12 16 24 37] [1 2 3 4 6 7 8 12 16] [1] [2] [1 2 3 7 8 16 20] [1 2 3 4 6 7 8 9 11 16 24] [1 2 3 4 5 6 7 8 9] [1 2] [2 20] [16] [2 3 7] [2 3 4] [1 2 3 5 7 8 16] [2 3 4 6 7 8 9] [1 2 3 4 5 6 7 8 13] [1 2 3 4 6 7 12 20] [1 2 3] [2 3 4 7 8] [] [] [] [] [] [] [] [] [] [] [] [] [] [] [] [] [] [] [] [] [] [] [] [] [] [] [] [] [] [] [] [] [] [] [] [] [] [] [] [] [] [] [] [] [] [] [] [] [] [] [] [] [] [] [] [] [] []
354 [] [1 2 12] [1 2 3 7 8 12 16 24 37] [1 2 3 4 6 7 8 12 16] [1] [2] [1 2 3 7 8 16 20] [1 2 3 4 6 7 8 9 11 16 24] [1 2 3 4 5 6 7 8 9] [1 2] [2 20] [16] [2 3 7] [2 3 4] [1 2 3 5 7 8 16] [2 3 4 6 7 8 9] [1 2 3 4 5 6 7 8 13] [1 2 3 4 6 7 12 20] [1 2 3] [2 3 4 7 8] [] [] [] [] [] [] [] [] [] [] [] [] [] [] [] [] [] [] [] [] [] [] [] [] [] [] [] [] [] [] [] [] [] [] [] [] [] [] [] [] [] [] [] [] [] [] [] [] [] [] [] [] [] [] [] [] [] []
355 [] [1 2 3 7 8 12 16 24 37] [2] [1 2 3 4 6 7 8 12 16] [1] [1 2 3 7 8 16 20] [1 2 3 4 6 7 8 9 11 16 24] [1 2 3 4 5 6 7 8 9] [1 2] [2 20] [16] [2 3 7] [2 3 4] [1 2 3 5 7 8 16] [2 3 4 6 7 8 9] [1 2 3 4 5 6 7 8 13] [1 2 3 4 6 7 12 20] [1 2 3] [2 3 4 7 8] [] [] [] [] [] [] [] [] [] [] [] [] [] [] [] [] [] [] [] [] [] [] [] [] [] [] [] [] [] [] [] [] [] [] [] [] [] [] [] [] [] [] [] [] [] [] [] [] [] [] [] [] [] [] [] [] [] [] []
356 [] [2] [1 2 3 4 6 7 8 12 16] [1] [1 2 3 7 8 16 20] [1 2 3 4 6 7 8 9 11 16 24] [1 2 3 4 5 6 7 8 9] [1 2] [2 20] [16] [2 3 7] [2 3 4] [1 2 3 5 7 8 16] [2 3 4 6 7 8 9] [1 2 3 4 5 6 7 8 13] [1 2 3 4 6 7 12 20] [1 2 3] [2 3 4 7 8] [] [] [] [] [] [] [] [] [] [] [] [] [] [] [] [] [] [] [] [] [] [] [] [] [] [] [] [] [] [] [] [] [] [] [] [] [] [] [] [] [] [] [] [] [] [] [] [] [] [] [] [] [] [] [] [] [] [] [] []
357 [] [2] [1 2 3 4 6 7 8 12 16] [1] [1 2 3 7 8 16 20] [1 2 3 4 6 7 8 9 11 16 24] [1 2 3 4 5 6 7 8 9] [1 2] [2 20] [16] [2 3 7] [2 3 4] [1 2 3 5 7 8 16] [2 3 4 6 7 8 9] [1 2 3 4 5 6 7 8 13] [1 2 3 4 6 7 12 20] [1 2 3] [2 3 4 7 8] [] [] [] [] [] [] [] [] [] [] [] [] [] [] [] [] [] [] [] [] [] [] [] [] [] [] [] [] [] [] [] [] [] [] [] [] [] [] [] [] [] [] [] [] [] [] [] [] [] [] [] [] [] [] [] [] [] [] [] []
358 [] [2] [1 2] [1 2 3 4 6 7 8 12 16] [1] [1 2 3 7 8 16 20] [1 2 3 4 6 7 8 9 11 16 24] [1 2 3 4 5 6 7 8 9] [2 20] [16] [2 3 7] [2 3 4] [1 2 3 5 7 8 16] [2 3 4 6 7 8 9] [1 2 3 4 5 6 7 8 13] [1 2 3 4 6 7 12 20] [1 2 3] [2 3 4 7 8] [] [] [] [] [] [] [] [] [] [] [] [] [] [] [] [] [] [] [] [] [] [] [] [] [] [] [] [] [] [] [] [] [] [] [] [] [] [] [] [] [] [] [] [] [] [] [] [] [] [] [] [] [] [] [] [] [] [] [] []
359 [] [1 2] [1 2 3 4 6 7 8 12 16] [1] [2] [1 2 3 7 8 16 20] [1 2 3 4 6 7 8 9 11 16 24] [1 2 3 4 5 6 7 8 9] [2 20] [16] [2 3 7] [2 3 4] [1 2 3 5 7 8 16] [2 3 4 6 7 8 9] [1 2 3 4 5 6 7 8 13] [1 2 3 4 6 7 12 20] [1 2 3] [2 3 4 7 8] [] [] [] [] [] [] [] [] [] [] [] [] [] [] [] [] [] [] [] [] [] [] [] [] [] [] [] [] [] [] [] [] [] [] [] [] [] [] [] [] [] [] [] [] [] [] [] [] [] [] [] [] [] [] [] [] [] [] [] []
360 [] [1 2] [1 2 3 4 6 7 8 12 16] [1] [2] [1 2 3 7 8 16 20] [1 2 3 4 6 7 8 9 11 16 24] [1 2 3 4 5 6 7 8 9] [2 20] [16] [2 3 7] [2 3 4] [1 2 3 5 7 8 16] [2 3 4 6 7 8 9] [1 2 3 4 5 6 7 8 13] [1 2 3 4 6 7 12 20] [1 2 3] [2 3 4 7 8] [] [] [] [] [] [] [] [] [] [] [] [] [] [] [] [] [] [] [] [] [] [] [] [] [] [] [] [] [] [] [] [] [] [] [] [] [] [] [] [] [] [] [] [] [] [] [] [] [] [] [] [] [] [] [] [] [] [] [] []
361 [] [1 2] [1 2 3 4 6 7 8 12 16] [1] [2] [1 2 3 7 8 16 20] [1 2 3 4 6 7 8 9 11 16 24] [1 2 3 4 5 6 7 8 9] [2 20] [16] [2 3 7] [2 3 4] [1 2 3 5 7 8 16] [2 3 4 6 7 8 9] [1 2 3 4 5 6 7 8 13] [1 2 3 4 6 7 12 20] [1 2 3] [2 3 4 7 8] [] [] [] [] [] [] [] [] [] [] [] [] [] [] [] [] [] [] [] [] [] [] [] [] [] [] [] [] [] [] [] [] [] [] [] [] [] [] [] [] [] [] [] [] [] [] [] [] [] [] [] [] [] [] [] [] [] [] [] []
362 [] [1 2] [1 2 3 4 6 7 8 12 16] [1] [2] [1 2 3 7 8 16 20] [1 2 3 4 6 7 8 9 11 16 24] [1 2 3 4 5 6 7 8 9] [2 20] [16] [2 3 7] [2 3 4] [1 2 3 5 7 8 16] [2 3 4 6 7 8 9] [1 2 3 4 5 6 7 8 13] [1 2 3 4 6 7 12 20] [1 2 3] [2 3 4 7 8] [] [] [] [] [] [] [] [] [] [] [] [] [] [] [] [] [] [] [] [] [] [] [] [] [] [] [] [] [] [] [] [] [] [] [] [] [] [] [] [] [] [] [] [] [] [] [] [] [] [] [] [] [] [] [] [] [] [] [] []
363 [] [1 2 3 4 6 7 8 12 16] [1] [2] [1 2 3 7 8 16 20] [1 2 3 4 6 7 8 9 11 16 24] [1 2 3 4 5 6 7 8 9] [1 2] [2 20] [16] [2 3 7] [2 3 4] [1 2 3 5 7 8 16] [2 3 4 6 7 8 9] [1 2 3 4 5 6 7 8 13] [1 2 3 4 6 7 12 20] [1 2 3] [2 3 4 7 8] [] [] [] [] [] [] [] [] [] [] [] [] [] [] [] [] [] [] [] [] [] [] [] [] [] [] [] [] [] [] [] [] [] [] [] [] [] [] [] [] [] [] [] [] [] [] [] [] [] [] [] [] [] [] [] [] [] [] [] []
364 [] [1 2 3 4 6 7 8 12 16] [1] [2] [1 2 3 7 8 16 20] [1 2 3 4 6 7 8 9 11 16 24] [1 2 3 4 5 6 7 8 9] [1 2] [2 20] [16] [2 3 7] [2 3 4] [1 2 3 5 7 8 16] [2 3 4 6 7 8 9] [1 2 3 4 5 6 7 8 13] [1 2 3 4 6 7 12 20] [1 2 3] [2 3 4 7 8] [] [] [] [] [] [] [] [] [] [] [] [] [] [] [] [] [] [] [] [] [] [] [] [] [] [] [] [] [] [] [] [] [] [] [] [] [] [] [] [] [] [] [] [] [] [] [] [] [] [] [] [] [] [] [] [] [] [] [] []
365 [] [1 2 3 4 6 7 8 12 16] [1] [2] [1 2 3 7 8 16 20] [1 2 3 4 6 7 8 9 11 16 24] [1 2 3 4 5 6 7 8 9] [1 2] [2 20] [16] [2 3 7] [2 3 4] [1 2 3 5 7 8 16] [2 3 4 6 7 8 9] [1 2 3 4 5 6 7 8 13] [1 2 3 4 6 7 12 20] [1 2 3] [2 3 4 7 8] [] [] [] [] [] [] [] [] [] [] [] [] [] [] [] [] [] [] [] [] [] [] [] [] [] [] [] [] [] [] [] [] [] [] [] [] [] [] [] [] [] [] [] [] [] [] [] [] [] [] [] [] [] [] [] [] [] [] [] []
366 [] [1 2 3 4 6 7 8 12 16] [1] [2] [1 2 3 7 8 16 20] [1 2 3 4 6 7 8 9 11 16 24] [1 2 3 4 5 6 7 8 9] [1 2] [2 20] [16] [2 3 7] [2 3 4] [1 2 3 5 7 8 16] [2 3 4 6 7 8 9] [1 2 3 4 5 6 7 8 13] [1 2 3 4 6 7 12 20] [1 2 3] [2 3 4 7 8] [] [] [] [] [] [] [] [] [] [] [] [] [] [] [] [] [] [] [] [] [] [] [] [] [] [] [] [] [] [] [] [] [] [] [] [] [] [] [] [] [] [] [] [] [] [] [] [] [] [] [] [] [] [] [] [] [] [] [] []
367 [] [1 2 3 4 6 7 8 12 16] [1] [2] [1 2 3 7 8 16 20] [1 2 3 4 6 7 8 9 11 16 24] [1 2 3 4 5 6 7 8 9] [1 2] [2 20] [16] [2 3 7] [2 3 4] [1 2 3 5 7 8 16] [2 3 4 6 7 8 9] [1 2 3 4 5 6 7 8 13] [1 2 3 4 6 7 12 20] [1 2 3] [2 3 4 7 8] [] [] [] [] [] [] [] [] [] [] [] [] [] [] [] [] [] [] [] [] [] [] [] [] [] [] [] [] [] [] [] [] [] [] [] [] [] [] [] [] [] [] [] [] [] [] [] [] [] [] [] [] [] [] [] [] [] [] [] []
368 [] [1] [2] [1 2 3 7 8 16 20] [1 2 3 4 6 7 8 9 11 16 24] [1 2 3 4 5 6 7 8 9] [1 2] [2 20] [16] [2 3 7] [2 3 4] [1 2 3 5 7 8 16] [2 3 4 6 7 8 9] [1 2 3 4 5 6 7 8 13] [1 2 3 4 6 7 12 20] [1 2 3] [2 3 4 7 8] [] [] [] [] [] [] [] [] [] [] [] [] [] [] [] [] [] [] [] [] [] [] [] [] [] [] [] [] [] [] [] [] [] [] [] [] [] [] [] [] [] [] [] [] [] [] [] [] [] [] [] [] [] [] [] [] [] [] [] [] []
369 [] [2] [1 2] [1 2 3 7 8 16 20] [1] [1 2 3 4 6 7 8 9 11 16 24] [1 2 3 4 5 6 7 8 9] [2 20] [16] [2 3 7] [2 3 4] [1 2 3 5 7 8 16] [2 3 4 6 7 8 9] [1 2 3 4 5 6 7 8 13] [1 2 3 4 6 7 12 20] [1 2 3] [2 3 4 7 8] [] [] [] [] [] [] [] [] [] [] [] [] [] [] [] [] [] [] [] [] [] [] [] [] [] [] [] [] [] [] [] [] [] [] [] [] [] [] [] [] [] [] [] [] [] [] [] [] [] [] [] [] [] [] [] [] [] [] [] [] []
370 [] [2] [1 2 3 7 8 16 20] [1] [1 2 3 4 6 7 8 9 11 16 24] [1 2 3 4 5 6 7 8 9] [1 2] [2 20] [16] [2 3 7] [2 3 4] [1 2 3 5 7 8 16] [2 3 4 6 7 8 9] [1 2 3 4 5 6 7 8 13] [1 2 3 4 6 7 12 20] [1 2 3] [2 3 4 7 8] [] [] [] [] [] [] [] [] [] [] [] [] [] [] [] [] [] [] [] [] [] [] [] [] [] [] [] [] [] [] [] [] [] [] [] [] [] [] [] [] [] [] [] [] [] [] [] [] [] [] [] [] [] [] [] [] [] [] [] [] []
371 [] [2] [1 2 3 7 8 16 20] [1] [1 2 3 4 6 7 8 9 11 16 24] [1 2 3 4 5 6 7 8 9] [1 2] [2 20] [16] [2 3 7] [2 3 4] [1 2 3 5 7 8 16] [2 3 4 6 7 8 9] [1 2 3 4 5 6 7 8 13] [1 2 3 4 6 7 12 20] [1 2 3] [2 3 4 7 8] [] [] [] [] [] [] [] [] [] [] [] [] [] [] [] [] [] [] [] [] [] [] [] [] [] [] [] [] [] [] [] [] [] [] [] [] [] [] [] [] [] [] [] [] [] [] [] [] [] [] [] [] [] [] [] [] [] [] [] [] []
372 [] [2] [1 2 3 7 8 16 20] [1] [1 2 3 4 6 7 8 9 11 16 24] [1 2 3 4 5 6 7 8 9] [1 2] [2 20] [16] [2 3 7] [2 3 4] [1 2 3 5 7 8 16] [2 3 4 6 7 8 9] [1 2 3 4 5 6 7 8 13] [1 2 3 4 6 7 12 20] [1 2 3] [2 3 4 7 8] [] [] [] [] [] [] [] [] [] [] [] [] [] [] [] [] [] [] [] [] [] [] [] [] [] [] [] [] [] [] [] [] [] [] [] [] [] [] [] [] [] [] [] [] [] [] [] [] [] [] [] [] [] [] [] [] [] [] [] [] []
373 [] [2] [1 2 3 7 8 16 20] [1] [1 2 3 4 6 7 8 9 11 16 24] [1 2 3 4 5 6 7 8 9] [1 2] [2 20] [16] [2 3 7] [2 3 4] [1 2 3 5 7 8 16] [2 3 4 6 7 8 9] [1 2 3 4 5 6 7 8 13] [1 2 3 4 6 7 12 20] [1 2 3] [2 3 4 7 8] [] [] [] [] [] [] [] [] [] [] [] [] [] [] [] [] [] [] [] [] [] [] [] [] [] [] [] [] [] [] [] [] [] [] [] [] [] [] [] [] [] [] [] [] [] [] [] [] [] [] [] [] [] [] [] [] [] [] [] [] []
374 [] [1 2 3 7 8 16 20] [1] [1 2 3 4 6 7 8 9 11 16 24] [1 2 3 4 5 6 7 8 9] [1 2] [2 20] [16] [2 3 7] [2 3 4] [1 2 3 5 7 8 16] [2] [2 3 4 6 7 8 9] [1 2 3 4 5 6 7 8 13] [1 2 3 4 6 7 12 20] [1 2 3] [2 3 4 7 8] [] [] [] [] [] [] [] [] [] [] [] [] [] [] [] [] [] [] [] [] [] [] [] [] [] [] [] [] [] [] [] [] [] [] [] [] [] [] [] [] [] [] [] [] [] [] [] [] [] [] [] [] [] [] [] [] [] [] [] [] []
375 [] [1] [2] [1 2 3 4 6 7 8 9 11 16 24] [1 2 3 4 5 6 7 8 9] [1 2] [16] [2 3 7] [2 3 4] [2 20] [1 2 3 5 7 8 16] [2 3 4 6 7 8 9] [1 2 3 4 5 6 7 8 13] [1 2 3 4 6 7 12 20] [1 2 3] [2 3 4 7 8] [] [] [] [] [] [] [] [] [] [] [] [] [] [] [] [] [] [] [] [] [] [] [] [] [] [] [] [] [] [] [] [] [] [] [] [] [] [] [] [] [] [] [] [] [] [] [] [] [] [] [] [] [] [] [] [] [] [] [] [] [] []
376 [] [2] [1 2 3 4 6 7 8 9 11 16 24] [1 2 3 4 5 6 7 8 9] [1 2] [16] [2 3 7] [1] [2 3 4] [2 20] [1 2 3 5 7 8 16] [2 3 4 6 7 8 9] [1 2 3 4 5 6 7 8 13] [1 2 3 4 6 7 12 20] [1 2 3] [2 3 4 7 8] [] [] [] [] [] [] [] [] [] [] [] [] [] [] [] [] [] [] [] [] [] [] [] [] [] [] [] [] [] [] [] [] [] [] [] [] [] [] [] [] [] [] [] [] [] [] [] [] [] [] [] [] [] [] [] [] [] [] [] [] [] []
377 [] [2] [2 3 4 7 8 9 12] [1 2 3 4 6 7 8 9 11 16 24] [1 2 3 4 5 6 7 8 9] [1 2] [16] [2 3 7] [1] [2 3 4] [2 20] [1 2 3 5 7 8 16] [2 3 4 6 7 8 9] [1 2 3 4 5 6 7 8 13] [1 2 3 4 6 7 12 20] [1 2 3] [2 3 4 7 8] [] [] [] [] [] [] [] [] [] [] [] [] [] [] [] [] [] [] [] [] [] [] [] [] [] [] [] [] [] [] [] [] [] [] [] [] [] [] [] [] [] [] [] [] [] [] [] [] [] [] [] [] [] [] [] [] [] [] [] [] []
378 [] [2 3 4 7 8 9 12] [1] [1 2 3 4 6 7 8 9 11 16 24] [1 2 3 4] [1 2 3 4 5 6 7 8 9] [1 2] [16] [2 3 7] [2 3 4] [2 20] [1 2 3 5 7 8 16] [2] [2 3 4 6 7 8 9] [1 2 3 4 5 6 7 8 13] [1 2 3 4 6 7 12 20] [1 2 3] [2 3 4 7 8] [] [] [] [] [] [] [] [] [] [] [] [] [] [] [] [] [] [] [] [] [] [] [] [] [] [] [] [] [] [] [] [] [] [] [] [] [] [] [] [] [] [] [] [] [] [] [] [] [] [] [] [] [] [] [] [] [] [] [] []
379 [] [1] [1 2 3 5 12] [1 2 3 4] [1 2 3 4 5 6 7 8 9] [1 2] [16] [2 3 7] [2 3 4] [2 20] [1 2 3 5 7 8 16] [2] [2 3 4 6 7 8 9] [1 2 3 4 5 6 7 8 13] [1 2 3 4 6 7 12 20] [1 2 3] [2 3 4 7 8] [] [] [] [] [] [] [] [] [] [] [] [] [] [] [] [] [] [] [] [] [] [] [] [] [] [] [] [] [] [] [] [] [] [] [] [] [] [] [] [] [] [] [] [] [] [] [] [] [] [] [] [] [] [] [] [] [] [] [] [] []
380 [] [1 2 3 5 12] [2] [1 2 3 4] [1 2 3 4 5 6 7 8 9] [1 2] [16] [2 3 7] [1] [2 3 4] [2 20] [1 2 3 5 7 8 16] [2 3 4 6 7 8 9] [1 2 3 4 5 6 7 8 13] [1 2 3 4 6 7 12 20] [1 2 3] [2 3 4 7 8] [] [] [] [] [] [] [] [] [] [] [] [] [] [] [] [] [] [] [] [] [] [] [] [] [] [] [] [] [] [] [] [] [] [] [] [] [] [] [] [] [] [] [] [] [] [] [] [] [] [] [] [] [] [] [] [] [] [] [] [] []
381 [] [1 2 3 4] [1 2 3 4 5 6 7 8 9] [1 2] [16] [2 3 7] [1] [2 20] [1 2 3 5 7 8 16] [2] [2 3 4 6 7 8 9] [1 2 3 4 5 6 7 8 13] [1 2 3 4 6 7 12 20] [1 2 3] [2 3 4 7 8] [] [] [] [] [] [] [] [] [] [] [] [] [] [] [] [] [] [] [] [] [] [] [] [] [] [] [] [] [] [] [] [] [] [] [] [] [] [] [] [] [] [] [] [] [] [] [] [] [] [] [] [] [] [] [] [] [] [] [] [] [] [] []
382 [] [1 2 3 4 5 6 7 8 9] [2] [1 2] [16] [2 3 7] [1] [2 20] [1 2 3 5 7 8 16] [2 3 4 6 7 8 9] [1 2 3 4 5 6 7 8 13] [1 2 3 4 6 7 12 20] [1 2 3] [2 3 4 7 8] [] [] [] [] [] [] [] [] [] [] [] [] [] [] [] [] [] [] [] [] [] [] [] [] [] [] [] [] [] [] [] [] [] [] [] [] [] [] [] [] [] [] [] [] [] [] [] [] [] [] [] [] [] [] [] [] [] [] [] [] [] [] [] []
383 [] [1 2] [16] [2 3 7] [1] [2 20] [1 2 3 5 7 8 16] [2] [2 3 4 6 7 8 9] [1 2 3 4 5 6 7 8 13] [1 2 3 4 6 7 12 20] [1 2 3] [2 3 4 7 8] [] [] [] [] [] [] [] [] [] [] [] [] [] [] [] [] [] [] [] [] [] [] [] [] [] [] [] [] [] [] [] [] [] [] [] [] [] [] [] [] [] [] [] [] [] [] [] [] [] [] [] [] [] [] [] [] [] [] [] [] [] [] [] [] []
384 [] [1 2] [2 3] [16] [2 3 7] [1] [2 20] [1 2 3 5 7 8 16] [2] [2 3 4 6 7 8 9] [1 2 3 4 5 6 7 8 13] [1 2 3 4 6 7 12 20] [1 2 3] [2 3 4 7 8] [] [] [] [] [] [] [] [] [] [] [] [] [] [] [] [] [] [] [] [] [] [] [] [] [] [] [] [] [] [] [] [] [] [] [] [] [] [] [] [] [] [] [] [] [] [] [] [] [] [] [] [] [] [] [] [] [] [] [] [] [] [] [] []
385 [] [2 3] [16] [2 3 7] [1] [2 20] [1 2 3 5 7 8 16] [2] [2 3 4 6 7 8 9] [1 2 3 4 5 6 7 8 13] [1 2 3 4 6 7 12 20] [1 2 3] [2 3 4 7 8] [] [] [] [] [] [] [] [] [] [] [] [] [] [] [] [] [] [] [] [] [] [] [] [] [] [] [] [] [] [] [] [] [] [] [] [] [] [] [] [] [] [] [] [] [] [] [] [] [] [] [] [] [] [] [] [] [] [] [] [] [] [] [] [] []
386 [] [16] [1] [2 3 7] [2 20] [1 2 3 5 7 8 16] [2] [2 3 4 6 7 8 9] [1 2 3 4 5 6 7 8 13] [1 2 3 4 6 7 12 20] [1 2 3] [2 3 4 7 8] [] [] [] [] [] [] [] [] [] [] [] [] [] [] [] [] [] [] [] [] [] [] [] [] [] [] [] [] [] [] [] [] [] [] [] [] [] [] [] [] [] [] [] [] [] [] [] [] [] [] [] [] [] [] [] [] [] [] [] [] [] [] [] [] [] []
387 [] [2 3 7] [1] [2 20] [1 2 3 5 7 8 16] [2] [2 3 4 6 7 8 9] [1 2 3 4 5 6 7 8 13] [1 2 3 4 6 7 12 20] [1 2 3] [2 3 4 7 8] [] [] [] [] [] [] [] [] [] [] [] [] [] [] [] [] [] [] [] [] [] [] [] [] [] [] [] [] [] [] [] [] [] [] [] [] [] [] [] [] [] [] [] [] [] [] [] [] [] [] [] [] [] [] [] [] [] [] [] [] [] [] [] [] [] [] []
388 [] [1] [2 20] [1 2 3 5 7 8 16] [2] [2 3 4 6 7 8 9] [1 2 3 4 5 6 7 8 13] [1 2 3 4 6 7 12 20] [1 2 3] [2 3 4 7 8] [] [] [] [] [] [] [] [] [] [] [] [] [] [] [] [] [] [] [] [] [] [] [] [] [] [] [] [] [] [] [] [] [] [] [] [] [] [] [] [] [] [] [] [] [] [] [] [] [] [] [] [] [] [] [] [] [] [] [] [] [] [] [] [] [] [] [] []
389 [] [1] [1 2 3 4 7 8 16] [2 20] [1 2 3 5 7 8 16] [2] [2 3 4 6 7 8 9] [1 2 3 4 5 6 7 8 13] [1 2 3 4 6 7 12 20] [1 2 3] [2 3 4 7 8] [] [] [] [] [] [] [] [] [] [] [] [] [] [] [] [] [] [] [] [] [] [] [] [] [] [] [] [] [] [] [] [] [] [] [] [] [] [] [] [] [] [] [] [] [] [] [] [] [] [] [] [] [] [] [] [] [] [] [] [] [] [] [] [] [] [] []
390 [] [2 20] [1 2 3 4 7 8 16 20] [1 2 3 5 7 8 16] [2] [2 3 4 6 7 8 9] [1 2 3 4 5 6 7 8 13] [1 2 3 4 6 7 12 20] [1] [1 2 3] [2 3 4 7 8] [] [] [] [] [] [] [] [] [] [] [] [] [] [] [] [] [] [] [] [] [] [] [] [] [] [] [] [] [] [] [] [] [] [] [] [] [] [] [] [] [] [] [] [] [] [] [] [] [] [] [] [] [] [] [] [] [] [] [] [] [] [] [] [] [] [] []
391 [] [1 2 3 4 7 8 16 20] [1 2 3 5 7 8 16] [2 3 4 6 7 8 9] [1 2 3 4 5 6 7 8 13] [1 2 3 4 6 7 12 20] [1] [1 2 3] [2 3 4 7 8] [] [] [] [] [] [] [] [] [] [] [] [] [] [] [] [] [] [] [] [] [] [] [] [] [] [] [] [] [] [] [] [] [] [] [] [] [] [] [] [] [] [] [] [] [] [] [] [] [] [] [] [] [] [] [] [] [] [] [] [] [] [] [] [] [] [] [] [] []
392 [] [1 2 3 4 7 8 16 20] [1 2 3 5 7 8 16] [2 3 4 6 7 8 9] [1 2 3 4 5 6 7 8 13] [1 2 3 4 6 7 12 20] [1] [1 2 3] [2 3 4 7 8] [] [] [] [] [] [] [] [] [] [] [] [] [] [] [] [] [] [] [] [] [] [] [] [] [] [] [] [] [] [] [] [] [] [] [] [] [] [] [] [] [] [] [] [] [] [] [] [] [] [] [] [] [] [] [] [] [] [] [] [] [] [] [] [] [] [] [] [] []
393 [] [1 2 3 4 7 8 16 20] [1 2 3 5 7 8 16] [2 3 4 6 7 8 9] [1 2 3 4 5 6 7 8 13] [1 2 3 4 6 7 12 20] [1] [1 2 3] [2 3 4 7 8] [] [] [] [] [] [] [] [] [] [] [] [] [] [] [] [] [] [] [] [] [] [] [] [] [] [] [] [] [] [] [] [] [] [] [] [] [] [] [] [] [] [] [] [] [] [] [] [] [] [] [] [] [] [] [] [] [] [] [] [] [] [] [] [] [] [] [] [] []
394 [] [1 2 3 4 7 8 16 20] [1 2 3 5 7 8 16] [2 3 4 6 7 8 9] [1 2 3 4 5 6 7 8 13] [1 2 3 4 6 7 12 20] [1] [1 2 3] [2 3 4 7 8] [] [] [] [] [] [] [] [] [] [] [] [] [] [] [] [] [] [] [] [] [] [] [] [] [] [] [] [] [] [] [] [] [] [] [] [] [] [] [] [] [] [] [] [] [] [] [] [] [] [] [] [] [] [] [] [] [] [] [] [] [] [] [] [] [] [] [] [] []
395 [] [1 2 3 5 7 8 16] [2 3 4 6 7 8 9] [1 2 3 4 5 6 7 8 13] [1 2 3 4 6 7 12 20] [1] [1 2 3] [2 3 4 7 8] [] [] [] [] [] [] [] [] [] [] [] [] [] [] [] [] [] [] [] [] [] [] [] [] [] [] [] [] [] [] [] [] [] [] [] [] [] [] [] [] [] [] [] [] [] [] [] [] [] [] [] [] [] [] [] [] [] [] [] [] [] [] [] [] [] [] [] [] [] []
396 [] [1 2 3 5 7 8 16] [2 3 4 6 7 8 9] [1 2 3 4 5 6 7 8 13] [1 2 3 4 6 7 12 20] [1] [1 2 3] [2 3 4 7 8] [] [] [] [] [] [] [] [] [] [] [] [] [] [] [] [] [] [] [] [] [] [] [] [] [] [] [] [] [] [] [] [] [] [] [] [] [] [] [] [] [] [] [] [] [] [] [] [] [] [] [] [] [] [] [] [] [] [] [] [] [] [] [] [] [] [] [] [] [] []
397 [] [1 2 3 5 7 8 16] [2 3 4 6 7 8 9] [1 2 3 4 5 6 7 8 13] [1 2 3 4 6 7 12 20] [1] [1 2 3] [2 3 4 7 8] [] [] [] [] [] [] [] [] [] [] [] [] [] [] [] [] [] [] [] [] [] [] [] [] [] [] [] [] [] [] [] [] [] [] [] [] [] [] [] [] [] [] [] [] [] [] [] [] [] [] [] [] [] [] [] [] [] [] [] [] [] [] [] [] [] [] [] [] [] []
398 [] [2 3 4 6 7 8 9] [1 2 3 4 5 6 7 8 13] [1] [1 2 3 4 6 7 12 20] [1 2 3] [2 3 4 7 8] [] [] [] [] [] [] [] [] [] [] [] [] [] [] [] [] [] [] [] [] [] [] [] [] [] [] [] [] [] [] [] [] [] [] [] [] [] [] [] [] [] [] [] [] [] [] [] [] [] [] [] [] [] [] [] [] [] [] [] [] [] [] [] [] [] [] [] [] [] [] []
399 [] [1] [1 2 12] [1 2 3] [2 3 4 7 8] [] [] [] [] [] [] [] [] [] [] [] [] [] [] [] [] [] [] [] [] [] [] [] [] [] [] [] [] [] [] [] [] [] [] [] [] [] [] [] [] [] [] [] [] [] [] [] [] [] [] [] [] [] [] [] [] [] [] [] [] [] [] [] [] [] [] [] [] [] [] [] [] []
400 [] [1] [1 2 3] [2] [2 3 4 7 8] [] [] [] [] [] [] [] [] [] [] [] [] [] [] [] [] [] [] [] [] [] [] [] [] [] [] [] [] [] [] [] [] [] [] [] [] [] [] [] [] [] [] [] [] [] [] [] [] [] [] [] [] [] [] [] [] [] [] [] [] [] [] [] [] [] [] [] [] [] [] [] [] []
401 [] [2] [1 2 3 4 5 6 7 8 16] [1] [2 3 4 7 8] [] [] [] [] [] [] [] [] [] [] [] [] [] [] [] [] [] [] [] [] [] [] [] [] [] [] [] [] [] [] [] [] [] [] [] [] [] [] [] [] [] [] [] [] [] [] [] [] [] [] [] [] [] [] [] [] [] [] [] [] [] [] [] [] [] [] [] [] [] [] [] [] []
402 [] [1 2 3 4 5 6 7 8 16] [2 3 4 7 8] [1] [] [] [] [] [] [] [] [] [] [] [] [] [] [] [] [] [] [] [] [] [] [] [] [] [] [] [] [] [] [] [] [] [] [] [] [] [] [] [] [] [] [] [] [] [] [] [] [] [] [] [] [] [] [] [] [] [] [] [] [] [] [] [] [] [] [] [] [] [] [] [] [] [] []
403 [] [1] [2 3 4 7 8] [] [] [] [] [] [] [] [] [] [] [] [] [] [] [] [] [] [] [] [] [] [] [] [] [] [] [] [] [] [] [] [] [] [] [] [] [] [] [] [] [] [] [] [] [] [] [] [] [] [] [] [] [] [] [] [] [] [] [] [] [] [] [] [] [] [] [] [] [] [] [] [] [] [] []
404 [] [1] [2 3 4 7 8] [] [] [] [] [] [] [] [] [] [] [] [] [] [] [] [] [] [] [] [] [] [] [] [] [] [] [] [] [] [] [] [] [] [] [] [] [] [] [] [] [] [] [] [] [] [] [] [] [] [] [] [] [] [] [] [] [] [] [] [] [] [] [] [] [] [] [] [] [] [] [] [] [] [] []
405 [] [1] [2 3 4 7 8] [] [] [] [] [] [] [] [] [] [] [] [] [] [] [] [] [] [] [] [] [] [] [] [] [] [] [] [] [] [] [] [] [] [] [] [] [] [] [] [] [] [] [] [] [] [] [] [] [] [] [] [] [] [] [] [] [] [] [] [] [] [] [] [] [] [] [] [] [] [] [] [] [] [] []
406 [] [1] [2 3 4 7 8] [] [] [] [] [] [] [] [] [] [] [] [] [] [] [] [] [] [] [] [] [] [] [] [] [] [] [] [] [] [] [] [] [] [] [] [] [] [] [] [] [] [] [] [] [] [] [] [] [] [] [] [] [] [] [] [] [] [] [] [] [] [] [] [] [] [] [] [] [] [] [] [] [] [] []
407 [] [2 3 4 7 8] [] [] [] [] [] [] [] [] [] [] [] [] [] [] [] [] [] [] [] [] [] [] [] [] [] [] [] [] [] [] [] [] [] [] [] [] [] [] [] [] [] [] [] [] [] [] [] [] [] [] [] [] [] [] [] [] [] [] [] [] [] [] [] [] [] [] [] [] [] [] [] [] [] [] [] []
408 [] [2 3 4 7 8] [] [] [] [] [] [] [] [] [] [] [] [] [] [] [] [] [] [] [] [] [] [] [] [] [] [] [] [] [] [] [] [] [] [] [] [] [] [] [] [] [] [] [] [] [] [] [] [] [] [] [] [] [] [] [] [] [] [] [] [] [] [] [] [] [] [] [] [] [] [] [] [] [] [] [] []
409 [] [2 3 4 7 8] [] [] [] [] [] [] [] [] [] [] [] [] [] [] [] [] [] [] [] [] [] [] [] [] [] [] [] [] [] [] [] [] [] [] [] [] [] [] [] [] [] [] [] [] [] [] [] [] [] [] [] [] [] [] [] [] [] [] [] [] [] [] [] [] [] [] [] [] [] [] [] [] [] [] [] []
